# Blender 4.4.3
# www.blender.org
o Sphere_x-0-0
v 0.109695 -0.000000 0.789080
v 0.164171 -0.000000 0.734254
v 0.193652 -0.000000 0.662620
v 0.197446 -0.000000 0.623852
v 0.193652 -0.000000 0.585083
v 0.164171 -0.000000 0.513449
v 0.039183 -0.007794 0.818610
v 0.074108 -0.014741 0.807444
v 0.107587 -0.021400 0.789080
v 0.136933 -0.027238 0.764367
v 0.161016 -0.032028 0.734254
v 0.178911 -0.035588 0.699898
v 0.189931 -0.037780 0.662620
v 0.193652 -0.038520 0.623852
v 0.189931 -0.037780 0.585083
v 0.178911 -0.035588 0.547805
v 0.161016 -0.032028 0.513449
v 0.136933 -0.027238 0.483336
v 0.107587 -0.021400 0.458623
v 0.074108 -0.014741 0.440259
v 0.039183 -0.007794 0.429093
v 0.036910 -0.015289 0.818610
v 0.069808 -0.028915 0.807444
v 0.101345 -0.041979 0.789080
v 0.128988 -0.053429 0.764367
v 0.151674 -0.062825 0.734254
v 0.168531 -0.069808 0.699898
v 0.178911 -0.074108 0.662620
v 0.182417 -0.075559 0.623852
v 0.178911 -0.074108 0.585083
v 0.168531 -0.069808 0.547805
v 0.151674 -0.062825 0.513449
v 0.128988 -0.053429 0.483336
v 0.101345 -0.041979 0.458623
v 0.069808 -0.028915 0.440259
v 0.036910 -0.015289 0.429093
v 0.033218 -0.022196 0.818610
v 0.062825 -0.041979 0.807444
v 0.091208 -0.060943 0.789080
v 0.116086 -0.077566 0.764367
v 0.136503 -0.091208 0.734254
v 0.151674 -0.101345 0.699898
v 0.161016 -0.107587 0.662620
v 0.164171 -0.109695 0.623852
v 0.161016 -0.107587 0.585083
v 0.151674 -0.101345 0.547805
v 0.136503 -0.091208 0.513449
v 0.116086 -0.077566 0.483336
v 0.091208 -0.060943 0.458623
v 0.062825 -0.041979 0.440259
v 0.033218 -0.022196 0.429093
v 0.028250 -0.028250 0.818610
v 0.053429 -0.053429 0.807444
v 0.077566 -0.077566 0.789080
v 0.098723 -0.098723 0.764367
v 0.116086 -0.116086 0.734254
v 0.128988 -0.128988 0.699898
v 0.136933 -0.136933 0.662620
v 0.139616 -0.139616 0.623852
v 0.136933 -0.136933 0.585083
v 0.128988 -0.128988 0.547805
v 0.116086 -0.116086 0.513449
v 0.098723 -0.098723 0.483336
v 0.077566 -0.077566 0.458623
v 0.053429 -0.053429 0.440259
v 0.028250 -0.028250 0.429093
v 0.022196 -0.033218 0.818610
v 0.041979 -0.062825 0.807444
v 0.060943 -0.091208 0.789080
v 0.077566 -0.116086 0.764367
v 0.091208 -0.136503 0.734254
v 0.101345 -0.151674 0.699898
v 0.107587 -0.161016 0.662620
v 0.109695 -0.164171 0.623852
v 0.107587 -0.161016 0.585083
v 0.101345 -0.151674 0.547805
v 0.091208 -0.136503 0.513449
v 0.077566 -0.116086 0.483336
v 0.060943 -0.091208 0.458623
v 0.041979 -0.062825 0.440259
v 0.022196 -0.033218 0.429093
v -0.000000 -0.000000 0.823367
v 0.015289 -0.036910 0.818610
v 0.028915 -0.069808 0.807444
v 0.041979 -0.101345 0.789080
v 0.053429 -0.128988 0.764367
v 0.062825 -0.151674 0.734254
v 0.069808 -0.168531 0.699898
v 0.074108 -0.178911 0.662620
v 0.075559 -0.182417 0.623852
v 0.074108 -0.178911 0.585083
v 0.069808 -0.168531 0.547805
v 0.062825 -0.151674 0.513449
v 0.053429 -0.128988 0.483336
v 0.041979 -0.101345 0.458623
v 0.028915 -0.069808 0.440259
v 0.015289 -0.036910 0.429093
v 0.007794 -0.039183 0.818610
v 0.014741 -0.074108 0.807444
v 0.021400 -0.107587 0.789080
v 0.027238 -0.136933 0.764367
v 0.032028 -0.161016 0.734254
v 0.035588 -0.178911 0.699898
v 0.037780 -0.189931 0.662620
v 0.038520 -0.193652 0.623852
v 0.037780 -0.189931 0.585083
v 0.035588 -0.178911 0.547805
v 0.032028 -0.161016 0.513449
v 0.027238 -0.136933 0.483336
v 0.021400 -0.107587 0.458623
v 0.014741 -0.074108 0.440259
v 0.007794 -0.039183 0.429093
v -0.000000 -0.039951 0.818610
v -0.000000 -0.075559 0.807444
v -0.000000 -0.109695 0.789080
v -0.000000 -0.139616 0.764367
v -0.000000 -0.164171 0.734254
v 0.000000 -0.182417 0.699898
v -0.000000 -0.193652 0.662620
v -0.000000 -0.197446 0.623852
v -0.000000 -0.193652 0.585083
v 0.000000 -0.182417 0.547805
v -0.000000 -0.164171 0.513449
v -0.000000 -0.139616 0.483336
v -0.000000 -0.109695 0.458623
v -0.000000 -0.075559 0.440259
v -0.000000 -0.039951 0.429093
v -0.007794 -0.039183 0.818610
v -0.014741 -0.074108 0.807444
v -0.021400 -0.107587 0.789080
v -0.027238 -0.136933 0.764367
v -0.032028 -0.161016 0.734254
v -0.035588 -0.178911 0.699898
v -0.037780 -0.189931 0.662620
v -0.038520 -0.193652 0.623852
v -0.037780 -0.189931 0.585083
v -0.035588 -0.178911 0.547805
v -0.032028 -0.161016 0.513449
v -0.027238 -0.136933 0.483336
v -0.021400 -0.107587 0.458623
v -0.014741 -0.074108 0.440259
v -0.007794 -0.039183 0.429093
v -0.015289 -0.036910 0.818610
v -0.028915 -0.069808 0.807444
v -0.041979 -0.101345 0.789080
v -0.053429 -0.128988 0.764367
v -0.062825 -0.151674 0.734254
v -0.069808 -0.168531 0.699898
v -0.074108 -0.178911 0.662620
v -0.075559 -0.182416 0.623852
v -0.074108 -0.178911 0.585083
v -0.069808 -0.168531 0.547805
v -0.062825 -0.151674 0.513449
v -0.053429 -0.128988 0.483336
v -0.041979 -0.101345 0.458623
v -0.028915 -0.069808 0.440259
v -0.015289 -0.036910 0.429093
v -0.022196 -0.033218 0.818610
v -0.041979 -0.062825 0.807444
v -0.060943 -0.091208 0.789080
v -0.077566 -0.116086 0.764367
v -0.091208 -0.136503 0.734254
v -0.101345 -0.151674 0.699898
v -0.107587 -0.161016 0.662620
v -0.109695 -0.164170 0.623852
v -0.107587 -0.161016 0.585083
v -0.101345 -0.151674 0.547805
v -0.091208 -0.136503 0.513449
v -0.077566 -0.116086 0.483336
v -0.060943 -0.091208 0.458623
v -0.041979 -0.062825 0.440259
v -0.022196 -0.033218 0.429093
v -0.028250 -0.028250 0.818610
v -0.053429 -0.053429 0.807444
v -0.077566 -0.077566 0.789080
v -0.098723 -0.098723 0.764367
v -0.116086 -0.116086 0.734254
v -0.128988 -0.128988 0.699898
v -0.136933 -0.136933 0.662620
v -0.139616 -0.139616 0.623852
v -0.136933 -0.136933 0.585083
v -0.128988 -0.128988 0.547805
v -0.116086 -0.116086 0.513449
v -0.098723 -0.098723 0.483336
v -0.077566 -0.077566 0.458623
v -0.053429 -0.053429 0.440259
v -0.028250 -0.028250 0.429093
v -0.033218 -0.022196 0.818610
v -0.062825 -0.041979 0.807444
v -0.091208 -0.060943 0.789080
v -0.116086 -0.077566 0.764367
v -0.136503 -0.091208 0.734254
v -0.151674 -0.101345 0.699898
v -0.161016 -0.107587 0.662620
v -0.164171 -0.109695 0.623852
v -0.161016 -0.107587 0.585083
v -0.151674 -0.101345 0.547805
v -0.136503 -0.091208 0.513449
v -0.116086 -0.077566 0.483336
v -0.091208 -0.060943 0.458623
v -0.062825 -0.041979 0.440259
v -0.033218 -0.022196 0.429093
v -0.036910 -0.015289 0.818610
v -0.069808 -0.028915 0.807444
v -0.101345 -0.041979 0.789080
v -0.128988 -0.053429 0.764367
v -0.151674 -0.062825 0.734254
v -0.168531 -0.069808 0.699898
v -0.178911 -0.074108 0.662620
v -0.182416 -0.075559 0.623852
v -0.178911 -0.074108 0.585083
v -0.168531 -0.069808 0.547805
v -0.151674 -0.062825 0.513449
v -0.128988 -0.053429 0.483336
v -0.101345 -0.041979 0.458623
v -0.069808 -0.028915 0.440259
v -0.036910 -0.015289 0.429093
v -0.039183 -0.007794 0.818610
v -0.074108 -0.014741 0.807444
v -0.107587 -0.021400 0.789080
v -0.136933 -0.027238 0.764367
v -0.161016 -0.032028 0.734254
v -0.178911 -0.035588 0.699898
v -0.189931 -0.037780 0.662620
v -0.193652 -0.038520 0.623852
v -0.189931 -0.037780 0.585083
v -0.178911 -0.035588 0.547805
v -0.161016 -0.032028 0.513449
v -0.136933 -0.027238 0.483336
v -0.107587 -0.021400 0.458623
v -0.074108 -0.014741 0.440259
v -0.039183 -0.007794 0.429093
v -0.039951 0.000000 0.818610
v -0.075559 0.000000 0.807444
v -0.109695 0.000000 0.789080
v -0.139616 0.000000 0.764367
v -0.164171 0.000000 0.734254
v -0.182416 0.000000 0.699898
v -0.193652 0.000000 0.662620
v -0.197446 0.000000 0.623852
v -0.193652 0.000000 0.585083
v -0.182416 0.000000 0.547805
v -0.164171 0.000000 0.513449
v -0.139616 0.000000 0.483336
v -0.109695 0.000000 0.458623
v -0.075559 0.000000 0.440259
v -0.039951 0.000000 0.429093
v -0.039183 0.007794 0.818610
v -0.074108 0.014741 0.807444
v -0.107587 0.021400 0.789080
v -0.136933 0.027238 0.764367
v -0.161016 0.032028 0.734254
v -0.178911 0.035588 0.699898
v -0.189931 0.037780 0.662620
v -0.193652 0.038520 0.623852
v -0.189931 0.037780 0.585083
v -0.178911 0.035588 0.547805
v -0.161016 0.032028 0.513449
v -0.136933 0.027238 0.483336
v -0.107587 0.021400 0.458623
v -0.074108 0.014741 0.440259
v -0.039183 0.007794 0.429093
v -0.036910 0.015289 0.818610
v -0.069808 0.028915 0.807444
v -0.101345 0.041979 0.789080
v -0.128988 0.053429 0.764367
v -0.151674 0.062825 0.734254
v -0.168531 0.069808 0.699898
v -0.178911 0.074108 0.662620
v -0.182416 0.075559 0.623852
v -0.178911 0.074108 0.585083
v -0.168531 0.069808 0.547805
v -0.151674 0.062825 0.513449
v -0.128988 0.053429 0.483336
v -0.101345 0.041979 0.458623
v -0.069808 0.028915 0.440259
v -0.036910 0.015289 0.429093
v -0.033218 0.022196 0.818610
v -0.062825 0.041979 0.807444
v -0.091208 0.060943 0.789080
v -0.116086 0.077566 0.764367
v -0.136503 0.091208 0.734254
v -0.151674 0.101345 0.699898
v -0.161016 0.107587 0.662620
v -0.164170 0.109695 0.623852
v -0.161016 0.107587 0.585083
v -0.151674 0.101345 0.547805
v -0.136503 0.091208 0.513449
v -0.116086 0.077566 0.483336
v -0.091208 0.060943 0.458623
v -0.062825 0.041979 0.440259
v -0.033218 0.022196 0.429093
v -0.028250 0.028250 0.818610
v -0.053429 0.053429 0.807444
v -0.077566 0.077566 0.789080
v -0.098723 0.098723 0.764367
v -0.116086 0.116086 0.734254
v -0.128988 0.128988 0.699898
v -0.136933 0.136933 0.662620
v -0.139615 0.139616 0.623852
v -0.136933 0.136933 0.585083
v -0.128988 0.128988 0.547805
v -0.116086 0.116086 0.513449
v -0.098723 0.098723 0.483336
v -0.077566 0.077566 0.458623
v -0.053429 0.053429 0.440259
v -0.028250 0.028250 0.429093
v -0.000000 -0.000000 0.424336
v -0.022196 0.033218 0.818610
v -0.041979 0.062825 0.807444
v -0.060943 0.091208 0.789080
v -0.077566 0.116086 0.764367
v -0.091208 0.136503 0.734254
v -0.101345 0.151674 0.699898
v -0.107587 0.161016 0.662620
v -0.109695 0.164170 0.623852
v -0.107587 0.161016 0.585083
v -0.101345 0.151674 0.547805
v -0.091208 0.136503 0.513449
v -0.077566 0.116086 0.483336
v -0.060943 0.091208 0.458623
v -0.041979 0.062825 0.440259
v -0.022196 0.033218 0.429093
v -0.015289 0.036910 0.818610
v -0.028915 0.069808 0.807444
v -0.041979 0.101345 0.789080
v -0.053429 0.128988 0.764367
v -0.062825 0.151674 0.734254
v -0.069808 0.168531 0.699898
v -0.074107 0.178911 0.662620
v -0.075559 0.182416 0.623852
v -0.074107 0.178911 0.585083
v -0.069808 0.168531 0.547805
v -0.062825 0.151674 0.513449
v -0.053429 0.128988 0.483336
v -0.041979 0.101345 0.458623
v -0.028915 0.069808 0.440259
v -0.015289 0.036910 0.429093
v -0.007794 0.039183 0.818610
v -0.014741 0.074108 0.807444
v -0.021400 0.107587 0.789080
v -0.027238 0.136933 0.764367
v -0.032028 0.161016 0.734254
v -0.035588 0.178911 0.699898
v -0.037780 0.189931 0.662620
v -0.038520 0.193652 0.623852
v -0.037780 0.189931 0.585083
v -0.035588 0.178911 0.547805
v -0.032028 0.161016 0.513449
v -0.027238 0.136933 0.483336
v -0.021400 0.107587 0.458623
v -0.014741 0.074108 0.440259
v -0.007794 0.039183 0.429093
v 0.000000 0.039951 0.818610
v 0.000000 0.075559 0.807444
v 0.000000 0.109695 0.789080
v 0.000000 0.139616 0.764367
v 0.000000 0.164170 0.734254
v 0.000000 0.182416 0.699898
v 0.000000 0.193652 0.662620
v 0.000000 0.197446 0.623852
v 0.000000 0.193652 0.585083
v 0.000000 0.182416 0.547805
v 0.000000 0.164170 0.513449
v 0.000000 0.139616 0.483336
v 0.000000 0.109695 0.458623
v 0.000000 0.075559 0.440259
v 0.000000 0.039951 0.429093
v 0.007794 0.039183 0.818610
v 0.014741 0.074108 0.807444
v 0.021400 0.107587 0.789080
v 0.027238 0.136933 0.764367
v 0.032028 0.161016 0.734254
v 0.035588 0.178911 0.699898
v 0.037780 0.189931 0.662620
v 0.038520 0.193652 0.623852
v 0.037780 0.189931 0.585083
v 0.035588 0.178911 0.547805
v 0.032028 0.161016 0.513449
v 0.027238 0.136933 0.483336
v 0.021400 0.107587 0.458623
v 0.014741 0.074108 0.440259
v 0.007794 0.039183 0.429093
v 0.015289 0.036910 0.818610
v 0.028915 0.069808 0.807444
v 0.041979 0.101345 0.789080
v 0.053429 0.128988 0.764367
v 0.062825 0.151674 0.734254
v 0.069808 0.168531 0.699898
v 0.074108 0.178911 0.662620
v 0.075559 0.182416 0.623852
v 0.074108 0.178911 0.585083
v 0.069808 0.168531 0.547805
v 0.062825 0.151674 0.513449
v 0.053429 0.128988 0.483336
v 0.041979 0.101345 0.458623
v 0.028915 0.069808 0.440259
v 0.015289 0.036910 0.429093
v 0.022196 0.033218 0.818610
v 0.041979 0.062825 0.807444
v 0.060943 0.091208 0.789080
v 0.077566 0.116086 0.764367
v 0.091208 0.136503 0.734254
v 0.101345 0.151674 0.699898
v 0.107587 0.161016 0.662620
v 0.109695 0.164170 0.623852
v 0.107587 0.161016 0.585083
v 0.101345 0.151674 0.547805
v 0.091208 0.136503 0.513449
v 0.077566 0.116086 0.483336
v 0.060943 0.091208 0.458623
v 0.041979 0.062825 0.440259
v 0.022196 0.033218 0.429093
v 0.028250 0.028250 0.818610
v 0.053429 0.053429 0.807444
v 0.077566 0.077566 0.789080
v 0.098723 0.098723 0.764367
v 0.116086 0.116086 0.734254
v 0.128988 0.128988 0.699898
v 0.136933 0.136933 0.662620
v 0.139616 0.139615 0.623852
v 0.136933 0.136933 0.585083
v 0.128988 0.128988 0.547805
v 0.116086 0.116086 0.513449
v 0.098723 0.098723 0.483336
v 0.077566 0.077566 0.458623
v 0.053429 0.053429 0.440259
v 0.028250 0.028250 0.429093
v 0.033218 0.022196 0.818610
v 0.062825 0.041979 0.807444
v 0.091208 0.060943 0.789080
v 0.116086 0.077566 0.764367
v 0.136503 0.091208 0.734254
v 0.151674 0.101345 0.699898
v 0.161016 0.107587 0.662620
v 0.164170 0.109695 0.623852
v 0.161016 0.107587 0.585083
v 0.151674 0.101345 0.547805
v 0.136503 0.091208 0.513449
v 0.116086 0.077566 0.483336
v 0.091208 0.060943 0.458623
v 0.062825 0.041979 0.440259
v 0.033218 0.022196 0.429093
v 0.036910 0.015289 0.818610
v 0.069808 0.028915 0.807444
v 0.101345 0.041978 0.789080
v 0.128988 0.053429 0.764367
v 0.151674 0.062825 0.734254
v 0.168531 0.069808 0.699898
v 0.178911 0.074107 0.662620
v 0.182416 0.075559 0.623852
v 0.178911 0.074107 0.585083
v 0.168531 0.069808 0.547805
v 0.151674 0.062825 0.513449
v 0.128988 0.053429 0.483336
v 0.101345 0.041979 0.458623
v 0.069808 0.028915 0.440259
v 0.036910 0.015289 0.429093
v 0.039183 0.007794 0.818610
v 0.074108 0.014741 0.807444
v 0.107587 0.021400 0.789080
v 0.136933 0.027238 0.764367
v 0.161016 0.032028 0.734254
v 0.178911 0.035588 0.699898
v 0.189931 0.037780 0.662620
v 0.193652 0.038520 0.623852
v 0.189931 0.037780 0.585083
v 0.178911 0.035588 0.547805
v 0.161016 0.032028 0.513449
v 0.136933 0.027238 0.483336
v 0.107587 0.021400 0.458623
v 0.074108 0.014741 0.440259
v 0.039183 0.007794 0.429093
v 0.039951 -0.000000 0.818610
v 0.075559 -0.000000 0.807444
v 0.139616 -0.000000 0.764367
v 0.182416 -0.000000 0.699898
v 0.182416 -0.000000 0.547805
v 0.139616 -0.000000 0.483336
v 0.109695 -0.000000 0.458623
v 0.075559 -0.000000 0.440259
v 0.039951 -0.000000 0.429093
v 0.195309 -0.000000 0.653010
v 0.196495 -0.000000 0.643329
v 0.197208 -0.000000 0.633602
v 0.197208 -0.000000 0.614101
v 0.196495 -0.000000 0.604374
v 0.195309 -0.000000 0.594693
v 0.047646 -0.009477 0.816555
v 0.056390 -0.011217 0.813995
v 0.065261 -0.012981 0.810952
v 0.082797 -0.016469 0.803491
v 0.091287 -0.018158 0.799105
v 0.099557 -0.019803 0.794298
v 0.115358 -0.022946 0.783464
v 0.122851 -0.024437 0.777463
v 0.130049 -0.025868 0.771092
v 0.143487 -0.028541 0.757303
v 0.149695 -0.029776 0.749917
v 0.155543 -0.030939 0.742228
v 0.166101 -0.033040 0.726013
v 0.170785 -0.033971 0.717527
v 0.175059 -0.034821 0.708815
v 0.182332 -0.036268 0.690798
v 0.185313 -0.036861 0.681536
v 0.187848 -0.037365 0.672136
v 0.191556 -0.038103 0.653010
v 0.192719 -0.038334 0.643329
v 0.193419 -0.038473 0.633602
v 0.193419 -0.038473 0.614101
v 0.192719 -0.038334 0.604374
v 0.191556 -0.038103 0.594693
v 0.187848 -0.037365 0.575567
v 0.185313 -0.036861 0.566167
v 0.182332 -0.036268 0.556905
v 0.175059 -0.034821 0.538888
v 0.170785 -0.033971 0.530176
v 0.166101 -0.033040 0.521690
v 0.155543 -0.030939 0.505475
v 0.149695 -0.029776 0.497786
v 0.143487 -0.028541 0.490400
v 0.130049 -0.025868 0.476611
v 0.122851 -0.024437 0.470240
v 0.115358 -0.022946 0.464239
v 0.099557 -0.019803 0.453405
v 0.091287 -0.018158 0.448598
v 0.082797 -0.016469 0.444212
v 0.065261 -0.012981 0.436751
v 0.056390 -0.011217 0.433708
v 0.047646 -0.009477 0.431148
v 0.162393 -0.024089 0.734254
v 0.163379 -0.016091 0.734254
v 0.163972 -0.008055 0.734254
v 0.191556 -0.028415 0.662620
v 0.192719 -0.018981 0.662620
v 0.193419 -0.009502 0.662620
v 0.195309 -0.028971 0.623852
v 0.196495 -0.019353 0.623852
v 0.197208 -0.009688 0.623852
v 0.191556 -0.028415 0.585083
v 0.192719 -0.018981 0.585083
v 0.193419 -0.009502 0.585083
v 0.108508 -0.016096 0.789080
v 0.109167 -0.010752 0.789080
v 0.109563 -0.005382 0.789080
v 0.162393 -0.024089 0.513449
v 0.163379 -0.016091 0.513449
v 0.163972 -0.008055 0.513449
v 0.044881 -0.018590 0.816555
v 0.053118 -0.022002 0.813995
v 0.061475 -0.025464 0.810952
v 0.077993 -0.032306 0.803491
v 0.085990 -0.035618 0.799105
v 0.093781 -0.038845 0.794298
v 0.108665 -0.045011 0.783464
v 0.115723 -0.047934 0.777463
v 0.122503 -0.050743 0.771092
v 0.135161 -0.055986 0.757303
v 0.141009 -0.058408 0.749917
v 0.146518 -0.060690 0.742228
v 0.156464 -0.064809 0.726013
v 0.160876 -0.066637 0.717527
v 0.164902 -0.068305 0.708815
v 0.171753 -0.071142 0.690798
v 0.174561 -0.072306 0.681536
v 0.176949 -0.073295 0.672136
v 0.180442 -0.074741 0.653010
v 0.181537 -0.075195 0.643329
v 0.182196 -0.075468 0.633602
v 0.182196 -0.075468 0.614101
v 0.181537 -0.075195 0.604374
v 0.180442 -0.074741 0.594693
v 0.176949 -0.073295 0.575567
v 0.174561 -0.072306 0.566167
v 0.171753 -0.071142 0.556905
v 0.164902 -0.068305 0.538888
v 0.160876 -0.066637 0.530176
v 0.156464 -0.064809 0.521690
v 0.146518 -0.060690 0.505475
v 0.141009 -0.058408 0.497786
v 0.135161 -0.055986 0.490400
v 0.122503 -0.050743 0.476611
v 0.115723 -0.047934 0.470240
v 0.108665 -0.045011 0.464239
v 0.093781 -0.038845 0.453405
v 0.085990 -0.035618 0.448598
v 0.077993 -0.032306 0.444212
v 0.061475 -0.025464 0.436751
v 0.053118 -0.022002 0.433708
v 0.044881 -0.018590 0.431148
v 0.131454 -0.047035 0.764367
v 0.133603 -0.040528 0.764367
v 0.135431 -0.033924 0.764367
v 0.106408 -0.026654 0.789080
v 0.104971 -0.031843 0.789080
v 0.103283 -0.036955 0.789080
v 0.131454 -0.047035 0.483336
v 0.133603 -0.040528 0.483336
v 0.135431 -0.033924 0.483336
v 0.159250 -0.039890 0.513449
v 0.157101 -0.047656 0.513449
v 0.154573 -0.055307 0.513449
v 0.154573 -0.055307 0.734254
v 0.157101 -0.047656 0.734254
v 0.159250 -0.039890 0.734254
v 0.103283 -0.036955 0.458623
v 0.104971 -0.031843 0.458623
v 0.106408 -0.026654 0.458623
v 0.171753 -0.061454 0.699898
v 0.174561 -0.052953 0.699898
v 0.176949 -0.044323 0.699898
v 0.071142 -0.025455 0.440259
v 0.072306 -0.021934 0.440259
v 0.073295 -0.018359 0.440259
v 0.182332 -0.065239 0.662620
v 0.185313 -0.056214 0.662620
v 0.187848 -0.047054 0.662620
v 0.037794 -0.013499 0.429111
v 0.038578 -0.011703 0.429129
v 0.038924 -0.009773 0.429111
v 0.185904 -0.066518 0.623852
v 0.188944 -0.057315 0.623852
v 0.191529 -0.047975 0.623852
v 0.037794 -0.013499 0.818592
v 0.038578 -0.011703 0.818574
v 0.038924 -0.009773 0.818592
v 0.182332 -0.065239 0.585083
v 0.185313 -0.056214 0.585083
v 0.187848 -0.047054 0.585083
v 0.071142 -0.025455 0.807444
v 0.072306 -0.021934 0.807444
v 0.073295 -0.018359 0.807444
v 0.171753 -0.061454 0.547805
v 0.174561 -0.052953 0.547805
v 0.176949 -0.044323 0.547805
v 0.040392 -0.026989 0.816555
v 0.047805 -0.031942 0.813995
v 0.055326 -0.036968 0.810952
v 0.070192 -0.046901 0.803491
v 0.077389 -0.051710 0.799105
v 0.084400 -0.056395 0.794298
v 0.097796 -0.065345 0.783464
v 0.104148 -0.069590 0.777463
v 0.110250 -0.073667 0.771092
v 0.121642 -0.081279 0.757303
v 0.126905 -0.084795 0.749917
v 0.131863 -0.088108 0.742228
v 0.140813 -0.094089 0.726013
v 0.144785 -0.096742 0.717527
v 0.148408 -0.099163 0.708815
v 0.154573 -0.103283 0.690798
v 0.157101 -0.104971 0.681536
v 0.159250 -0.106408 0.672136
v 0.162393 -0.108508 0.653010
v 0.163379 -0.109167 0.643329
v 0.163972 -0.109563 0.633602
v 0.163972 -0.109563 0.614101
v 0.163379 -0.109167 0.604374
v 0.162393 -0.108508 0.594693
v 0.159250 -0.106408 0.575567
v 0.157101 -0.104971 0.566167
v 0.154573 -0.103283 0.556905
v 0.148408 -0.099163 0.538888
v 0.144785 -0.096742 0.530176
v 0.140813 -0.094089 0.521690
v 0.131863 -0.088108 0.505475
v 0.126905 -0.084795 0.497786
v 0.121642 -0.081279 0.490400
v 0.110250 -0.073667 0.476611
v 0.104148 -0.069590 0.470240
v 0.097796 -0.065345 0.464239
v 0.084400 -0.056395 0.453405
v 0.077389 -0.051710 0.448598
v 0.070192 -0.046901 0.444212
v 0.055326 -0.036968 0.436751
v 0.047805 -0.031942 0.433708
v 0.040392 -0.026989 0.431148
v 0.169355 -0.101507 0.623852
v 0.174131 -0.093075 0.623852
v 0.178489 -0.084419 0.623852
v 0.175059 -0.082797 0.662620
v 0.170785 -0.091287 0.662620
v 0.166101 -0.099557 0.662620
v 0.034434 -0.020613 0.818592
v 0.035554 -0.019004 0.818574
v 0.036270 -0.017179 0.818592
v 0.036270 -0.017179 0.429111
v 0.035554 -0.019004 0.429129
v 0.034434 -0.020613 0.429111
v 0.166101 -0.099557 0.585083
v 0.170785 -0.091287 0.585083
v 0.175059 -0.082797 0.585083
v 0.064809 -0.038845 0.807444
v 0.066637 -0.035618 0.807444
v 0.068305 -0.032306 0.807444
v 0.156464 -0.093781 0.547805
v 0.160876 -0.085990 0.547805
v 0.164902 -0.077993 0.547805
v 0.094089 -0.056395 0.789080
v 0.096742 -0.051710 0.789080
v 0.099163 -0.046901 0.789080
v 0.140813 -0.084400 0.513449
v 0.144785 -0.077389 0.513449
v 0.148408 -0.070192 0.513449
v 0.119752 -0.071777 0.764367
v 0.123129 -0.065814 0.764367
v 0.126211 -0.059693 0.764367
v 0.119752 -0.071777 0.483336
v 0.123129 -0.065814 0.483336
v 0.126211 -0.059693 0.483336
v 0.140813 -0.084400 0.734254
v 0.144785 -0.077389 0.734254
v 0.148408 -0.070192 0.734254
v 0.094089 -0.056395 0.458623
v 0.096742 -0.051710 0.458623
v 0.099163 -0.046901 0.458623
v 0.156464 -0.093781 0.699898
v 0.160876 -0.085990 0.699898
v 0.164902 -0.077993 0.699898
v 0.064809 -0.038845 0.440259
v 0.066637 -0.035618 0.440259
v 0.068305 -0.032306 0.440259
v 0.034351 -0.034351 0.816555
v 0.040655 -0.040655 0.813995
v 0.047051 -0.047051 0.810952
v 0.059693 -0.059693 0.803491
v 0.065814 -0.065814 0.799105
v 0.071777 -0.071777 0.794298
v 0.083169 -0.083169 0.783464
v 0.088571 -0.088571 0.777463
v 0.093760 -0.093760 0.771092
v 0.103448 -0.103448 0.757303
v 0.107924 -0.107924 0.749917
v 0.112140 -0.112140 0.742228
v 0.119752 -0.119752 0.726013
v 0.123129 -0.123129 0.717527
v 0.126211 -0.126211 0.708815
v 0.131454 -0.131454 0.690798
v 0.133603 -0.133603 0.681536
v 0.135431 -0.135431 0.672136
v 0.138104 -0.138104 0.653010
v 0.138943 -0.138943 0.643329
v 0.139447 -0.139447 0.633602
v 0.139447 -0.139447 0.614101
v 0.138943 -0.138943 0.604374
v 0.138104 -0.138104 0.594693
v 0.135431 -0.135431 0.575567
v 0.133603 -0.133603 0.566167
v 0.131454 -0.131454 0.556905
v 0.126211 -0.126211 0.538888
v 0.123129 -0.123129 0.530176
v 0.119752 -0.119752 0.521690
v 0.112140 -0.112140 0.505475
v 0.107924 -0.107924 0.497786
v 0.103448 -0.103448 0.490400
v 0.093760 -0.093760 0.476611
v 0.088571 -0.088571 0.470240
v 0.083169 -0.083169 0.464239
v 0.071777 -0.071777 0.453405
v 0.065814 -0.065814 0.448598
v 0.059693 -0.059693 0.444212
v 0.047051 -0.047051 0.436751
v 0.040655 -0.040655 0.433708
v 0.034351 -0.034351 0.431148
v 0.103448 -0.093760 0.483336
v 0.107924 -0.088571 0.483336
v 0.112140 -0.083169 0.483336
v 0.131863 -0.097796 0.513449
v 0.126905 -0.104148 0.513449
v 0.121642 -0.110250 0.513449
v 0.121642 -0.110250 0.734254
v 0.126905 -0.104148 0.734254
v 0.131863 -0.097796 0.734254
v 0.112140 -0.083169 0.764367
v 0.107924 -0.088571 0.764367
v 0.103448 -0.093760 0.764367
v 0.081279 -0.073667 0.458623
v 0.084795 -0.069590 0.458623
v 0.088108 -0.065345 0.458623
v 0.135161 -0.122503 0.699898
v 0.141009 -0.115723 0.699898
v 0.146518 -0.108665 0.699898
v 0.055986 -0.050743 0.440259
v 0.058408 -0.047934 0.440259
v 0.060690 -0.045011 0.440259
v 0.143487 -0.130049 0.662620
v 0.149695 -0.122851 0.662620
v 0.155543 -0.115358 0.662620
v 0.029751 -0.026935 0.429111
v 0.031163 -0.025575 0.429129
v 0.032222 -0.023925 0.429111
v 0.146298 -0.132597 0.623852
v 0.152627 -0.125258 0.623852
v 0.158590 -0.117618 0.623852
v 0.029751 -0.026935 0.818592
v 0.031163 -0.025575 0.818574
v 0.032222 -0.023925 0.818592
v 0.143487 -0.130049 0.585083
v 0.149695 -0.122851 0.585083
v 0.155543 -0.115358 0.585083
v 0.055986 -0.050743 0.807444
v 0.058408 -0.047934 0.807444
v 0.060690 -0.045011 0.807444
v 0.135161 -0.122503 0.547805
v 0.141009 -0.115723 0.547805
v 0.146518 -0.108665 0.547805
v 0.081279 -0.073667 0.789080
v 0.084795 -0.069590 0.789080
v 0.088108 -0.065345 0.789080
v 0.026989 -0.040392 0.816555
v 0.031942 -0.047805 0.813995
v 0.036968 -0.055326 0.810952
v 0.046901 -0.070192 0.803491
v 0.051710 -0.077389 0.799105
v 0.056395 -0.084400 0.794298
v 0.065345 -0.097796 0.783464
v 0.069590 -0.104148 0.777463
v 0.073667 -0.110250 0.771092
v 0.081279 -0.121642 0.757303
v 0.084795 -0.126905 0.749917
v 0.088108 -0.131863 0.742228
v 0.094089 -0.140813 0.726013
v 0.096742 -0.144785 0.717527
v 0.099163 -0.148408 0.708815
v 0.103283 -0.154573 0.690798
v 0.104971 -0.157101 0.681536
v 0.106408 -0.159250 0.672136
v 0.108508 -0.162393 0.653010
v 0.109167 -0.163379 0.643329
v 0.109563 -0.163972 0.633602
v 0.109563 -0.163972 0.614101
v 0.109167 -0.163379 0.604374
v 0.108508 -0.162393 0.594693
v 0.106408 -0.159250 0.575567
v 0.104971 -0.157101 0.566167
v 0.103283 -0.154573 0.556905
v 0.099163 -0.148408 0.538888
v 0.096742 -0.144785 0.530176
v 0.094089 -0.140813 0.521690
v 0.088108 -0.131863 0.505475
v 0.084795 -0.126905 0.497786
v 0.081279 -0.121642 0.490400
v 0.073667 -0.110250 0.476611
v 0.069590 -0.104148 0.470240
v 0.065345 -0.097796 0.464239
v 0.056395 -0.084400 0.453405
v 0.051710 -0.077389 0.448598
v 0.046901 -0.070192 0.444212
v 0.036968 -0.055326 0.436751
v 0.031942 -0.047805 0.433708
v 0.026989 -0.040392 0.431148
v 0.023925 -0.032222 0.818592
v 0.025575 -0.031163 0.818574
v 0.026935 -0.029751 0.818592
v 0.026935 -0.029751 0.429111
v 0.025575 -0.031163 0.429129
v 0.023925 -0.032222 0.429111
v 0.115358 -0.155543 0.585083
v 0.122851 -0.149695 0.585083
v 0.130049 -0.143487 0.585083
v 0.132597 -0.146298 0.623852
v 0.125258 -0.152627 0.623852
v 0.117618 -0.158590 0.623852
v 0.045011 -0.060690 0.807444
v 0.047934 -0.058408 0.807444
v 0.050742 -0.055986 0.807444
v 0.108665 -0.146518 0.547805
v 0.115723 -0.141009 0.547805
v 0.122503 -0.135161 0.547805
v 0.065345 -0.088108 0.789080
v 0.069590 -0.084795 0.789080
v 0.073667 -0.081279 0.789080
v 0.097796 -0.131863 0.513449
v 0.104148 -0.126905 0.513449
v 0.110250 -0.121642 0.513449
v 0.083169 -0.112140 0.764367
v 0.088571 -0.107924 0.764367
v 0.093760 -0.103448 0.764367
v 0.083169 -0.112140 0.483336
v 0.088571 -0.107924 0.483336
v 0.093760 -0.103448 0.483336
v 0.097796 -0.131863 0.734254
v 0.104148 -0.126905 0.734254
v 0.110250 -0.121642 0.734254
v 0.065345 -0.088108 0.458623
v 0.069590 -0.084795 0.458623
v 0.073667 -0.081279 0.458623
v 0.108665 -0.146518 0.699898
v 0.115723 -0.141009 0.699898
v 0.122503 -0.135161 0.699898
v 0.045011 -0.060690 0.440259
v 0.047934 -0.058408 0.440259
v 0.050742 -0.055986 0.440259
v 0.115358 -0.155543 0.662620
v 0.122851 -0.149695 0.662620
v 0.130049 -0.143487 0.662620
v 0.005774 -0.013940 0.822242
v 0.009042 -0.021829 0.821324
v 0.012130 -0.029284 0.820165
v 0.018590 -0.044881 0.816555
v 0.022002 -0.053118 0.813995
v 0.025464 -0.061475 0.810952
v 0.032306 -0.077993 0.803491
v 0.035618 -0.085990 0.799105
v 0.038845 -0.093781 0.794298
v 0.045011 -0.108665 0.783464
v 0.047934 -0.115723 0.777463
v 0.050742 -0.122503 0.771092
v 0.055986 -0.135161 0.757303
v 0.058408 -0.141009 0.749917
v 0.060690 -0.146518 0.742228
v 0.064809 -0.156464 0.726013
v 0.066637 -0.160876 0.717527
v 0.068305 -0.164902 0.708815
v 0.071142 -0.171753 0.690798
v 0.072306 -0.174561 0.681536
v 0.073295 -0.176949 0.672136
v 0.074741 -0.180442 0.653010
v 0.075195 -0.181537 0.643329
v 0.075468 -0.182196 0.633602
v 0.075468 -0.182196 0.614101
v 0.075195 -0.181537 0.604374
v 0.074741 -0.180442 0.594693
v 0.073295 -0.176949 0.575567
v 0.072306 -0.174561 0.566167
v 0.071142 -0.171753 0.556905
v 0.068305 -0.164902 0.538888
v 0.066637 -0.160876 0.530176
v 0.064809 -0.156464 0.521690
v 0.060690 -0.146518 0.505475
v 0.058408 -0.141009 0.497786
v 0.055986 -0.135161 0.490400
v 0.050742 -0.122503 0.476611
v 0.047934 -0.115723 0.470240
v 0.045011 -0.108665 0.464239
v 0.038845 -0.093781 0.453405
v 0.035618 -0.085990 0.448598
v 0.032306 -0.077993 0.444212
v 0.025464 -0.061475 0.436751
v 0.022002 -0.053118 0.433708
v 0.018590 -0.044881 0.431148
v 0.070192 -0.148408 0.734254
v 0.077389 -0.144785 0.734254
v 0.084400 -0.140813 0.734254
v 0.071777 -0.119752 0.764367
v 0.065814 -0.123129 0.764367
v 0.059693 -0.126211 0.764367
v 0.046901 -0.099163 0.458623
v 0.051710 -0.096742 0.458623
v 0.056395 -0.094089 0.458623
v 0.071777 -0.119752 0.483336
v 0.065814 -0.123129 0.483336
v 0.059693 -0.126211 0.483336
v 0.077993 -0.164902 0.699898
v 0.085990 -0.160876 0.699898
v 0.093781 -0.156464 0.699898
v 0.032306 -0.068305 0.440259
v 0.035618 -0.066637 0.440259
v 0.038845 -0.064809 0.440259
v 0.082797 -0.175059 0.662620
v 0.091287 -0.170785 0.662620
v 0.099557 -0.166101 0.662620
v 0.017179 -0.036270 0.429111
v 0.019004 -0.035554 0.429129
v 0.020613 -0.034434 0.429111
v 0.084419 -0.178489 0.623852
v 0.093075 -0.174131 0.623852
v 0.101507 -0.169355 0.623852
v 0.017179 -0.036270 0.818592
v 0.019004 -0.035554 0.818574
v 0.020613 -0.034434 0.818592
v 0.082797 -0.175059 0.585083
v 0.091287 -0.170785 0.585083
v 0.099557 -0.166101 0.585083
v 0.032306 -0.068305 0.807444
v 0.035618 -0.066637 0.807444
v 0.038845 -0.064809 0.807444
v 0.077993 -0.164902 0.547805
v 0.085990 -0.160876 0.547805
v 0.093781 -0.156464 0.547805
v 0.046901 -0.099163 0.789080
v 0.051710 -0.096742 0.789080
v 0.056395 -0.094089 0.789080
v 0.070192 -0.148408 0.513449
v 0.077389 -0.144785 0.513449
v 0.084400 -0.140813 0.513449
v 0.009477 -0.047646 0.816555
v 0.011217 -0.056390 0.813995
v 0.012981 -0.065261 0.810952
v 0.016469 -0.082797 0.803491
v 0.018158 -0.091287 0.799105
v 0.019803 -0.099557 0.794298
v 0.022946 -0.115358 0.783464
v 0.024437 -0.122851 0.777463
v 0.025868 -0.130049 0.771092
v 0.028541 -0.143487 0.757303
v 0.029776 -0.149695 0.749917
v 0.030939 -0.155543 0.742228
v 0.033039 -0.166101 0.726013
v 0.033971 -0.170785 0.717527
v 0.034821 -0.175059 0.708815
v 0.036268 -0.182332 0.690798
v 0.036861 -0.185313 0.681536
v 0.037365 -0.187848 0.672136
v 0.038103 -0.191556 0.653010
v 0.038334 -0.192719 0.643329
v 0.038473 -0.193419 0.633602
v 0.038473 -0.193419 0.614101
v 0.038334 -0.192719 0.604374
v 0.038103 -0.191556 0.594693
v 0.037365 -0.187848 0.575567
v 0.036861 -0.185313 0.566167
v 0.036268 -0.182332 0.556905
v 0.034821 -0.175059 0.538888
v 0.033971 -0.170785 0.530176
v 0.033039 -0.166101 0.521690
v 0.030939 -0.155543 0.505475
v 0.029776 -0.149695 0.497786
v 0.028541 -0.143487 0.490400
v 0.025868 -0.130049 0.476611
v 0.024437 -0.122851 0.470240
v 0.022946 -0.115358 0.464239
v 0.019803 -0.099557 0.453405
v 0.018158 -0.091287 0.448598
v 0.016469 -0.082797 0.444212
v 0.012981 -0.065261 0.436751
v 0.011217 -0.056390 0.433708
v 0.009477 -0.047646 0.431148
v 0.047054 -0.187848 0.585083
v 0.056214 -0.185313 0.585083
v 0.065239 -0.182332 0.585083
v 0.066517 -0.185904 0.623852
v 0.057315 -0.188944 0.623852
v 0.047975 -0.191529 0.623852
v 0.018359 -0.073295 0.807444
v 0.021934 -0.072306 0.807444
v 0.025455 -0.071142 0.807444
v 0.013499 -0.037794 0.818592
v 0.011703 -0.038578 0.818574
v 0.009773 -0.038924 0.818592
v 0.044323 -0.176949 0.547805
v 0.052953 -0.174561 0.547805
v 0.061454 -0.171753 0.547805
v 0.026654 -0.106408 0.789080
v 0.031843 -0.104971 0.789080
v 0.036955 -0.103283 0.789080
v 0.039890 -0.159250 0.513449
v 0.047656 -0.157101 0.513449
v 0.055307 -0.154573 0.513449
v 0.033924 -0.135431 0.764367
v 0.040528 -0.133603 0.764367
v 0.047035 -0.131454 0.764367
v 0.033924 -0.135431 0.483336
v 0.040528 -0.133603 0.483336
v 0.047035 -0.131454 0.483336
v 0.039890 -0.159250 0.734254
v 0.047656 -0.157101 0.734254
v 0.055307 -0.154573 0.734254
v 0.026654 -0.106408 0.458623
v 0.031843 -0.104971 0.458623
v 0.036955 -0.103283 0.458623
v 0.044323 -0.176949 0.699898
v 0.052953 -0.174561 0.699898
v 0.061454 -0.171753 0.699898
v 0.018359 -0.073295 0.440259
v 0.021934 -0.072306 0.440259
v 0.025455 -0.071142 0.440259
v 0.047054 -0.187848 0.662620
v 0.056214 -0.185313 0.662620
v 0.065239 -0.182332 0.662620
v 0.009773 -0.038924 0.429111
v 0.011703 -0.038578 0.429129
v 0.013499 -0.037794 0.429111
v -0.000000 -0.048579 0.816555
v -0.000000 -0.057494 0.813995
v -0.000000 -0.066540 0.810952
v -0.000000 -0.084419 0.803491
v -0.000000 -0.093075 0.799105
v -0.000000 -0.101507 0.794298
v -0.000000 -0.117618 0.783464
v -0.000000 -0.125258 0.777463
v -0.000000 -0.132597 0.771092
v -0.000000 -0.146298 0.757303
v -0.000000 -0.152627 0.749917
v -0.000000 -0.158590 0.742228
v -0.000000 -0.169355 0.726013
v -0.000000 -0.174131 0.717527
v -0.000000 -0.178489 0.708815
v -0.000000 -0.185904 0.690798
v -0.000000 -0.188944 0.681536
v -0.000000 -0.191529 0.672136
v -0.000000 -0.195309 0.653010
v -0.000000 -0.196495 0.643329
v -0.000000 -0.197208 0.633602
v -0.000000 -0.197208 0.614101
v -0.000000 -0.196495 0.604374
v -0.000000 -0.195309 0.594693
v -0.000000 -0.191529 0.575567
v -0.000000 -0.188944 0.566167
v -0.000000 -0.185904 0.556905
v -0.000000 -0.178489 0.538888
v -0.000000 -0.174131 0.530176
v -0.000000 -0.169355 0.521690
v -0.000000 -0.158590 0.505475
v -0.000000 -0.152627 0.497786
v -0.000000 -0.146298 0.490400
v -0.000000 -0.132597 0.476611
v -0.000000 -0.125258 0.470240
v -0.000000 -0.117618 0.464239
v -0.000000 -0.101507 0.453405
v -0.000000 -0.093075 0.448598
v -0.000000 -0.084419 0.444212
v -0.000000 -0.066540 0.436751
v -0.000000 -0.057494 0.433708
v -0.000000 -0.048579 0.431148
v 0.005382 -0.109563 0.458623
v 0.010752 -0.109167 0.458623
v 0.016096 -0.108508 0.458623
v 0.020486 -0.138104 0.483336
v 0.013685 -0.138943 0.483336
v 0.006851 -0.139447 0.483336
v 0.008951 -0.182196 0.699898
v 0.017880 -0.181537 0.699898
v 0.026766 -0.180442 0.699898
v 0.024089 -0.162393 0.734254
v 0.016091 -0.163379 0.734254
v 0.008055 -0.163972 0.734254
v 0.003707 -0.075468 0.440259
v 0.007406 -0.075195 0.440259
v 0.011087 -0.074741 0.440259
v 0.009502 -0.193419 0.662620
v 0.018981 -0.192719 0.662620
v 0.028415 -0.191556 0.662620
v 0.001991 -0.040083 0.429111
v 0.003951 -0.040120 0.429129
v 0.005867 -0.039701 0.429111
v 0.009688 -0.197208 0.623852
v 0.019353 -0.196495 0.623852
v 0.028971 -0.195309 0.623852
v 0.001991 -0.040083 0.818592
v 0.003951 -0.040120 0.818574
v 0.005867 -0.039701 0.818592
v 0.009502 -0.193419 0.585083
v 0.018981 -0.192719 0.585083
v 0.028415 -0.191556 0.585083
v 0.003707 -0.075468 0.807444
v 0.007406 -0.075195 0.807444
v 0.011087 -0.074741 0.807444
v 0.008951 -0.182196 0.547805
v 0.017880 -0.181537 0.547805
v 0.026766 -0.180442 0.547805
v 0.005382 -0.109563 0.789080
v 0.010752 -0.109167 0.789080
v 0.016096 -0.108508 0.789080
v 0.008055 -0.163972 0.513449
v 0.016091 -0.163379 0.513449
v 0.024089 -0.162393 0.513449
v 0.006851 -0.139447 0.764367
v 0.013685 -0.138943 0.764367
v 0.020486 -0.138104 0.764367
v -0.009477 -0.047646 0.816555
v -0.011217 -0.056390 0.813995
v -0.012981 -0.065261 0.810952
v -0.016469 -0.082797 0.803491
v -0.018158 -0.091287 0.799105
v -0.019803 -0.099557 0.794298
v -0.022946 -0.115358 0.783464
v -0.024437 -0.122851 0.777463
v -0.025868 -0.130049 0.771092
v -0.028541 -0.143487 0.757303
v -0.029776 -0.149695 0.749917
v -0.030939 -0.155543 0.742228
v -0.033040 -0.166101 0.726013
v -0.033971 -0.170785 0.717527
v -0.034821 -0.175059 0.708815
v -0.036268 -0.182332 0.690798
v -0.036861 -0.185313 0.681536
v -0.037365 -0.187848 0.672136
v -0.038103 -0.191556 0.653010
v -0.038334 -0.192719 0.643329
v -0.038473 -0.193419 0.633602
v -0.038473 -0.193419 0.614101
v -0.038334 -0.192719 0.604374
v -0.038103 -0.191556 0.594693
v -0.037365 -0.187848 0.575567
v -0.036861 -0.185313 0.566167
v -0.036268 -0.182332 0.556905
v -0.034821 -0.175059 0.538888
v -0.033971 -0.170785 0.530176
v -0.033040 -0.166101 0.521690
v -0.030939 -0.155543 0.505475
v -0.029776 -0.149695 0.497786
v -0.028541 -0.143487 0.490400
v -0.025868 -0.130049 0.476611
v -0.024437 -0.122851 0.470240
v -0.022946 -0.115358 0.464239
v -0.019803 -0.099557 0.453405
v -0.018158 -0.091287 0.448598
v -0.016469 -0.082797 0.444212
v -0.012981 -0.065261 0.436751
v -0.011217 -0.056390 0.433708
v -0.009477 -0.047646 0.431148
v -0.026766 -0.180442 0.547805
v -0.017880 -0.181537 0.547805
v -0.008951 -0.182196 0.547805
v -0.009502 -0.193419 0.585083
v -0.018981 -0.192719 0.585083
v -0.028415 -0.191556 0.585083
v -0.016096 -0.108508 0.789080
v -0.010752 -0.109167 0.789080
v -0.005382 -0.109563 0.789080
v -0.003708 -0.075468 0.807444
v -0.007406 -0.075195 0.807444
v -0.011087 -0.074741 0.807444
v -0.024089 -0.162393 0.513449
v -0.016091 -0.163379 0.513449
v -0.008055 -0.163972 0.513449
v -0.020486 -0.138104 0.764367
v -0.013685 -0.138943 0.764367
v -0.006851 -0.139447 0.764367
v -0.020486 -0.138104 0.483336
v -0.013685 -0.138943 0.483336
v -0.006851 -0.139447 0.483336
v -0.024089 -0.162393 0.734254
v -0.016091 -0.163379 0.734254
v -0.008055 -0.163972 0.734254
v -0.016096 -0.108508 0.458623
v -0.010752 -0.109167 0.458623
v -0.005382 -0.109563 0.458623
v -0.026766 -0.180442 0.699898
v -0.017880 -0.181537 0.699898
v -0.008951 -0.182196 0.699898
v -0.011087 -0.074741 0.440259
v -0.007406 -0.075195 0.440259
v -0.003708 -0.075468 0.440259
v -0.028415 -0.191556 0.662620
v -0.018981 -0.192719 0.662620
v -0.009502 -0.193419 0.662620
v -0.005867 -0.039701 0.429111
v -0.003951 -0.040120 0.429129
v -0.001991 -0.040083 0.429111
v -0.028971 -0.195309 0.623852
v -0.019353 -0.196495 0.623852
v -0.009688 -0.197208 0.623852
v -0.005867 -0.039701 0.818592
v -0.003951 -0.040120 0.818574
v -0.001991 -0.040083 0.818592
v -0.018590 -0.044881 0.816555
v -0.022002 -0.053118 0.813995
v -0.025464 -0.061475 0.810952
v -0.032306 -0.077993 0.803491
v -0.035618 -0.085990 0.799105
v -0.038845 -0.093781 0.794298
v -0.045011 -0.108665 0.783464
v -0.047934 -0.115723 0.777463
v -0.050742 -0.122503 0.771092
v -0.055986 -0.135161 0.757303
v -0.058408 -0.141009 0.749917
v -0.060690 -0.146518 0.742228
v -0.064809 -0.156463 0.726013
v -0.066637 -0.160876 0.717527
v -0.068305 -0.164902 0.708815
v -0.071142 -0.171753 0.690798
v -0.072306 -0.174561 0.681536
v -0.073295 -0.176949 0.672136
v -0.074741 -0.180442 0.653010
v -0.075195 -0.181537 0.643329
v -0.075468 -0.182196 0.633602
v -0.075468 -0.182196 0.614101
v -0.075195 -0.181537 0.604374
v -0.074741 -0.180442 0.594693
v -0.073295 -0.176949 0.575567
v -0.072306 -0.174561 0.566167
v -0.071142 -0.171753 0.556905
v -0.068305 -0.164902 0.538888
v -0.066637 -0.160876 0.530176
v -0.064809 -0.156463 0.521690
v -0.060690 -0.146518 0.505475
v -0.058408 -0.141009 0.497786
v -0.055986 -0.135161 0.490400
v -0.050742 -0.122503 0.476611
v -0.047934 -0.115723 0.470240
v -0.045011 -0.108665 0.464239
v -0.038845 -0.093781 0.453405
v -0.035618 -0.085990 0.448598
v -0.032306 -0.077993 0.444212
v -0.025464 -0.061475 0.436751
v -0.022002 -0.053118 0.433708
v -0.018590 -0.044881 0.431148
v -0.025455 -0.071142 0.440259
v -0.021934 -0.072306 0.440259
v -0.018359 -0.073295 0.440259
v -0.026654 -0.106408 0.458623
v -0.031843 -0.104971 0.458623
v -0.036955 -0.103283 0.458623
v -0.065239 -0.182332 0.662620
v -0.056214 -0.185313 0.662620
v -0.047054 -0.187848 0.662620
v -0.044323 -0.176949 0.699898
v -0.052953 -0.174561 0.699898
v -0.061454 -0.171753 0.699898
v -0.013499 -0.037794 0.429111
v -0.011703 -0.038578 0.429129
v -0.009773 -0.038924 0.429111
v -0.066518 -0.185904 0.623852
v -0.057315 -0.188943 0.623852
v -0.047975 -0.191529 0.623852
v -0.013499 -0.037794 0.818592
v -0.011703 -0.038578 0.818574
v -0.009773 -0.038924 0.818592
v -0.065239 -0.182332 0.585083
v -0.056214 -0.185313 0.585083
v -0.047054 -0.187848 0.585083
v -0.025455 -0.071142 0.807444
v -0.021934 -0.072306 0.807444
v -0.018359 -0.073295 0.807444
v -0.061454 -0.171753 0.547805
v -0.052953 -0.174561 0.547805
v -0.044323 -0.176949 0.547805
v -0.036955 -0.103283 0.789080
v -0.031843 -0.104971 0.789080
v -0.026654 -0.106408 0.789080
v -0.055307 -0.154573 0.513449
v -0.047656 -0.157101 0.513449
v -0.039890 -0.159250 0.513449
v -0.047035 -0.131454 0.764367
v -0.040528 -0.133603 0.764367
v -0.033924 -0.135431 0.764367
v -0.047035 -0.131454 0.483336
v -0.040528 -0.133603 0.483336
v -0.033924 -0.135431 0.483336
v -0.055307 -0.154573 0.734254
v -0.047656 -0.157101 0.734254
v -0.039890 -0.159250 0.734254
v -0.026989 -0.040392 0.816555
v -0.031942 -0.047805 0.813995
v -0.036968 -0.055326 0.810952
v -0.046901 -0.070192 0.803491
v -0.051710 -0.077389 0.799105
v -0.056395 -0.084400 0.794298
v -0.065345 -0.097796 0.783464
v -0.069590 -0.104148 0.777463
v -0.073667 -0.110250 0.771092
v -0.081279 -0.121642 0.757303
v -0.084795 -0.126905 0.749917
v -0.088108 -0.131863 0.742228
v -0.094089 -0.140813 0.726013
v -0.096742 -0.144785 0.717527
v -0.099163 -0.148408 0.708815
v -0.103283 -0.154573 0.690798
v -0.104971 -0.157101 0.681536
v -0.106408 -0.159250 0.672136
v -0.108508 -0.162393 0.653010
v -0.109167 -0.163379 0.643329
v -0.109563 -0.163972 0.633602
v -0.109563 -0.163972 0.614101
v -0.109167 -0.163379 0.604374
v -0.108508 -0.162393 0.594693
v -0.106408 -0.159250 0.575567
v -0.104971 -0.157101 0.566167
v -0.103283 -0.154573 0.556905
v -0.099163 -0.148408 0.538888
v -0.096742 -0.144785 0.530176
v -0.094089 -0.140813 0.521690
v -0.088108 -0.131863 0.505475
v -0.084795 -0.126905 0.497786
v -0.081279 -0.121642 0.490400
v -0.073667 -0.110250 0.476611
v -0.069590 -0.104148 0.470240
v -0.065345 -0.097796 0.464239
v -0.056395 -0.084400 0.453405
v -0.051710 -0.077389 0.448598
v -0.046901 -0.070192 0.444212
v -0.036968 -0.055326 0.436751
v -0.031942 -0.047805 0.433708
v -0.026989 -0.040392 0.431148
v -0.056395 -0.094089 0.789080
v -0.051710 -0.096742 0.789080
v -0.046901 -0.099163 0.789080
v -0.032306 -0.068305 0.807444
v -0.035618 -0.066637 0.807444
v -0.038845 -0.064809 0.807444
v -0.084400 -0.140813 0.513449
v -0.077389 -0.144785 0.513449
v -0.070192 -0.148408 0.513449
v -0.077993 -0.164902 0.547805
v -0.085990 -0.160876 0.547805
v -0.093781 -0.156463 0.547805
v -0.071777 -0.119752 0.764367
v -0.065814 -0.123129 0.764367
v -0.059693 -0.126211 0.764367
v -0.071777 -0.119752 0.483336
v -0.065814 -0.123129 0.483336
v -0.059693 -0.126211 0.483336
v -0.084400 -0.140813 0.734254
v -0.077389 -0.144785 0.734254
v -0.070192 -0.148408 0.734254
v -0.056395 -0.094089 0.458623
v -0.051710 -0.096742 0.458623
v -0.046901 -0.099163 0.458623
v -0.093781 -0.156463 0.699898
v -0.085990 -0.160876 0.699898
v -0.077993 -0.164902 0.699898
v -0.038845 -0.064809 0.440259
v -0.035618 -0.066637 0.440259
v -0.032306 -0.068305 0.440259
v -0.099557 -0.166101 0.662620
v -0.091287 -0.170785 0.662620
v -0.082797 -0.175059 0.662620
v -0.020613 -0.034434 0.429111
v -0.019004 -0.035554 0.429129
v -0.017179 -0.036270 0.429111
v -0.101507 -0.169355 0.623852
v -0.093075 -0.174131 0.623852
v -0.084419 -0.178489 0.623852
v -0.020613 -0.034434 0.818592
v -0.019004 -0.035554 0.818574
v -0.017179 -0.036270 0.818592
v -0.099557 -0.166101 0.585083
v -0.091287 -0.170785 0.585083
v -0.082797 -0.175059 0.585083
v -0.034351 -0.034351 0.816555
v -0.040655 -0.040655 0.813995
v -0.047051 -0.047051 0.810952
v -0.059693 -0.059693 0.803491
v -0.065814 -0.065814 0.799105
v -0.071777 -0.071777 0.794298
v -0.083169 -0.083169 0.783464
v -0.088571 -0.088571 0.777463
v -0.093760 -0.093760 0.771092
v -0.103448 -0.103448 0.757303
v -0.107924 -0.107924 0.749917
v -0.112140 -0.112140 0.742228
v -0.119752 -0.119752 0.726013
v -0.123129 -0.123129 0.717527
v -0.126211 -0.126211 0.708815
v -0.131454 -0.131454 0.690798
v -0.133603 -0.133603 0.681536
v -0.135431 -0.135431 0.672136
v -0.138104 -0.138104 0.653010
v -0.138943 -0.138943 0.643329
v -0.139447 -0.139447 0.633602
v -0.139447 -0.139447 0.614101
v -0.138943 -0.138943 0.604374
v -0.138104 -0.138104 0.594693
v -0.135431 -0.135431 0.575567
v -0.133603 -0.133603 0.566167
v -0.131454 -0.131454 0.556905
v -0.126211 -0.126211 0.538888
v -0.123129 -0.123129 0.530176
v -0.119752 -0.119752 0.521690
v -0.112140 -0.112140 0.505475
v -0.107924 -0.107924 0.497786
v -0.103448 -0.103448 0.490400
v -0.093760 -0.093760 0.476611
v -0.088571 -0.088571 0.470240
v -0.083169 -0.083169 0.464239
v -0.071777 -0.071777 0.453405
v -0.065814 -0.065814 0.448598
v -0.059693 -0.059693 0.444212
v -0.047051 -0.047051 0.436751
v -0.040655 -0.040655 0.433708
v -0.034351 -0.034351 0.431148
v -0.130049 -0.143487 0.662620
v -0.122851 -0.149695 0.662620
v -0.115358 -0.155543 0.662620
v -0.108665 -0.146518 0.699898
v -0.115723 -0.141009 0.699898
v -0.122503 -0.135161 0.699898
v -0.026935 -0.029751 0.429111
v -0.025575 -0.031163 0.429129
v -0.023925 -0.032222 0.429111
v -0.045011 -0.060690 0.440259
v -0.047934 -0.058408 0.440259
v -0.050742 -0.055986 0.440259
v -0.132597 -0.146298 0.623852
v -0.125258 -0.152627 0.623852
v -0.117618 -0.158590 0.623852
v -0.026935 -0.029751 0.818592
v -0.025575 -0.031163 0.818574
v -0.023925 -0.032222 0.818592
v -0.130049 -0.143487 0.585083
v -0.122851 -0.149695 0.585083
v -0.115358 -0.155543 0.585083
v -0.050742 -0.055986 0.807444
v -0.047934 -0.058408 0.807444
v -0.045011 -0.060690 0.807444
v -0.122503 -0.135161 0.547805
v -0.115723 -0.141009 0.547805
v -0.108665 -0.146518 0.547805
v -0.073667 -0.081279 0.789080
v -0.069590 -0.084795 0.789080
v -0.065345 -0.088108 0.789080
v -0.110250 -0.121642 0.513449
v -0.104148 -0.126905 0.513449
v -0.097796 -0.131863 0.513449
v -0.093760 -0.103448 0.764367
v -0.088571 -0.107924 0.764367
v -0.083169 -0.112140 0.764367
v -0.093760 -0.103448 0.483336
v -0.088571 -0.107924 0.483336
v -0.083169 -0.112140 0.483336
v -0.110250 -0.121642 0.734254
v -0.104148 -0.126905 0.734254
v -0.097796 -0.131863 0.734254
v -0.073667 -0.081279 0.458623
v -0.069590 -0.084795 0.458623
v -0.065345 -0.088108 0.458623
v -0.040392 -0.026989 0.816555
v -0.047805 -0.031942 0.813995
v -0.055326 -0.036968 0.810952
v -0.070192 -0.046901 0.803491
v -0.077389 -0.051710 0.799105
v -0.084400 -0.056394 0.794298
v -0.097796 -0.065345 0.783464
v -0.104148 -0.069590 0.777463
v -0.110250 -0.073667 0.771092
v -0.121642 -0.081279 0.757303
v -0.126905 -0.084795 0.749917
v -0.131863 -0.088108 0.742228
v -0.140813 -0.094089 0.726013
v -0.144785 -0.096742 0.717527
v -0.148408 -0.099163 0.708815
v -0.154573 -0.103283 0.690798
v -0.157101 -0.104971 0.681536
v -0.159250 -0.106408 0.672136
v -0.162393 -0.108508 0.653010
v -0.163379 -0.109167 0.643329
v -0.163972 -0.109563 0.633602
v -0.163972 -0.109563 0.614101
v -0.163379 -0.109167 0.604374
v -0.162393 -0.108508 0.594693
v -0.159250 -0.106408 0.575567
v -0.157101 -0.104971 0.566167
v -0.154573 -0.103283 0.556905
v -0.148408 -0.099163 0.538888
v -0.144785 -0.096742 0.530176
v -0.140813 -0.094089 0.521690
v -0.131863 -0.088108 0.505475
v -0.126905 -0.084795 0.497786
v -0.121642 -0.081279 0.490400
v -0.110250 -0.073667 0.476611
v -0.104148 -0.069590 0.470240
v -0.097796 -0.065345 0.464239
v -0.084400 -0.056395 0.453405
v -0.077389 -0.051710 0.448598
v -0.070192 -0.046901 0.444212
v -0.055326 -0.036968 0.436751
v -0.047805 -0.031942 0.433708
v -0.040392 -0.026989 0.431148
v -0.131863 -0.097796 0.513449
v -0.126905 -0.104148 0.513449
v -0.121642 -0.110250 0.513449
v -0.135161 -0.122503 0.547805
v -0.141009 -0.115723 0.547805
v -0.146518 -0.108665 0.547805
v -0.112140 -0.083169 0.764367
v -0.107924 -0.088571 0.764367
v -0.103448 -0.093760 0.764367
v -0.081279 -0.073667 0.789080
v -0.084795 -0.069590 0.789080
v -0.088108 -0.065345 0.789080
v -0.112140 -0.083169 0.483336
v -0.107924 -0.088571 0.483336
v -0.103448 -0.093760 0.483336
v -0.131863 -0.097796 0.734254
v -0.126905 -0.104148 0.734254
v -0.121642 -0.110250 0.734254
v -0.088108 -0.065345 0.458623
v -0.084795 -0.069590 0.458623
v -0.081279 -0.073667 0.458623
v -0.146518 -0.108665 0.699898
v -0.141009 -0.115723 0.699898
v -0.135161 -0.122503 0.699898
v -0.060690 -0.045011 0.440259
v -0.058408 -0.047934 0.440259
v -0.055986 -0.050742 0.440259
v -0.155543 -0.115358 0.662620
v -0.149695 -0.122851 0.662620
v -0.143487 -0.130049 0.662620
v -0.032222 -0.023925 0.429111
v -0.031163 -0.025575 0.429129
v -0.029751 -0.026935 0.429111
v -0.158590 -0.117618 0.623852
v -0.152627 -0.125258 0.623852
v -0.146298 -0.132596 0.623852
v -0.032222 -0.023925 0.818592
v -0.031163 -0.025575 0.818574
v -0.029751 -0.026935 0.818592
v -0.155543 -0.115358 0.585083
v -0.149695 -0.122851 0.585083
v -0.143487 -0.130049 0.585083
v -0.060690 -0.045011 0.807444
v -0.058408 -0.047934 0.807444
v -0.055986 -0.050742 0.807444
v -0.044881 -0.018590 0.816555
v -0.053118 -0.022002 0.813995
v -0.061475 -0.025464 0.810952
v -0.077993 -0.032306 0.803491
v -0.085990 -0.035618 0.799105
v -0.093781 -0.038845 0.794298
v -0.108665 -0.045011 0.783464
v -0.115723 -0.047934 0.777463
v -0.122503 -0.050742 0.771092
v -0.135161 -0.055986 0.757303
v -0.141009 -0.058408 0.749917
v -0.146518 -0.060690 0.742228
v -0.156463 -0.064809 0.726013
v -0.160876 -0.066637 0.717527
v -0.164902 -0.068305 0.708815
v -0.171753 -0.071142 0.690798
v -0.174561 -0.072306 0.681536
v -0.176949 -0.073295 0.672136
v -0.180442 -0.074741 0.653010
v -0.181537 -0.075195 0.643329
v -0.182196 -0.075468 0.633602
v -0.182196 -0.075468 0.614101
v -0.181537 -0.075195 0.604374
v -0.180442 -0.074741 0.594693
v -0.176949 -0.073295 0.575567
v -0.174561 -0.072306 0.566167
v -0.171753 -0.071142 0.556905
v -0.164902 -0.068305 0.538888
v -0.160876 -0.066637 0.530176
v -0.156463 -0.064809 0.521690
v -0.146518 -0.060690 0.505475
v -0.141009 -0.058408 0.497786
v -0.135161 -0.055986 0.490400
v -0.122503 -0.050742 0.476611
v -0.115723 -0.047934 0.470240
v -0.108665 -0.045011 0.464239
v -0.093781 -0.038845 0.453405
v -0.085990 -0.035618 0.448598
v -0.077993 -0.032306 0.444212
v -0.061475 -0.025464 0.436751
v -0.053118 -0.022002 0.433708
v -0.044881 -0.018590 0.431148
v -0.036270 -0.017179 0.429111
v -0.035554 -0.019004 0.429129
v -0.034434 -0.020613 0.429111
v -0.064809 -0.038845 0.440259
v -0.066637 -0.035618 0.440259
v -0.068305 -0.032306 0.440259
v -0.178489 -0.084419 0.623852
v -0.174131 -0.093075 0.623852
v -0.169355 -0.101507 0.623852
v -0.166101 -0.099557 0.662620
v -0.170785 -0.091287 0.662620
v -0.175059 -0.082797 0.662620
v -0.036270 -0.017179 0.818592
v -0.035554 -0.019004 0.818574
v -0.034434 -0.020613 0.818592
v -0.175059 -0.082797 0.585083
v -0.170785 -0.091287 0.585083
v -0.166101 -0.099557 0.585083
v -0.068305 -0.032306 0.807444
v -0.066637 -0.035618 0.807444
v -0.064809 -0.038845 0.807444
v -0.164902 -0.077993 0.547805
v -0.160876 -0.085990 0.547805
v -0.156463 -0.093781 0.547805
v -0.099163 -0.046901 0.789080
v -0.096742 -0.051710 0.789080
v -0.094089 -0.056395 0.789080
v -0.148408 -0.070192 0.513449
v -0.144785 -0.077389 0.513449
v -0.140813 -0.084400 0.513449
v -0.126211 -0.059693 0.764367
v -0.123129 -0.065814 0.764367
v -0.119752 -0.071777 0.764367
v -0.126211 -0.059693 0.483336
v -0.123129 -0.065814 0.483336
v -0.119752 -0.071777 0.483336
v -0.148408 -0.070192 0.734254
v -0.144785 -0.077389 0.734254
v -0.140813 -0.084400 0.734254
v -0.099163 -0.046901 0.458623
v -0.096742 -0.051710 0.458623
v -0.094089 -0.056395 0.458623
v -0.164902 -0.077993 0.699898
v -0.160876 -0.085990 0.699898
v -0.156463 -0.093781 0.699898
v -0.047646 -0.009477 0.816555
v -0.056390 -0.011217 0.813995
v -0.065261 -0.012981 0.810952
v -0.082797 -0.016469 0.803491
v -0.091287 -0.018158 0.799105
v -0.099557 -0.019803 0.794298
v -0.115358 -0.022946 0.783464
v -0.122851 -0.024437 0.777463
v -0.130049 -0.025868 0.771092
v -0.143487 -0.028541 0.757303
v -0.149695 -0.029776 0.749917
v -0.155543 -0.030939 0.742228
v -0.166101 -0.033039 0.726013
v -0.170785 -0.033971 0.717527
v -0.175059 -0.034821 0.708815
v -0.182332 -0.036268 0.690798
v -0.185313 -0.036861 0.681536
v -0.187848 -0.037365 0.672136
v -0.191556 -0.038103 0.653010
v -0.192719 -0.038334 0.643329
v -0.193419 -0.038473 0.633602
v -0.193419 -0.038473 0.614101
v -0.192719 -0.038334 0.604374
v -0.191556 -0.038103 0.594693
v -0.187848 -0.037365 0.575567
v -0.185313 -0.036861 0.566167
v -0.182332 -0.036268 0.556905
v -0.175059 -0.034821 0.538888
v -0.170785 -0.033971 0.530176
v -0.166101 -0.033039 0.521690
v -0.155543 -0.030939 0.505475
v -0.149695 -0.029776 0.497786
v -0.143487 -0.028541 0.490400
v -0.130049 -0.025868 0.476611
v -0.122851 -0.024437 0.470240
v -0.115358 -0.022946 0.464239
v -0.099557 -0.019803 0.453405
v -0.091287 -0.018158 0.448598
v -0.082797 -0.016469 0.444212
v -0.065261 -0.012981 0.436751
v -0.056390 -0.011217 0.433708
v -0.047646 -0.009477 0.431148
v -0.135431 -0.033924 0.764367
v -0.133603 -0.040528 0.764367
v -0.131454 -0.047035 0.764367
v -0.103283 -0.036955 0.789080
v -0.104971 -0.031843 0.789080
v -0.106408 -0.026654 0.789080
v -0.135431 -0.033924 0.483336
v -0.133603 -0.040528 0.483336
v -0.131454 -0.047035 0.483336
v -0.154573 -0.055307 0.513449
v -0.157101 -0.047656 0.513449
v -0.159250 -0.039890 0.513449
v -0.159250 -0.039890 0.734254
v -0.157101 -0.047656 0.734254
v -0.154573 -0.055307 0.734254
v -0.106408 -0.026654 0.458623
v -0.104971 -0.031843 0.458623
v -0.103283 -0.036955 0.458623
v -0.176949 -0.044323 0.699898
v -0.174561 -0.052953 0.699898
v -0.171753 -0.061454 0.699898
v -0.073295 -0.018359 0.440259
v -0.072306 -0.021934 0.440259
v -0.071142 -0.025455 0.440259
v -0.187848 -0.047053 0.662620
v -0.185313 -0.056214 0.662620
v -0.182332 -0.065239 0.662620
v -0.038924 -0.009773 0.429111
v -0.038578 -0.011703 0.429129
v -0.037794 -0.013499 0.429111
v -0.191529 -0.047975 0.623852
v -0.188943 -0.057315 0.623852
v -0.185904 -0.066517 0.623852
v -0.038924 -0.009773 0.818592
v -0.038578 -0.011703 0.818574
v -0.037794 -0.013499 0.818592
v -0.187848 -0.047053 0.585083
v -0.185313 -0.056214 0.585083
v -0.182332 -0.065239 0.585083
v -0.073295 -0.018359 0.807444
v -0.072306 -0.021934 0.807444
v -0.071142 -0.025455 0.807444
v -0.176949 -0.044323 0.547805
v -0.174561 -0.052953 0.547805
v -0.171753 -0.061454 0.547805
v -0.048579 0.000000 0.816555
v -0.057494 0.000000 0.813995
v -0.066540 0.000000 0.810952
v -0.084419 0.000000 0.803491
v -0.093075 0.000000 0.799105
v -0.101507 0.000000 0.794298
v -0.117618 0.000000 0.783464
v -0.125258 0.000000 0.777463
v -0.132597 0.000000 0.771092
v -0.146298 0.000000 0.757303
v -0.152627 0.000000 0.749917
v -0.158590 0.000000 0.742228
v -0.169355 0.000000 0.726013
v -0.174131 0.000000 0.717527
v -0.178489 0.000000 0.708815
v -0.185904 0.000000 0.690798
v -0.188943 0.000000 0.681536
v -0.191529 0.000000 0.672136
v -0.195309 0.000000 0.653010
v -0.196495 0.000000 0.643329
v -0.197208 0.000000 0.633602
v -0.197208 0.000000 0.614101
v -0.196495 0.000000 0.604374
v -0.195309 0.000000 0.594693
v -0.191529 0.000000 0.575567
v -0.188944 0.000000 0.566167
v -0.185904 0.000000 0.556905
v -0.178489 0.000000 0.538888
v -0.174131 0.000000 0.530176
v -0.169355 0.000000 0.521690
v -0.158590 0.000000 0.505475
v -0.152627 0.000000 0.497786
v -0.146298 0.000000 0.490400
v -0.132597 0.000000 0.476611
v -0.125258 0.000000 0.470240
v -0.117618 0.000000 0.464239
v -0.101507 0.000000 0.453405
v -0.093075 0.000000 0.448598
v -0.084419 0.000000 0.444212
v -0.066540 0.000000 0.436751
v -0.057494 0.000000 0.433708
v -0.048579 0.000000 0.431148
v -0.197208 -0.009688 0.623852
v -0.196495 -0.019353 0.623852
v -0.195309 -0.028971 0.623852
v -0.191556 -0.028415 0.662620
v -0.192719 -0.018981 0.662620
v -0.193419 -0.009502 0.662620
v -0.040083 -0.001991 0.818592
v -0.040120 -0.003951 0.818574
v -0.039701 -0.005867 0.818592
v -0.039701 -0.005867 0.429111
v -0.040120 -0.003951 0.429129
v -0.040083 -0.001991 0.429111
v -0.193419 -0.009502 0.585083
v -0.192719 -0.018981 0.585083
v -0.191556 -0.028415 0.585083
v -0.075468 -0.003707 0.807444
v -0.075195 -0.007406 0.807444
v -0.074741 -0.011087 0.807444
v -0.182196 -0.008951 0.547805
v -0.181537 -0.017880 0.547805
v -0.180442 -0.026766 0.547805
v -0.109563 -0.005382 0.789080
v -0.109167 -0.010752 0.789080
v -0.108508 -0.016096 0.789080
v -0.163972 -0.008055 0.513449
v -0.163379 -0.016091 0.513449
v -0.162393 -0.024089 0.513449
v -0.139447 -0.006851 0.764367
v -0.138943 -0.013685 0.764367
v -0.138104 -0.020486 0.764367
v -0.139447 -0.006851 0.483336
v -0.138943 -0.013685 0.483336
v -0.138104 -0.020486 0.483336
v -0.163972 -0.008055 0.734254
v -0.163379 -0.016091 0.734254
v -0.162393 -0.024089 0.734254
v -0.109563 -0.005382 0.458623
v -0.109167 -0.010752 0.458623
v -0.108508 -0.016096 0.458623
v -0.182196 -0.008951 0.699898
v -0.181537 -0.017880 0.699898
v -0.180442 -0.026766 0.699898
v -0.075468 -0.003707 0.440259
v -0.075195 -0.007406 0.440259
v -0.074741 -0.011087 0.440259
v -0.047646 0.009477 0.816555
v -0.056390 0.011217 0.813995
v -0.065261 0.012981 0.810952
v -0.082797 0.016469 0.803491
v -0.091287 0.018158 0.799105
v -0.099557 0.019803 0.794298
v -0.115358 0.022946 0.783464
v -0.122851 0.024437 0.777463
v -0.130049 0.025868 0.771092
v -0.143487 0.028541 0.757303
v -0.149695 0.029776 0.749917
v -0.155543 0.030939 0.742228
v -0.166101 0.033040 0.726013
v -0.170785 0.033971 0.717527
v -0.175059 0.034821 0.708815
v -0.182332 0.036268 0.690798
v -0.185313 0.036861 0.681536
v -0.187848 0.037365 0.672136
v -0.191556 0.038103 0.653010
v -0.192719 0.038334 0.643329
v -0.193419 0.038473 0.633602
v -0.193419 0.038473 0.614101
v -0.192719 0.038334 0.604374
v -0.191556 0.038103 0.594693
v -0.187848 0.037365 0.575567
v -0.185313 0.036861 0.566167
v -0.182332 0.036268 0.556905
v -0.175059 0.034821 0.538888
v -0.170785 0.033971 0.530176
v -0.166101 0.033040 0.521690
v -0.155543 0.030939 0.505475
v -0.149695 0.029776 0.497786
v -0.143487 0.028541 0.490400
v -0.130049 0.025868 0.476611
v -0.122851 0.024437 0.470240
v -0.115358 0.022946 0.464239
v -0.099557 0.019803 0.453405
v -0.091287 0.018158 0.448598
v -0.082797 0.016469 0.444212
v -0.065261 0.012981 0.436751
v -0.056390 0.011217 0.433708
v -0.047646 0.009477 0.431148
v -0.138104 0.020486 0.483336
v -0.138943 0.013685 0.483336
v -0.139447 0.006851 0.483336
v -0.163972 0.008055 0.513449
v -0.163379 0.016091 0.513449
v -0.162393 0.024089 0.513449
v -0.162393 0.024089 0.734254
v -0.163379 0.016091 0.734254
v -0.163972 0.008055 0.734254
v -0.139447 0.006851 0.764367
v -0.138943 0.013685 0.764367
v -0.138104 0.020486 0.764367
v -0.108508 0.016096 0.458623
v -0.109167 0.010752 0.458623
v -0.109563 0.005382 0.458623
v -0.180442 0.026766 0.699898
v -0.181537 0.017880 0.699898
v -0.182196 0.008951 0.699898
v -0.074741 0.011087 0.440259
v -0.075195 0.007406 0.440259
v -0.075468 0.003708 0.440259
v -0.191556 0.028415 0.662620
v -0.192719 0.018981 0.662620
v -0.193419 0.009502 0.662620
v -0.039701 0.005867 0.429111
v -0.040120 0.003951 0.429129
v -0.040083 0.001991 0.429111
v -0.195309 0.028971 0.623852
v -0.196495 0.019353 0.623852
v -0.197208 0.009688 0.623852
v -0.039701 0.005867 0.818592
v -0.040120 0.003951 0.818574
v -0.040083 0.001991 0.818592
v -0.191556 0.028415 0.585083
v -0.192719 0.018981 0.585083
v -0.193419 0.009502 0.585083
v -0.074741 0.011087 0.807444
v -0.075195 0.007406 0.807444
v -0.075468 0.003708 0.807444
v -0.180442 0.026766 0.547805
v -0.181537 0.017880 0.547805
v -0.182196 0.008951 0.547805
v -0.108508 0.016096 0.789080
v -0.109167 0.010752 0.789080
v -0.109563 0.005382 0.789080
v -0.044881 0.018590 0.816555
v -0.053118 0.022002 0.813995
v -0.061475 0.025464 0.810952
v -0.077993 0.032306 0.803491
v -0.085990 0.035618 0.799105
v -0.093781 0.038845 0.794298
v -0.108665 0.045011 0.783464
v -0.115723 0.047934 0.777463
v -0.122503 0.050742 0.771092
v -0.135161 0.055986 0.757303
v -0.141009 0.058408 0.749917
v -0.146518 0.060690 0.742228
v -0.156463 0.064809 0.726013
v -0.160876 0.066637 0.717527
v -0.164902 0.068305 0.708815
v -0.171753 0.071142 0.690798
v -0.174561 0.072306 0.681536
v -0.176949 0.073295 0.672136
v -0.180442 0.074741 0.653010
v -0.181537 0.075195 0.643329
v -0.182196 0.075468 0.633602
v -0.182196 0.075468 0.614101
v -0.181537 0.075195 0.604374
v -0.180442 0.074741 0.594693
v -0.176949 0.073295 0.575567
v -0.174561 0.072306 0.566167
v -0.171753 0.071142 0.556905
v -0.164902 0.068305 0.538888
v -0.160876 0.066637 0.530176
v -0.156463 0.064809 0.521690
v -0.146518 0.060690 0.505475
v -0.141009 0.058408 0.497786
v -0.135161 0.055986 0.490400
v -0.122503 0.050742 0.476611
v -0.115723 0.047934 0.470240
v -0.108665 0.045011 0.464239
v -0.093781 0.038845 0.453405
v -0.085990 0.035618 0.448598
v -0.077993 0.032306 0.444212
v -0.061475 0.025464 0.436751
v -0.053118 0.022002 0.433708
v -0.044881 0.018590 0.431148
v -0.038924 0.009773 0.429111
v -0.038578 0.011703 0.429129
v -0.037794 0.013499 0.429111
v -0.182332 0.065239 0.585083
v -0.185313 0.056214 0.585083
v -0.187848 0.047054 0.585083
v -0.191528 0.047975 0.623852
v -0.188943 0.057315 0.623852
v -0.185904 0.066518 0.623852
v -0.071142 0.025455 0.807444
v -0.072306 0.021934 0.807444
v -0.073295 0.018359 0.807444
v -0.038924 0.009773 0.818592
v -0.038578 0.011703 0.818574
v -0.037794 0.013499 0.818592
v -0.171753 0.061454 0.547805
v -0.174561 0.052953 0.547805
v -0.176949 0.044323 0.547805
v -0.103283 0.036955 0.789080
v -0.104971 0.031843 0.789080
v -0.106408 0.026654 0.789080
v -0.154573 0.055307 0.513449
v -0.157101 0.047656 0.513449
v -0.159250 0.039890 0.513449
v -0.131454 0.047035 0.764367
v -0.133603 0.040528 0.764367
v -0.135431 0.033924 0.764367
v -0.131454 0.047035 0.483336
v -0.133603 0.040528 0.483336
v -0.135431 0.033924 0.483336
v -0.154573 0.055307 0.734254
v -0.157101 0.047656 0.734254
v -0.159250 0.039890 0.734254
v -0.103283 0.036955 0.458623
v -0.104971 0.031843 0.458623
v -0.106408 0.026654 0.458623
v -0.171753 0.061454 0.699898
v -0.174561 0.052953 0.699898
v -0.176949 0.044323 0.699898
v -0.071142 0.025455 0.440259
v -0.072306 0.021934 0.440259
v -0.073295 0.018359 0.440259
v -0.182332 0.065239 0.662620
v -0.185313 0.056214 0.662620
v -0.187848 0.047054 0.662620
v -0.040392 0.026989 0.816555
v -0.047805 0.031942 0.813995
v -0.055326 0.036968 0.810952
v -0.070192 0.046901 0.803491
v -0.077389 0.051710 0.799105
v -0.084400 0.056395 0.794298
v -0.097796 0.065345 0.783464
v -0.104148 0.069590 0.777463
v -0.110250 0.073667 0.771092
v -0.121642 0.081279 0.757303
v -0.126905 0.084795 0.749917
v -0.131863 0.088108 0.742228
v -0.140813 0.094089 0.726013
v -0.144785 0.096742 0.717527
v -0.148408 0.099163 0.708815
v -0.154573 0.103283 0.690798
v -0.157101 0.104971 0.681536
v -0.159250 0.106408 0.672136
v -0.162393 0.108508 0.653010
v -0.163379 0.109167 0.643329
v -0.163972 0.109563 0.633602
v -0.163972 0.109563 0.614101
v -0.163379 0.109167 0.604374
v -0.162393 0.108508 0.594693
v -0.159250 0.106408 0.575567
v -0.157101 0.104971 0.566167
v -0.154573 0.103283 0.556905
v -0.148408 0.099163 0.538888
v -0.144785 0.096742 0.530176
v -0.140813 0.094089 0.521690
v -0.131863 0.088108 0.505475
v -0.126905 0.084795 0.497786
v -0.121642 0.081279 0.490400
v -0.110250 0.073667 0.476611
v -0.104148 0.069590 0.470240
v -0.097796 0.065345 0.464239
v -0.084400 0.056395 0.453405
v -0.077389 0.051710 0.448598
v -0.070192 0.046901 0.444212
v -0.055326 0.036968 0.436751
v -0.047805 0.031942 0.433708
v -0.040392 0.026989 0.431148
v -0.094088 0.056395 0.458623
v -0.096742 0.051710 0.458623
v -0.099163 0.046901 0.458623
v -0.126211 0.059693 0.483336
v -0.123129 0.065814 0.483336
v -0.119752 0.071777 0.483336
v -0.156463 0.093781 0.699898
v -0.160876 0.085990 0.699898
v -0.164902 0.077993 0.699898
v -0.148408 0.070192 0.734254
v -0.144785 0.077389 0.734254
v -0.140813 0.084400 0.734254
v -0.064809 0.038845 0.440259
v -0.066637 0.035618 0.440259
v -0.068305 0.032306 0.440259
v -0.166101 0.099557 0.662620
v -0.170785 0.091287 0.662620
v -0.175059 0.082797 0.662620
v -0.034434 0.020613 0.429111
v -0.035554 0.019004 0.429129
v -0.036270 0.017179 0.429111
v -0.169355 0.101507 0.623852
v -0.174131 0.093075 0.623852
v -0.178489 0.084419 0.623852
v -0.034434 0.020613 0.818592
v -0.035554 0.019004 0.818574
v -0.036270 0.017179 0.818592
v -0.166101 0.099557 0.585083
v -0.170785 0.091287 0.585083
v -0.175059 0.082797 0.585083
v -0.064809 0.038845 0.807444
v -0.066637 0.035618 0.807444
v -0.068305 0.032306 0.807444
v -0.156463 0.093781 0.547805
v -0.160876 0.085990 0.547805
v -0.164902 0.077993 0.547805
v -0.094088 0.056395 0.789080
v -0.096742 0.051710 0.789080
v -0.099163 0.046901 0.789080
v -0.140813 0.084400 0.513449
v -0.144785 0.077389 0.513449
v -0.148408 0.070192 0.513449
v -0.119752 0.071777 0.764367
v -0.123129 0.065814 0.764367
v -0.126211 0.059693 0.764367
v -0.034351 0.034351 0.816555
v -0.040655 0.040655 0.813995
v -0.047051 0.047051 0.810952
v -0.059693 0.059693 0.803491
v -0.065814 0.065814 0.799105
v -0.071777 0.071777 0.794298
v -0.083169 0.083169 0.783464
v -0.088571 0.088571 0.777463
v -0.093760 0.093760 0.771092
v -0.103448 0.103448 0.757303
v -0.107924 0.107924 0.749917
v -0.112140 0.112140 0.742228
v -0.119752 0.119752 0.726013
v -0.123129 0.123129 0.717527
v -0.126211 0.126211 0.708815
v -0.131454 0.131454 0.690798
v -0.133603 0.133603 0.681536
v -0.135431 0.135431 0.672136
v -0.138104 0.138104 0.653010
v -0.138943 0.138943 0.643329
v -0.139447 0.139447 0.633602
v -0.139447 0.139447 0.614101
v -0.138943 0.138943 0.604374
v -0.138104 0.138104 0.594693
v -0.135431 0.135431 0.575567
v -0.133603 0.133603 0.566167
v -0.131454 0.131454 0.556905
v -0.126211 0.126211 0.538888
v -0.123129 0.123129 0.530176
v -0.119752 0.119752 0.521690
v -0.112140 0.112140 0.505475
v -0.107924 0.107924 0.497786
v -0.103448 0.103448 0.490400
v -0.093760 0.093760 0.476611
v -0.088571 0.088571 0.470240
v -0.083169 0.083169 0.464239
v -0.071777 0.071777 0.453405
v -0.065814 0.065814 0.448598
v -0.059693 0.059693 0.444212
v -0.047051 0.047051 0.436751
v -0.040655 0.040655 0.433708
v -0.034351 0.034351 0.431148
v -0.022413 0.022413 0.427538
v -0.016707 0.016707 0.426379
v -0.010669 0.010669 0.425461
v -0.055986 0.050742 0.807444
v -0.058408 0.047934 0.807444
v -0.060690 0.045011 0.807444
v -0.032222 0.023925 0.818592
v -0.031163 0.025575 0.818574
v -0.029751 0.026935 0.818592
v -0.135161 0.122503 0.547805
v -0.141009 0.115723 0.547805
v -0.146518 0.108665 0.547805
v -0.155543 0.115358 0.585083
v -0.149695 0.122851 0.585083
v -0.143487 0.130049 0.585083
v -0.081279 0.073667 0.789080
v -0.084795 0.069590 0.789080
v -0.088108 0.065345 0.789080
v -0.121642 0.110250 0.513449
v -0.126905 0.104148 0.513449
v -0.131863 0.097796 0.513449
v -0.103448 0.093760 0.764367
v -0.107924 0.088571 0.764367
v -0.112140 0.083169 0.764367
v -0.103448 0.093760 0.483336
v -0.107924 0.088571 0.483336
v -0.112140 0.083169 0.483336
v -0.121642 0.110250 0.734254
v -0.126905 0.104148 0.734254
v -0.131863 0.097796 0.734254
v -0.081279 0.073667 0.458623
v -0.084795 0.069590 0.458623
v -0.088108 0.065345 0.458623
v -0.135161 0.122503 0.699898
v -0.141009 0.115723 0.699898
v -0.146518 0.108665 0.699898
v -0.055986 0.050742 0.440259
v -0.058408 0.047934 0.440259
v -0.060690 0.045011 0.440259
v -0.143487 0.130049 0.662620
v -0.149695 0.122851 0.662620
v -0.155543 0.115358 0.662620
v -0.029751 0.026935 0.429111
v -0.031163 0.025575 0.429129
v -0.032222 0.023925 0.429111
v -0.146298 0.132597 0.623852
v -0.152627 0.125258 0.623852
v -0.158590 0.117618 0.623852
v -0.026989 0.040392 0.816555
v -0.031942 0.047805 0.813995
v -0.036968 0.055326 0.810952
v -0.046901 0.070192 0.803491
v -0.051710 0.077389 0.799105
v -0.056394 0.084400 0.794298
v -0.065345 0.097796 0.783464
v -0.069590 0.104148 0.777463
v -0.073667 0.110250 0.771092
v -0.081279 0.121642 0.757303
v -0.084795 0.126905 0.749917
v -0.088108 0.131863 0.742228
v -0.094088 0.140813 0.726013
v -0.096742 0.144785 0.717527
v -0.099163 0.148408 0.708815
v -0.103283 0.154573 0.690798
v -0.104971 0.157101 0.681536
v -0.106408 0.159250 0.672136
v -0.108508 0.162393 0.653010
v -0.109167 0.163379 0.643329
v -0.109563 0.163972 0.633602
v -0.109563 0.163972 0.614101
v -0.109167 0.163379 0.604374
v -0.108508 0.162393 0.594693
v -0.106408 0.159250 0.575567
v -0.104971 0.157101 0.566167
v -0.103283 0.154573 0.556905
v -0.099163 0.148408 0.538888
v -0.096742 0.144785 0.530176
v -0.094088 0.140813 0.521690
v -0.088108 0.131863 0.505475
v -0.084795 0.126905 0.497786
v -0.081279 0.121642 0.490400
v -0.073667 0.110250 0.476611
v -0.069590 0.104148 0.470240
v -0.065345 0.097796 0.464239
v -0.056394 0.084400 0.453405
v -0.051710 0.077389 0.448598
v -0.046901 0.070192 0.444212
v -0.036968 0.055326 0.436751
v -0.031942 0.047805 0.433708
v -0.026989 0.040392 0.431148
v -0.108665 0.146518 0.699898
v -0.115723 0.141009 0.699898
v -0.122503 0.135161 0.699898
v -0.110250 0.121642 0.734254
v -0.104148 0.126905 0.734254
v -0.097796 0.131863 0.734254
v -0.045011 0.060690 0.440259
v -0.047934 0.058408 0.440259
v -0.050742 0.055986 0.440259
v -0.073667 0.081279 0.458623
v -0.069590 0.084795 0.458623
v -0.065345 0.088108 0.458623
v -0.115358 0.155543 0.662620
v -0.122851 0.149695 0.662620
v -0.130049 0.143487 0.662620
v -0.023925 0.032222 0.429111
v -0.025575 0.031163 0.429129
v -0.026935 0.029751 0.429111
v -0.117618 0.158590 0.623852
v -0.125258 0.152627 0.623852
v -0.132596 0.146298 0.623852
v -0.023925 0.032222 0.818592
v -0.025575 0.031163 0.818574
v -0.026935 0.029751 0.818592
v -0.115358 0.155543 0.585083
v -0.122851 0.149695 0.585083
v -0.130049 0.143487 0.585083
v -0.045011 0.060690 0.807444
v -0.047934 0.058408 0.807444
v -0.050742 0.055986 0.807444
v -0.108665 0.146518 0.547805
v -0.115723 0.141009 0.547805
v -0.122503 0.135161 0.547805
v -0.065345 0.088108 0.789080
v -0.069590 0.084795 0.789080
v -0.073667 0.081279 0.789080
v -0.097796 0.131863 0.513449
v -0.104148 0.126905 0.513449
v -0.110250 0.121642 0.513449
v -0.083169 0.112140 0.764367
v -0.088571 0.107924 0.764367
v -0.093760 0.103448 0.764367
v -0.083169 0.112140 0.483336
v -0.088571 0.107924 0.483336
v -0.093760 0.103448 0.483336
v -0.018590 0.044881 0.816555
v -0.022002 0.053118 0.813995
v -0.025464 0.061475 0.810952
v -0.032306 0.077993 0.803491
v -0.035618 0.085990 0.799105
v -0.038845 0.093781 0.794298
v -0.045011 0.108665 0.783464
v -0.047934 0.115723 0.777463
v -0.050742 0.122503 0.771092
v -0.055986 0.135161 0.757303
v -0.058408 0.141009 0.749917
v -0.060690 0.146518 0.742228
v -0.064809 0.156463 0.726013
v -0.066637 0.160876 0.717527
v -0.068305 0.164902 0.708815
v -0.071142 0.171753 0.690798
v -0.072306 0.174561 0.681536
v -0.073295 0.176949 0.672136
v -0.074741 0.180442 0.653010
v -0.075195 0.181537 0.643329
v -0.075468 0.182196 0.633602
v -0.075468 0.182196 0.614101
v -0.075195 0.181537 0.604374
v -0.074741 0.180442 0.594693
v -0.073295 0.176949 0.575567
v -0.072306 0.174561 0.566167
v -0.071142 0.171753 0.556905
v -0.068305 0.164902 0.538888
v -0.066637 0.160876 0.530176
v -0.064809 0.156463 0.521690
v -0.060690 0.146518 0.505475
v -0.058408 0.141009 0.497786
v -0.055986 0.135161 0.490400
v -0.050742 0.122503 0.476611
v -0.047934 0.115723 0.470240
v -0.045011 0.108665 0.464239
v -0.038845 0.093781 0.453405
v -0.035618 0.085990 0.448598
v -0.032306 0.077993 0.444212
v -0.025464 0.061475 0.436751
v -0.022002 0.053118 0.433708
v -0.018590 0.044881 0.431148
v -0.077993 0.164902 0.547805
v -0.085990 0.160876 0.547805
v -0.093781 0.156463 0.547805
v -0.099557 0.166101 0.585083
v -0.091287 0.170785 0.585083
v -0.082797 0.175059 0.585083
v -0.046901 0.099163 0.789080
v -0.051710 0.096742 0.789080
v -0.056394 0.094088 0.789080
v -0.038845 0.064809 0.807444
v -0.035618 0.066637 0.807444
v -0.032306 0.068305 0.807444
v -0.070192 0.148408 0.513449
v -0.077389 0.144785 0.513449
v -0.084400 0.140813 0.513449
v -0.059693 0.126211 0.764367
v -0.065814 0.123129 0.764367
v -0.071777 0.119752 0.764367
v -0.059693 0.126211 0.483336
v -0.065814 0.123129 0.483336
v -0.071777 0.119752 0.483336
v -0.070192 0.148408 0.734254
v -0.077389 0.144785 0.734254
v -0.084400 0.140813 0.734254
v -0.046901 0.099163 0.458623
v -0.051710 0.096742 0.458623
v -0.056394 0.094089 0.458623
v -0.077993 0.164902 0.699898
v -0.085990 0.160876 0.699898
v -0.093781 0.156463 0.699898
v -0.032306 0.068305 0.440259
v -0.035618 0.066637 0.440259
v -0.038845 0.064809 0.440259
v -0.082797 0.175059 0.662620
v -0.091287 0.170785 0.662620
v -0.099557 0.166101 0.662620
v -0.017179 0.036270 0.429111
v -0.019004 0.035554 0.429129
v -0.020613 0.034434 0.429111
v -0.084419 0.178489 0.623852
v -0.093075 0.174131 0.623852
v -0.101507 0.169355 0.623852
v -0.017179 0.036270 0.818592
v -0.019004 0.035554 0.818574
v -0.020613 0.034434 0.818592
v -0.009477 0.047646 0.816555
v -0.011217 0.056390 0.813995
v -0.012981 0.065261 0.810952
v -0.016469 0.082797 0.803491
v -0.018158 0.091287 0.799105
v -0.019803 0.099557 0.794298
v -0.022946 0.115358 0.783464
v -0.024437 0.122851 0.777463
v -0.025868 0.130049 0.771092
v -0.028541 0.143487 0.757303
v -0.029776 0.149695 0.749917
v -0.030939 0.155543 0.742228
v -0.033039 0.166101 0.726013
v -0.033971 0.170785 0.717527
v -0.034821 0.175059 0.708815
v -0.036268 0.182332 0.690798
v -0.036861 0.185313 0.681536
v -0.037365 0.187848 0.672136
v -0.038103 0.191556 0.653010
v -0.038334 0.192719 0.643329
v -0.038473 0.193419 0.633602
v -0.038473 0.193419 0.614101
v -0.038334 0.192719 0.604374
v -0.038103 0.191556 0.594693
v -0.037365 0.187848 0.575567
v -0.036861 0.185313 0.566167
v -0.036268 0.182332 0.556905
v -0.034821 0.175059 0.538888
v -0.033971 0.170785 0.530176
v -0.033039 0.166101 0.521690
v -0.030939 0.155543 0.505475
v -0.029776 0.149695 0.497786
v -0.028541 0.143487 0.490400
v -0.025868 0.130049 0.476611
v -0.024437 0.122851 0.470240
v -0.022946 0.115358 0.464239
v -0.019803 0.099557 0.453405
v -0.018158 0.091287 0.448598
v -0.016469 0.082797 0.444212
v -0.012981 0.065261 0.436751
v -0.011217 0.056390 0.433708
v -0.009477 0.047646 0.431148
v -0.018359 0.073295 0.440259
v -0.021934 0.072306 0.440259
v -0.025455 0.071142 0.440259
v -0.036955 0.103283 0.458623
v -0.031843 0.104971 0.458623
v -0.026654 0.106408 0.458623
v -0.047053 0.187848 0.662620
v -0.056214 0.185313 0.662620
v -0.065239 0.182332 0.662620
v -0.061454 0.171753 0.699898
v -0.052952 0.174561 0.699898
v -0.044323 0.176949 0.699898
v -0.009773 0.038924 0.429111
v -0.011703 0.038578 0.429129
v -0.013499 0.037794 0.429111
v -0.047975 0.191528 0.623852
v -0.057315 0.188943 0.623852
v -0.066517 0.185904 0.623852
v -0.009773 0.038924 0.818592
v -0.011703 0.038578 0.818574
v -0.013499 0.037794 0.818592
v -0.047053 0.187848 0.585083
v -0.056214 0.185313 0.585083
v -0.065239 0.182332 0.585083
v -0.018359 0.073295 0.807444
v -0.021934 0.072306 0.807444
v -0.025455 0.071142 0.807444
v -0.044323 0.176949 0.547805
v -0.052952 0.174561 0.547805
v -0.061454 0.171753 0.547805
v -0.026654 0.106408 0.789080
v -0.031843 0.104971 0.789080
v -0.036955 0.103283 0.789080
v -0.039890 0.159250 0.513449
v -0.047656 0.157101 0.513449
v -0.055307 0.154573 0.513449
v -0.033924 0.135431 0.764367
v -0.040528 0.133603 0.764367
v -0.047035 0.131454 0.764367
v -0.033924 0.135431 0.483336
v -0.040528 0.133603 0.483336
v -0.047035 0.131454 0.483336
v -0.039890 0.159250 0.734254
v -0.047656 0.157101 0.734254
v -0.055307 0.154573 0.734254
v 0.000000 0.048579 0.816555
v 0.000000 0.057494 0.813995
v 0.000000 0.066540 0.810952
v 0.000000 0.084419 0.803491
v 0.000000 0.093075 0.799105
v 0.000000 0.101507 0.794298
v 0.000000 0.117618 0.783464
v 0.000000 0.125258 0.777463
v 0.000000 0.132597 0.771092
v 0.000000 0.146298 0.757303
v 0.000000 0.152627 0.749917
v 0.000000 0.158590 0.742228
v 0.000000 0.169355 0.726013
v 0.000000 0.174131 0.717527
v 0.000000 0.178489 0.708815
v 0.000000 0.185904 0.690798
v 0.000000 0.188943 0.681536
v 0.000000 0.191529 0.672136
v 0.000000 0.195309 0.653010
v 0.000000 0.196495 0.643329
v 0.000000 0.197208 0.633602
v 0.000000 0.197208 0.614101
v 0.000000 0.196495 0.604374
v 0.000000 0.195309 0.594693
v 0.000000 0.191529 0.575567
v 0.000000 0.188943 0.566167
v 0.000000 0.185904 0.556905
v 0.000000 0.178489 0.538888
v 0.000000 0.174131 0.530176
v 0.000000 0.169355 0.521690
v 0.000000 0.158590 0.505475
v 0.000000 0.152627 0.497786
v 0.000000 0.146298 0.490400
v 0.000000 0.132596 0.476611
v 0.000000 0.125258 0.470240
v 0.000000 0.117618 0.464239
v 0.000000 0.101507 0.453405
v 0.000000 0.093075 0.448598
v 0.000000 0.084419 0.444212
v 0.000000 0.066540 0.436751
v 0.000000 0.057494 0.433708
v 0.000000 0.048579 0.431148
v -0.005382 0.109563 0.789080
v -0.010752 0.109167 0.789080
v -0.016096 0.108508 0.789080
v -0.011087 0.074741 0.807444
v -0.007406 0.075195 0.807444
v -0.003707 0.075468 0.807444
v -0.008055 0.163972 0.513449
v -0.016091 0.163379 0.513449
v -0.024089 0.162393 0.513449
v -0.026766 0.180442 0.547805
v -0.017880 0.181537 0.547805
v -0.008951 0.182196 0.547805
v -0.006851 0.139447 0.764367
v -0.013685 0.138943 0.764367
v -0.020486 0.138104 0.764367
v -0.006851 0.139447 0.483336
v -0.013685 0.138943 0.483336
v -0.020486 0.138104 0.483336
v -0.008055 0.163972 0.734254
v -0.016091 0.163379 0.734254
v -0.024089 0.162393 0.734254
v -0.005382 0.109563 0.458623
v -0.010752 0.109167 0.458623
v -0.016096 0.108508 0.458623
v -0.008951 0.182196 0.699898
v -0.017880 0.181537 0.699898
v -0.026766 0.180442 0.699898
v -0.003707 0.075468 0.440259
v -0.007406 0.075195 0.440259
v -0.011087 0.074741 0.440259
v -0.009502 0.193419 0.662620
v -0.018981 0.192719 0.662620
v -0.028415 0.191556 0.662620
v -0.001991 0.040083 0.429111
v -0.003951 0.040120 0.429129
v -0.005867 0.039701 0.429111
v -0.009688 0.197208 0.623852
v -0.019353 0.196495 0.623852
v -0.028971 0.195309 0.623852
v -0.001991 0.040083 0.818592
v -0.003951 0.040120 0.818574
v -0.005867 0.039701 0.818592
v -0.009502 0.193419 0.585083
v -0.018981 0.192719 0.585083
v -0.028415 0.191556 0.585083
v 0.009477 0.047646 0.816555
v 0.011217 0.056390 0.813995
v 0.012981 0.065261 0.810952
v 0.016469 0.082797 0.803491
v 0.018158 0.091287 0.799105
v 0.019803 0.099557 0.794298
v 0.022946 0.115358 0.783464
v 0.024437 0.122851 0.777463
v 0.025868 0.130049 0.771092
v 0.028541 0.143487 0.757303
v 0.029776 0.149695 0.749917
v 0.030939 0.155543 0.742228
v 0.033040 0.166101 0.726013
v 0.033971 0.170785 0.717527
v 0.034821 0.175059 0.708815
v 0.036268 0.182332 0.690798
v 0.036861 0.185313 0.681536
v 0.037365 0.187848 0.672136
v 0.038103 0.191556 0.653010
v 0.038334 0.192719 0.643329
v 0.038473 0.193419 0.633602
v 0.038473 0.193419 0.614101
v 0.038334 0.192719 0.604374
v 0.038103 0.191556 0.594693
v 0.037365 0.187848 0.575567
v 0.036861 0.185313 0.566167
v 0.036268 0.182332 0.556905
v 0.034821 0.175059 0.538888
v 0.033971 0.170785 0.530176
v 0.033040 0.166101 0.521690
v 0.030939 0.155543 0.505475
v 0.029776 0.149695 0.497786
v 0.028541 0.143487 0.490400
v 0.025868 0.130049 0.476611
v 0.024437 0.122851 0.470240
v 0.022946 0.115358 0.464239
v 0.019803 0.099557 0.453405
v 0.018158 0.091287 0.448598
v 0.016469 0.082797 0.444212
v 0.012981 0.065261 0.436751
v 0.011217 0.056390 0.433708
v 0.009477 0.047646 0.431148
v 0.028415 0.191556 0.662620
v 0.018981 0.192719 0.662620
v 0.009502 0.193419 0.662620
v 0.008951 0.182196 0.699898
v 0.017880 0.181537 0.699898
v 0.026766 0.180442 0.699898
v 0.005867 0.039701 0.429111
v 0.003951 0.040120 0.429129
v 0.001991 0.040083 0.429111
v 0.003708 0.075468 0.440259
v 0.007406 0.075195 0.440259
v 0.011087 0.074741 0.440259
v 0.028971 0.195309 0.623852
v 0.019353 0.196495 0.623852
v 0.009688 0.197208 0.623852
v 0.005867 0.039701 0.818592
v 0.003951 0.040120 0.818574
v 0.001991 0.040083 0.818592
v 0.028415 0.191556 0.585083
v 0.018981 0.192719 0.585083
v 0.009502 0.193419 0.585083
v 0.011087 0.074741 0.807444
v 0.007406 0.075195 0.807444
v 0.003708 0.075468 0.807444
v 0.026766 0.180442 0.547805
v 0.017880 0.181537 0.547805
v 0.008951 0.182196 0.547805
v 0.016096 0.108508 0.789080
v 0.010752 0.109167 0.789080
v 0.005382 0.109563 0.789080
v 0.024089 0.162393 0.513449
v 0.016091 0.163379 0.513449
v 0.008055 0.163972 0.513449
v 0.020486 0.138104 0.764367
v 0.013685 0.138943 0.764367
v 0.006851 0.139447 0.764367
v 0.020486 0.138104 0.483336
v 0.013685 0.138943 0.483336
v 0.006851 0.139447 0.483336
v 0.024089 0.162393 0.734254
v 0.016091 0.163379 0.734254
v 0.008055 0.163972 0.734254
v 0.016096 0.108508 0.458623
v 0.010752 0.109167 0.458623
v 0.005382 0.109563 0.458623
v 0.018590 0.044881 0.816555
v 0.022002 0.053118 0.813995
v 0.025464 0.061475 0.810952
v 0.032306 0.077993 0.803491
v 0.035618 0.085990 0.799105
v 0.038845 0.093781 0.794298
v 0.045011 0.108665 0.783464
v 0.047934 0.115723 0.777463
v 0.050742 0.122503 0.771092
v 0.055986 0.135161 0.757303
v 0.058408 0.141009 0.749917
v 0.060690 0.146518 0.742228
v 0.064809 0.156463 0.726013
v 0.066637 0.160876 0.717527
v 0.068305 0.164902 0.708815
v 0.071142 0.171753 0.690798
v 0.072306 0.174561 0.681536
v 0.073295 0.176949 0.672136
v 0.074741 0.180442 0.653010
v 0.075195 0.181537 0.643329
v 0.075468 0.182196 0.633602
v 0.075468 0.182196 0.614101
v 0.075195 0.181537 0.604374
v 0.074741 0.180442 0.594693
v 0.073295 0.176949 0.575567
v 0.072306 0.174561 0.566167
v 0.071142 0.171753 0.556905
v 0.068305 0.164902 0.538888
v 0.066637 0.160876 0.530176
v 0.064809 0.156463 0.521690
v 0.060690 0.146518 0.505475
v 0.058408 0.141009 0.497786
v 0.055986 0.135161 0.490400
v 0.050742 0.122503 0.476611
v 0.047934 0.115723 0.470240
v 0.045011 0.108665 0.464239
v 0.038845 0.093781 0.453405
v 0.035618 0.085990 0.448598
v 0.032306 0.077993 0.444212
v 0.025464 0.061475 0.436751
v 0.022002 0.053118 0.433708
v 0.018590 0.044881 0.431148
v 0.055307 0.154573 0.513449
v 0.047656 0.157101 0.513449
v 0.039890 0.159250 0.513449
v 0.044323 0.176949 0.547805
v 0.052953 0.174561 0.547805
v 0.061454 0.171753 0.547805
v 0.047035 0.131454 0.764367
v 0.040528 0.133603 0.764367
v 0.033924 0.135431 0.764367
v 0.026654 0.106408 0.789080
v 0.031843 0.104971 0.789080
v 0.036955 0.103283 0.789080
v 0.047035 0.131454 0.483336
v 0.040528 0.133603 0.483336
v 0.033924 0.135431 0.483336
v 0.055307 0.154573 0.734254
v 0.047656 0.157101 0.734254
v 0.039890 0.159250 0.734254
v 0.036955 0.103283 0.458623
v 0.031843 0.104971 0.458623
v 0.026654 0.106408 0.458623
v 0.061454 0.171753 0.699898
v 0.052953 0.174561 0.699898
v 0.044323 0.176949 0.699898
v 0.025455 0.071142 0.440259
v 0.021934 0.072306 0.440259
v 0.018359 0.073295 0.440259
v 0.065239 0.182332 0.662620
v 0.056214 0.185313 0.662620
v 0.047054 0.187848 0.662620
v 0.013499 0.037794 0.429111
v 0.011703 0.038578 0.429129
v 0.009773 0.038924 0.429111
v 0.066518 0.185904 0.623852
v 0.057315 0.188943 0.623852
v 0.047975 0.191528 0.623852
v 0.013499 0.037794 0.818592
v 0.011703 0.038578 0.818574
v 0.009773 0.038924 0.818592
v 0.065239 0.182332 0.585083
v 0.056214 0.185313 0.585083
v 0.047054 0.187848 0.585083
v 0.025455 0.071142 0.807444
v 0.021934 0.072306 0.807444
v 0.018359 0.073295 0.807444
v 0.026989 0.040392 0.816555
v 0.031942 0.047805 0.813995
v 0.036968 0.055326 0.810952
v 0.046901 0.070192 0.803491
v 0.051710 0.077389 0.799105
v 0.056395 0.084400 0.794298
v 0.065345 0.097796 0.783464
v 0.069590 0.104148 0.777463
v 0.073667 0.110250 0.771092
v 0.081279 0.121642 0.757303
v 0.084795 0.126905 0.749917
v 0.088108 0.131863 0.742228
v 0.094089 0.140813 0.726013
v 0.096742 0.144785 0.717527
v 0.099163 0.148408 0.708815
v 0.103283 0.154573 0.690798
v 0.104971 0.157101 0.681536
v 0.106408 0.159250 0.672136
v 0.108508 0.162393 0.653010
v 0.109167 0.163379 0.643329
v 0.109563 0.163972 0.633602
v 0.109563 0.163972 0.614101
v 0.109167 0.163379 0.604374
v 0.108508 0.162393 0.594693
v 0.106408 0.159250 0.575567
v 0.104971 0.157101 0.566167
v 0.103283 0.154573 0.556905
v 0.099163 0.148408 0.538888
v 0.096742 0.144785 0.530176
v 0.094089 0.140813 0.521690
v 0.088108 0.131863 0.505475
v 0.084795 0.126905 0.497786
v 0.081279 0.121642 0.490400
v 0.073667 0.110250 0.476611
v 0.069590 0.104148 0.470240
v 0.065345 0.097796 0.464239
v 0.056395 0.084400 0.453405
v 0.051710 0.077389 0.448598
v 0.046901 0.070192 0.444212
v 0.036968 0.055326 0.436751
v 0.031942 0.047805 0.433708
v 0.026989 0.040392 0.431148
v 0.020613 0.034434 0.429111
v 0.019004 0.035554 0.429129
v 0.017179 0.036270 0.429111
v 0.032306 0.068305 0.440259
v 0.035618 0.066637 0.440259
v 0.038845 0.064809 0.440259
v 0.101507 0.169355 0.623852
v 0.093075 0.174131 0.623852
v 0.084419 0.178489 0.623852
v 0.082797 0.175059 0.662620
v 0.091287 0.170785 0.662620
v 0.099557 0.166101 0.662620
v 0.020613 0.034434 0.818592
v 0.019004 0.035554 0.818574
v 0.017179 0.036270 0.818592
v 0.099557 0.166101 0.585083
v 0.091287 0.170785 0.585083
v 0.082797 0.175059 0.585083
v 0.038845 0.064809 0.807444
v 0.035618 0.066637 0.807444
v 0.032306 0.068305 0.807444
v 0.093781 0.156463 0.547805
v 0.085990 0.160876 0.547805
v 0.077993 0.164902 0.547805
v 0.056395 0.094088 0.789080
v 0.051710 0.096742 0.789080
v 0.046901 0.099163 0.789080
v 0.084400 0.140813 0.513449
v 0.077389 0.144785 0.513449
v 0.070192 0.148408 0.513449
v 0.071777 0.119752 0.764367
v 0.065814 0.123129 0.764367
v 0.059693 0.126211 0.764367
v 0.071777 0.119752 0.483336
v 0.065814 0.123129 0.483336
v 0.059693 0.126211 0.483336
v 0.084400 0.140813 0.734254
v 0.077389 0.144785 0.734254
v 0.070192 0.148408 0.734254
v 0.056395 0.094088 0.458623
v 0.051710 0.096742 0.458623
v 0.046901 0.099163 0.458623
v 0.093781 0.156463 0.699898
v 0.085990 0.160876 0.699898
v 0.077993 0.164902 0.699898
v 0.034351 0.034351 0.816555
v 0.040655 0.040655 0.813995
v 0.047051 0.047051 0.810952
v 0.059693 0.059693 0.803491
v 0.065814 0.065814 0.799105
v 0.071777 0.071777 0.794298
v 0.083169 0.083169 0.783464
v 0.088571 0.088571 0.777463
v 0.093760 0.093760 0.771092
v 0.103448 0.103448 0.757303
v 0.107924 0.107924 0.749917
v 0.112140 0.112140 0.742228
v 0.119752 0.119752 0.726013
v 0.123129 0.123129 0.717527
v 0.126211 0.126211 0.708815
v 0.131454 0.131454 0.690798
v 0.133603 0.133603 0.681536
v 0.135431 0.135431 0.672136
v 0.138104 0.138104 0.653010
v 0.138943 0.138943 0.643329
v 0.139447 0.139447 0.633602
v 0.139447 0.139447 0.614101
v 0.138943 0.138943 0.604374
v 0.138104 0.138104 0.594693
v 0.135431 0.135431 0.575567
v 0.133603 0.133603 0.566167
v 0.131454 0.131454 0.556905
v 0.126211 0.126211 0.538888
v 0.123129 0.123129 0.530176
v 0.119752 0.119752 0.521690
v 0.112140 0.112140 0.505475
v 0.107924 0.107924 0.497786
v 0.103448 0.103448 0.490400
v 0.093760 0.093760 0.476611
v 0.088571 0.088571 0.470240
v 0.083169 0.083169 0.464239
v 0.071777 0.071777 0.453405
v 0.065814 0.065814 0.448598
v 0.059693 0.059693 0.444212
v 0.047051 0.047051 0.436751
v 0.040655 0.040655 0.433708
v 0.034351 0.034351 0.431148
v 0.093760 0.103448 0.483336
v 0.088571 0.107924 0.483336
v 0.083169 0.112140 0.483336
v 0.097796 0.131863 0.513449
v 0.104148 0.126905 0.513449
v 0.110250 0.121642 0.513449
v 0.110250 0.121642 0.734254
v 0.104148 0.126905 0.734254
v 0.097796 0.131863 0.734254
v 0.083169 0.112140 0.764367
v 0.088571 0.107924 0.764367
v 0.093760 0.103448 0.764367
v 0.073667 0.081279 0.458623
v 0.069590 0.084795 0.458623
v 0.065345 0.088108 0.458623
v 0.122503 0.135161 0.699898
v 0.115723 0.141009 0.699898
v 0.108665 0.146518 0.699898
v 0.050742 0.055986 0.440259
v 0.047934 0.058408 0.440259
v 0.045011 0.060690 0.440259
v 0.130049 0.143486 0.662620
v 0.122851 0.149695 0.662620
v 0.115358 0.155543 0.662620
v 0.026935 0.029751 0.429111
v 0.025575 0.031163 0.429129
v 0.023925 0.032222 0.429111
v 0.132596 0.146297 0.623852
v 0.125258 0.152627 0.623852
v 0.117618 0.158590 0.623852
v 0.026935 0.029751 0.818592
v 0.025575 0.031163 0.818574
v 0.023925 0.032221 0.818592
v 0.130049 0.143486 0.585083
v 0.122851 0.149695 0.585083
v 0.115358 0.155543 0.585083
v 0.050742 0.055986 0.807444
v 0.047934 0.058408 0.807444
v 0.045011 0.060690 0.807444
v 0.122503 0.135161 0.547805
v 0.115723 0.141009 0.547805
v 0.108665 0.146518 0.547805
v 0.073667 0.081279 0.789080
v 0.069590 0.084795 0.789080
v 0.065345 0.088108 0.789080
v 0.040392 0.026989 0.816555
v 0.047805 0.031942 0.813995
v 0.055326 0.036968 0.810952
v 0.070192 0.046901 0.803491
v 0.077389 0.051710 0.799105
v 0.084400 0.056394 0.794298
v 0.097796 0.065345 0.783464
v 0.104148 0.069590 0.777463
v 0.110250 0.073667 0.771092
v 0.121642 0.081279 0.757303
v 0.126905 0.084795 0.749917
v 0.131863 0.088108 0.742228
v 0.140813 0.094088 0.726013
v 0.144785 0.096742 0.717527
v 0.148408 0.099163 0.708815
v 0.154573 0.103283 0.690798
v 0.157101 0.104971 0.681536
v 0.159250 0.106408 0.672136
v 0.162393 0.108508 0.653010
v 0.163379 0.109166 0.643329
v 0.163972 0.109563 0.633602
v 0.163972 0.109563 0.614101
v 0.163379 0.109166 0.604374
v 0.162393 0.108508 0.594693
v 0.159250 0.106408 0.575567
v 0.157101 0.104971 0.566167
v 0.154573 0.103283 0.556905
v 0.148408 0.099163 0.538888
v 0.144785 0.096742 0.530176
v 0.140813 0.094088 0.521690
v 0.131863 0.088108 0.505475
v 0.126905 0.084795 0.497786
v 0.121642 0.081279 0.490400
v 0.110250 0.073667 0.476611
v 0.104148 0.069590 0.470240
v 0.097796 0.065345 0.464239
v 0.084400 0.056394 0.453405
v 0.077389 0.051710 0.448598
v 0.070192 0.046901 0.444212
v 0.055326 0.036968 0.436751
v 0.047805 0.031942 0.433708
v 0.040392 0.026989 0.431148
v 0.032222 0.023925 0.818592
v 0.031163 0.025575 0.818574
v 0.029751 0.026935 0.818592
v 0.029751 0.026935 0.429111
v 0.031163 0.025575 0.429129
v 0.032222 0.023925 0.429111
v 0.155543 0.115358 0.585083
v 0.149695 0.122851 0.585083
v 0.143487 0.130049 0.585083
v 0.146298 0.132596 0.623852
v 0.152627 0.125258 0.623852
v 0.158590 0.117618 0.623852
v 0.060690 0.045011 0.807444
v 0.058408 0.047934 0.807444
v 0.055986 0.050742 0.807444
v 0.146518 0.108665 0.547805
v 0.141009 0.115723 0.547805
v 0.135161 0.122503 0.547805
v 0.088108 0.065345 0.789080
v 0.084795 0.069590 0.789080
v 0.081279 0.073667 0.789080
v 0.131863 0.097796 0.513449
v 0.126905 0.104148 0.513449
v 0.121642 0.110250 0.513449
v 0.112140 0.083169 0.764367
v 0.107924 0.088571 0.764367
v 0.103448 0.093760 0.764367
v 0.112140 0.083169 0.483336
v 0.107924 0.088571 0.483336
v 0.103448 0.093760 0.483336
v 0.131863 0.097796 0.734254
v 0.126905 0.104148 0.734254
v 0.121642 0.110250 0.734254
v 0.088108 0.065345 0.458623
v 0.084795 0.069590 0.458623
v 0.081279 0.073667 0.458623
v 0.146518 0.108665 0.699898
v 0.141009 0.115723 0.699898
v 0.135161 0.122503 0.699898
v 0.060690 0.045011 0.440259
v 0.058408 0.047934 0.440259
v 0.055986 0.050742 0.440259
v 0.155543 0.115358 0.662620
v 0.149695 0.122851 0.662620
v 0.143487 0.130049 0.662620
v 0.044881 0.018590 0.816555
v 0.053118 0.022002 0.813995
v 0.061475 0.025464 0.810952
v 0.077993 0.032306 0.803491
v 0.085990 0.035618 0.799105
v 0.093781 0.038845 0.794298
v 0.108665 0.045011 0.783464
v 0.115723 0.047934 0.777463
v 0.122503 0.050742 0.771092
v 0.135161 0.055986 0.757303
v 0.141009 0.058408 0.749917
v 0.146518 0.060690 0.742228
v 0.156463 0.064809 0.726013
v 0.160876 0.066637 0.717527
v 0.164902 0.068305 0.708815
v 0.171753 0.071142 0.690798
v 0.174561 0.072306 0.681536
v 0.176949 0.073295 0.672136
v 0.180442 0.074741 0.653010
v 0.181537 0.075195 0.643329
v 0.182196 0.075468 0.633602
v 0.182196 0.075468 0.614101
v 0.181537 0.075195 0.604374
v 0.180442 0.074741 0.594693
v 0.176949 0.073295 0.575567
v 0.174561 0.072306 0.566167
v 0.171753 0.071142 0.556905
v 0.164902 0.068305 0.538888
v 0.160876 0.066637 0.530176
v 0.156463 0.064809 0.521690
v 0.146518 0.060690 0.505475
v 0.141009 0.058408 0.497786
v 0.135161 0.055986 0.490400
v 0.122503 0.050742 0.476611
v 0.115723 0.047934 0.470240
v 0.108665 0.045011 0.464239
v 0.093781 0.038845 0.453405
v 0.085990 0.035618 0.448598
v 0.077993 0.032306 0.444212
v 0.061475 0.025464 0.436751
v 0.053118 0.022002 0.433708
v 0.044881 0.018590 0.431148
v 0.148408 0.070192 0.734254
v 0.144785 0.077389 0.734254
v 0.140813 0.084400 0.734254
v 0.119752 0.071777 0.764367
v 0.123129 0.065814 0.764367
v 0.126211 0.059693 0.764367
v 0.099163 0.046901 0.458623
v 0.096742 0.051710 0.458623
v 0.094088 0.056394 0.458623
v 0.119752 0.071777 0.483336
v 0.123129 0.065814 0.483336
v 0.126211 0.059693 0.483336
v 0.164902 0.077993 0.699898
v 0.160876 0.085990 0.699898
v 0.156463 0.093781 0.699898
v 0.068305 0.032306 0.440259
v 0.066637 0.035618 0.440259
v 0.064809 0.038845 0.440259
v 0.175059 0.082797 0.662620
v 0.170785 0.091287 0.662620
v 0.166101 0.099557 0.662620
v 0.036270 0.017179 0.429111
v 0.035554 0.019004 0.429129
v 0.034434 0.020613 0.429111
v 0.178489 0.084419 0.623852
v 0.174131 0.093075 0.623852
v 0.169355 0.101507 0.623852
v 0.036270 0.017179 0.818592
v 0.035554 0.019004 0.818574
v 0.034434 0.020613 0.818592
v 0.175059 0.082797 0.585083
v 0.170785 0.091287 0.585083
v 0.166101 0.099557 0.585083
v 0.068305 0.032306 0.807444
v 0.066637 0.035618 0.807444
v 0.064809 0.038845 0.807444
v 0.164902 0.077993 0.547805
v 0.160876 0.085990 0.547805
v 0.156463 0.093781 0.547805
v 0.099163 0.046901 0.789080
v 0.096742 0.051710 0.789080
v 0.094088 0.056394 0.789080
v 0.148408 0.070192 0.513449
v 0.144785 0.077389 0.513449
v 0.140813 0.084400 0.513449
v 0.047646 0.009477 0.816555
v 0.056390 0.011217 0.813995
v 0.065261 0.012981 0.810952
v 0.082797 0.016469 0.803491
v 0.091287 0.018158 0.799105
v 0.099557 0.019803 0.794298
v 0.115358 0.022946 0.783464
v 0.122851 0.024437 0.777463
v 0.130049 0.025868 0.771092
v 0.143487 0.028541 0.757303
v 0.149695 0.029776 0.749917
v 0.155543 0.030939 0.742228
v 0.166101 0.033039 0.726013
v 0.170785 0.033971 0.717527
v 0.175059 0.034821 0.708815
v 0.182332 0.036268 0.690798
v 0.185313 0.036861 0.681536
v 0.187848 0.037365 0.672136
v 0.191556 0.038103 0.653010
v 0.192719 0.038334 0.643329
v 0.193419 0.038473 0.633602
v 0.193419 0.038473 0.614101
v 0.192719 0.038334 0.604374
v 0.191556 0.038103 0.594693
v 0.187848 0.037365 0.575567
v 0.185313 0.036861 0.566167
v 0.182332 0.036268 0.556905
v 0.175059 0.034821 0.538888
v 0.170785 0.033971 0.530176
v 0.166101 0.033039 0.521690
v 0.155543 0.030939 0.505475
v 0.149695 0.029776 0.497786
v 0.143487 0.028541 0.490400
v 0.130049 0.025868 0.476611
v 0.122851 0.024437 0.470240
v 0.115358 0.022946 0.464239
v 0.099557 0.019803 0.453405
v 0.091287 0.018158 0.448598
v 0.082797 0.016469 0.444212
v 0.065261 0.012981 0.436751
v 0.056390 0.011217 0.433708
v 0.047646 0.009477 0.431148
v 0.187848 0.047053 0.585083
v 0.185313 0.056214 0.585083
v 0.182332 0.065239 0.585083
v 0.185904 0.066517 0.623852
v 0.188943 0.057315 0.623852
v 0.191528 0.047975 0.623852
v 0.073295 0.018359 0.807444
v 0.072306 0.021934 0.807444
v 0.071142 0.025455 0.807444
v 0.037794 0.013499 0.818592
v 0.038578 0.011703 0.818574
v 0.038924 0.009773 0.818592
v 0.176949 0.044323 0.547805
v 0.174561 0.052952 0.547805
v 0.171753 0.061454 0.547805
v 0.106408 0.026654 0.789080
v 0.104971 0.031843 0.789080
v 0.103283 0.036955 0.789080
v 0.159250 0.039890 0.513449
v 0.157101 0.047656 0.513449
v 0.154573 0.055307 0.513449
v 0.135431 0.033924 0.764367
v 0.133603 0.040528 0.764367
v 0.131454 0.047035 0.764367
v 0.135431 0.033924 0.483336
v 0.133603 0.040528 0.483336
v 0.131454 0.047035 0.483336
v 0.159250 0.039890 0.734254
v 0.157101 0.047656 0.734254
v 0.154573 0.055307 0.734254
v 0.106408 0.026654 0.458623
v 0.104971 0.031843 0.458623
v 0.103283 0.036955 0.458623
v 0.176949 0.044323 0.699898
v 0.174561 0.052952 0.699898
v 0.171753 0.061454 0.699898
v 0.073295 0.018359 0.440259
v 0.072306 0.021934 0.440259
v 0.071142 0.025455 0.440259
v 0.187848 0.047053 0.662620
v 0.185313 0.056214 0.662620
v 0.182332 0.065239 0.662620
v 0.038924 0.009773 0.429111
v 0.038578 0.011703 0.429129
v 0.037794 0.013499 0.429111
v 0.048579 -0.000000 0.816555
v 0.057494 -0.000000 0.813995
v 0.066540 -0.000000 0.810952
v 0.132596 -0.000000 0.476611
v 0.125258 -0.000000 0.470240
v 0.117618 -0.000000 0.464239
v 0.101507 -0.000000 0.453405
v 0.093075 -0.000000 0.448598
v 0.084419 -0.000000 0.444212
v 0.066540 -0.000000 0.436751
v 0.057494 -0.000000 0.433708
v 0.048579 -0.000000 0.431148
v 0.109563 0.005382 0.458623
v 0.109167 0.010752 0.458623
v 0.108508 0.016096 0.458623
v 0.138104 0.020486 0.483336
v 0.138943 0.013685 0.483336
v 0.139447 0.006851 0.483336
v 0.182196 0.008951 0.699898
v 0.181537 0.017880 0.699898
v 0.180442 0.026766 0.699898
v 0.075468 0.003707 0.440259
v 0.075195 0.007406 0.440259
v 0.074741 0.011087 0.440259
v 0.040083 0.001991 0.429111
v 0.040120 0.003951 0.429129
v 0.039701 0.005867 0.429111
v 0.040083 0.001991 0.818592
v 0.040120 0.003951 0.818574
v 0.039701 0.005867 0.818592
v 0.075468 0.003707 0.807444
v 0.075195 0.007406 0.807444
v 0.074741 0.011087 0.807444
v 0.182196 0.008951 0.547805
v 0.181537 0.017880 0.547805
v 0.180442 0.026766 0.547805
v 0.139447 0.006851 0.764367
v 0.138943 0.013685 0.764367
v 0.138104 0.020486 0.764367
v 0.015089 -0.000000 0.822242
v 0.023628 -0.000000 0.821324
v 0.031697 -0.000000 0.820165
v 0.084419 -0.000000 0.803491
v 0.093075 -0.000000 0.799105
v 0.101507 -0.000000 0.794298
v 0.117618 -0.000000 0.783464
v 0.125258 -0.000000 0.777463
v 0.132597 -0.000000 0.771092
v 0.146298 -0.000000 0.757303
v 0.152627 -0.000000 0.749917
v 0.158590 -0.000000 0.742228
v 0.169355 -0.000000 0.726013
v 0.174131 -0.000000 0.717527
v 0.178489 -0.000000 0.708815
v 0.185904 -0.000000 0.690798
v 0.188943 -0.000000 0.681536
v 0.191529 -0.000000 0.672136
v 0.191529 -0.000000 0.575567
v 0.188943 -0.000000 0.566167
v 0.185904 -0.000000 0.556905
v 0.178489 -0.000000 0.538888
v 0.174131 -0.000000 0.530176
v 0.169355 -0.000000 0.521690
v 0.158590 -0.000000 0.505475
v 0.152627 -0.000000 0.497786
v 0.146298 -0.000000 0.490400
v 0.031697 -0.000000 0.427538
v 0.023628 -0.000000 0.426379
v 0.015089 -0.000000 0.425461
v 0.014799 -0.002944 0.822242
v 0.023174 -0.004610 0.821324
v 0.031088 -0.006184 0.820165
v 0.031088 -0.006184 0.427538
v 0.023174 -0.004610 0.426379
v 0.014799 -0.002944 0.425461
v 0.139447 -0.006851 0.764367
v 0.138943 -0.013685 0.764367
v 0.138104 -0.020486 0.764367
v 0.108508 -0.016096 0.458623
v 0.109167 -0.010752 0.458623
v 0.109563 -0.005382 0.458623
v 0.139447 -0.006851 0.483336
v 0.138943 -0.013685 0.483336
v 0.138104 -0.020486 0.483336
v 0.180442 -0.026766 0.699898
v 0.181537 -0.017880 0.699898
v 0.182196 -0.008951 0.699898
v 0.074741 -0.011087 0.440259
v 0.075195 -0.007406 0.440259
v 0.075468 -0.003708 0.440259
v 0.039701 -0.005867 0.429111
v 0.040120 -0.003951 0.429129
v 0.040083 -0.001991 0.429111
v 0.039701 -0.005867 0.818592
v 0.040120 -0.003951 0.818574
v 0.040083 -0.001991 0.818592
v 0.074741 -0.011087 0.807444
v 0.075195 -0.007406 0.807444
v 0.075468 -0.003708 0.807444
v 0.180442 -0.026766 0.547805
v 0.181537 -0.017880 0.547805
v 0.182196 -0.008951 0.547805
v 0.013940 -0.005774 0.822242
v 0.021829 -0.009042 0.821324
v 0.029284 -0.012130 0.820165
v 0.029284 -0.012130 0.427538
v 0.021829 -0.009042 0.426379
v 0.013940 -0.005774 0.425461
v 0.012546 -0.008383 0.822242
v 0.019646 -0.013127 0.821324
v 0.026355 -0.017610 0.820165
v 0.026355 -0.017610 0.427538
v 0.019646 -0.013127 0.426379
v 0.012546 -0.008383 0.425461
v 0.010669 -0.010669 0.822242
v 0.016707 -0.016707 0.821324
v 0.022413 -0.022413 0.820165
v 0.022413 -0.022413 0.427538
v 0.016707 -0.016707 0.426379
v 0.010669 -0.010669 0.425461
v 0.008383 -0.012546 0.822242
v 0.013127 -0.019646 0.821324
v 0.017610 -0.026355 0.820165
v 0.017610 -0.026355 0.427538
v 0.013127 -0.019646 0.426379
v 0.008383 -0.012546 0.425461
v 0.012130 -0.029284 0.427538
v 0.009042 -0.021829 0.426379
v 0.005774 -0.013940 0.425461
v 0.002944 -0.014799 0.822242
v 0.004610 -0.023174 0.821324
v 0.006184 -0.031088 0.820165
v 0.006184 -0.031088 0.427538
v 0.004610 -0.023174 0.426379
v 0.002944 -0.014799 0.425461
v -0.000000 -0.015089 0.822242
v -0.000000 -0.023628 0.821324
v -0.000000 -0.031697 0.820165
v -0.000000 -0.031697 0.427538
v -0.000000 -0.023628 0.426379
v -0.000000 -0.015089 0.425461
v -0.002944 -0.014799 0.822242
v -0.004610 -0.023174 0.821324
v -0.006184 -0.031088 0.820165
v -0.006184 -0.031088 0.427538
v -0.004610 -0.023174 0.426379
v -0.002944 -0.014799 0.425461
v -0.005774 -0.013940 0.822242
v -0.009042 -0.021829 0.821324
v -0.012130 -0.029284 0.820165
v -0.012130 -0.029284 0.427538
v -0.009042 -0.021829 0.426379
v -0.005774 -0.013940 0.425461
v -0.008383 -0.012546 0.822242
v -0.013127 -0.019646 0.821324
v -0.017610 -0.026355 0.820165
v -0.017610 -0.026355 0.427538
v -0.013127 -0.019646 0.426379
v -0.008383 -0.012546 0.425461
v -0.010669 -0.010669 0.822242
v -0.016707 -0.016707 0.821324
v -0.022413 -0.022413 0.820165
v -0.022413 -0.022413 0.427538
v -0.016707 -0.016707 0.426379
v -0.010669 -0.010669 0.425461
v -0.012546 -0.008383 0.822242
v -0.019646 -0.013127 0.821324
v -0.026355 -0.017610 0.820165
v -0.026355 -0.017610 0.427538
v -0.019646 -0.013127 0.426379
v -0.012546 -0.008383 0.425461
v -0.013940 -0.005774 0.822242
v -0.021829 -0.009042 0.821324
v -0.029284 -0.012130 0.820165
v -0.029284 -0.012130 0.427538
v -0.021829 -0.009042 0.426379
v -0.013940 -0.005774 0.425461
v -0.014799 -0.002944 0.822242
v -0.023174 -0.004610 0.821324
v -0.031088 -0.006184 0.820165
v -0.031088 -0.006184 0.427538
v -0.023174 -0.004610 0.426379
v -0.014799 -0.002944 0.425461
v -0.015089 0.000000 0.822242
v -0.023628 0.000000 0.821324
v -0.031697 0.000000 0.820165
v -0.031697 0.000000 0.427538
v -0.023628 0.000000 0.426379
v -0.015089 0.000000 0.425461
v -0.014799 0.002944 0.822242
v -0.023174 0.004610 0.821324
v -0.031088 0.006184 0.820165
v -0.031088 0.006184 0.427538
v -0.023174 0.004610 0.426379
v -0.014799 0.002944 0.425461
v -0.013940 0.005774 0.822242
v -0.021829 0.009042 0.821324
v -0.029284 0.012130 0.820165
v -0.029284 0.012130 0.427538
v -0.021829 0.009042 0.426379
v -0.013940 0.005774 0.425461
v -0.012546 0.008383 0.822242
v -0.019646 0.013127 0.821324
v -0.026355 0.017610 0.820165
v -0.026355 0.017610 0.427538
v -0.019646 0.013127 0.426379
v -0.012546 0.008383 0.425461
v -0.010669 0.010669 0.822242
v -0.016707 0.016707 0.821324
v -0.022413 0.022413 0.820165
v -0.008383 0.012546 0.822242
v -0.013127 0.019646 0.821324
v -0.017610 0.026355 0.820165
v -0.017610 0.026355 0.427538
v -0.013127 0.019646 0.426379
v -0.008383 0.012546 0.425461
v -0.005774 0.013940 0.822242
v -0.009042 0.021829 0.821324
v -0.012130 0.029284 0.820165
v -0.012130 0.029284 0.427538
v -0.009042 0.021829 0.426379
v -0.005774 0.013940 0.425461
v -0.002944 0.014799 0.822242
v -0.004610 0.023174 0.821324
v -0.006184 0.031088 0.820165
v -0.006184 0.031088 0.427538
v -0.004610 0.023174 0.426379
v -0.002944 0.014799 0.425461
v 0.000000 0.015089 0.822242
v 0.000000 0.023628 0.821324
v 0.000000 0.031697 0.820165
v 0.000000 0.031697 0.427538
v 0.000000 0.023628 0.426379
v 0.000000 0.015089 0.425461
v 0.002944 0.014799 0.822242
v 0.004610 0.023174 0.821324
v 0.006184 0.031088 0.820165
v 0.006184 0.031088 0.427538
v 0.004610 0.023174 0.426379
v 0.002944 0.014799 0.425461
v 0.005774 0.013940 0.822242
v 0.009042 0.021829 0.821324
v 0.012130 0.029284 0.820165
v 0.012130 0.029284 0.427538
v 0.009042 0.021829 0.426379
v 0.005774 0.013940 0.425461
v 0.008383 0.012546 0.822242
v 0.013127 0.019646 0.821324
v 0.017610 0.026355 0.820165
v 0.017610 0.026355 0.427538
v 0.013127 0.019646 0.426379
v 0.008383 0.012546 0.425461
v 0.010669 0.010669 0.822242
v 0.016707 0.016707 0.821324
v 0.022413 0.022413 0.820165
v 0.022413 0.022413 0.427538
v 0.016707 0.016707 0.426379
v 0.010669 0.010669 0.425461
v 0.012546 0.008383 0.822242
v 0.019646 0.013127 0.821324
v 0.026355 0.017610 0.820165
v 0.026355 0.017610 0.427538
v 0.019646 0.013127 0.426379
v 0.012546 0.008383 0.425461
v 0.013940 0.005774 0.822242
v 0.021829 0.009042 0.821324
v 0.029284 0.012130 0.820165
v 0.029284 0.012130 0.427538
v 0.021829 0.009042 0.426379
v 0.013940 0.005774 0.425461
v 0.014799 0.002944 0.822242
v 0.023174 0.004610 0.821324
v 0.031088 0.006184 0.820165
v 0.031088 0.006184 0.427538
v 0.023174 0.004610 0.426379
v 0.014799 0.002944 0.425461
v 0.162393 0.024089 0.734254
v 0.163379 0.016091 0.734254
v 0.163972 0.008055 0.734254
v 0.193419 0.009502 0.662620
v 0.192719 0.018981 0.662620
v 0.191556 0.028415 0.662620
v 0.197208 0.009688 0.623852
v 0.196495 0.019353 0.623852
v 0.195309 0.028971 0.623852
v 0.193419 0.009502 0.585083
v 0.192719 0.018981 0.585083
v 0.191556 0.028415 0.585083
v 0.109563 0.005382 0.789080
v 0.109167 0.010752 0.789080
v 0.108508 0.016096 0.789080
v 0.163972 0.008055 0.513449
v 0.163379 0.016091 0.513449
v 0.162393 0.024089 0.513449
v 0.158399 -0.007782 0.742228
v 0.152443 -0.007489 0.749917
v 0.146121 -0.007178 0.757303
v 0.157826 -0.015544 0.742228
v 0.151892 -0.014960 0.749917
v 0.145593 -0.014340 0.757303
v 0.156873 -0.023270 0.742228
v 0.150975 -0.022395 0.749917
v 0.144714 -0.021466 0.757303
v 0.117476 -0.005771 0.464239
v 0.125107 -0.006146 0.470240
v 0.132436 -0.006506 0.476611
v 0.117051 -0.011529 0.464239
v 0.124654 -0.012277 0.470240
v 0.131958 -0.012997 0.476611
v 0.116345 -0.017258 0.464239
v 0.123902 -0.018379 0.470240
v 0.131161 -0.019456 0.476611
v 0.178273 -0.008758 0.708815
v 0.173921 -0.008544 0.717527
v 0.169151 -0.008310 0.726013
v 0.177629 -0.017495 0.708815
v 0.173292 -0.017068 0.717527
v 0.168539 -0.016600 0.726013
v 0.176557 -0.026190 0.708815
v 0.172246 -0.025550 0.717527
v 0.167522 -0.024850 0.726013
v 0.084317 -0.004142 0.444212
v 0.092963 -0.004567 0.448598
v 0.101385 -0.004981 0.453405
v 0.084012 -0.008274 0.444212
v 0.092627 -0.009123 0.448598
v 0.101018 -0.009949 0.453405
v 0.083505 -0.012387 0.444212
v 0.092068 -0.013657 0.448598
v 0.100409 -0.014894 0.453405
v 0.191297 -0.009398 0.672136
v 0.188716 -0.009271 0.681536
v 0.185680 -0.009122 0.690798
v 0.190606 -0.018773 0.672136
v 0.188033 -0.018520 0.681536
v 0.185008 -0.018222 0.690798
v 0.189455 -0.028103 0.672136
v 0.186898 -0.027724 0.681536
v 0.183891 -0.027278 0.690798
v 0.048597 -0.002397 0.431156
v 0.057447 -0.002825 0.433710
v 0.066462 -0.003265 0.436752
v 0.048497 -0.004777 0.431163
v 0.057262 -0.005640 0.433712
v 0.066225 -0.006523 0.436752
v 0.048130 -0.007130 0.431156
v 0.056895 -0.008437 0.433710
v 0.065822 -0.009764 0.436752
v 0.196970 -0.009676 0.633602
v 0.196258 -0.009641 0.643329
v 0.195073 -0.009583 0.653010
v 0.196258 -0.019330 0.633602
v 0.195548 -0.019260 0.643329
v 0.194368 -0.019144 0.653010
v 0.195073 -0.028936 0.633602
v 0.194368 -0.028832 0.643329
v 0.193194 -0.028658 0.653010
v 0.027067 -0.002666 0.820906
v 0.032096 -0.001643 0.820120
v 0.024843 -0.001506 0.821192
v 0.018486 -0.001821 0.821914
v 0.024660 -0.003370 0.821192
v 0.031800 -0.004650 0.820120
v 0.032494 -0.003200 0.820062
v 0.027067 -0.002666 0.426798
v 0.018486 -0.001821 0.425789
v 0.024843 -0.001506 0.426511
v 0.032096 -0.001643 0.427583
v 0.032494 -0.003200 0.427641
v 0.031800 -0.004650 0.427583
v 0.024660 -0.003370 0.426511
v 0.195073 -0.009583 0.594693
v 0.196258 -0.009641 0.604374
v 0.196970 -0.009676 0.614101
v 0.194368 -0.019144 0.594693
v 0.195548 -0.019260 0.604374
v 0.196258 -0.019330 0.614101
v 0.193194 -0.028658 0.594693
v 0.194368 -0.028832 0.604374
v 0.195073 -0.028936 0.614101
v 0.066462 -0.003265 0.810951
v 0.057447 -0.002825 0.813993
v 0.048597 -0.002397 0.816547
v 0.066225 -0.006523 0.810951
v 0.057262 -0.005640 0.813991
v 0.048497 -0.004777 0.816540
v 0.065822 -0.009764 0.810951
v 0.056895 -0.008437 0.813993
v 0.048130 -0.007130 0.816547
v 0.185680 -0.009122 0.556905
v 0.188716 -0.009271 0.566167
v 0.191297 -0.009398 0.575567
v 0.185008 -0.018222 0.556905
v 0.188033 -0.018520 0.566167
v 0.190606 -0.018773 0.575567
v 0.183891 -0.027278 0.556905
v 0.186898 -0.027724 0.566167
v 0.189455 -0.028103 0.575567
v 0.101385 -0.004981 0.794298
v 0.092963 -0.004567 0.799105
v 0.084317 -0.004142 0.803491
v 0.101018 -0.009949 0.794298
v 0.092627 -0.009123 0.799105
v 0.084012 -0.008274 0.803491
v 0.100409 -0.014894 0.794298
v 0.092068 -0.013657 0.799105
v 0.083505 -0.012387 0.803491
v 0.169151 -0.008310 0.521690
v 0.173921 -0.008544 0.530176
v 0.178273 -0.008758 0.538888
v 0.168539 -0.016600 0.521690
v 0.173292 -0.017068 0.530176
v 0.177629 -0.017495 0.538888
v 0.167522 -0.024850 0.521690
v 0.172246 -0.025550 0.530176
v 0.176557 -0.026190 0.538888
v 0.132437 -0.006506 0.771092
v 0.125107 -0.006146 0.777463
v 0.117476 -0.005771 0.783464
v 0.131958 -0.012997 0.771092
v 0.124654 -0.012277 0.777463
v 0.117051 -0.011529 0.783464
v 0.131161 -0.019456 0.771092
v 0.123902 -0.018379 0.777463
v 0.116345 -0.017258 0.783464
v 0.146121 -0.007178 0.490400
v 0.152443 -0.007489 0.497786
v 0.158399 -0.007782 0.505475
v 0.145593 -0.014340 0.490400
v 0.151892 -0.014960 0.497786
v 0.157826 -0.015544 0.505475
v 0.144714 -0.021466 0.490400
v 0.150975 -0.022395 0.497786
v 0.156873 -0.023270 0.505475
v 0.128623 -0.032218 0.771092
v 0.121504 -0.030435 0.777463
v 0.114093 -0.028579 0.783464
v 0.126886 -0.038491 0.771092
v 0.119864 -0.036360 0.777463
v 0.112553 -0.034143 0.783464
v 0.124845 -0.044670 0.771092
v 0.117936 -0.042198 0.777463
v 0.110743 -0.039624 0.783464
v 0.141913 -0.035547 0.490400
v 0.148053 -0.037085 0.497786
v 0.153837 -0.038534 0.505475
v 0.139998 -0.042468 0.490400
v 0.146055 -0.044305 0.497786
v 0.151761 -0.046036 0.505475
v 0.137745 -0.049286 0.490400
v 0.143705 -0.051419 0.497786
v 0.149319 -0.053427 0.505475
v 0.153837 -0.038534 0.742228
v 0.148053 -0.037085 0.749917
v 0.141913 -0.035547 0.757303
v 0.151761 -0.046036 0.742228
v 0.146055 -0.044305 0.749917
v 0.139998 -0.042468 0.757303
v 0.149319 -0.053427 0.742228
v 0.143705 -0.051419 0.749917
v 0.137745 -0.049286 0.757303
v 0.114093 -0.028579 0.464239
v 0.121504 -0.030435 0.470240
v 0.128623 -0.032218 0.476611
v 0.112553 -0.034143 0.464239
v 0.119864 -0.036360 0.470240
v 0.126886 -0.038491 0.476611
v 0.110743 -0.039624 0.464239
v 0.117936 -0.042198 0.470240
v 0.124845 -0.044670 0.476611
v 0.173139 -0.043369 0.708815
v 0.168912 -0.042310 0.717527
v 0.164279 -0.041150 0.726013
v 0.170803 -0.051812 0.708815
v 0.166633 -0.050547 0.717527
v 0.162062 -0.049161 0.726013
v 0.168055 -0.060131 0.708815
v 0.163952 -0.058663 0.717527
v 0.159455 -0.057054 0.726013
v 0.081889 -0.020512 0.444212
v 0.090286 -0.022615 0.448598
v 0.098465 -0.024664 0.453405
v 0.080784 -0.024505 0.444212
v 0.089067 -0.027018 0.448598
v 0.097136 -0.029466 0.453405
v 0.079484 -0.028440 0.444212
v 0.087634 -0.031356 0.448598
v 0.095574 -0.034197 0.453405
v 0.185788 -0.046538 0.672136
v 0.183281 -0.045909 0.681536
v 0.180332 -0.045171 0.690798
v 0.183281 -0.055598 0.672136
v 0.180807 -0.054847 0.681536
v 0.177898 -0.053965 0.690798
v 0.180332 -0.064524 0.672136
v 0.177898 -0.063653 0.681536
v 0.175036 -0.062629 0.690798
v 0.047195 -0.011831 0.431156
v 0.055792 -0.013978 0.433710
v 0.064548 -0.016169 0.436752
v 0.046634 -0.014146 0.431163
v 0.055062 -0.016703 0.433712
v 0.063680 -0.019317 0.436752
v 0.045815 -0.016383 0.431156
v 0.054156 -0.019374 0.433710
v 0.062653 -0.022417 0.436752
v 0.191298 -0.047917 0.633602
v 0.190606 -0.047744 0.643329
v 0.189455 -0.047456 0.653010
v 0.188716 -0.057246 0.633602
v 0.188033 -0.057039 0.643329
v 0.186898 -0.056695 0.653010
v 0.185680 -0.066437 0.633602
v 0.185008 -0.066197 0.643329
v 0.183891 -0.065797 0.653010
v 0.026027 -0.007895 0.820906
v 0.031159 -0.007874 0.820120
v 0.024072 -0.006323 0.821192
v 0.017775 -0.005392 0.821914
v 0.023528 -0.008116 0.821192
v 0.030282 -0.010764 0.820120
v 0.031245 -0.009478 0.820062
v 0.026027 -0.007895 0.426798
v 0.017775 -0.005392 0.425789
v 0.024072 -0.006323 0.426511
v 0.031159 -0.007874 0.427583
v 0.031245 -0.009478 0.427641
v 0.030282 -0.010764 0.427583
v 0.023528 -0.008116 0.426511
v 0.189455 -0.047456 0.594693
v 0.190606 -0.047744 0.604374
v 0.191298 -0.047917 0.614101
v 0.186898 -0.056695 0.594693
v 0.188033 -0.057039 0.604374
v 0.188716 -0.057246 0.614101
v 0.183891 -0.065797 0.594693
v 0.185008 -0.066197 0.604374
v 0.185680 -0.066437 0.614101
v 0.064548 -0.016169 0.810951
v 0.055792 -0.013978 0.813993
v 0.047195 -0.011831 0.816547
v 0.063680 -0.019317 0.810951
v 0.055062 -0.016703 0.813991
v 0.046634 -0.014146 0.816540
v 0.062653 -0.022417 0.810951
v 0.054156 -0.019374 0.813993
v 0.045815 -0.016383 0.816547
v 0.180332 -0.045171 0.556905
v 0.183281 -0.045909 0.566167
v 0.185788 -0.046538 0.575567
v 0.177898 -0.053965 0.556905
v 0.180807 -0.054847 0.566167
v 0.183281 -0.055598 0.575567
v 0.175036 -0.062629 0.556905
v 0.177898 -0.063653 0.566167
v 0.180332 -0.064524 0.575567
v 0.098465 -0.024664 0.794298
v 0.090286 -0.022615 0.799105
v 0.081889 -0.020512 0.803491
v 0.097136 -0.029466 0.794298
v 0.089067 -0.027018 0.799105
v 0.080784 -0.024505 0.803491
v 0.095574 -0.034197 0.794298
v 0.087634 -0.031356 0.799105
v 0.079484 -0.028440 0.803491
v 0.164279 -0.041150 0.521690
v 0.168913 -0.042310 0.530176
v 0.173139 -0.043369 0.538888
v 0.162062 -0.049161 0.521690
v 0.166633 -0.050547 0.530176
v 0.170803 -0.051812 0.538888
v 0.159455 -0.057054 0.521690
v 0.163952 -0.058663 0.530176
v 0.168055 -0.060131 0.538888
v 0.178274 -0.084317 0.633602
v 0.177629 -0.084012 0.643329
v 0.176557 -0.083505 0.653010
v 0.173921 -0.092963 0.633602
v 0.173292 -0.092627 0.643329
v 0.172246 -0.092068 0.653010
v 0.169151 -0.101385 0.633602
v 0.168539 -0.101018 0.643329
v 0.167522 -0.100409 0.653010
v 0.023987 -0.012821 0.820906
v 0.029024 -0.013801 0.820120
v 0.022376 -0.010898 0.821192
v 0.016382 -0.008756 0.821914
v 0.021493 -0.012550 0.821192
v 0.027600 -0.016465 0.820120
v 0.028796 -0.015392 0.820062
v 0.023987 -0.012821 0.426798
v 0.016382 -0.008756 0.425789
v 0.022376 -0.010898 0.426511
v 0.029024 -0.013801 0.427583
v 0.028796 -0.015392 0.427641
v 0.027600 -0.016465 0.427583
v 0.021493 -0.012550 0.426511
v 0.176557 -0.083505 0.594693
v 0.177629 -0.084012 0.604374
v 0.178274 -0.084317 0.614101
v 0.172246 -0.092068 0.594693
v 0.173292 -0.092627 0.604374
v 0.173921 -0.092963 0.614101
v 0.167522 -0.100409 0.594693
v 0.168539 -0.101018 0.604374
v 0.169151 -0.101385 0.614101
v 0.060154 -0.028451 0.810951
v 0.051993 -0.024594 0.813993
v 0.043980 -0.020811 0.816547
v 0.058688 -0.031369 0.810951
v 0.050745 -0.027124 0.813991
v 0.042978 -0.022972 0.816540
v 0.057076 -0.034209 0.810951
v 0.049335 -0.029567 0.813993
v 0.041738 -0.025006 0.816547
v 0.168055 -0.079484 0.556905
v 0.170803 -0.080784 0.566167
v 0.173139 -0.081889 0.575567
v 0.163952 -0.087634 0.556905
v 0.166633 -0.089067 0.566167
v 0.168912 -0.090286 0.575567
v 0.159455 -0.095574 0.556905
v 0.162062 -0.097136 0.566167
v 0.164279 -0.098465 0.575567
v 0.091761 -0.043400 0.794298
v 0.084139 -0.039795 0.799105
v 0.076314 -0.036094 0.803491
v 0.089521 -0.047850 0.794298
v 0.082085 -0.043875 0.799105
v 0.074451 -0.039795 0.803491
v 0.087066 -0.052185 0.794298
v 0.079833 -0.047850 0.799105
v 0.072408 -0.043400 0.803491
v 0.153095 -0.072408 0.521690
v 0.157413 -0.074451 0.530176
v 0.161352 -0.076314 0.538888
v 0.149357 -0.079833 0.521690
v 0.153570 -0.082085 0.530176
v 0.157413 -0.084139 0.538888
v 0.145260 -0.087066 0.521690
v 0.149357 -0.089521 0.530176
v 0.153095 -0.091761 0.538888
v 0.119866 -0.056692 0.771092
v 0.113232 -0.053555 0.777463
v 0.106325 -0.050288 0.783464
v 0.116939 -0.062505 0.771092
v 0.110467 -0.059046 0.777463
v 0.103730 -0.055445 0.783464
v 0.113732 -0.068168 0.771092
v 0.107437 -0.064395 0.777463
v 0.100884 -0.060468 0.783464
v 0.132251 -0.062550 0.490400
v 0.137973 -0.065256 0.497786
v 0.143363 -0.067806 0.505475
v 0.129023 -0.068964 0.490400
v 0.134605 -0.071948 0.497786
v 0.139863 -0.074759 0.505475
v 0.125483 -0.075212 0.490400
v 0.130913 -0.078466 0.497786
v 0.136027 -0.081531 0.505475
v 0.143363 -0.067806 0.742228
v 0.137973 -0.065256 0.749917
v 0.132251 -0.062550 0.757303
v 0.139863 -0.074759 0.742228
v 0.134605 -0.071948 0.749917
v 0.129023 -0.068964 0.757303
v 0.136027 -0.081531 0.742228
v 0.130913 -0.078466 0.749917
v 0.125483 -0.075212 0.757303
v 0.106325 -0.050288 0.464239
v 0.113232 -0.053555 0.470240
v 0.119866 -0.056692 0.476611
v 0.103730 -0.055445 0.464239
v 0.110467 -0.059046 0.470240
v 0.116939 -0.062505 0.476611
v 0.100884 -0.060468 0.464239
v 0.107437 -0.064395 0.470240
v 0.113732 -0.068168 0.476611
v 0.161352 -0.076314 0.708815
v 0.157413 -0.074451 0.717527
v 0.153095 -0.072408 0.726013
v 0.157413 -0.084139 0.708815
v 0.153570 -0.082085 0.717527
v 0.149357 -0.079833 0.726013
v 0.153095 -0.091761 0.708815
v 0.149357 -0.089521 0.717527
v 0.145260 -0.087066 0.726013
v 0.076314 -0.036094 0.444212
v 0.084139 -0.039795 0.448598
v 0.091761 -0.043400 0.453405
v 0.074451 -0.039795 0.444212
v 0.082085 -0.043875 0.448598
v 0.089521 -0.047850 0.453405
v 0.072408 -0.043400 0.444212
v 0.079833 -0.047850 0.448598
v 0.087066 -0.052185 0.453405
v 0.173139 -0.081889 0.672136
v 0.170803 -0.080784 0.681536
v 0.168055 -0.079484 0.690798
v 0.168912 -0.090286 0.672136
v 0.166633 -0.089067 0.681536
v 0.163952 -0.087634 0.690798
v 0.164279 -0.098465 0.672136
v 0.162062 -0.097136 0.681536
v 0.159455 -0.095574 0.690798
v 0.043980 -0.020811 0.431156
v 0.051993 -0.024594 0.433710
v 0.060154 -0.028451 0.436752
v 0.042978 -0.022972 0.431163
v 0.050745 -0.027124 0.433712
v 0.058688 -0.031369 0.436752
v 0.041738 -0.025006 0.431156
v 0.049335 -0.029567 0.433710
v 0.057076 -0.034209 0.436752
v 0.117507 -0.087149 0.490400
v 0.122591 -0.090920 0.497786
v 0.127380 -0.094472 0.505475
v 0.113089 -0.092810 0.490400
v 0.117982 -0.096825 0.497786
v 0.122591 -0.100608 0.505475
v 0.108399 -0.098247 0.490400
v 0.113089 -0.102498 0.497786
v 0.117507 -0.106502 0.505475
v 0.127380 -0.094472 0.742228
v 0.122591 -0.090920 0.749917
v 0.117507 -0.087149 0.757303
v 0.122591 -0.100608 0.742228
v 0.117982 -0.096825 0.749917
v 0.113089 -0.092810 0.757303
v 0.117507 -0.106502 0.742228
v 0.113089 -0.102498 0.749917
v 0.108399 -0.098247 0.757303
v 0.094472 -0.070065 0.464239
v 0.100608 -0.074616 0.470240
v 0.106502 -0.078987 0.476611
v 0.090920 -0.074616 0.464239
v 0.096825 -0.079463 0.470240
v 0.102498 -0.084118 0.476611
v 0.087149 -0.078987 0.464239
v 0.092810 -0.084118 0.470240
v 0.098247 -0.089046 0.476611
v 0.143363 -0.106325 0.708815
v 0.139863 -0.103730 0.717527
v 0.136027 -0.100884 0.726013
v 0.137973 -0.113232 0.708815
v 0.134605 -0.110467 0.717527
v 0.130913 -0.107437 0.726013
v 0.132251 -0.119866 0.708815
v 0.129023 -0.116939 0.717527
v 0.125483 -0.113732 0.726013
v 0.067806 -0.050288 0.444212
v 0.074759 -0.055445 0.448598
v 0.081531 -0.060468 0.453405
v 0.065256 -0.053555 0.444212
v 0.071948 -0.059046 0.448598
v 0.078466 -0.064395 0.453405
v 0.062550 -0.056692 0.444212
v 0.068964 -0.062505 0.448598
v 0.075212 -0.068168 0.453405
v 0.153837 -0.114093 0.672136
v 0.151761 -0.112553 0.681536
v 0.149319 -0.110743 0.690798
v 0.148053 -0.121504 0.672136
v 0.146055 -0.119864 0.681536
v 0.143705 -0.117936 0.690798
v 0.141913 -0.128623 0.672136
v 0.139998 -0.126886 0.681536
v 0.137745 -0.124845 0.690798
v 0.039075 -0.028992 0.431156
v 0.046196 -0.034265 0.433710
v 0.053447 -0.039640 0.436752
v 0.037670 -0.030915 0.431163
v 0.044479 -0.036503 0.433712
v 0.051440 -0.042216 0.436752
v 0.036058 -0.032668 0.431156
v 0.042619 -0.038624 0.433710
v 0.049305 -0.044687 0.436752
v 0.158399 -0.117476 0.633602
v 0.157826 -0.117051 0.643329
v 0.156873 -0.116345 0.653010
v 0.152443 -0.125107 0.633602
v 0.151892 -0.124654 0.643329
v 0.150975 -0.123902 0.653010
v 0.146121 -0.132437 0.633602
v 0.145593 -0.131958 0.643329
v 0.144714 -0.131161 0.653010
v 0.021025 -0.017254 0.820906
v 0.025774 -0.019198 0.820120
v 0.019820 -0.015054 0.821192
v 0.014359 -0.011784 0.821914
v 0.018632 -0.016502 0.821192
v 0.023858 -0.021533 0.820120
v 0.025240 -0.020714 0.820062
v 0.021025 -0.017254 0.426798
v 0.014359 -0.011784 0.425789
v 0.019820 -0.015054 0.426511
v 0.025774 -0.019198 0.427583
v 0.025240 -0.020714 0.427641
v 0.023858 -0.021533 0.427583
v 0.018632 -0.016502 0.426511
v 0.156873 -0.116345 0.594693
v 0.157826 -0.117051 0.604374
v 0.158399 -0.117476 0.614101
v 0.150975 -0.123902 0.594693
v 0.151892 -0.124654 0.604374
v 0.152443 -0.125107 0.614101
v 0.144714 -0.131161 0.594693
v 0.145593 -0.131958 0.604374
v 0.146121 -0.132437 0.614101
v 0.053447 -0.039640 0.810951
v 0.046196 -0.034265 0.813993
v 0.039075 -0.028992 0.816547
v 0.051440 -0.042216 0.810951
v 0.044479 -0.036503 0.813991
v 0.037670 -0.030915 0.816540
v 0.049305 -0.044687 0.810951
v 0.042619 -0.038624 0.813993
v 0.036058 -0.032668 0.816547
v 0.149319 -0.110743 0.556905
v 0.151761 -0.112553 0.566167
v 0.153837 -0.114093 0.575567
v 0.143705 -0.117936 0.556905
v 0.146055 -0.119864 0.566167
v 0.148053 -0.121504 0.575567
v 0.137745 -0.124845 0.556905
v 0.139998 -0.126886 0.566167
v 0.141913 -0.128623 0.575567
v 0.081531 -0.060468 0.794298
v 0.074759 -0.055445 0.799105
v 0.067806 -0.050288 0.803491
v 0.078466 -0.064395 0.794298
v 0.071948 -0.059046 0.799105
v 0.065256 -0.053555 0.803491
v 0.075212 -0.068168 0.794298
v 0.068964 -0.062505 0.799105
v 0.062550 -0.056692 0.803491
v 0.136027 -0.100884 0.521690
v 0.139863 -0.103730 0.530176
v 0.143363 -0.106325 0.538888
v 0.130913 -0.107437 0.521690
v 0.134605 -0.110467 0.530176
v 0.137973 -0.113232 0.538888
v 0.125483 -0.113732 0.521690
v 0.129023 -0.116939 0.530176
v 0.132251 -0.119866 0.538888
v 0.106502 -0.078987 0.771092
v 0.100608 -0.074616 0.777463
v 0.094472 -0.070065 0.783464
v 0.102498 -0.084118 0.771092
v 0.096825 -0.079463 0.777463
v 0.090920 -0.074616 0.783464
v 0.098247 -0.089046 0.771092
v 0.092810 -0.084118 0.777463
v 0.087149 -0.078987 0.783464
v 0.017254 -0.021025 0.820906
v 0.021533 -0.023858 0.820120
v 0.016502 -0.018632 0.821192
v 0.011784 -0.014359 0.821914
v 0.015054 -0.019820 0.821192
v 0.019198 -0.025774 0.820120
v 0.020714 -0.025240 0.820062
v 0.017254 -0.021025 0.426798
v 0.011784 -0.014359 0.425789
v 0.016502 -0.018632 0.426511
v 0.021533 -0.023858 0.427583
v 0.020714 -0.025240 0.427641
v 0.019198 -0.025774 0.427583
v 0.015054 -0.019820 0.426511
v 0.131161 -0.144714 0.594693
v 0.131958 -0.145593 0.604374
v 0.132437 -0.146121 0.614101
v 0.123902 -0.150975 0.594693
v 0.124654 -0.151892 0.604374
v 0.125107 -0.152443 0.614101
v 0.116345 -0.156873 0.594693
v 0.117051 -0.157826 0.604374
v 0.117476 -0.158399 0.614101
v 0.044687 -0.049305 0.810951
v 0.038624 -0.042619 0.813993
v 0.032668 -0.036058 0.816547
v 0.042216 -0.051440 0.810951
v 0.036503 -0.044479 0.813991
v 0.030915 -0.037670 0.816540
v 0.039640 -0.053447 0.810951
v 0.034265 -0.046196 0.813993
v 0.028992 -0.039075 0.816547
v 0.124845 -0.137745 0.556905
v 0.126886 -0.139998 0.566167
v 0.128622 -0.141913 0.575567
v 0.117936 -0.143705 0.556905
v 0.119864 -0.146055 0.566167
v 0.121504 -0.148053 0.575567
v 0.110743 -0.149319 0.556905
v 0.112553 -0.151761 0.566167
v 0.114093 -0.153837 0.575567
v 0.068168 -0.075212 0.794298
v 0.062505 -0.068964 0.799105
v 0.056692 -0.062550 0.803491
v 0.064395 -0.078466 0.794298
v 0.059046 -0.071948 0.799105
v 0.053555 -0.065256 0.803491
v 0.060468 -0.081531 0.794298
v 0.055445 -0.074759 0.799105
v 0.050288 -0.067806 0.803491
v 0.113732 -0.125483 0.521690
v 0.116939 -0.129023 0.530176
v 0.119866 -0.132251 0.538888
v 0.107437 -0.130913 0.521690
v 0.110467 -0.134605 0.530176
v 0.113232 -0.137973 0.538888
v 0.100884 -0.136027 0.521690
v 0.103730 -0.139863 0.530176
v 0.106325 -0.143363 0.538888
v 0.089046 -0.098247 0.771092
v 0.084118 -0.092810 0.777463
v 0.078987 -0.087149 0.783464
v 0.084118 -0.102498 0.771092
v 0.079463 -0.096825 0.777463
v 0.074616 -0.090920 0.783464
v 0.078987 -0.106502 0.771092
v 0.074616 -0.100608 0.777463
v 0.070065 -0.094472 0.783464
v 0.098247 -0.108399 0.490400
v 0.102498 -0.113089 0.497786
v 0.106502 -0.117507 0.505475
v 0.092810 -0.113089 0.490400
v 0.096825 -0.117982 0.497786
v 0.100608 -0.122591 0.505475
v 0.087149 -0.117507 0.490400
v 0.090920 -0.122591 0.497786
v 0.094472 -0.127380 0.505475
v 0.106502 -0.117507 0.742228
v 0.102498 -0.113089 0.749917
v 0.098247 -0.108399 0.757303
v 0.100608 -0.122591 0.742228
v 0.096825 -0.117982 0.749917
v 0.092810 -0.113089 0.757303
v 0.094472 -0.127380 0.742228
v 0.090920 -0.122591 0.749917
v 0.087149 -0.117507 0.757303
v 0.078987 -0.087149 0.464239
v 0.084118 -0.092810 0.470240
v 0.089046 -0.098247 0.476611
v 0.074616 -0.090920 0.464239
v 0.079463 -0.096825 0.470240
v 0.084118 -0.102498 0.476611
v 0.070065 -0.094472 0.464239
v 0.074616 -0.100608 0.470240
v 0.078987 -0.106502 0.476611
v 0.119866 -0.132251 0.708815
v 0.116939 -0.129023 0.717527
v 0.113732 -0.125483 0.726013
v 0.113232 -0.137973 0.708815
v 0.110467 -0.134605 0.717527
v 0.107437 -0.130913 0.726013
v 0.106325 -0.143363 0.708815
v 0.103730 -0.139863 0.717527
v 0.100884 -0.136027 0.726013
v 0.056692 -0.062550 0.444212
v 0.062505 -0.068964 0.448598
v 0.068168 -0.075212 0.453405
v 0.053555 -0.065256 0.444212
v 0.059046 -0.071948 0.448598
v 0.064395 -0.078466 0.453405
v 0.050288 -0.067806 0.444212
v 0.055445 -0.074759 0.448598
v 0.060468 -0.081531 0.453405
v 0.128622 -0.141913 0.672136
v 0.126886 -0.139998 0.681536
v 0.124845 -0.137745 0.690798
v 0.121504 -0.148053 0.672136
v 0.119864 -0.146055 0.681536
v 0.117936 -0.143705 0.690798
v 0.114093 -0.153837 0.672136
v 0.112553 -0.151761 0.681536
v 0.110743 -0.149319 0.690798
v 0.032668 -0.036058 0.431156
v 0.038624 -0.042619 0.433710
v 0.044687 -0.049305 0.436752
v 0.030915 -0.037670 0.431163
v 0.036503 -0.044479 0.433712
v 0.042216 -0.051440 0.436752
v 0.028992 -0.039075 0.431156
v 0.034265 -0.046196 0.433710
v 0.039640 -0.053447 0.436752
v 0.132436 -0.146121 0.633602
v 0.131958 -0.145593 0.643329
v 0.131161 -0.144714 0.653010
v 0.125107 -0.152443 0.633602
v 0.124654 -0.151892 0.643329
v 0.123902 -0.150975 0.653010
v 0.117476 -0.158399 0.633602
v 0.117051 -0.157826 0.643329
v 0.116345 -0.156873 0.653010
v 0.081531 -0.136027 0.742228
v 0.078466 -0.130913 0.749917
v 0.075212 -0.125483 0.757303
v 0.074759 -0.139863 0.742228
v 0.071948 -0.134605 0.749917
v 0.068964 -0.129023 0.757303
v 0.067806 -0.143363 0.742228
v 0.065256 -0.137973 0.749917
v 0.062550 -0.132251 0.757303
v 0.060468 -0.100884 0.464239
v 0.064395 -0.107437 0.470240
v 0.068168 -0.113732 0.476611
v 0.055445 -0.103730 0.464239
v 0.059046 -0.110467 0.470240
v 0.062505 -0.116939 0.476611
v 0.050288 -0.106325 0.464239
v 0.053555 -0.113232 0.470240
v 0.056692 -0.119866 0.476611
v 0.091761 -0.153095 0.708815
v 0.089521 -0.149357 0.717527
v 0.087066 -0.145260 0.726013
v 0.084139 -0.157413 0.708815
v 0.082085 -0.153570 0.717527
v 0.079833 -0.149357 0.726013
v 0.076314 -0.161352 0.708815
v 0.074451 -0.157413 0.717527
v 0.072408 -0.153095 0.726013
v 0.043400 -0.072408 0.444212
v 0.047850 -0.079833 0.448598
v 0.052185 -0.087066 0.453405
v 0.039795 -0.074451 0.444212
v 0.043875 -0.082085 0.448598
v 0.047850 -0.089521 0.453405
v 0.036094 -0.076314 0.444212
v 0.039795 -0.084139 0.448598
v 0.043400 -0.091761 0.453405
v 0.098465 -0.164279 0.672136
v 0.097136 -0.162062 0.681536
v 0.095574 -0.159455 0.690798
v 0.090286 -0.168913 0.672136
v 0.089067 -0.166633 0.681536
v 0.087634 -0.163952 0.690798
v 0.081889 -0.173139 0.672136
v 0.080784 -0.170803 0.681536
v 0.079484 -0.168055 0.690798
v 0.025006 -0.041738 0.431156
v 0.029567 -0.049335 0.433710
v 0.034209 -0.057076 0.436752
v 0.022972 -0.042978 0.431163
v 0.027124 -0.050745 0.433712
v 0.031369 -0.058688 0.436752
v 0.020811 -0.043980 0.431156
v 0.024594 -0.051993 0.433710
v 0.028451 -0.060154 0.436752
v 0.101385 -0.169151 0.633602
v 0.101018 -0.168539 0.643329
v 0.100409 -0.167522 0.653010
v 0.092963 -0.173921 0.633602
v 0.092627 -0.173292 0.643329
v 0.092068 -0.172246 0.653010
v 0.084317 -0.178274 0.633602
v 0.084012 -0.177629 0.643329
v 0.083505 -0.176557 0.653010
v 0.012821 -0.023987 0.820906
v 0.016465 -0.027600 0.820120
v 0.012550 -0.021493 0.821192
v 0.008756 -0.016382 0.821914
v 0.010898 -0.022376 0.821192
v 0.013801 -0.029024 0.820120
v 0.015392 -0.028796 0.820062
v 0.012821 -0.023987 0.426798
v 0.008756 -0.016382 0.425789
v 0.012550 -0.021493 0.426511
v 0.016465 -0.027600 0.427583
v 0.015392 -0.028796 0.427641
v 0.013801 -0.029024 0.427583
v 0.010898 -0.022376 0.426511
v 0.100409 -0.167522 0.594693
v 0.101018 -0.168539 0.604374
v 0.101385 -0.169151 0.614101
v 0.092068 -0.172246 0.594693
v 0.092627 -0.173292 0.604374
v 0.092963 -0.173921 0.614101
v 0.083505 -0.176557 0.594693
v 0.084012 -0.177629 0.604374
v 0.084317 -0.178274 0.614101
v 0.034209 -0.057076 0.810951
v 0.029567 -0.049335 0.813993
v 0.025006 -0.041738 0.816547
v 0.031369 -0.058688 0.810951
v 0.027124 -0.050745 0.813991
v 0.022972 -0.042978 0.816540
v 0.028451 -0.060154 0.810951
v 0.024594 -0.051993 0.813993
v 0.020811 -0.043980 0.816547
v 0.095574 -0.159455 0.556905
v 0.097136 -0.162062 0.566167
v 0.098465 -0.164279 0.575567
v 0.087634 -0.163952 0.556905
v 0.089067 -0.166633 0.566167
v 0.090286 -0.168912 0.575567
v 0.079484 -0.168055 0.556905
v 0.080784 -0.170803 0.566167
v 0.081889 -0.173139 0.575567
v 0.052185 -0.087066 0.794298
v 0.047850 -0.079833 0.799105
v 0.043400 -0.072408 0.803491
v 0.047850 -0.089521 0.794298
v 0.043875 -0.082085 0.799105
v 0.039795 -0.074451 0.803491
v 0.043400 -0.091761 0.794298
v 0.039795 -0.084139 0.799105
v 0.036094 -0.076314 0.803491
v 0.087066 -0.145260 0.521690
v 0.089521 -0.149357 0.530176
v 0.091761 -0.153095 0.538888
v 0.079833 -0.149357 0.521690
v 0.082085 -0.153570 0.530176
v 0.084139 -0.157413 0.538888
v 0.072408 -0.153095 0.521690
v 0.074451 -0.157413 0.530176
v 0.076314 -0.161352 0.538888
v 0.068168 -0.113732 0.771092
v 0.064395 -0.107437 0.777463
v 0.060468 -0.100884 0.783464
v 0.062505 -0.116939 0.771092
v 0.059046 -0.110467 0.777463
v 0.055445 -0.103730 0.783464
v 0.056692 -0.119866 0.771092
v 0.053555 -0.113232 0.777463
v 0.050288 -0.106325 0.783464
v 0.075212 -0.125483 0.490400
v 0.078466 -0.130913 0.497786
v 0.081531 -0.136027 0.505475
v 0.068964 -0.129023 0.490400
v 0.071948 -0.134605 0.497786
v 0.074759 -0.139863 0.505475
v 0.062550 -0.132251 0.490400
v 0.065256 -0.137973 0.497786
v 0.067806 -0.143363 0.505475
v 0.065797 -0.183891 0.594693
v 0.066197 -0.185008 0.604374
v 0.066437 -0.185680 0.614101
v 0.056695 -0.186898 0.594693
v 0.057039 -0.188033 0.604374
v 0.057246 -0.188716 0.614101
v 0.047456 -0.189455 0.594693
v 0.047744 -0.190606 0.604374
v 0.047917 -0.191297 0.614101
v 0.022417 -0.062653 0.810951
v 0.019374 -0.054156 0.813993
v 0.016383 -0.045815 0.816547
v 0.019317 -0.063680 0.810951
v 0.016703 -0.055062 0.813991
v 0.014146 -0.046634 0.816540
v 0.016169 -0.064548 0.810951
v 0.013978 -0.055792 0.813993
v 0.011831 -0.047195 0.816547
v 0.062629 -0.175036 0.556905
v 0.063653 -0.177898 0.566167
v 0.064524 -0.180332 0.575567
v 0.053965 -0.177898 0.556905
v 0.054847 -0.180807 0.566167
v 0.055598 -0.183281 0.575567
v 0.045171 -0.180332 0.556905
v 0.045909 -0.183281 0.566167
v 0.046538 -0.185788 0.575567
v 0.034197 -0.095574 0.794298
v 0.031356 -0.087634 0.799105
v 0.028440 -0.079484 0.803491
v 0.029466 -0.097136 0.794298
v 0.027018 -0.089067 0.799105
v 0.024505 -0.080784 0.803491
v 0.024664 -0.098465 0.794298
v 0.022615 -0.090286 0.799105
v 0.020512 -0.081889 0.803491
v 0.057054 -0.159455 0.521690
v 0.058663 -0.163952 0.530176
v 0.060131 -0.168055 0.538888
v 0.049161 -0.162062 0.521690
v 0.050547 -0.166633 0.530176
v 0.051812 -0.170803 0.538888
v 0.041150 -0.164279 0.521690
v 0.042310 -0.168912 0.530176
v 0.043369 -0.173139 0.538888
v 0.044670 -0.124845 0.771092
v 0.042198 -0.117936 0.777463
v 0.039624 -0.110743 0.783464
v 0.038491 -0.126886 0.771092
v 0.036360 -0.119864 0.777463
v 0.034143 -0.112553 0.783464
v 0.032218 -0.128623 0.771092
v 0.030435 -0.121504 0.777463
v 0.028579 -0.114093 0.783464
v 0.049286 -0.137745 0.490400
v 0.051419 -0.143705 0.497786
v 0.053427 -0.149319 0.505475
v 0.042468 -0.139998 0.490400
v 0.044305 -0.146055 0.497786
v 0.046036 -0.151761 0.505475
v 0.035547 -0.141913 0.490400
v 0.037085 -0.148053 0.497786
v 0.038534 -0.153837 0.505475
v 0.053427 -0.149319 0.742228
v 0.051419 -0.143705 0.749917
v 0.049286 -0.137745 0.757303
v 0.046036 -0.151761 0.742228
v 0.044305 -0.146055 0.749917
v 0.042468 -0.139998 0.757303
v 0.038534 -0.153837 0.742228
v 0.037085 -0.148053 0.749917
v 0.035547 -0.141913 0.757303
v 0.039624 -0.110743 0.464239
v 0.042198 -0.117936 0.470240
v 0.044670 -0.124845 0.476611
v 0.034143 -0.112553 0.464239
v 0.036360 -0.119864 0.470240
v 0.038491 -0.126886 0.476611
v 0.028579 -0.114093 0.464239
v 0.030435 -0.121504 0.470240
v 0.032218 -0.128623 0.476611
v 0.060131 -0.168055 0.708815
v 0.058663 -0.163952 0.717527
v 0.057054 -0.159455 0.726013
v 0.051812 -0.170803 0.708815
v 0.050547 -0.166633 0.717527
v 0.049161 -0.162062 0.726013
v 0.043369 -0.173139 0.708815
v 0.042310 -0.168912 0.717527
v 0.041150 -0.164279 0.726013
v 0.028440 -0.079484 0.444212
v 0.031356 -0.087634 0.448598
v 0.034197 -0.095574 0.453405
v 0.024505 -0.080784 0.444212
v 0.027018 -0.089067 0.448598
v 0.029466 -0.097136 0.453405
v 0.020512 -0.081889 0.444212
v 0.022615 -0.090286 0.448598
v 0.024664 -0.098465 0.453405
v 0.064524 -0.180332 0.672136
v 0.063653 -0.177898 0.681536
v 0.062629 -0.175036 0.690798
v 0.055598 -0.183281 0.672136
v 0.054847 -0.180807 0.681536
v 0.053965 -0.177898 0.690798
v 0.046538 -0.185788 0.672136
v 0.045909 -0.183281 0.681536
v 0.045171 -0.180332 0.690798
v 0.016383 -0.045815 0.431156
v 0.019374 -0.054156 0.433710
v 0.022417 -0.062653 0.436752
v 0.014146 -0.046634 0.431163
v 0.016703 -0.055062 0.433712
v 0.019317 -0.063680 0.436752
v 0.011831 -0.047195 0.431156
v 0.013978 -0.055792 0.433710
v 0.016169 -0.064548 0.436752
v 0.066437 -0.185680 0.633602
v 0.066197 -0.185008 0.643329
v 0.065797 -0.183891 0.653010
v 0.057246 -0.188716 0.633602
v 0.057039 -0.188033 0.643329
v 0.056695 -0.186898 0.653010
v 0.047917 -0.191297 0.633602
v 0.047744 -0.190606 0.643329
v 0.047456 -0.189455 0.653010
v 0.007895 -0.026027 0.820906
v 0.010764 -0.030282 0.820120
v 0.008116 -0.023528 0.821192
v 0.005392 -0.017775 0.821914
v 0.006323 -0.024072 0.821192
v 0.007874 -0.031159 0.820120
v 0.009478 -0.031245 0.820062
v 0.007895 -0.026027 0.426798
v 0.005392 -0.017775 0.425789
v 0.008116 -0.023528 0.426511
v 0.010764 -0.030282 0.427583
v 0.009478 -0.031245 0.427641
v 0.007874 -0.031159 0.427583
v 0.006323 -0.024072 0.426511
v 0.017258 -0.116345 0.464239
v 0.018379 -0.123902 0.470240
v 0.019456 -0.131161 0.476611
v 0.011529 -0.117051 0.464239
v 0.012277 -0.124654 0.470240
v 0.012997 -0.131958 0.476611
v 0.005771 -0.117476 0.464239
v 0.006146 -0.125107 0.470240
v 0.006506 -0.132437 0.476611
v 0.026190 -0.176557 0.708815
v 0.025550 -0.172246 0.717527
v 0.024850 -0.167521 0.726013
v 0.017495 -0.177629 0.708815
v 0.017068 -0.173292 0.717527
v 0.016600 -0.168539 0.726013
v 0.008758 -0.178274 0.708815
v 0.008544 -0.173921 0.717527
v 0.008310 -0.169151 0.726013
v 0.012387 -0.083505 0.444212
v 0.013657 -0.092068 0.448598
v 0.014894 -0.100409 0.453405
v 0.008274 -0.084012 0.444212
v 0.009123 -0.092627 0.448598
v 0.009949 -0.101018 0.453405
v 0.004142 -0.084317 0.444212
v 0.004567 -0.092963 0.448598
v 0.004981 -0.101385 0.453405
v 0.028103 -0.189455 0.672136
v 0.027724 -0.186898 0.681536
v 0.027278 -0.183891 0.690798
v 0.018773 -0.190606 0.672136
v 0.018520 -0.188033 0.681536
v 0.018222 -0.185008 0.690798
v 0.009398 -0.191297 0.672136
v 0.009271 -0.188716 0.681536
v 0.009122 -0.185680 0.690798
v 0.007130 -0.048130 0.431156
v 0.008437 -0.056895 0.433710
v 0.009763 -0.065822 0.436752
v 0.004777 -0.048497 0.431163
v 0.005640 -0.057262 0.433712
v 0.006523 -0.066225 0.436752
v 0.002397 -0.048597 0.431156
v 0.002825 -0.057447 0.433710
v 0.003265 -0.066462 0.436752
v 0.028936 -0.195073 0.633602
v 0.028832 -0.194368 0.643329
v 0.028658 -0.193194 0.653010
v 0.019330 -0.196258 0.633602
v 0.019260 -0.195548 0.643329
v 0.019144 -0.194368 0.653010
v 0.009676 -0.196970 0.633602
v 0.009641 -0.196258 0.643329
v 0.009583 -0.195073 0.653010
v 0.002666 -0.027067 0.820906
v 0.004650 -0.031800 0.820120
v 0.003370 -0.024660 0.821192
v 0.001821 -0.018486 0.821914
v 0.001506 -0.024843 0.821192
v 0.001643 -0.032096 0.820120
v 0.003200 -0.032494 0.820062
v 0.002666 -0.027067 0.426798
v 0.001821 -0.018486 0.425789
v 0.003370 -0.024660 0.426511
v 0.004650 -0.031800 0.427583
v 0.003200 -0.032494 0.427641
v 0.001643 -0.032096 0.427583
v 0.001506 -0.024843 0.426511
v 0.028658 -0.193194 0.594693
v 0.028832 -0.194368 0.604374
v 0.028936 -0.195073 0.614101
v 0.019144 -0.194368 0.594693
v 0.019260 -0.195548 0.604374
v 0.019330 -0.196258 0.614101
v 0.009583 -0.195073 0.594693
v 0.009641 -0.196258 0.604374
v 0.009676 -0.196970 0.614101
v 0.009763 -0.065822 0.810951
v 0.008437 -0.056895 0.813993
v 0.007130 -0.048130 0.816547
v 0.006523 -0.066225 0.810951
v 0.005640 -0.057262 0.813991
v 0.004777 -0.048497 0.816540
v 0.003265 -0.066462 0.810951
v 0.002825 -0.057447 0.813993
v 0.002397 -0.048597 0.816547
v 0.027278 -0.183891 0.556905
v 0.027724 -0.186898 0.566167
v 0.028103 -0.189455 0.575567
v 0.018222 -0.185008 0.556905
v 0.018520 -0.188033 0.566167
v 0.018773 -0.190606 0.575567
v 0.009122 -0.185680 0.556905
v 0.009271 -0.188716 0.566167
v 0.009398 -0.191297 0.575567
v 0.014894 -0.100409 0.794298
v 0.013657 -0.092068 0.799105
v 0.012387 -0.083505 0.803491
v 0.009949 -0.101018 0.794298
v 0.009123 -0.092627 0.799105
v 0.008274 -0.084012 0.803491
v 0.004981 -0.101385 0.794298
v 0.004567 -0.092963 0.799105
v 0.004142 -0.084317 0.803491
v 0.024850 -0.167521 0.521690
v 0.025550 -0.172246 0.530176
v 0.026190 -0.176557 0.538888
v 0.016600 -0.168539 0.521690
v 0.017068 -0.173292 0.530176
v 0.017495 -0.177629 0.538888
v 0.008310 -0.169151 0.521690
v 0.008544 -0.173921 0.530176
v 0.008758 -0.178274 0.538888
v 0.019456 -0.131161 0.771092
v 0.018379 -0.123902 0.777463
v 0.017258 -0.116345 0.783464
v 0.012997 -0.131958 0.771092
v 0.012277 -0.124654 0.777463
v 0.011529 -0.117051 0.783464
v 0.006506 -0.132437 0.771092
v 0.006146 -0.125107 0.777463
v 0.005771 -0.117476 0.783464
v 0.021466 -0.144714 0.490400
v 0.022395 -0.150975 0.497786
v 0.023270 -0.156873 0.505475
v 0.014340 -0.145593 0.490400
v 0.014960 -0.151892 0.497786
v 0.015544 -0.157826 0.505475
v 0.007178 -0.146121 0.490400
v 0.007489 -0.152443 0.497786
v 0.007782 -0.158399 0.505475
v 0.023270 -0.156873 0.742228
v 0.022395 -0.150975 0.749917
v 0.021466 -0.144714 0.757303
v 0.015544 -0.157826 0.742228
v 0.014960 -0.151892 0.749917
v 0.014340 -0.145593 0.757303
v 0.007782 -0.158399 0.742228
v 0.007489 -0.152443 0.749917
v 0.007178 -0.146121 0.757303
v -0.009122 -0.185680 0.556905
v -0.009271 -0.188716 0.566167
v -0.009398 -0.191297 0.575567
v -0.018222 -0.185008 0.556905
v -0.018520 -0.188033 0.566167
v -0.018773 -0.190606 0.575567
v -0.027278 -0.183891 0.556905
v -0.027724 -0.186898 0.566167
v -0.028103 -0.189455 0.575567
v -0.004981 -0.101385 0.794298
v -0.004567 -0.092963 0.799105
v -0.004142 -0.084317 0.803491
v -0.009949 -0.101018 0.794298
v -0.009123 -0.092627 0.799105
v -0.008274 -0.084012 0.803491
v -0.014894 -0.100409 0.794298
v -0.013657 -0.092068 0.799105
v -0.012387 -0.083505 0.803491
v -0.008310 -0.169151 0.521690
v -0.008544 -0.173921 0.530176
v -0.008758 -0.178274 0.538888
v -0.016600 -0.168539 0.521690
v -0.017068 -0.173292 0.530176
v -0.017495 -0.177629 0.538888
v -0.024850 -0.167522 0.521690
v -0.025550 -0.172246 0.530176
v -0.026190 -0.176557 0.538888
v -0.006506 -0.132437 0.771092
v -0.006146 -0.125107 0.777463
v -0.005771 -0.117476 0.783464
v -0.012997 -0.131958 0.771092
v -0.012277 -0.124654 0.777463
v -0.011529 -0.117051 0.783464
v -0.019456 -0.131161 0.771092
v -0.018379 -0.123902 0.777463
v -0.017258 -0.116345 0.783464
v -0.007178 -0.146121 0.490400
v -0.007489 -0.152443 0.497786
v -0.007782 -0.158399 0.505475
v -0.014340 -0.145593 0.490400
v -0.014960 -0.151892 0.497786
v -0.015544 -0.157826 0.505475
v -0.021466 -0.144714 0.490400
v -0.022395 -0.150975 0.497786
v -0.023270 -0.156873 0.505475
v -0.007782 -0.158399 0.742228
v -0.007489 -0.152443 0.749917
v -0.007178 -0.146121 0.757303
v -0.015544 -0.157826 0.742228
v -0.014960 -0.151892 0.749917
v -0.014340 -0.145593 0.757303
v -0.023270 -0.156873 0.742228
v -0.022395 -0.150975 0.749917
v -0.021466 -0.144714 0.757303
v -0.005771 -0.117476 0.464239
v -0.006146 -0.125107 0.470240
v -0.006506 -0.132437 0.476611
v -0.011529 -0.117051 0.464239
v -0.012277 -0.124654 0.470240
v -0.012997 -0.131958 0.476611
v -0.017258 -0.116345 0.464239
v -0.018379 -0.123902 0.470240
v -0.019456 -0.131161 0.476611
v -0.008758 -0.178274 0.708815
v -0.008544 -0.173921 0.717527
v -0.008310 -0.169151 0.726013
v -0.017495 -0.177629 0.708815
v -0.017068 -0.173292 0.717527
v -0.016600 -0.168539 0.726013
v -0.026190 -0.176557 0.708815
v -0.025550 -0.172246 0.717527
v -0.024850 -0.167522 0.726013
v -0.004142 -0.084317 0.444212
v -0.004567 -0.092963 0.448598
v -0.004981 -0.101385 0.453405
v -0.008274 -0.084012 0.444212
v -0.009123 -0.092627 0.448598
v -0.009949 -0.101018 0.453405
v -0.012387 -0.083505 0.444212
v -0.013657 -0.092068 0.448598
v -0.014894 -0.100409 0.453405
v -0.009398 -0.191298 0.672136
v -0.009271 -0.188716 0.681536
v -0.009122 -0.185680 0.690798
v -0.018773 -0.190606 0.672136
v -0.018520 -0.188033 0.681536
v -0.018222 -0.185008 0.690798
v -0.028103 -0.189455 0.672136
v -0.027724 -0.186898 0.681536
v -0.027278 -0.183891 0.690798
v -0.002397 -0.048597 0.431156
v -0.002825 -0.057447 0.433710
v -0.003265 -0.066462 0.436752
v -0.004777 -0.048497 0.431163
v -0.005640 -0.057262 0.433712
v -0.006523 -0.066225 0.436752
v -0.007130 -0.048130 0.431156
v -0.008437 -0.056895 0.433710
v -0.009764 -0.065822 0.436752
v -0.009676 -0.196970 0.633602
v -0.009641 -0.196258 0.643329
v -0.009583 -0.195073 0.653010
v -0.019330 -0.196258 0.633602
v -0.019260 -0.195548 0.643329
v -0.019144 -0.194368 0.653010
v -0.028936 -0.195073 0.633602
v -0.028832 -0.194368 0.643329
v -0.028658 -0.193194 0.653010
v -0.002666 -0.027067 0.820906
v -0.001643 -0.032096 0.820120
v -0.001506 -0.024843 0.821192
v -0.001821 -0.018486 0.821914
v -0.003370 -0.024660 0.821192
v -0.004650 -0.031800 0.820120
v -0.003200 -0.032494 0.820062
v -0.002666 -0.027067 0.426798
v -0.001821 -0.018486 0.425789
v -0.001506 -0.024843 0.426511
v -0.001643 -0.032096 0.427583
v -0.003200 -0.032494 0.427641
v -0.004650 -0.031800 0.427583
v -0.003370 -0.024660 0.426511
v -0.009583 -0.195073 0.594693
v -0.009641 -0.196258 0.604374
v -0.009676 -0.196970 0.614101
v -0.019144 -0.194368 0.594693
v -0.019260 -0.195548 0.604374
v -0.019330 -0.196258 0.614101
v -0.028658 -0.193194 0.594693
v -0.028832 -0.194367 0.604374
v -0.028936 -0.195073 0.614101
v -0.003265 -0.066462 0.810951
v -0.002825 -0.057447 0.813993
v -0.002397 -0.048597 0.816547
v -0.006523 -0.066225 0.810951
v -0.005640 -0.057262 0.813991
v -0.004777 -0.048497 0.816540
v -0.009764 -0.065822 0.810951
v -0.008437 -0.056895 0.813993
v -0.007130 -0.048130 0.816547
v -0.020512 -0.081889 0.444212
v -0.022615 -0.090286 0.448598
v -0.024664 -0.098465 0.453405
v -0.024505 -0.080784 0.444212
v -0.027018 -0.089067 0.448598
v -0.029466 -0.097136 0.453405
v -0.028440 -0.079484 0.444212
v -0.031356 -0.087634 0.448598
v -0.034197 -0.095574 0.453405
v -0.046538 -0.185788 0.672136
v -0.045909 -0.183281 0.681536
v -0.045171 -0.180332 0.690798
v -0.055598 -0.183281 0.672136
v -0.054847 -0.180807 0.681536
v -0.053965 -0.177898 0.690798
v -0.064524 -0.180332 0.672136
v -0.063653 -0.177898 0.681536
v -0.062629 -0.175036 0.690798
v -0.011831 -0.047195 0.431156
v -0.013978 -0.055792 0.433710
v -0.016169 -0.064548 0.436752
v -0.014146 -0.046634 0.431163
v -0.016703 -0.055062 0.433712
v -0.019317 -0.063680 0.436752
v -0.016383 -0.045815 0.431156
v -0.019374 -0.054156 0.433710
v -0.022417 -0.062653 0.436752
v -0.047918 -0.191297 0.633602
v -0.047744 -0.190606 0.643329
v -0.047456 -0.189455 0.653010
v -0.057246 -0.188716 0.633602
v -0.057039 -0.188033 0.643329
v -0.056695 -0.186898 0.653010
v -0.066437 -0.185680 0.633602
v -0.066197 -0.185008 0.643329
v -0.065797 -0.183891 0.653010
v -0.007895 -0.026027 0.820906
v -0.007874 -0.031159 0.820120
v -0.006323 -0.024072 0.821192
v -0.005392 -0.017775 0.821914
v -0.008116 -0.023528 0.821192
v -0.010764 -0.030282 0.820120
v -0.009478 -0.031245 0.820062
v -0.007895 -0.026027 0.426798
v -0.005392 -0.017775 0.425789
v -0.006323 -0.024072 0.426511
v -0.007874 -0.031159 0.427583
v -0.009478 -0.031245 0.427641
v -0.010764 -0.030282 0.427583
v -0.008116 -0.023528 0.426511
v -0.047456 -0.189455 0.594693
v -0.047744 -0.190606 0.604374
v -0.047918 -0.191297 0.614101
v -0.056695 -0.186898 0.594693
v -0.057039 -0.188033 0.604374
v -0.057246 -0.188716 0.614101
v -0.065797 -0.183891 0.594693
v -0.066197 -0.185008 0.604374
v -0.066437 -0.185680 0.614101
v -0.016169 -0.064548 0.810951
v -0.013978 -0.055792 0.813993
v -0.011831 -0.047195 0.816547
v -0.019317 -0.063680 0.810951
v -0.016703 -0.055062 0.813991
v -0.014146 -0.046634 0.816540
v -0.022417 -0.062653 0.810951
v -0.019374 -0.054156 0.813993
v -0.016383 -0.045815 0.816547
v -0.045171 -0.180332 0.556905
v -0.045909 -0.183281 0.566167
v -0.046538 -0.185788 0.575567
v -0.053965 -0.177898 0.556905
v -0.054847 -0.180807 0.566167
v -0.055598 -0.183281 0.575567
v -0.062629 -0.175036 0.556905
v -0.063653 -0.177898 0.566167
v -0.064524 -0.180332 0.575567
v -0.024664 -0.098465 0.794298
v -0.022615 -0.090286 0.799105
v -0.020512 -0.081889 0.803491
v -0.029466 -0.097136 0.794298
v -0.027018 -0.089067 0.799105
v -0.024505 -0.080784 0.803491
v -0.034197 -0.095574 0.794298
v -0.031356 -0.087634 0.799105
v -0.028440 -0.079484 0.803491
v -0.041150 -0.164279 0.521690
v -0.042310 -0.168912 0.530176
v -0.043369 -0.173139 0.538888
v -0.049161 -0.162062 0.521690
v -0.050547 -0.166633 0.530176
v -0.051812 -0.170803 0.538888
v -0.057054 -0.159455 0.521690
v -0.058663 -0.163952 0.530176
v -0.060131 -0.168055 0.538888
v -0.032218 -0.128622 0.771092
v -0.030435 -0.121504 0.777463
v -0.028579 -0.114093 0.783464
v -0.038491 -0.126886 0.771092
v -0.036360 -0.119864 0.777463
v -0.034143 -0.112553 0.783464
v -0.044670 -0.124845 0.771092
v -0.042198 -0.117936 0.777463
v -0.039624 -0.110743 0.783464
v -0.035547 -0.141913 0.490400
v -0.037085 -0.148053 0.497786
v -0.038534 -0.153837 0.505475
v -0.042468 -0.139998 0.490400
v -0.044305 -0.146055 0.497786
v -0.046036 -0.151761 0.505475
v -0.049286 -0.137745 0.490400
v -0.051419 -0.143705 0.497786
v -0.053427 -0.149319 0.505475
v -0.038534 -0.153837 0.742228
v -0.037085 -0.148053 0.749917
v -0.035547 -0.141913 0.757303
v -0.046036 -0.151761 0.742228
v -0.044305 -0.146055 0.749917
v -0.042468 -0.139998 0.757303
v -0.053427 -0.149319 0.742228
v -0.051419 -0.143705 0.749917
v -0.049286 -0.137745 0.757303
v -0.028579 -0.114093 0.464239
v -0.030435 -0.121504 0.470240
v -0.032218 -0.128622 0.476611
v -0.034143 -0.112553 0.464239
v -0.036360 -0.119864 0.470240
v -0.038491 -0.126886 0.476611
v -0.039624 -0.110743 0.464239
v -0.042198 -0.117936 0.470240
v -0.044670 -0.124845 0.476611
v -0.043369 -0.173139 0.708815
v -0.042310 -0.168912 0.717527
v -0.041150 -0.164279 0.726013
v -0.051812 -0.170803 0.708815
v -0.050547 -0.166633 0.717527
v -0.049161 -0.162062 0.726013
v -0.060131 -0.168055 0.708815
v -0.058663 -0.163952 0.717527
v -0.057054 -0.159455 0.726013
v -0.043400 -0.091761 0.794298
v -0.039795 -0.084139 0.799105
v -0.036094 -0.076314 0.803491
v -0.047850 -0.089521 0.794298
v -0.043875 -0.082085 0.799105
v -0.039795 -0.074451 0.803491
v -0.052185 -0.087066 0.794298
v -0.047850 -0.079833 0.799105
v -0.043400 -0.072408 0.803491
v -0.072408 -0.153095 0.521690
v -0.074451 -0.157413 0.530176
v -0.076314 -0.161352 0.538888
v -0.079833 -0.149357 0.521690
v -0.082085 -0.153570 0.530176
v -0.084139 -0.157413 0.538888
v -0.087066 -0.145260 0.521690
v -0.089521 -0.149357 0.530176
v -0.091761 -0.153095 0.538888
v -0.056692 -0.119866 0.771092
v -0.053555 -0.113232 0.777463
v -0.050288 -0.106325 0.783464
v -0.062505 -0.116939 0.771092
v -0.059046 -0.110467 0.777463
v -0.055445 -0.103730 0.783464
v -0.068168 -0.113732 0.771092
v -0.064395 -0.107437 0.777463
v -0.060468 -0.100884 0.783464
v -0.062550 -0.132251 0.490400
v -0.065256 -0.137973 0.497786
v -0.067806 -0.143363 0.505475
v -0.068964 -0.129022 0.490400
v -0.071948 -0.134605 0.497786
v -0.074759 -0.139863 0.505475
v -0.075212 -0.125483 0.490400
v -0.078466 -0.130913 0.497786
v -0.081531 -0.136027 0.505475
v -0.067806 -0.143363 0.742228
v -0.065256 -0.137973 0.749917
v -0.062550 -0.132251 0.757303
v -0.074759 -0.139863 0.742228
v -0.071948 -0.134605 0.749917
v -0.068964 -0.129022 0.757303
v -0.081531 -0.136027 0.742228
v -0.078466 -0.130913 0.749917
v -0.075212 -0.125483 0.757303
v -0.050288 -0.106325 0.464239
v -0.053555 -0.113232 0.470240
v -0.056692 -0.119866 0.476611
v -0.055445 -0.103730 0.464239
v -0.059046 -0.110467 0.470240
v -0.062505 -0.116939 0.476611
v -0.060468 -0.100884 0.464239
v -0.064395 -0.107437 0.470240
v -0.068168 -0.113732 0.476611
v -0.076314 -0.161352 0.708815
v -0.074451 -0.157413 0.717527
v -0.072408 -0.153095 0.726013
v -0.084139 -0.157413 0.708815
v -0.082085 -0.153570 0.717527
v -0.079833 -0.149357 0.726013
v -0.091761 -0.153095 0.708815
v -0.089521 -0.149357 0.717527
v -0.087066 -0.145260 0.726013
v -0.036094 -0.076314 0.444212
v -0.039795 -0.084139 0.448598
v -0.043400 -0.091761 0.453405
v -0.039795 -0.074451 0.444212
v -0.043875 -0.082085 0.448598
v -0.047850 -0.089521 0.453405
v -0.043400 -0.072408 0.444212
v -0.047850 -0.079833 0.448598
v -0.052185 -0.087066 0.453405
v -0.081889 -0.173139 0.672136
v -0.080784 -0.170803 0.681536
v -0.079484 -0.168055 0.690798
v -0.090286 -0.168912 0.672136
v -0.089067 -0.166633 0.681536
v -0.087634 -0.163952 0.690798
v -0.098465 -0.164279 0.672136
v -0.097136 -0.162062 0.681536
v -0.095574 -0.159455 0.690798
v -0.020811 -0.043980 0.431156
v -0.024594 -0.051993 0.433710
v -0.028451 -0.060154 0.436752
v -0.022972 -0.042978 0.431163
v -0.027124 -0.050745 0.433712
v -0.031369 -0.058688 0.436752
v -0.025006 -0.041738 0.431156
v -0.029567 -0.049335 0.433710
v -0.034209 -0.057076 0.436752
v -0.084317 -0.178273 0.633602
v -0.084012 -0.177629 0.643329
v -0.083505 -0.176557 0.653010
v -0.092963 -0.173921 0.633602
v -0.092627 -0.173292 0.643329
v -0.092068 -0.172246 0.653010
v -0.101385 -0.169150 0.633602
v -0.101018 -0.168539 0.643329
v -0.100409 -0.167521 0.653010
v -0.012821 -0.023987 0.820906
v -0.013801 -0.029024 0.820120
v -0.010898 -0.022376 0.821192
v -0.008756 -0.016382 0.821914
v -0.012550 -0.021493 0.821192
v -0.016465 -0.027600 0.820120
v -0.015392 -0.028796 0.820062
v -0.012821 -0.023987 0.426798
v -0.008756 -0.016382 0.425789
v -0.010898 -0.022376 0.426511
v -0.013801 -0.029024 0.427583
v -0.015392 -0.028796 0.427641
v -0.016465 -0.027600 0.427583
v -0.012550 -0.021493 0.426511
v -0.083505 -0.176557 0.594693
v -0.084012 -0.177629 0.604374
v -0.084317 -0.178273 0.614101
v -0.092068 -0.172246 0.594693
v -0.092627 -0.173292 0.604374
v -0.092963 -0.173921 0.614101
v -0.100409 -0.167521 0.594693
v -0.101018 -0.168539 0.604374
v -0.101385 -0.169150 0.614101
v -0.028451 -0.060154 0.810951
v -0.024594 -0.051993 0.813993
v -0.020811 -0.043980 0.816547
v -0.031369 -0.058688 0.810951
v -0.027124 -0.050745 0.813991
v -0.022972 -0.042978 0.816540
v -0.034209 -0.057076 0.810951
v -0.029567 -0.049335 0.813993
v -0.025006 -0.041738 0.816547
v -0.079484 -0.168055 0.556905
v -0.080784 -0.170803 0.566167
v -0.081889 -0.173139 0.575567
v -0.087634 -0.163952 0.556905
v -0.089067 -0.166633 0.566167
v -0.090286 -0.168912 0.575567
v -0.095574 -0.159455 0.556905
v -0.097136 -0.162062 0.566167
v -0.098465 -0.164279 0.575567
v -0.114093 -0.153837 0.672136
v -0.112553 -0.151761 0.681536
v -0.110743 -0.149319 0.690798
v -0.121504 -0.148053 0.672136
v -0.119864 -0.146055 0.681536
v -0.117936 -0.143705 0.690798
v -0.128622 -0.141913 0.672136
v -0.126886 -0.139998 0.681536
v -0.124845 -0.137745 0.690798
v -0.028992 -0.039075 0.431156
v -0.034265 -0.046196 0.433710
v -0.039640 -0.053447 0.436752
v -0.030915 -0.037670 0.431163
v -0.036503 -0.044479 0.433712
v -0.042216 -0.051440 0.436752
v -0.032668 -0.036058 0.431156
v -0.038624 -0.042619 0.433710
v -0.044687 -0.049305 0.436752
v -0.117476 -0.158399 0.633602
v -0.117051 -0.157826 0.643329
v -0.116345 -0.156873 0.653010
v -0.125107 -0.152443 0.633602
v -0.124654 -0.151892 0.643329
v -0.123902 -0.150975 0.653010
v -0.132437 -0.146121 0.633602
v -0.131958 -0.145593 0.643329
v -0.131161 -0.144714 0.653010
v -0.017254 -0.021025 0.820906
v -0.019198 -0.025774 0.820120
v -0.015054 -0.019820 0.821192
v -0.011784 -0.014359 0.821914
v -0.016502 -0.018632 0.821192
v -0.021533 -0.023858 0.820120
v -0.020714 -0.025240 0.820062
v -0.017254 -0.021025 0.426798
v -0.011784 -0.014359 0.425789
v -0.015054 -0.019820 0.426511
v -0.019198 -0.025774 0.427583
v -0.020714 -0.025240 0.427641
v -0.021533 -0.023858 0.427583
v -0.016502 -0.018632 0.426511
v -0.116345 -0.156873 0.594693
v -0.117051 -0.157826 0.604374
v -0.117476 -0.158399 0.614101
v -0.123902 -0.150975 0.594693
v -0.124654 -0.151892 0.604374
v -0.125107 -0.152443 0.614101
v -0.131161 -0.144714 0.594693
v -0.131958 -0.145593 0.604374
v -0.132437 -0.146121 0.614101
v -0.039640 -0.053447 0.810951
v -0.034265 -0.046196 0.813993
v -0.028992 -0.039075 0.816547
v -0.042216 -0.051440 0.810951
v -0.036503 -0.044479 0.813991
v -0.030915 -0.037670 0.816540
v -0.044687 -0.049305 0.810951
v -0.038624 -0.042619 0.813993
v -0.032668 -0.036058 0.816547
v -0.110743 -0.149319 0.556905
v -0.112553 -0.151761 0.566167
v -0.114093 -0.153837 0.575567
v -0.117936 -0.143705 0.556905
v -0.119864 -0.146055 0.566167
v -0.121504 -0.148053 0.575567
v -0.124845 -0.137745 0.556905
v -0.126886 -0.139998 0.566167
v -0.128623 -0.141913 0.575567
v -0.060468 -0.081531 0.794298
v -0.055445 -0.074758 0.799105
v -0.050288 -0.067806 0.803491
v -0.064395 -0.078466 0.794298
v -0.059046 -0.071948 0.799105
v -0.053555 -0.065256 0.803491
v -0.068168 -0.075212 0.794298
v -0.062505 -0.068964 0.799105
v -0.056692 -0.062550 0.803491
v -0.100884 -0.136027 0.521690
v -0.103730 -0.139863 0.530176
v -0.106325 -0.143363 0.538888
v -0.107437 -0.130913 0.521690
v -0.110467 -0.134605 0.530176
v -0.113232 -0.137973 0.538888
v -0.113732 -0.125483 0.521690
v -0.116939 -0.129022 0.530176
v -0.119866 -0.132251 0.538888
v -0.078987 -0.106502 0.771092
v -0.074616 -0.100608 0.777463
v -0.070065 -0.094472 0.783464
v -0.084118 -0.102498 0.771092
v -0.079463 -0.096825 0.777463
v -0.074616 -0.090920 0.783464
v -0.089046 -0.098247 0.771092
v -0.084118 -0.092810 0.777463
v -0.078987 -0.087149 0.783464
v -0.087149 -0.117507 0.490400
v -0.090920 -0.122591 0.497786
v -0.094472 -0.127380 0.505475
v -0.092810 -0.113089 0.490400
v -0.096825 -0.117982 0.497786
v -0.100608 -0.122591 0.505475
v -0.098247 -0.108399 0.490400
v -0.102498 -0.113089 0.497786
v -0.106502 -0.117507 0.505475
v -0.094472 -0.127380 0.742228
v -0.090920 -0.122591 0.749917
v -0.087149 -0.117507 0.757303
v -0.100608 -0.122591 0.742228
v -0.096825 -0.117982 0.749917
v -0.092810 -0.113089 0.757303
v -0.106502 -0.117507 0.742228
v -0.102498 -0.113089 0.749917
v -0.098247 -0.108399 0.757303
v -0.070065 -0.094472 0.464239
v -0.074616 -0.100608 0.470240
v -0.078987 -0.106502 0.476611
v -0.074616 -0.090920 0.464239
v -0.079463 -0.096825 0.470240
v -0.084118 -0.102498 0.476611
v -0.078987 -0.087149 0.464239
v -0.084118 -0.092810 0.470240
v -0.089046 -0.098247 0.476611
v -0.106325 -0.143363 0.708815
v -0.103730 -0.139863 0.717527
v -0.100884 -0.136027 0.726013
v -0.113232 -0.137973 0.708815
v -0.110467 -0.134605 0.717527
v -0.107437 -0.130913 0.726013
v -0.119866 -0.132251 0.708815
v -0.116939 -0.129022 0.717527
v -0.113732 -0.125483 0.726013
v -0.050288 -0.067806 0.444212
v -0.055445 -0.074758 0.448598
v -0.060468 -0.081531 0.453405
v -0.053555 -0.065256 0.444212
v -0.059046 -0.071948 0.448598
v -0.064395 -0.078466 0.453405
v -0.056692 -0.062550 0.444212
v -0.062505 -0.068964 0.448598
v -0.068168 -0.075212 0.453405
v -0.125483 -0.113732 0.521690
v -0.129022 -0.116939 0.530176
v -0.132251 -0.119866 0.538888
v -0.130913 -0.107437 0.521690
v -0.134605 -0.110467 0.530176
v -0.137973 -0.113232 0.538888
v -0.136027 -0.100884 0.521690
v -0.139863 -0.103730 0.530176
v -0.143363 -0.106325 0.538888
v -0.098247 -0.089046 0.771092
v -0.092810 -0.084118 0.777463
v -0.087149 -0.078987 0.783464
v -0.102498 -0.084118 0.771092
v -0.096825 -0.079463 0.777463
v -0.090920 -0.074616 0.783464
v -0.106502 -0.078987 0.771092
v -0.100608 -0.074616 0.777463
v -0.094472 -0.070065 0.783464
v -0.108399 -0.098247 0.490400
v -0.113089 -0.102498 0.497786
v -0.117507 -0.106502 0.505475
v -0.113089 -0.092810 0.490400
v -0.117982 -0.096825 0.497786
v -0.122591 -0.100608 0.505475
v -0.117507 -0.087149 0.490400
v -0.122591 -0.090920 0.497786
v -0.127380 -0.094472 0.505475
v -0.117507 -0.106502 0.742228
v -0.113089 -0.102498 0.749917
v -0.108399 -0.098247 0.757303
v -0.122591 -0.100608 0.742228
v -0.117982 -0.096825 0.749917
v -0.113089 -0.092810 0.757303
v -0.127380 -0.094472 0.742228
v -0.122591 -0.090920 0.749917
v -0.117507 -0.087149 0.757303
v -0.087149 -0.078987 0.464239
v -0.092810 -0.084118 0.470240
v -0.098247 -0.089046 0.476611
v -0.090920 -0.074616 0.464239
v -0.096825 -0.079463 0.470240
v -0.102498 -0.084118 0.476611
v -0.094472 -0.070065 0.464239
v -0.100608 -0.074616 0.470240
v -0.106502 -0.078987 0.476611
v -0.132251 -0.119866 0.708815
v -0.129022 -0.116939 0.717527
v -0.125483 -0.113732 0.726013
v -0.137973 -0.113232 0.708815
v -0.134605 -0.110467 0.717527
v -0.130913 -0.107437 0.726013
v -0.143363 -0.106325 0.708815
v -0.139863 -0.103730 0.717527
v -0.136027 -0.100884 0.726013
v -0.062550 -0.056692 0.444212
v -0.068964 -0.062505 0.448598
v -0.075212 -0.068168 0.453405
v -0.065256 -0.053555 0.444212
v -0.071948 -0.059046 0.448598
v -0.078466 -0.064395 0.453405
v -0.067806 -0.050288 0.444212
v -0.074759 -0.055445 0.448598
v -0.081531 -0.060468 0.453405
v -0.141913 -0.128622 0.672136
v -0.139998 -0.126886 0.681536
v -0.137745 -0.124845 0.690798
v -0.148053 -0.121504 0.672136
v -0.146055 -0.119864 0.681536
v -0.143705 -0.117936 0.690798
v -0.153837 -0.114093 0.672136
v -0.151761 -0.112553 0.681536
v -0.149319 -0.110743 0.690798
v -0.036058 -0.032668 0.431156
v -0.042619 -0.038624 0.433710
v -0.049305 -0.044687 0.436752
v -0.037670 -0.030915 0.431163
v -0.044479 -0.036503 0.433712
v -0.051440 -0.042216 0.436752
v -0.039075 -0.028992 0.431156
v -0.046196 -0.034265 0.433710
v -0.053447 -0.039640 0.436752
v -0.146121 -0.132436 0.633602
v -0.145593 -0.131957 0.643329
v -0.144714 -0.131161 0.653010
v -0.152443 -0.125107 0.633602
v -0.151892 -0.124654 0.643329
v -0.150975 -0.123902 0.653010
v -0.158399 -0.117476 0.633602
v -0.157826 -0.117051 0.643329
v -0.156873 -0.116345 0.653010
v -0.021025 -0.017254 0.820906
v -0.023858 -0.021533 0.820120
v -0.018632 -0.016502 0.821192
v -0.014359 -0.011784 0.821914
v -0.019820 -0.015054 0.821192
v -0.025774 -0.019198 0.820120
v -0.025240 -0.020714 0.820062
v -0.021025 -0.017254 0.426798
v -0.014359 -0.011784 0.425789
v -0.018632 -0.016502 0.426511
v -0.023858 -0.021533 0.427583
v -0.025240 -0.020714 0.427641
v -0.025774 -0.019198 0.427583
v -0.019820 -0.015054 0.426511
v -0.144714 -0.131161 0.594693
v -0.145593 -0.131957 0.604374
v -0.146121 -0.132436 0.614101
v -0.150975 -0.123902 0.594693
v -0.151892 -0.124654 0.604374
v -0.152443 -0.125107 0.614101
v -0.156873 -0.116345 0.594693
v -0.157826 -0.117051 0.604374
v -0.158399 -0.117476 0.614101
v -0.049305 -0.044687 0.810951
v -0.042619 -0.038624 0.813993
v -0.036058 -0.032668 0.816547
v -0.051440 -0.042216 0.810951
v -0.044479 -0.036503 0.813991
v -0.037670 -0.030915 0.816540
v -0.053447 -0.039640 0.810951
v -0.046196 -0.034265 0.813993
v -0.039075 -0.028992 0.816547
v -0.137745 -0.124845 0.556905
v -0.139998 -0.126886 0.566167
v -0.141913 -0.128622 0.575567
v -0.143705 -0.117936 0.556905
v -0.146055 -0.119864 0.566167
v -0.148053 -0.121504 0.575567
v -0.149319 -0.110743 0.556905
v -0.151761 -0.112553 0.566167
v -0.153837 -0.114093 0.575567
v -0.075212 -0.068168 0.794298
v -0.068964 -0.062505 0.799105
v -0.062550 -0.056692 0.803491
v -0.078466 -0.064395 0.794298
v -0.071948 -0.059046 0.799105
v -0.065256 -0.053555 0.803491
v -0.081531 -0.060468 0.794298
v -0.074759 -0.055445 0.799105
v -0.067806 -0.050288 0.803491
v -0.041738 -0.025006 0.431156
v -0.049335 -0.029567 0.433710
v -0.057076 -0.034209 0.436752
v -0.042978 -0.022972 0.431163
v -0.050745 -0.027124 0.433712
v -0.058688 -0.031369 0.436752
v -0.043980 -0.020811 0.431156
v -0.051993 -0.024594 0.433710
v -0.060154 -0.028451 0.436752
v -0.169150 -0.101385 0.633602
v -0.168539 -0.101018 0.643329
v -0.167521 -0.100409 0.653010
v -0.173921 -0.092963 0.633602
v -0.173292 -0.092627 0.643329
v -0.172246 -0.092067 0.653010
v -0.178273 -0.084317 0.633602
v -0.177629 -0.084012 0.643329
v -0.176557 -0.083505 0.653010
v -0.023987 -0.012821 0.820906
v -0.027600 -0.016465 0.820120
v -0.021493 -0.012550 0.821192
v -0.016382 -0.008756 0.821914
v -0.022376 -0.010898 0.821192
v -0.029024 -0.013801 0.820120
v -0.028796 -0.015392 0.820062
v -0.023987 -0.012821 0.426798
v -0.016382 -0.008756 0.425789
v -0.021493 -0.012550 0.426511
v -0.027600 -0.016465 0.427583
v -0.028796 -0.015392 0.427641
v -0.029024 -0.013801 0.427583
v -0.022376 -0.010898 0.426511
v -0.167521 -0.100409 0.594693
v -0.168539 -0.101018 0.604374
v -0.169150 -0.101385 0.614101
v -0.172246 -0.092067 0.594693
v -0.173292 -0.092627 0.604374
v -0.173921 -0.092963 0.614101
v -0.176557 -0.083505 0.594693
v -0.177629 -0.084012 0.604374
v -0.178273 -0.084317 0.614101
v -0.057076 -0.034209 0.810951
v -0.049335 -0.029567 0.813993
v -0.041738 -0.025006 0.816547
v -0.058688 -0.031369 0.810951
v -0.050745 -0.027124 0.813991
v -0.042978 -0.022972 0.816540
v -0.060154 -0.028451 0.810951
v -0.051993 -0.024594 0.813993
v -0.043980 -0.020811 0.816547
v -0.159455 -0.095574 0.556905
v -0.162062 -0.097136 0.566167
v -0.164279 -0.098465 0.575567
v -0.163952 -0.087634 0.556905
v -0.166633 -0.089067 0.566167
v -0.168912 -0.090286 0.575567
v -0.168055 -0.079484 0.556905
v -0.170803 -0.080784 0.566167
v -0.173139 -0.081889 0.575567
v -0.087066 -0.052185 0.794298
v -0.079833 -0.047850 0.799105
v -0.072408 -0.043400 0.803491
v -0.089521 -0.047850 0.794298
v -0.082085 -0.043875 0.799105
v -0.074451 -0.039795 0.803491
v -0.091761 -0.043400 0.794298
v -0.084139 -0.039795 0.799105
v -0.076314 -0.036094 0.803491
v -0.145260 -0.087066 0.521690
v -0.149357 -0.089521 0.530176
v -0.153095 -0.091761 0.538888
v -0.149357 -0.079833 0.521690
v -0.153570 -0.082085 0.530176
v -0.157413 -0.084139 0.538888
v -0.153095 -0.072408 0.521690
v -0.157413 -0.074451 0.530176
v -0.161352 -0.076314 0.538888
v -0.113732 -0.068168 0.771092
v -0.107437 -0.064395 0.777463
v -0.100884 -0.060468 0.783464
v -0.116939 -0.062505 0.771092
v -0.110467 -0.059046 0.777463
v -0.103730 -0.055445 0.783464
v -0.119866 -0.056692 0.771092
v -0.113232 -0.053555 0.777463
v -0.106325 -0.050288 0.783464
v -0.125483 -0.075212 0.490400
v -0.130913 -0.078466 0.497786
v -0.136027 -0.081531 0.505475
v -0.129023 -0.068964 0.490400
v -0.134605 -0.071948 0.497786
v -0.139863 -0.074758 0.505475
v -0.132251 -0.062550 0.490400
v -0.137973 -0.065256 0.497786
v -0.143363 -0.067806 0.505475
v -0.136027 -0.081531 0.742228
v -0.130913 -0.078466 0.749917
v -0.125483 -0.075212 0.757303
v -0.139863 -0.074758 0.742228
v -0.134605 -0.071948 0.749917
v -0.129023 -0.068964 0.757303
v -0.143363 -0.067806 0.742228
v -0.137973 -0.065256 0.749917
v -0.132251 -0.062550 0.757303
v -0.100884 -0.060468 0.464239
v -0.107437 -0.064395 0.470240
v -0.113732 -0.068168 0.476611
v -0.103730 -0.055445 0.464239
v -0.110467 -0.059046 0.470240
v -0.116939 -0.062505 0.476611
v -0.106325 -0.050288 0.464239
v -0.113232 -0.053555 0.470240
v -0.119866 -0.056692 0.476611
v -0.153095 -0.091761 0.708815
v -0.149357 -0.089521 0.717527
v -0.145260 -0.087066 0.726013
v -0.157413 -0.084139 0.708815
v -0.153570 -0.082085 0.717527
v -0.149357 -0.079833 0.726013
v -0.161352 -0.076314 0.708815
v -0.157413 -0.074451 0.717527
v -0.153095 -0.072408 0.726013
v -0.072408 -0.043400 0.444212
v -0.079833 -0.047850 0.448598
v -0.087066 -0.052185 0.453405
v -0.074451 -0.039795 0.444212
v -0.082085 -0.043875 0.448598
v -0.089521 -0.047850 0.453405
v -0.076314 -0.036094 0.444212
v -0.084139 -0.039795 0.448598
v -0.091761 -0.043400 0.453405
v -0.164279 -0.098465 0.672136
v -0.162062 -0.097136 0.681536
v -0.159455 -0.095574 0.690798
v -0.168912 -0.090286 0.672136
v -0.166633 -0.089067 0.681536
v -0.163952 -0.087634 0.690798
v -0.173139 -0.081889 0.672136
v -0.170803 -0.080784 0.681536
v -0.168055 -0.079484 0.690798
v -0.124845 -0.044670 0.771092
v -0.117936 -0.042198 0.777463
v -0.110743 -0.039624 0.783464
v -0.126886 -0.038491 0.771092
v -0.119864 -0.036360 0.777463
v -0.112553 -0.034143 0.783464
v -0.128622 -0.032218 0.771092
v -0.121504 -0.030435 0.777463
v -0.114093 -0.028579 0.783464
v -0.137745 -0.049286 0.490400
v -0.143705 -0.051419 0.497786
v -0.149319 -0.053427 0.505475
v -0.139998 -0.042468 0.490400
v -0.146055 -0.044305 0.497786
v -0.151761 -0.046036 0.505475
v -0.141913 -0.035547 0.490400
v -0.148053 -0.037085 0.497786
v -0.153837 -0.038534 0.505475
v -0.149319 -0.053427 0.742228
v -0.143705 -0.051419 0.749917
v -0.137745 -0.049286 0.757303
v -0.151761 -0.046036 0.742228
v -0.146055 -0.044305 0.749917
v -0.139998 -0.042468 0.757303
v -0.153837 -0.038534 0.742228
v -0.148053 -0.037085 0.749917
v -0.141913 -0.035547 0.757303
v -0.110743 -0.039624 0.464239
v -0.117936 -0.042198 0.470240
v -0.124845 -0.044670 0.476611
v -0.112553 -0.034143 0.464239
v -0.119864 -0.036360 0.470240
v -0.126886 -0.038491 0.476611
v -0.114093 -0.028579 0.464239
v -0.121504 -0.030435 0.470240
v -0.128623 -0.032218 0.476611
v -0.168055 -0.060131 0.708815
v -0.163952 -0.058663 0.717527
v -0.159455 -0.057054 0.726013
v -0.170803 -0.051812 0.708815
v -0.166633 -0.050547 0.717527
v -0.162062 -0.049161 0.726013
v -0.173139 -0.043369 0.708815
v -0.168912 -0.042310 0.717527
v -0.164279 -0.041150 0.726013
v -0.079484 -0.028440 0.444212
v -0.087634 -0.031356 0.448598
v -0.095574 -0.034197 0.453405
v -0.080784 -0.024505 0.444212
v -0.089067 -0.027018 0.448598
v -0.097136 -0.029466 0.453405
v -0.081889 -0.020512 0.444212
v -0.090286 -0.022615 0.448598
v -0.098465 -0.024664 0.453405
v -0.180332 -0.064524 0.672136
v -0.177898 -0.063653 0.681536
v -0.175036 -0.062629 0.690798
v -0.183281 -0.055598 0.672136
v -0.180807 -0.054847 0.681536
v -0.177898 -0.053965 0.690798
v -0.185788 -0.046537 0.672136
v -0.183281 -0.045909 0.681536
v -0.180332 -0.045171 0.690798
v -0.045815 -0.016383 0.431156
v -0.054156 -0.019374 0.433710
v -0.062653 -0.022417 0.436752
v -0.046634 -0.014146 0.431163
v -0.055062 -0.016703 0.433712
v -0.063680 -0.019317 0.436752
v -0.047195 -0.011831 0.431156
v -0.055792 -0.013978 0.433710
v -0.064548 -0.016169 0.436752
v -0.185680 -0.066437 0.633602
v -0.185008 -0.066197 0.643329
v -0.183891 -0.065797 0.653010
v -0.188715 -0.057246 0.633602
v -0.188033 -0.057039 0.643329
v -0.186898 -0.056695 0.653010
v -0.191297 -0.047917 0.633602
v -0.190606 -0.047744 0.643329
v -0.189455 -0.047456 0.653010
v -0.026027 -0.007895 0.820906
v -0.030282 -0.010764 0.820120
v -0.023528 -0.008116 0.821192
v -0.017775 -0.005392 0.821914
v -0.024072 -0.006323 0.821192
v -0.031159 -0.007874 0.820120
v -0.031245 -0.009478 0.820062
v -0.026027 -0.007895 0.426798
v -0.017775 -0.005392 0.425789
v -0.023528 -0.008116 0.426511
v -0.030282 -0.010764 0.427583
v -0.031245 -0.009478 0.427641
v -0.031159 -0.007874 0.427583
v -0.024072 -0.006323 0.426511
v -0.183891 -0.065797 0.594693
v -0.185008 -0.066197 0.604374
v -0.185680 -0.066437 0.614101
v -0.186898 -0.056695 0.594693
v -0.188033 -0.057039 0.604374
v -0.188715 -0.057246 0.614101
v -0.189455 -0.047456 0.594693
v -0.190606 -0.047744 0.604374
v -0.191297 -0.047917 0.614101
v -0.062653 -0.022417 0.810951
v -0.054156 -0.019374 0.813993
v -0.045815 -0.016383 0.816547
v -0.063680 -0.019317 0.810951
v -0.055062 -0.016703 0.813991
v -0.046634 -0.014146 0.816540
v -0.064548 -0.016169 0.810951
v -0.055792 -0.013978 0.813993
v -0.047195 -0.011831 0.816547
v -0.175036 -0.062629 0.556905
v -0.177898 -0.063653 0.566167
v -0.180332 -0.064524 0.575567
v -0.177898 -0.053965 0.556905
v -0.180807 -0.054847 0.566167
v -0.183281 -0.055598 0.575567
v -0.180332 -0.045171 0.556905
v -0.183281 -0.045909 0.566167
v -0.185788 -0.046537 0.575567
v -0.095574 -0.034197 0.794298
v -0.087634 -0.031356 0.799105
v -0.079484 -0.028440 0.803491
v -0.097136 -0.029466 0.794298
v -0.089067 -0.027018 0.799105
v -0.080784 -0.024505 0.803491
v -0.098465 -0.024664 0.794298
v -0.090286 -0.022615 0.799105
v -0.081889 -0.020512 0.803491
v -0.159455 -0.057054 0.521690
v -0.163952 -0.058663 0.530176
v -0.168055 -0.060131 0.538888
v -0.162062 -0.049161 0.521690
v -0.166633 -0.050547 0.530176
v -0.170803 -0.051812 0.538888
v -0.164279 -0.041150 0.521690
v -0.168912 -0.042310 0.530176
v -0.173139 -0.043369 0.538888
v -0.195073 -0.028936 0.633602
v -0.194367 -0.028832 0.643329
v -0.193194 -0.028658 0.653010
v -0.196258 -0.019330 0.633602
v -0.195548 -0.019260 0.643329
v -0.194367 -0.019143 0.653010
v -0.196970 -0.009676 0.633602
v -0.196258 -0.009641 0.643329
v -0.195073 -0.009583 0.653010
v -0.027067 -0.002666 0.820906
v -0.031800 -0.004650 0.820120
v -0.024660 -0.003370 0.821192
v -0.018486 -0.001821 0.821914
v -0.024843 -0.001506 0.821192
v -0.032096 -0.001643 0.820120
v -0.032494 -0.003200 0.820062
v -0.027067 -0.002666 0.426798
v -0.018486 -0.001821 0.425789
v -0.024660 -0.003370 0.426511
v -0.031800 -0.004650 0.427583
v -0.032494 -0.003200 0.427641
v -0.032096 -0.001643 0.427583
v -0.024843 -0.001506 0.426511
v -0.193194 -0.028658 0.594693
v -0.194367 -0.028832 0.604374
v -0.195073 -0.028936 0.614101
v -0.194367 -0.019143 0.594693
v -0.195548 -0.019260 0.604374
v -0.196258 -0.019330 0.614101
v -0.195073 -0.009583 0.594693
v -0.196258 -0.009641 0.604374
v -0.196970 -0.009676 0.614101
v -0.065822 -0.009763 0.810951
v -0.056895 -0.008437 0.813993
v -0.048130 -0.007130 0.816547
v -0.066225 -0.006523 0.810951
v -0.057262 -0.005640 0.813991
v -0.048497 -0.004777 0.816540
v -0.066462 -0.003265 0.810951
v -0.057447 -0.002825 0.813993
v -0.048597 -0.002397 0.816547
v -0.183891 -0.027278 0.556905
v -0.186898 -0.027724 0.566167
v -0.189455 -0.028103 0.575567
v -0.185008 -0.018222 0.556905
v -0.188033 -0.018520 0.566167
v -0.190606 -0.018773 0.575567
v -0.185680 -0.009122 0.556905
v -0.188716 -0.009271 0.566167
v -0.191297 -0.009398 0.575567
v -0.100409 -0.014894 0.794298
v -0.092068 -0.013657 0.799105
v -0.083505 -0.012387 0.803491
v -0.101018 -0.009949 0.794298
v -0.092627 -0.009123 0.799105
v -0.084012 -0.008274 0.803491
v -0.101385 -0.004981 0.794298
v -0.092963 -0.004567 0.799105
v -0.084317 -0.004142 0.803491
v -0.167521 -0.024849 0.521690
v -0.172246 -0.025550 0.530176
v -0.176557 -0.026190 0.538888
v -0.168539 -0.016600 0.521690
v -0.173292 -0.017068 0.530176
v -0.177629 -0.017495 0.538888
v -0.169150 -0.008310 0.521690
v -0.173921 -0.008544 0.530176
v -0.178273 -0.008758 0.538888
v -0.131161 -0.019456 0.771092
v -0.123902 -0.018379 0.777463
v -0.116345 -0.017258 0.783464
v -0.131958 -0.012997 0.771092
v -0.124654 -0.012277 0.777463
v -0.117051 -0.011529 0.783464
v -0.132436 -0.006506 0.771092
v -0.125107 -0.006146 0.777463
v -0.117476 -0.005771 0.783464
v -0.144714 -0.021466 0.490400
v -0.150975 -0.022395 0.497786
v -0.156873 -0.023270 0.505475
v -0.145593 -0.014340 0.490400
v -0.151892 -0.014960 0.497786
v -0.157826 -0.015544 0.505475
v -0.146121 -0.007178 0.490400
v -0.152443 -0.007489 0.497786
v -0.158399 -0.007782 0.505475
v -0.156873 -0.023270 0.742228
v -0.150975 -0.022395 0.749917
v -0.144714 -0.021466 0.757303
v -0.157826 -0.015544 0.742228
v -0.151892 -0.014960 0.749917
v -0.145593 -0.014340 0.757303
v -0.158399 -0.007782 0.742228
v -0.152443 -0.007489 0.749917
v -0.146121 -0.007178 0.757303
v -0.116345 -0.017258 0.464239
v -0.123902 -0.018379 0.470240
v -0.131161 -0.019456 0.476611
v -0.117051 -0.011529 0.464239
v -0.124654 -0.012277 0.470240
v -0.131958 -0.012997 0.476611
v -0.117476 -0.005771 0.464239
v -0.125107 -0.006146 0.470240
v -0.132437 -0.006506 0.476611
v -0.176557 -0.026190 0.708815
v -0.172246 -0.025550 0.717527
v -0.167521 -0.024849 0.726013
v -0.177629 -0.017495 0.708815
v -0.173292 -0.017068 0.717527
v -0.168539 -0.016600 0.726013
v -0.178273 -0.008758 0.708815
v -0.173921 -0.008544 0.717527
v -0.169150 -0.008310 0.726013
v -0.083505 -0.012387 0.444212
v -0.092068 -0.013657 0.448598
v -0.100409 -0.014894 0.453405
v -0.084012 -0.008274 0.444212
v -0.092627 -0.009123 0.448598
v -0.101018 -0.009949 0.453405
v -0.084317 -0.004142 0.444212
v -0.092963 -0.004567 0.448598
v -0.101385 -0.004981 0.453405
v -0.189455 -0.028103 0.672136
v -0.186898 -0.027724 0.681536
v -0.183891 -0.027278 0.690798
v -0.190606 -0.018773 0.672136
v -0.188033 -0.018520 0.681536
v -0.185008 -0.018222 0.690798
v -0.191297 -0.009398 0.672136
v -0.188716 -0.009271 0.681536
v -0.185680 -0.009122 0.690798
v -0.048130 -0.007130 0.431156
v -0.056895 -0.008437 0.433710
v -0.065822 -0.009763 0.436752
v -0.048497 -0.004777 0.431163
v -0.057262 -0.005640 0.433712
v -0.066225 -0.006523 0.436752
v -0.048597 -0.002397 0.431156
v -0.057447 -0.002825 0.433710
v -0.066462 -0.003265 0.436752
v -0.146121 0.007178 0.490400
v -0.152443 0.007489 0.497786
v -0.158399 0.007782 0.505475
v -0.145593 0.014340 0.490400
v -0.151892 0.014960 0.497786
v -0.157826 0.015544 0.505475
v -0.144714 0.021466 0.490400
v -0.150975 0.022395 0.497786
v -0.156873 0.023270 0.505475
v -0.158399 0.007782 0.742228
v -0.152443 0.007489 0.749917
v -0.146121 0.007178 0.757303
v -0.157826 0.015544 0.742228
v -0.151892 0.014960 0.749917
v -0.145593 0.014340 0.757303
v -0.156873 0.023270 0.742228
v -0.150975 0.022395 0.749917
v -0.144714 0.021466 0.757303
v -0.117476 0.005771 0.464239
v -0.125107 0.006146 0.470240
v -0.132436 0.006506 0.476611
v -0.117051 0.011529 0.464239
v -0.124654 0.012277 0.470240
v -0.131958 0.012997 0.476611
v -0.116345 0.017258 0.464239
v -0.123902 0.018379 0.470240
v -0.131161 0.019456 0.476611
v -0.178273 0.008758 0.708815
v -0.173921 0.008544 0.717527
v -0.169150 0.008310 0.726013
v -0.177629 0.017495 0.708815
v -0.173292 0.017068 0.717527
v -0.168539 0.016600 0.726013
v -0.176557 0.026190 0.708815
v -0.172246 0.025550 0.717527
v -0.167521 0.024850 0.726013
v -0.084317 0.004142 0.444212
v -0.092963 0.004567 0.448598
v -0.101385 0.004981 0.453405
v -0.084012 0.008274 0.444212
v -0.092627 0.009123 0.448598
v -0.101018 0.009949 0.453405
v -0.083505 0.012387 0.444212
v -0.092068 0.013657 0.448598
v -0.100409 0.014894 0.453405
v -0.191297 0.009398 0.672136
v -0.188716 0.009271 0.681536
v -0.185680 0.009122 0.690798
v -0.190606 0.018773 0.672136
v -0.188033 0.018520 0.681536
v -0.185008 0.018222 0.690798
v -0.189455 0.028103 0.672136
v -0.186898 0.027724 0.681536
v -0.183891 0.027278 0.690798
v -0.048597 0.002397 0.431156
v -0.057447 0.002825 0.433710
v -0.066462 0.003265 0.436752
v -0.048497 0.004777 0.431163
v -0.057262 0.005640 0.433712
v -0.066225 0.006523 0.436752
v -0.048130 0.007130 0.431156
v -0.056895 0.008437 0.433710
v -0.065822 0.009764 0.436752
v -0.196970 0.009677 0.633602
v -0.196258 0.009642 0.643329
v -0.195073 0.009583 0.653010
v -0.196258 0.019330 0.633602
v -0.195548 0.019260 0.643329
v -0.194367 0.019144 0.653010
v -0.195073 0.028936 0.633602
v -0.194367 0.028832 0.643329
v -0.193194 0.028658 0.653010
v -0.027067 0.002666 0.820906
v -0.032096 0.001643 0.820120
v -0.024843 0.001506 0.821192
v -0.018486 0.001821 0.821914
v -0.024660 0.003370 0.821192
v -0.031800 0.004650 0.820120
v -0.032494 0.003200 0.820062
v -0.027067 0.002666 0.426798
v -0.018486 0.001821 0.425789
v -0.024843 0.001506 0.426511
v -0.032096 0.001643 0.427583
v -0.032494 0.003200 0.427641
v -0.031800 0.004650 0.427583
v -0.024660 0.003370 0.426511
v -0.195073 0.009583 0.594693
v -0.196258 0.009642 0.604374
v -0.196970 0.009677 0.614101
v -0.194367 0.019144 0.594693
v -0.195548 0.019260 0.604374
v -0.196258 0.019330 0.614101
v -0.193194 0.028658 0.594693
v -0.194367 0.028832 0.604374
v -0.195073 0.028936 0.614101
v -0.066462 0.003265 0.810951
v -0.057447 0.002825 0.813993
v -0.048597 0.002397 0.816547
v -0.066225 0.006523 0.810951
v -0.057262 0.005640 0.813991
v -0.048497 0.004777 0.816540
v -0.065822 0.009764 0.810951
v -0.056895 0.008437 0.813993
v -0.048130 0.007130 0.816547
v -0.185680 0.009122 0.556905
v -0.188716 0.009271 0.566167
v -0.191297 0.009398 0.575567
v -0.185008 0.018222 0.556905
v -0.188033 0.018520 0.566167
v -0.190606 0.018773 0.575567
v -0.183891 0.027278 0.556905
v -0.186898 0.027724 0.566167
v -0.189455 0.028103 0.575567
v -0.101385 0.004981 0.794298
v -0.092963 0.004567 0.799105
v -0.084317 0.004142 0.803491
v -0.101018 0.009949 0.794298
v -0.092627 0.009123 0.799105
v -0.084012 0.008274 0.803491
v -0.100409 0.014894 0.794298
v -0.092068 0.013657 0.799105
v -0.083505 0.012387 0.803491
v -0.169150 0.008310 0.521690
v -0.173921 0.008544 0.530176
v -0.178273 0.008758 0.538888
v -0.168539 0.016600 0.521690
v -0.173292 0.017068 0.530176
v -0.177629 0.017495 0.538888
v -0.167521 0.024850 0.521690
v -0.172246 0.025550 0.530176
v -0.176557 0.026190 0.538888
v -0.132436 0.006506 0.771092
v -0.125107 0.006146 0.777463
v -0.117476 0.005771 0.783464
v -0.131958 0.012997 0.771092
v -0.124654 0.012277 0.777463
v -0.117051 0.011529 0.783464
v -0.131161 0.019456 0.771092
v -0.123902 0.018379 0.777463
v -0.116345 0.017258 0.783464
v -0.026027 0.007895 0.426798
v -0.017775 0.005392 0.425789
v -0.024072 0.006323 0.426511
v -0.031159 0.007874 0.427583
v -0.031245 0.009478 0.427641
v -0.030282 0.010764 0.427583
v -0.023528 0.008116 0.426511
v -0.189455 0.047456 0.594693
v -0.190606 0.047744 0.604374
v -0.191297 0.047918 0.614101
v -0.186898 0.056695 0.594693
v -0.188033 0.057039 0.604374
v -0.188715 0.057246 0.614101
v -0.183891 0.065797 0.594693
v -0.185008 0.066197 0.604374
v -0.185679 0.066437 0.614101
v -0.064548 0.016169 0.810951
v -0.055792 0.013978 0.813993
v -0.047195 0.011831 0.816547
v -0.063680 0.019317 0.810951
v -0.055062 0.016703 0.813991
v -0.046634 0.014146 0.816540
v -0.062653 0.022417 0.810951
v -0.054156 0.019374 0.813993
v -0.045815 0.016383 0.816547
v -0.180332 0.045171 0.556905
v -0.183281 0.045909 0.566167
v -0.185788 0.046538 0.575567
v -0.177898 0.053965 0.556905
v -0.180807 0.054847 0.566167
v -0.183281 0.055598 0.575567
v -0.175036 0.062629 0.556905
v -0.177898 0.063653 0.566167
v -0.180332 0.064524 0.575567
v -0.098465 0.024664 0.794298
v -0.090286 0.022615 0.799105
v -0.081889 0.020512 0.803491
v -0.097136 0.029466 0.794298
v -0.089067 0.027018 0.799105
v -0.080784 0.024505 0.803491
v -0.095574 0.034197 0.794298
v -0.087634 0.031356 0.799105
v -0.079484 0.028440 0.803491
v -0.164279 0.041150 0.521690
v -0.168912 0.042310 0.530176
v -0.173139 0.043369 0.538888
v -0.162062 0.049161 0.521690
v -0.166633 0.050547 0.530176
v -0.170803 0.051812 0.538888
v -0.159455 0.057054 0.521690
v -0.163952 0.058663 0.530176
v -0.168055 0.060131 0.538888
v -0.128622 0.032218 0.771092
v -0.121504 0.030435 0.777463
v -0.114093 0.028579 0.783464
v -0.126886 0.038491 0.771092
v -0.119864 0.036360 0.777463
v -0.112553 0.034143 0.783464
v -0.124845 0.044670 0.771092
v -0.117936 0.042198 0.777463
v -0.110743 0.039624 0.783464
v -0.141913 0.035547 0.490400
v -0.148053 0.037085 0.497786
v -0.153837 0.038534 0.505475
v -0.139998 0.042468 0.490400
v -0.146055 0.044305 0.497786
v -0.151761 0.046036 0.505475
v -0.137745 0.049286 0.490400
v -0.143705 0.051419 0.497786
v -0.149319 0.053427 0.505475
v -0.153837 0.038534 0.742228
v -0.148053 0.037085 0.749917
v -0.141913 0.035547 0.757303
v -0.151761 0.046036 0.742228
v -0.146055 0.044305 0.749917
v -0.139998 0.042468 0.757303
v -0.149319 0.053427 0.742228
v -0.143705 0.051419 0.749917
v -0.137745 0.049286 0.757303
v -0.114093 0.028579 0.464239
v -0.121504 0.030435 0.470240
v -0.128622 0.032218 0.476611
v -0.112553 0.034143 0.464239
v -0.119864 0.036360 0.470240
v -0.126886 0.038491 0.476611
v -0.110743 0.039624 0.464239
v -0.117936 0.042198 0.470240
v -0.124845 0.044670 0.476611
v -0.173139 0.043369 0.708815
v -0.168912 0.042310 0.717527
v -0.164279 0.041150 0.726013
v -0.170803 0.051812 0.708815
v -0.166633 0.050547 0.717527
v -0.162062 0.049161 0.726013
v -0.168055 0.060131 0.708815
v -0.163952 0.058663 0.717527
v -0.159455 0.057054 0.726013
v -0.081889 0.020512 0.444212
v -0.090286 0.022615 0.448598
v -0.098465 0.024664 0.453405
v -0.080784 0.024505 0.444212
v -0.089067 0.027018 0.448598
v -0.097136 0.029466 0.453405
v -0.079484 0.028440 0.444212
v -0.087634 0.031356 0.448598
v -0.095574 0.034197 0.453405
v -0.185788 0.046538 0.672136
v -0.183281 0.045909 0.681536
v -0.180332 0.045171 0.690798
v -0.183281 0.055598 0.672136
v -0.180807 0.054847 0.681536
v -0.177898 0.053965 0.690798
v -0.180332 0.064524 0.672136
v -0.177898 0.063653 0.681536
v -0.175036 0.062629 0.690798
v -0.047195 0.011831 0.431156
v -0.055792 0.013978 0.433710
v -0.064548 0.016169 0.436752
v -0.046634 0.014146 0.431163
v -0.055062 0.016703 0.433712
v -0.063680 0.019317 0.436752
v -0.045815 0.016383 0.431156
v -0.054156 0.019374 0.433710
v -0.062653 0.022417 0.436752
v -0.191297 0.047918 0.633602
v -0.190606 0.047744 0.643329
v -0.189455 0.047456 0.653010
v -0.188715 0.057246 0.633602
v -0.188033 0.057039 0.643329
v -0.186898 0.056695 0.653010
v -0.185679 0.066437 0.633602
v -0.185008 0.066197 0.643329
v -0.183891 0.065797 0.653010
v -0.026027 0.007895 0.820906
v -0.031159 0.007874 0.820120
v -0.024072 0.006323 0.821192
v -0.017775 0.005392 0.821914
v -0.023528 0.008116 0.821192
v -0.030282 0.010764 0.820120
v -0.031245 0.009478 0.820062
v -0.106325 0.050288 0.464239
v -0.113232 0.053555 0.470240
v -0.119866 0.056692 0.476611
v -0.103730 0.055445 0.464239
v -0.110467 0.059046 0.470240
v -0.116939 0.062505 0.476611
v -0.100884 0.060468 0.464239
v -0.107437 0.064395 0.470240
v -0.113732 0.068168 0.476611
v -0.161352 0.076314 0.708815
v -0.157413 0.074451 0.717527
v -0.153095 0.072408 0.726013
v -0.157413 0.084139 0.708815
v -0.153570 0.082085 0.717527
v -0.149357 0.079833 0.726013
v -0.153095 0.091761 0.708815
v -0.149357 0.089521 0.717527
v -0.145260 0.087066 0.726013
v -0.076314 0.036094 0.444212
v -0.084139 0.039795 0.448598
v -0.091761 0.043400 0.453405
v -0.074451 0.039795 0.444212
v -0.082085 0.043875 0.448598
v -0.089521 0.047850 0.453405
v -0.072408 0.043400 0.444212
v -0.079833 0.047850 0.448598
v -0.087066 0.052185 0.453405
v -0.173139 0.081889 0.672136
v -0.170803 0.080784 0.681536
v -0.168055 0.079484 0.690798
v -0.168912 0.090286 0.672136
v -0.166633 0.089067 0.681536
v -0.163952 0.087634 0.690798
v -0.164279 0.098465 0.672136
v -0.162062 0.097136 0.681536
v -0.159455 0.095574 0.690798
v -0.043980 0.020811 0.431156
v -0.051993 0.024594 0.433710
v -0.060154 0.028451 0.436752
v -0.042978 0.022972 0.431163
v -0.050745 0.027124 0.433712
v -0.058688 0.031369 0.436752
v -0.041738 0.025006 0.431156
v -0.049335 0.029567 0.433710
v -0.057076 0.034209 0.436752
v -0.178273 0.084317 0.633602
v -0.177629 0.084012 0.643329
v -0.176557 0.083505 0.653010
v -0.173921 0.092963 0.633602
v -0.173292 0.092627 0.643329
v -0.172246 0.092068 0.653010
v -0.169150 0.101385 0.633602
v -0.168539 0.101018 0.643329
v -0.167521 0.100409 0.653010
v -0.023987 0.012821 0.820906
v -0.029024 0.013801 0.820120
v -0.022376 0.010898 0.821192
v -0.016382 0.008756 0.821914
v -0.021493 0.012550 0.821192
v -0.027600 0.016465 0.820120
v -0.028796 0.015392 0.820062
v -0.023987 0.012821 0.426798
v -0.016382 0.008756 0.425789
v -0.022376 0.010898 0.426511
v -0.029024 0.013801 0.427583
v -0.028796 0.015392 0.427641
v -0.027600 0.016465 0.427583
v -0.021493 0.012550 0.426511
v -0.176557 0.083505 0.594693
v -0.177629 0.084012 0.604374
v -0.178273 0.084317 0.614101
v -0.172246 0.092068 0.594693
v -0.173292 0.092627 0.604374
v -0.173921 0.092963 0.614101
v -0.167521 0.100409 0.594693
v -0.168539 0.101018 0.604374
v -0.169150 0.101385 0.614101
v -0.060154 0.028451 0.810951
v -0.051993 0.024594 0.813993
v -0.043980 0.020811 0.816547
v -0.058688 0.031369 0.810951
v -0.050745 0.027124 0.813991
v -0.042978 0.022972 0.816540
v -0.057076 0.034209 0.810951
v -0.049335 0.029567 0.813993
v -0.041738 0.025006 0.816547
v -0.168055 0.079484 0.556905
v -0.170803 0.080784 0.566167
v -0.173139 0.081889 0.575567
v -0.163952 0.087634 0.556905
v -0.166633 0.089067 0.566167
v -0.168912 0.090286 0.575567
v -0.159455 0.095574 0.556905
v -0.162062 0.097136 0.566167
v -0.164279 0.098465 0.575567
v -0.091761 0.043400 0.794298
v -0.084139 0.039795 0.799105
v -0.076314 0.036094 0.803491
v -0.089521 0.047850 0.794298
v -0.082085 0.043875 0.799105
v -0.074451 0.039795 0.803491
v -0.087066 0.052185 0.794298
v -0.079833 0.047850 0.799105
v -0.072408 0.043400 0.803491
v -0.153095 0.072408 0.521690
v -0.157413 0.074451 0.530176
v -0.161352 0.076314 0.538888
v -0.149357 0.079833 0.521690
v -0.153570 0.082085 0.530176
v -0.157413 0.084139 0.538888
v -0.145260 0.087066 0.521690
v -0.149357 0.089521 0.530176
v -0.153095 0.091761 0.538888
v -0.119866 0.056692 0.771092
v -0.113232 0.053555 0.777463
v -0.106325 0.050288 0.783464
v -0.116939 0.062505 0.771092
v -0.110467 0.059046 0.777463
v -0.103730 0.055445 0.783464
v -0.113732 0.068168 0.771092
v -0.107437 0.064395 0.777463
v -0.100884 0.060468 0.783464
v -0.132251 0.062550 0.490400
v -0.137973 0.065256 0.497786
v -0.143363 0.067806 0.505475
v -0.129022 0.068964 0.490400
v -0.134605 0.071948 0.497786
v -0.139863 0.074759 0.505475
v -0.125483 0.075212 0.490400
v -0.130913 0.078466 0.497786
v -0.136027 0.081531 0.505475
v -0.143363 0.067806 0.742228
v -0.137973 0.065256 0.749917
v -0.132251 0.062550 0.757303
v -0.139863 0.074758 0.742228
v -0.134605 0.071948 0.749917
v -0.129022 0.068964 0.757303
v -0.136027 0.081531 0.742228
v -0.130913 0.078466 0.749917
v -0.125483 0.075212 0.757303
v -0.053447 0.039640 0.810951
v -0.046196 0.034265 0.813993
v -0.039075 0.028992 0.816547
v -0.051440 0.042216 0.810951
v -0.044479 0.036503 0.813991
v -0.037670 0.030915 0.816540
v -0.049305 0.044687 0.810951
v -0.042619 0.038624 0.813993
v -0.036058 0.032668 0.816547
v -0.149319 0.110743 0.556905
v -0.151761 0.112553 0.566167
v -0.153837 0.114093 0.575567
v -0.143705 0.117936 0.556905
v -0.146055 0.119864 0.566167
v -0.148053 0.121504 0.575567
v -0.137745 0.124845 0.556905
v -0.139998 0.126886 0.566167
v -0.141913 0.128622 0.575567
v -0.081531 0.060468 0.794298
v -0.074758 0.055445 0.799105
v -0.067806 0.050288 0.803491
v -0.078466 0.064395 0.794298
v -0.071948 0.059046 0.799105
v -0.065256 0.053555 0.803491
v -0.075212 0.068168 0.794298
v -0.068964 0.062505 0.799105
v -0.062550 0.056692 0.803491
v -0.136027 0.100884 0.521690
v -0.139863 0.103730 0.530176
v -0.143363 0.106325 0.538888
v -0.130913 0.107437 0.521690
v -0.134605 0.110467 0.530176
v -0.137973 0.113232 0.538888
v -0.125483 0.113732 0.521690
v -0.129022 0.116939 0.530176
v -0.132251 0.119866 0.538888
v -0.106502 0.078987 0.771092
v -0.100608 0.074616 0.777463
v -0.094472 0.070065 0.783464
v -0.102498 0.084118 0.771092
v -0.096825 0.079463 0.777463
v -0.090920 0.074616 0.783464
v -0.098247 0.089046 0.771092
v -0.092810 0.084118 0.777463
v -0.087149 0.078987 0.783464
v -0.117507 0.087149 0.490400
v -0.122591 0.090920 0.497786
v -0.127380 0.094472 0.505475
v -0.113089 0.092810 0.490400
v -0.117982 0.096825 0.497786
v -0.122591 0.100608 0.505475
v -0.108399 0.098247 0.490400
v -0.113089 0.102498 0.497786
v -0.117507 0.106502 0.505475
v -0.127380 0.094472 0.742228
v -0.122591 0.090920 0.749917
v -0.117507 0.087149 0.757303
v -0.122591 0.100608 0.742228
v -0.117982 0.096825 0.749917
v -0.113089 0.092810 0.757303
v -0.117507 0.106502 0.742228
v -0.113089 0.102498 0.749917
v -0.108399 0.098247 0.757303
v -0.094472 0.070065 0.464239
v -0.100608 0.074616 0.470240
v -0.106502 0.078987 0.476611
v -0.090920 0.074616 0.464239
v -0.096825 0.079463 0.470240
v -0.102498 0.084118 0.476611
v -0.087149 0.078987 0.464239
v -0.092810 0.084118 0.470240
v -0.098247 0.089046 0.476611
v -0.143363 0.106325 0.708815
v -0.139863 0.103730 0.717527
v -0.136027 0.100884 0.726013
v -0.137973 0.113232 0.708815
v -0.134605 0.110467 0.717527
v -0.130913 0.107437 0.726013
v -0.132251 0.119866 0.708815
v -0.129022 0.116939 0.717527
v -0.125483 0.113732 0.726013
v -0.067806 0.050288 0.444212
v -0.074758 0.055445 0.448598
v -0.081531 0.060468 0.453405
v -0.065256 0.053555 0.444212
v -0.071948 0.059046 0.448598
v -0.078466 0.064395 0.453405
v -0.062550 0.056692 0.444212
v -0.068964 0.062505 0.448598
v -0.075212 0.068168 0.453405
v -0.153837 0.114093 0.672136
v -0.151761 0.112553 0.681536
v -0.149319 0.110743 0.690798
v -0.148053 0.121504 0.672136
v -0.146055 0.119864 0.681536
v -0.143705 0.117936 0.690798
v -0.141913 0.128622 0.672136
v -0.139998 0.126886 0.681536
v -0.137745 0.124845 0.690798
v -0.039075 0.028992 0.431156
v -0.046196 0.034265 0.433710
v -0.053447 0.039640 0.436752
v -0.037670 0.030915 0.431163
v -0.044479 0.036503 0.433712
v -0.051440 0.042216 0.436752
v -0.036058 0.032668 0.431156
v -0.042619 0.038624 0.433710
v -0.049305 0.044687 0.436752
v -0.158398 0.117476 0.633602
v -0.157826 0.117051 0.643329
v -0.156873 0.116345 0.653010
v -0.152443 0.125107 0.633602
v -0.151892 0.124654 0.643329
v -0.150975 0.123902 0.653010
v -0.146121 0.132436 0.633602
v -0.145593 0.131958 0.643329
v -0.144714 0.131161 0.653010
v -0.021025 0.017254 0.820906
v -0.025774 0.019198 0.820120
v -0.019820 0.015054 0.821192
v -0.014359 0.011784 0.821914
v -0.018632 0.016502 0.821192
v -0.023858 0.021533 0.820120
v -0.025240 0.020714 0.820062
v -0.021025 0.017254 0.426798
v -0.014359 0.011784 0.425789
v -0.019820 0.015054 0.426511
v -0.025774 0.019198 0.427583
v -0.025240 0.020714 0.427641
v -0.023858 0.021533 0.427583
v -0.018632 0.016502 0.426511
v -0.156873 0.116345 0.594693
v -0.157826 0.117051 0.604374
v -0.158398 0.117476 0.614101
v -0.150975 0.123902 0.594693
v -0.151892 0.124654 0.604374
v -0.152443 0.125107 0.614101
v -0.144714 0.131161 0.594693
v -0.145593 0.131958 0.604374
v -0.146121 0.132437 0.614101
v -0.119866 0.132251 0.708815
v -0.116939 0.129022 0.717527
v -0.113732 0.125483 0.726013
v -0.113232 0.137973 0.708815
v -0.110467 0.134605 0.717527
v -0.107437 0.130913 0.726013
v -0.106325 0.143363 0.708815
v -0.103730 0.139863 0.717527
v -0.100884 0.136027 0.726013
v -0.056692 0.062550 0.444212
v -0.062505 0.068964 0.448598
v -0.068168 0.075212 0.453405
v -0.053555 0.065256 0.444212
v -0.059046 0.071948 0.448598
v -0.064395 0.078466 0.453405
v -0.050288 0.067806 0.444212
v -0.055445 0.074758 0.448598
v -0.060468 0.081531 0.453405
v -0.128622 0.141913 0.672136
v -0.126886 0.139998 0.681536
v -0.124845 0.137745 0.690798
v -0.121504 0.148053 0.672136
v -0.119864 0.146055 0.681536
v -0.117936 0.143705 0.690798
v -0.114093 0.153837 0.672136
v -0.112553 0.151761 0.681536
v -0.110743 0.149319 0.690798
v -0.032668 0.036058 0.431156
v -0.038624 0.042619 0.433710
v -0.044687 0.049305 0.436752
v -0.030915 0.037670 0.431163
v -0.036503 0.044479 0.433712
v -0.042216 0.051440 0.436752
v -0.028992 0.039075 0.431156
v -0.034265 0.046196 0.433710
v -0.039640 0.053447 0.436752
v -0.132436 0.146121 0.633602
v -0.131957 0.145593 0.643329
v -0.131161 0.144714 0.653010
v -0.125107 0.152443 0.633602
v -0.124654 0.151892 0.643329
v -0.123902 0.150975 0.653010
v -0.117476 0.158399 0.633602
v -0.117051 0.157826 0.643329
v -0.116345 0.156873 0.653010
v -0.017254 0.021025 0.820906
v -0.021533 0.023858 0.820120
v -0.016502 0.018632 0.821192
v -0.011784 0.014359 0.821914
v -0.015054 0.019820 0.821192
v -0.019198 0.025774 0.820120
v -0.020714 0.025240 0.820062
v -0.017254 0.021025 0.426798
v -0.011784 0.014359 0.425789
v -0.016502 0.018632 0.426511
v -0.021533 0.023858 0.427583
v -0.020714 0.025240 0.427641
v -0.019198 0.025774 0.427583
v -0.015054 0.019820 0.426511
v -0.131161 0.144714 0.594693
v -0.131957 0.145593 0.604374
v -0.132436 0.146121 0.614101
v -0.123902 0.150975 0.594693
v -0.124654 0.151892 0.604374
v -0.125107 0.152443 0.614101
v -0.116345 0.156873 0.594693
v -0.117051 0.157826 0.604374
v -0.117476 0.158399 0.614101
v -0.044687 0.049305 0.810951
v -0.038624 0.042619 0.813993
v -0.032668 0.036058 0.816547
v -0.042216 0.051440 0.810951
v -0.036503 0.044479 0.813991
v -0.030915 0.037670 0.816540
v -0.039640 0.053447 0.810951
v -0.034265 0.046196 0.813993
v -0.028992 0.039075 0.816547
v -0.124845 0.137745 0.556905
v -0.126886 0.139998 0.566167
v -0.128622 0.141913 0.575567
v -0.117936 0.143705 0.556905
v -0.119864 0.146055 0.566167
v -0.121504 0.148053 0.575567
v -0.110743 0.149319 0.556905
v -0.112553 0.151761 0.566167
v -0.114093 0.153837 0.575567
v -0.068168 0.075212 0.794298
v -0.062505 0.068964 0.799105
v -0.056692 0.062550 0.803491
v -0.064395 0.078466 0.794298
v -0.059046 0.071948 0.799105
v -0.053555 0.065256 0.803491
v -0.060468 0.081531 0.794298
v -0.055445 0.074758 0.799105
v -0.050288 0.067806 0.803491
v -0.113732 0.125483 0.521690
v -0.116939 0.129022 0.530176
v -0.119866 0.132251 0.538888
v -0.107437 0.130913 0.521690
v -0.110467 0.134605 0.530176
v -0.113232 0.137973 0.538888
v -0.100884 0.136027 0.521690
v -0.103730 0.139863 0.530176
v -0.106325 0.143363 0.538888
v -0.089046 0.098247 0.771092
v -0.084118 0.092810 0.777463
v -0.078987 0.087149 0.783464
v -0.084118 0.102498 0.771092
v -0.079463 0.096825 0.777463
v -0.074616 0.090920 0.783464
v -0.078987 0.106502 0.771092
v -0.074616 0.100608 0.777463
v -0.070065 0.094472 0.783464
v -0.098247 0.108399 0.490400
v -0.102498 0.113089 0.497786
v -0.106502 0.117507 0.505475
v -0.092810 0.113089 0.490400
v -0.096825 0.117982 0.497786
v -0.100608 0.122591 0.505475
v -0.087149 0.117507 0.490400
v -0.090920 0.122591 0.497786
v -0.094472 0.127380 0.505475
v -0.106502 0.117507 0.742228
v -0.102498 0.113089 0.749917
v -0.098247 0.108399 0.757303
v -0.100608 0.122591 0.742228
v -0.096825 0.117982 0.749917
v -0.092810 0.113089 0.757303
v -0.094472 0.127380 0.742228
v -0.090920 0.122591 0.749917
v -0.087149 0.117507 0.757303
v -0.078987 0.087149 0.464239
v -0.084118 0.092810 0.470240
v -0.089046 0.098247 0.476611
v -0.074616 0.090920 0.464239
v -0.079463 0.096825 0.470240
v -0.084118 0.102498 0.476611
v -0.070065 0.094472 0.464239
v -0.074616 0.100608 0.470240
v -0.078987 0.106502 0.476611
v -0.095573 0.159455 0.556905
v -0.097136 0.162062 0.566167
v -0.098465 0.164279 0.575567
v -0.087634 0.163952 0.556905
v -0.089067 0.166633 0.566167
v -0.090286 0.168912 0.575567
v -0.079484 0.168055 0.556905
v -0.080784 0.170803 0.566167
v -0.081889 0.173139 0.575567
v -0.052185 0.087066 0.794298
v -0.047850 0.079833 0.799105
v -0.043400 0.072408 0.803491
v -0.047850 0.089521 0.794298
v -0.043875 0.082085 0.799105
v -0.039795 0.074451 0.803491
v -0.043400 0.091761 0.794298
v -0.039795 0.084139 0.799105
v -0.036094 0.076314 0.803491
v -0.087066 0.145260 0.521690
v -0.089521 0.149357 0.530176
v -0.091761 0.153095 0.538888
v -0.079833 0.149357 0.521690
v -0.082085 0.153569 0.530176
v -0.084139 0.157413 0.538888
v -0.072408 0.153095 0.521690
v -0.074451 0.157412 0.530176
v -0.076314 0.161352 0.538888
v -0.068168 0.113732 0.771092
v -0.064395 0.107437 0.777463
v -0.060468 0.100884 0.783464
v -0.062505 0.116939 0.771092
v -0.059046 0.110467 0.777463
v -0.055445 0.103730 0.783464
v -0.056692 0.119866 0.771092
v -0.053555 0.113232 0.777463
v -0.050288 0.106325 0.783464
v -0.075212 0.125483 0.490400
v -0.078466 0.130913 0.497786
v -0.081531 0.136027 0.505475
v -0.068964 0.129022 0.490400
v -0.071948 0.134605 0.497786
v -0.074758 0.139863 0.505475
v -0.062550 0.132251 0.490400
v -0.065256 0.137973 0.497786
v -0.067806 0.143363 0.505475
v -0.081531 0.136027 0.742228
v -0.078466 0.130913 0.749917
v -0.075212 0.125483 0.757303
v -0.074758 0.139863 0.742228
v -0.071948 0.134605 0.749917
v -0.068964 0.129022 0.757303
v -0.067806 0.143363 0.742228
v -0.065256 0.137973 0.749917
v -0.062550 0.132251 0.757303
v -0.060468 0.100884 0.464239
v -0.064395 0.107437 0.470240
v -0.068168 0.113732 0.476611
v -0.055445 0.103730 0.464239
v -0.059046 0.110467 0.470240
v -0.062505 0.116939 0.476611
v -0.050288 0.106325 0.464239
v -0.053555 0.113232 0.470240
v -0.056692 0.119866 0.476611
v -0.091761 0.153095 0.708815
v -0.089521 0.149357 0.717527
v -0.087066 0.145260 0.726013
v -0.084139 0.157413 0.708815
v -0.082085 0.153570 0.717527
v -0.079833 0.149357 0.726013
v -0.076314 0.161352 0.708815
v -0.074451 0.157412 0.717527
v -0.072408 0.153095 0.726013
v -0.043400 0.072408 0.444212
v -0.047850 0.079833 0.448598
v -0.052185 0.087066 0.453405
v -0.039795 0.074451 0.444212
v -0.043875 0.082085 0.448598
v -0.047850 0.089521 0.453405
v -0.036094 0.076314 0.444212
v -0.039795 0.084139 0.448598
v -0.043400 0.091761 0.453405
v -0.098465 0.164279 0.672136
v -0.097136 0.162062 0.681536
v -0.095574 0.159455 0.690798
v -0.090286 0.168912 0.672136
v -0.089067 0.166633 0.681536
v -0.087634 0.163952 0.690798
v -0.081889 0.173139 0.672136
v -0.080784 0.170803 0.681536
v -0.079484 0.168055 0.690798
v -0.025006 0.041738 0.431156
v -0.029567 0.049335 0.433710
v -0.034209 0.057076 0.436752
v -0.022972 0.042978 0.431163
v -0.027124 0.050745 0.433712
v -0.031369 0.058688 0.436752
v -0.020811 0.043980 0.431156
v -0.024594 0.051993 0.433710
v -0.028451 0.060154 0.436752
v -0.101385 0.169150 0.633602
v -0.101018 0.168539 0.643329
v -0.100408 0.167521 0.653010
v -0.092963 0.173921 0.633602
v -0.092627 0.173292 0.643329
v -0.092067 0.172246 0.653010
v -0.084317 0.178273 0.633602
v -0.084012 0.177629 0.643329
v -0.083505 0.176557 0.653010
v -0.012821 0.023987 0.820906
v -0.016465 0.027600 0.820120
v -0.012550 0.021493 0.821192
v -0.008756 0.016382 0.821914
v -0.010898 0.022376 0.821192
v -0.013801 0.029024 0.820120
v -0.015392 0.028796 0.820062
v -0.012821 0.023987 0.426798
v -0.008756 0.016382 0.425789
v -0.012550 0.021493 0.426511
v -0.016465 0.027600 0.427583
v -0.015392 0.028796 0.427641
v -0.013801 0.029024 0.427583
v -0.010898 0.022376 0.426511
v -0.100408 0.167521 0.594693
v -0.101018 0.168539 0.604374
v -0.101385 0.169150 0.614101
v -0.092067 0.172246 0.594693
v -0.092627 0.173292 0.604374
v -0.092963 0.173921 0.614101
v -0.083505 0.176557 0.594693
v -0.084012 0.177629 0.604374
v -0.084317 0.178273 0.614101
v -0.034209 0.057076 0.810951
v -0.029567 0.049335 0.813993
v -0.025006 0.041738 0.816547
v -0.031369 0.058688 0.810951
v -0.027124 0.050745 0.813991
v -0.022972 0.042978 0.816540
v -0.028451 0.060154 0.810951
v -0.024594 0.051993 0.813993
v -0.020811 0.043980 0.816547
v -0.028440 0.079484 0.444212
v -0.031356 0.087634 0.448598
v -0.034197 0.095573 0.453405
v -0.024505 0.080784 0.444212
v -0.027018 0.089067 0.448598
v -0.029466 0.097136 0.453405
v -0.020512 0.081889 0.444212
v -0.022615 0.090286 0.448598
v -0.024664 0.098465 0.453405
v -0.064524 0.180332 0.672136
v -0.063653 0.177898 0.681536
v -0.062629 0.175036 0.690798
v -0.055598 0.183281 0.672136
v -0.054847 0.180807 0.681536
v -0.053965 0.177898 0.690798
v -0.046537 0.185788 0.672136
v -0.045909 0.183281 0.681536
v -0.045171 0.180332 0.690798
v -0.016383 0.045815 0.431156
v -0.019374 0.054156 0.433710
v -0.022417 0.062653 0.436752
v -0.014146 0.046634 0.431163
v -0.016703 0.055062 0.433712
v -0.019317 0.063680 0.436752
v -0.011831 0.047195 0.431156
v -0.013978 0.055792 0.433710
v -0.016169 0.064548 0.436752
v -0.066437 0.185679 0.633602
v -0.066197 0.185008 0.643329
v -0.065797 0.183891 0.653010
v -0.057246 0.188715 0.633602
v -0.057039 0.188033 0.643329
v -0.056695 0.186898 0.653010
v -0.047917 0.191297 0.633602
v -0.047744 0.190606 0.643329
v -0.047456 0.189455 0.653010
v -0.007895 0.026027 0.820906
v -0.010764 0.030282 0.820120
v -0.008116 0.023528 0.821192
v -0.005392 0.017775 0.821914
v -0.006323 0.024072 0.821192
v -0.007874 0.031159 0.820120
v -0.009478 0.031245 0.820062
v -0.007895 0.026027 0.426798
v -0.005392 0.017775 0.425789
v -0.008116 0.023528 0.426511
v -0.010764 0.030282 0.427583
v -0.009478 0.031245 0.427641
v -0.007874 0.031159 0.427583
v -0.006323 0.024072 0.426511
v -0.065797 0.183891 0.594693
v -0.066197 0.185008 0.604374
v -0.066437 0.185679 0.614101
v -0.056695 0.186898 0.594693
v -0.057039 0.188033 0.604374
v -0.057246 0.188715 0.614101
v -0.047456 0.189455 0.594693
v -0.047744 0.190606 0.604374
v -0.047917 0.191297 0.614101
v -0.022417 0.062653 0.810951
v -0.019374 0.054156 0.813993
v -0.016383 0.045815 0.816547
v -0.019317 0.063680 0.810951
v -0.016703 0.055062 0.813991
v -0.014146 0.046634 0.816540
v -0.016169 0.064548 0.810951
v -0.013978 0.055792 0.813993
v -0.011831 0.047195 0.816547
v -0.062629 0.175036 0.556905
v -0.063653 0.177898 0.566167
v -0.064524 0.180332 0.575567
v -0.053965 0.177898 0.556905
v -0.054847 0.180807 0.566167
v -0.055598 0.183281 0.575567
v -0.045171 0.180332 0.556905
v -0.045909 0.183281 0.566167
v -0.046537 0.185788 0.575567
v -0.034197 0.095573 0.794298
v -0.031356 0.087634 0.799105
v -0.028440 0.079484 0.803491
v -0.029466 0.097136 0.794298
v -0.027018 0.089067 0.799105
v -0.024505 0.080784 0.803491
v -0.024664 0.098465 0.794298
v -0.022615 0.090286 0.799105
v -0.020512 0.081889 0.803491
v -0.057054 0.159455 0.521690
v -0.058663 0.163952 0.530176
v -0.060131 0.168055 0.538888
v -0.049161 0.162062 0.521690
v -0.050547 0.166633 0.530176
v -0.051812 0.170803 0.538888
v -0.041150 0.164279 0.521690
v -0.042310 0.168912 0.530176
v -0.043369 0.173139 0.538888
v -0.044670 0.124845 0.771092
v -0.042198 0.117936 0.777463
v -0.039624 0.110743 0.783464
v -0.038491 0.126886 0.771092
v -0.036360 0.119864 0.777463
v -0.034143 0.112553 0.783464
v -0.032218 0.128622 0.771092
v -0.030435 0.121504 0.777463
v -0.028579 0.114093 0.783464
v -0.049286 0.137745 0.490400
v -0.051419 0.143705 0.497786
v -0.053427 0.149319 0.505475
v -0.042468 0.139998 0.490400
v -0.044305 0.146055 0.497786
v -0.046036 0.151761 0.505475
v -0.035547 0.141913 0.490400
v -0.037085 0.148053 0.497786
v -0.038534 0.153837 0.505475
v -0.053427 0.149319 0.742228
v -0.051419 0.143705 0.749917
v -0.049286 0.137745 0.757303
v -0.046036 0.151761 0.742228
v -0.044305 0.146055 0.749917
v -0.042468 0.139998 0.757303
v -0.038534 0.153837 0.742228
v -0.037085 0.148053 0.749917
v -0.035547 0.141913 0.757303
v -0.039624 0.110743 0.464239
v -0.042198 0.117936 0.470240
v -0.044670 0.124845 0.476611
v -0.034143 0.112553 0.464239
v -0.036360 0.119864 0.470240
v -0.038491 0.126886 0.476611
v -0.028579 0.114093 0.464239
v -0.030435 0.121504 0.470240
v -0.032218 0.128622 0.476611
v -0.060131 0.168055 0.708815
v -0.058663 0.163952 0.717527
v -0.057054 0.159455 0.726013
v -0.051812 0.170803 0.708815
v -0.050547 0.166633 0.717527
v -0.049161 0.162062 0.726013
v -0.043369 0.173139 0.708815
v -0.042310 0.168912 0.717527
v -0.041150 0.164279 0.726013
v -0.014894 0.100409 0.794298
v -0.013657 0.092068 0.799105
v -0.012387 0.083505 0.803491
v -0.009949 0.101018 0.794298
v -0.009123 0.092627 0.799105
v -0.008274 0.084012 0.803491
v -0.004981 0.101385 0.794298
v -0.004567 0.092963 0.799105
v -0.004142 0.084317 0.803491
v -0.024849 0.167521 0.521690
v -0.025550 0.172246 0.530176
v -0.026190 0.176557 0.538888
v -0.016600 0.168539 0.521690
v -0.017068 0.173292 0.530176
v -0.017495 0.177629 0.538888
v -0.008310 0.169150 0.521690
v -0.008544 0.173921 0.530176
v -0.008758 0.178273 0.538888
v -0.019456 0.131161 0.771092
v -0.018379 0.123902 0.777463
v -0.017258 0.116345 0.783464
v -0.012997 0.131958 0.771092
v -0.012277 0.124654 0.777463
v -0.011529 0.117051 0.783464
v -0.006506 0.132436 0.771092
v -0.006146 0.125107 0.777463
v -0.005771 0.117476 0.783464
v -0.021466 0.144714 0.490400
v -0.022395 0.150975 0.497786
v -0.023270 0.156873 0.505475
v -0.014340 0.145593 0.490400
v -0.014960 0.151892 0.497786
v -0.015544 0.157826 0.505475
v -0.007178 0.146121 0.490400
v -0.007489 0.152443 0.497786
v -0.007782 0.158399 0.505475
v -0.023270 0.156873 0.742228
v -0.022395 0.150975 0.749917
v -0.021466 0.144714 0.757303
v -0.015544 0.157826 0.742228
v -0.014960 0.151892 0.749917
v -0.014340 0.145593 0.757303
v -0.007782 0.158399 0.742228
v -0.007489 0.152443 0.749917
v -0.007178 0.146121 0.757303
v -0.017258 0.116345 0.464239
v -0.018379 0.123902 0.470240
v -0.019456 0.131161 0.476611
v -0.011529 0.117051 0.464239
v -0.012277 0.124654 0.470240
v -0.012997 0.131958 0.476611
v -0.005771 0.117476 0.464239
v -0.006146 0.125107 0.470240
v -0.006506 0.132436 0.476611
v -0.026190 0.176557 0.708815
v -0.025550 0.172246 0.717527
v -0.024849 0.167521 0.726013
v -0.017495 0.177629 0.708815
v -0.017068 0.173292 0.717527
v -0.016600 0.168539 0.726013
v -0.008758 0.178273 0.708815
v -0.008544 0.173921 0.717527
v -0.008310 0.169150 0.726013
v -0.012387 0.083505 0.444212
v -0.013657 0.092068 0.448598
v -0.014894 0.100409 0.453405
v -0.008274 0.084012 0.444212
v -0.009123 0.092627 0.448598
v -0.009949 0.101018 0.453405
v -0.004142 0.084317 0.444212
v -0.004567 0.092963 0.448598
v -0.004981 0.101385 0.453405
v -0.028103 0.189455 0.672136
v -0.027724 0.186898 0.681536
v -0.027278 0.183891 0.690798
v -0.018773 0.190606 0.672136
v -0.018520 0.188033 0.681536
v -0.018222 0.185008 0.690798
v -0.009398 0.191297 0.672136
v -0.009271 0.188715 0.681536
v -0.009122 0.185679 0.690798
v -0.007130 0.048130 0.431156
v -0.008437 0.056895 0.433710
v -0.009763 0.065822 0.436752
v -0.004777 0.048497 0.431163
v -0.005640 0.057262 0.433712
v -0.006523 0.066225 0.436752
v -0.002397 0.048597 0.431156
v -0.002825 0.057447 0.433710
v -0.003265 0.066462 0.436752
v -0.028936 0.195073 0.633602
v -0.028832 0.194367 0.643329
v -0.028658 0.193194 0.653010
v -0.019330 0.196257 0.633602
v -0.019260 0.195548 0.643329
v -0.019143 0.194367 0.653010
v -0.009676 0.196970 0.633602
v -0.009641 0.196257 0.643329
v -0.009583 0.195073 0.653010
v -0.002666 0.027067 0.820906
v -0.004650 0.031800 0.820120
v -0.003370 0.024660 0.821192
v -0.001821 0.018486 0.821914
v -0.001506 0.024843 0.821192
v -0.001643 0.032096 0.820120
v -0.003200 0.032494 0.820062
v -0.002666 0.027067 0.426798
v -0.001821 0.018486 0.425789
v -0.003370 0.024660 0.426511
v -0.004650 0.031800 0.427583
v -0.003200 0.032494 0.427641
v -0.001643 0.032096 0.427583
v -0.001506 0.024843 0.426511
v -0.028658 0.193194 0.594693
v -0.028832 0.194367 0.604374
v -0.028936 0.195073 0.614101
v -0.019143 0.194367 0.594693
v -0.019260 0.195548 0.604374
v -0.019330 0.196257 0.614101
v -0.009583 0.195073 0.594693
v -0.009641 0.196257 0.604374
v -0.009676 0.196970 0.614101
v -0.009763 0.065822 0.810951
v -0.008437 0.056895 0.813993
v -0.007130 0.048130 0.816547
v -0.006523 0.066225 0.810951
v -0.005640 0.057262 0.813991
v -0.004777 0.048497 0.816540
v -0.003265 0.066462 0.810951
v -0.002825 0.057447 0.813993
v -0.002397 0.048597 0.816547
v -0.027278 0.183891 0.556905
v -0.027724 0.186898 0.566167
v -0.028103 0.189455 0.575567
v -0.018222 0.185008 0.556905
v -0.018520 0.188033 0.566167
v -0.018773 0.190606 0.575567
v -0.009122 0.185680 0.556905
v -0.009271 0.188715 0.566167
v -0.009398 0.191297 0.575567
v 0.009398 0.191297 0.672136
v 0.009271 0.188715 0.681536
v 0.009122 0.185680 0.690798
v 0.018773 0.190606 0.672136
v 0.018520 0.188033 0.681536
v 0.018222 0.185008 0.690798
v 0.028103 0.189455 0.672136
v 0.027724 0.186898 0.681536
v 0.027278 0.183891 0.690798
v 0.002397 0.048597 0.431156
v 0.002825 0.057447 0.433710
v 0.003265 0.066462 0.436752
v 0.004777 0.048497 0.431163
v 0.005640 0.057262 0.433712
v 0.006523 0.066225 0.436752
v 0.007130 0.048130 0.431156
v 0.008437 0.056895 0.433710
v 0.009764 0.065822 0.436752
v 0.009677 0.196970 0.633602
v 0.009642 0.196257 0.643329
v 0.009583 0.195073 0.653010
v 0.019330 0.196257 0.633602
v 0.019260 0.195548 0.643329
v 0.019144 0.194367 0.653010
v 0.028936 0.195073 0.633602
v 0.028832 0.194367 0.643329
v 0.028658 0.193194 0.653010
v 0.002666 0.027067 0.820906
v 0.001643 0.032096 0.820120
v 0.001506 0.024843 0.821192
v 0.001821 0.018486 0.821914
v 0.003370 0.024660 0.821192
v 0.004650 0.031800 0.820120
v 0.003200 0.032494 0.820062
v 0.002666 0.027067 0.426798
v 0.001821 0.018486 0.425789
v 0.001506 0.024843 0.426511
v 0.001643 0.032096 0.427583
v 0.003200 0.032494 0.427641
v 0.004650 0.031800 0.427583
v 0.003370 0.024660 0.426511
v 0.009583 0.195073 0.594693
v 0.009642 0.196257 0.604374
v 0.009677 0.196970 0.614101
v 0.019144 0.194367 0.594693
v 0.019260 0.195548 0.604374
v 0.019330 0.196257 0.614101
v 0.028658 0.193194 0.594693
v 0.028832 0.194367 0.604374
v 0.028936 0.195073 0.614101
v 0.003265 0.066462 0.810951
v 0.002825 0.057447 0.813993
v 0.002397 0.048597 0.816547
v 0.006523 0.066225 0.810951
v 0.005640 0.057262 0.813991
v 0.004777 0.048497 0.816540
v 0.009764 0.065822 0.810951
v 0.008437 0.056895 0.813993
v 0.007130 0.048130 0.816547
v 0.009122 0.185680 0.556905
v 0.009271 0.188715 0.566167
v 0.009398 0.191297 0.575567
v 0.018222 0.185008 0.556905
v 0.018520 0.188033 0.566167
v 0.018773 0.190606 0.575567
v 0.027278 0.183891 0.556905
v 0.027724 0.186898 0.566167
v 0.028103 0.189455 0.575567
v 0.004981 0.101385 0.794298
v 0.004567 0.092963 0.799105
v 0.004142 0.084317 0.803491
v 0.009949 0.101018 0.794298
v 0.009123 0.092627 0.799105
v 0.008274 0.084012 0.803491
v 0.014894 0.100409 0.794298
v 0.013657 0.092067 0.799105
v 0.012387 0.083505 0.803491
v 0.008310 0.169150 0.521690
v 0.008544 0.173921 0.530176
v 0.008758 0.178273 0.538888
v 0.016600 0.168539 0.521690
v 0.017068 0.173292 0.530176
v 0.017495 0.177629 0.538888
v 0.024850 0.167521 0.521690
v 0.025550 0.172246 0.530176
v 0.026190 0.176557 0.538888
v 0.006506 0.132436 0.771092
v 0.006146 0.125107 0.777463
v 0.005771 0.117476 0.783464
v 0.012997 0.131957 0.771092
v 0.012277 0.124654 0.777463
v 0.011529 0.117051 0.783464
v 0.019456 0.131161 0.771092
v 0.018379 0.123902 0.777463
v 0.017258 0.116345 0.783464
v 0.007178 0.146121 0.490400
v 0.007489 0.152443 0.497786
v 0.007782 0.158399 0.505475
v 0.014340 0.145593 0.490400
v 0.014960 0.151892 0.497786
v 0.015544 0.157826 0.505475
v 0.021466 0.144714 0.490400
v 0.022395 0.150975 0.497786
v 0.023270 0.156873 0.505475
v 0.007782 0.158399 0.742228
v 0.007489 0.152443 0.749917
v 0.007178 0.146121 0.757303
v 0.015544 0.157826 0.742228
v 0.014960 0.151892 0.749917
v 0.014340 0.145593 0.757303
v 0.023270 0.156873 0.742228
v 0.022395 0.150975 0.749917
v 0.021466 0.144714 0.757303
v 0.005771 0.117476 0.464239
v 0.006146 0.125107 0.470240
v 0.006506 0.132436 0.476611
v 0.011529 0.117051 0.464239
v 0.012277 0.124654 0.470240
v 0.012997 0.131957 0.476611
v 0.017258 0.116345 0.464239
v 0.018379 0.123902 0.470240
v 0.019456 0.131161 0.476611
v 0.008758 0.178273 0.708815
v 0.008544 0.173921 0.717527
v 0.008310 0.169150 0.726013
v 0.017495 0.177629 0.708815
v 0.017068 0.173292 0.717527
v 0.016600 0.168539 0.726013
v 0.026190 0.176557 0.708815
v 0.025550 0.172246 0.717527
v 0.024850 0.167521 0.726013
v 0.004142 0.084317 0.444212
v 0.004567 0.092963 0.448598
v 0.004981 0.101385 0.453405
v 0.008274 0.084012 0.444212
v 0.009123 0.092627 0.448598
v 0.009949 0.101018 0.453405
v 0.012387 0.083505 0.444212
v 0.013657 0.092067 0.448598
v 0.014894 0.100409 0.453405
v 0.041150 0.164279 0.521690
v 0.042310 0.168912 0.530176
v 0.043369 0.173139 0.538888
v 0.049161 0.162062 0.521690
v 0.050547 0.166633 0.530176
v 0.051812 0.170803 0.538888
v 0.057054 0.159455 0.521690
v 0.058663 0.163952 0.530176
v 0.060131 0.168055 0.538888
v 0.032218 0.128622 0.771092
v 0.030435 0.121504 0.777463
v 0.028579 0.114093 0.783464
v 0.038491 0.126886 0.771092
v 0.036360 0.119864 0.777463
v 0.034143 0.112553 0.783464
v 0.044670 0.124845 0.771092
v 0.042198 0.117936 0.777463
v 0.039624 0.110742 0.783464
v 0.035547 0.141913 0.490400
v 0.037085 0.148053 0.497786
v 0.038534 0.153837 0.505475
v 0.042468 0.139998 0.490400
v 0.044305 0.146055 0.497786
v 0.046036 0.151761 0.505475
v 0.049286 0.137745 0.490400
v 0.051419 0.143705 0.497786
v 0.053427 0.149319 0.505475
v 0.038534 0.153837 0.742228
v 0.037085 0.148053 0.749917
v 0.035547 0.141913 0.757303
v 0.046036 0.151761 0.742228
v 0.044305 0.146055 0.749917
v 0.042468 0.139998 0.757303
v 0.053427 0.149319 0.742228
v 0.051419 0.143705 0.749917
v 0.049286 0.137745 0.757303
v 0.028579 0.114093 0.464239
v 0.030435 0.121504 0.470240
v 0.032218 0.128622 0.476611
v 0.034143 0.112553 0.464239
v 0.036360 0.119864 0.470240
v 0.038491 0.126886 0.476611
v 0.039624 0.110742 0.464239
v 0.042198 0.117936 0.470240
v 0.044670 0.124845 0.476611
v 0.043369 0.173139 0.708815
v 0.042310 0.168912 0.717527
v 0.041150 0.164279 0.726013
v 0.051812 0.170803 0.708815
v 0.050547 0.166633 0.717527
v 0.049161 0.162062 0.726013
v 0.060131 0.168055 0.708815
v 0.058663 0.163952 0.717527
v 0.057054 0.159455 0.726013
v 0.020512 0.081889 0.444212
v 0.022615 0.090286 0.448598
v 0.024664 0.098465 0.453405
v 0.024505 0.080784 0.444212
v 0.027018 0.089067 0.448598
v 0.029466 0.097136 0.453405
v 0.028440 0.079484 0.444212
v 0.031356 0.087634 0.448598
v 0.034197 0.095573 0.453405
v 0.046538 0.185788 0.672136
v 0.045909 0.183281 0.681536
v 0.045171 0.180332 0.690798
v 0.055598 0.183281 0.672136
v 0.054847 0.180807 0.681536
v 0.053965 0.177898 0.690798
v 0.064524 0.180332 0.672136
v 0.063653 0.177898 0.681536
v 0.062629 0.175036 0.690798
v 0.011831 0.047195 0.431156
v 0.013978 0.055792 0.433710
v 0.016169 0.064548 0.436752
v 0.014146 0.046634 0.431163
v 0.016703 0.055062 0.433712
v 0.019317 0.063680 0.436752
v 0.016383 0.045815 0.431156
v 0.019374 0.054156 0.433710
v 0.022417 0.062653 0.436752
v 0.047918 0.191297 0.633602
v 0.047744 0.190605 0.643329
v 0.047456 0.189455 0.653010
v 0.057246 0.188715 0.633602
v 0.057039 0.188033 0.643329
v 0.056695 0.186898 0.653010
v 0.066437 0.185679 0.633602
v 0.066197 0.185008 0.643329
v 0.065797 0.183891 0.653010
v 0.007895 0.026027 0.820906
v 0.007874 0.031159 0.820120
v 0.006323 0.024072 0.821192
v 0.005392 0.017775 0.821914
v 0.008116 0.023528 0.821192
v 0.010764 0.030282 0.820120
v 0.009478 0.031245 0.820062
v 0.007895 0.026027 0.426798
v 0.005392 0.017775 0.425789
v 0.006323 0.024072 0.426511
v 0.007874 0.031159 0.427583
v 0.009478 0.031245 0.427641
v 0.010764 0.030282 0.427583
v 0.008116 0.023528 0.426511
v 0.047456 0.189455 0.594693
v 0.047744 0.190605 0.604374
v 0.047918 0.191297 0.614101
v 0.056695 0.186898 0.594693
v 0.057039 0.188033 0.604374
v 0.057246 0.188715 0.614101
v 0.065797 0.183891 0.594693
v 0.066197 0.185008 0.604374
v 0.066437 0.185679 0.614101
v 0.016169 0.064548 0.810951
v 0.013978 0.055792 0.813993
v 0.011831 0.047195 0.816547
v 0.019317 0.063680 0.810951
v 0.016703 0.055062 0.813991
v 0.014146 0.046634 0.816540
v 0.022417 0.062653 0.810951
v 0.019374 0.054156 0.813993
v 0.016383 0.045815 0.816547
v 0.045171 0.180332 0.556905
v 0.045909 0.183281 0.566167
v 0.046538 0.185788 0.575567
v 0.053965 0.177898 0.556905
v 0.054847 0.180807 0.566167
v 0.055598 0.183281 0.575567
v 0.062629 0.175036 0.556905
v 0.063653 0.177898 0.566167
v 0.064524 0.180332 0.575567
v 0.024664 0.098465 0.794298
v 0.022615 0.090286 0.799105
v 0.020512 0.081889 0.803491
v 0.029466 0.097136 0.794298
v 0.027018 0.089067 0.799105
v 0.024505 0.080784 0.803491
v 0.034197 0.095573 0.794298
v 0.031356 0.087634 0.799105
v 0.028440 0.079484 0.803491
v 0.020811 0.043980 0.431156
v 0.024594 0.051993 0.433710
v 0.028451 0.060154 0.436752
v 0.022972 0.042978 0.431163
v 0.027124 0.050745 0.433712
v 0.031369 0.058688 0.436752
v 0.025006 0.041738 0.431156
v 0.029567 0.049335 0.433710
v 0.034209 0.057076 0.436752
v 0.084317 0.178273 0.633602
v 0.084012 0.177629 0.643329
v 0.083505 0.176557 0.653010
v 0.092963 0.173921 0.633602
v 0.092627 0.173292 0.643329
v 0.092068 0.172246 0.653010
v 0.101385 0.169150 0.633602
v 0.101018 0.168539 0.643329
v 0.100409 0.167521 0.653010
v 0.012821 0.023987 0.820906
v 0.013801 0.029024 0.820120
v 0.010898 0.022376 0.821192
v 0.008756 0.016382 0.821914
v 0.012550 0.021493 0.821192
v 0.016465 0.027600 0.820120
v 0.015392 0.028796 0.820062
v 0.012821 0.023987 0.426798
v 0.008756 0.016382 0.425789
v 0.010898 0.022376 0.426511
v 0.013801 0.029024 0.427583
v 0.015392 0.028796 0.427641
v 0.016465 0.027600 0.427583
v 0.012550 0.021493 0.426511
v 0.083505 0.176557 0.594693
v 0.084012 0.177629 0.604374
v 0.084317 0.178273 0.614101
v 0.092068 0.172246 0.594693
v 0.092627 0.173292 0.604374
v 0.092963 0.173921 0.614101
v 0.100409 0.167521 0.594693
v 0.101018 0.168539 0.604374
v 0.101385 0.169150 0.614101
v 0.028451 0.060154 0.810951
v 0.024594 0.051993 0.813993
v 0.020811 0.043980 0.816547
v 0.031369 0.058688 0.810951
v 0.027124 0.050745 0.813991
v 0.022972 0.042978 0.816540
v 0.034209 0.057076 0.810951
v 0.029567 0.049335 0.813993
v 0.025006 0.041738 0.816547
v 0.079484 0.168055 0.556905
v 0.080784 0.170803 0.566167
v 0.081889 0.173139 0.575567
v 0.087634 0.163952 0.556905
v 0.089067 0.166633 0.566167
v 0.090286 0.168912 0.575567
v 0.095574 0.159455 0.556905
v 0.097136 0.162062 0.566167
v 0.098465 0.164279 0.575567
v 0.043400 0.091761 0.794298
v 0.039795 0.084139 0.799105
v 0.036094 0.076314 0.803491
v 0.047850 0.089521 0.794298
v 0.043875 0.082085 0.799105
v 0.039795 0.074450 0.803491
v 0.052185 0.087066 0.794298
v 0.047850 0.079833 0.799105
v 0.043400 0.072408 0.803491
v 0.072408 0.153095 0.521690
v 0.074451 0.157412 0.530176
v 0.076314 0.161352 0.538888
v 0.079833 0.149357 0.521690
v 0.082085 0.153569 0.530176
v 0.084139 0.157412 0.538888
v 0.087066 0.145260 0.521690
v 0.089521 0.149357 0.530176
v 0.091761 0.153095 0.538888
v 0.056692 0.119866 0.771092
v 0.053555 0.113232 0.777463
v 0.050288 0.106325 0.783464
v 0.062505 0.116939 0.771092
v 0.059046 0.110467 0.777463
v 0.055445 0.103730 0.783464
v 0.068168 0.113732 0.771092
v 0.064395 0.107437 0.777463
v 0.060468 0.100884 0.783464
v 0.062550 0.132251 0.490400
v 0.065256 0.137973 0.497786
v 0.067806 0.143363 0.505475
v 0.068964 0.129022 0.490400
v 0.071948 0.134605 0.497786
v 0.074759 0.139863 0.505475
v 0.075212 0.125483 0.490400
v 0.078466 0.130913 0.497786
v 0.081531 0.136027 0.505475
v 0.067806 0.143363 0.742228
v 0.065256 0.137973 0.749917
v 0.062550 0.132251 0.757303
v 0.074759 0.139863 0.742228
v 0.071948 0.134605 0.749917
v 0.068964 0.129022 0.757303
v 0.081531 0.136027 0.742228
v 0.078466 0.130913 0.749917
v 0.075212 0.125483 0.757303
v 0.050288 0.106325 0.464239
v 0.053555 0.113232 0.470240
v 0.056692 0.119866 0.476611
v 0.055445 0.103730 0.464239
v 0.059046 0.110467 0.470240
v 0.062505 0.116939 0.476611
v 0.060468 0.100884 0.464239
v 0.064395 0.107437 0.470240
v 0.068168 0.113732 0.476611
v 0.076314 0.161352 0.708815
v 0.074451 0.157412 0.717527
v 0.072408 0.153095 0.726013
v 0.084139 0.157412 0.708815
v 0.082085 0.153569 0.717527
v 0.079833 0.149357 0.726013
v 0.091761 0.153095 0.708815
v 0.089521 0.149357 0.717527
v 0.087066 0.145260 0.726013
v 0.036094 0.076314 0.444212
v 0.039795 0.084139 0.448598
v 0.043400 0.091761 0.453405
v 0.039795 0.074450 0.444212
v 0.043875 0.082085 0.448598
v 0.047850 0.089521 0.453405
v 0.043400 0.072408 0.444212
v 0.047850 0.079833 0.448598
v 0.052185 0.087066 0.453405
v 0.081889 0.173139 0.672136
v 0.080784 0.170803 0.681536
v 0.079484 0.168055 0.690798
v 0.090286 0.168912 0.672136
v 0.089067 0.166633 0.681536
v 0.087634 0.163952 0.690798
v 0.098465 0.164279 0.672136
v 0.097136 0.162062 0.681536
v 0.095574 0.159455 0.690798
v 0.087149 0.117507 0.490400
v 0.090920 0.122591 0.497786
v 0.094472 0.127380 0.505475
v 0.092810 0.113089 0.490400
v 0.096825 0.117982 0.497786
v 0.100608 0.122591 0.505475
v 0.098247 0.108399 0.490400
v 0.102498 0.113089 0.497786
v 0.106502 0.117507 0.505475
v 0.094472 0.127380 0.742228
v 0.090920 0.122591 0.749917
v 0.087149 0.117507 0.757303
v 0.100608 0.122591 0.742228
v 0.096825 0.117982 0.749917
v 0.092810 0.113089 0.757303
v 0.106502 0.117507 0.742228
v 0.102498 0.113089 0.749917
v 0.098247 0.108399 0.757303
v 0.070065 0.094472 0.464239
v 0.074616 0.100608 0.470240
v 0.078987 0.106502 0.476611
v 0.074616 0.090920 0.464239
v 0.079463 0.096825 0.470240
v 0.084118 0.102498 0.476611
v 0.078987 0.087149 0.464239
v 0.084118 0.092810 0.470240
v 0.089046 0.098247 0.476611
v 0.106325 0.143363 0.708815
v 0.103730 0.139863 0.717527
v 0.100884 0.136027 0.726013
v 0.113232 0.137973 0.708815
v 0.110467 0.134605 0.717527
v 0.107437 0.130912 0.726013
v 0.119866 0.132251 0.708815
v 0.116939 0.129022 0.717527
v 0.113732 0.125483 0.726013
v 0.050288 0.067806 0.444212
v 0.055445 0.074758 0.448598
v 0.060468 0.081531 0.453405
v 0.053555 0.065256 0.444212
v 0.059046 0.071948 0.448598
v 0.064395 0.078466 0.453405
v 0.056692 0.062550 0.444212
v 0.062505 0.068964 0.448598
v 0.068168 0.075212 0.453405
v 0.114093 0.153837 0.672136
v 0.112553 0.151760 0.681536
v 0.110743 0.149319 0.690798
v 0.121504 0.148053 0.672136
v 0.119864 0.146055 0.681536
v 0.117936 0.143705 0.690798
v 0.128622 0.141913 0.672136
v 0.126886 0.139997 0.681536
v 0.124845 0.137745 0.690798
v 0.028992 0.039075 0.431156
v 0.034265 0.046196 0.433710
v 0.039640 0.053447 0.436752
v 0.030915 0.037670 0.431163
v 0.036503 0.044479 0.433712
v 0.042216 0.051440 0.436752
v 0.032668 0.036058 0.431156
v 0.038624 0.042619 0.433710
v 0.044687 0.049305 0.436752
v 0.117476 0.158398 0.633602
v 0.117051 0.157826 0.643329
v 0.116345 0.156873 0.653010
v 0.125107 0.152443 0.633602
v 0.124654 0.151892 0.643329
v 0.123902 0.150975 0.653010
v 0.132436 0.146121 0.633602
v 0.131958 0.145592 0.643329
v 0.131161 0.144714 0.653010
v 0.017254 0.021025 0.820906
v 0.019198 0.025774 0.820120
v 0.015054 0.019820 0.821192
v 0.011784 0.014359 0.821914
v 0.016502 0.018632 0.821192
v 0.021533 0.023858 0.820120
v 0.020714 0.025240 0.820062
v 0.017254 0.021025 0.426798
v 0.011784 0.014359 0.425789
v 0.015054 0.019820 0.426511
v 0.019198 0.025774 0.427583
v 0.020714 0.025240 0.427641
v 0.021533 0.023858 0.427583
v 0.016502 0.018632 0.426511
v 0.116345 0.156873 0.594693
v 0.117051 0.157826 0.604374
v 0.117476 0.158398 0.614101
v 0.123902 0.150975 0.594693
v 0.124654 0.151892 0.604374
v 0.125107 0.152443 0.614101
v 0.131161 0.144714 0.594693
v 0.131958 0.145592 0.604374
v 0.132436 0.146121 0.614101
v 0.039640 0.053447 0.810951
v 0.034265 0.046196 0.813993
v 0.028992 0.039075 0.816547
v 0.042216 0.051440 0.810951
v 0.036503 0.044479 0.813991
v 0.030915 0.037670 0.816540
v 0.044687 0.049305 0.810951
v 0.038624 0.042619 0.813993
v 0.032668 0.036058 0.816547
v 0.110743 0.149319 0.556905
v 0.112553 0.151761 0.566167
v 0.114093 0.153837 0.575567
v 0.117936 0.143705 0.556905
v 0.119864 0.146055 0.566167
v 0.121504 0.148053 0.575567
v 0.124845 0.137745 0.556905
v 0.126886 0.139997 0.566167
v 0.128622 0.141913 0.575567
v 0.060468 0.081531 0.794298
v 0.055445 0.074758 0.799105
v 0.050288 0.067806 0.803491
v 0.064395 0.078466 0.794298
v 0.059046 0.071948 0.799105
v 0.053555 0.065256 0.803491
v 0.068168 0.075212 0.794298
v 0.062505 0.068964 0.799105
v 0.056692 0.062550 0.803491
v 0.100884 0.136027 0.521690
v 0.103730 0.139863 0.530176
v 0.106325 0.143363 0.538888
v 0.107437 0.130912 0.521690
v 0.110467 0.134605 0.530176
v 0.113232 0.137973 0.538888
v 0.113732 0.125483 0.521690
v 0.116939 0.129022 0.530176
v 0.119866 0.132251 0.538888
v 0.078987 0.106502 0.771092
v 0.074616 0.100608 0.777463
v 0.070065 0.094472 0.783464
v 0.084118 0.102498 0.771092
v 0.079463 0.096825 0.777463
v 0.074616 0.090920 0.783464
v 0.089046 0.098247 0.771092
v 0.084118 0.092810 0.777463
v 0.078987 0.087149 0.783464
v 0.021025 0.017254 0.820906
v 0.023858 0.021533 0.820120
v 0.018632 0.016502 0.821192
v 0.014359 0.011784 0.821914
v 0.019820 0.015054 0.821192
v 0.025774 0.019198 0.820120
v 0.025240 0.020714 0.820062
v 0.021025 0.017254 0.426798
v 0.014359 0.011784 0.425789
v 0.018632 0.016502 0.426511
v 0.023858 0.021533 0.427583
v 0.025240 0.020714 0.427641
v 0.025774 0.019198 0.427583
v 0.019820 0.015054 0.426511
v 0.144714 0.131161 0.594693
v 0.145593 0.131957 0.604374
v 0.146121 0.132436 0.614101
v 0.150975 0.123902 0.594693
v 0.151892 0.124654 0.604374
v 0.152443 0.125107 0.614101
v 0.156873 0.116345 0.594693
v 0.157826 0.117051 0.604374
v 0.158399 0.117476 0.614101
v 0.049305 0.044687 0.810951
v 0.042619 0.038624 0.813993
v 0.036058 0.032668 0.816547
v 0.051440 0.042216 0.810951
v 0.044479 0.036503 0.813991
v 0.037670 0.030915 0.816540
v 0.053447 0.039640 0.810951
v 0.046196 0.034265 0.813993
v 0.039075 0.028992 0.816547
v 0.137745 0.124845 0.556905
v 0.139998 0.126886 0.566167
v 0.141913 0.128622 0.575567
v 0.143705 0.117936 0.556905
v 0.146055 0.119864 0.566167
v 0.148053 0.121504 0.575567
v 0.149319 0.110742 0.556905
v 0.151761 0.112553 0.566167
v 0.153837 0.114093 0.575567
v 0.075212 0.068168 0.794298
v 0.068964 0.062505 0.799105
v 0.062550 0.056692 0.803491
v 0.078466 0.064395 0.794298
v 0.071948 0.059046 0.799105
v 0.065256 0.053555 0.803491
v 0.081531 0.060468 0.794298
v 0.074758 0.055445 0.799105
v 0.067806 0.050288 0.803491
v 0.125483 0.113731 0.521690
v 0.129022 0.116939 0.530176
v 0.132251 0.119866 0.538888
v 0.130913 0.107437 0.521690
v 0.134605 0.110467 0.530176
v 0.137973 0.113232 0.538888
v 0.136027 0.100884 0.521690
v 0.139863 0.103730 0.530176
v 0.143363 0.106325 0.538888
v 0.098247 0.089046 0.771092
v 0.092810 0.084118 0.777463
v 0.087149 0.078987 0.783464
v 0.102498 0.084118 0.771092
v 0.096825 0.079463 0.777463
v 0.090920 0.074616 0.783464
v 0.106502 0.078987 0.771092
v 0.100608 0.074616 0.777463
v 0.094472 0.070065 0.783464
v 0.108399 0.098247 0.490400
v 0.113089 0.102498 0.497786
v 0.117507 0.106502 0.505475
v 0.113089 0.092810 0.490400
v 0.117982 0.096825 0.497786
v 0.122591 0.100608 0.505475
v 0.117507 0.087149 0.490400
v 0.122591 0.090920 0.497786
v 0.127380 0.094472 0.505475
v 0.117507 0.106502 0.742228
v 0.113089 0.102498 0.749917
v 0.108399 0.098247 0.757303
v 0.122591 0.100608 0.742228
v 0.117982 0.096825 0.749917
v 0.113089 0.092810 0.757303
v 0.127380 0.094472 0.742228
v 0.122591 0.090920 0.749917
v 0.117507 0.087149 0.757303
v 0.087149 0.078987 0.464239
v 0.092810 0.084118 0.470240
v 0.098247 0.089046 0.476611
v 0.090920 0.074616 0.464239
v 0.096825 0.079463 0.470240
v 0.102498 0.084118 0.476611
v 0.094472 0.070065 0.464239
v 0.100608 0.074616 0.470240
v 0.106502 0.078987 0.476611
v 0.132251 0.119866 0.708815
v 0.129022 0.116939 0.717527
v 0.125483 0.113731 0.726013
v 0.137973 0.113232 0.708815
v 0.134605 0.110467 0.717527
v 0.130913 0.107437 0.726013
v 0.143363 0.106325 0.708815
v 0.139863 0.103730 0.717527
v 0.136027 0.100884 0.726013
v 0.062550 0.056692 0.444212
v 0.068964 0.062505 0.448598
v 0.075212 0.068168 0.453405
v 0.065256 0.053555 0.444212
v 0.071948 0.059046 0.448598
v 0.078466 0.064395 0.453405
v 0.067806 0.050288 0.444212
v 0.074758 0.055445 0.448598
v 0.081531 0.060468 0.453405
v 0.141913 0.128622 0.672136
v 0.139998 0.126886 0.681536
v 0.137745 0.124845 0.690798
v 0.148053 0.121504 0.672136
v 0.146055 0.119864 0.681536
v 0.143705 0.117936 0.690798
v 0.153837 0.114093 0.672136
v 0.151761 0.112553 0.681536
v 0.149319 0.110742 0.690798
v 0.036058 0.032668 0.431156
v 0.042619 0.038624 0.433710
v 0.049305 0.044687 0.436752
v 0.037670 0.030915 0.431163
v 0.044479 0.036503 0.433712
v 0.051440 0.042216 0.436752
v 0.039075 0.028992 0.431156
v 0.046196 0.034265 0.433710
v 0.053447 0.039640 0.436752
v 0.146121 0.132436 0.633602
v 0.145593 0.131957 0.643329
v 0.144714 0.131161 0.653010
v 0.152443 0.125107 0.633602
v 0.151892 0.124654 0.643329
v 0.150975 0.123902 0.653010
v 0.158399 0.117476 0.633602
v 0.157826 0.117051 0.643329
v 0.156873 0.116345 0.653010
v 0.136027 0.081531 0.742228
v 0.130913 0.078466 0.749917
v 0.125483 0.075212 0.757303
v 0.139863 0.074758 0.742228
v 0.134605 0.071948 0.749917
v 0.129022 0.068964 0.757303
v 0.143363 0.067806 0.742228
v 0.137973 0.065256 0.749917
v 0.132251 0.062550 0.757303
v 0.100884 0.060468 0.464239
v 0.107437 0.064395 0.470240
v 0.113732 0.068168 0.476611
v 0.103730 0.055445 0.464239
v 0.110467 0.059046 0.470240
v 0.116939 0.062505 0.476611
v 0.106325 0.050288 0.464239
v 0.113232 0.053555 0.470240
v 0.119866 0.056692 0.476611
v 0.153095 0.091761 0.708815
v 0.149357 0.089521 0.717527
v 0.145260 0.087066 0.726013
v 0.157412 0.084139 0.708815
v 0.153569 0.082085 0.717527
v 0.149357 0.079833 0.726013
v 0.161352 0.076314 0.708815
v 0.157412 0.074450 0.717527
v 0.153095 0.072408 0.726013
v 0.072408 0.043400 0.444212
v 0.079833 0.047850 0.448598
v 0.087066 0.052185 0.453405
v 0.074451 0.039795 0.444212
v 0.082085 0.043875 0.448598
v 0.089521 0.047850 0.453405
v 0.076314 0.036094 0.444212
v 0.084139 0.039795 0.448598
v 0.091761 0.043400 0.453405
v 0.164279 0.098465 0.672136
v 0.162062 0.097136 0.681536
v 0.159455 0.095573 0.690798
v 0.168912 0.090286 0.672136
v 0.166633 0.089067 0.681536
v 0.163952 0.087634 0.690798
v 0.173139 0.081889 0.672136
v 0.170803 0.080783 0.681536
v 0.168055 0.079484 0.690798
v 0.041738 0.025006 0.431156
v 0.049335 0.029567 0.433710
v 0.057076 0.034209 0.436752
v 0.042978 0.022972 0.431163
v 0.050745 0.027124 0.433712
v 0.058688 0.031369 0.436752
v 0.043980 0.020811 0.431156
v 0.051993 0.024594 0.433710
v 0.060154 0.028451 0.436752
v 0.169150 0.101385 0.633602
v 0.168539 0.101018 0.643329
v 0.167521 0.100408 0.653010
v 0.173921 0.092963 0.633602
v 0.173292 0.092626 0.643329
v 0.172246 0.092067 0.653010
v 0.178273 0.084317 0.633602
v 0.177629 0.084012 0.643329
v 0.176557 0.083505 0.653010
v 0.023987 0.012821 0.820906
v 0.027600 0.016465 0.820120
v 0.021493 0.012550 0.821192
v 0.016382 0.008756 0.821914
v 0.022376 0.010898 0.821192
v 0.029024 0.013801 0.820120
v 0.028796 0.015392 0.820062
v 0.023987 0.012821 0.426798
v 0.016382 0.008756 0.425789
v 0.021493 0.012550 0.426511
v 0.027600 0.016465 0.427583
v 0.028796 0.015392 0.427641
v 0.029024 0.013801 0.427583
v 0.022376 0.010898 0.426511
v 0.167521 0.100408 0.594693
v 0.168539 0.101018 0.604374
v 0.169150 0.101385 0.614101
v 0.172246 0.092067 0.594693
v 0.173292 0.092626 0.604374
v 0.173921 0.092963 0.614101
v 0.176557 0.083505 0.594693
v 0.177629 0.084012 0.604374
v 0.178273 0.084317 0.614101
v 0.057076 0.034209 0.810951
v 0.049335 0.029567 0.813993
v 0.041738 0.025006 0.816547
v 0.058688 0.031369 0.810951
v 0.050745 0.027124 0.813991
v 0.042978 0.022972 0.816540
v 0.060154 0.028451 0.810951
v 0.051993 0.024594 0.813993
v 0.043980 0.020811 0.816547
v 0.159455 0.095573 0.556905
v 0.162062 0.097136 0.566167
v 0.164279 0.098465 0.575567
v 0.163952 0.087634 0.556905
v 0.166633 0.089067 0.566167
v 0.168912 0.090286 0.575567
v 0.168055 0.079484 0.556905
v 0.170803 0.080783 0.566167
v 0.173139 0.081889 0.575567
v 0.087066 0.052185 0.794298
v 0.079833 0.047850 0.799105
v 0.072408 0.043400 0.803491
v 0.089521 0.047850 0.794298
v 0.082085 0.043875 0.799105
v 0.074451 0.039795 0.803491
v 0.091761 0.043400 0.794298
v 0.084139 0.039795 0.799105
v 0.076314 0.036094 0.803491
v 0.145260 0.087066 0.521690
v 0.149357 0.089521 0.530176
v 0.153095 0.091761 0.538888
v 0.149357 0.079833 0.521690
v 0.153569 0.082085 0.530176
v 0.157412 0.084139 0.538888
v 0.153095 0.072408 0.521690
v 0.157412 0.074450 0.530176
v 0.161352 0.076314 0.538888
v 0.113732 0.068168 0.771092
v 0.107437 0.064395 0.777463
v 0.100884 0.060468 0.783464
v 0.116939 0.062505 0.771092
v 0.110467 0.059046 0.777463
v 0.103730 0.055445 0.783464
v 0.119866 0.056692 0.771092
v 0.113232 0.053555 0.777463
v 0.106325 0.050288 0.783464
v 0.125483 0.075212 0.490400
v 0.130913 0.078466 0.497786
v 0.136027 0.081531 0.505475
v 0.129022 0.068964 0.490400
v 0.134605 0.071948 0.497786
v 0.139863 0.074758 0.505475
v 0.132251 0.062550 0.490400
v 0.137973 0.065256 0.497786
v 0.143363 0.067806 0.505475
v 0.183891 0.065797 0.594693
v 0.185008 0.066197 0.604374
v 0.185679 0.066437 0.614101
v 0.186898 0.056695 0.594693
v 0.188033 0.057039 0.604374
v 0.188715 0.057246 0.614101
v 0.189455 0.047456 0.594693
v 0.190605 0.047744 0.604374
v 0.191297 0.047917 0.614101
v 0.062653 0.022417 0.810951
v 0.054156 0.019374 0.813993
v 0.045815 0.016383 0.816547
v 0.063680 0.019317 0.810951
v 0.055062 0.016703 0.813991
v 0.046634 0.014146 0.816540
v 0.064548 0.016169 0.810951
v 0.055792 0.013978 0.813993
v 0.047195 0.011831 0.816547
v 0.175036 0.062629 0.556905
v 0.177898 0.063653 0.566167
v 0.180332 0.064524 0.575567
v 0.177898 0.053965 0.556905
v 0.180807 0.054847 0.566167
v 0.183281 0.055598 0.575567
v 0.180332 0.045171 0.556905
v 0.183281 0.045909 0.566167
v 0.185788 0.046537 0.575567
v 0.095573 0.034197 0.794298
v 0.087634 0.031356 0.799105
v 0.079484 0.028440 0.803491
v 0.097136 0.029466 0.794298
v 0.089067 0.027018 0.799105
v 0.080784 0.024505 0.803491
v 0.098465 0.024664 0.794298
v 0.090286 0.022615 0.799105
v 0.081889 0.020512 0.803491
v 0.159455 0.057054 0.521690
v 0.163952 0.058663 0.530176
v 0.168055 0.060131 0.538888
v 0.162062 0.049161 0.521690
v 0.166633 0.050547 0.530176
v 0.170803 0.051812 0.538888
v 0.164279 0.041150 0.521690
v 0.168912 0.042310 0.530176
v 0.173139 0.043369 0.538888
v 0.124845 0.044670 0.771092
v 0.117936 0.042198 0.777463
v 0.110742 0.039624 0.783464
v 0.126886 0.038491 0.771092
v 0.119864 0.036360 0.777463
v 0.112553 0.034143 0.783464
v 0.128622 0.032218 0.771092
v 0.121504 0.030435 0.777463
v 0.114093 0.028579 0.783464
v 0.137745 0.049286 0.490400
v 0.143705 0.051419 0.497786
v 0.149319 0.053427 0.505475
v 0.139998 0.042468 0.490400
v 0.146055 0.044305 0.497786
v 0.151761 0.046036 0.505475
v 0.141913 0.035547 0.490400
v 0.148053 0.037085 0.497786
v 0.153837 0.038534 0.505475
v 0.149319 0.053427 0.742228
v 0.143705 0.051418 0.749917
v 0.137745 0.049286 0.757303
v 0.151761 0.046036 0.742228
v 0.146055 0.044305 0.749917
v 0.139998 0.042468 0.757303
v 0.153837 0.038534 0.742228
v 0.148053 0.037085 0.749917
v 0.141913 0.035547 0.757303
v 0.110742 0.039624 0.464239
v 0.117936 0.042198 0.470240
v 0.124845 0.044670 0.476611
v 0.112553 0.034143 0.464239
v 0.119864 0.036360 0.470240
v 0.126886 0.038491 0.476611
v 0.114093 0.028579 0.464239
v 0.121504 0.030435 0.470240
v 0.128622 0.032218 0.476611
v 0.168055 0.060131 0.708815
v 0.163952 0.058663 0.717527
v 0.159455 0.057054 0.726013
v 0.170803 0.051812 0.708815
v 0.166633 0.050547 0.717527
v 0.162062 0.049161 0.726013
v 0.173139 0.043369 0.708815
v 0.168912 0.042310 0.717527
v 0.164279 0.041150 0.726013
v 0.079484 0.028440 0.444212
v 0.087634 0.031356 0.448598
v 0.095573 0.034197 0.453405
v 0.080784 0.024505 0.444212
v 0.089067 0.027018 0.448598
v 0.097136 0.029466 0.453405
v 0.081889 0.020512 0.444212
v 0.090286 0.022615 0.448598
v 0.098465 0.024664 0.453405
v 0.180332 0.064524 0.672136
v 0.177898 0.063653 0.681536
v 0.175036 0.062629 0.690798
v 0.183281 0.055598 0.672136
v 0.180807 0.054847 0.681536
v 0.177898 0.053965 0.690798
v 0.185788 0.046537 0.672136
v 0.183281 0.045909 0.681536
v 0.180332 0.045171 0.690798
v 0.045815 0.016383 0.431156
v 0.054156 0.019374 0.433710
v 0.062653 0.022417 0.436752
v 0.046634 0.014146 0.431163
v 0.055062 0.016703 0.433712
v 0.063680 0.019317 0.436752
v 0.047195 0.011831 0.431156
v 0.055792 0.013978 0.433710
v 0.064548 0.016169 0.436752
v 0.185679 0.066437 0.633602
v 0.185008 0.066197 0.643329
v 0.183891 0.065797 0.653010
v 0.188715 0.057246 0.633602
v 0.188033 0.057039 0.643329
v 0.186898 0.056695 0.653010
v 0.191297 0.047917 0.633602
v 0.190605 0.047744 0.643329
v 0.189455 0.047456 0.653010
v 0.026027 0.007895 0.820906
v 0.030282 0.010764 0.820120
v 0.023528 0.008116 0.821192
v 0.017775 0.005392 0.821914
v 0.024072 0.006323 0.821192
v 0.031159 0.007874 0.820120
v 0.031245 0.009478 0.820062
v 0.026027 0.007895 0.426798
v 0.017775 0.005392 0.425789
v 0.023528 0.008116 0.426511
v 0.030282 0.010764 0.427583
v 0.031245 0.009478 0.427641
v 0.031159 0.007874 0.427583
v 0.024072 0.006323 0.426511
v 0.116345 0.017258 0.464239
v 0.123902 0.018379 0.470240
v 0.131161 0.019456 0.476611
v 0.117051 0.011529 0.464239
v 0.124654 0.012277 0.470240
v 0.131958 0.012997 0.476611
v 0.117476 0.005771 0.464239
v 0.125107 0.006146 0.470240
v 0.132436 0.006506 0.476611
v 0.176557 0.026190 0.708815
v 0.172246 0.025550 0.717527
v 0.167521 0.024849 0.726013
v 0.177629 0.017495 0.708815
v 0.173292 0.017068 0.717527
v 0.168539 0.016600 0.726013
v 0.178273 0.008758 0.708815
v 0.173921 0.008544 0.717527
v 0.169150 0.008310 0.726013
v 0.083505 0.012387 0.444212
v 0.092067 0.013657 0.448598
v 0.100408 0.014894 0.453405
v 0.084012 0.008274 0.444212
v 0.092627 0.009123 0.448598
v 0.101018 0.009949 0.453405
v 0.084317 0.004142 0.444212
v 0.092963 0.004567 0.448598
v 0.101385 0.004981 0.453405
v 0.189455 0.028103 0.672136
v 0.186898 0.027724 0.681536
v 0.183891 0.027278 0.690798
v 0.190606 0.018773 0.672136
v 0.188033 0.018520 0.681536
v 0.185008 0.018222 0.690798
v 0.191297 0.009398 0.672136
v 0.188715 0.009271 0.681536
v 0.185680 0.009122 0.690798
v 0.048130 0.007130 0.431156
v 0.056895 0.008437 0.433710
v 0.065822 0.009763 0.436752
v 0.048497 0.004777 0.431163
v 0.057262 0.005640 0.433712
v 0.066225 0.006523 0.436752
v 0.048597 0.002397 0.431156
v 0.057447 0.002825 0.433710
v 0.066462 0.003265 0.436752
v 0.195073 0.028936 0.633602
v 0.194367 0.028832 0.643329
v 0.193194 0.028658 0.653010
v 0.196258 0.019330 0.633602
v 0.195548 0.019260 0.643329
v 0.194367 0.019143 0.653010
v 0.196970 0.009676 0.633602
v 0.196258 0.009641 0.643329
v 0.195073 0.009583 0.653010
v 0.027067 0.002666 0.820906
v 0.031800 0.004650 0.820120
v 0.024660 0.003370 0.821192
v 0.018486 0.001821 0.821914
v 0.024843 0.001506 0.821192
v 0.032096 0.001643 0.820120
v 0.032494 0.003200 0.820062
v 0.027067 0.002666 0.426798
v 0.018486 0.001821 0.425789
v 0.024660 0.003370 0.426511
v 0.031800 0.004650 0.427583
v 0.032494 0.003200 0.427641
v 0.032096 0.001643 0.427583
v 0.024843 0.001506 0.426511
v 0.193194 0.028658 0.594693
v 0.194367 0.028832 0.604374
v 0.195073 0.028936 0.614101
v 0.194367 0.019143 0.594693
v 0.195548 0.019260 0.604374
v 0.196258 0.019330 0.614101
v 0.195073 0.009583 0.594693
v 0.196258 0.009641 0.604374
v 0.196970 0.009676 0.614101
v 0.065822 0.009763 0.810951
v 0.056895 0.008437 0.813993
v 0.048130 0.007130 0.816547
v 0.066225 0.006523 0.810951
v 0.057262 0.005640 0.813991
v 0.048497 0.004777 0.816540
v 0.066462 0.003265 0.810951
v 0.057447 0.002825 0.813993
v 0.048597 0.002397 0.816547
v 0.183891 0.027278 0.556905
v 0.186898 0.027724 0.566167
v 0.189455 0.028103 0.575567
v 0.185008 0.018222 0.556905
v 0.188033 0.018520 0.566167
v 0.190606 0.018773 0.575567
v 0.185680 0.009122 0.556905
v 0.188715 0.009271 0.566167
v 0.191297 0.009398 0.575567
v 0.100409 0.014894 0.794298
v 0.092068 0.013657 0.799105
v 0.083505 0.012387 0.803491
v 0.101018 0.009949 0.794298
v 0.092627 0.009123 0.799105
v 0.084012 0.008274 0.803491
v 0.101385 0.004981 0.794298
v 0.092963 0.004567 0.799105
v 0.084317 0.004142 0.803491
v 0.167521 0.024849 0.521690
v 0.172246 0.025550 0.530176
v 0.176557 0.026190 0.538888
v 0.168539 0.016600 0.521690
v 0.173292 0.017068 0.530176
v 0.177629 0.017495 0.538888
v 0.169150 0.008310 0.521690
v 0.173921 0.008544 0.530176
v 0.178273 0.008758 0.538888
v 0.131161 0.019456 0.771092
v 0.123902 0.018379 0.777463
v 0.116345 0.017258 0.783464
v 0.131958 0.012997 0.771092
v 0.124654 0.012277 0.777463
v 0.117051 0.011529 0.783464
v 0.132436 0.006506 0.771092
v 0.125107 0.006146 0.777463
v 0.117476 0.005771 0.783464
v 0.144714 0.021466 0.490400
v 0.150975 0.022395 0.497786
v 0.156873 0.023270 0.505475
v 0.145593 0.014340 0.490400
v 0.151892 0.014960 0.497786
v 0.157826 0.015544 0.505475
v 0.146121 0.007178 0.490400
v 0.152443 0.007489 0.497786
v 0.158399 0.007782 0.505475
v 0.156873 0.023270 0.742228
v 0.150975 0.022395 0.749917
v 0.144714 0.021466 0.757303
v 0.157826 0.015544 0.742228
v 0.151892 0.014960 0.749917
v 0.145593 0.014340 0.757303
v 0.158399 0.007782 0.742228
v 0.152443 0.007489 0.749917
v 0.146121 0.007178 0.757303
s 0
f 3460 3462 3459
f 3461 3463 3460
f 3462 3466 3465
f 3463 3467 3466
f 3215 533 2
f 3214 3459 3215
f 3213 3460 3214
f 476 3461 3213
f 3240 3464 3461
f 3464 3242 3467
f 3467 10 498
f 3466 498 499
f 3465 499 500
f 531 500 11
f 532 3465 531
f 3459 532 533
f 3468 3472 3471
f 3469 3473 3472
f 3472 3474 3471
f 3473 3475 3472
f 480 3468 3245
f 3170 3469 3468
f 3169 3470 3469
f 3168 3246 3470
f 3470 3247 3473
f 3247 3476 3473
f 3248 522 3476
f 3476 523 3475
f 3475 524 3474
f 3474 19 3243
f 3471 3243 3244
f 3245 3471 3244
f 3478 3480 3477
f 3479 3481 3478
f 3480 3484 3483
f 3481 3485 3484
f 3218 3251 477
f 3217 3477 3218
f 3216 3478 3217
f 2 3479 3216
f 533 3482 3479
f 3482 531 3485
f 3485 11 501
f 3484 501 502
f 3483 502 503
f 3249 503 12
f 3250 3483 3249
f 3477 3250 3251
f 3486 3490 3489
f 3487 3491 3490
f 3490 3492 3489
f 3491 3493 3490
f 481 3486 3254
f 3173 3487 3486
f 3172 3488 3487
f 3171 3245 3488
f 3488 3244 3491
f 3244 3494 3491
f 3243 525 3494
f 3494 526 3493
f 3493 527 3492
f 3492 20 3252
f 3489 3252 3253
f 3254 3489 3253
f 3496 3498 3495
f 3497 3499 3496
f 3498 3502 3501
f 3499 3503 3502
f 3221 536 3
f 3220 3495 3221
f 3219 3496 3220
f 477 3497 3219
f 3251 3500 3497
f 3500 3249 3503
f 3503 12 504
f 3502 504 505
f 3501 505 506
f 534 506 13
f 535 3501 534
f 3495 535 536
f 3505 3507 3504
f 3506 3508 3505
f 3507 3511 3510
f 3508 3512 3511
f 3176 3257 482
f 3175 3504 3176
f 3174 3505 3175
f 481 3506 3174
f 3254 3509 3506
f 3509 3252 3512
f 3512 20 528
f 3511 528 529
f 3510 529 530
f 3255 530 21
f 3256 3510 3255
f 3504 3256 3257
f 3514 3516 3513
f 3515 3517 3514
f 3516 3520 3519
f 3517 3521 3520
f 485 539 4
f 484 3513 485
f 483 3514 484
f 3 3515 483
f 536 3518 3515
f 3518 534 3521
f 3521 13 507
f 3520 507 508
f 3519 508 509
f 537 509 14
f 538 3519 537
f 3513 538 539
f 3523 3522 3528
f 3526 3524 3525
f 3527 3522 3526
f 474 3523 3260
f 3206 3524 3523
f 3260 3528 3259
f 3234 3204 82
f 3235 3525 3234
f 3525 3205 3204
f 7 3527 3236
f 3258 3528 3527
f 3236 3526 3235
f 3531 3535 3530
f 3532 3529 3531
f 3534 3529 3533
f 3233 3239 308
f 3232 3530 3233
f 3530 3238 3239
f 482 3532 3231
f 3257 3533 3532
f 3231 3531 3232
f 21 3534 3255
f 3237 3535 3534
f 3255 3533 3256
f 3536 3540 3539
f 3537 3541 3540
f 3540 3542 3539
f 3541 3543 3540
f 5 3536 542
f 488 3537 3536
f 487 3538 3537
f 486 539 3538
f 3538 538 3541
f 538 3544 3541
f 537 510 3544
f 3544 511 3543
f 3543 512 3542
f 3542 15 540
f 3539 540 541
f 542 3539 541
f 3545 3549 3548
f 3546 3550 3549
f 3549 3551 3548
f 3550 3552 3549
f 475 3545 3263
f 3167 3546 3545
f 3166 3547 3546
f 3165 3260 3547
f 3547 3259 3550
f 3259 3553 3550
f 3258 489 3553
f 3553 490 3552
f 3552 491 3551
f 3551 8 3261
f 3548 3261 3262
f 3263 3548 3262
f 3554 3558 3557
f 3555 3559 3558
f 3558 3560 3557
f 3559 3561 3558
f 478 3554 3266
f 3224 3555 3554
f 3223 3556 3555
f 3222 542 3556
f 3556 541 3559
f 541 3562 3559
f 540 513 3562
f 3562 514 3561
f 3561 515 3560
f 3560 16 3264
f 3557 3264 3265
f 3266 3557 3265
f 3564 3566 3563
f 3565 3567 3564
f 3566 3570 3569
f 3567 3571 3570
f 3209 545 1
f 3208 3563 3209
f 3207 3564 3208
f 475 3565 3207
f 3263 3568 3565
f 3568 3261 3571
f 3571 8 492
f 3570 492 493
f 3569 493 494
f 543 494 9
f 544 3569 543
f 3563 544 545
f 3572 3576 3575
f 3573 3577 3576
f 3576 3578 3575
f 3577 3579 3576
f 6 3572 548
f 3227 3573 3572
f 3226 3574 3573
f 3225 3266 3574
f 3574 3265 3577
f 3265 3580 3577
f 3264 516 3580
f 3580 517 3579
f 3579 518 3578
f 3578 17 546
f 3575 546 547
f 548 3575 547
f 3582 3584 3581
f 3583 3585 3582
f 3584 3588 3587
f 3585 3589 3588
f 3212 3240 476
f 3211 3581 3212
f 3210 3582 3211
f 1 3583 3210
f 545 3586 3583
f 3586 543 3589
f 3589 9 495
f 3588 495 496
f 3587 496 497
f 3242 497 10
f 3241 3587 3242
f 3581 3241 3240
f 3590 3594 3593
f 3591 3595 3594
f 3594 3596 3593
f 3595 3597 3594
f 479 3590 3246
f 3230 3591 3590
f 3229 3592 3591
f 3228 548 3592
f 3592 547 3595
f 547 3598 3595
f 546 519 3598
f 3598 520 3597
f 3597 521 3596
f 3596 18 3248
f 3593 3248 3247
f 3246 3593 3247
f 3600 3602 3599
f 3601 3603 3600
f 3602 3606 3605
f 3603 3607 3606
f 497 593 10
f 496 3599 497
f 495 3600 496
f 9 3601 495
f 594 3604 3601
f 3604 596 3607
f 3607 24 555
f 3606 555 556
f 3605 556 557
f 591 557 25
f 592 3605 591
f 3599 592 593
f 3608 3612 3611
f 3609 3613 3612
f 3612 3614 3611
f 3613 3615 3612
f 18 3608 599
f 521 3609 3608
f 520 3610 3609
f 519 600 3610
f 3610 601 3613
f 601 3616 3613
f 602 579 3616
f 3616 580 3615
f 3615 581 3614
f 3614 33 597
f 3611 597 598
f 599 3611 598
f 3618 3620 3617
f 3619 3621 3618
f 3620 3624 3623
f 3621 3625 3624
f 500 605 11
f 499 3617 500
f 498 3618 499
f 10 3619 498
f 593 3622 3619
f 3622 591 3625
f 3625 25 558
f 3624 558 559
f 3623 559 560
f 603 560 26
f 604 3623 603
f 3617 604 605
f 3626 3630 3629
f 3627 3631 3630
f 3630 3632 3629
f 3631 3633 3630
f 19 3626 608
f 524 3627 3626
f 523 3628 3627
f 522 599 3628
f 3628 598 3631
f 598 3634 3631
f 597 582 3634
f 3634 583 3633
f 3633 584 3632
f 3632 34 606
f 3629 606 607
f 608 3629 607
f 3636 3638 3635
f 3637 3639 3636
f 3638 3642 3641
f 3639 3643 3642
f 503 611 12
f 502 3635 503
f 501 3636 502
f 11 3637 501
f 605 3640 3637
f 3640 603 3643
f 3643 26 561
f 3642 561 562
f 3641 562 563
f 609 563 27
f 610 3641 609
f 3635 610 611
f 3644 3648 3647
f 3645 3649 3648
f 3648 3650 3647
f 3649 3651 3648
f 20 3644 614
f 527 3645 3644
f 526 3646 3645
f 525 608 3646
f 3646 607 3649
f 607 3652 3649
f 606 585 3652
f 3652 586 3651
f 3651 587 3650
f 3650 35 612
f 3647 612 613
f 614 3647 613
f 3654 3656 3653
f 3655 3657 3654
f 3656 3660 3659
f 3657 3661 3660
f 506 617 13
f 505 3653 506
f 504 3654 505
f 12 3655 504
f 611 3658 3655
f 3658 609 3661
f 3661 27 564
f 3660 564 565
f 3659 565 566
f 615 566 28
f 616 3659 615
f 3653 616 617
f 3663 3665 3662
f 3664 3666 3663
f 3665 3669 3668
f 3666 3670 3669
f 530 620 21
f 529 3662 530
f 528 3663 529
f 20 3664 528
f 614 3667 3664
f 3667 612 3670
f 3670 35 588
f 3669 588 589
f 3668 589 590
f 618 590 36
f 619 3668 618
f 3662 619 620
f 3672 3674 3671
f 3673 3675 3672
f 3674 3678 3677
f 3675 3679 3678
f 509 623 14
f 508 3671 509
f 507 3672 508
f 13 3673 507
f 617 3676 3673
f 3676 615 3679
f 3679 28 567
f 3678 567 568
f 3677 568 569
f 621 569 29
f 622 3677 621
f 3671 622 623
f 3681 3680 3686
f 3684 3682 3683
f 3685 3680 3684
f 7 3681 626
f 3236 3682 3681
f 626 3686 625
f 3267 3234 82
f 3268 3683 3267
f 3683 3235 3234
f 22 3685 3269
f 624 3686 3685
f 3269 3684 3268
f 3689 3693 3688
f 3690 3687 3689
f 3692 3687 3691
f 3239 3272 308
f 3238 3688 3239
f 3688 3271 3272
f 21 3690 3237
f 620 3691 3690
f 3237 3689 3238
f 36 3692 618
f 3270 3693 3692
f 618 3691 619
f 3694 3698 3697
f 3695 3699 3698
f 3698 3700 3697
f 3699 3701 3698
f 15 3694 629
f 512 3695 3694
f 511 3696 3695
f 510 623 3696
f 623 3699 3696
f 622 3702 3699
f 621 570 3702
f 3702 571 3701
f 3701 572 3700
f 3700 30 627
f 3697 627 628
f 629 3697 628
f 3703 3707 3706
f 3704 3708 3707
f 3707 3709 3706
f 3708 3710 3707
f 8 3703 632
f 491 3704 3703
f 490 3705 3704
f 489 626 3705
f 3705 625 3708
f 625 3711 3708
f 624 549 3711
f 3711 550 3710
f 3710 551 3709
f 3709 23 630
f 3706 630 631
f 632 3706 631
f 3712 3716 3715
f 3713 3717 3716
f 3716 3718 3715
f 3717 3719 3716
f 16 3712 635
f 515 3713 3712
f 514 3714 3713
f 513 629 3714
f 3714 628 3717
f 628 3720 3717
f 627 573 3720
f 3720 574 3719
f 3719 575 3718
f 3718 31 633
f 3715 633 634
f 635 3715 634
f 3722 3724 3721
f 3723 3725 3722
f 3724 3728 3727
f 3725 3729 3728
f 494 594 9
f 493 3721 494
f 492 3722 493
f 8 3723 492
f 632 3726 3723
f 3726 630 3729
f 3729 23 552
f 3728 552 553
f 3727 553 554
f 596 554 24
f 595 3727 596
f 3721 595 594
f 3730 3734 3733
f 3731 3735 3734
f 3734 3736 3733
f 3735 3737 3734
f 17 3730 600
f 518 3731 3730
f 517 3732 3731
f 516 635 3732
f 3732 634 3735
f 634 3738 3735
f 633 576 3738
f 3738 577 3737
f 3737 578 3736
f 3736 32 602
f 3733 602 601
f 600 3733 601
f 3740 3742 3739
f 3741 3743 3740
f 3742 3746 3745
f 3743 3747 3746
f 569 680 29
f 568 3739 569
f 567 3740 568
f 28 3741 567
f 681 3744 3741
f 3744 683 3747
f 3747 43 654
f 3746 654 655
f 3745 655 656
f 678 656 44
f 679 3745 678
f 3739 679 680
f 3749 3748 3754
f 3752 3750 3751
f 3753 3748 3752
f 22 3749 686
f 3269 3750 3749
f 686 3754 685
f 3273 3267 82
f 3274 3751 3273
f 3751 3268 3267
f 37 3753 3275
f 684 3754 3753
f 3275 3752 3274
f 3757 3761 3756
f 3758 3755 3757
f 3760 3755 3759
f 3272 3278 308
f 3271 3756 3272
f 3756 3277 3278
f 36 3758 3270
f 687 3759 3758
f 3270 3757 3271
f 51 3760 689
f 3276 3761 3760
f 689 3759 688
f 3762 3766 3765
f 3763 3767 3766
f 3766 3768 3765
f 3767 3769 3766
f 30 3762 692
f 572 3763 3762
f 571 3764 3763
f 570 680 3764
f 3764 679 3767
f 679 3770 3767
f 678 657 3770
f 3770 658 3769
f 3769 659 3768
f 3768 45 690
f 3765 690 691
f 692 3765 691
f 3771 3775 3774
f 3772 3776 3775
f 3775 3777 3774
f 3776 3778 3775
f 23 3771 695
f 551 3772 3771
f 550 3773 3772
f 549 686 3773
f 3773 685 3776
f 685 3779 3776
f 684 636 3779
f 3779 637 3778
f 3778 638 3777
f 3777 38 693
f 3774 693 694
f 695 3774 694
f 3780 3784 3783
f 3781 3785 3784
f 3784 3786 3783
f 3785 3787 3784
f 31 3780 698
f 575 3781 3780
f 574 3782 3781
f 573 692 3782
f 3782 691 3785
f 691 3788 3785
f 690 660 3788
f 3788 661 3787
f 3787 662 3786
f 3786 46 696
f 3783 696 697
f 698 3783 697
f 3790 3792 3789
f 3791 3793 3790
f 3792 3796 3795
f 3793 3797 3796
f 554 701 24
f 553 3789 554
f 552 3790 553
f 23 3791 552
f 695 3794 3791
f 3794 693 3797
f 3797 38 639
f 3796 639 640
f 3795 640 641
f 699 641 39
f 700 3795 699
f 3789 700 701
f 3798 3802 3801
f 3799 3803 3802
f 3802 3804 3801
f 3803 3805 3802
f 32 3798 704
f 578 3799 3798
f 577 3800 3799
f 576 698 3800
f 3800 697 3803
f 697 3806 3803
f 696 663 3806
f 3806 664 3805
f 3805 665 3804
f 3804 47 702
f 3801 702 703
f 704 3801 703
f 3808 3810 3807
f 3809 3811 3808
f 3810 3814 3813
f 3811 3815 3814
f 557 707 25
f 556 3807 557
f 555 3808 556
f 24 3809 555
f 701 3812 3809
f 3812 699 3815
f 3815 39 642
f 3814 642 643
f 3813 643 644
f 705 644 40
f 706 3813 705
f 3807 706 707
f 3816 3820 3819
f 3817 3821 3820
f 3820 3822 3819
f 3821 3823 3820
f 33 3816 710
f 581 3817 3816
f 580 3818 3817
f 579 704 3818
f 3818 703 3821
f 703 3824 3821
f 702 666 3824
f 3824 667 3823
f 3823 668 3822
f 3822 48 708
f 3819 708 709
f 710 3819 709
f 3826 3828 3825
f 3827 3829 3826
f 3828 3832 3831
f 3829 3833 3832
f 560 713 26
f 559 3825 560
f 558 3826 559
f 25 3827 558
f 707 3830 3827
f 3830 705 3833
f 3833 40 645
f 3832 645 646
f 3831 646 647
f 711 647 41
f 712 3831 711
f 3825 712 713
f 3834 3838 3837
f 3835 3839 3838
f 3838 3840 3837
f 3839 3841 3838
f 34 3834 716
f 584 3835 3834
f 583 3836 3835
f 582 710 3836
f 3836 709 3839
f 709 3842 3839
f 708 669 3842
f 3842 670 3841
f 3841 671 3840
f 3840 49 714
f 3837 714 715
f 716 3837 715
f 3844 3846 3843
f 3845 3847 3844
f 3846 3850 3849
f 3847 3851 3850
f 563 719 27
f 562 3843 563
f 561 3844 562
f 26 3845 561
f 713 3848 3845
f 3848 711 3851
f 3851 41 648
f 3850 648 649
f 3849 649 650
f 717 650 42
f 718 3849 717
f 3843 718 719
f 3852 3856 3855
f 3853 3857 3856
f 3856 3858 3855
f 3857 3859 3856
f 35 3852 722
f 587 3853 3852
f 586 3854 3853
f 585 716 3854
f 3854 715 3857
f 715 3860 3857
f 714 672 3860
f 3860 673 3859
f 3859 674 3858
f 3858 50 720
f 3855 720 721
f 722 3855 721
f 3862 3864 3861
f 3863 3865 3862
f 3864 3868 3867
f 3865 3869 3868
f 566 681 28
f 565 3861 566
f 564 3862 565
f 27 3863 564
f 719 3866 3863
f 3866 717 3869
f 3869 42 651
f 3868 651 652
f 3867 652 653
f 683 653 43
f 682 3867 683
f 3861 682 681
f 3871 3873 3870
f 3872 3874 3871
f 3873 3877 3876
f 3874 3878 3877
f 590 687 36
f 589 3870 590
f 588 3871 589
f 35 3872 588
f 722 3875 3872
f 3875 720 3878
f 3878 50 675
f 3877 675 676
f 3876 676 677
f 689 677 51
f 688 3876 689
f 3870 688 687
f 3879 3883 3882
f 3880 3884 3883
f 3883 3885 3882
f 3884 3886 3883
f 48 3879 767
f 668 3880 3879
f 667 3881 3880
f 666 768 3881
f 3881 769 3884
f 769 3887 3884
f 770 753 3887
f 3887 754 3886
f 3886 755 3885
f 3885 63 765
f 3882 765 766
f 767 3882 766
f 3889 3891 3888
f 3890 3892 3889
f 3891 3895 3894
f 3892 3896 3895
f 647 773 41
f 646 3888 647
f 645 3889 646
f 40 3890 645
f 774 3893 3890
f 3893 776 3896
f 3896 55 732
f 3895 732 733
f 3894 733 734
f 771 734 56
f 772 3894 771
f 3888 772 773
f 3897 3901 3900
f 3898 3902 3901
f 3901 3903 3900
f 3902 3904 3901
f 49 3897 779
f 671 3898 3897
f 670 3899 3898
f 669 767 3899
f 3899 766 3902
f 766 3905 3902
f 765 756 3905
f 3905 757 3904
f 3904 758 3903
f 3903 64 777
f 3900 777 778
f 779 3900 778
f 3907 3909 3906
f 3908 3910 3907
f 3909 3913 3912
f 3910 3914 3913
f 650 782 42
f 649 3906 650
f 648 3907 649
f 41 3908 648
f 773 3911 3908
f 3911 771 3914
f 3914 56 735
f 3913 735 736
f 3912 736 737
f 780 737 57
f 781 3912 780
f 3906 781 782
f 3915 3919 3918
f 3916 3920 3919
f 3919 3921 3918
f 3920 3922 3919
f 50 3915 785
f 674 3916 3915
f 673 3917 3916
f 672 779 3917
f 3917 778 3920
f 778 3923 3920
f 777 759 3923
f 3923 760 3922
f 3922 761 3921
f 3921 65 783
f 3918 783 784
f 785 3918 784
f 3925 3927 3924
f 3926 3928 3925
f 3927 3931 3930
f 3928 3932 3931
f 653 788 43
f 652 3924 653
f 651 3925 652
f 42 3926 651
f 782 3929 3926
f 3929 780 3932
f 3932 57 738
f 3931 738 739
f 3930 739 740
f 786 740 58
f 787 3930 786
f 3924 787 788
f 3934 3936 3933
f 3935 3937 3934
f 3936 3940 3939
f 3937 3941 3940
f 677 791 51
f 676 3933 677
f 675 3934 676
f 50 3935 675
f 785 3938 3935
f 3938 783 3941
f 3941 65 762
f 3940 762 763
f 3939 763 764
f 789 764 66
f 790 3939 789
f 3933 790 791
f 3943 3945 3942
f 3944 3946 3943
f 3945 3949 3948
f 3946 3950 3949
f 656 794 44
f 655 3942 656
f 654 3943 655
f 43 3944 654
f 788 3947 3944
f 3947 786 3950
f 3950 58 741
f 3949 741 742
f 3948 742 743
f 792 743 59
f 793 3948 792
f 3942 793 794
f 3952 3951 3957
f 3955 3953 3954
f 3956 3951 3955
f 37 3952 797
f 3275 3953 3952
f 797 3957 796
f 3279 3273 82
f 3280 3954 3279
f 3954 3274 3273
f 52 3956 3281
f 795 3957 3956
f 3281 3955 3280
f 3960 3964 3959
f 3961 3958 3960
f 3963 3958 3962
f 3278 3284 308
f 3277 3959 3278
f 3959 3283 3284
f 51 3961 3276
f 791 3962 3961
f 3276 3960 3277
f 66 3963 789
f 3282 3964 3963
f 789 3962 790
f 3965 3969 3968
f 3966 3970 3969
f 3969 3971 3968
f 3970 3972 3969
f 45 3965 800
f 659 3966 3965
f 658 3967 3966
f 657 794 3967
f 3967 793 3970
f 793 3973 3970
f 792 744 3973
f 3973 745 3972
f 3972 746 3971
f 3971 60 798
f 3968 798 799
f 800 3968 799
f 3974 3978 3977
f 3975 3979 3978
f 3978 3980 3977
f 3979 3981 3978
f 38 3974 803
f 638 3975 3974
f 637 3976 3975
f 636 797 3976
f 3976 796 3979
f 796 3982 3979
f 795 723 3982
f 3982 724 3981
f 3981 725 3980
f 3980 53 801
f 3977 801 802
f 803 3977 802
f 3983 3987 3986
f 3984 3988 3987
f 3987 3989 3986
f 3988 3990 3987
f 46 3983 806
f 662 3984 3983
f 661 3985 3984
f 660 800 3985
f 3985 799 3988
f 799 3991 3988
f 798 747 3991
f 3991 748 3990
f 3990 749 3989
f 3989 61 804
f 3986 804 805
f 806 3986 805
f 3993 3995 3992
f 3994 3996 3993
f 3995 3999 3998
f 3996 4000 3999
f 641 809 39
f 640 3992 641
f 639 3993 640
f 38 3994 639
f 803 3997 3994
f 3997 801 4000
f 4000 53 726
f 3999 726 727
f 3998 727 728
f 807 728 54
f 808 3998 807
f 3992 808 809
f 4001 4005 4004
f 4002 4006 4005
f 4005 4007 4004
f 4006 4008 4005
f 47 4001 768
f 665 4002 4001
f 664 4003 4002
f 663 806 4003
f 4003 805 4006
f 805 4009 4006
f 804 750 4009
f 4009 751 4008
f 4008 752 4007
f 4007 62 770
f 4004 770 769
f 768 4004 769
f 4011 4013 4010
f 4012 4014 4011
f 4013 4017 4016
f 4014 4018 4017
f 644 774 40
f 643 4010 644
f 642 4011 643
f 39 4012 642
f 809 4015 4012
f 4015 807 4018
f 4018 54 729
f 4017 729 730
f 4016 730 731
f 776 731 55
f 775 4016 776
f 4010 775 774
f 4020 4019 4025
f 4023 4021 4022
f 4024 4019 4023
f 52 4020 854
f 3281 4021 4020
f 854 4025 853
f 3285 3279 82
f 3286 4022 3285
f 4022 3280 3279
f 67 4024 3287
f 852 4025 4024
f 3287 4023 3286
f 4028 4032 4027
f 4029 4026 4028
f 4031 4026 4030
f 3284 3290 308
f 3283 4027 3284
f 4027 3289 3290
f 66 4029 3282
f 855 4030 4029
f 3282 4028 3283
f 81 4031 857
f 3288 4032 4031
f 857 4030 856
f 4033 4037 4036
f 4034 4038 4037
f 4037 4039 4036
f 4038 4040 4037
f 60 4033 860
f 746 4034 4033
f 745 4035 4034
f 744 861 4035
f 4035 862 4038
f 862 4041 4038
f 863 831 4041
f 4041 832 4040
f 4040 833 4039
f 4039 75 858
f 4036 858 859
f 860 4036 859
f 4042 4046 4045
f 4043 4047 4046
f 4046 4048 4045
f 4047 4049 4046
f 53 4042 866
f 725 4043 4042
f 724 4044 4043
f 723 854 4044
f 4044 853 4047
f 853 4050 4047
f 852 810 4050
f 4050 811 4049
f 4049 812 4048
f 4048 68 864
f 4045 864 865
f 866 4045 865
f 4051 4055 4054
f 4052 4056 4055
f 4055 4057 4054
f 4056 4058 4055
f 61 4051 869
f 749 4052 4051
f 748 4053 4052
f 747 860 4053
f 4053 859 4056
f 859 4059 4056
f 858 834 4059
f 4059 835 4058
f 4058 836 4057
f 4057 76 867
f 4054 867 868
f 869 4054 868
f 4061 4063 4060
f 4062 4064 4061
f 4063 4067 4066
f 4064 4068 4067
f 728 872 54
f 727 4060 728
f 726 4061 727
f 53 4062 726
f 866 4065 4062
f 4065 864 4068
f 4068 68 813
f 4067 813 814
f 4066 814 815
f 870 815 69
f 871 4066 870
f 4060 871 872
f 4069 4073 4072
f 4070 4074 4073
f 4073 4075 4072
f 4074 4076 4073
f 62 4069 875
f 752 4070 4069
f 751 4071 4070
f 750 869 4071
f 4071 868 4074
f 868 4077 4074
f 867 837 4077
f 4077 838 4076
f 4076 839 4075
f 4075 77 873
f 4072 873 874
f 875 4072 874
f 4079 4081 4078
f 4080 4082 4079
f 4081 4085 4084
f 4082 4086 4085
f 731 878 55
f 730 4078 731
f 729 4079 730
f 54 4080 729
f 872 4083 4080
f 4083 870 4086
f 4086 69 816
f 4085 816 817
f 4084 817 818
f 876 818 70
f 877 4084 876
f 4078 877 878
f 4087 4091 4090
f 4088 4092 4091
f 4091 4093 4090
f 4092 4094 4091
f 63 4087 881
f 755 4088 4087
f 754 4089 4088
f 753 875 4089
f 4089 874 4092
f 874 4095 4092
f 873 840 4095
f 4095 841 4094
f 4094 842 4093
f 4093 78 879
f 4090 879 880
f 881 4090 880
f 4097 4099 4096
f 4098 4100 4097
f 4099 4103 4102
f 4100 4104 4103
f 734 884 56
f 733 4096 734
f 732 4097 733
f 55 4098 732
f 878 4101 4098
f 4101 876 4104
f 4104 70 819
f 4103 819 820
f 4102 820 821
f 882 821 71
f 883 4102 882
f 4096 883 884
f 4105 4109 4108
f 4106 4110 4109
f 4109 4111 4108
f 4110 4112 4109
f 64 4105 887
f 758 4106 4105
f 757 4107 4106
f 756 881 4107
f 4107 880 4110
f 880 4113 4110
f 879 843 4113
f 4113 844 4112
f 4112 845 4111
f 4111 79 885
f 4108 885 886
f 887 4108 886
f 4115 4117 4114
f 4116 4118 4115
f 4117 4121 4120
f 4118 4122 4121
f 737 890 57
f 736 4114 737
f 735 4115 736
f 56 4116 735
f 884 4119 4116
f 4119 882 4122
f 4122 71 822
f 4121 822 823
f 4120 823 824
f 888 824 72
f 889 4120 888
f 4114 889 890
f 4123 4127 4126
f 4124 4128 4127
f 4127 4129 4126
f 4128 4130 4127
f 65 4123 893
f 761 4124 4123
f 760 4125 4124
f 759 887 4125
f 4125 886 4128
f 886 4131 4128
f 885 846 4131
f 4131 847 4130
f 4130 848 4129
f 4129 80 891
f 4126 891 892
f 893 4126 892
f 4133 4135 4132
f 4134 4136 4133
f 4135 4139 4138
f 4136 4140 4139
f 740 896 58
f 739 4132 740
f 738 4133 739
f 57 4134 738
f 890 4137 4134
f 4137 888 4140
f 4140 72 825
f 4139 825 826
f 4138 826 827
f 894 827 73
f 895 4138 894
f 4132 895 896
f 4142 4144 4141
f 4143 4145 4142
f 4144 4148 4147
f 4145 4149 4148
f 764 855 66
f 763 4141 764
f 762 4142 763
f 65 4143 762
f 893 4146 4143
f 4146 891 4149
f 4149 80 849
f 4148 849 850
f 4147 850 851
f 857 851 81
f 856 4147 857
f 4141 856 855
f 4151 4153 4150
f 4152 4154 4151
f 4153 4157 4156
f 4154 4158 4157
f 743 861 59
f 742 4150 743
f 741 4151 742
f 58 4152 741
f 896 4155 4152
f 4155 894 4158
f 4158 73 828
f 4157 828 829
f 4156 829 830
f 863 830 74
f 862 4156 863
f 4150 862 861
f 4160 4162 4159
f 4161 4163 4160
f 4162 4166 4165
f 4163 4167 4166
f 821 944 71
f 820 4159 821
f 819 4160 820
f 70 4161 819
f 945 4164 4161
f 4164 947 4167
f 4167 86 909
f 4166 909 910
f 4165 910 911
f 942 911 87
f 943 4165 942
f 4159 943 944
f 4168 4172 4171
f 4169 4173 4172
f 4172 4174 4171
f 4173 4175 4172
f 79 4168 950
f 845 4169 4168
f 844 4170 4169
f 843 951 4170
f 4170 952 4173
f 952 4176 4173
f 953 933 4176
f 4176 934 4175
f 4175 935 4174
f 4174 95 948
f 4171 948 949
f 950 4171 949
f 4178 4180 4177
f 4179 4181 4178
f 4180 4184 4183
f 4181 4185 4184
f 824 956 72
f 823 4177 824
f 822 4178 823
f 71 4179 822
f 944 4182 4179
f 4182 942 4185
f 4185 87 912
f 4184 912 913
f 4183 913 914
f 954 914 88
f 955 4183 954
f 4177 955 956
f 4186 4190 4189
f 4187 4191 4190
f 4190 4192 4189
f 4191 4193 4190
f 80 4186 959
f 848 4187 4186
f 847 4188 4187
f 846 950 4188
f 4188 949 4191
f 949 4194 4191
f 948 936 4194
f 4194 937 4193
f 4193 938 4192
f 4192 96 957
f 4189 957 958
f 959 4189 958
f 4196 4198 4195
f 4197 4199 4196
f 4198 4202 4201
f 4199 4203 4202
f 827 962 73
f 826 4195 827
f 825 4196 826
f 72 4197 825
f 956 4200 4197
f 4200 954 4203
f 4203 88 915
f 4202 915 916
f 4201 916 917
f 960 917 89
f 961 4201 960
f 4195 961 962
f 4205 4207 4204
f 4206 4208 4205
f 4207 4211 4210
f 4208 4212 4211
f 851 965 81
f 850 4204 851
f 849 4205 850
f 80 4206 849
f 959 4209 4206
f 4209 957 4212
f 4212 96 939
f 4211 939 940
f 4210 940 941
f 963 941 97
f 964 4210 963
f 4204 964 965
f 4214 4216 4213
f 4215 4217 4214
f 4216 4220 4219
f 4217 4221 4220
f 830 968 74
f 829 4213 830
f 828 4214 829
f 73 4215 828
f 962 4218 4215
f 4218 960 4221
f 4221 89 918
f 4220 918 919
f 4219 919 920
f 966 920 90
f 967 4219 966
f 4213 967 968
f 4223 4222 4228
f 4226 4224 4225
f 4227 4222 4226
f 67 4223 971
f 3287 4224 4223
f 971 4228 970
f 897 3285 82
f 898 4225 897
f 4225 3286 3285
f 83 4227 899
f 969 4228 4227
f 899 4226 898
f 4231 4235 4230
f 4232 4229 4231
f 4234 4229 4233
f 3290 3293 308
f 3289 4230 3290
f 4230 3292 3293
f 81 4232 3288
f 965 4233 4232
f 3288 4231 3289
f 97 4234 963
f 3291 4235 4234
f 963 4233 964
f 4236 4240 4239
f 4237 4241 4240
f 4240 4242 4239
f 4241 4243 4240
f 75 4236 974
f 833 4237 4236
f 832 4238 4237
f 831 968 4238
f 4238 967 4241
f 967 4244 4241
f 966 921 4244
f 4244 922 4243
f 4243 923 4242
f 4242 91 972
f 4239 972 973
f 974 4239 973
f 4245 4249 4248
f 4246 4250 4249
f 4249 4251 4248
f 4250 4252 4249
f 68 4245 977
f 812 4246 4245
f 811 4247 4246
f 810 971 4247
f 4247 970 4250
f 970 4253 4250
f 969 900 4253
f 4253 901 4252
f 4252 902 4251
f 4251 84 975
f 4248 975 976
f 977 4248 976
f 4254 4258 4257
f 4255 4259 4258
f 4258 4260 4257
f 4259 4261 4258
f 76 4254 980
f 836 4255 4254
f 835 4256 4255
f 834 974 4256
f 4256 973 4259
f 973 4262 4259
f 972 924 4262
f 4262 925 4261
f 4261 926 4260
f 4260 92 978
f 4257 978 979
f 980 4257 979
f 4264 4266 4263
f 4265 4267 4264
f 4266 4270 4269
f 4267 4271 4270
f 815 983 69
f 814 4263 815
f 813 4264 814
f 68 4265 813
f 977 4268 4265
f 4268 975 4271
f 4271 84 903
f 4270 903 904
f 4269 904 905
f 981 905 85
f 982 4269 981
f 4263 982 983
f 4272 4276 4275
f 4273 4277 4276
f 4276 4278 4275
f 4277 4279 4276
f 77 4272 986
f 839 4273 4272
f 838 4274 4273
f 837 980 4274
f 4274 979 4277
f 979 4280 4277
f 978 927 4280
f 4280 928 4279
f 4279 929 4278
f 4278 93 984
f 4275 984 985
f 986 4275 985
f 4282 4284 4281
f 4283 4285 4282
f 4284 4288 4287
f 4285 4289 4288
f 818 945 70
f 817 4281 818
f 816 4282 817
f 69 4283 816
f 983 4286 4283
f 4286 981 4289
f 4289 85 906
f 4288 906 907
f 4287 907 908
f 947 908 86
f 946 4287 947
f 4281 946 945
f 4290 4294 4293
f 4291 4295 4294
f 4294 4296 4293
f 4295 4297 4294
f 78 4290 951
f 842 4291 4290
f 841 4292 4291
f 840 986 4292
f 4292 985 4295
f 985 4298 4295
f 984 930 4298
f 4298 931 4297
f 4297 932 4296
f 4296 94 953
f 4293 953 952
f 951 4293 952
f 4299 4303 4302
f 4300 4304 4303
f 4303 4305 4302
f 4304 4306 4303
f 91 4299 1031
f 923 4300 4299
f 922 4301 4300
f 921 1032 4301
f 4301 1033 4304
f 1033 4307 4304
f 1034 1008 4307
f 4307 1009 4306
f 4306 1010 4305
f 4305 106 1029
f 4302 1029 1030
f 1031 4302 1030
f 4308 4312 4311
f 4309 4313 4312
f 4312 4314 4311
f 4313 4315 4312
f 84 4308 1037
f 902 4309 4308
f 901 4310 4309
f 900 1038 4310
f 4310 1039 4313
f 1039 4316 4313
f 1040 987 4316
f 4316 988 4315
f 4315 989 4314
f 4314 99 1035
f 4311 1035 1036
f 1037 4311 1036
f 4317 4321 4320
f 4318 4322 4321
f 4321 4323 4320
f 4322 4324 4321
f 92 4317 1043
f 926 4318 4317
f 925 4319 4318
f 924 1031 4319
f 4319 1030 4322
f 1030 4325 4322
f 1029 1011 4325
f 4325 1012 4324
f 4324 1013 4323
f 4323 107 1041
f 4320 1041 1042
f 1043 4320 1042
f 4327 4329 4326
f 4328 4330 4327
f 4329 4333 4332
f 4330 4334 4333
f 905 1046 85
f 904 4326 905
f 903 4327 904
f 84 4328 903
f 1037 4331 4328
f 4331 1035 4334
f 4334 99 990
f 4333 990 991
f 4332 991 992
f 1044 992 100
f 1045 4332 1044
f 4326 1045 1046
f 4335 4339 4338
f 4336 4340 4339
f 4339 4341 4338
f 4340 4342 4339
f 93 4335 1049
f 929 4336 4335
f 928 4337 4336
f 927 1043 4337
f 4337 1042 4340
f 1042 4343 4340
f 1041 1014 4343
f 4343 1015 4342
f 4342 1016 4341
f 4341 108 1047
f 4338 1047 1048
f 1049 4338 1048
f 4345 4347 4344
f 4346 4348 4345
f 4347 4351 4350
f 4348 4352 4351
f 908 1052 86
f 907 4344 908
f 906 4345 907
f 85 4346 906
f 1046 4349 4346
f 4349 1044 4352
f 4352 100 993
f 4351 993 994
f 4350 994 995
f 1050 995 101
f 1051 4350 1050
f 4344 1051 1052
f 4353 4357 4356
f 4354 4358 4357
f 4357 4359 4356
f 4358 4360 4357
f 94 4353 1055
f 932 4354 4353
f 931 4355 4354
f 930 1049 4355
f 4355 1048 4358
f 1048 4361 4358
f 1047 1017 4361
f 4361 1018 4360
f 4360 1019 4359
f 4359 109 1053
f 4356 1053 1054
f 1055 4356 1054
f 4363 4365 4362
f 4364 4366 4363
f 4365 4369 4368
f 4366 4370 4369
f 911 1058 87
f 910 4362 911
f 909 4363 910
f 86 4364 909
f 1052 4367 4364
f 4367 1050 4370
f 4370 101 996
f 4369 996 997
f 4368 997 998
f 1056 998 102
f 1057 4368 1056
f 4362 1057 1058
f 4371 4375 4374
f 4372 4376 4375
f 4375 4377 4374
f 4376 4378 4375
f 95 4371 1061
f 935 4372 4371
f 934 4373 4372
f 933 1055 4373
f 4373 1054 4376
f 1054 4379 4376
f 1053 1020 4379
f 4379 1021 4378
f 4378 1022 4377
f 4377 110 1059
f 4374 1059 1060
f 1061 4374 1060
f 4381 4383 4380
f 4382 4384 4381
f 4383 4387 4386
f 4384 4388 4387
f 914 1064 88
f 913 4380 914
f 912 4381 913
f 87 4382 912
f 1058 4385 4382
f 4385 1056 4388
f 4388 102 999
f 4387 999 1000
f 4386 1000 1001
f 1062 1001 103
f 1063 4386 1062
f 4380 1063 1064
f 4389 4393 4392
f 4390 4394 4393
f 4393 4395 4392
f 4394 4396 4393
f 96 4389 1067
f 938 4390 4389
f 937 4391 4390
f 936 1061 4391
f 4391 1060 4394
f 1060 4397 4394
f 1059 1023 4397
f 4397 1024 4396
f 4396 1025 4395
f 4395 111 1065
f 4392 1065 1066
f 1067 4392 1066
f 4399 4401 4398
f 4400 4402 4399
f 4401 4405 4404
f 4402 4406 4405
f 917 1070 89
f 916 4398 917
f 915 4399 916
f 88 4400 915
f 1064 4403 4400
f 4403 1062 4406
f 4406 103 1002
f 4405 1002 1003
f 4404 1003 1004
f 1068 1004 104
f 1069 4404 1068
f 4398 1069 1070
f 4408 4410 4407
f 4409 4411 4408
f 4410 4414 4413
f 4411 4415 4414
f 941 1073 97
f 940 4407 941
f 939 4408 940
f 96 4409 939
f 1067 4412 4409
f 4412 1065 4415
f 4415 111 1026
f 4414 1026 1027
f 4413 1027 1028
f 1071 1028 112
f 1072 4413 1071
f 4407 1072 1073
f 4417 4419 4416
f 4418 4420 4417
f 4419 4423 4422
f 4420 4424 4423
f 920 1032 90
f 919 4416 920
f 918 4417 919
f 89 4418 918
f 1070 4421 4418
f 4421 1068 4424
f 4424 104 1005
f 4423 1005 1006
f 4422 1006 1007
f 1034 1007 105
f 1033 4422 1034
f 4416 1033 1032
f 4426 4425 4431
f 4429 4427 4428
f 4430 4425 4429
f 83 4426 1038
f 899 4427 4426
f 1038 4431 1039
f 3294 897 82
f 3295 4428 3294
f 4428 898 897
f 98 4430 3296
f 1040 4431 4430
f 3296 4429 3295
f 4434 4438 4433
f 4435 4432 4434
f 4437 4432 4436
f 3293 3299 308
f 3292 4433 3293
f 4433 3298 3299
f 97 4435 3291
f 1073 4436 4435
f 3291 4434 3292
f 112 4437 1071
f 3297 4438 4437
f 1071 4436 1072
f 4439 4443 4442
f 4440 4444 4443
f 4443 4445 4442
f 4444 4446 4443
f 110 4439 1118
f 1022 4440 4439
f 1021 4441 4440
f 1020 1119 4441
f 4441 1120 4444
f 1120 4447 4444
f 1121 1107 4447
f 4447 1108 4446
f 4446 1109 4445
f 4445 125 1116
f 4442 1116 1117
f 1118 4442 1117
f 4449 4451 4448
f 4450 4452 4449
f 4451 4455 4454
f 4452 4456 4455
f 1001 1124 103
f 1000 4448 1001
f 999 4449 1000
f 102 4450 999
f 1125 4453 4450
f 4453 1127 4456
f 4456 117 1086
f 4455 1086 1087
f 4454 1087 1088
f 1122 1088 118
f 1123 4454 1122
f 4448 1123 1124
f 4457 4461 4460
f 4458 4462 4461
f 4461 4463 4460
f 4462 4464 4461
f 111 4457 1130
f 1025 4458 4457
f 1024 4459 4458
f 1023 1118 4459
f 4459 1117 4462
f 1117 4465 4462
f 1116 1110 4465
f 4465 1111 4464
f 4464 1112 4463
f 4463 126 1128
f 4460 1128 1129
f 1130 4460 1129
f 4467 4469 4466
f 4468 4470 4467
f 4469 4473 4472
f 4470 4474 4473
f 1004 1133 104
f 1003 4466 1004
f 1002 4467 1003
f 103 4468 1002
f 1124 4471 4468
f 4471 1122 4474
f 4474 118 1089
f 4473 1089 1090
f 4472 1090 1091
f 1131 1091 119
f 1132 4472 1131
f 4466 1132 1133
f 4476 4478 4475
f 4477 4479 4476
f 4478 4482 4481
f 4479 4483 4482
f 1028 1136 112
f 1027 4475 1028
f 1026 4476 1027
f 111 4477 1026
f 1130 4480 4477
f 4480 1128 4483
f 4483 126 1113
f 4482 1113 1114
f 4481 1114 1115
f 1134 1115 127
f 1135 4481 1134
f 4475 1135 1136
f 4485 4487 4484
f 4486 4488 4485
f 4487 4491 4490
f 4488 4492 4491
f 1007 1139 105
f 1006 4484 1007
f 1005 4485 1006
f 104 4486 1005
f 1133 4489 4486
f 4489 1131 4492
f 4492 119 1092
f 4491 1092 1093
f 4490 1093 1094
f 1137 1094 120
f 1138 4490 1137
f 4484 1138 1139
f 4494 4493 4499
f 4497 4495 4496
f 4498 4493 4497
f 98 4494 1142
f 3296 4495 4494
f 1142 4499 1141
f 3300 3294 82
f 3301 4496 3300
f 4496 3295 3294
f 113 4498 3302
f 1140 4499 4498
f 3302 4497 3301
f 4502 4506 4501
f 4503 4500 4502
f 4505 4500 4504
f 3299 3305 308
f 3298 4501 3299
f 4501 3304 3305
f 112 4503 3297
f 1136 4504 4503
f 3297 4502 3298
f 127 4505 1134
f 3303 4506 4505
f 1134 4504 1135
f 4507 4511 4510
f 4508 4512 4511
f 4511 4513 4510
f 4512 4514 4511
f 106 4507 1145
f 1010 4508 4507
f 1009 4509 4508
f 1008 1139 4509
f 4509 1138 4512
f 1138 4515 4512
f 1137 1095 4515
f 4515 1096 4514
f 4514 1097 4513
f 4513 121 1143
f 4510 1143 1144
f 1145 4510 1144
f 4516 4520 4519
f 4517 4521 4520
f 4520 4522 4519
f 4521 4523 4520
f 99 4516 1148
f 989 4517 4516
f 988 4518 4517
f 987 1142 4518
f 4518 1141 4521
f 1141 4524 4521
f 1140 1074 4524
f 4524 1075 4523
f 4523 1076 4522
f 4522 114 1146
f 4519 1146 1147
f 1148 4519 1147
f 4525 4529 4528
f 4526 4530 4529
f 4529 4531 4528
f 4530 4532 4529
f 107 4525 1151
f 1013 4526 4525
f 1012 4527 4526
f 1011 1145 4527
f 4527 1144 4530
f 1144 4533 4530
f 1143 1098 4533
f 4533 1099 4532
f 4532 1100 4531
f 4531 122 1149
f 4528 1149 1150
f 1151 4528 1150
f 4535 4537 4534
f 4536 4538 4535
f 4537 4541 4540
f 4538 4542 4541
f 992 1154 100
f 991 4534 992
f 990 4535 991
f 99 4536 990
f 1148 4539 4536
f 4539 1146 4542
f 4542 114 1077
f 4541 1077 1078
f 4540 1078 1079
f 1152 1079 115
f 1153 4540 1152
f 4534 1153 1154
f 4543 4547 4546
f 4544 4548 4547
f 4547 4549 4546
f 4548 4550 4547
f 108 4543 1157
f 1016 4544 4543
f 1015 4545 4544
f 1014 1151 4545
f 4545 1150 4548
f 1150 4551 4548
f 1149 1101 4551
f 4551 1102 4550
f 4550 1103 4549
f 4549 123 1155
f 4546 1155 1156
f 1157 4546 1156
f 4553 4555 4552
f 4554 4556 4553
f 4555 4559 4558
f 4556 4560 4559
f 995 1160 101
f 994 4552 995
f 993 4553 994
f 100 4554 993
f 1154 4557 4554
f 4557 1152 4560
f 4560 115 1080
f 4559 1080 1081
f 4558 1081 1082
f 1158 1082 116
f 1159 4558 1158
f 4552 1159 1160
f 4561 4565 4564
f 4562 4566 4565
f 4565 4567 4564
f 4566 4568 4565
f 109 4561 1119
f 1019 4562 4561
f 1018 4563 4562
f 1017 1157 4563
f 4563 1156 4566
f 1156 4569 4566
f 1155 1104 4569
f 4569 1105 4568
f 4568 1106 4567
f 4567 124 1121
f 4564 1121 1120
f 1119 4564 1120
f 4571 4573 4570
f 4572 4574 4571
f 4573 4577 4576
f 4574 4578 4577
f 998 1125 102
f 997 4570 998
f 996 4571 997
f 101 4572 996
f 1160 4575 4572
f 4575 1158 4578
f 4578 116 1083
f 4577 1083 1084
f 4576 1084 1085
f 1127 1085 117
f 1126 4576 1127
f 4570 1126 1125
f 4579 4583 4582
f 4580 4584 4583
f 4583 4585 4582
f 4584 4586 4583
f 122 4579 1205
f 1100 4580 4579
f 1099 4581 4580
f 1098 1206 4581
f 4581 1207 4584
f 1207 4587 4584
f 1208 1185 4587
f 4587 1186 4586
f 4586 1187 4585
f 4585 137 1203
f 4582 1203 1204
f 1205 4582 1204
f 4589 4591 4588
f 4590 4592 4589
f 4591 4595 4594
f 4592 4596 4595
f 1079 1211 115
f 1078 4588 1079
f 1077 4589 1078
f 114 4590 1077
f 1212 4593 4590
f 4593 1214 4596
f 4596 129 1164
f 4595 1164 1165
f 4594 1165 1166
f 1209 1166 130
f 1210 4594 1209
f 4588 1210 1211
f 4597 4601 4600
f 4598 4602 4601
f 4601 4603 4600
f 4602 4604 4601
f 123 4597 1217
f 1103 4598 4597
f 1102 4599 4598
f 1101 1205 4599
f 4599 1204 4602
f 1204 4605 4602
f 1203 1188 4605
f 4605 1189 4604
f 4604 1190 4603
f 4603 138 1215
f 4600 1215 1216
f 1217 4600 1216
f 4607 4609 4606
f 4608 4610 4607
f 4609 4613 4612
f 4610 4614 4613
f 1082 1220 116
f 1081 4606 1082
f 1080 4607 1081
f 115 4608 1080
f 1211 4611 4608
f 4611 1209 4614
f 4614 130 1167
f 4613 1167 1168
f 4612 1168 1169
f 1218 1169 131
f 1219 4612 1218
f 4606 1219 1220
f 4615 4619 4618
f 4616 4620 4619
f 4619 4621 4618
f 4620 4622 4619
f 124 4615 1223
f 1106 4616 4615
f 1105 4617 4616
f 1104 1217 4617
f 4617 1216 4620
f 1216 4623 4620
f 1215 1191 4623
f 4623 1192 4622
f 4622 1193 4621
f 4621 139 1221
f 4618 1221 1222
f 1223 4618 1222
f 4625 4627 4624
f 4626 4628 4625
f 4627 4631 4630
f 4628 4632 4631
f 1085 1226 117
f 1084 4624 1085
f 1083 4625 1084
f 116 4626 1083
f 1220 4629 4626
f 4629 1218 4632
f 4632 131 1170
f 4631 1170 1171
f 4630 1171 1172
f 1224 1172 132
f 1225 4630 1224
f 4624 1225 1226
f 4633 4637 4636
f 4634 4638 4637
f 4637 4639 4636
f 4638 4640 4637
f 125 4633 1229
f 1109 4634 4633
f 1108 4635 4634
f 1107 1223 4635
f 4635 1222 4638
f 1222 4641 4638
f 1221 1194 4641
f 4641 1195 4640
f 4640 1196 4639
f 4639 140 1227
f 4636 1227 1228
f 1229 4636 1228
f 4643 4645 4642
f 4644 4646 4643
f 4645 4649 4648
f 4646 4650 4649
f 1088 1232 118
f 1087 4642 1088
f 1086 4643 1087
f 117 4644 1086
f 1226 4647 4644
f 4647 1224 4650
f 4650 132 1173
f 4649 1173 1174
f 4648 1174 1175
f 1230 1175 133
f 1231 4648 1230
f 4642 1231 1232
f 4651 4655 4654
f 4652 4656 4655
f 4655 4657 4654
f 4656 4658 4655
f 126 4651 1235
f 1112 4652 4651
f 1111 4653 4652
f 1110 1229 4653
f 4653 1228 4656
f 1228 4659 4656
f 1227 1197 4659
f 4659 1198 4658
f 4658 1199 4657
f 4657 141 1233
f 4654 1233 1234
f 1235 4654 1234
f 4661 4663 4660
f 4662 4664 4661
f 4663 4667 4666
f 4664 4668 4667
f 1091 1238 119
f 1090 4660 1091
f 1089 4661 1090
f 118 4662 1089
f 1232 4665 4662
f 4665 1230 4668
f 4668 133 1176
f 4667 1176 1177
f 4666 1177 1178
f 1236 1178 134
f 1237 4666 1236
f 4660 1237 1238
f 4670 4672 4669
f 4671 4673 4670
f 4672 4676 4675
f 4673 4677 4676
f 1115 1241 127
f 1114 4669 1115
f 1113 4670 1114
f 126 4671 1113
f 1235 4674 4671
f 4674 1233 4677
f 4677 141 1200
f 4676 1200 1201
f 4675 1201 1202
f 1239 1202 142
f 1240 4675 1239
f 4669 1240 1241
f 4679 4681 4678
f 4680 4682 4679
f 4681 4685 4684
f 4682 4686 4685
f 1094 1244 120
f 1093 4678 1094
f 1092 4679 1093
f 119 4680 1092
f 1238 4683 4680
f 4683 1236 4686
f 4686 134 1179
f 4685 1179 1180
f 4684 1180 1181
f 1242 1181 135
f 1243 4684 1242
f 4678 1243 1244
f 4688 4687 4693
f 4691 4689 4690
f 4692 4687 4691
f 113 4688 1247
f 3302 4689 4688
f 1247 4693 1246
f 3306 3300 82
f 3307 4690 3306
f 4690 3301 3300
f 128 4692 3308
f 1245 4693 4692
f 3308 4691 3307
f 4696 4700 4695
f 4697 4694 4696
f 4699 4694 4698
f 3305 3311 308
f 3304 4695 3305
f 4695 3310 3311
f 127 4697 3303
f 1241 4698 4697
f 3303 4696 3304
f 142 4699 1239
f 3309 4700 4699
f 1239 4698 1240
f 4701 4705 4704
f 4702 4706 4705
f 4705 4707 4704
f 4706 4708 4705
f 121 4701 1206
f 1097 4702 4701
f 1096 4703 4702
f 1095 1244 4703
f 4703 1243 4706
f 1243 4709 4706
f 1242 1182 4709
f 4709 1183 4708
f 4708 1184 4707
f 4707 136 1208
f 4704 1208 1207
f 1206 4704 1207
f 4710 4714 4713
f 4711 4715 4714
f 4714 4716 4713
f 4715 4717 4714
f 114 4710 1212
f 1076 4711 4710
f 1075 4712 4711
f 1074 1247 4712
f 4712 1246 4715
f 1246 4718 4715
f 1245 1161 4718
f 4718 1162 4717
f 4717 1163 4716
f 4716 129 1214
f 4713 1214 1213
f 1212 4713 1213
f 4719 4723 4722
f 4720 4724 4723
f 4723 4725 4722
f 4724 4726 4723
f 141 4719 1292
f 1199 4720 4719
f 1198 4721 4720
f 1197 1293 4721
f 4721 1294 4724
f 1294 4727 4724
f 1295 1284 4727
f 4727 1285 4726
f 4726 1286 4725
f 4725 156 1290
f 4722 1290 1291
f 1292 4722 1291
f 4729 4731 4728
f 4730 4732 4729
f 4731 4735 4734
f 4732 4736 4735
f 1178 1298 134
f 1177 4728 1178
f 1176 4729 1177
f 133 4730 1176
f 1299 4733 4730
f 4733 1301 4736
f 4736 148 1263
f 4735 1263 1264
f 4734 1264 1265
f 1296 1265 149
f 1297 4734 1296
f 4728 1297 1298
f 4738 4740 4737
f 4739 4741 4738
f 4740 4744 4743
f 4741 4745 4744
f 1202 1304 142
f 1201 4737 1202
f 1200 4738 1201
f 141 4739 1200
f 1292 4742 4739
f 4742 1290 4745
f 4745 156 1287
f 4744 1287 1288
f 4743 1288 1289
f 1302 1289 157
f 1303 4743 1302
f 4737 1303 1304
f 4747 4749 4746
f 4748 4750 4747
f 4749 4753 4752
f 4750 4754 4753
f 1181 1307 135
f 1180 4746 1181
f 1179 4747 1180
f 134 4748 1179
f 1298 4751 4748
f 4751 1296 4754
f 4754 149 1266
f 4753 1266 1267
f 4752 1267 1268
f 1305 1268 150
f 1306 4752 1305
f 4746 1306 1307
f 4756 4755 4761
f 4759 4757 4758
f 4760 4755 4759
f 128 4756 1310
f 3308 4757 4756
f 1310 4761 1309
f 3312 3306 82
f 3313 4758 3312
f 4758 3307 3306
f 143 4760 3314
f 1308 4761 4760
f 3314 4759 3313
f 4764 4768 4763
f 4765 4762 4764
f 4767 4762 4766
f 3311 3317 308
f 3310 4763 3311
f 4763 3316 3317
f 142 4765 3309
f 1304 4766 4765
f 3309 4764 3310
f 157 4767 1302
f 3315 4768 4767
f 1302 4766 1303
f 4769 4773 4772
f 4770 4774 4773
f 4773 4775 4772
f 4774 4776 4773
f 136 4769 1313
f 1184 4770 4769
f 1183 4771 4770
f 1182 1307 4771
f 1307 4774 4771
f 1306 4777 4774
f 1305 1269 4777
f 4777 1270 4776
f 4776 1271 4775
f 4775 151 1311
f 4772 1311 1312
f 1313 4772 1312
f 4778 4782 4781
f 4779 4783 4782
f 4782 4784 4781
f 4783 4785 4782
f 129 4778 1316
f 1163 4779 4778
f 1162 4780 4779
f 1161 1310 4780
f 4780 1309 4783
f 1309 4786 4783
f 1308 1248 4786
f 4786 1249 4785
f 4785 1250 4784
f 4784 144 1314
f 4781 1314 1315
f 1316 4781 1315
f 4787 4791 4790
f 4788 4792 4791
f 4791 4793 4790
f 4792 4794 4791
f 137 4787 1319
f 1187 4788 4787
f 1186 4789 4788
f 1185 1313 4789
f 4789 1312 4792
f 1312 4795 4792
f 1311 1272 4795
f 4795 1273 4794
f 4794 1274 4793
f 4793 152 1317
f 4790 1317 1318
f 1319 4790 1318
f 4797 4799 4796
f 4798 4800 4797
f 4799 4803 4802
f 4800 4804 4803
f 1166 1322 130
f 1165 4796 1166
f 1164 4797 1165
f 129 4798 1164
f 1316 4801 4798
f 4801 1314 4804
f 4804 144 1251
f 4803 1251 1252
f 4802 1252 1253
f 1320 1253 145
f 1321 4802 1320
f 4796 1321 1322
f 4805 4809 4808
f 4806 4810 4809
f 4809 4811 4808
f 4810 4812 4809
f 138 4805 1325
f 1190 4806 4805
f 1189 4807 4806
f 1188 1319 4807
f 4807 1318 4810
f 1318 4813 4810
f 1317 1275 4813
f 4813 1276 4812
f 4812 1277 4811
f 4811 153 1323
f 4808 1323 1324
f 1325 4808 1324
f 4815 4817 4814
f 4816 4818 4815
f 4817 4821 4820
f 4818 4822 4821
f 1169 1328 131
f 1168 4814 1169
f 1167 4815 1168
f 130 4816 1167
f 1322 4819 4816
f 4819 1320 4822
f 4822 145 1254
f 4821 1254 1255
f 4820 1255 1256
f 1326 1256 146
f 1327 4820 1326
f 4814 1327 1328
f 4823 4827 4826
f 4824 4828 4827
f 4827 4829 4826
f 4828 4830 4827
f 139 4823 1331
f 1193 4824 4823
f 1192 4825 4824
f 1191 1325 4825
f 4825 1324 4828
f 1324 4831 4828
f 1323 1278 4831
f 4831 1279 4830
f 4830 1280 4829
f 4829 154 1329
f 4826 1329 1330
f 1331 4826 1330
f 4833 4835 4832
f 4834 4836 4833
f 4835 4839 4838
f 4836 4840 4839
f 1172 1334 132
f 1171 4832 1172
f 1170 4833 1171
f 131 4834 1170
f 1328 4837 4834
f 4837 1326 4840
f 4840 146 1257
f 4839 1257 1258
f 4838 1258 1259
f 1332 1259 147
f 1333 4838 1332
f 4832 1333 1334
f 4841 4845 4844
f 4842 4846 4845
f 4845 4847 4844
f 4846 4848 4845
f 140 4841 1293
f 1196 4842 4841
f 1195 4843 4842
f 1194 1331 4843
f 4843 1330 4846
f 1330 4849 4846
f 1329 1281 4849
f 4849 1282 4848
f 4848 1283 4847
f 4847 155 1295
f 4844 1295 1294
f 1293 4844 1294
f 4851 4853 4850
f 4852 4854 4851
f 4853 4857 4856
f 4854 4858 4857
f 1175 1299 133
f 1174 4850 1175
f 1173 4851 1174
f 132 4852 1173
f 1334 4855 4852
f 4855 1332 4858
f 4858 147 1260
f 4857 1260 1261
f 4856 1261 1262
f 1301 1262 148
f 1300 4856 1301
f 4850 1300 1299
f 4860 4862 4859
f 4861 4863 4860
f 4862 4866 4865
f 4863 4867 4866
f 1253 1379 145
f 1252 4859 1253
f 1251 4860 1252
f 144 4861 1251
f 1380 4864 4861
f 4864 1382 4867
f 4867 159 1338
f 4866 1338 1339
f 4865 1339 1340
f 1377 1340 160
f 1378 4865 1377
f 4859 1378 1379
f 4868 4872 4871
f 4869 4873 4872
f 4872 4874 4871
f 4873 4875 4872
f 153 4868 1385
f 1277 4869 4868
f 1276 4870 4869
f 1275 1386 4870
f 4870 1387 4873
f 1387 4876 4873
f 1388 1362 4876
f 4876 1363 4875
f 4875 1364 4874
f 4874 168 1383
f 4871 1383 1384
f 1385 4871 1384
f 4878 4880 4877
f 4879 4881 4878
f 4880 4884 4883
f 4881 4885 4884
f 1256 1391 146
f 1255 4877 1256
f 1254 4878 1255
f 145 4879 1254
f 1379 4882 4879
f 4882 1377 4885
f 4885 160 1341
f 4884 1341 1342
f 4883 1342 1343
f 1389 1343 161
f 1390 4883 1389
f 4877 1390 1391
f 4886 4890 4889
f 4887 4891 4890
f 4890 4892 4889
f 4891 4893 4890
f 154 4886 1394
f 1280 4887 4886
f 1279 4888 4887
f 1278 1385 4888
f 4888 1384 4891
f 1384 4894 4891
f 1383 1365 4894
f 4894 1366 4893
f 4893 1367 4892
f 4892 169 1392
f 4889 1392 1393
f 1394 4889 1393
f 4896 4898 4895
f 4897 4899 4896
f 4898 4902 4901
f 4899 4903 4902
f 1259 1397 147
f 1258 4895 1259
f 1257 4896 1258
f 146 4897 1257
f 1391 4900 4897
f 4900 1389 4903
f 4903 161 1344
f 4902 1344 1345
f 4901 1345 1346
f 1395 1346 162
f 1396 4901 1395
f 4895 1396 1397
f 4904 4908 4907
f 4905 4909 4908
f 4908 4910 4907
f 4909 4911 4908
f 155 4904 1400
f 1283 4905 4904
f 1282 4906 4905
f 1281 1394 4906
f 4906 1393 4909
f 1393 4912 4909
f 1392 1368 4912
f 4912 1369 4911
f 4911 1370 4910
f 4910 170 1398
f 4907 1398 1399
f 1400 4907 1399
f 4914 4916 4913
f 4915 4917 4914
f 4916 4920 4919
f 4917 4921 4920
f 1262 1403 148
f 1261 4913 1262
f 1260 4914 1261
f 147 4915 1260
f 1397 4918 4915
f 4918 1395 4921
f 4921 162 1347
f 4920 1347 1348
f 4919 1348 1349
f 1401 1349 163
f 1402 4919 1401
f 4913 1402 1403
f 4922 4926 4925
f 4923 4927 4926
f 4926 4928 4925
f 4927 4929 4926
f 156 4922 1406
f 1286 4923 4922
f 1285 4924 4923
f 1284 1400 4924
f 4924 1399 4927
f 1399 4930 4927
f 1398 1371 4930
f 4930 1372 4929
f 4929 1373 4928
f 4928 171 1404
f 4925 1404 1405
f 1406 4925 1405
f 4932 4934 4931
f 4933 4935 4932
f 4934 4938 4937
f 4935 4939 4938
f 1265 1409 149
f 1264 4931 1265
f 1263 4932 1264
f 148 4933 1263
f 1403 4936 4933
f 4936 1401 4939
f 4939 163 1350
f 4938 1350 1351
f 4937 1351 1352
f 1407 1352 164
f 1408 4937 1407
f 4931 1408 1409
f 4941 4943 4940
f 4942 4944 4941
f 4943 4947 4946
f 4944 4948 4947
f 1289 1412 157
f 1288 4940 1289
f 1287 4941 1288
f 156 4942 1287
f 1406 4945 4942
f 4945 1404 4948
f 4948 171 1374
f 4947 1374 1375
f 4946 1375 1376
f 1410 1376 172
f 1411 4946 1410
f 4940 1411 1412
f 4950 4952 4949
f 4951 4953 4950
f 4952 4956 4955
f 4953 4957 4956
f 1268 1415 150
f 1267 4949 1268
f 1266 4950 1267
f 149 4951 1266
f 1409 4954 4951
f 4954 1407 4957
f 4957 164 1353
f 4956 1353 1354
f 4955 1354 1355
f 1413 1355 165
f 1414 4955 1413
f 4949 1414 1415
f 4959 4958 4964
f 4962 4960 4961
f 4963 4958 4962
f 143 4959 1418
f 3314 4960 4959
f 1418 4964 1417
f 3318 3312 82
f 3319 4961 3318
f 4961 3313 3312
f 158 4963 3320
f 1416 4964 4963
f 3320 4962 3319
f 4967 4971 4966
f 4968 4965 4967
f 4970 4965 4969
f 3317 3323 308
f 3316 4966 3317
f 4966 3322 3323
f 157 4968 3315
f 1412 4969 4968
f 3315 4967 3316
f 172 4970 1410
f 3321 4971 4970
f 1410 4969 1411
f 4972 4976 4975
f 4973 4977 4976
f 4976 4978 4975
f 4977 4979 4976
f 151 4972 1421
f 1271 4973 4972
f 1270 4974 4973
f 1269 1415 4974
f 4974 1414 4977
f 1414 4980 4977
f 1413 1356 4980
f 4980 1357 4979
f 4979 1358 4978
f 4978 166 1419
f 4975 1419 1420
f 1421 4975 1420
f 4981 4985 4984
f 4982 4986 4985
f 4985 4987 4984
f 4986 4988 4985
f 144 4981 1380
f 1250 4982 4981
f 1249 4983 4982
f 1248 1418 4983
f 4983 1417 4986
f 1417 4989 4986
f 1416 1335 4989
f 4989 1336 4988
f 4988 1337 4987
f 4987 159 1382
f 4984 1382 1381
f 1380 4984 1381
f 4990 4994 4993
f 4991 4995 4994
f 4994 4996 4993
f 4995 4997 4994
f 152 4990 1386
f 1274 4991 4990
f 1273 4992 4991
f 1272 1421 4992
f 4992 1420 4995
f 1420 4998 4995
f 1419 1359 4998
f 4998 1360 4997
f 4997 1361 4996
f 4996 167 1388
f 4993 1388 1387
f 1386 4993 1387
f 5000 5002 4999
f 5001 5003 5000
f 5002 5006 5005
f 5003 5007 5006
f 1352 1466 164
f 1351 4999 1352
f 1350 5000 1351
f 163 5001 1350
f 1467 5004 5001
f 5004 1469 5007
f 5007 178 1437
f 5006 1437 1438
f 5005 1438 1439
f 1464 1439 179
f 1465 5005 1464
f 4999 1465 1466
f 5009 5011 5008
f 5010 5012 5009
f 5011 5015 5014
f 5012 5016 5015
f 1376 1472 172
f 1375 5008 1376
f 1374 5009 1375
f 171 5010 1374
f 1473 5013 5010
f 5013 1475 5016
f 5016 186 1461
f 5015 1461 1462
f 5014 1462 1463
f 1470 1463 187
f 1471 5014 1470
f 5008 1471 1472
f 5018 5020 5017
f 5019 5021 5018
f 5020 5024 5023
f 5021 5025 5024
f 1355 1478 165
f 1354 5017 1355
f 1353 5018 1354
f 164 5019 1353
f 1466 5022 5019
f 5022 1464 5025
f 5025 179 1440
f 5024 1440 1441
f 5023 1441 1442
f 1476 1442 180
f 1477 5023 1476
f 5017 1477 1478
f 5027 5026 5032
f 5030 5028 5029
f 5031 5026 5030
f 158 5027 1481
f 3320 5028 5027
f 1481 5032 1480
f 3324 3318 82
f 3325 5029 3324
f 5029 3319 3318
f 173 5031 3326
f 1479 5032 5031
f 3326 5030 3325
f 5035 5039 5034
f 5036 5033 5035
f 5038 5033 5037
f 3323 3329 308
f 3322 5034 3323
f 5034 3328 3329
f 172 5036 3321
f 1472 5037 5036
f 3321 5035 3322
f 187 5038 1470
f 3327 5039 5038
f 1470 5037 1471
f 5040 5044 5043
f 5041 5045 5044
f 5044 5046 5043
f 5045 5047 5044
f 166 5040 1484
f 1358 5041 5040
f 1357 5042 5041
f 1356 1478 5042
f 5042 1477 5045
f 1477 5048 5045
f 1476 1443 5048
f 5048 1444 5047
f 5047 1445 5046
f 5046 181 1482
f 5043 1482 1483
f 1484 5043 1483
f 5049 5053 5052
f 5050 5054 5053
f 5053 5055 5052
f 5054 5056 5053
f 159 5049 1487
f 1337 5050 5049
f 1336 5051 5050
f 1335 1481 5051
f 5051 1480 5054
f 1480 5057 5054
f 1479 1422 5057
f 5057 1423 5056
f 5056 1424 5055
f 5055 174 1485
f 5052 1485 1486
f 1487 5052 1486
f 5058 5062 5061
f 5059 5063 5062
f 5062 5064 5061
f 5063 5065 5062
f 167 5058 1490
f 1361 5059 5058
f 1360 5060 5059
f 1359 1484 5060
f 5060 1483 5063
f 1483 5066 5063
f 1482 1446 5066
f 5066 1447 5065
f 5065 1448 5064
f 5064 182 1488
f 5061 1488 1489
f 1490 5061 1489
f 5068 5070 5067
f 5069 5071 5068
f 5070 5074 5073
f 5071 5075 5074
f 1340 1493 160
f 1339 5067 1340
f 1338 5068 1339
f 159 5069 1338
f 1487 5072 5069
f 5072 1485 5075
f 5075 174 1425
f 5074 1425 1426
f 5073 1426 1427
f 1491 1427 175
f 1492 5073 1491
f 5067 1492 1493
f 5076 5080 5079
f 5077 5081 5080
f 5080 5082 5079
f 5081 5083 5080
f 168 5076 1496
f 1364 5077 5076
f 1363 5078 5077
f 1362 1490 5078
f 5078 1489 5081
f 1489 5084 5081
f 1488 1449 5084
f 5084 1450 5083
f 5083 1451 5082
f 5082 183 1494
f 5079 1494 1495
f 1496 5079 1495
f 5086 5088 5085
f 5087 5089 5086
f 5088 5092 5091
f 5089 5093 5092
f 1343 1499 161
f 1342 5085 1343
f 1341 5086 1342
f 160 5087 1341
f 1493 5090 5087
f 5090 1491 5093
f 5093 175 1428
f 5092 1428 1429
f 5091 1429 1430
f 1497 1430 176
f 1498 5091 1497
f 5085 1498 1499
f 5094 5098 5097
f 5095 5099 5098
f 5098 5100 5097
f 5099 5101 5098
f 169 5094 1502
f 1367 5095 5094
f 1366 5096 5095
f 1365 1496 5096
f 5096 1495 5099
f 1495 5102 5099
f 1494 1452 5102
f 5102 1453 5101
f 5101 1454 5100
f 5100 184 1500
f 5097 1500 1501
f 1502 5097 1501
f 5104 5106 5103
f 5105 5107 5104
f 5106 5110 5109
f 5107 5111 5110
f 1346 1505 162
f 1345 5103 1346
f 1344 5104 1345
f 161 5105 1344
f 1499 5108 5105
f 5108 1497 5111
f 5111 176 1431
f 5110 1431 1432
f 5109 1432 1433
f 1503 1433 177
f 1504 5109 1503
f 5103 1504 1505
f 5112 5116 5115
f 5113 5117 5116
f 5116 5118 5115
f 5117 5119 5116
f 170 5112 1508
f 1370 5113 5112
f 1369 5114 5113
f 1368 1502 5114
f 5114 1501 5117
f 1501 5120 5117
f 1500 1455 5120
f 5120 1456 5119
f 5119 1457 5118
f 5118 185 1506
f 5115 1506 1507
f 1508 5115 1507
f 5122 5124 5121
f 5123 5125 5122
f 5124 5128 5127
f 5125 5129 5128
f 1349 1467 163
f 1348 5121 1349
f 1347 5122 1348
f 162 5123 1347
f 1505 5126 5123
f 5126 1503 5129
f 5129 177 1434
f 5128 1434 1435
f 5127 1435 1436
f 1469 1436 178
f 1468 5127 1469
f 5121 1468 1467
f 5130 5134 5133
f 5131 5135 5134
f 5134 5136 5133
f 5135 5137 5134
f 171 5130 1473
f 1373 5131 5130
f 1372 5132 5131
f 1371 1508 5132
f 5132 1507 5135
f 1507 5138 5135
f 1506 1458 5138
f 5138 1459 5137
f 5137 1460 5136
f 5136 186 1475
f 5133 1475 1474
f 1473 5133 1474
f 5139 5143 5142
f 5140 5144 5143
f 5143 5145 5142
f 5144 5146 5143
f 183 5139 1553
f 1451 5140 5139
f 1450 5141 5140
f 1449 1554 5141
f 5141 1555 5144
f 1555 5147 5144
f 1556 1536 5147
f 5147 1537 5146
f 5146 1538 5145
f 5145 198 1551
f 5142 1551 1552
f 1553 5142 1552
f 5149 5151 5148
f 5150 5152 5149
f 5151 5155 5154
f 5152 5156 5155
f 1430 1559 176
f 1429 5148 1430
f 1428 5149 1429
f 175 5150 1428
f 1560 5153 5150
f 5153 1562 5156
f 5156 190 1515
f 5155 1515 1516
f 5154 1516 1517
f 1557 1517 191
f 1558 5154 1557
f 5148 1558 1559
f 5157 5161 5160
f 5158 5162 5161
f 5161 5163 5160
f 5162 5164 5161
f 184 5157 1565
f 1454 5158 5157
f 1453 5159 5158
f 1452 1553 5159
f 5159 1552 5162
f 1552 5165 5162
f 1551 1539 5165
f 5165 1540 5164
f 5164 1541 5163
f 5163 199 1563
f 5160 1563 1564
f 1565 5160 1564
f 5167 5169 5166
f 5168 5170 5167
f 5169 5173 5172
f 5170 5174 5173
f 1433 1568 177
f 1432 5166 1433
f 1431 5167 1432
f 176 5168 1431
f 1559 5171 5168
f 5171 1557 5174
f 5174 191 1518
f 5173 1518 1519
f 5172 1519 1520
f 1566 1520 192
f 1567 5172 1566
f 5166 1567 1568
f 5175 5179 5178
f 5176 5180 5179
f 5179 5181 5178
f 5180 5182 5179
f 185 5175 1571
f 1457 5176 5175
f 1456 5177 5176
f 1455 1565 5177
f 5177 1564 5180
f 1564 5183 5180
f 1563 1542 5183
f 5183 1543 5182
f 5182 1544 5181
f 5181 200 1569
f 5178 1569 1570
f 1571 5178 1570
f 5185 5187 5184
f 5186 5188 5185
f 5187 5191 5190
f 5188 5192 5191
f 1436 1574 178
f 1435 5184 1436
f 1434 5185 1435
f 177 5186 1434
f 1568 5189 5186
f 5189 1566 5192
f 5192 192 1521
f 5191 1521 1522
f 5190 1522 1523
f 1572 1523 193
f 1573 5190 1572
f 5184 1573 1574
f 5193 5197 5196
f 5194 5198 5197
f 5197 5199 5196
f 5198 5200 5197
f 186 5193 1577
f 1460 5194 5193
f 1459 5195 5194
f 1458 1571 5195
f 5195 1570 5198
f 1570 5201 5198
f 1569 1545 5201
f 5201 1546 5200
f 5200 1547 5199
f 5199 201 1575
f 5196 1575 1576
f 1577 5196 1576
f 5203 5205 5202
f 5204 5206 5203
f 5205 5209 5208
f 5206 5210 5209
f 1439 1580 179
f 1438 5202 1439
f 1437 5203 1438
f 178 5204 1437
f 1574 5207 5204
f 5207 1572 5210
f 5210 193 1524
f 5209 1524 1525
f 5208 1525 1526
f 1578 1526 194
f 1579 5208 1578
f 5202 1579 1580
f 5212 5214 5211
f 5213 5215 5212
f 5214 5218 5217
f 5215 5219 5218
f 1463 1583 187
f 1462 5211 1463
f 1461 5212 1462
f 186 5213 1461
f 1577 5216 5213
f 5216 1575 5219
f 5219 201 1548
f 5218 1548 1549
f 5217 1549 1550
f 1581 1550 202
f 1582 5217 1581
f 5211 1582 1583
f 5221 5223 5220
f 5222 5224 5221
f 5223 5227 5226
f 5224 5228 5227
f 1442 1586 180
f 1441 5220 1442
f 1440 5221 1441
f 179 5222 1440
f 1580 5225 5222
f 5225 1578 5228
f 5228 194 1527
f 5227 1527 1528
f 5226 1528 1529
f 1584 1529 195
f 1585 5226 1584
f 5220 1585 1586
f 5230 5229 5235
f 5233 5231 5232
f 5234 5229 5233
f 173 5230 1589
f 3326 5231 5230
f 1589 5235 1588
f 3330 3324 82
f 3331 5232 3330
f 5232 3325 3324
f 188 5234 3332
f 1587 5235 5234
f 3332 5233 3331
f 5238 5242 5237
f 5239 5236 5238
f 5241 5236 5240
f 3329 3335 308
f 3328 5237 3329
f 5237 3334 3335
f 187 5239 3327
f 1583 5240 5239
f 3327 5238 3328
f 202 5241 1581
f 3333 5242 5241
f 1581 5240 1582
f 5243 5247 5246
f 5244 5248 5247
f 5247 5249 5246
f 5248 5250 5247
f 181 5243 1592
f 1445 5244 5243
f 1444 5245 5244
f 1443 1586 5245
f 5245 1585 5248
f 5248 1584 5251
f 1584 1530 5251
f 5251 1531 5250
f 5250 1532 5249
f 5249 196 1590
f 5246 1590 1591
f 1592 5246 1591
f 5252 5256 5255
f 5253 5257 5256
f 5256 5258 5255
f 5257 5259 5256
f 174 5252 1595
f 1424 5253 5252
f 1423 5254 5253
f 1422 1589 5254
f 5254 1588 5257
f 1588 5260 5257
f 1587 1509 5260
f 5260 1510 5259
f 5259 1511 5258
f 5258 189 1593
f 5255 1593 1594
f 1595 5255 1594
f 5261 5265 5264
f 5262 5266 5265
f 5265 5267 5264
f 5266 5268 5265
f 182 5261 1554
f 1448 5262 5261
f 1447 5263 5262
f 1446 1592 5263
f 5263 1591 5266
f 1591 5269 5266
f 1590 1533 5269
f 5269 1534 5268
f 5268 1535 5267
f 5267 197 1556
f 5264 1556 1555
f 1554 5264 1555
f 5271 5273 5270
f 5272 5274 5271
f 5273 5277 5276
f 5274 5278 5277
f 1427 1560 175
f 1426 5270 1427
f 1425 5271 1426
f 174 5272 1425
f 1595 5275 5272
f 5275 1593 5278
f 5278 189 1512
f 5277 1512 1513
f 5276 1513 1514
f 1562 1514 190
f 1561 5276 1562
f 5270 1561 1560
f 5280 5282 5279
f 5281 5283 5280
f 5282 5286 5285
f 5283 5287 5286
f 1550 1640 202
f 1549 5279 1550
f 1548 5280 1549
f 201 5281 1548
f 1641 5284 5281
f 5284 1643 5287
f 5287 216 1635
f 5286 1635 1636
f 5285 1636 1637
f 1638 1637 217
f 1639 5285 1638
f 5279 1639 1640
f 5289 5291 5288
f 5290 5292 5289
f 5291 5295 5294
f 5292 5296 5295
f 195 5288 1646
f 1528 5288 1529
f 1527 5289 1528
f 194 5290 1527
f 1647 5293 5290
f 5293 1649 5296
f 5296 209 1614
f 5295 1614 1615
f 5294 1615 1616
f 1644 1616 210
f 1645 5294 1644
f 1646 5291 1645
f 5298 5297 5303
f 5301 5299 5300
f 5302 5297 5301
f 188 5298 1652
f 3332 5299 5298
f 1652 5303 1651
f 3336 3330 82
f 3337 5300 3336
f 5300 3331 3330
f 203 5302 3338
f 1650 5303 5302
f 3338 5301 3337
f 5306 5310 5305
f 5307 5304 5306
f 5309 5304 5308
f 3335 3341 308
f 3334 5305 3335
f 5305 3340 3341
f 202 5307 3333
f 1640 5308 5307
f 3333 5306 3334
f 217 5309 1638
f 3339 5310 5309
f 1638 5308 1639
f 5311 5315 5314
f 5312 5316 5315
f 5315 5317 5314
f 5316 5318 5315
f 196 5311 1655
f 1532 5312 5311
f 1531 5313 5312
f 1530 1646 5313
f 5313 1645 5316
f 1645 5319 5316
f 1644 1617 5319
f 5319 1618 5318
f 5318 1619 5317
f 5317 211 1653
f 5314 1653 1654
f 1655 5314 1654
f 5320 5324 5323
f 5321 5325 5324
f 5324 5326 5323
f 5325 5327 5324
f 189 5320 1658
f 1511 5321 5320
f 1510 5322 5321
f 1509 1652 5322
f 5322 1651 5325
f 1651 5328 5325
f 1650 1596 5328
f 5328 1597 5327
f 5327 1598 5326
f 5326 204 1656
f 5323 1656 1657
f 1658 5323 1657
f 5329 5333 5332
f 5330 5334 5333
f 5333 5335 5332
f 5334 5336 5333
f 197 5329 1661
f 1535 5330 5329
f 1534 5331 5330
f 1533 1655 5331
f 5331 1654 5334
f 1654 5337 5334
f 1653 1620 5337
f 5337 1621 5336
f 5336 1622 5335
f 5335 212 1659
f 5332 1659 1660
f 1661 5332 1660
f 5339 5341 5338
f 5340 5342 5339
f 5341 5345 5344
f 5342 5346 5345
f 1514 1664 190
f 1513 5338 1514
f 1512 5339 1513
f 189 5340 1512
f 1658 5343 5340
f 5343 1656 5346
f 5346 204 1599
f 5345 1599 1600
f 5344 1600 1601
f 1662 1601 205
f 1663 5344 1662
f 5338 1663 1664
f 5347 5351 5350
f 5348 5352 5351
f 5351 5353 5350
f 5352 5354 5351
f 198 5347 1667
f 1538 5348 5347
f 1537 5349 5348
f 1536 1661 5349
f 5349 1660 5352
f 1660 5355 5352
f 1659 1623 5355
f 5355 1624 5354
f 5354 1625 5353
f 5353 213 1665
f 5350 1665 1666
f 1667 5350 1666
f 5357 5359 5356
f 5358 5360 5357
f 5359 5363 5362
f 5360 5364 5363
f 1517 1670 191
f 1516 5356 1517
f 1515 5357 1516
f 190 5358 1515
f 1664 5361 5358
f 5361 1662 5364
f 5364 205 1602
f 5363 1602 1603
f 5362 1603 1604
f 1668 1604 206
f 1669 5362 1668
f 5356 1669 1670
f 5365 5369 5368
f 5366 5370 5369
f 5369 5371 5368
f 5370 5372 5369
f 199 5365 1673
f 1541 5366 5365
f 1540 5367 5366
f 1539 1667 5367
f 5367 1666 5370
f 1666 5373 5370
f 1665 1626 5373
f 5373 1627 5372
f 5372 1628 5371
f 5371 214 1671
f 5368 1671 1672
f 1673 5368 1672
f 5375 5377 5374
f 5376 5378 5375
f 5377 5381 5380
f 5378 5382 5381
f 1520 1676 192
f 1519 5374 1520
f 1518 5375 1519
f 191 5376 1518
f 1670 5379 5376
f 5379 1668 5382
f 5382 206 1605
f 5381 1605 1606
f 5380 1606 1607
f 1674 1607 207
f 1675 5380 1674
f 5374 1675 1676
f 5383 5387 5386
f 5384 5388 5387
f 5387 5389 5386
f 5388 5390 5387
f 200 5383 1679
f 1544 5384 5383
f 1543 5385 5384
f 1542 1673 5385
f 5385 1672 5388
f 1672 5391 5388
f 1671 1629 5391
f 5391 1630 5390
f 5390 1631 5389
f 5389 215 1677
f 5386 1677 1678
f 1679 5386 1678
f 5393 5395 5392
f 5394 5396 5393
f 5395 5399 5398
f 5396 5400 5399
f 1523 1682 193
f 1522 5392 1523
f 1521 5393 1522
f 192 5394 1521
f 1676 5397 5394
f 5397 1674 5400
f 5400 207 1608
f 5399 1608 1609
f 5398 1609 1610
f 1680 1610 208
f 1681 5398 1680
f 5392 1681 1682
f 5401 5405 5404
f 5402 5406 5405
f 5405 5407 5404
f 5406 5408 5405
f 201 5401 1641
f 1547 5402 5401
f 1546 5403 5402
f 1545 1679 5403
f 5403 1678 5406
f 1678 5409 5406
f 1677 1632 5409
f 5409 1633 5408
f 5408 1634 5407
f 5407 216 1643
f 5404 1643 1642
f 1641 5404 1642
f 5411 5413 5410
f 5412 5414 5411
f 5413 5417 5416
f 5414 5418 5417
f 1526 1647 194
f 1525 5410 1526
f 1524 5411 1525
f 193 5412 1524
f 1682 5415 5412
f 5415 1680 5418
f 5418 208 1611
f 5417 1611 1612
f 5416 1612 1613
f 1649 1613 209
f 1648 5416 1649
f 5410 1648 1647
f 5420 5422 5419
f 5421 5423 5420
f 5422 5426 5425
f 5423 5427 5426
f 1604 1727 206
f 1603 5419 1604
f 1602 5420 1603
f 205 5421 1602
f 1728 5424 5421
f 5424 1730 5427
f 5427 220 1689
f 5426 1689 1690
f 5425 1690 1691
f 1725 1691 221
f 1726 5425 1725
f 5419 1726 1727
f 5428 5432 5431
f 5429 5433 5432
f 5432 5434 5431
f 5433 5435 5432
f 214 5428 1733
f 1628 5429 5428
f 1627 5430 5429
f 1626 1734 5430
f 5430 1735 5433
f 1735 5436 5433
f 1736 1713 5436
f 5436 1714 5435
f 5435 1715 5434
f 5434 229 1731
f 5431 1731 1732
f 1733 5431 1732
f 5438 5440 5437
f 5439 5441 5438
f 5440 5444 5443
f 5441 5445 5444
f 1607 1739 207
f 1606 5437 1607
f 1605 5438 1606
f 206 5439 1605
f 1727 5442 5439
f 5442 1725 5445
f 5445 221 1692
f 5444 1692 1693
f 5443 1693 1694
f 1737 1694 222
f 1738 5443 1737
f 5437 1738 1739
f 5446 5450 5449
f 5447 5451 5450
f 5450 5452 5449
f 5451 5453 5450
f 215 5446 1742
f 1631 5447 5446
f 1630 5448 5447
f 1629 1733 5448
f 5448 1732 5451
f 1732 5454 5451
f 1731 1716 5454
f 5454 1717 5453
f 5453 1718 5452
f 5452 230 1740
f 5449 1740 1741
f 1742 5449 1741
f 5456 5458 5455
f 5457 5459 5456
f 5458 5462 5461
f 5459 5463 5462
f 1610 1745 208
f 1609 5455 1610
f 1608 5456 1609
f 207 5457 1608
f 1739 5460 5457
f 5460 1737 5463
f 5463 222 1695
f 5462 1695 1696
f 5461 1696 1697
f 1743 1697 223
f 1744 5461 1743
f 5455 1744 1745
f 5464 5468 5467
f 5465 5469 5468
f 5468 5470 5467
f 5469 5471 5468
f 216 5464 1748
f 1634 5465 5464
f 1633 5466 5465
f 1632 1742 5466
f 5466 1741 5469
f 1741 5472 5469
f 1740 1719 5472
f 5472 1720 5471
f 5471 1721 5470
f 5470 231 1746
f 5467 1746 1747
f 1748 5467 1747
f 5474 5476 5473
f 5475 5477 5474
f 5476 5480 5479
f 5477 5481 5480
f 1613 1751 209
f 1612 5473 1613
f 1611 5474 1612
f 208 5475 1611
f 1745 5478 5475
f 5478 1743 5481
f 5481 223 1698
f 5480 1698 1699
f 5479 1699 1700
f 1749 1700 224
f 1750 5479 1749
f 5473 1750 1751
f 5483 5485 5482
f 5484 5486 5483
f 5485 5489 5488
f 5486 5490 5489
f 1637 1754 217
f 1636 5482 1637
f 1635 5483 1636
f 216 5484 1635
f 1748 5487 5484
f 5487 1746 5490
f 5490 231 1722
f 5489 1722 1723
f 5488 1723 1724
f 1752 1724 232
f 1753 5488 1752
f 5482 1753 1754
f 5492 5494 5491
f 5493 5495 5492
f 5494 5498 5497
f 5495 5499 5498
f 1616 1757 210
f 1615 5491 1616
f 1614 5492 1615
f 209 5493 1614
f 1751 5496 5493
f 5496 1749 5499
f 5499 224 1701
f 5498 1701 1702
f 5497 1702 1703
f 1755 1703 225
f 5494 1755 1756
f 5491 1756 1757
f 5501 5500 5506
f 5504 5502 5503
f 5505 5500 5504
f 203 5501 1760
f 3338 5502 5501
f 1760 5506 1759
f 3342 3336 82
f 3343 5503 3342
f 5503 3337 3336
f 218 5505 3344
f 1758 5506 5505
f 3344 5504 3343
f 5509 5513 5508
f 5510 5507 5509
f 5512 5507 5511
f 3341 3347 308
f 3340 5508 3341
f 5508 3346 3347
f 217 5510 3339
f 1754 5511 5510
f 3339 5509 3340
f 232 5512 1752
f 3345 5513 5512
f 1752 5511 1753
f 5514 5518 5517
f 5515 5519 5518
f 5518 5520 5517
f 5519 5521 5518
f 211 5514 1763
f 1619 5515 5514
f 1618 5516 5515
f 1617 1757 5516
f 5516 1756 5519
f 1756 5522 5519
f 1755 1704 5522
f 5522 1705 5521
f 5521 1706 5520
f 5520 226 1761
f 5517 1761 1762
f 1763 5517 1762
f 5523 5527 5526
f 5524 5528 5527
f 5527 5529 5526
f 5528 5530 5527
f 204 5523 1766
f 1598 5524 5523
f 1597 5525 5524
f 1596 1760 5525
f 5525 1759 5528
f 1759 5531 5528
f 1758 1683 5531
f 5531 1684 5530
f 5530 1685 5529
f 5529 219 1764
f 5526 1764 1765
f 1766 5526 1765
f 5532 5536 5535
f 5533 5537 5536
f 5536 5538 5535
f 5537 5539 5536
f 212 5532 1769
f 1622 5533 5532
f 1621 5534 5533
f 1620 1763 5534
f 5534 1762 5537
f 1762 5540 5537
f 1761 1707 5540
f 5540 1708 5539
f 5539 1709 5538
f 5538 227 1767
f 5535 1767 1768
f 1769 5535 1768
f 5542 5544 5541
f 5543 5545 5542
f 5544 5548 5547
f 5545 5549 5548
f 1601 1728 205
f 1600 5541 1601
f 1599 5542 1600
f 204 5543 1599
f 1766 5546 5543
f 5546 1764 5549
f 5549 219 1686
f 5548 1686 1687
f 5547 1687 1688
f 1730 1688 220
f 1729 5547 1730
f 5541 1729 1728
f 5550 5554 5553
f 5551 5555 5554
f 5554 5556 5553
f 5555 5557 5554
f 213 5550 1734
f 1625 5551 5550
f 1624 5552 5551
f 1623 1769 5552
f 5552 1768 5555
f 1768 5558 5555
f 1767 1710 5558
f 5558 1711 5557
f 5557 1712 5556
f 5556 228 1736
f 5553 1736 1735
f 1734 5553 1735
f 5560 5562 5559
f 5561 5563 5560
f 5562 5566 5565
f 5563 5567 5566
f 1703 1814 225
f 1702 5559 1703
f 1701 5560 1702
f 224 5561 1701
f 1815 5564 5561
f 5564 1817 5567
f 5567 239 1788
f 5566 1788 1789
f 5565 1789 1790
f 1812 1790 240
f 1813 5565 1812
f 5559 1813 1814
f 5569 5568 5574
f 5572 5570 5571
f 5573 5568 5572
f 218 5569 1820
f 3344 5570 5569
f 1820 5574 1819
f 3348 3342 82
f 3349 5571 3348
f 5571 3343 3342
f 233 5573 3350
f 1818 5574 5573
f 3350 5572 3349
f 5577 5581 5576
f 5578 5575 5577
f 5580 5575 5579
f 3347 3353 308
f 3346 5576 3347
f 5576 3352 3353
f 232 5578 3345
f 1821 5579 5578
f 3345 5577 3346
f 247 5580 1823
f 3351 5581 5580
f 1823 5579 1822
f 5582 5586 5585
f 5583 5587 5586
f 5586 5588 5585
f 5587 5589 5586
f 226 5582 1826
f 1706 5583 5582
f 1705 5584 5583
f 1704 1814 5584
f 5584 1813 5587
f 1813 5590 5587
f 1812 1791 5590
f 5590 1792 5589
f 5589 1793 5588
f 5588 241 1824
f 5585 1824 1825
f 1826 5585 1825
f 5591 5595 5594
f 5592 5596 5595
f 5595 5597 5594
f 5596 5598 5595
f 219 5591 1829
f 1685 5592 5591
f 1684 5593 5592
f 1683 1820 5593
f 5593 1819 5596
f 1819 5599 5596
f 1818 1770 5599
f 5599 1771 5598
f 5598 1772 5597
f 5597 234 1827
f 5594 1827 1828
f 1829 5594 1828
f 5600 5604 5603
f 5601 5605 5604
f 5604 5606 5603
f 5605 5607 5604
f 227 5600 1832
f 1709 5601 5600
f 1708 5602 5601
f 1707 1826 5602
f 5602 1825 5605
f 1825 5608 5605
f 1824 1794 5608
f 5608 1795 5607
f 5607 1796 5606
f 5606 242 1830
f 5603 1830 1831
f 1832 5603 1831
f 5610 5612 5609
f 5611 5613 5610
f 5612 5616 5615
f 5613 5617 5616
f 1688 1835 220
f 1687 5609 1688
f 1686 5610 1687
f 219 5611 1686
f 1829 5614 5611
f 5614 1827 5617
f 5617 234 1773
f 5616 1773 1774
f 5615 1774 1775
f 1833 1775 235
f 1834 5615 1833
f 5609 1834 1835
f 5618 5622 5621
f 5619 5623 5622
f 5622 5624 5621
f 5623 5625 5622
f 228 5618 1838
f 1712 5619 5618
f 1711 5620 5619
f 1710 1832 5620
f 5620 1831 5623
f 1831 5626 5623
f 1830 1797 5626
f 5626 1798 5625
f 5625 1799 5624
f 5624 243 1836
f 5621 1836 1837
f 1838 5621 1837
f 5628 5630 5627
f 5629 5631 5628
f 5630 5634 5633
f 5631 5635 5634
f 1691 1841 221
f 1690 5627 1691
f 1689 5628 1690
f 220 5629 1689
f 1835 5632 5629
f 5632 1833 5635
f 5635 235 1776
f 5634 1776 1777
f 5633 1777 1778
f 1839 1778 236
f 1840 5633 1839
f 5627 1840 1841
f 5636 5640 5639
f 5637 5641 5640
f 5640 5642 5639
f 5641 5643 5640
f 229 5636 1844
f 1715 5637 5636
f 1714 5638 5637
f 1713 1838 5638
f 5638 1837 5641
f 1837 5644 5641
f 1836 1800 5644
f 5644 1801 5643
f 5643 1802 5642
f 5642 244 1842
f 5639 1842 1843
f 1844 5639 1843
f 5646 5648 5645
f 5647 5649 5646
f 5648 5652 5651
f 5649 5653 5652
f 1694 1847 222
f 1693 5645 1694
f 1692 5646 1693
f 221 5647 1692
f 1841 5650 5647
f 5650 1839 5653
f 5653 236 1779
f 5652 1779 1780
f 5651 1780 1781
f 1845 1781 237
f 1846 5651 1845
f 5645 1846 1847
f 5654 5658 5657
f 5655 5659 5658
f 5658 5660 5657
f 5659 5661 5658
f 230 5654 1850
f 1718 5655 5654
f 1717 5656 5655
f 1716 1844 5656
f 5656 1843 5659
f 1843 5662 5659
f 1842 1803 5662
f 5662 1804 5661
f 5661 1805 5660
f 5660 245 1848
f 5657 1848 1849
f 1850 5657 1849
f 5664 5666 5663
f 5665 5667 5664
f 5666 5670 5669
f 5667 5671 5670
f 1697 1853 223
f 1696 5663 1697
f 1695 5664 1696
f 222 5665 1695
f 1847 5668 5665
f 5668 1845 5671
f 5671 237 1782
f 5670 1782 1783
f 5669 1783 1784
f 1851 1784 238
f 1852 5669 1851
f 5663 1852 1853
f 5672 5676 5675
f 5673 5677 5676
f 5676 5678 5675
f 5677 5679 5676
f 231 5672 1856
f 1721 5673 5672
f 1720 5674 5673
f 1719 1850 5674
f 5674 1849 5677
f 1849 5680 5677
f 1848 1806 5680
f 5680 1807 5679
f 5679 1808 5678
f 5678 246 1854
f 5675 1854 1855
f 1856 5675 1855
f 5682 5684 5681
f 5683 5685 5682
f 5684 5688 5687
f 5685 5689 5688
f 1700 1815 224
f 1699 5681 1700
f 1698 5682 1699
f 223 5683 1698
f 1853 5686 5683
f 5686 1851 5689
f 5689 238 1785
f 5688 1785 1786
f 5687 1786 1787
f 1817 1787 239
f 1816 5687 1817
f 5681 1816 1815
f 5691 5693 5690
f 5692 5694 5691
f 5693 5697 5696
f 5694 5698 5697
f 1724 1821 232
f 1723 5690 1724
f 1722 5691 1723
f 231 5692 1722
f 1856 5695 5692
f 5695 1854 5698
f 5698 246 1809
f 5697 1809 1810
f 5696 1810 1811
f 1823 1811 247
f 1822 5696 1823
f 5690 1822 1821
f 5699 5703 5702
f 5700 5704 5703
f 5703 5705 5702
f 5704 5706 5703
f 244 5699 1901
f 1802 5700 5699
f 1801 5701 5700
f 1800 1902 5701
f 5701 1903 5704
f 1903 5707 5704
f 1904 1887 5707
f 5707 1888 5706
f 5706 1889 5705
f 5705 259 1899
f 5702 1899 1900
f 1901 5702 1900
f 5709 5711 5708
f 5710 5712 5709
f 5711 5715 5714
f 5712 5716 5715
f 1781 1907 237
f 1780 5708 1781
f 1779 5709 1780
f 236 5710 1779
f 1908 5713 5710
f 5713 1910 5716
f 5716 251 1866
f 5715 1866 1867
f 5714 1867 1868
f 1905 1868 252
f 1906 5714 1905
f 5708 1906 1907
f 5717 5721 5720
f 5718 5722 5721
f 5721 5723 5720
f 5722 5724 5721
f 245 5717 1913
f 1805 5718 5717
f 1804 5719 5718
f 1803 1901 5719
f 5719 1900 5722
f 1900 5725 5722
f 1899 1890 5725
f 5725 1891 5724
f 5724 1892 5723
f 5723 260 1911
f 5720 1911 1912
f 1913 5720 1912
f 5727 5729 5726
f 5728 5730 5727
f 5729 5733 5732
f 5730 5734 5733
f 1784 1916 238
f 1783 5726 1784
f 1782 5727 1783
f 237 5728 1782
f 1907 5731 5728
f 5731 1905 5734
f 5734 252 1869
f 5733 1869 1870
f 5732 1870 1871
f 1914 1871 253
f 1915 5732 1914
f 5726 1915 1916
f 5735 5739 5738
f 5736 5740 5739
f 5739 5741 5738
f 5740 5742 5739
f 246 5735 1919
f 1808 5736 5735
f 1807 5737 5736
f 1806 1913 5737
f 5737 1912 5740
f 1912 5743 5740
f 1911 1893 5743
f 5743 1894 5742
f 5742 1895 5741
f 5741 261 1917
f 5738 1917 1918
f 1919 5738 1918
f 5745 5747 5744
f 5746 5748 5745
f 5747 5751 5750
f 5748 5752 5751
f 1787 1922 239
f 1786 5744 1787
f 1785 5745 1786
f 238 5746 1785
f 1916 5749 5746
f 5749 1914 5752
f 5752 253 1872
f 5751 1872 1873
f 5750 1873 1874
f 1920 1874 254
f 1921 5750 1920
f 5744 1921 1922
f 5754 5756 5753
f 5755 5757 5754
f 5756 5760 5759
f 5757 5761 5760
f 1811 1925 247
f 1810 5753 1811
f 1809 5754 1810
f 246 5755 1809
f 1919 5758 5755
f 5758 1917 5761
f 5761 261 1896
f 5760 1896 1897
f 5759 1897 1898
f 1923 1898 262
f 1924 5759 1923
f 5753 1924 1925
f 5763 5765 5762
f 5764 5766 5763
f 5765 5769 5768
f 5766 5770 5769
f 1790 1928 240
f 1789 5762 1790
f 1788 5763 1789
f 239 5764 1788
f 1922 5767 5764
f 5767 1920 5770
f 5770 254 1875
f 5769 1875 1876
f 5768 1876 1877
f 1926 1877 255
f 1927 5768 1926
f 5762 1927 1928
f 5772 5771 5777
f 5775 5773 5774
f 5776 5771 5775
f 233 5772 1931
f 3350 5773 5772
f 1931 5777 1930
f 3354 3348 82
f 3355 5774 3354
f 5774 3349 3348
f 248 5776 3356
f 1929 5777 5776
f 3356 5775 3355
f 5780 5784 5779
f 5781 5778 5780
f 5783 5778 5782
f 3353 3359 308
f 3352 5779 3353
f 5779 3358 3359
f 247 5781 3351
f 1925 5782 5781
f 3351 5780 3352
f 262 5783 1923
f 3357 5784 5783
f 1923 5782 1924
f 5785 5789 5788
f 5786 5790 5789
f 5789 5791 5788
f 5790 5792 5789
f 241 5785 1934
f 1793 5786 5785
f 1792 5787 5786
f 1791 1928 5787
f 5787 1927 5790
f 1927 5793 5790
f 1926 1878 5793
f 5793 1879 5792
f 5792 1880 5791
f 5791 256 1932
f 5788 1932 1933
f 1934 5788 1933
f 5794 5798 5797
f 5795 5799 5798
f 5798 5800 5797
f 5799 5801 5798
f 234 5794 1937
f 1772 5795 5794
f 1771 5796 5795
f 1770 1931 5796
f 5796 1930 5799
f 1930 5802 5799
f 1929 1857 5802
f 5802 1858 5801
f 5801 1859 5800
f 5800 249 1935
f 5797 1935 1936
f 1937 5797 1936
f 5803 5807 5806
f 5804 5808 5807
f 5807 5809 5806
f 5808 5810 5807
f 242 5803 1940
f 1796 5804 5803
f 1795 5805 5804
f 1794 1934 5805
f 5805 1933 5808
f 1933 5811 5808
f 1932 1881 5811
f 5811 1882 5810
f 5810 1883 5809
f 5809 257 1938
f 5806 1938 1939
f 1940 5806 1939
f 5813 5815 5812
f 5814 5816 5813
f 5815 5819 5818
f 5816 5820 5819
f 1775 1943 235
f 1774 5812 1775
f 1773 5813 1774
f 234 5814 1773
f 1937 5817 5814
f 5817 1935 5820
f 5820 249 1860
f 5819 1860 1861
f 5818 1861 1862
f 1941 1862 250
f 1942 5818 1941
f 5812 1942 1943
f 5821 5825 5824
f 5822 5826 5825
f 5825 5827 5824
f 5826 5828 5825
f 243 5821 1902
f 1799 5822 5821
f 1798 5823 5822
f 1797 1940 5823
f 5823 1939 5826
f 1939 5829 5826
f 1938 1884 5829
f 5829 1885 5828
f 5828 1886 5827
f 5827 258 1904
f 5824 1904 1903
f 1902 5824 1903
f 5831 5833 5830
f 5832 5834 5831
f 5833 5837 5836
f 5834 5838 5837
f 1778 1908 236
f 1777 5830 1778
f 1776 5831 1777
f 235 5832 1776
f 1943 5835 5832
f 5835 1941 5838
f 5838 250 1863
f 5837 1863 1864
f 5836 1864 1865
f 1910 1865 251
f 1909 5836 1910
f 5830 1909 1908
f 5841 5845 5840
f 5842 5839 5841
f 5844 5839 5843
f 3359 3365 308
f 3358 5840 3359
f 5840 3364 3365
f 262 5842 3357
f 1986 5843 5842
f 3357 5841 3358
f 277 5844 1988
f 3363 5845 5844
f 1988 5843 1987
f 5846 5850 5849
f 5847 5851 5850
f 5850 5852 5849
f 5851 5853 5850
f 256 5846 1991
f 1880 5847 5846
f 1879 5848 5847
f 1878 1992 5848
f 5848 1993 5851
f 1993 5854 5851
f 1994 1965 5854
f 5854 1966 5853
f 5853 1967 5852
f 5852 271 1989
f 5849 1989 1990
f 1991 5849 1990
f 5855 5859 5858
f 5856 5860 5859
f 5859 5861 5858
f 5860 5862 5859
f 249 5855 1997
f 1859 5856 5855
f 1858 5857 5856
f 1857 1998 5857
f 5857 1999 5860
f 1999 5863 5860
f 2000 1944 5863
f 5863 1945 5862
f 5862 1946 5861
f 5861 264 1995
f 5858 1995 1996
f 1997 5858 1996
f 5864 5868 5867
f 5865 5869 5868
f 5868 5870 5867
f 5869 5871 5868
f 257 5864 2003
f 1883 5865 5864
f 1882 5866 5865
f 1881 1991 5866
f 5866 1990 5869
f 1990 5872 5869
f 1989 1968 5872
f 5872 1969 5871
f 5871 1970 5870
f 5870 272 2001
f 5867 2001 2002
f 2003 5867 2002
f 5874 5876 5873
f 5875 5877 5874
f 5876 5880 5879
f 5877 5881 5880
f 1862 2006 250
f 1861 5873 1862
f 1860 5874 1861
f 249 5875 1860
f 1997 5878 5875
f 5878 1995 5881
f 5881 264 1947
f 5880 1947 1948
f 5879 1948 1949
f 2004 1949 265
f 2005 5879 2004
f 5873 2005 2006
f 5882 5886 5885
f 5883 5887 5886
f 5886 5888 5885
f 5887 5889 5886
f 258 5882 2009
f 1886 5883 5882
f 1885 5884 5883
f 1884 2003 5884
f 5884 2002 5887
f 2002 5890 5887
f 2001 1971 5890
f 5890 1972 5889
f 5889 1973 5888
f 5888 273 2007
f 5885 2007 2008
f 2009 5885 2008
f 5892 5894 5891
f 5893 5895 5892
f 5894 5898 5897
f 5895 5899 5898
f 1865 2012 251
f 1864 5891 1865
f 1863 5892 1864
f 250 5893 1863
f 2006 5896 5893
f 5896 2004 5899
f 5899 265 1950
f 5898 1950 1951
f 5897 1951 1952
f 2010 1952 266
f 2011 5897 2010
f 5891 2011 2012
f 5900 5904 5903
f 5901 5905 5904
f 5904 5906 5903
f 5905 5907 5904
f 259 5900 2015
f 1889 5901 5900
f 1888 5902 5901
f 1887 2009 5902
f 5902 2008 5905
f 2008 5908 5905
f 2007 1974 5908
f 5908 1975 5907
f 5907 1976 5906
f 5906 274 2013
f 5903 2013 2014
f 2015 5903 2014
f 5910 5912 5909
f 5911 5913 5910
f 5912 5916 5915
f 5913 5917 5916
f 1868 2018 252
f 1867 5909 1868
f 1866 5910 1867
f 251 5911 1866
f 2012 5914 5911
f 5914 2010 5917
f 5917 266 1953
f 5916 1953 1954
f 5915 1954 1955
f 2016 1955 267
f 2017 5915 2016
f 5909 2017 2018
f 5918 5922 5921
f 5919 5923 5922
f 5922 5924 5921
f 5923 5925 5922
f 260 5918 2021
f 1892 5919 5918
f 1891 5920 5919
f 1890 2015 5920
f 5920 2014 5923
f 2014 5926 5923
f 2013 1977 5926
f 5926 1978 5925
f 5925 1979 5924
f 5924 275 2019
f 5921 2019 2020
f 2021 5921 2020
f 5928 5930 5927
f 5929 5931 5928
f 5930 5934 5933
f 5931 5935 5934
f 1871 2024 253
f 1870 5927 1871
f 1869 5928 1870
f 252 5929 1869
f 2018 5932 5929
f 5932 2016 5935
f 5935 267 1956
f 5934 1956 1957
f 5933 1957 1958
f 2022 1958 268
f 2023 5933 2022
f 5927 2023 2024
f 5936 5940 5939
f 5937 5941 5940
f 5940 5942 5939
f 5941 5943 5940
f 261 5936 2027
f 1895 5937 5936
f 1894 5938 5937
f 1893 2021 5938
f 5938 2020 5941
f 2020 5944 5941
f 2019 1980 5944
f 5944 1981 5943
f 5943 1982 5942
f 5942 276 2025
f 5939 2025 2026
f 2027 5939 2026
f 5946 5948 5945
f 5947 5949 5946
f 5948 5952 5951
f 5949 5953 5952
f 1874 2030 254
f 1873 5945 1874
f 1872 5946 1873
f 253 5947 1872
f 2024 5950 5947
f 5950 2022 5953
f 5953 268 1959
f 5952 1959 1960
f 5951 1960 1961
f 2028 1961 269
f 2029 5951 2028
f 5945 2029 2030
f 5955 5957 5954
f 5956 5958 5955
f 5957 5961 5960
f 5958 5962 5961
f 1898 1986 262
f 1897 5954 1898
f 1896 5955 1897
f 261 5956 1896
f 2027 5959 5956
f 5959 2025 5962
f 5962 276 1983
f 5961 1983 1984
f 5960 1984 1985
f 1988 1985 277
f 1987 5960 1988
f 5954 1987 1986
f 5964 5966 5963
f 5965 5967 5964
f 5966 5970 5969
f 5967 5971 5970
f 1877 1992 255
f 1876 5963 1877
f 1875 5964 1876
f 254 5965 1875
f 2030 5968 5965
f 5968 2028 5971
f 5971 269 1962
f 5970 1962 1963
f 5969 1963 1964
f 1994 1964 270
f 1993 5969 1994
f 5963 1993 1992
f 5973 5972 5978
f 5976 5974 5975
f 5977 5972 5976
f 248 5973 1998
f 3356 5974 5973
f 1998 5978 1999
f 3360 3354 82
f 3361 5975 3360
f 5975 3355 3354
f 263 5977 3362
f 2000 5978 5977
f 3362 5976 3361
f 5979 5983 5982
f 5980 5984 5983
f 5983 5985 5982
f 5984 5986 5983
f 275 5979 2075
f 1979 5980 5979
f 1978 5981 5980
f 1977 2076 5981
f 5981 2077 5984
f 2077 5987 5984
f 2078 2064 5987
f 5987 2065 5986
f 5986 2066 5985
f 5985 290 2073
f 5982 2073 2074
f 2075 5982 2074
f 5989 5991 5988
f 5990 5992 5989
f 5991 5995 5994
f 5992 5996 5995
f 1958 2081 268
f 1957 5988 1958
f 1956 5989 1957
f 267 5990 1956
f 2082 5993 5990
f 5993 2084 5996
f 5996 282 2043
f 5995 2043 2044
f 5994 2044 2045
f 2079 2045 283
f 2080 5994 2079
f 5988 2080 2081
f 5997 6001 6000
f 5998 6002 6001
f 6001 6003 6000
f 6002 6004 6001
f 276 5997 2087
f 1982 5998 5997
f 1981 5999 5998
f 1980 2075 5999
f 5999 2074 6002
f 2074 6005 6002
f 2073 2067 6005
f 6005 2068 6004
f 6004 2069 6003
f 6003 291 2085
f 6000 2085 2086
f 2087 6000 2086
f 6007 6009 6006
f 6008 6010 6007
f 6009 6013 6012
f 6010 6014 6013
f 1961 2090 269
f 1960 6006 1961
f 1959 6007 1960
f 268 6008 1959
f 2081 6011 6008
f 6011 2079 6014
f 6014 283 2046
f 6013 2046 2047
f 6012 2047 2048
f 2088 2048 284
f 2089 6012 2088
f 6006 2089 2090
f 6016 6018 6015
f 6017 6019 6016
f 6018 6022 6021
f 6019 6023 6022
f 1985 2093 277
f 1984 6015 1985
f 1983 6016 1984
f 276 6017 1983
f 2087 6020 6017
f 6020 2085 6023
f 6023 291 2070
f 6022 2070 2071
f 6021 2071 2072
f 2091 2072 292
f 2092 6021 2091
f 6015 2092 2093
f 6025 6027 6024
f 6026 6028 6025
f 6027 6031 6030
f 6028 6032 6031
f 1964 2096 270
f 1963 6024 1964
f 1962 6025 1963
f 269 6026 1962
f 2090 6029 6026
f 6029 2088 6032
f 6032 284 2049
f 6031 2049 2050
f 6030 2050 2051
f 2094 2051 285
f 2095 6030 2094
f 6024 2095 2096
f 6034 6033 6039
f 6037 6035 6036
f 6038 6033 6037
f 263 6034 2099
f 3362 6035 6034
f 2099 6039 2098
f 3366 3360 82
f 3367 6036 3366
f 6036 3361 3360
f 278 6038 3368
f 2097 6039 6038
f 3368 6037 3367
f 6042 6046 6041
f 6043 6040 6042
f 6045 6040 6044
f 3365 3371 308
f 3364 6041 3365
f 6041 3370 3371
f 277 6043 3363
f 2093 6044 6043
f 3363 6042 3364
f 292 6045 2091
f 3369 6046 6045
f 2091 6044 2092
f 6047 6051 6050
f 6048 6052 6051
f 6051 6053 6050
f 6052 6054 6051
f 271 6047 2102
f 1967 6048 6047
f 1966 6049 6048
f 1965 2096 6049
f 6049 2095 6052
f 2095 6055 6052
f 2094 2052 6055
f 6055 2053 6054
f 6054 2054 6053
f 6053 286 2100
f 6050 2100 2101
f 2102 6050 2101
f 6056 6060 6059
f 6057 6061 6060
f 6060 6062 6059
f 6061 6063 6060
f 264 6056 2105
f 1946 6057 6056
f 1945 6058 6057
f 1944 2099 6058
f 6058 2098 6061
f 2098 6064 6061
f 2097 2031 6064
f 6064 2032 6063
f 6063 2033 6062
f 6062 279 2103
f 6059 2103 2104
f 2105 6059 2104
f 6065 6069 6068
f 6066 6070 6069
f 6069 6071 6068
f 6070 6072 6069
f 272 6065 2108
f 1970 6066 6065
f 1969 6067 6066
f 1968 2102 6067
f 6067 2101 6070
f 2101 6073 6070
f 2100 2055 6073
f 6073 2056 6072
f 6072 2057 6071
f 6071 287 2106
f 6068 2106 2107
f 2108 6068 2107
f 6075 6077 6074
f 6076 6078 6075
f 6077 6081 6080
f 6078 6082 6081
f 1949 2111 265
f 1948 6074 1949
f 1947 6075 1948
f 264 6076 1947
f 2105 6079 6076
f 6079 2103 6082
f 6082 279 2034
f 6081 2034 2035
f 6080 2035 2036
f 2109 2036 280
f 2110 6080 2109
f 6074 2110 2111
f 6083 6087 6086
f 6084 6088 6087
f 6087 6089 6086
f 6088 6090 6087
f 273 6083 2114
f 1973 6084 6083
f 1972 6085 6084
f 1971 2108 6085
f 6085 2107 6088
f 2107 6091 6088
f 2106 2058 6091
f 6091 2059 6090
f 6090 2060 6089
f 6089 288 2112
f 6086 2112 2113
f 2114 6086 2113
f 6093 6095 6092
f 6094 6096 6093
f 6095 6099 6098
f 6096 6100 6099
f 1952 2117 266
f 1951 6092 1952
f 1950 6093 1951
f 265 6094 1950
f 2111 6097 6094
f 6097 2109 6100
f 6100 280 2037
f 6099 2037 2038
f 6098 2038 2039
f 2115 2039 281
f 2116 6098 2115
f 6092 2116 2117
f 6101 6105 6104
f 6102 6106 6105
f 6105 6107 6104
f 6106 6108 6105
f 274 6101 2076
f 1976 6102 6101
f 1975 6103 6102
f 1974 2114 6103
f 6103 2113 6106
f 2113 6109 6106
f 2112 2061 6109
f 6109 2062 6108
f 6108 2063 6107
f 6107 289 2078
f 6104 2078 2077
f 2076 6104 2077
f 6111 6113 6110
f 6112 6114 6111
f 6113 6117 6116
f 6114 6118 6117
f 1955 2082 267
f 1954 6110 1955
f 1953 6111 1954
f 266 6112 1953
f 2117 6115 6112
f 6115 2115 6118
f 6118 281 2040
f 6117 2040 2041
f 6116 2041 2042
f 2084 2042 282
f 2083 6116 2084
f 6110 2083 2082
f 6119 6123 6122
f 6120 6124 6123
f 6123 6125 6122
f 6124 6126 6123
f 279 6119 2165
f 2033 6120 6119
f 2032 6121 6120
f 2031 2166 6121
f 6121 2167 6124
f 2167 6127 6124
f 2168 2118 6127
f 6127 2119 6126
f 6126 2120 6125
f 6125 294 2163
f 6122 2163 2164
f 2165 6122 2164
f 6128 6132 6131
f 6129 6133 6132
f 6132 6134 6131
f 6133 6135 6132
f 287 6128 2171
f 2057 6129 6128
f 2056 6130 6129
f 2055 2172 6130
f 6130 2173 6133
f 2173 6136 6133
f 2174 2142 6136
f 6136 2143 6135
f 6135 2144 6134
f 6134 302 2169
f 6131 2169 2170
f 2171 6131 2170
f 6138 6140 6137
f 6139 6141 6138
f 6140 6144 6143
f 6141 6145 6144
f 2036 2177 280
f 2035 6137 2036
f 2034 6138 2035
f 279 6139 2034
f 2165 6142 6139
f 6142 2163 6145
f 6145 294 2121
f 6144 2121 2122
f 6143 2122 2123
f 2175 2123 295
f 2176 6143 2175
f 6137 2176 2177
f 6146 6150 6149
f 6147 6151 6150
f 6150 6152 6149
f 6151 6153 6150
f 288 6146 2180
f 2060 6147 6146
f 2059 6148 6147
f 2058 2171 6148
f 6148 2170 6151
f 2170 6154 6151
f 2169 2145 6154
f 6154 2146 6153
f 6153 2147 6152
f 6152 303 2178
f 6149 2178 2179
f 2180 6149 2179
f 6156 6158 6155
f 6157 6159 6156
f 6158 6162 6161
f 6159 6163 6162
f 2039 2183 281
f 2038 6155 2039
f 2037 6156 2038
f 280 6157 2037
f 2177 6160 6157
f 6160 2175 6163
f 6163 295 2124
f 6162 2124 2125
f 6161 2125 2126
f 2181 2126 296
f 2182 6161 2181
f 6155 2182 2183
f 6164 6168 6167
f 6165 6169 6168
f 6168 6170 6167
f 6169 6171 6168
f 289 6164 2186
f 2063 6165 6164
f 2062 6166 6165
f 2061 2180 6166
f 6166 2179 6169
f 2179 6172 6169
f 2178 2148 6172
f 6172 2149 6171
f 6171 2150 6170
f 6170 304 2184
f 6167 2184 2185
f 2186 6167 2185
f 6174 6176 6173
f 6175 6177 6174
f 6176 6180 6179
f 6177 6181 6180
f 2042 2189 282
f 2041 6173 2042
f 2040 6174 2041
f 281 6175 2040
f 2183 6178 6175
f 6178 2181 6181
f 6181 296 2127
f 6180 2127 2128
f 6179 2128 2129
f 2187 2129 297
f 2188 6179 2187
f 6173 2188 2189
f 6182 6186 6185
f 6183 6187 6186
f 6186 6188 6185
f 6187 6189 6186
f 290 6182 2192
f 2066 6183 6182
f 2065 6184 6183
f 2064 2186 6184
f 6184 2185 6187
f 2185 6190 6187
f 2184 2151 6190
f 6190 2152 6189
f 6189 2153 6188
f 6188 305 2190
f 6185 2190 2191
f 2192 6185 2191
f 6192 6194 6191
f 6193 6195 6192
f 6194 6198 6197
f 6195 6199 6198
f 2045 2195 283
f 2044 6191 2045
f 2043 6192 2044
f 282 6193 2043
f 2189 6196 6193
f 6196 2187 6199
f 6199 297 2130
f 6198 2130 2131
f 6197 2131 2132
f 2193 2132 298
f 2194 6197 2193
f 6191 2194 2195
f 6200 6204 6203
f 6201 6205 6204
f 6204 6206 6203
f 6205 6207 6204
f 291 6200 2198
f 2069 6201 6200
f 2068 6202 6201
f 2067 2192 6202
f 6202 2191 6205
f 2191 6208 6205
f 2190 2154 6208
f 6208 2155 6207
f 6207 2156 6206
f 6206 306 2196
f 6203 2196 2197
f 2198 6203 2197
f 6210 6212 6209
f 6211 6213 6210
f 6212 6216 6215
f 6213 6217 6216
f 2048 2201 284
f 2047 6209 2048
f 2046 6210 2047
f 283 6211 2046
f 2195 6214 6211
f 6214 2193 6217
f 6217 298 2133
f 6216 2133 2134
f 6215 2134 2135
f 2199 2135 299
f 2200 6215 2199
f 6209 2200 2201
f 6219 6221 6218
f 6220 6222 6219
f 6221 6225 6224
f 6222 6226 6225
f 2072 2204 292
f 2071 6218 2072
f 2070 6219 2071
f 291 6220 2070
f 2198 6223 6220
f 6223 2196 6226
f 6226 306 2157
f 6225 2157 2158
f 6224 2158 2159
f 2202 2159 307
f 2203 6224 2202
f 6218 2203 2204
f 6228 6230 6227
f 6229 6231 6228
f 6230 6234 6233
f 6231 6235 6234
f 2051 2207 285
f 2050 6227 2051
f 2049 6228 2050
f 284 6229 2049
f 2201 6232 6229
f 6232 2199 6235
f 6235 299 2136
f 6234 2136 2137
f 6233 2137 2138
f 2205 2138 300
f 2206 6233 2205
f 6227 2206 2207
f 6237 6236 6242
f 6240 6238 6239
f 6241 6236 6240
f 278 6237 2166
f 3368 6238 6237
f 2166 6242 2167
f 3372 3366 82
f 3373 6239 3372
f 6239 3367 3366
f 293 6241 3374
f 2168 6242 6241
f 3374 6240 3373
f 6245 6249 6244
f 6246 6243 6245
f 6248 6243 6247
f 3371 2162 308
f 3370 6244 3371
f 6244 2161 2162
f 292 6246 3369
f 2204 6247 6246
f 3369 6245 3370
f 307 6248 2202
f 2160 6249 6248
f 2202 6247 2203
f 6250 6254 6253
f 6251 6255 6254
f 6254 6256 6253
f 6255 6257 6254
f 286 6250 2172
f 2054 6251 6250
f 2053 6252 6251
f 2052 2207 6252
f 2207 6255 6252
f 2206 6258 6255
f 2205 2139 6258
f 6258 2140 6257
f 6257 2141 6256
f 6256 301 2174
f 6253 2174 2173
f 2172 6253 2173
f 6260 6262 6259
f 6261 6263 6260
f 6262 6266 6265
f 6263 6267 6266
f 2132 2252 298
f 2131 6259 2132
f 2130 6260 2131
f 297 6261 2130
f 2253 6264 6261
f 6264 2255 6267
f 6267 313 2220
f 6266 2220 2221
f 6265 2221 2222
f 2250 2222 314
f 2251 6265 2250
f 6259 2251 2252
f 6268 6272 6271
f 6269 6273 6272
f 6272 6274 6271
f 6273 6275 6272
f 306 6268 2258
f 2156 6269 6268
f 2155 6270 6269
f 2154 2259 6270
f 6270 2260 6273
f 2260 6276 6273
f 2261 2244 6276
f 6276 2245 6275
f 6275 2246 6274
f 6274 322 2256
f 6271 2256 2257
f 2258 6271 2257
f 6278 6280 6277
f 6279 6281 6278
f 6280 6284 6283
f 6281 6285 6284
f 2135 2264 299
f 2134 6277 2135
f 2133 6278 2134
f 298 6279 2133
f 2252 6282 6279
f 6282 2250 6285
f 6285 314 2223
f 6284 2223 2224
f 6283 2224 2225
f 2262 2225 315
f 2263 6283 2262
f 6277 2263 2264
f 6287 6289 6286
f 6288 6290 6287
f 6289 6293 6292
f 6290 6294 6293
f 2159 2267 307
f 2158 6286 2159
f 2157 6287 2158
f 306 6288 2157
f 2258 6291 6288
f 6291 2256 6294
f 6294 322 2247
f 6293 2247 2248
f 6292 2248 2249
f 2265 2249 323
f 2266 6292 2265
f 6286 2266 2267
f 6296 6298 6295
f 6297 6299 6296
f 6298 6302 6301
f 6299 6303 6302
f 300 6295 2270
f 2137 6295 2138
f 2136 6296 2137
f 299 6297 2136
f 2264 6300 6297
f 6300 2262 6303
f 6303 315 2226
f 6302 2226 2227
f 6301 2227 2228
f 2268 2228 316
f 2269 6301 2268
f 6295 2269 2270
f 6305 6304 6310
f 6308 6306 6307
f 6309 6304 6308
f 293 6305 2273
f 3374 6306 6305
f 2273 6310 2272
f 3375 3372 82
f 3376 6307 3375
f 6307 3373 3372
f 309 6309 3377
f 2271 6310 6309
f 3377 6308 3376
f 6313 6317 6312
f 6314 6311 6313
f 6316 6311 6315
f 2162 3380 308
f 2161 6312 2162
f 6312 3379 3380
f 307 6314 2160
f 2267 6315 6314
f 2160 6313 2161
f 323 6316 2265
f 3378 6317 6316
f 2265 6315 2266
f 6318 6322 6321
f 6319 6323 6322
f 6322 6324 6321
f 6323 6325 6322
f 301 6318 2276
f 2141 6319 6318
f 2140 6320 6319
f 300 6320 2139
f 2270 6323 6320
f 2269 6326 6323
f 2268 2229 6326
f 6326 2230 6325
f 6325 2231 6324
f 6324 317 2274
f 6321 2274 2275
f 2276 6321 2275
f 6327 6331 6330
f 6328 6332 6331
f 6331 6333 6330
f 6332 6334 6331
f 294 6327 2279
f 2120 6328 6327
f 2119 6329 6328
f 2118 2273 6329
f 6329 2272 6332
f 2272 6335 6332
f 2271 2208 6335
f 6335 2209 6334
f 6334 2210 6333
f 6333 310 2277
f 6330 2277 2278
f 2279 6330 2278
f 6336 6340 6339
f 6337 6341 6340
f 6340 6342 6339
f 6341 6343 6340
f 302 6336 2282
f 2144 6337 6336
f 2143 6338 6337
f 2142 2276 6338
f 6338 2275 6341
f 2275 6344 6341
f 2274 2232 6344
f 6344 2233 6343
f 6343 2234 6342
f 6342 318 2280
f 6339 2280 2281
f 2282 6339 2281
f 6346 6348 6345
f 6347 6349 6346
f 6348 6352 6351
f 6349 6353 6352
f 2123 2285 295
f 2122 6345 2123
f 2121 6346 2122
f 294 6347 2121
f 2279 6350 6347
f 6350 2277 6353
f 6353 310 2211
f 6352 2211 2212
f 6351 2212 2213
f 2283 2213 311
f 2284 6351 2283
f 6345 2284 2285
f 6354 6358 6357
f 6355 6359 6358
f 6358 6360 6357
f 6359 6361 6358
f 303 6354 2288
f 2147 6355 6354
f 2146 6356 6355
f 2145 2282 6356
f 6356 2281 6359
f 2281 6362 6359
f 2280 2235 6362
f 6362 2236 6361
f 6361 2237 6360
f 6360 319 2286
f 6357 2286 2287
f 2288 6357 2287
f 6364 6366 6363
f 6365 6367 6364
f 6366 6370 6369
f 6367 6371 6370
f 2126 2291 296
f 2125 6363 2126
f 2124 6364 2125
f 295 6365 2124
f 2285 6368 6365
f 6368 2283 6371
f 6371 311 2214
f 6370 2214 2215
f 6369 2215 2216
f 2289 2216 312
f 2290 6369 2289
f 6363 2290 2291
f 6372 6376 6375
f 6373 6377 6376
f 6376 6378 6375
f 6377 6379 6376
f 304 6372 2294
f 2150 6373 6372
f 2149 6374 6373
f 2148 2288 6374
f 6374 2287 6377
f 2287 6380 6377
f 2286 2238 6380
f 6380 2239 6379
f 6379 2240 6378
f 6378 320 2292
f 6375 2292 2293
f 2294 6375 2293
f 6382 6384 6381
f 6383 6385 6382
f 6384 6388 6387
f 6385 6389 6388
f 2129 2253 297
f 2128 6381 2129
f 2127 6382 2128
f 296 6383 2127
f 2291 6386 6383
f 6386 2289 6389
f 6389 312 2217
f 6388 2217 2218
f 6387 2218 2219
f 2255 2219 313
f 2254 6387 2255
f 6381 2254 2253
f 6390 6394 6393
f 6391 6395 6394
f 6394 6396 6393
f 6395 6397 6394
f 305 6390 2259
f 2153 6391 6390
f 2152 6392 6391
f 2151 2294 6392
f 6392 2293 6395
f 2293 6398 6395
f 2292 2241 6398
f 6398 2242 6397
f 6397 2243 6396
f 6396 321 2261
f 6393 2261 2260
f 2259 6393 2260
f 6399 6403 6402
f 6400 6404 6403
f 6403 6405 6402
f 6404 6406 6403
f 318 6399 2339
f 2234 6400 6399
f 2233 6401 6400
f 2232 2340 6401
f 6401 2341 6404
f 2341 6407 6404
f 2342 2319 6407
f 6407 2320 6406
f 6406 2321 6405
f 6405 333 2337
f 6402 2337 2338
f 2339 6402 2338
f 6409 6411 6408
f 6410 6412 6409
f 6411 6415 6414
f 6412 6416 6415
f 2213 2345 311
f 2212 6408 2213
f 2211 6409 2212
f 310 6410 2211
f 2346 6413 6410
f 6413 2348 6416
f 6416 325 2298
f 6415 2298 2299
f 6414 2299 2300
f 2343 2300 326
f 2344 6414 2343
f 6408 2344 2345
f 6417 6421 6420
f 6418 6422 6421
f 6421 6423 6420
f 6422 6424 6421
f 319 6417 2351
f 2237 6418 6417
f 2236 6419 6418
f 2235 2339 6419
f 6419 2338 6422
f 2338 6425 6422
f 2337 2322 6425
f 6425 2323 6424
f 6424 2324 6423
f 6423 334 2349
f 6420 2349 2350
f 2351 6420 2350
f 6427 6429 6426
f 6428 6430 6427
f 6429 6433 6432
f 6430 6434 6433
f 2216 2354 312
f 2215 6426 2216
f 2214 6427 2215
f 311 6428 2214
f 2345 6431 6428
f 6431 2343 6434
f 6434 326 2301
f 6433 2301 2302
f 6432 2302 2303
f 2352 2303 327
f 2353 6432 2352
f 6426 2353 2354
f 6435 6439 6438
f 6436 6440 6439
f 6439 6441 6438
f 6440 6442 6439
f 320 6435 2357
f 2240 6436 6435
f 2239 6437 6436
f 2238 2351 6437
f 6437 2350 6440
f 2350 6443 6440
f 2349 2325 6443
f 6443 2326 6442
f 6442 2327 6441
f 6441 335 2355
f 6438 2355 2356
f 2357 6438 2356
f 6445 6447 6444
f 6446 6448 6445
f 6447 6451 6450
f 6448 6452 6451
f 2219 2360 313
f 2218 6444 2219
f 2217 6445 2218
f 312 6446 2217
f 2354 6449 6446
f 6449 2352 6452
f 6452 327 2304
f 6451 2304 2305
f 6450 2305 2306
f 2358 2306 328
f 2359 6450 2358
f 6444 2359 2360
f 6453 6457 6456
f 6454 6458 6457
f 6457 6459 6456
f 6458 6460 6457
f 321 6453 2363
f 2243 6454 6453
f 2242 6455 6454
f 2241 2357 6455
f 6455 2356 6458
f 2356 6461 6458
f 2355 2328 6461
f 6461 2329 6460
f 6460 2330 6459
f 6459 336 2361
f 6456 2361 2362
f 2363 6456 2362
f 6463 6465 6462
f 6464 6466 6463
f 6465 6469 6468
f 6466 6470 6469
f 2222 2366 314
f 2221 6462 2222
f 2220 6463 2221
f 313 6464 2220
f 2360 6467 6464
f 6467 2358 6470
f 6470 328 2307
f 6469 2307 2308
f 6468 2308 2309
f 2364 2309 329
f 2365 6468 2364
f 6462 2365 2366
f 6471 6475 6474
f 6472 6476 6475
f 6475 6477 6474
f 6476 6478 6475
f 322 6471 2369
f 2246 6472 6471
f 2245 6473 6472
f 2244 2363 6473
f 6473 2362 6476
f 2362 6479 6476
f 2361 2331 6479
f 6479 2332 6478
f 6478 2333 6477
f 6477 337 2367
f 6474 2367 2368
f 2369 6474 2368
f 6481 6483 6480
f 6482 6484 6481
f 6483 6487 6486
f 6484 6488 6487
f 2225 2372 315
f 2224 6480 2225
f 2223 6481 2224
f 314 6482 2223
f 2366 6485 6482
f 6485 2364 6488
f 6488 329 2310
f 6487 2310 2311
f 6486 2311 2312
f 2370 2312 330
f 2371 6486 2370
f 6480 2371 2372
f 6490 6492 6489
f 6491 6493 6490
f 6492 6496 6495
f 6493 6497 6496
f 2249 2375 323
f 2248 6489 2249
f 2247 6490 2248
f 322 6491 2247
f 2369 6494 6491
f 6494 2367 6497
f 6497 337 2334
f 6496 2334 2335
f 6495 2335 2336
f 2373 2336 338
f 2374 6495 2373
f 6489 2374 2375
f 6499 6501 6498
f 6500 6502 6499
f 6501 6505 6504
f 6502 6506 6505
f 316 6498 2378
f 2227 6498 2228
f 2226 6499 2227
f 315 6500 2226
f 2372 6503 6500
f 6503 2370 6506
f 6506 330 2313
f 6505 2313 2314
f 6504 2314 2315
f 2376 2315 331
f 2377 6504 2376
f 6498 2377 2378
f 6508 6507 6513
f 6511 6509 6510
f 6512 6507 6511
f 309 6508 2381
f 3377 6509 6508
f 2381 6513 2380
f 3381 3375 82
f 3382 6510 3381
f 6510 3376 3375
f 324 6512 3383
f 2379 6513 6512
f 3383 6511 3382
f 6516 6520 6515
f 6517 6514 6516
f 6519 6514 6518
f 3380 3386 308
f 3379 6515 3380
f 6515 3385 3386
f 323 6517 3378
f 2375 6518 6517
f 3378 6516 3379
f 338 6519 2373
f 3384 6520 6519
f 2373 6518 2374
f 6521 6525 6524
f 6522 6526 6525
f 6525 6527 6524
f 6526 6528 6525
f 317 6521 2340
f 2231 6522 6521
f 2230 6523 6522
f 316 6523 2229
f 2378 6526 6523
f 2377 6529 6526
f 2376 2316 6529
f 6529 2317 6528
f 6528 2318 6527
f 6527 332 2342
f 6524 2342 2341
f 2340 6524 2341
f 6530 6534 6533
f 6531 6535 6534
f 6534 6536 6533
f 6535 6537 6534
f 310 6530 2346
f 2210 6531 6530
f 2209 6532 6531
f 2208 2381 6532
f 6532 2380 6535
f 2380 6538 6535
f 2379 2295 6538
f 6538 2296 6537
f 6537 2297 6536
f 6536 325 2348
f 6533 2348 2347
f 2346 6533 2347
f 6539 6543 6542
f 6540 6544 6543
f 6543 6545 6542
f 6544 6546 6543
f 337 6539 2426
f 2333 6540 6539
f 2332 6541 6540
f 2331 2427 6541
f 6541 2428 6544
f 2428 6547 6544
f 2429 2418 6547
f 6547 2419 6546
f 6546 2420 6545
f 6545 352 2424
f 6542 2424 2425
f 2426 6542 2425
f 6549 6551 6548
f 6550 6552 6549
f 6551 6555 6554
f 6552 6556 6555
f 2312 2432 330
f 2311 6548 2312
f 2310 6549 2311
f 329 6550 2310
f 2433 6553 6550
f 6553 2435 6556
f 6556 344 2397
f 6555 2397 2398
f 6554 2398 2399
f 2430 2399 345
f 2431 6554 2430
f 6548 2431 2432
f 6558 6560 6557
f 6559 6561 6558
f 6560 6564 6563
f 6561 6565 6564
f 2336 2438 338
f 2335 6557 2336
f 2334 6558 2335
f 337 6559 2334
f 2426 6562 6559
f 6562 2424 6565
f 6565 352 2421
f 6564 2421 2422
f 6563 2422 2423
f 2436 2423 353
f 2437 6563 2436
f 6557 2437 2438
f 6567 6569 6566
f 6568 6570 6567
f 6569 6573 6572
f 6570 6574 6573
f 2315 2441 331
f 2314 6566 2315
f 2313 6567 2314
f 330 6568 2313
f 2432 6571 6568
f 6571 2430 6574
f 6574 345 2400
f 6573 2400 2401
f 6572 2401 2402
f 2439 2402 346
f 2440 6572 2439
f 6566 2440 2441
f 6576 6575 6581
f 6579 6577 6578
f 6580 6575 6579
f 324 6576 2444
f 3383 6577 6576
f 2444 6581 2443
f 3387 3381 82
f 3388 6578 3387
f 6578 3382 3381
f 339 6580 3389
f 2442 6581 6580
f 3389 6579 3388
f 6584 6588 6583
f 6585 6582 6584
f 6587 6582 6586
f 3386 3392 308
f 3385 6583 3386
f 6583 3391 3392
f 338 6585 3384
f 2438 6586 6585
f 3384 6584 3385
f 353 6587 2436
f 3390 6588 6587
f 2436 6586 2437
f 6589 6593 6592
f 6590 6594 6593
f 6593 6595 6592
f 6594 6596 6593
f 332 6589 2447
f 2318 6590 6589
f 2317 6591 6590
f 2316 2441 6591
f 6591 2440 6594
f 2440 6597 6594
f 2439 2403 6597
f 6597 2404 6596
f 6596 2405 6595
f 6595 347 2445
f 6592 2445 2446
f 2447 6592 2446
f 6598 6602 6601
f 6599 6603 6602
f 6602 6604 6601
f 6603 6605 6602
f 325 6598 2450
f 2297 6599 6598
f 2296 6600 6599
f 2295 2444 6600
f 6600 2443 6603
f 2443 6606 6603
f 2442 2382 6606
f 6606 2383 6605
f 6605 2384 6604
f 6604 340 2448
f 6601 2448 2449
f 2450 6601 2449
f 6607 6611 6610
f 6608 6612 6611
f 6611 6613 6610
f 6612 6614 6611
f 333 6607 2453
f 2321 6608 6607
f 2320 6609 6608
f 2319 2447 6609
f 6609 2446 6612
f 2446 6615 6612
f 2445 2406 6615
f 6615 2407 6614
f 6614 2408 6613
f 6613 348 2451
f 6610 2451 2452
f 2453 6610 2452
f 6617 6619 6616
f 6618 6620 6617
f 6619 6623 6622
f 6620 6624 6623
f 2300 2456 326
f 2299 6616 2300
f 2298 6617 2299
f 325 6618 2298
f 2450 6621 6618
f 6621 2448 6624
f 6624 340 2385
f 6623 2385 2386
f 6622 2386 2387
f 2454 2387 341
f 2455 6622 2454
f 6616 2455 2456
f 6625 6629 6628
f 6626 6630 6629
f 6629 6631 6628
f 6630 6632 6629
f 334 6625 2459
f 2324 6626 6625
f 2323 6627 6626
f 2322 2453 6627
f 6627 2452 6630
f 2452 6633 6630
f 2451 2409 6633
f 6633 2410 6632
f 6632 2411 6631
f 6631 349 2457
f 6628 2457 2458
f 2459 6628 2458
f 6635 6637 6634
f 6636 6638 6635
f 6637 6641 6640
f 6638 6642 6641
f 2303 2462 327
f 2302 6634 2303
f 2301 6635 2302
f 326 6636 2301
f 2456 6639 6636
f 6639 2454 6642
f 6642 341 2388
f 6641 2388 2389
f 6640 2389 2390
f 2460 2390 342
f 2461 6640 2460
f 6634 2461 2462
f 6643 6647 6646
f 6644 6648 6647
f 6647 6649 6646
f 6648 6650 6647
f 335 6643 2465
f 2327 6644 6643
f 2326 6645 6644
f 2325 2459 6645
f 6645 2458 6648
f 2458 6651 6648
f 2457 2412 6651
f 6651 2413 6650
f 6650 2414 6649
f 6649 350 2463
f 6646 2463 2464
f 2465 6646 2464
f 6653 6655 6652
f 6654 6656 6653
f 6655 6659 6658
f 6656 6660 6659
f 2306 2468 328
f 2305 6652 2306
f 2304 6653 2305
f 327 6654 2304
f 2462 6657 6654
f 6657 2460 6660
f 6660 342 2391
f 6659 2391 2392
f 6658 2392 2393
f 2466 2393 343
f 2467 6658 2466
f 6652 2467 2468
f 6661 6665 6664
f 6662 6666 6665
f 6665 6667 6664
f 6666 6668 6665
f 336 6661 2427
f 2330 6662 6661
f 2329 6663 6662
f 2328 2465 6663
f 6663 2464 6666
f 2464 6669 6666
f 2463 2415 6669
f 6669 2416 6668
f 6668 2417 6667
f 6667 351 2429
f 6664 2429 2428
f 2427 6664 2428
f 6671 6673 6670
f 6672 6674 6671
f 6673 6677 6676
f 6674 6678 6677
f 2309 2433 329
f 2308 6670 2309
f 2307 6671 2308
f 328 6672 2307
f 2468 6675 6672
f 6675 2466 6678
f 6678 343 2394
f 6677 2394 2395
f 6676 2395 2396
f 2435 2396 344
f 2434 6676 2435
f 6670 2434 2433
f 6680 6682 6679
f 6681 6683 6680
f 6682 6686 6685
f 6683 6687 6686
f 2387 2513 341
f 2386 6679 2387
f 2385 6680 2386
f 340 6681 2385
f 2514 6684 6681
f 6684 2516 6687
f 6687 355 2472
f 6686 2472 2473
f 6685 2473 2474
f 2511 2474 356
f 2512 6685 2511
f 6679 2512 2513
f 6688 6692 6691
f 6689 6693 6692
f 6692 6694 6691
f 6693 6695 6692
f 349 6688 2519
f 2411 6689 6688
f 2410 6690 6689
f 2409 2520 6690
f 6690 2521 6693
f 2521 6696 6693
f 2522 2496 6696
f 6696 2497 6695
f 6695 2498 6694
f 6694 364 2517
f 6691 2517 2518
f 2519 6691 2518
f 6698 6700 6697
f 6699 6701 6698
f 6700 6704 6703
f 6701 6705 6704
f 2390 2525 342
f 2389 6697 2390
f 2388 6698 2389
f 341 6699 2388
f 2513 6702 6699
f 6702 2511 6705
f 6705 356 2475
f 6704 2475 2476
f 6703 2476 2477
f 2523 2477 357
f 2524 6703 2523
f 6697 2524 2525
f 6706 6710 6709
f 6707 6711 6710
f 6710 6712 6709
f 6711 6713 6710
f 350 6706 2528
f 2414 6707 6706
f 2413 6708 6707
f 2412 2519 6708
f 6708 2518 6711
f 2518 6714 6711
f 2517 2499 6714
f 6714 2500 6713
f 6713 2501 6712
f 6712 365 2526
f 6709 2526 2527
f 2528 6709 2527
f 6716 6718 6715
f 6717 6719 6716
f 6718 6722 6721
f 6719 6723 6722
f 2393 2531 343
f 2392 6715 2393
f 2391 6716 2392
f 342 6717 2391
f 2525 6720 6717
f 6720 2523 6723
f 6723 357 2478
f 6722 2478 2479
f 6721 2479 2480
f 2529 2480 358
f 2530 6721 2529
f 6715 2530 2531
f 6724 6728 6727
f 6725 6729 6728
f 6728 6730 6727
f 6729 6731 6728
f 351 6724 2534
f 2417 6725 6724
f 2416 6726 6725
f 2415 2528 6726
f 6726 2527 6729
f 2527 6732 6729
f 2526 2502 6732
f 6732 2503 6731
f 6731 2504 6730
f 6730 366 2532
f 6727 2532 2533
f 2534 6727 2533
f 6734 6736 6733
f 6735 6737 6734
f 6736 6740 6739
f 6737 6741 6740
f 2396 2537 344
f 2395 6733 2396
f 2394 6734 2395
f 343 6735 2394
f 2531 6738 6735
f 6738 2529 6741
f 6741 358 2481
f 6740 2481 2482
f 6739 2482 2483
f 2535 2483 359
f 2536 6739 2535
f 6733 2536 2537
f 6742 6746 6745
f 6743 6747 6746
f 6746 6748 6745
f 6747 6749 6746
f 352 6742 2540
f 2420 6743 6742
f 2419 6744 6743
f 2418 2534 6744
f 6744 2533 6747
f 2533 6750 6747
f 2532 2505 6750
f 6750 2506 6749
f 6749 2507 6748
f 6748 367 2538
f 6745 2538 2539
f 2540 6745 2539
f 6752 6754 6751
f 6753 6755 6752
f 6754 6758 6757
f 6755 6759 6758
f 2399 2543 345
f 2398 6751 2399
f 2397 6752 2398
f 344 6753 2397
f 2537 6756 6753
f 6756 2535 6759
f 6759 359 2484
f 6758 2484 2485
f 6757 2485 2486
f 2541 2486 360
f 2542 6757 2541
f 6751 2542 2543
f 6761 6763 6760
f 6762 6764 6761
f 6763 6767 6766
f 6764 6768 6767
f 2423 2546 353
f 2422 6760 2423
f 2421 6761 2422
f 352 6762 2421
f 2540 6765 6762
f 6765 2538 6768
f 6768 367 2508
f 6767 2508 2509
f 6766 2509 2510
f 2544 2510 368
f 2545 6766 2544
f 6760 2545 2546
f 6770 6772 6769
f 6771 6773 6770
f 6772 6776 6775
f 6773 6777 6776
f 2402 2549 346
f 2401 6769 2402
f 2400 6770 2401
f 345 6771 2400
f 2543 6774 6771
f 6774 2541 6777
f 6777 360 2487
f 6776 2487 2488
f 6775 2488 2489
f 2547 2489 361
f 2548 6775 2547
f 6769 2548 2549
f 6779 6778 6784
f 6782 6780 6781
f 6783 6778 6782
f 339 6779 2552
f 3389 6780 6779
f 2552 6784 2551
f 3393 3387 82
f 3394 6781 3393
f 6781 3388 3387
f 354 6783 3395
f 2550 6784 6783
f 3395 6782 3394
f 6787 6791 6786
f 6788 6785 6787
f 6790 6785 6789
f 3392 3398 308
f 3391 6786 3392
f 6786 3397 3398
f 353 6788 3390
f 2546 6789 6788
f 3390 6787 3391
f 368 6790 2544
f 3396 6791 6790
f 2544 6789 2545
f 6792 6796 6795
f 6793 6797 6796
f 6796 6798 6795
f 6797 6799 6796
f 347 6792 2555
f 2405 6793 6792
f 2404 6794 6793
f 2403 2549 6794
f 6794 2548 6797
f 2548 6800 6797
f 2547 2490 6800
f 6800 2491 6799
f 6799 2492 6798
f 6798 362 2553
f 6795 2553 2554
f 2555 6795 2554
f 6801 6805 6804
f 6802 6806 6805
f 6805 6807 6804
f 6806 6808 6805
f 340 6801 2514
f 2384 6802 6801
f 2383 6803 6802
f 2382 2552 6803
f 6803 2551 6806
f 2551 6809 6806
f 2550 2469 6809
f 6809 2470 6808
f 6808 2471 6807
f 6807 355 2516
f 6804 2516 2515
f 2514 6804 2515
f 6810 6814 6813
f 6811 6815 6814
f 6814 6816 6813
f 6815 6817 6814
f 348 6810 2520
f 2408 6811 6810
f 2407 6812 6811
f 2406 2555 6812
f 6812 2554 6815
f 2554 6818 6815
f 2553 2493 6818
f 6818 2494 6817
f 6817 2495 6816
f 6816 363 2522
f 6813 2522 2521
f 2520 6813 2521
f 6820 6822 6819
f 6821 6823 6820
f 6822 6826 6825
f 6823 6827 6826
f 2486 2600 360
f 2485 6819 2486
f 2484 6820 2485
f 359 6821 2484
f 2601 6824 6821
f 6824 2603 6827
f 6827 374 2571
f 6826 2571 2572
f 6825 2572 2573
f 2598 2573 375
f 2599 6825 2598
f 6819 2599 2600
f 6829 6831 6828
f 6830 6832 6829
f 6831 6835 6834
f 6832 6836 6835
f 2510 2606 368
f 2509 6828 2510
f 2508 6829 2509
f 367 6830 2508
f 2607 6833 6830
f 6833 2609 6836
f 6836 382 2595
f 6835 2595 2596
f 6834 2596 2597
f 2604 2597 383
f 2605 6834 2604
f 6828 2605 2606
f 6838 6840 6837
f 6839 6841 6838
f 6840 6844 6843
f 6841 6845 6844
f 2489 2612 361
f 2488 6837 2489
f 2487 6838 2488
f 360 6839 2487
f 2600 6842 6839
f 6842 2598 6845
f 6845 375 2574
f 6844 2574 2575
f 6843 2575 2576
f 2610 2576 376
f 2611 6843 2610
f 6837 2611 2612
f 6847 6846 6852
f 6850 6848 6849
f 6851 6846 6850
f 354 6847 2615
f 3395 6848 6847
f 2615 6852 2614
f 3399 3393 82
f 3400 6849 3399
f 6849 3394 3393
f 369 6851 3401
f 2613 6852 6851
f 3401 6850 3400
f 6855 6859 6854
f 6856 6853 6855
f 6858 6853 6857
f 3398 3404 308
f 3397 6854 3398
f 6854 3403 3404
f 368 6856 3396
f 2606 6857 6856
f 3396 6855 3397
f 383 6858 2604
f 3402 6859 6858
f 2604 6857 2605
f 6860 6864 6863
f 6861 6865 6864
f 6864 6866 6863
f 6865 6867 6864
f 362 6860 2618
f 2492 6861 6860
f 2491 6862 6861
f 2490 2612 6862
f 6862 2611 6865
f 2611 6868 6865
f 2610 2577 6868
f 6868 2578 6867
f 6867 2579 6866
f 6866 377 2616
f 6863 2616 2617
f 2618 6863 2617
f 6869 6873 6872
f 6870 6874 6873
f 6873 6875 6872
f 6874 6876 6873
f 355 6869 2621
f 2471 6870 6869
f 2470 6871 6870
f 2469 2615 6871
f 6871 2614 6874
f 2614 6877 6874
f 2613 2556 6877
f 6877 2557 6876
f 6876 2558 6875
f 6875 370 2619
f 6872 2619 2620
f 2621 6872 2620
f 6878 6882 6881
f 6879 6883 6882
f 6882 6884 6881
f 6883 6885 6882
f 363 6878 2624
f 2495 6879 6878
f 2494 6880 6879
f 2493 2618 6880
f 6880 2617 6883
f 2617 6886 6883
f 2616 2580 6886
f 6886 2581 6885
f 6885 2582 6884
f 6884 378 2622
f 6881 2622 2623
f 2624 6881 2623
f 6888 6890 6887
f 6889 6891 6888
f 6890 6894 6893
f 6891 6895 6894
f 2474 2627 356
f 2473 6887 2474
f 2472 6888 2473
f 355 6889 2472
f 2621 6892 6889
f 6892 2619 6895
f 6895 370 2559
f 6894 2559 2560
f 6893 2560 2561
f 2625 2561 371
f 2626 6893 2625
f 6887 2626 2627
f 6896 6900 6899
f 6897 6901 6900
f 6900 6902 6899
f 6901 6903 6900
f 364 6896 2630
f 2498 6897 6896
f 2497 6898 6897
f 2496 2624 6898
f 6898 2623 6901
f 2623 6904 6901
f 2622 2583 6904
f 6904 2584 6903
f 6903 2585 6902
f 6902 379 2628
f 6899 2628 2629
f 2630 6899 2629
f 6906 6908 6905
f 6907 6909 6906
f 6908 6912 6911
f 6909 6913 6912
f 2477 2633 357
f 2476 6905 2477
f 2475 6906 2476
f 356 6907 2475
f 2627 6910 6907
f 6910 2625 6913
f 6913 371 2562
f 6912 2562 2563
f 6911 2563 2564
f 2631 2564 372
f 2632 6911 2631
f 6905 2632 2633
f 6914 6918 6917
f 6915 6919 6918
f 6918 6920 6917
f 6919 6921 6918
f 365 6914 2636
f 2501 6915 6914
f 2500 6916 6915
f 2499 2630 6916
f 6916 2629 6919
f 2629 6922 6919
f 2628 2586 6922
f 6922 2587 6921
f 6921 2588 6920
f 6920 380 2634
f 6917 2634 2635
f 2636 6917 2635
f 6924 6926 6923
f 6925 6927 6924
f 6926 6930 6929
f 6927 6931 6930
f 2480 2639 358
f 2479 6923 2480
f 2478 6924 2479
f 357 6925 2478
f 2633 6928 6925
f 6928 2631 6931
f 6931 372 2565
f 6930 2565 2566
f 6929 2566 2567
f 2637 2567 373
f 2638 6929 2637
f 6923 2638 2639
f 6932 6936 6935
f 6933 6937 6936
f 6936 6938 6935
f 6937 6939 6936
f 366 6932 2642
f 2504 6933 6932
f 2503 6934 6933
f 2502 2636 6934
f 6934 2635 6937
f 2635 6940 6937
f 2634 2589 6940
f 6940 2590 6939
f 6939 2591 6938
f 6938 381 2640
f 6935 2640 2641
f 2642 6935 2641
f 6942 6944 6941
f 6943 6945 6942
f 6944 6948 6947
f 6945 6949 6948
f 2483 2601 359
f 2482 6941 2483
f 2481 6942 2482
f 358 6943 2481
f 2639 6946 6943
f 6946 2637 6949
f 6949 373 2568
f 6948 2568 2569
f 6947 2569 2570
f 2603 2570 374
f 2602 6947 2603
f 6941 2602 2601
f 6950 6954 6953
f 6951 6955 6954
f 6954 6956 6953
f 6955 6957 6954
f 367 6950 2607
f 2507 6951 6950
f 2506 6952 6951
f 2505 2642 6952
f 6952 2641 6955
f 2641 6958 6955
f 2640 2592 6958
f 6958 2593 6957
f 6957 2594 6956
f 6956 382 2609
f 6953 2609 2608
f 2607 6953 2608
f 6959 6963 6962
f 6960 6964 6963
f 6963 6965 6962
f 6964 6966 6963
f 379 6959 2687
f 2585 6960 6959
f 2584 6961 6960
f 2583 2688 6961
f 6961 2689 6964
f 2689 6967 6964
f 2690 2670 6967
f 6967 2671 6966
f 6966 2672 6965
f 6965 394 2685
f 6962 2685 2686
f 2687 6962 2686
f 6969 6971 6968
f 6970 6972 6969
f 6971 6975 6974
f 6972 6976 6975
f 2564 2693 372
f 2563 6968 2564
f 2562 6969 2563
f 371 6970 2562
f 2694 6973 6970
f 6973 2696 6976
f 6976 386 2649
f 6975 2649 2650
f 6974 2650 2651
f 2691 2651 387
f 2692 6974 2691
f 6968 2692 2693
f 6977 6981 6980
f 6978 6982 6981
f 6981 6983 6980
f 6982 6984 6981
f 380 6977 2699
f 2588 6978 6977
f 2587 6979 6978
f 2586 2687 6979
f 6979 2686 6982
f 2686 6985 6982
f 2685 2673 6985
f 6985 2674 6984
f 6984 2675 6983
f 6983 395 2697
f 6980 2697 2698
f 2699 6980 2698
f 6987 6989 6986
f 6988 6990 6987
f 6989 6993 6992
f 6990 6994 6993
f 2567 2702 373
f 2566 6986 2567
f 2565 6987 2566
f 372 6988 2565
f 2693 6991 6988
f 6991 2691 6994
f 6994 387 2652
f 6993 2652 2653
f 6992 2653 2654
f 2700 2654 388
f 2701 6992 2700
f 6986 2701 2702
f 6995 6999 6998
f 6996 7000 6999
f 6999 7001 6998
f 7000 7002 6999
f 381 6995 2705
f 2591 6996 6995
f 2590 6997 6996
f 2589 2699 6997
f 6997 2698 7000
f 2698 7003 7000
f 2697 2676 7003
f 7003 2677 7002
f 7002 2678 7001
f 7001 396 2703
f 6998 2703 2704
f 2705 6998 2704
f 7005 7007 7004
f 7006 7008 7005
f 7007 7011 7010
f 7008 7012 7011
f 2570 2708 374
f 2569 7004 2570
f 2568 7005 2569
f 373 7006 2568
f 2702 7009 7006
f 7009 2700 7012
f 7012 388 2655
f 7011 2655 2656
f 7010 2656 2657
f 2706 2657 389
f 2707 7010 2706
f 7004 2707 2708
f 7013 7017 7016
f 7014 7018 7017
f 7017 7019 7016
f 7018 7020 7017
f 382 7013 2711
f 2594 7014 7013
f 2593 7015 7014
f 2592 2705 7015
f 7015 2704 7018
f 2704 7021 7018
f 2703 2679 7021
f 7021 2680 7020
f 7020 2681 7019
f 7019 397 2709
f 7016 2709 2710
f 2711 7016 2710
f 7023 7025 7022
f 7024 7026 7023
f 7025 7029 7028
f 7026 7030 7029
f 2573 2714 375
f 2572 7022 2573
f 2571 7023 2572
f 374 7024 2571
f 2708 7027 7024
f 7027 2706 7030
f 7030 389 2658
f 7029 2658 2659
f 7028 2659 2660
f 2712 2660 390
f 2713 7028 2712
f 7022 2713 2714
f 7032 7034 7031
f 7033 7035 7032
f 7034 7038 7037
f 7035 7039 7038
f 2597 2717 383
f 2596 7031 2597
f 2595 7032 2596
f 382 7033 2595
f 2711 7036 7033
f 7036 2709 7039
f 7039 397 2682
f 7038 2682 2683
f 7037 2683 2684
f 2715 2684 398
f 2716 7037 2715
f 7031 2716 2717
f 7041 7043 7040
f 7042 7044 7041
f 7043 7047 7046
f 7044 7048 7047
f 2576 2720 376
f 2575 7040 2576
f 2574 7041 2575
f 375 7042 2574
f 2714 7045 7042
f 7045 2712 7048
f 7048 390 2661
f 7047 2661 2662
f 7046 2662 2663
f 2718 2663 391
f 2719 7046 2718
f 7040 2719 2720
f 7050 7049 7055
f 7053 7051 7052
f 7054 7049 7053
f 369 7050 2723
f 3401 7051 7050
f 2723 7055 2722
f 3405 3399 82
f 3406 7052 3405
f 7052 3400 3399
f 384 7054 3407
f 2721 7055 7054
f 3407 7053 3406
f 7058 7062 7057
f 7059 7056 7058
f 7061 7056 7060
f 3404 3410 308
f 3403 7057 3404
f 7057 3409 3410
f 383 7059 3402
f 2717 7060 7059
f 3402 7058 3403
f 398 7061 2715
f 3408 7062 7061
f 2715 7060 2716
f 7063 7067 7066
f 7064 7068 7067
f 7067 7069 7066
f 7068 7070 7067
f 377 7063 2726
f 2579 7064 7063
f 2578 7065 7064
f 2577 2720 7065
f 2720 7068 7065
f 2719 7071 7068
f 2718 2664 7071
f 7071 2665 7070
f 7070 2666 7069
f 7069 392 2724
f 7066 2724 2725
f 2726 7066 2725
f 7072 7076 7075
f 7073 7077 7076
f 7076 7078 7075
f 7077 7079 7076
f 370 7072 2729
f 2558 7073 7072
f 2557 7074 7073
f 2556 2723 7074
f 7074 2722 7077
f 2722 7080 7077
f 2721 2643 7080
f 7080 2644 7079
f 7079 2645 7078
f 7078 385 2727
f 7075 2727 2728
f 2729 7075 2728
f 7081 7085 7084
f 7082 7086 7085
f 7085 7087 7084
f 7086 7088 7085
f 378 7081 2688
f 2582 7082 7081
f 2581 7083 7082
f 2580 2726 7083
f 7083 2725 7086
f 2725 7089 7086
f 2724 2667 7089
f 7089 2668 7088
f 7088 2669 7087
f 7087 393 2690
f 7084 2690 2689
f 2688 7084 2689
f 7091 7093 7090
f 7092 7094 7091
f 7093 7097 7096
f 7094 7098 7097
f 2561 2694 371
f 2560 7090 2561
f 2559 7091 2560
f 370 7092 2559
f 2729 7095 7092
f 7095 2727 7098
f 7098 385 2646
f 7097 2646 2647
f 7096 2647 2648
f 2696 2648 386
f 2695 7096 2696
f 7090 2695 2694
f 7100 7102 7099
f 7101 7103 7100
f 7102 7106 7105
f 7103 7107 7106
f 2684 2774 398
f 2683 7099 2684
f 2682 7100 2683
f 397 7101 2682
f 2775 7104 7101
f 7104 2777 7107
f 7107 412 2769
f 7106 2769 2770
f 7105 2770 2771
f 2772 2771 413
f 2773 7105 2772
f 7099 2773 2774
f 7109 7111 7108
f 7110 7112 7109
f 7111 7115 7114
f 7112 7116 7115
f 2663 2780 391
f 2662 7108 2663
f 2661 7109 2662
f 390 7110 2661
f 2781 7113 7110
f 7113 2783 7116
f 7116 405 2748
f 7115 2748 2749
f 7114 2749 2750
f 2778 2750 406
f 2779 7114 2778
f 7108 2779 2780
f 7118 7117 7123
f 7121 7119 7120
f 7122 7117 7121
f 384 7118 2786
f 3407 7119 7118
f 2786 7123 2785
f 3411 3405 82
f 3412 7120 3411
f 7120 3406 3405
f 399 7122 3413
f 2784 7123 7122
f 3413 7121 3412
f 7126 7130 7125
f 7127 7124 7126
f 7129 7124 7128
f 3410 3416 308
f 3409 7125 3410
f 7125 3415 3416
f 398 7127 3408
f 2774 7128 7127
f 3408 7126 3409
f 413 7129 2772
f 3414 7130 7129
f 2772 7128 2773
f 7131 7135 7134
f 7132 7136 7135
f 7135 7137 7134
f 7136 7138 7135
f 392 7131 2789
f 2666 7132 7131
f 2665 7133 7132
f 2664 2780 7133
f 7133 2779 7136
f 2779 7139 7136
f 2778 2751 7139
f 7139 2752 7138
f 7138 2753 7137
f 7137 407 2787
f 7134 2787 2788
f 2789 7134 2788
f 7140 7144 7143
f 7141 7145 7144
f 7144 7146 7143
f 7145 7147 7144
f 385 7140 2792
f 2645 7141 7140
f 2644 7142 7141
f 2643 2786 7142
f 7142 2785 7145
f 2785 7148 7145
f 2784 2730 7148
f 7148 2731 7147
f 7147 2732 7146
f 7146 400 2790
f 7143 2790 2791
f 2792 7143 2791
f 7149 7153 7152
f 7150 7154 7153
f 7153 7155 7152
f 7154 7156 7153
f 393 7149 2795
f 2669 7150 7149
f 2668 7151 7150
f 2667 2789 7151
f 7151 2788 7154
f 2788 7157 7154
f 2787 2754 7157
f 7157 2755 7156
f 7156 2756 7155
f 7155 408 2793
f 7152 2793 2794
f 2795 7152 2794
f 7159 7161 7158
f 7160 7162 7159
f 7161 7165 7164
f 7162 7166 7165
f 2648 2798 386
f 2647 7158 2648
f 2646 7159 2647
f 385 7160 2646
f 2792 7163 7160
f 7163 2790 7166
f 7166 400 2733
f 7165 2733 2734
f 7164 2734 2735
f 2796 2735 401
f 2797 7164 2796
f 7158 2797 2798
f 7167 7171 7170
f 7168 7172 7171
f 7171 7173 7170
f 7172 7174 7171
f 394 7167 2801
f 2672 7168 7167
f 2671 7169 7168
f 2670 2795 7169
f 7169 2794 7172
f 2794 7175 7172
f 2793 2757 7175
f 7175 2758 7174
f 7174 2759 7173
f 7173 409 2799
f 7170 2799 2800
f 2801 7170 2800
f 7177 7179 7176
f 7178 7180 7177
f 7179 7183 7182
f 7180 7184 7183
f 2651 2804 387
f 2650 7176 2651
f 2649 7177 2650
f 386 7178 2649
f 2798 7181 7178
f 7181 2796 7184
f 7184 401 2736
f 7183 2736 2737
f 7182 2737 2738
f 2802 2738 402
f 2803 7182 2802
f 7176 2803 2804
f 7185 7189 7188
f 7186 7190 7189
f 7189 7191 7188
f 7190 7192 7189
f 395 7185 2807
f 2675 7186 7185
f 2674 7187 7186
f 2673 2801 7187
f 7187 2800 7190
f 2800 7193 7190
f 2799 2760 7193
f 7193 2761 7192
f 7192 2762 7191
f 7191 410 2805
f 7188 2805 2806
f 2807 7188 2806
f 7195 7197 7194
f 7196 7198 7195
f 7197 7201 7200
f 7198 7202 7201
f 2654 2810 388
f 2653 7194 2654
f 2652 7195 2653
f 387 7196 2652
f 2804 7199 7196
f 7199 2802 7202
f 7202 402 2739
f 7201 2739 2740
f 7200 2740 2741
f 2808 2741 403
f 2809 7200 2808
f 7194 2809 2810
f 7203 7207 7206
f 7204 7208 7207
f 7207 7209 7206
f 7208 7210 7207
f 396 7203 2813
f 2678 7204 7203
f 2677 7205 7204
f 2676 2807 7205
f 7205 2806 7208
f 2806 7211 7208
f 2805 2763 7211
f 7211 2764 7210
f 7210 2765 7209
f 7209 411 2811
f 7206 2811 2812
f 2813 7206 2812
f 7213 7215 7212
f 7214 7216 7213
f 7215 7219 7218
f 7216 7220 7219
f 2657 2816 389
f 2656 7212 2657
f 2655 7213 2656
f 388 7214 2655
f 2810 7217 7214
f 7217 2808 7220
f 7220 403 2742
f 7219 2742 2743
f 7218 2743 2744
f 2814 2744 404
f 2815 7218 2814
f 7212 2815 2816
f 7221 7225 7224
f 7222 7226 7225
f 7225 7227 7224
f 7226 7228 7225
f 397 7221 2775
f 2681 7222 7221
f 2680 7223 7222
f 2679 2813 7223
f 7223 2812 7226
f 2812 7229 7226
f 2811 2766 7229
f 7229 2767 7228
f 7228 2768 7227
f 7227 412 2777
f 7224 2777 2776
f 2775 7224 2776
f 7231 7233 7230
f 7232 7234 7231
f 7233 7237 7236
f 7234 7238 7237
f 2660 2781 390
f 2659 7230 2660
f 2658 7231 2659
f 389 7232 2658
f 2816 7235 7232
f 7235 2814 7238
f 7238 404 2745
f 7237 2745 2746
f 7236 2746 2747
f 2783 2747 405
f 2782 7236 2783
f 7230 2782 2781
f 7239 7243 7242
f 7240 7244 7243
f 7243 7245 7242
f 7244 7246 7243
f 410 7239 2861
f 2762 7240 7239
f 2761 7241 7240
f 2760 2862 7241
f 7241 2863 7244
f 2863 7247 7244
f 2864 2847 7247
f 7247 2848 7246
f 7246 2849 7245
f 7245 425 2859
f 7242 2859 2860
f 2861 7242 2860
f 7249 7251 7248
f 7250 7252 7249
f 7251 7255 7254
f 7252 7256 7255
f 2741 2867 403
f 2740 7248 2741
f 2739 7249 2740
f 402 7250 2739
f 2868 7253 7250
f 7253 2870 7256
f 7256 417 2826
f 7255 2826 2827
f 7254 2827 2828
f 2865 2828 418
f 2866 7254 2865
f 7248 2866 2867
f 7257 7261 7260
f 7258 7262 7261
f 7261 7263 7260
f 7262 7264 7261
f 411 7257 2873
f 2765 7258 7257
f 2764 7259 7258
f 2763 2861 7259
f 7259 2860 7262
f 2860 7265 7262
f 2859 2850 7265
f 7265 2851 7264
f 7264 2852 7263
f 7263 426 2871
f 7260 2871 2872
f 2873 7260 2872
f 7267 7269 7266
f 7268 7270 7267
f 7269 7273 7272
f 7270 7274 7273
f 2744 2876 404
f 2743 7266 2744
f 2742 7267 2743
f 403 7268 2742
f 2867 7271 7268
f 7271 2865 7274
f 7274 418 2829
f 7273 2829 2830
f 7272 2830 2831
f 2874 2831 419
f 2875 7272 2874
f 7266 2875 2876
f 7275 7279 7278
f 7276 7280 7279
f 7279 7281 7278
f 7280 7282 7279
f 412 7275 2879
f 2768 7276 7275
f 2767 7277 7276
f 2766 2873 7277
f 7277 2872 7280
f 2872 7283 7280
f 2871 2853 7283
f 7283 2854 7282
f 7282 2855 7281
f 7281 427 2877
f 7278 2877 2878
f 2879 7278 2878
f 7285 7287 7284
f 7286 7288 7285
f 7287 7291 7290
f 7288 7292 7291
f 2747 2882 405
f 2746 7284 2747
f 2745 7285 2746
f 404 7286 2745
f 2876 7289 7286
f 7289 2874 7292
f 7292 419 2832
f 7291 2832 2833
f 7290 2833 2834
f 2880 2834 420
f 2881 7290 2880
f 7284 2881 2882
f 7294 7296 7293
f 7295 7297 7294
f 7296 7300 7299
f 7297 7301 7300
f 2771 2885 413
f 2770 7293 2771
f 2769 7294 2770
f 412 7295 2769
f 2879 7298 7295
f 7298 2877 7301
f 7301 427 2856
f 7300 2856 2857
f 7299 2857 2858
f 2883 2858 428
f 2884 7299 2883
f 7293 2884 2885
f 7303 7305 7302
f 7304 7306 7303
f 7305 7309 7308
f 7306 7310 7309
f 2750 2888 406
f 2749 7302 2750
f 2748 7303 2749
f 405 7304 2748
f 2882 7307 7304
f 7307 2880 7310
f 7310 420 2835
f 7309 2835 2836
f 7308 2836 2837
f 2886 2837 421
f 2887 7308 2886
f 7302 2887 2888
f 7312 7311 7317
f 7315 7313 7314
f 7316 7311 7315
f 399 7312 2891
f 3413 7313 7312
f 2891 7317 2890
f 3417 3411 82
f 3418 7314 3417
f 7314 3412 3411
f 414 7316 3419
f 2889 7317 7316
f 3419 7315 3418
f 7320 7324 7319
f 7321 7318 7320
f 7323 7318 7322
f 3416 3422 308
f 3415 7319 3416
f 7319 3421 3422
f 413 7321 3414
f 2885 7322 7321
f 3414 7320 3415
f 428 7323 2883
f 3420 7324 7323
f 2883 7322 2884
f 7325 7329 7328
f 7326 7330 7329
f 7329 7331 7328
f 7330 7332 7329
f 407 7325 2894
f 2753 7326 7325
f 2752 7327 7326
f 2751 2888 7327
f 2888 7330 7327
f 2887 7333 7330
f 2886 2838 7333
f 7333 2839 7332
f 7332 2840 7331
f 7331 422 2892
f 7328 2892 2893
f 2894 7328 2893
f 7334 7338 7337
f 7335 7339 7338
f 7338 7340 7337
f 7339 7341 7338
f 400 7334 2897
f 2732 7335 7334
f 2731 7336 7335
f 2730 2891 7336
f 7336 2890 7339
f 2890 7342 7339
f 2889 2817 7342
f 7342 2818 7341
f 7341 2819 7340
f 7340 415 2895
f 7337 2895 2896
f 2897 7337 2896
f 7343 7347 7346
f 7344 7348 7347
f 7347 7349 7346
f 7348 7350 7347
f 408 7343 2900
f 2756 7344 7343
f 2755 7345 7344
f 2754 2894 7345
f 7345 2893 7348
f 2893 7351 7348
f 2892 2841 7351
f 7351 2842 7350
f 7350 2843 7349
f 7349 423 2898
f 7346 2898 2899
f 2900 7346 2899
f 7353 7355 7352
f 7354 7356 7353
f 7355 7359 7358
f 7356 7360 7359
f 2735 2903 401
f 2734 7352 2735
f 2733 7353 2734
f 400 7354 2733
f 2897 7357 7354
f 7357 2895 7360
f 7360 415 2820
f 7359 2820 2821
f 7358 2821 2822
f 2901 2822 416
f 2902 7358 2901
f 7352 2902 2903
f 7361 7365 7364
f 7362 7366 7365
f 7365 7367 7364
f 7366 7368 7365
f 409 7361 2862
f 2759 7362 7361
f 2758 7363 7362
f 2757 2900 7363
f 7363 2899 7366
f 2899 7369 7366
f 2898 2844 7369
f 7369 2845 7368
f 7368 2846 7367
f 7367 424 2864
f 7364 2864 2863
f 2862 7364 2863
f 7371 7373 7370
f 7372 7374 7371
f 7373 7377 7376
f 7374 7378 7377
f 2738 2868 402
f 2737 7370 2738
f 2736 7371 2737
f 401 7372 2736
f 2903 7375 7372
f 7375 2901 7378
f 7378 416 2823
f 7377 2823 2824
f 7376 2824 2825
f 2870 2825 417
f 2869 7376 2870
f 7370 2869 2868
f 7380 7379 7385
f 7383 7381 7382
f 7384 7379 7383
f 414 7380 2948
f 3419 7381 7380
f 2948 7385 2947
f 3423 3417 82
f 3424 7382 3423
f 7382 3418 3417
f 429 7384 3425
f 2946 7385 7384
f 3425 7383 3424
f 7388 7392 7387
f 7389 7386 7388
f 7391 7386 7390
f 3422 3428 308
f 3421 7387 3422
f 7387 3427 3428
f 428 7389 3420
f 2949 7390 7389
f 3420 7388 3421
f 443 7391 2951
f 3426 7392 7391
f 2951 7390 2950
f 7393 7397 7396
f 7394 7398 7397
f 7397 7399 7396
f 7398 7400 7397
f 422 7393 2954
f 2840 7394 7393
f 2839 7395 7394
f 2838 2955 7395
f 7395 2956 7398
f 2956 7401 7398
f 2957 2925 7401
f 7401 2926 7400
f 7400 2927 7399
f 7399 437 2952
f 7396 2952 2953
f 2954 7396 2953
f 7402 7406 7405
f 7403 7407 7406
f 7406 7408 7405
f 7407 7409 7406
f 415 7402 2960
f 2819 7403 7402
f 2818 7404 7403
f 2817 2948 7404
f 7404 2947 7407
f 2947 7410 7407
f 2946 2904 7410
f 7410 2905 7409
f 7409 2906 7408
f 7408 430 2958
f 7405 2958 2959
f 2960 7405 2959
f 7411 7415 7414
f 7412 7416 7415
f 7415 7417 7414
f 7416 7418 7415
f 423 7411 2963
f 2843 7412 7411
f 2842 7413 7412
f 2841 2954 7413
f 7413 2953 7416
f 2953 7419 7416
f 2952 2928 7419
f 7419 2929 7418
f 7418 2930 7417
f 7417 438 2961
f 7414 2961 2962
f 2963 7414 2962
f 7421 7423 7420
f 7422 7424 7421
f 7423 7427 7426
f 7424 7428 7427
f 2822 2966 416
f 2821 7420 2822
f 2820 7421 2821
f 415 7422 2820
f 2960 7425 7422
f 7425 2958 7428
f 7428 430 2907
f 7427 2907 2908
f 7426 2908 2909
f 2964 2909 431
f 2965 7426 2964
f 7420 2965 2966
f 7429 7433 7432
f 7430 7434 7433
f 7433 7435 7432
f 7434 7436 7433
f 424 7429 2969
f 2846 7430 7429
f 2845 7431 7430
f 2844 2963 7431
f 7431 2962 7434
f 2962 7437 7434
f 2961 2931 7437
f 7437 2932 7436
f 7436 2933 7435
f 7435 439 2967
f 7432 2967 2968
f 2969 7432 2968
f 7439 7441 7438
f 7440 7442 7439
f 7441 7445 7444
f 7442 7446 7445
f 2825 2972 417
f 2824 7438 2825
f 2823 7439 2824
f 416 7440 2823
f 2966 7443 7440
f 7443 2964 7446
f 7446 431 2910
f 7445 2910 2911
f 7444 2911 2912
f 2970 2912 432
f 2971 7444 2970
f 7438 2971 2972
f 7447 7451 7450
f 7448 7452 7451
f 7451 7453 7450
f 7452 7454 7451
f 425 7447 2975
f 2849 7448 7447
f 2848 7449 7448
f 2847 2969 7449
f 7449 2968 7452
f 2968 7455 7452
f 2967 2934 7455
f 7455 2935 7454
f 7454 2936 7453
f 7453 440 2973
f 7450 2973 2974
f 2975 7450 2974
f 7457 7459 7456
f 7458 7460 7457
f 7459 7463 7462
f 7460 7464 7463
f 2828 2978 418
f 2827 7456 2828
f 2826 7457 2827
f 417 7458 2826
f 2972 7461 7458
f 7461 2970 7464
f 7464 432 2913
f 7463 2913 2914
f 7462 2914 2915
f 2976 2915 433
f 2977 7462 2976
f 7456 2977 2978
f 7465 7469 7468
f 7466 7470 7469
f 7469 7471 7468
f 7470 7472 7469
f 426 7465 2981
f 2852 7466 7465
f 2851 7467 7466
f 2850 2975 7467
f 7467 2974 7470
f 2974 7473 7470
f 2973 2937 7473
f 7473 2938 7472
f 7472 2939 7471
f 7471 441 2979
f 7468 2979 2980
f 2981 7468 2980
f 7475 7477 7474
f 7476 7478 7475
f 7477 7481 7480
f 7478 7482 7481
f 2831 2984 419
f 2830 7474 2831
f 2829 7475 2830
f 418 7476 2829
f 2978 7479 7476
f 7479 2976 7482
f 7482 433 2916
f 7481 2916 2917
f 7480 2917 2918
f 2982 2918 434
f 2983 7480 2982
f 7474 2983 2984
f 7483 7487 7486
f 7484 7488 7487
f 7487 7489 7486
f 7488 7490 7487
f 427 7483 2987
f 2855 7484 7483
f 2854 7485 7484
f 2853 2981 7485
f 7485 2980 7488
f 2980 7491 7488
f 2979 2940 7491
f 7491 2941 7490
f 7490 2942 7489
f 7489 442 2985
f 7486 2985 2986
f 2987 7486 2986
f 7493 7495 7492
f 7494 7496 7493
f 7495 7499 7498
f 7496 7500 7499
f 2834 2990 420
f 2833 7492 2834
f 2832 7493 2833
f 419 7494 2832
f 2984 7497 7494
f 7497 2982 7500
f 7500 434 2919
f 7499 2919 2920
f 7498 2920 2921
f 2988 2921 435
f 2989 7498 2988
f 7492 2989 2990
f 7502 7504 7501
f 7503 7505 7502
f 7504 7508 7507
f 7505 7509 7508
f 2858 2949 428
f 2857 7501 2858
f 2856 7502 2857
f 427 7503 2856
f 2987 7506 7503
f 7506 2985 7509
f 7509 442 2943
f 7508 2943 2944
f 7507 2944 2945
f 2951 2945 443
f 2950 7507 2951
f 7501 2950 2949
f 7511 7513 7510
f 7512 7514 7511
f 7513 7517 7516
f 7514 7518 7517
f 421 7510 2955
f 2836 7510 2837
f 2835 7511 2836
f 420 7512 2835
f 2990 7515 7512
f 7515 2988 7518
f 7518 435 2922
f 7517 2922 2923
f 7516 2923 2924
f 2957 2924 436
f 7513 2957 2956
f 7510 2956 2955
f 7520 7522 7519
f 7521 7523 7520
f 7522 7526 7525
f 7523 7527 7526
f 2915 3035 433
f 2914 7519 2915
f 2913 7520 2914
f 432 7521 2913
f 3036 7524 7521
f 7524 3038 7527
f 7527 447 3000
f 7526 3000 3001
f 7525 3001 3002
f 3033 3002 448
f 3034 7525 3033
f 7519 3034 3035
f 7528 7532 7531
f 7529 7533 7532
f 7532 7534 7531
f 7533 7535 7532
f 441 7528 3041
f 2939 7529 7528
f 2938 7530 7529
f 2937 3042 7530
f 7530 3043 7533
f 3043 7536 7533
f 3044 3024 7536
f 7536 3025 7535
f 7535 3026 7534
f 7534 456 3039
f 7531 3039 3040
f 3041 7531 3040
f 7538 7540 7537
f 7539 7541 7538
f 7540 7544 7543
f 7541 7545 7544
f 2918 3047 434
f 2917 7537 2918
f 2916 7538 2917
f 433 7539 2916
f 3035 7542 7539
f 7542 3033 7545
f 7545 448 3003
f 7544 3003 3004
f 7543 3004 3005
f 3045 3005 449
f 3046 7543 3045
f 7537 3046 3047
f 7546 7550 7549
f 7547 7551 7550
f 7550 7552 7549
f 7551 7553 7550
f 442 7546 3050
f 2942 7547 7546
f 2941 7548 7547
f 2940 3041 7548
f 7548 3040 7551
f 3040 7554 7551
f 3039 3027 7554
f 7554 3028 7553
f 7553 3029 7552
f 7552 457 3048
f 7549 3048 3049
f 3050 7549 3049
f 7556 7558 7555
f 7557 7559 7556
f 7558 7562 7561
f 7559 7563 7562
f 2921 3053 435
f 2920 7555 2921
f 2919 7556 2920
f 434 7557 2919
f 3047 7560 7557
f 7560 3045 7563
f 7563 449 3006
f 7562 3006 3007
f 7561 3007 3008
f 3051 3008 450
f 3052 7561 3051
f 7555 3052 3053
f 7565 7567 7564
f 7566 7568 7565
f 7567 7571 7570
f 7568 7572 7571
f 2945 3056 443
f 2944 7564 2945
f 2943 7565 2944
f 442 7566 2943
f 3050 7569 7566
f 7569 3048 7572
f 7572 457 3030
f 7571 3030 3031
f 7570 3031 3032
f 3054 3032 458
f 3055 7570 3054
f 7564 3055 3056
f 7574 7576 7573
f 7575 7577 7574
f 7576 7580 7579
f 7577 7581 7580
f 2924 3059 436
f 2923 7573 2924
f 2922 7574 2923
f 435 7575 2922
f 3053 7578 7575
f 7578 3051 7581
f 7581 450 3009
f 7580 3009 3010
f 7579 3010 3011
f 3057 3011 451
f 3058 7579 3057
f 3059 7576 3058
f 7583 7582 7588
f 7586 7584 7585
f 7587 7582 7586
f 429 7583 3062
f 3425 7584 7583
f 3062 7588 3061
f 3429 3423 82
f 3430 7585 3429
f 7585 3424 3423
f 444 7587 3431
f 3060 7588 7587
f 3431 7586 3430
f 7591 7595 7590
f 7592 7589 7591
f 7594 7589 7593
f 3428 3434 308
f 3427 7590 3428
f 7590 3433 3434
f 443 7592 3426
f 3056 7593 7592
f 3426 7591 3427
f 458 7594 3054
f 3432 7595 7594
f 3054 7593 3055
f 7596 7600 7599
f 7597 7601 7600
f 7600 7602 7599
f 7601 7603 7600
f 437 7596 3065
f 2927 7597 7596
f 2926 7598 7597
f 2925 3059 7598
f 7598 3058 7601
f 3058 7604 7601
f 3057 3012 7604
f 7604 3013 7603
f 7603 3014 7602
f 7602 452 3063
f 7599 3063 3064
f 3065 7599 3064
f 7605 7609 7608
f 7606 7610 7609
f 7609 7611 7608
f 7610 7612 7609
f 430 7605 3068
f 2906 7606 7605
f 2905 7607 7606
f 2904 3062 7607
f 7607 3061 7610
f 3061 7613 7610
f 3060 2991 7613
f 7613 2992 7612
f 7612 2993 7611
f 7611 445 3066
f 7608 3066 3067
f 3068 7608 3067
f 7614 7618 7617
f 7615 7619 7618
f 7618 7620 7617
f 7619 7621 7618
f 438 7614 3071
f 2930 7615 7614
f 2929 7616 7615
f 2928 3065 7616
f 7616 3064 7619
f 3064 7622 7619
f 3063 3015 7622
f 7622 3016 7621
f 7621 3017 7620
f 7620 453 3069
f 7617 3069 3070
f 3071 7617 3070
f 7624 7626 7623
f 7625 7627 7624
f 7626 7630 7629
f 7627 7631 7630
f 2909 3074 431
f 2908 7623 2909
f 2907 7624 2908
f 430 7625 2907
f 3068 7628 7625
f 7628 3066 7631
f 7631 445 2994
f 7630 2994 2995
f 7629 2995 2996
f 3072 2996 446
f 3073 7629 3072
f 7623 3073 3074
f 7632 7636 7635
f 7633 7637 7636
f 7636 7638 7635
f 7637 7639 7636
f 439 7632 3077
f 2933 7633 7632
f 2932 7634 7633
f 2931 3071 7634
f 7634 3070 7637
f 3070 7640 7637
f 3069 3018 7640
f 7640 3019 7639
f 7639 3020 7638
f 7638 454 3075
f 7635 3075 3076
f 3077 7635 3076
f 7642 7644 7641
f 7643 7645 7642
f 7644 7648 7647
f 7645 7649 7648
f 2912 3036 432
f 2911 7641 2912
f 2910 7642 2911
f 431 7643 2910
f 3074 7646 7643
f 7646 3072 7649
f 7649 446 2997
f 7648 2997 2998
f 7647 2998 2999
f 3038 2999 447
f 3037 7647 3038
f 7641 3037 3036
f 7650 7654 7653
f 7651 7655 7654
f 7654 7656 7653
f 7655 7657 7654
f 440 7650 3042
f 2936 7651 7650
f 2935 7652 7651
f 2934 3077 7652
f 7652 3076 7655
f 3076 7658 7655
f 3075 3021 7658
f 7658 3022 7657
f 7657 3023 7656
f 7656 455 3044
f 7653 3044 3043
f 3042 7653 3043
f 7659 7663 7662
f 7660 7664 7663
f 7663 7665 7662
f 7664 7666 7663
f 452 7659 3122
f 3014 7660 7659
f 3013 7661 7660
f 3012 3123 7661
f 3123 7664 7661
f 3124 7667 7664
f 3125 3099 7667
f 7667 3100 7666
f 7666 3101 7665
f 7665 467 3120
f 7662 3120 3121
f 3122 7662 3121
f 7668 7672 7671
f 7669 7673 7672
f 7672 7674 7671
f 7673 7675 7672
f 445 7668 3128
f 2993 7669 7668
f 2992 7670 7669
f 2991 3129 7670
f 7670 3130 7673
f 3130 7676 7673
f 3131 3078 7676
f 7676 3079 7675
f 7675 3080 7674
f 7674 460 3126
f 7671 3126 3127
f 3128 7671 3127
f 7677 7681 7680
f 7678 7682 7681
f 7681 7683 7680
f 7682 7684 7681
f 453 7677 3134
f 3017 7678 7677
f 3016 7679 7678
f 3015 3122 7679
f 7679 3121 7682
f 3121 7685 7682
f 3120 3102 7685
f 7685 3103 7684
f 7684 3104 7683
f 7683 468 3132
f 7680 3132 3133
f 3134 7680 3133
f 7687 7689 7686
f 7688 7690 7687
f 7689 7693 7692
f 7690 7694 7693
f 2996 3137 446
f 2995 7686 2996
f 2994 7687 2995
f 445 7688 2994
f 3128 7691 7688
f 7691 3126 7694
f 7694 460 3081
f 7693 3081 3082
f 7692 3082 3083
f 3135 3083 461
f 3136 7692 3135
f 7686 3136 3137
f 7695 7699 7698
f 7696 7700 7699
f 7699 7701 7698
f 7700 7702 7699
f 454 7695 3140
f 3020 7696 7695
f 3019 7697 7696
f 3018 3134 7697
f 7697 3133 7700
f 3133 7703 7700
f 3132 3105 7703
f 7703 3106 7702
f 7702 3107 7701
f 7701 469 3138
f 7698 3138 3139
f 3140 7698 3139
f 7705 7707 7704
f 7706 7708 7705
f 7707 7711 7710
f 7708 7712 7711
f 2999 3143 447
f 2998 7704 2999
f 2997 7705 2998
f 446 7706 2997
f 3137 7709 7706
f 7709 3135 7712
f 7712 461 3084
f 7711 3084 3085
f 7710 3085 3086
f 3141 3086 462
f 3142 7710 3141
f 7704 3142 3143
f 7713 7717 7716
f 7714 7718 7717
f 7717 7719 7716
f 7718 7720 7717
f 455 7713 3146
f 3023 7714 7713
f 3022 7715 7714
f 3021 3140 7715
f 7715 3139 7718
f 3139 7721 7718
f 3138 3108 7721
f 7721 3109 7720
f 7720 3110 7719
f 7719 470 3144
f 7716 3144 3145
f 3146 7716 3145
f 7723 7725 7722
f 7724 7726 7723
f 7725 7729 7728
f 7726 7730 7729
f 3002 3149 448
f 3001 7722 3002
f 3000 7723 3001
f 447 7724 3000
f 3143 7727 7724
f 7727 3141 7730
f 7730 462 3087
f 7729 3087 3088
f 7728 3088 3089
f 3147 3089 463
f 3148 7728 3147
f 7722 3148 3149
f 7731 7735 7734
f 7732 7736 7735
f 7735 7737 7734
f 7736 7738 7735
f 456 7731 3152
f 3026 7732 7731
f 3025 7733 7732
f 3024 3146 7733
f 7733 3145 7736
f 3145 7739 7736
f 3144 3111 7739
f 7739 3112 7738
f 7738 3113 7737
f 7737 471 3150
f 7734 3150 3151
f 3152 7734 3151
f 7741 7743 7740
f 7742 7744 7741
f 7743 7747 7746
f 7744 7748 7747
f 3005 3155 449
f 3004 7740 3005
f 3003 7741 3004
f 448 7742 3003
f 3149 7745 7742
f 7745 3147 7748
f 7748 463 3090
f 7747 3090 3091
f 7746 3091 3092
f 3153 3092 464
f 3154 7746 3153
f 7740 3154 3155
f 7749 7753 7752
f 7750 7754 7753
f 7753 7755 7752
f 7754 7756 7753
f 457 7749 3158
f 3029 7750 7749
f 3028 7751 7750
f 3027 3152 7751
f 7751 3151 7754
f 3151 7757 7754
f 3150 3114 7757
f 7757 3115 7756
f 7756 3116 7755
f 7755 472 3156
f 7752 3156 3157
f 3158 7752 3157
f 7759 7761 7758
f 7760 7762 7759
f 7761 7765 7764
f 7762 7766 7765
f 3008 3161 450
f 3007 7758 3008
f 3006 7759 3007
f 449 7760 3006
f 3155 7763 7760
f 7763 3153 7766
f 7766 464 3093
f 7765 3093 3094
f 7764 3094 3095
f 3159 3095 465
f 3160 7764 3159
f 7758 3160 3161
f 7768 7770 7767
f 7769 7771 7768
f 7770 7774 7773
f 7771 7775 7774
f 3032 3164 458
f 3031 7767 3032
f 3030 7768 3031
f 457 7769 3030
f 3158 7772 7769
f 7772 3156 7775
f 7775 472 3117
f 7774 3117 3118
f 7773 3118 3119
f 3162 3119 473
f 3163 7773 3162
f 7767 3163 3164
f 7777 7779 7776
f 7778 7780 7777
f 7779 7783 7782
f 7780 7784 7783
f 3011 3123 451
f 3010 7776 3011
f 3009 7777 3010
f 450 7778 3009
f 3161 7781 7778
f 7781 3159 7784
f 7784 465 3096
f 7783 3096 3097
f 7782 3097 3098
f 3125 3098 466
f 3124 7782 3125
f 7776 3124 3123
f 7786 7785 7791
f 7789 7787 7788
f 7790 7785 7789
f 444 7786 3129
f 3431 7787 7786
f 3129 7791 3130
f 3435 3429 82
f 3436 7788 3435
f 7788 3430 3429
f 459 7790 3437
f 3131 7791 7790
f 3437 7789 3436
f 7794 7798 7793
f 7795 7792 7794
f 7797 7792 7796
f 3434 3440 308
f 3433 7793 3434
f 7793 3439 3440
f 458 7795 3432
f 3164 7796 7795
f 3432 7794 3433
f 473 7797 3162
f 3438 7798 7797
f 3162 7796 3163
f 7799 7803 7802
f 7800 7804 7803
f 7803 7805 7802
f 7804 7806 7803
f 471 7799 3179
f 3113 7800 7799
f 3112 7801 7800
f 3111 3180 7801
f 7801 3181 7804
f 3181 7807 7804
f 3182 3168 7807
f 7807 3169 7806
f 7806 3170 7805
f 7805 480 3177
f 7802 3177 3178
f 3179 7802 3178
f 7809 7811 7808
f 7810 7812 7809
f 7811 7815 7814
f 7812 7816 7815
f 3092 3185 464
f 3091 7808 3092
f 3090 7809 3091
f 463 7810 3090
f 3441 7813 7810
f 7813 3443 7816
f 7816 2 3216
f 7815 3216 3217
f 7814 3217 3218
f 3183 3218 477
f 3184 7814 3183
f 7808 3184 3185
f 7817 7821 7820
f 7818 7822 7821
f 7821 7823 7820
f 7822 7824 7821
f 472 7817 3188
f 3116 7818 7817
f 3115 7819 7818
f 3114 3179 7819
f 7819 3178 7822
f 3178 7825 7822
f 3177 3171 7825
f 7825 3172 7824
f 7824 3173 7823
f 7823 481 3186
f 7820 3186 3187
f 3188 7820 3187
f 7827 7829 7826
f 7828 7830 7827
f 7829 7833 7832
f 7830 7834 7833
f 3095 3446 465
f 3094 7826 3095
f 3093 7827 3094
f 464 7828 3093
f 3185 7831 7828
f 7831 3183 7834
f 7834 477 3219
f 7833 3219 3220
f 7832 3220 3221
f 3444 3221 3
f 3445 7832 3444
f 7826 3445 3446
f 7836 7838 7835
f 7837 7839 7836
f 7838 7842 7841
f 7839 7843 7842
f 3119 3191 473
f 3118 7835 3119
f 3117 7836 3118
f 472 7837 3117
f 3188 7840 7837
f 7840 3186 7843
f 7843 481 3174
f 7842 3174 3175
f 7841 3175 3176
f 3189 3176 482
f 3190 7841 3189
f 7835 3190 3191
f 7845 7847 7844
f 7846 7848 7845
f 7847 7851 7850
f 7848 7852 7851
f 3098 3449 466
f 3097 7844 3098
f 3096 7845 3097
f 465 7846 3096
f 3446 7849 7846
f 7849 3444 7852
f 7852 3 483
f 7851 483 484
f 7850 484 485
f 3447 485 4
f 3448 7850 3447
f 7844 3448 3449
f 7854 7853 7859
f 7857 7855 7856
f 7858 7853 7857
f 459 7854 3194
f 3437 7855 7854
f 3194 7859 3193
f 3204 3435 82
f 3205 7856 3204
f 7856 3436 3435
f 474 7858 3206
f 3192 7859 7858
f 3206 7857 3205
f 7862 7866 7861
f 7863 7860 7862
f 7865 7860 7864
f 3440 3233 308
f 3439 7861 3440
f 7861 3232 3233
f 473 7863 3438
f 3191 7864 7863
f 3438 7862 3439
f 482 7865 3189
f 3231 7866 7865
f 3189 7864 3190
f 7867 7871 7870
f 7868 7872 7871
f 7871 7873 7870
f 7872 7874 7871
f 467 7867 3452
f 3101 7868 7867
f 3100 7869 7868
f 3099 3449 7869
f 7869 3448 7872
f 3448 7875 7872
f 3447 486 7875
f 7875 487 7874
f 7874 488 7873
f 7873 5 3450
f 7870 3450 3451
f 3452 7870 3451
f 7876 7880 7879
f 7877 7881 7880
f 7880 7882 7879
f 7881 7883 7880
f 460 7876 3197
f 3080 7877 7876
f 3079 7878 7877
f 3078 3194 7878
f 7878 3193 7881
f 3193 7884 7881
f 3192 3165 7884
f 7884 3166 7883
f 7883 3167 7882
f 7882 475 3195
f 7879 3195 3196
f 3197 7879 3196
f 7885 7889 7888
f 7886 7890 7889
f 7889 7891 7888
f 7890 7892 7889
f 468 7885 3200
f 3104 7886 7885
f 3103 7887 7886
f 3102 3452 7887
f 7887 3451 7890
f 3451 7893 7890
f 3450 3222 7893
f 7893 3223 7892
f 7892 3224 7891
f 7891 478 3198
f 7888 3198 3199
f 3200 7888 3199
f 7895 7897 7894
f 7896 7898 7895
f 7897 7901 7900
f 7898 7902 7901
f 3083 3455 461
f 3082 7894 3083
f 3081 7895 3082
f 460 7896 3081
f 3197 7899 7896
f 7899 3195 7902
f 7902 475 3207
f 7901 3207 3208
f 7900 3208 3209
f 3453 3209 1
f 3454 7900 3453
f 7894 3454 3455
f 7903 7907 7906
f 7904 7908 7907
f 7907 7909 7906
f 7908 7910 7907
f 469 7903 3458
f 3107 7904 7903
f 3106 7905 7904
f 3105 3200 7905
f 7905 3199 7908
f 3199 7911 7908
f 3198 3225 7911
f 7911 3226 7910
f 7910 3227 7909
f 7909 6 3456
f 7906 3456 3457
f 3458 7906 3457
f 7913 7915 7912
f 7914 7916 7913
f 7915 7919 7918
f 7916 7920 7919
f 3086 3203 462
f 3085 7912 3086
f 3084 7913 3085
f 461 7914 3084
f 3455 7917 7914
f 7917 3453 7920
f 7920 1 3210
f 7919 3210 3211
f 7918 3211 3212
f 3201 3212 476
f 3202 7918 3201
f 7912 3202 3203
f 7921 7925 7924
f 7922 7926 7925
f 7925 7927 7924
f 7926 7928 7925
f 470 7921 3180
f 3110 7922 7921
f 3109 7923 7922
f 3108 3458 7923
f 7923 3457 7926
f 3457 7929 7926
f 3456 3228 7929
f 7929 3229 7928
f 7928 3230 7927
f 7927 479 3182
f 7924 3182 3181
f 3180 7924 3181
f 7931 7933 7930
f 7932 7934 7931
f 7933 7937 7936
f 7934 7938 7937
f 3089 3441 463
f 3088 7930 3089
f 3087 7931 3088
f 462 7932 3087
f 3203 7935 7932
f 7935 3201 7938
f 7938 476 3213
f 7937 3213 3214
f 7936 3214 3215
f 3443 3215 2
f 3442 7936 3443
f 7930 3442 3441
f 3460 3463 3462
f 3461 3464 3463
f 3462 3463 3466
f 3463 3464 3467
f 3215 3459 533
f 3214 3460 3459
f 3213 3461 3460
f 476 3240 3461
f 3240 3241 3464
f 3464 3241 3242
f 3467 3242 10
f 3466 3467 498
f 3465 3466 499
f 531 3465 500
f 532 3462 3465
f 3459 3462 532
f 3468 3469 3472
f 3469 3470 3473
f 3472 3475 3474
f 3473 3476 3475
f 480 3170 3468
f 3170 3169 3469
f 3169 3168 3470
f 3168 479 3246
f 3470 3246 3247
f 3247 3248 3476
f 3248 18 522
f 3476 522 523
f 3475 523 524
f 3474 524 19
f 3471 3474 3243
f 3245 3468 3471
f 3478 3481 3480
f 3479 3482 3481
f 3480 3481 3484
f 3481 3482 3485
f 3218 3477 3251
f 3217 3478 3477
f 3216 3479 3478
f 2 533 3479
f 533 532 3482
f 3482 532 531
f 3485 531 11
f 3484 3485 501
f 3483 3484 502
f 3249 3483 503
f 3250 3480 3483
f 3477 3480 3250
f 3486 3487 3490
f 3487 3488 3491
f 3490 3493 3492
f 3491 3494 3493
f 481 3173 3486
f 3173 3172 3487
f 3172 3171 3488
f 3171 480 3245
f 3488 3245 3244
f 3244 3243 3494
f 3243 19 525
f 3494 525 526
f 3493 526 527
f 3492 527 20
f 3489 3492 3252
f 3254 3486 3489
f 3496 3499 3498
f 3497 3500 3499
f 3498 3499 3502
f 3499 3500 3503
f 3221 3495 536
f 3220 3496 3495
f 3219 3497 3496
f 477 3251 3497
f 3251 3250 3500
f 3500 3250 3249
f 3503 3249 12
f 3502 3503 504
f 3501 3502 505
f 534 3501 506
f 535 3498 3501
f 3495 3498 535
f 3505 3508 3507
f 3506 3509 3508
f 3507 3508 3511
f 3508 3509 3512
f 3176 3504 3257
f 3175 3505 3504
f 3174 3506 3505
f 481 3254 3506
f 3254 3253 3509
f 3509 3253 3252
f 3512 3252 20
f 3511 3512 528
f 3510 3511 529
f 3255 3510 530
f 3256 3507 3510
f 3504 3507 3256
f 3514 3517 3516
f 3515 3518 3517
f 3516 3517 3520
f 3517 3518 3521
f 485 3513 539
f 484 3514 3513
f 483 3515 3514
f 3 536 3515
f 536 535 3518
f 3518 535 534
f 3521 534 13
f 3520 3521 507
f 3519 3520 508
f 537 3519 509
f 538 3516 3519
f 3513 3516 538
f 3523 3524 3522
f 3526 3522 3524
f 3527 3528 3522
f 474 3206 3523
f 3206 3205 3524
f 3260 3523 3528
f 3234 3525 3204
f 3235 3526 3525
f 3525 3524 3205
f 7 3258 3527
f 3258 3259 3528
f 3236 3527 3526
f 3531 3529 3535
f 3532 3533 3529
f 3534 3535 3529
f 3233 3530 3239
f 3232 3531 3530
f 3530 3535 3238
f 482 3257 3532
f 3257 3256 3533
f 3231 3532 3531
f 21 3237 3534
f 3237 3238 3535
f 3255 3534 3533
f 3536 3537 3540
f 3537 3538 3541
f 3540 3543 3542
f 3541 3544 3543
f 5 488 3536
f 488 487 3537
f 487 486 3538
f 486 4 539
f 3538 539 538
f 538 537 3544
f 537 14 510
f 3544 510 511
f 3543 511 512
f 3542 512 15
f 3539 3542 540
f 542 3536 3539
f 3545 3546 3549
f 3546 3547 3550
f 3549 3552 3551
f 3550 3553 3552
f 475 3167 3545
f 3167 3166 3546
f 3166 3165 3547
f 3165 474 3260
f 3547 3260 3259
f 3259 3258 3553
f 3258 7 489
f 3553 489 490
f 3552 490 491
f 3551 491 8
f 3548 3551 3261
f 3263 3545 3548
f 3554 3555 3558
f 3555 3556 3559
f 3558 3561 3560
f 3559 3562 3561
f 478 3224 3554
f 3224 3223 3555
f 3223 3222 3556
f 3222 5 542
f 3556 542 541
f 541 540 3562
f 540 15 513
f 3562 513 514
f 3561 514 515
f 3560 515 16
f 3557 3560 3264
f 3266 3554 3557
f 3564 3567 3566
f 3565 3568 3567
f 3566 3567 3570
f 3567 3568 3571
f 3209 3563 545
f 3208 3564 3563
f 3207 3565 3564
f 475 3263 3565
f 3263 3262 3568
f 3568 3262 3261
f 3571 3261 8
f 3570 3571 492
f 3569 3570 493
f 543 3569 494
f 544 3566 3569
f 3563 3566 544
f 3572 3573 3576
f 3573 3574 3577
f 3576 3579 3578
f 3577 3580 3579
f 6 3227 3572
f 3227 3226 3573
f 3226 3225 3574
f 3225 478 3266
f 3574 3266 3265
f 3265 3264 3580
f 3264 16 516
f 3580 516 517
f 3579 517 518
f 3578 518 17
f 3575 3578 546
f 548 3572 3575
f 3582 3585 3584
f 3583 3586 3585
f 3584 3585 3588
f 3585 3586 3589
f 3212 3581 3240
f 3211 3582 3581
f 3210 3583 3582
f 1 545 3583
f 545 544 3586
f 3586 544 543
f 3589 543 9
f 3588 3589 495
f 3587 3588 496
f 3242 3587 497
f 3241 3584 3587
f 3581 3584 3241
f 3590 3591 3594
f 3591 3592 3595
f 3594 3597 3596
f 3595 3598 3597
f 479 3230 3590
f 3230 3229 3591
f 3229 3228 3592
f 3228 6 548
f 3592 548 547
f 547 546 3598
f 546 17 519
f 3598 519 520
f 3597 520 521
f 3596 521 18
f 3593 3596 3248
f 3246 3590 3593
f 3600 3603 3602
f 3601 3604 3603
f 3602 3603 3606
f 3603 3604 3607
f 497 3599 593
f 496 3600 3599
f 495 3601 3600
f 9 594 3601
f 594 595 3604
f 3604 595 596
f 3607 596 24
f 3606 3607 555
f 3605 3606 556
f 591 3605 557
f 592 3602 3605
f 3599 3602 592
f 3608 3609 3612
f 3609 3610 3613
f 3612 3615 3614
f 3613 3616 3615
f 18 521 3608
f 521 520 3609
f 520 519 3610
f 519 17 600
f 3610 600 601
f 601 602 3616
f 602 32 579
f 3616 579 580
f 3615 580 581
f 3614 581 33
f 3611 3614 597
f 599 3608 3611
f 3618 3621 3620
f 3619 3622 3621
f 3620 3621 3624
f 3621 3622 3625
f 500 3617 605
f 499 3618 3617
f 498 3619 3618
f 10 593 3619
f 593 592 3622
f 3622 592 591
f 3625 591 25
f 3624 3625 558
f 3623 3624 559
f 603 3623 560
f 604 3620 3623
f 3617 3620 604
f 3626 3627 3630
f 3627 3628 3631
f 3630 3633 3632
f 3631 3634 3633
f 19 524 3626
f 524 523 3627
f 523 522 3628
f 522 18 599
f 3628 599 598
f 598 597 3634
f 597 33 582
f 3634 582 583
f 3633 583 584
f 3632 584 34
f 3629 3632 606
f 608 3626 3629
f 3636 3639 3638
f 3637 3640 3639
f 3638 3639 3642
f 3639 3640 3643
f 503 3635 611
f 502 3636 3635
f 501 3637 3636
f 11 605 3637
f 605 604 3640
f 3640 604 603
f 3643 603 26
f 3642 3643 561
f 3641 3642 562
f 609 3641 563
f 610 3638 3641
f 3635 3638 610
f 3644 3645 3648
f 3645 3646 3649
f 3648 3651 3650
f 3649 3652 3651
f 20 527 3644
f 527 526 3645
f 526 525 3646
f 525 19 608
f 3646 608 607
f 607 606 3652
f 606 34 585
f 3652 585 586
f 3651 586 587
f 3650 587 35
f 3647 3650 612
f 614 3644 3647
f 3654 3657 3656
f 3655 3658 3657
f 3656 3657 3660
f 3657 3658 3661
f 506 3653 617
f 505 3654 3653
f 504 3655 3654
f 12 611 3655
f 611 610 3658
f 3658 610 609
f 3661 609 27
f 3660 3661 564
f 3659 3660 565
f 615 3659 566
f 616 3656 3659
f 3653 3656 616
f 3663 3666 3665
f 3664 3667 3666
f 3665 3666 3669
f 3666 3667 3670
f 530 3662 620
f 529 3663 3662
f 528 3664 3663
f 20 614 3664
f 614 613 3667
f 3667 613 612
f 3670 612 35
f 3669 3670 588
f 3668 3669 589
f 618 3668 590
f 619 3665 3668
f 3662 3665 619
f 3672 3675 3674
f 3673 3676 3675
f 3674 3675 3678
f 3675 3676 3679
f 509 3671 623
f 508 3672 3671
f 507 3673 3672
f 13 617 3673
f 617 616 3676
f 3676 616 615
f 3679 615 28
f 3678 3679 567
f 3677 3678 568
f 621 3677 569
f 622 3674 3677
f 3671 3674 622
f 3681 3682 3680
f 3684 3680 3682
f 3685 3686 3680
f 7 3236 3681
f 3236 3235 3682
f 626 3681 3686
f 3267 3683 3234
f 3268 3684 3683
f 3683 3682 3235
f 22 624 3685
f 624 625 3686
f 3269 3685 3684
f 3689 3687 3693
f 3690 3691 3687
f 3692 3693 3687
f 3239 3688 3272
f 3238 3689 3688
f 3688 3693 3271
f 21 620 3690
f 620 619 3691
f 3237 3690 3689
f 36 3270 3692
f 3270 3271 3693
f 618 3692 3691
f 3694 3695 3698
f 3695 3696 3699
f 3698 3701 3700
f 3699 3702 3701
f 15 512 3694
f 512 511 3695
f 511 510 3696
f 510 14 623
f 623 622 3699
f 622 621 3702
f 621 29 570
f 3702 570 571
f 3701 571 572
f 3700 572 30
f 3697 3700 627
f 629 3694 3697
f 3703 3704 3707
f 3704 3705 3708
f 3707 3710 3709
f 3708 3711 3710
f 8 491 3703
f 491 490 3704
f 490 489 3705
f 489 7 626
f 3705 626 625
f 625 624 3711
f 624 22 549
f 3711 549 550
f 3710 550 551
f 3709 551 23
f 3706 3709 630
f 632 3703 3706
f 3712 3713 3716
f 3713 3714 3717
f 3716 3719 3718
f 3717 3720 3719
f 16 515 3712
f 515 514 3713
f 514 513 3714
f 513 15 629
f 3714 629 628
f 628 627 3720
f 627 30 573
f 3720 573 574
f 3719 574 575
f 3718 575 31
f 3715 3718 633
f 635 3712 3715
f 3722 3725 3724
f 3723 3726 3725
f 3724 3725 3728
f 3725 3726 3729
f 494 3721 594
f 493 3722 3721
f 492 3723 3722
f 8 632 3723
f 632 631 3726
f 3726 631 630
f 3729 630 23
f 3728 3729 552
f 3727 3728 553
f 596 3727 554
f 595 3724 3727
f 3721 3724 595
f 3730 3731 3734
f 3731 3732 3735
f 3734 3737 3736
f 3735 3738 3737
f 17 518 3730
f 518 517 3731
f 517 516 3732
f 516 16 635
f 3732 635 634
f 634 633 3738
f 633 31 576
f 3738 576 577
f 3737 577 578
f 3736 578 32
f 3733 3736 602
f 600 3730 3733
f 3740 3743 3742
f 3741 3744 3743
f 3742 3743 3746
f 3743 3744 3747
f 569 3739 680
f 568 3740 3739
f 567 3741 3740
f 28 681 3741
f 681 682 3744
f 3744 682 683
f 3747 683 43
f 3746 3747 654
f 3745 3746 655
f 678 3745 656
f 679 3742 3745
f 3739 3742 679
f 3749 3750 3748
f 3752 3748 3750
f 3753 3754 3748
f 22 3269 3749
f 3269 3268 3750
f 686 3749 3754
f 3273 3751 3267
f 3274 3752 3751
f 3751 3750 3268
f 37 684 3753
f 684 685 3754
f 3275 3753 3752
f 3757 3755 3761
f 3758 3759 3755
f 3760 3761 3755
f 3272 3756 3278
f 3271 3757 3756
f 3756 3761 3277
f 36 687 3758
f 687 688 3759
f 3270 3758 3757
f 51 3276 3760
f 3276 3277 3761
f 689 3760 3759
f 3762 3763 3766
f 3763 3764 3767
f 3766 3769 3768
f 3767 3770 3769
f 30 572 3762
f 572 571 3763
f 571 570 3764
f 570 29 680
f 3764 680 679
f 679 678 3770
f 678 44 657
f 3770 657 658
f 3769 658 659
f 3768 659 45
f 3765 3768 690
f 692 3762 3765
f 3771 3772 3775
f 3772 3773 3776
f 3775 3778 3777
f 3776 3779 3778
f 23 551 3771
f 551 550 3772
f 550 549 3773
f 549 22 686
f 3773 686 685
f 685 684 3779
f 684 37 636
f 3779 636 637
f 3778 637 638
f 3777 638 38
f 3774 3777 693
f 695 3771 3774
f 3780 3781 3784
f 3781 3782 3785
f 3784 3787 3786
f 3785 3788 3787
f 31 575 3780
f 575 574 3781
f 574 573 3782
f 573 30 692
f 3782 692 691
f 691 690 3788
f 690 45 660
f 3788 660 661
f 3787 661 662
f 3786 662 46
f 3783 3786 696
f 698 3780 3783
f 3790 3793 3792
f 3791 3794 3793
f 3792 3793 3796
f 3793 3794 3797
f 554 3789 701
f 553 3790 3789
f 552 3791 3790
f 23 695 3791
f 695 694 3794
f 3794 694 693
f 3797 693 38
f 3796 3797 639
f 3795 3796 640
f 699 3795 641
f 700 3792 3795
f 3789 3792 700
f 3798 3799 3802
f 3799 3800 3803
f 3802 3805 3804
f 3803 3806 3805
f 32 578 3798
f 578 577 3799
f 577 576 3800
f 576 31 698
f 3800 698 697
f 697 696 3806
f 696 46 663
f 3806 663 664
f 3805 664 665
f 3804 665 47
f 3801 3804 702
f 704 3798 3801
f 3808 3811 3810
f 3809 3812 3811
f 3810 3811 3814
f 3811 3812 3815
f 557 3807 707
f 556 3808 3807
f 555 3809 3808
f 24 701 3809
f 701 700 3812
f 3812 700 699
f 3815 699 39
f 3814 3815 642
f 3813 3814 643
f 705 3813 644
f 706 3810 3813
f 3807 3810 706
f 3816 3817 3820
f 3817 3818 3821
f 3820 3823 3822
f 3821 3824 3823
f 33 581 3816
f 581 580 3817
f 580 579 3818
f 579 32 704
f 3818 704 703
f 703 702 3824
f 702 47 666
f 3824 666 667
f 3823 667 668
f 3822 668 48
f 3819 3822 708
f 710 3816 3819
f 3826 3829 3828
f 3827 3830 3829
f 3828 3829 3832
f 3829 3830 3833
f 560 3825 713
f 559 3826 3825
f 558 3827 3826
f 25 707 3827
f 707 706 3830
f 3830 706 705
f 3833 705 40
f 3832 3833 645
f 3831 3832 646
f 711 3831 647
f 712 3828 3831
f 3825 3828 712
f 3834 3835 3838
f 3835 3836 3839
f 3838 3841 3840
f 3839 3842 3841
f 34 584 3834
f 584 583 3835
f 583 582 3836
f 582 33 710
f 3836 710 709
f 709 708 3842
f 708 48 669
f 3842 669 670
f 3841 670 671
f 3840 671 49
f 3837 3840 714
f 716 3834 3837
f 3844 3847 3846
f 3845 3848 3847
f 3846 3847 3850
f 3847 3848 3851
f 563 3843 719
f 562 3844 3843
f 561 3845 3844
f 26 713 3845
f 713 712 3848
f 3848 712 711
f 3851 711 41
f 3850 3851 648
f 3849 3850 649
f 717 3849 650
f 718 3846 3849
f 3843 3846 718
f 3852 3853 3856
f 3853 3854 3857
f 3856 3859 3858
f 3857 3860 3859
f 35 587 3852
f 587 586 3853
f 586 585 3854
f 585 34 716
f 3854 716 715
f 715 714 3860
f 714 49 672
f 3860 672 673
f 3859 673 674
f 3858 674 50
f 3855 3858 720
f 722 3852 3855
f 3862 3865 3864
f 3863 3866 3865
f 3864 3865 3868
f 3865 3866 3869
f 566 3861 681
f 565 3862 3861
f 564 3863 3862
f 27 719 3863
f 719 718 3866
f 3866 718 717
f 3869 717 42
f 3868 3869 651
f 3867 3868 652
f 683 3867 653
f 682 3864 3867
f 3861 3864 682
f 3871 3874 3873
f 3872 3875 3874
f 3873 3874 3877
f 3874 3875 3878
f 590 3870 687
f 589 3871 3870
f 588 3872 3871
f 35 722 3872
f 722 721 3875
f 3875 721 720
f 3878 720 50
f 3877 3878 675
f 3876 3877 676
f 689 3876 677
f 688 3873 3876
f 3870 3873 688
f 3879 3880 3883
f 3880 3881 3884
f 3883 3886 3885
f 3884 3887 3886
f 48 668 3879
f 668 667 3880
f 667 666 3881
f 666 47 768
f 3881 768 769
f 769 770 3887
f 770 62 753
f 3887 753 754
f 3886 754 755
f 3885 755 63
f 3882 3885 765
f 767 3879 3882
f 3889 3892 3891
f 3890 3893 3892
f 3891 3892 3895
f 3892 3893 3896
f 647 3888 773
f 646 3889 3888
f 645 3890 3889
f 40 774 3890
f 774 775 3893
f 3893 775 776
f 3896 776 55
f 3895 3896 732
f 3894 3895 733
f 771 3894 734
f 772 3891 3894
f 3888 3891 772
f 3897 3898 3901
f 3898 3899 3902
f 3901 3904 3903
f 3902 3905 3904
f 49 671 3897
f 671 670 3898
f 670 669 3899
f 669 48 767
f 3899 767 766
f 766 765 3905
f 765 63 756
f 3905 756 757
f 3904 757 758
f 3903 758 64
f 3900 3903 777
f 779 3897 3900
f 3907 3910 3909
f 3908 3911 3910
f 3909 3910 3913
f 3910 3911 3914
f 650 3906 782
f 649 3907 3906
f 648 3908 3907
f 41 773 3908
f 773 772 3911
f 3911 772 771
f 3914 771 56
f 3913 3914 735
f 3912 3913 736
f 780 3912 737
f 781 3909 3912
f 3906 3909 781
f 3915 3916 3919
f 3916 3917 3920
f 3919 3922 3921
f 3920 3923 3922
f 50 674 3915
f 674 673 3916
f 673 672 3917
f 672 49 779
f 3917 779 778
f 778 777 3923
f 777 64 759
f 3923 759 760
f 3922 760 761
f 3921 761 65
f 3918 3921 783
f 785 3915 3918
f 3925 3928 3927
f 3926 3929 3928
f 3927 3928 3931
f 3928 3929 3932
f 653 3924 788
f 652 3925 3924
f 651 3926 3925
f 42 782 3926
f 782 781 3929
f 3929 781 780
f 3932 780 57
f 3931 3932 738
f 3930 3931 739
f 786 3930 740
f 787 3927 3930
f 3924 3927 787
f 3934 3937 3936
f 3935 3938 3937
f 3936 3937 3940
f 3937 3938 3941
f 677 3933 791
f 676 3934 3933
f 675 3935 3934
f 50 785 3935
f 785 784 3938
f 3938 784 783
f 3941 783 65
f 3940 3941 762
f 3939 3940 763
f 789 3939 764
f 790 3936 3939
f 3933 3936 790
f 3943 3946 3945
f 3944 3947 3946
f 3945 3946 3949
f 3946 3947 3950
f 656 3942 794
f 655 3943 3942
f 654 3944 3943
f 43 788 3944
f 788 787 3947
f 3947 787 786
f 3950 786 58
f 3949 3950 741
f 3948 3949 742
f 792 3948 743
f 793 3945 3948
f 3942 3945 793
f 3952 3953 3951
f 3955 3951 3953
f 3956 3957 3951
f 37 3275 3952
f 3275 3274 3953
f 797 3952 3957
f 3279 3954 3273
f 3280 3955 3954
f 3954 3953 3274
f 52 795 3956
f 795 796 3957
f 3281 3956 3955
f 3960 3958 3964
f 3961 3962 3958
f 3963 3964 3958
f 3278 3959 3284
f 3277 3960 3959
f 3959 3964 3283
f 51 791 3961
f 791 790 3962
f 3276 3961 3960
f 66 3282 3963
f 3282 3283 3964
f 789 3963 3962
f 3965 3966 3969
f 3966 3967 3970
f 3969 3972 3971
f 3970 3973 3972
f 45 659 3965
f 659 658 3966
f 658 657 3967
f 657 44 794
f 3967 794 793
f 793 792 3973
f 792 59 744
f 3973 744 745
f 3972 745 746
f 3971 746 60
f 3968 3971 798
f 800 3965 3968
f 3974 3975 3978
f 3975 3976 3979
f 3978 3981 3980
f 3979 3982 3981
f 38 638 3974
f 638 637 3975
f 637 636 3976
f 636 37 797
f 3976 797 796
f 796 795 3982
f 795 52 723
f 3982 723 724
f 3981 724 725
f 3980 725 53
f 3977 3980 801
f 803 3974 3977
f 3983 3984 3987
f 3984 3985 3988
f 3987 3990 3989
f 3988 3991 3990
f 46 662 3983
f 662 661 3984
f 661 660 3985
f 660 45 800
f 3985 800 799
f 799 798 3991
f 798 60 747
f 3991 747 748
f 3990 748 749
f 3989 749 61
f 3986 3989 804
f 806 3983 3986
f 3993 3996 3995
f 3994 3997 3996
f 3995 3996 3999
f 3996 3997 4000
f 641 3992 809
f 640 3993 3992
f 639 3994 3993
f 38 803 3994
f 803 802 3997
f 3997 802 801
f 4000 801 53
f 3999 4000 726
f 3998 3999 727
f 807 3998 728
f 808 3995 3998
f 3992 3995 808
f 4001 4002 4005
f 4002 4003 4006
f 4005 4008 4007
f 4006 4009 4008
f 47 665 4001
f 665 664 4002
f 664 663 4003
f 663 46 806
f 4003 806 805
f 805 804 4009
f 804 61 750
f 4009 750 751
f 4008 751 752
f 4007 752 62
f 4004 4007 770
f 768 4001 4004
f 4011 4014 4013
f 4012 4015 4014
f 4013 4014 4017
f 4014 4015 4018
f 644 4010 774
f 643 4011 4010
f 642 4012 4011
f 39 809 4012
f 809 808 4015
f 4015 808 807
f 4018 807 54
f 4017 4018 729
f 4016 4017 730
f 776 4016 731
f 775 4013 4016
f 4010 4013 775
f 4020 4021 4019
f 4023 4019 4021
f 4024 4025 4019
f 52 3281 4020
f 3281 3280 4021
f 854 4020 4025
f 3285 4022 3279
f 3286 4023 4022
f 4022 4021 3280
f 67 852 4024
f 852 853 4025
f 3287 4024 4023
f 4028 4026 4032
f 4029 4030 4026
f 4031 4032 4026
f 3284 4027 3290
f 3283 4028 4027
f 4027 4032 3289
f 66 855 4029
f 855 856 4030
f 3282 4029 4028
f 81 3288 4031
f 3288 3289 4032
f 857 4031 4030
f 4033 4034 4037
f 4034 4035 4038
f 4037 4040 4039
f 4038 4041 4040
f 60 746 4033
f 746 745 4034
f 745 744 4035
f 744 59 861
f 4035 861 862
f 862 863 4041
f 863 74 831
f 4041 831 832
f 4040 832 833
f 4039 833 75
f 4036 4039 858
f 860 4033 4036
f 4042 4043 4046
f 4043 4044 4047
f 4046 4049 4048
f 4047 4050 4049
f 53 725 4042
f 725 724 4043
f 724 723 4044
f 723 52 854
f 4044 854 853
f 853 852 4050
f 852 67 810
f 4050 810 811
f 4049 811 812
f 4048 812 68
f 4045 4048 864
f 866 4042 4045
f 4051 4052 4055
f 4052 4053 4056
f 4055 4058 4057
f 4056 4059 4058
f 61 749 4051
f 749 748 4052
f 748 747 4053
f 747 60 860
f 4053 860 859
f 859 858 4059
f 858 75 834
f 4059 834 835
f 4058 835 836
f 4057 836 76
f 4054 4057 867
f 869 4051 4054
f 4061 4064 4063
f 4062 4065 4064
f 4063 4064 4067
f 4064 4065 4068
f 728 4060 872
f 727 4061 4060
f 726 4062 4061
f 53 866 4062
f 866 865 4065
f 4065 865 864
f 4068 864 68
f 4067 4068 813
f 4066 4067 814
f 870 4066 815
f 871 4063 4066
f 4060 4063 871
f 4069 4070 4073
f 4070 4071 4074
f 4073 4076 4075
f 4074 4077 4076
f 62 752 4069
f 752 751 4070
f 751 750 4071
f 750 61 869
f 4071 869 868
f 868 867 4077
f 867 76 837
f 4077 837 838
f 4076 838 839
f 4075 839 77
f 4072 4075 873
f 875 4069 4072
f 4079 4082 4081
f 4080 4083 4082
f 4081 4082 4085
f 4082 4083 4086
f 731 4078 878
f 730 4079 4078
f 729 4080 4079
f 54 872 4080
f 872 871 4083
f 4083 871 870
f 4086 870 69
f 4085 4086 816
f 4084 4085 817
f 876 4084 818
f 877 4081 4084
f 4078 4081 877
f 4087 4088 4091
f 4088 4089 4092
f 4091 4094 4093
f 4092 4095 4094
f 63 755 4087
f 755 754 4088
f 754 753 4089
f 753 62 875
f 4089 875 874
f 874 873 4095
f 873 77 840
f 4095 840 841
f 4094 841 842
f 4093 842 78
f 4090 4093 879
f 881 4087 4090
f 4097 4100 4099
f 4098 4101 4100
f 4099 4100 4103
f 4100 4101 4104
f 734 4096 884
f 733 4097 4096
f 732 4098 4097
f 55 878 4098
f 878 877 4101
f 4101 877 876
f 4104 876 70
f 4103 4104 819
f 4102 4103 820
f 882 4102 821
f 883 4099 4102
f 4096 4099 883
f 4105 4106 4109
f 4106 4107 4110
f 4109 4112 4111
f 4110 4113 4112
f 64 758 4105
f 758 757 4106
f 757 756 4107
f 756 63 881
f 4107 881 880
f 880 879 4113
f 879 78 843
f 4113 843 844
f 4112 844 845
f 4111 845 79
f 4108 4111 885
f 887 4105 4108
f 4115 4118 4117
f 4116 4119 4118
f 4117 4118 4121
f 4118 4119 4122
f 737 4114 890
f 736 4115 4114
f 735 4116 4115
f 56 884 4116
f 884 883 4119
f 4119 883 882
f 4122 882 71
f 4121 4122 822
f 4120 4121 823
f 888 4120 824
f 889 4117 4120
f 4114 4117 889
f 4123 4124 4127
f 4124 4125 4128
f 4127 4130 4129
f 4128 4131 4130
f 65 761 4123
f 761 760 4124
f 760 759 4125
f 759 64 887
f 4125 887 886
f 886 885 4131
f 885 79 846
f 4131 846 847
f 4130 847 848
f 4129 848 80
f 4126 4129 891
f 893 4123 4126
f 4133 4136 4135
f 4134 4137 4136
f 4135 4136 4139
f 4136 4137 4140
f 740 4132 896
f 739 4133 4132
f 738 4134 4133
f 57 890 4134
f 890 889 4137
f 4137 889 888
f 4140 888 72
f 4139 4140 825
f 4138 4139 826
f 894 4138 827
f 895 4135 4138
f 4132 4135 895
f 4142 4145 4144
f 4143 4146 4145
f 4144 4145 4148
f 4145 4146 4149
f 764 4141 855
f 763 4142 4141
f 762 4143 4142
f 65 893 4143
f 893 892 4146
f 4146 892 891
f 4149 891 80
f 4148 4149 849
f 4147 4148 850
f 857 4147 851
f 856 4144 4147
f 4141 4144 856
f 4151 4154 4153
f 4152 4155 4154
f 4153 4154 4157
f 4154 4155 4158
f 743 4150 861
f 742 4151 4150
f 741 4152 4151
f 58 896 4152
f 896 895 4155
f 4155 895 894
f 4158 894 73
f 4157 4158 828
f 4156 4157 829
f 863 4156 830
f 862 4153 4156
f 4150 4153 862
f 4160 4163 4162
f 4161 4164 4163
f 4162 4163 4166
f 4163 4164 4167
f 821 4159 944
f 820 4160 4159
f 819 4161 4160
f 70 945 4161
f 945 946 4164
f 4164 946 947
f 4167 947 86
f 4166 4167 909
f 4165 4166 910
f 942 4165 911
f 943 4162 4165
f 4159 4162 943
f 4168 4169 4172
f 4169 4170 4173
f 4172 4175 4174
f 4173 4176 4175
f 79 845 4168
f 845 844 4169
f 844 843 4170
f 843 78 951
f 4170 951 952
f 952 953 4176
f 953 94 933
f 4176 933 934
f 4175 934 935
f 4174 935 95
f 4171 4174 948
f 950 4168 4171
f 4178 4181 4180
f 4179 4182 4181
f 4180 4181 4184
f 4181 4182 4185
f 824 4177 956
f 823 4178 4177
f 822 4179 4178
f 71 944 4179
f 944 943 4182
f 4182 943 942
f 4185 942 87
f 4184 4185 912
f 4183 4184 913
f 954 4183 914
f 955 4180 4183
f 4177 4180 955
f 4186 4187 4190
f 4187 4188 4191
f 4190 4193 4192
f 4191 4194 4193
f 80 848 4186
f 848 847 4187
f 847 846 4188
f 846 79 950
f 4188 950 949
f 949 948 4194
f 948 95 936
f 4194 936 937
f 4193 937 938
f 4192 938 96
f 4189 4192 957
f 959 4186 4189
f 4196 4199 4198
f 4197 4200 4199
f 4198 4199 4202
f 4199 4200 4203
f 827 4195 962
f 826 4196 4195
f 825 4197 4196
f 72 956 4197
f 956 955 4200
f 4200 955 954
f 4203 954 88
f 4202 4203 915
f 4201 4202 916
f 960 4201 917
f 961 4198 4201
f 4195 4198 961
f 4205 4208 4207
f 4206 4209 4208
f 4207 4208 4211
f 4208 4209 4212
f 851 4204 965
f 850 4205 4204
f 849 4206 4205
f 80 959 4206
f 959 958 4209
f 4209 958 957
f 4212 957 96
f 4211 4212 939
f 4210 4211 940
f 963 4210 941
f 964 4207 4210
f 4204 4207 964
f 4214 4217 4216
f 4215 4218 4217
f 4216 4217 4220
f 4217 4218 4221
f 830 4213 968
f 829 4214 4213
f 828 4215 4214
f 73 962 4215
f 962 961 4218
f 4218 961 960
f 4221 960 89
f 4220 4221 918
f 4219 4220 919
f 966 4219 920
f 967 4216 4219
f 4213 4216 967
f 4223 4224 4222
f 4226 4222 4224
f 4227 4228 4222
f 67 3287 4223
f 3287 3286 4224
f 971 4223 4228
f 897 4225 3285
f 898 4226 4225
f 4225 4224 3286
f 83 969 4227
f 969 970 4228
f 899 4227 4226
f 4231 4229 4235
f 4232 4233 4229
f 4234 4235 4229
f 3290 4230 3293
f 3289 4231 4230
f 4230 4235 3292
f 81 965 4232
f 965 964 4233
f 3288 4232 4231
f 97 3291 4234
f 3291 3292 4235
f 963 4234 4233
f 4236 4237 4240
f 4237 4238 4241
f 4240 4243 4242
f 4241 4244 4243
f 75 833 4236
f 833 832 4237
f 832 831 4238
f 831 74 968
f 4238 968 967
f 967 966 4244
f 966 90 921
f 4244 921 922
f 4243 922 923
f 4242 923 91
f 4239 4242 972
f 974 4236 4239
f 4245 4246 4249
f 4246 4247 4250
f 4249 4252 4251
f 4250 4253 4252
f 68 812 4245
f 812 811 4246
f 811 810 4247
f 810 67 971
f 4247 971 970
f 970 969 4253
f 969 83 900
f 4253 900 901
f 4252 901 902
f 4251 902 84
f 4248 4251 975
f 977 4245 4248
f 4254 4255 4258
f 4255 4256 4259
f 4258 4261 4260
f 4259 4262 4261
f 76 836 4254
f 836 835 4255
f 835 834 4256
f 834 75 974
f 4256 974 973
f 973 972 4262
f 972 91 924
f 4262 924 925
f 4261 925 926
f 4260 926 92
f 4257 4260 978
f 980 4254 4257
f 4264 4267 4266
f 4265 4268 4267
f 4266 4267 4270
f 4267 4268 4271
f 815 4263 983
f 814 4264 4263
f 813 4265 4264
f 68 977 4265
f 977 976 4268
f 4268 976 975
f 4271 975 84
f 4270 4271 903
f 4269 4270 904
f 981 4269 905
f 982 4266 4269
f 4263 4266 982
f 4272 4273 4276
f 4273 4274 4277
f 4276 4279 4278
f 4277 4280 4279
f 77 839 4272
f 839 838 4273
f 838 837 4274
f 837 76 980
f 4274 980 979
f 979 978 4280
f 978 92 927
f 4280 927 928
f 4279 928 929
f 4278 929 93
f 4275 4278 984
f 986 4272 4275
f 4282 4285 4284
f 4283 4286 4285
f 4284 4285 4288
f 4285 4286 4289
f 818 4281 945
f 817 4282 4281
f 816 4283 4282
f 69 983 4283
f 983 982 4286
f 4286 982 981
f 4289 981 85
f 4288 4289 906
f 4287 4288 907
f 947 4287 908
f 946 4284 4287
f 4281 4284 946
f 4290 4291 4294
f 4291 4292 4295
f 4294 4297 4296
f 4295 4298 4297
f 78 842 4290
f 842 841 4291
f 841 840 4292
f 840 77 986
f 4292 986 985
f 985 984 4298
f 984 93 930
f 4298 930 931
f 4297 931 932
f 4296 932 94
f 4293 4296 953
f 951 4290 4293
f 4299 4300 4303
f 4300 4301 4304
f 4303 4306 4305
f 4304 4307 4306
f 91 923 4299
f 923 922 4300
f 922 921 4301
f 921 90 1032
f 4301 1032 1033
f 1033 1034 4307
f 1034 105 1008
f 4307 1008 1009
f 4306 1009 1010
f 4305 1010 106
f 4302 4305 1029
f 1031 4299 4302
f 4308 4309 4312
f 4309 4310 4313
f 4312 4315 4314
f 4313 4316 4315
f 84 902 4308
f 902 901 4309
f 901 900 4310
f 900 83 1038
f 4310 1038 1039
f 1039 1040 4316
f 1040 98 987
f 4316 987 988
f 4315 988 989
f 4314 989 99
f 4311 4314 1035
f 1037 4308 4311
f 4317 4318 4321
f 4318 4319 4322
f 4321 4324 4323
f 4322 4325 4324
f 92 926 4317
f 926 925 4318
f 925 924 4319
f 924 91 1031
f 4319 1031 1030
f 1030 1029 4325
f 1029 106 1011
f 4325 1011 1012
f 4324 1012 1013
f 4323 1013 107
f 4320 4323 1041
f 1043 4317 4320
f 4327 4330 4329
f 4328 4331 4330
f 4329 4330 4333
f 4330 4331 4334
f 905 4326 1046
f 904 4327 4326
f 903 4328 4327
f 84 1037 4328
f 1037 1036 4331
f 4331 1036 1035
f 4334 1035 99
f 4333 4334 990
f 4332 4333 991
f 1044 4332 992
f 1045 4329 4332
f 4326 4329 1045
f 4335 4336 4339
f 4336 4337 4340
f 4339 4342 4341
f 4340 4343 4342
f 93 929 4335
f 929 928 4336
f 928 927 4337
f 927 92 1043
f 4337 1043 1042
f 1042 1041 4343
f 1041 107 1014
f 4343 1014 1015
f 4342 1015 1016
f 4341 1016 108
f 4338 4341 1047
f 1049 4335 4338
f 4345 4348 4347
f 4346 4349 4348
f 4347 4348 4351
f 4348 4349 4352
f 908 4344 1052
f 907 4345 4344
f 906 4346 4345
f 85 1046 4346
f 1046 1045 4349
f 4349 1045 1044
f 4352 1044 100
f 4351 4352 993
f 4350 4351 994
f 1050 4350 995
f 1051 4347 4350
f 4344 4347 1051
f 4353 4354 4357
f 4354 4355 4358
f 4357 4360 4359
f 4358 4361 4360
f 94 932 4353
f 932 931 4354
f 931 930 4355
f 930 93 1049
f 4355 1049 1048
f 1048 1047 4361
f 1047 108 1017
f 4361 1017 1018
f 4360 1018 1019
f 4359 1019 109
f 4356 4359 1053
f 1055 4353 4356
f 4363 4366 4365
f 4364 4367 4366
f 4365 4366 4369
f 4366 4367 4370
f 911 4362 1058
f 910 4363 4362
f 909 4364 4363
f 86 1052 4364
f 1052 1051 4367
f 4367 1051 1050
f 4370 1050 101
f 4369 4370 996
f 4368 4369 997
f 1056 4368 998
f 1057 4365 4368
f 4362 4365 1057
f 4371 4372 4375
f 4372 4373 4376
f 4375 4378 4377
f 4376 4379 4378
f 95 935 4371
f 935 934 4372
f 934 933 4373
f 933 94 1055
f 4373 1055 1054
f 1054 1053 4379
f 1053 109 1020
f 4379 1020 1021
f 4378 1021 1022
f 4377 1022 110
f 4374 4377 1059
f 1061 4371 4374
f 4381 4384 4383
f 4382 4385 4384
f 4383 4384 4387
f 4384 4385 4388
f 914 4380 1064
f 913 4381 4380
f 912 4382 4381
f 87 1058 4382
f 1058 1057 4385
f 4385 1057 1056
f 4388 1056 102
f 4387 4388 999
f 4386 4387 1000
f 1062 4386 1001
f 1063 4383 4386
f 4380 4383 1063
f 4389 4390 4393
f 4390 4391 4394
f 4393 4396 4395
f 4394 4397 4396
f 96 938 4389
f 938 937 4390
f 937 936 4391
f 936 95 1061
f 4391 1061 1060
f 1060 1059 4397
f 1059 110 1023
f 4397 1023 1024
f 4396 1024 1025
f 4395 1025 111
f 4392 4395 1065
f 1067 4389 4392
f 4399 4402 4401
f 4400 4403 4402
f 4401 4402 4405
f 4402 4403 4406
f 917 4398 1070
f 916 4399 4398
f 915 4400 4399
f 88 1064 4400
f 1064 1063 4403
f 4403 1063 1062
f 4406 1062 103
f 4405 4406 1002
f 4404 4405 1003
f 1068 4404 1004
f 1069 4401 4404
f 4398 4401 1069
f 4408 4411 4410
f 4409 4412 4411
f 4410 4411 4414
f 4411 4412 4415
f 941 4407 1073
f 940 4408 4407
f 939 4409 4408
f 96 1067 4409
f 1067 1066 4412
f 4412 1066 1065
f 4415 1065 111
f 4414 4415 1026
f 4413 4414 1027
f 1071 4413 1028
f 1072 4410 4413
f 4407 4410 1072
f 4417 4420 4419
f 4418 4421 4420
f 4419 4420 4423
f 4420 4421 4424
f 920 4416 1032
f 919 4417 4416
f 918 4418 4417
f 89 1070 4418
f 1070 1069 4421
f 4421 1069 1068
f 4424 1068 104
f 4423 4424 1005
f 4422 4423 1006
f 1034 4422 1007
f 1033 4419 4422
f 4416 4419 1033
f 4426 4427 4425
f 4429 4425 4427
f 4430 4431 4425
f 83 899 4426
f 899 898 4427
f 1038 4426 4431
f 3294 4428 897
f 3295 4429 4428
f 4428 4427 898
f 98 1040 4430
f 1040 1039 4431
f 3296 4430 4429
f 4434 4432 4438
f 4435 4436 4432
f 4437 4438 4432
f 3293 4433 3299
f 3292 4434 4433
f 4433 4438 3298
f 97 1073 4435
f 1073 1072 4436
f 3291 4435 4434
f 112 3297 4437
f 3297 3298 4438
f 1071 4437 4436
f 4439 4440 4443
f 4440 4441 4444
f 4443 4446 4445
f 4444 4447 4446
f 110 1022 4439
f 1022 1021 4440
f 1021 1020 4441
f 1020 109 1119
f 4441 1119 1120
f 1120 1121 4447
f 1121 124 1107
f 4447 1107 1108
f 4446 1108 1109
f 4445 1109 125
f 4442 4445 1116
f 1118 4439 4442
f 4449 4452 4451
f 4450 4453 4452
f 4451 4452 4455
f 4452 4453 4456
f 1001 4448 1124
f 1000 4449 4448
f 999 4450 4449
f 102 1125 4450
f 1125 1126 4453
f 4453 1126 1127
f 4456 1127 117
f 4455 4456 1086
f 4454 4455 1087
f 1122 4454 1088
f 1123 4451 4454
f 4448 4451 1123
f 4457 4458 4461
f 4458 4459 4462
f 4461 4464 4463
f 4462 4465 4464
f 111 1025 4457
f 1025 1024 4458
f 1024 1023 4459
f 1023 110 1118
f 4459 1118 1117
f 1117 1116 4465
f 1116 125 1110
f 4465 1110 1111
f 4464 1111 1112
f 4463 1112 126
f 4460 4463 1128
f 1130 4457 4460
f 4467 4470 4469
f 4468 4471 4470
f 4469 4470 4473
f 4470 4471 4474
f 1004 4466 1133
f 1003 4467 4466
f 1002 4468 4467
f 103 1124 4468
f 1124 1123 4471
f 4471 1123 1122
f 4474 1122 118
f 4473 4474 1089
f 4472 4473 1090
f 1131 4472 1091
f 1132 4469 4472
f 4466 4469 1132
f 4476 4479 4478
f 4477 4480 4479
f 4478 4479 4482
f 4479 4480 4483
f 1028 4475 1136
f 1027 4476 4475
f 1026 4477 4476
f 111 1130 4477
f 1130 1129 4480
f 4480 1129 1128
f 4483 1128 126
f 4482 4483 1113
f 4481 4482 1114
f 1134 4481 1115
f 1135 4478 4481
f 4475 4478 1135
f 4485 4488 4487
f 4486 4489 4488
f 4487 4488 4491
f 4488 4489 4492
f 1007 4484 1139
f 1006 4485 4484
f 1005 4486 4485
f 104 1133 4486
f 1133 1132 4489
f 4489 1132 1131
f 4492 1131 119
f 4491 4492 1092
f 4490 4491 1093
f 1137 4490 1094
f 1138 4487 4490
f 4484 4487 1138
f 4494 4495 4493
f 4497 4493 4495
f 4498 4499 4493
f 98 3296 4494
f 3296 3295 4495
f 1142 4494 4499
f 3300 4496 3294
f 3301 4497 4496
f 4496 4495 3295
f 113 1140 4498
f 1140 1141 4499
f 3302 4498 4497
f 4502 4500 4506
f 4503 4504 4500
f 4505 4506 4500
f 3299 4501 3305
f 3298 4502 4501
f 4501 4506 3304
f 112 1136 4503
f 1136 1135 4504
f 3297 4503 4502
f 127 3303 4505
f 3303 3304 4506
f 1134 4505 4504
f 4507 4508 4511
f 4508 4509 4512
f 4511 4514 4513
f 4512 4515 4514
f 106 1010 4507
f 1010 1009 4508
f 1009 1008 4509
f 1008 105 1139
f 4509 1139 1138
f 1138 1137 4515
f 1137 120 1095
f 4515 1095 1096
f 4514 1096 1097
f 4513 1097 121
f 4510 4513 1143
f 1145 4507 4510
f 4516 4517 4520
f 4517 4518 4521
f 4520 4523 4522
f 4521 4524 4523
f 99 989 4516
f 989 988 4517
f 988 987 4518
f 987 98 1142
f 4518 1142 1141
f 1141 1140 4524
f 1140 113 1074
f 4524 1074 1075
f 4523 1075 1076
f 4522 1076 114
f 4519 4522 1146
f 1148 4516 4519
f 4525 4526 4529
f 4526 4527 4530
f 4529 4532 4531
f 4530 4533 4532
f 107 1013 4525
f 1013 1012 4526
f 1012 1011 4527
f 1011 106 1145
f 4527 1145 1144
f 1144 1143 4533
f 1143 121 1098
f 4533 1098 1099
f 4532 1099 1100
f 4531 1100 122
f 4528 4531 1149
f 1151 4525 4528
f 4535 4538 4537
f 4536 4539 4538
f 4537 4538 4541
f 4538 4539 4542
f 992 4534 1154
f 991 4535 4534
f 990 4536 4535
f 99 1148 4536
f 1148 1147 4539
f 4539 1147 1146
f 4542 1146 114
f 4541 4542 1077
f 4540 4541 1078
f 1152 4540 1079
f 1153 4537 4540
f 4534 4537 1153
f 4543 4544 4547
f 4544 4545 4548
f 4547 4550 4549
f 4548 4551 4550
f 108 1016 4543
f 1016 1015 4544
f 1015 1014 4545
f 1014 107 1151
f 4545 1151 1150
f 1150 1149 4551
f 1149 122 1101
f 4551 1101 1102
f 4550 1102 1103
f 4549 1103 123
f 4546 4549 1155
f 1157 4543 4546
f 4553 4556 4555
f 4554 4557 4556
f 4555 4556 4559
f 4556 4557 4560
f 995 4552 1160
f 994 4553 4552
f 993 4554 4553
f 100 1154 4554
f 1154 1153 4557
f 4557 1153 1152
f 4560 1152 115
f 4559 4560 1080
f 4558 4559 1081
f 1158 4558 1082
f 1159 4555 4558
f 4552 4555 1159
f 4561 4562 4565
f 4562 4563 4566
f 4565 4568 4567
f 4566 4569 4568
f 109 1019 4561
f 1019 1018 4562
f 1018 1017 4563
f 1017 108 1157
f 4563 1157 1156
f 1156 1155 4569
f 1155 123 1104
f 4569 1104 1105
f 4568 1105 1106
f 4567 1106 124
f 4564 4567 1121
f 1119 4561 4564
f 4571 4574 4573
f 4572 4575 4574
f 4573 4574 4577
f 4574 4575 4578
f 998 4570 1125
f 997 4571 4570
f 996 4572 4571
f 101 1160 4572
f 1160 1159 4575
f 4575 1159 1158
f 4578 1158 116
f 4577 4578 1083
f 4576 4577 1084
f 1127 4576 1085
f 1126 4573 4576
f 4570 4573 1126
f 4579 4580 4583
f 4580 4581 4584
f 4583 4586 4585
f 4584 4587 4586
f 122 1100 4579
f 1100 1099 4580
f 1099 1098 4581
f 1098 121 1206
f 4581 1206 1207
f 1207 1208 4587
f 1208 136 1185
f 4587 1185 1186
f 4586 1186 1187
f 4585 1187 137
f 4582 4585 1203
f 1205 4579 4582
f 4589 4592 4591
f 4590 4593 4592
f 4591 4592 4595
f 4592 4593 4596
f 1079 4588 1211
f 1078 4589 4588
f 1077 4590 4589
f 114 1212 4590
f 1212 1213 4593
f 4593 1213 1214
f 4596 1214 129
f 4595 4596 1164
f 4594 4595 1165
f 1209 4594 1166
f 1210 4591 4594
f 4588 4591 1210
f 4597 4598 4601
f 4598 4599 4602
f 4601 4604 4603
f 4602 4605 4604
f 123 1103 4597
f 1103 1102 4598
f 1102 1101 4599
f 1101 122 1205
f 4599 1205 1204
f 1204 1203 4605
f 1203 137 1188
f 4605 1188 1189
f 4604 1189 1190
f 4603 1190 138
f 4600 4603 1215
f 1217 4597 4600
f 4607 4610 4609
f 4608 4611 4610
f 4609 4610 4613
f 4610 4611 4614
f 1082 4606 1220
f 1081 4607 4606
f 1080 4608 4607
f 115 1211 4608
f 1211 1210 4611
f 4611 1210 1209
f 4614 1209 130
f 4613 4614 1167
f 4612 4613 1168
f 1218 4612 1169
f 1219 4609 4612
f 4606 4609 1219
f 4615 4616 4619
f 4616 4617 4620
f 4619 4622 4621
f 4620 4623 4622
f 124 1106 4615
f 1106 1105 4616
f 1105 1104 4617
f 1104 123 1217
f 4617 1217 1216
f 1216 1215 4623
f 1215 138 1191
f 4623 1191 1192
f 4622 1192 1193
f 4621 1193 139
f 4618 4621 1221
f 1223 4615 4618
f 4625 4628 4627
f 4626 4629 4628
f 4627 4628 4631
f 4628 4629 4632
f 1085 4624 1226
f 1084 4625 4624
f 1083 4626 4625
f 116 1220 4626
f 1220 1219 4629
f 4629 1219 1218
f 4632 1218 131
f 4631 4632 1170
f 4630 4631 1171
f 1224 4630 1172
f 1225 4627 4630
f 4624 4627 1225
f 4633 4634 4637
f 4634 4635 4638
f 4637 4640 4639
f 4638 4641 4640
f 125 1109 4633
f 1109 1108 4634
f 1108 1107 4635
f 1107 124 1223
f 4635 1223 1222
f 1222 1221 4641
f 1221 139 1194
f 4641 1194 1195
f 4640 1195 1196
f 4639 1196 140
f 4636 4639 1227
f 1229 4633 4636
f 4643 4646 4645
f 4644 4647 4646
f 4645 4646 4649
f 4646 4647 4650
f 1088 4642 1232
f 1087 4643 4642
f 1086 4644 4643
f 117 1226 4644
f 1226 1225 4647
f 4647 1225 1224
f 4650 1224 132
f 4649 4650 1173
f 4648 4649 1174
f 1230 4648 1175
f 1231 4645 4648
f 4642 4645 1231
f 4651 4652 4655
f 4652 4653 4656
f 4655 4658 4657
f 4656 4659 4658
f 126 1112 4651
f 1112 1111 4652
f 1111 1110 4653
f 1110 125 1229
f 4653 1229 1228
f 1228 1227 4659
f 1227 140 1197
f 4659 1197 1198
f 4658 1198 1199
f 4657 1199 141
f 4654 4657 1233
f 1235 4651 4654
f 4661 4664 4663
f 4662 4665 4664
f 4663 4664 4667
f 4664 4665 4668
f 1091 4660 1238
f 1090 4661 4660
f 1089 4662 4661
f 118 1232 4662
f 1232 1231 4665
f 4665 1231 1230
f 4668 1230 133
f 4667 4668 1176
f 4666 4667 1177
f 1236 4666 1178
f 1237 4663 4666
f 4660 4663 1237
f 4670 4673 4672
f 4671 4674 4673
f 4672 4673 4676
f 4673 4674 4677
f 1115 4669 1241
f 1114 4670 4669
f 1113 4671 4670
f 126 1235 4671
f 1235 1234 4674
f 4674 1234 1233
f 4677 1233 141
f 4676 4677 1200
f 4675 4676 1201
f 1239 4675 1202
f 1240 4672 4675
f 4669 4672 1240
f 4679 4682 4681
f 4680 4683 4682
f 4681 4682 4685
f 4682 4683 4686
f 1094 4678 1244
f 1093 4679 4678
f 1092 4680 4679
f 119 1238 4680
f 1238 1237 4683
f 4683 1237 1236
f 4686 1236 134
f 4685 4686 1179
f 4684 4685 1180
f 1242 4684 1181
f 1243 4681 4684
f 4678 4681 1243
f 4688 4689 4687
f 4691 4687 4689
f 4692 4693 4687
f 113 3302 4688
f 3302 3301 4689
f 1247 4688 4693
f 3306 4690 3300
f 3307 4691 4690
f 4690 4689 3301
f 128 1245 4692
f 1245 1246 4693
f 3308 4692 4691
f 4696 4694 4700
f 4697 4698 4694
f 4699 4700 4694
f 3305 4695 3311
f 3304 4696 4695
f 4695 4700 3310
f 127 1241 4697
f 1241 1240 4698
f 3303 4697 4696
f 142 3309 4699
f 3309 3310 4700
f 1239 4699 4698
f 4701 4702 4705
f 4702 4703 4706
f 4705 4708 4707
f 4706 4709 4708
f 121 1097 4701
f 1097 1096 4702
f 1096 1095 4703
f 1095 120 1244
f 4703 1244 1243
f 1243 1242 4709
f 1242 135 1182
f 4709 1182 1183
f 4708 1183 1184
f 4707 1184 136
f 4704 4707 1208
f 1206 4701 4704
f 4710 4711 4714
f 4711 4712 4715
f 4714 4717 4716
f 4715 4718 4717
f 114 1076 4710
f 1076 1075 4711
f 1075 1074 4712
f 1074 113 1247
f 4712 1247 1246
f 1246 1245 4718
f 1245 128 1161
f 4718 1161 1162
f 4717 1162 1163
f 4716 1163 129
f 4713 4716 1214
f 1212 4710 4713
f 4719 4720 4723
f 4720 4721 4724
f 4723 4726 4725
f 4724 4727 4726
f 141 1199 4719
f 1199 1198 4720
f 1198 1197 4721
f 1197 140 1293
f 4721 1293 1294
f 1294 1295 4727
f 1295 155 1284
f 4727 1284 1285
f 4726 1285 1286
f 4725 1286 156
f 4722 4725 1290
f 1292 4719 4722
f 4729 4732 4731
f 4730 4733 4732
f 4731 4732 4735
f 4732 4733 4736
f 1178 4728 1298
f 1177 4729 4728
f 1176 4730 4729
f 133 1299 4730
f 1299 1300 4733
f 4733 1300 1301
f 4736 1301 148
f 4735 4736 1263
f 4734 4735 1264
f 1296 4734 1265
f 1297 4731 4734
f 4728 4731 1297
f 4738 4741 4740
f 4739 4742 4741
f 4740 4741 4744
f 4741 4742 4745
f 1202 4737 1304
f 1201 4738 4737
f 1200 4739 4738
f 141 1292 4739
f 1292 1291 4742
f 4742 1291 1290
f 4745 1290 156
f 4744 4745 1287
f 4743 4744 1288
f 1302 4743 1289
f 1303 4740 4743
f 4737 4740 1303
f 4747 4750 4749
f 4748 4751 4750
f 4749 4750 4753
f 4750 4751 4754
f 1181 4746 1307
f 1180 4747 4746
f 1179 4748 4747
f 134 1298 4748
f 1298 1297 4751
f 4751 1297 1296
f 4754 1296 149
f 4753 4754 1266
f 4752 4753 1267
f 1305 4752 1268
f 1306 4749 4752
f 4746 4749 1306
f 4756 4757 4755
f 4759 4755 4757
f 4760 4761 4755
f 128 3308 4756
f 3308 3307 4757
f 1310 4756 4761
f 3312 4758 3306
f 3313 4759 4758
f 4758 4757 3307
f 143 1308 4760
f 1308 1309 4761
f 3314 4760 4759
f 4764 4762 4768
f 4765 4766 4762
f 4767 4768 4762
f 3311 4763 3317
f 3310 4764 4763
f 4763 4768 3316
f 142 1304 4765
f 1304 1303 4766
f 3309 4765 4764
f 157 3315 4767
f 3315 3316 4768
f 1302 4767 4766
f 4769 4770 4773
f 4770 4771 4774
f 4773 4776 4775
f 4774 4777 4776
f 136 1184 4769
f 1184 1183 4770
f 1183 1182 4771
f 1182 135 1307
f 1307 1306 4774
f 1306 1305 4777
f 1305 150 1269
f 4777 1269 1270
f 4776 1270 1271
f 4775 1271 151
f 4772 4775 1311
f 1313 4769 4772
f 4778 4779 4782
f 4779 4780 4783
f 4782 4785 4784
f 4783 4786 4785
f 129 1163 4778
f 1163 1162 4779
f 1162 1161 4780
f 1161 128 1310
f 4780 1310 1309
f 1309 1308 4786
f 1308 143 1248
f 4786 1248 1249
f 4785 1249 1250
f 4784 1250 144
f 4781 4784 1314
f 1316 4778 4781
f 4787 4788 4791
f 4788 4789 4792
f 4791 4794 4793
f 4792 4795 4794
f 137 1187 4787
f 1187 1186 4788
f 1186 1185 4789
f 1185 136 1313
f 4789 1313 1312
f 1312 1311 4795
f 1311 151 1272
f 4795 1272 1273
f 4794 1273 1274
f 4793 1274 152
f 4790 4793 1317
f 1319 4787 4790
f 4797 4800 4799
f 4798 4801 4800
f 4799 4800 4803
f 4800 4801 4804
f 1166 4796 1322
f 1165 4797 4796
f 1164 4798 4797
f 129 1316 4798
f 1316 1315 4801
f 4801 1315 1314
f 4804 1314 144
f 4803 4804 1251
f 4802 4803 1252
f 1320 4802 1253
f 1321 4799 4802
f 4796 4799 1321
f 4805 4806 4809
f 4806 4807 4810
f 4809 4812 4811
f 4810 4813 4812
f 138 1190 4805
f 1190 1189 4806
f 1189 1188 4807
f 1188 137 1319
f 4807 1319 1318
f 1318 1317 4813
f 1317 152 1275
f 4813 1275 1276
f 4812 1276 1277
f 4811 1277 153
f 4808 4811 1323
f 1325 4805 4808
f 4815 4818 4817
f 4816 4819 4818
f 4817 4818 4821
f 4818 4819 4822
f 1169 4814 1328
f 1168 4815 4814
f 1167 4816 4815
f 130 1322 4816
f 1322 1321 4819
f 4819 1321 1320
f 4822 1320 145
f 4821 4822 1254
f 4820 4821 1255
f 1326 4820 1256
f 1327 4817 4820
f 4814 4817 1327
f 4823 4824 4827
f 4824 4825 4828
f 4827 4830 4829
f 4828 4831 4830
f 139 1193 4823
f 1193 1192 4824
f 1192 1191 4825
f 1191 138 1325
f 4825 1325 1324
f 1324 1323 4831
f 1323 153 1278
f 4831 1278 1279
f 4830 1279 1280
f 4829 1280 154
f 4826 4829 1329
f 1331 4823 4826
f 4833 4836 4835
f 4834 4837 4836
f 4835 4836 4839
f 4836 4837 4840
f 1172 4832 1334
f 1171 4833 4832
f 1170 4834 4833
f 131 1328 4834
f 1328 1327 4837
f 4837 1327 1326
f 4840 1326 146
f 4839 4840 1257
f 4838 4839 1258
f 1332 4838 1259
f 1333 4835 4838
f 4832 4835 1333
f 4841 4842 4845
f 4842 4843 4846
f 4845 4848 4847
f 4846 4849 4848
f 140 1196 4841
f 1196 1195 4842
f 1195 1194 4843
f 1194 139 1331
f 4843 1331 1330
f 1330 1329 4849
f 1329 154 1281
f 4849 1281 1282
f 4848 1282 1283
f 4847 1283 155
f 4844 4847 1295
f 1293 4841 4844
f 4851 4854 4853
f 4852 4855 4854
f 4853 4854 4857
f 4854 4855 4858
f 1175 4850 1299
f 1174 4851 4850
f 1173 4852 4851
f 132 1334 4852
f 1334 1333 4855
f 4855 1333 1332
f 4858 1332 147
f 4857 4858 1260
f 4856 4857 1261
f 1301 4856 1262
f 1300 4853 4856
f 4850 4853 1300
f 4860 4863 4862
f 4861 4864 4863
f 4862 4863 4866
f 4863 4864 4867
f 1253 4859 1379
f 1252 4860 4859
f 1251 4861 4860
f 144 1380 4861
f 1380 1381 4864
f 4864 1381 1382
f 4867 1382 159
f 4866 4867 1338
f 4865 4866 1339
f 1377 4865 1340
f 1378 4862 4865
f 4859 4862 1378
f 4868 4869 4872
f 4869 4870 4873
f 4872 4875 4874
f 4873 4876 4875
f 153 1277 4868
f 1277 1276 4869
f 1276 1275 4870
f 1275 152 1386
f 4870 1386 1387
f 1387 1388 4876
f 1388 167 1362
f 4876 1362 1363
f 4875 1363 1364
f 4874 1364 168
f 4871 4874 1383
f 1385 4868 4871
f 4878 4881 4880
f 4879 4882 4881
f 4880 4881 4884
f 4881 4882 4885
f 1256 4877 1391
f 1255 4878 4877
f 1254 4879 4878
f 145 1379 4879
f 1379 1378 4882
f 4882 1378 1377
f 4885 1377 160
f 4884 4885 1341
f 4883 4884 1342
f 1389 4883 1343
f 1390 4880 4883
f 4877 4880 1390
f 4886 4887 4890
f 4887 4888 4891
f 4890 4893 4892
f 4891 4894 4893
f 154 1280 4886
f 1280 1279 4887
f 1279 1278 4888
f 1278 153 1385
f 4888 1385 1384
f 1384 1383 4894
f 1383 168 1365
f 4894 1365 1366
f 4893 1366 1367
f 4892 1367 169
f 4889 4892 1392
f 1394 4886 4889
f 4896 4899 4898
f 4897 4900 4899
f 4898 4899 4902
f 4899 4900 4903
f 1259 4895 1397
f 1258 4896 4895
f 1257 4897 4896
f 146 1391 4897
f 1391 1390 4900
f 4900 1390 1389
f 4903 1389 161
f 4902 4903 1344
f 4901 4902 1345
f 1395 4901 1346
f 1396 4898 4901
f 4895 4898 1396
f 4904 4905 4908
f 4905 4906 4909
f 4908 4911 4910
f 4909 4912 4911
f 155 1283 4904
f 1283 1282 4905
f 1282 1281 4906
f 1281 154 1394
f 4906 1394 1393
f 1393 1392 4912
f 1392 169 1368
f 4912 1368 1369
f 4911 1369 1370
f 4910 1370 170
f 4907 4910 1398
f 1400 4904 4907
f 4914 4917 4916
f 4915 4918 4917
f 4916 4917 4920
f 4917 4918 4921
f 1262 4913 1403
f 1261 4914 4913
f 1260 4915 4914
f 147 1397 4915
f 1397 1396 4918
f 4918 1396 1395
f 4921 1395 162
f 4920 4921 1347
f 4919 4920 1348
f 1401 4919 1349
f 1402 4916 4919
f 4913 4916 1402
f 4922 4923 4926
f 4923 4924 4927
f 4926 4929 4928
f 4927 4930 4929
f 156 1286 4922
f 1286 1285 4923
f 1285 1284 4924
f 1284 155 1400
f 4924 1400 1399
f 1399 1398 4930
f 1398 170 1371
f 4930 1371 1372
f 4929 1372 1373
f 4928 1373 171
f 4925 4928 1404
f 1406 4922 4925
f 4932 4935 4934
f 4933 4936 4935
f 4934 4935 4938
f 4935 4936 4939
f 1265 4931 1409
f 1264 4932 4931
f 1263 4933 4932
f 148 1403 4933
f 1403 1402 4936
f 4936 1402 1401
f 4939 1401 163
f 4938 4939 1350
f 4937 4938 1351
f 1407 4937 1352
f 1408 4934 4937
f 4931 4934 1408
f 4941 4944 4943
f 4942 4945 4944
f 4943 4944 4947
f 4944 4945 4948
f 1289 4940 1412
f 1288 4941 4940
f 1287 4942 4941
f 156 1406 4942
f 1406 1405 4945
f 4945 1405 1404
f 4948 1404 171
f 4947 4948 1374
f 4946 4947 1375
f 1410 4946 1376
f 1411 4943 4946
f 4940 4943 1411
f 4950 4953 4952
f 4951 4954 4953
f 4952 4953 4956
f 4953 4954 4957
f 1268 4949 1415
f 1267 4950 4949
f 1266 4951 4950
f 149 1409 4951
f 1409 1408 4954
f 4954 1408 1407
f 4957 1407 164
f 4956 4957 1353
f 4955 4956 1354
f 1413 4955 1355
f 1414 4952 4955
f 4949 4952 1414
f 4959 4960 4958
f 4962 4958 4960
f 4963 4964 4958
f 143 3314 4959
f 3314 3313 4960
f 1418 4959 4964
f 3318 4961 3312
f 3319 4962 4961
f 4961 4960 3313
f 158 1416 4963
f 1416 1417 4964
f 3320 4963 4962
f 4967 4965 4971
f 4968 4969 4965
f 4970 4971 4965
f 3317 4966 3323
f 3316 4967 4966
f 4966 4971 3322
f 157 1412 4968
f 1412 1411 4969
f 3315 4968 4967
f 172 3321 4970
f 3321 3322 4971
f 1410 4970 4969
f 4972 4973 4976
f 4973 4974 4977
f 4976 4979 4978
f 4977 4980 4979
f 151 1271 4972
f 1271 1270 4973
f 1270 1269 4974
f 1269 150 1415
f 4974 1415 1414
f 1414 1413 4980
f 1413 165 1356
f 4980 1356 1357
f 4979 1357 1358
f 4978 1358 166
f 4975 4978 1419
f 1421 4972 4975
f 4981 4982 4985
f 4982 4983 4986
f 4985 4988 4987
f 4986 4989 4988
f 144 1250 4981
f 1250 1249 4982
f 1249 1248 4983
f 1248 143 1418
f 4983 1418 1417
f 1417 1416 4989
f 1416 158 1335
f 4989 1335 1336
f 4988 1336 1337
f 4987 1337 159
f 4984 4987 1382
f 1380 4981 4984
f 4990 4991 4994
f 4991 4992 4995
f 4994 4997 4996
f 4995 4998 4997
f 152 1274 4990
f 1274 1273 4991
f 1273 1272 4992
f 1272 151 1421
f 4992 1421 1420
f 1420 1419 4998
f 1419 166 1359
f 4998 1359 1360
f 4997 1360 1361
f 4996 1361 167
f 4993 4996 1388
f 1386 4990 4993
f 5000 5003 5002
f 5001 5004 5003
f 5002 5003 5006
f 5003 5004 5007
f 1352 4999 1466
f 1351 5000 4999
f 1350 5001 5000
f 163 1467 5001
f 1467 1468 5004
f 5004 1468 1469
f 5007 1469 178
f 5006 5007 1437
f 5005 5006 1438
f 1464 5005 1439
f 1465 5002 5005
f 4999 5002 1465
f 5009 5012 5011
f 5010 5013 5012
f 5011 5012 5015
f 5012 5013 5016
f 1376 5008 1472
f 1375 5009 5008
f 1374 5010 5009
f 171 1473 5010
f 1473 1474 5013
f 5013 1474 1475
f 5016 1475 186
f 5015 5016 1461
f 5014 5015 1462
f 1470 5014 1463
f 1471 5011 5014
f 5008 5011 1471
f 5018 5021 5020
f 5019 5022 5021
f 5020 5021 5024
f 5021 5022 5025
f 1355 5017 1478
f 1354 5018 5017
f 1353 5019 5018
f 164 1466 5019
f 1466 1465 5022
f 5022 1465 1464
f 5025 1464 179
f 5024 5025 1440
f 5023 5024 1441
f 1476 5023 1442
f 1477 5020 5023
f 5017 5020 1477
f 5027 5028 5026
f 5030 5026 5028
f 5031 5032 5026
f 158 3320 5027
f 3320 3319 5028
f 1481 5027 5032
f 3324 5029 3318
f 3325 5030 5029
f 5029 5028 3319
f 173 1479 5031
f 1479 1480 5032
f 3326 5031 5030
f 5035 5033 5039
f 5036 5037 5033
f 5038 5039 5033
f 3323 5034 3329
f 3322 5035 5034
f 5034 5039 3328
f 172 1472 5036
f 1472 1471 5037
f 3321 5036 5035
f 187 3327 5038
f 3327 3328 5039
f 1470 5038 5037
f 5040 5041 5044
f 5041 5042 5045
f 5044 5047 5046
f 5045 5048 5047
f 166 1358 5040
f 1358 1357 5041
f 1357 1356 5042
f 1356 165 1478
f 5042 1478 1477
f 1477 1476 5048
f 1476 180 1443
f 5048 1443 1444
f 5047 1444 1445
f 5046 1445 181
f 5043 5046 1482
f 1484 5040 5043
f 5049 5050 5053
f 5050 5051 5054
f 5053 5056 5055
f 5054 5057 5056
f 159 1337 5049
f 1337 1336 5050
f 1336 1335 5051
f 1335 158 1481
f 5051 1481 1480
f 1480 1479 5057
f 1479 173 1422
f 5057 1422 1423
f 5056 1423 1424
f 5055 1424 174
f 5052 5055 1485
f 1487 5049 5052
f 5058 5059 5062
f 5059 5060 5063
f 5062 5065 5064
f 5063 5066 5065
f 167 1361 5058
f 1361 1360 5059
f 1360 1359 5060
f 1359 166 1484
f 5060 1484 1483
f 1483 1482 5066
f 1482 181 1446
f 5066 1446 1447
f 5065 1447 1448
f 5064 1448 182
f 5061 5064 1488
f 1490 5058 5061
f 5068 5071 5070
f 5069 5072 5071
f 5070 5071 5074
f 5071 5072 5075
f 1340 5067 1493
f 1339 5068 5067
f 1338 5069 5068
f 159 1487 5069
f 1487 1486 5072
f 5072 1486 1485
f 5075 1485 174
f 5074 5075 1425
f 5073 5074 1426
f 1491 5073 1427
f 1492 5070 5073
f 5067 5070 1492
f 5076 5077 5080
f 5077 5078 5081
f 5080 5083 5082
f 5081 5084 5083
f 168 1364 5076
f 1364 1363 5077
f 1363 1362 5078
f 1362 167 1490
f 5078 1490 1489
f 1489 1488 5084
f 1488 182 1449
f 5084 1449 1450
f 5083 1450 1451
f 5082 1451 183
f 5079 5082 1494
f 1496 5076 5079
f 5086 5089 5088
f 5087 5090 5089
f 5088 5089 5092
f 5089 5090 5093
f 1343 5085 1499
f 1342 5086 5085
f 1341 5087 5086
f 160 1493 5087
f 1493 1492 5090
f 5090 1492 1491
f 5093 1491 175
f 5092 5093 1428
f 5091 5092 1429
f 1497 5091 1430
f 1498 5088 5091
f 5085 5088 1498
f 5094 5095 5098
f 5095 5096 5099
f 5098 5101 5100
f 5099 5102 5101
f 169 1367 5094
f 1367 1366 5095
f 1366 1365 5096
f 1365 168 1496
f 5096 1496 1495
f 1495 1494 5102
f 1494 183 1452
f 5102 1452 1453
f 5101 1453 1454
f 5100 1454 184
f 5097 5100 1500
f 1502 5094 5097
f 5104 5107 5106
f 5105 5108 5107
f 5106 5107 5110
f 5107 5108 5111
f 1346 5103 1505
f 1345 5104 5103
f 1344 5105 5104
f 161 1499 5105
f 1499 1498 5108
f 5108 1498 1497
f 5111 1497 176
f 5110 5111 1431
f 5109 5110 1432
f 1503 5109 1433
f 1504 5106 5109
f 5103 5106 1504
f 5112 5113 5116
f 5113 5114 5117
f 5116 5119 5118
f 5117 5120 5119
f 170 1370 5112
f 1370 1369 5113
f 1369 1368 5114
f 1368 169 1502
f 5114 1502 1501
f 1501 1500 5120
f 1500 184 1455
f 5120 1455 1456
f 5119 1456 1457
f 5118 1457 185
f 5115 5118 1506
f 1508 5112 5115
f 5122 5125 5124
f 5123 5126 5125
f 5124 5125 5128
f 5125 5126 5129
f 1349 5121 1467
f 1348 5122 5121
f 1347 5123 5122
f 162 1505 5123
f 1505 1504 5126
f 5126 1504 1503
f 5129 1503 177
f 5128 5129 1434
f 5127 5128 1435
f 1469 5127 1436
f 1468 5124 5127
f 5121 5124 1468
f 5130 5131 5134
f 5131 5132 5135
f 5134 5137 5136
f 5135 5138 5137
f 171 1373 5130
f 1373 1372 5131
f 1372 1371 5132
f 1371 170 1508
f 5132 1508 1507
f 1507 1506 5138
f 1506 185 1458
f 5138 1458 1459
f 5137 1459 1460
f 5136 1460 186
f 5133 5136 1475
f 1473 5130 5133
f 5139 5140 5143
f 5140 5141 5144
f 5143 5146 5145
f 5144 5147 5146
f 183 1451 5139
f 1451 1450 5140
f 1450 1449 5141
f 1449 182 1554
f 5141 1554 1555
f 1555 1556 5147
f 1556 197 1536
f 5147 1536 1537
f 5146 1537 1538
f 5145 1538 198
f 5142 5145 1551
f 1553 5139 5142
f 5149 5152 5151
f 5150 5153 5152
f 5151 5152 5155
f 5152 5153 5156
f 1430 5148 1559
f 1429 5149 5148
f 1428 5150 5149
f 175 1560 5150
f 1560 1561 5153
f 5153 1561 1562
f 5156 1562 190
f 5155 5156 1515
f 5154 5155 1516
f 1557 5154 1517
f 1558 5151 5154
f 5148 5151 1558
f 5157 5158 5161
f 5158 5159 5162
f 5161 5164 5163
f 5162 5165 5164
f 184 1454 5157
f 1454 1453 5158
f 1453 1452 5159
f 1452 183 1553
f 5159 1553 1552
f 1552 1551 5165
f 1551 198 1539
f 5165 1539 1540
f 5164 1540 1541
f 5163 1541 199
f 5160 5163 1563
f 1565 5157 5160
f 5167 5170 5169
f 5168 5171 5170
f 5169 5170 5173
f 5170 5171 5174
f 1433 5166 1568
f 1432 5167 5166
f 1431 5168 5167
f 176 1559 5168
f 1559 1558 5171
f 5171 1558 1557
f 5174 1557 191
f 5173 5174 1518
f 5172 5173 1519
f 1566 5172 1520
f 1567 5169 5172
f 5166 5169 1567
f 5175 5176 5179
f 5176 5177 5180
f 5179 5182 5181
f 5180 5183 5182
f 185 1457 5175
f 1457 1456 5176
f 1456 1455 5177
f 1455 184 1565
f 5177 1565 1564
f 1564 1563 5183
f 1563 199 1542
f 5183 1542 1543
f 5182 1543 1544
f 5181 1544 200
f 5178 5181 1569
f 1571 5175 5178
f 5185 5188 5187
f 5186 5189 5188
f 5187 5188 5191
f 5188 5189 5192
f 1436 5184 1574
f 1435 5185 5184
f 1434 5186 5185
f 177 1568 5186
f 1568 1567 5189
f 5189 1567 1566
f 5192 1566 192
f 5191 5192 1521
f 5190 5191 1522
f 1572 5190 1523
f 1573 5187 5190
f 5184 5187 1573
f 5193 5194 5197
f 5194 5195 5198
f 5197 5200 5199
f 5198 5201 5200
f 186 1460 5193
f 1460 1459 5194
f 1459 1458 5195
f 1458 185 1571
f 5195 1571 1570
f 1570 1569 5201
f 1569 200 1545
f 5201 1545 1546
f 5200 1546 1547
f 5199 1547 201
f 5196 5199 1575
f 1577 5193 5196
f 5203 5206 5205
f 5204 5207 5206
f 5205 5206 5209
f 5206 5207 5210
f 1439 5202 1580
f 1438 5203 5202
f 1437 5204 5203
f 178 1574 5204
f 1574 1573 5207
f 5207 1573 1572
f 5210 1572 193
f 5209 5210 1524
f 5208 5209 1525
f 1578 5208 1526
f 1579 5205 5208
f 5202 5205 1579
f 5212 5215 5214
f 5213 5216 5215
f 5214 5215 5218
f 5215 5216 5219
f 1463 5211 1583
f 1462 5212 5211
f 1461 5213 5212
f 186 1577 5213
f 1577 1576 5216
f 5216 1576 1575
f 5219 1575 201
f 5218 5219 1548
f 5217 5218 1549
f 1581 5217 1550
f 1582 5214 5217
f 5211 5214 1582
f 5221 5224 5223
f 5222 5225 5224
f 5223 5224 5227
f 5224 5225 5228
f 1442 5220 1586
f 1441 5221 5220
f 1440 5222 5221
f 179 1580 5222
f 1580 1579 5225
f 5225 1579 1578
f 5228 1578 194
f 5227 5228 1527
f 5226 5227 1528
f 1584 5226 1529
f 1585 5223 5226
f 5220 5223 1585
f 5230 5231 5229
f 5233 5229 5231
f 5234 5235 5229
f 173 3326 5230
f 3326 3325 5231
f 1589 5230 5235
f 3330 5232 3324
f 3331 5233 5232
f 5232 5231 3325
f 188 1587 5234
f 1587 1588 5235
f 3332 5234 5233
f 5238 5236 5242
f 5239 5240 5236
f 5241 5242 5236
f 3329 5237 3335
f 3328 5238 5237
f 5237 5242 3334
f 187 1583 5239
f 1583 1582 5240
f 3327 5239 5238
f 202 3333 5241
f 3333 3334 5242
f 1581 5241 5240
f 5243 5244 5247
f 5244 5245 5248
f 5247 5250 5249
f 5248 5251 5250
f 181 1445 5243
f 1445 1444 5244
f 1444 1443 5245
f 1443 180 1586
f 5245 1586 1585
f 5248 1585 1584
f 1584 195 1530
f 5251 1530 1531
f 5250 1531 1532
f 5249 1532 196
f 5246 5249 1590
f 1592 5243 5246
f 5252 5253 5256
f 5253 5254 5257
f 5256 5259 5258
f 5257 5260 5259
f 174 1424 5252
f 1424 1423 5253
f 1423 1422 5254
f 1422 173 1589
f 5254 1589 1588
f 1588 1587 5260
f 1587 188 1509
f 5260 1509 1510
f 5259 1510 1511
f 5258 1511 189
f 5255 5258 1593
f 1595 5252 5255
f 5261 5262 5265
f 5262 5263 5266
f 5265 5268 5267
f 5266 5269 5268
f 182 1448 5261
f 1448 1447 5262
f 1447 1446 5263
f 1446 181 1592
f 5263 1592 1591
f 1591 1590 5269
f 1590 196 1533
f 5269 1533 1534
f 5268 1534 1535
f 5267 1535 197
f 5264 5267 1556
f 1554 5261 5264
f 5271 5274 5273
f 5272 5275 5274
f 5273 5274 5277
f 5274 5275 5278
f 1427 5270 1560
f 1426 5271 5270
f 1425 5272 5271
f 174 1595 5272
f 1595 1594 5275
f 5275 1594 1593
f 5278 1593 189
f 5277 5278 1512
f 5276 5277 1513
f 1562 5276 1514
f 1561 5273 5276
f 5270 5273 1561
f 5280 5283 5282
f 5281 5284 5283
f 5282 5283 5286
f 5283 5284 5287
f 1550 5279 1640
f 1549 5280 5279
f 1548 5281 5280
f 201 1641 5281
f 1641 1642 5284
f 5284 1642 1643
f 5287 1643 216
f 5286 5287 1635
f 5285 5286 1636
f 1638 5285 1637
f 1639 5282 5285
f 5279 5282 1639
f 5289 5292 5291
f 5290 5293 5292
f 5291 5292 5295
f 5292 5293 5296
f 195 1529 5288
f 1528 5289 5288
f 1527 5290 5289
f 194 1647 5290
f 1647 1648 5293
f 5293 1648 1649
f 5296 1649 209
f 5295 5296 1614
f 5294 5295 1615
f 1644 5294 1616
f 1645 5291 5294
f 1646 5288 5291
f 5298 5299 5297
f 5301 5297 5299
f 5302 5303 5297
f 188 3332 5298
f 3332 3331 5299
f 1652 5298 5303
f 3336 5300 3330
f 3337 5301 5300
f 5300 5299 3331
f 203 1650 5302
f 1650 1651 5303
f 3338 5302 5301
f 5306 5304 5310
f 5307 5308 5304
f 5309 5310 5304
f 3335 5305 3341
f 3334 5306 5305
f 5305 5310 3340
f 202 1640 5307
f 1640 1639 5308
f 3333 5307 5306
f 217 3339 5309
f 3339 3340 5310
f 1638 5309 5308
f 5311 5312 5315
f 5312 5313 5316
f 5315 5318 5317
f 5316 5319 5318
f 196 1532 5311
f 1532 1531 5312
f 1531 1530 5313
f 1530 195 1646
f 5313 1646 1645
f 1645 1644 5319
f 1644 210 1617
f 5319 1617 1618
f 5318 1618 1619
f 5317 1619 211
f 5314 5317 1653
f 1655 5311 5314
f 5320 5321 5324
f 5321 5322 5325
f 5324 5327 5326
f 5325 5328 5327
f 189 1511 5320
f 1511 1510 5321
f 1510 1509 5322
f 1509 188 1652
f 5322 1652 1651
f 1651 1650 5328
f 1650 203 1596
f 5328 1596 1597
f 5327 1597 1598
f 5326 1598 204
f 5323 5326 1656
f 1658 5320 5323
f 5329 5330 5333
f 5330 5331 5334
f 5333 5336 5335
f 5334 5337 5336
f 197 1535 5329
f 1535 1534 5330
f 1534 1533 5331
f 1533 196 1655
f 5331 1655 1654
f 1654 1653 5337
f 1653 211 1620
f 5337 1620 1621
f 5336 1621 1622
f 5335 1622 212
f 5332 5335 1659
f 1661 5329 5332
f 5339 5342 5341
f 5340 5343 5342
f 5341 5342 5345
f 5342 5343 5346
f 1514 5338 1664
f 1513 5339 5338
f 1512 5340 5339
f 189 1658 5340
f 1658 1657 5343
f 5343 1657 1656
f 5346 1656 204
f 5345 5346 1599
f 5344 5345 1600
f 1662 5344 1601
f 1663 5341 5344
f 5338 5341 1663
f 5347 5348 5351
f 5348 5349 5352
f 5351 5354 5353
f 5352 5355 5354
f 198 1538 5347
f 1538 1537 5348
f 1537 1536 5349
f 1536 197 1661
f 5349 1661 1660
f 1660 1659 5355
f 1659 212 1623
f 5355 1623 1624
f 5354 1624 1625
f 5353 1625 213
f 5350 5353 1665
f 1667 5347 5350
f 5357 5360 5359
f 5358 5361 5360
f 5359 5360 5363
f 5360 5361 5364
f 1517 5356 1670
f 1516 5357 5356
f 1515 5358 5357
f 190 1664 5358
f 1664 1663 5361
f 5361 1663 1662
f 5364 1662 205
f 5363 5364 1602
f 5362 5363 1603
f 1668 5362 1604
f 1669 5359 5362
f 5356 5359 1669
f 5365 5366 5369
f 5366 5367 5370
f 5369 5372 5371
f 5370 5373 5372
f 199 1541 5365
f 1541 1540 5366
f 1540 1539 5367
f 1539 198 1667
f 5367 1667 1666
f 1666 1665 5373
f 1665 213 1626
f 5373 1626 1627
f 5372 1627 1628
f 5371 1628 214
f 5368 5371 1671
f 1673 5365 5368
f 5375 5378 5377
f 5376 5379 5378
f 5377 5378 5381
f 5378 5379 5382
f 1520 5374 1676
f 1519 5375 5374
f 1518 5376 5375
f 191 1670 5376
f 1670 1669 5379
f 5379 1669 1668
f 5382 1668 206
f 5381 5382 1605
f 5380 5381 1606
f 1674 5380 1607
f 1675 5377 5380
f 5374 5377 1675
f 5383 5384 5387
f 5384 5385 5388
f 5387 5390 5389
f 5388 5391 5390
f 200 1544 5383
f 1544 1543 5384
f 1543 1542 5385
f 1542 199 1673
f 5385 1673 1672
f 1672 1671 5391
f 1671 214 1629
f 5391 1629 1630
f 5390 1630 1631
f 5389 1631 215
f 5386 5389 1677
f 1679 5383 5386
f 5393 5396 5395
f 5394 5397 5396
f 5395 5396 5399
f 5396 5397 5400
f 1523 5392 1682
f 1522 5393 5392
f 1521 5394 5393
f 192 1676 5394
f 1676 1675 5397
f 5397 1675 1674
f 5400 1674 207
f 5399 5400 1608
f 5398 5399 1609
f 1680 5398 1610
f 1681 5395 5398
f 5392 5395 1681
f 5401 5402 5405
f 5402 5403 5406
f 5405 5408 5407
f 5406 5409 5408
f 201 1547 5401
f 1547 1546 5402
f 1546 1545 5403
f 1545 200 1679
f 5403 1679 1678
f 1678 1677 5409
f 1677 215 1632
f 5409 1632 1633
f 5408 1633 1634
f 5407 1634 216
f 5404 5407 1643
f 1641 5401 5404
f 5411 5414 5413
f 5412 5415 5414
f 5413 5414 5417
f 5414 5415 5418
f 1526 5410 1647
f 1525 5411 5410
f 1524 5412 5411
f 193 1682 5412
f 1682 1681 5415
f 5415 1681 1680
f 5418 1680 208
f 5417 5418 1611
f 5416 5417 1612
f 1649 5416 1613
f 1648 5413 5416
f 5410 5413 1648
f 5420 5423 5422
f 5421 5424 5423
f 5422 5423 5426
f 5423 5424 5427
f 1604 5419 1727
f 1603 5420 5419
f 1602 5421 5420
f 205 1728 5421
f 1728 1729 5424
f 5424 1729 1730
f 5427 1730 220
f 5426 5427 1689
f 5425 5426 1690
f 1725 5425 1691
f 1726 5422 5425
f 5419 5422 1726
f 5428 5429 5432
f 5429 5430 5433
f 5432 5435 5434
f 5433 5436 5435
f 214 1628 5428
f 1628 1627 5429
f 1627 1626 5430
f 1626 213 1734
f 5430 1734 1735
f 1735 1736 5436
f 1736 228 1713
f 5436 1713 1714
f 5435 1714 1715
f 5434 1715 229
f 5431 5434 1731
f 1733 5428 5431
f 5438 5441 5440
f 5439 5442 5441
f 5440 5441 5444
f 5441 5442 5445
f 1607 5437 1739
f 1606 5438 5437
f 1605 5439 5438
f 206 1727 5439
f 1727 1726 5442
f 5442 1726 1725
f 5445 1725 221
f 5444 5445 1692
f 5443 5444 1693
f 1737 5443 1694
f 1738 5440 5443
f 5437 5440 1738
f 5446 5447 5450
f 5447 5448 5451
f 5450 5453 5452
f 5451 5454 5453
f 215 1631 5446
f 1631 1630 5447
f 1630 1629 5448
f 1629 214 1733
f 5448 1733 1732
f 1732 1731 5454
f 1731 229 1716
f 5454 1716 1717
f 5453 1717 1718
f 5452 1718 230
f 5449 5452 1740
f 1742 5446 5449
f 5456 5459 5458
f 5457 5460 5459
f 5458 5459 5462
f 5459 5460 5463
f 1610 5455 1745
f 1609 5456 5455
f 1608 5457 5456
f 207 1739 5457
f 1739 1738 5460
f 5460 1738 1737
f 5463 1737 222
f 5462 5463 1695
f 5461 5462 1696
f 1743 5461 1697
f 1744 5458 5461
f 5455 5458 1744
f 5464 5465 5468
f 5465 5466 5469
f 5468 5471 5470
f 5469 5472 5471
f 216 1634 5464
f 1634 1633 5465
f 1633 1632 5466
f 1632 215 1742
f 5466 1742 1741
f 1741 1740 5472
f 1740 230 1719
f 5472 1719 1720
f 5471 1720 1721
f 5470 1721 231
f 5467 5470 1746
f 1748 5464 5467
f 5474 5477 5476
f 5475 5478 5477
f 5476 5477 5480
f 5477 5478 5481
f 1613 5473 1751
f 1612 5474 5473
f 1611 5475 5474
f 208 1745 5475
f 1745 1744 5478
f 5478 1744 1743
f 5481 1743 223
f 5480 5481 1698
f 5479 5480 1699
f 1749 5479 1700
f 1750 5476 5479
f 5473 5476 1750
f 5483 5486 5485
f 5484 5487 5486
f 5485 5486 5489
f 5486 5487 5490
f 1637 5482 1754
f 1636 5483 5482
f 1635 5484 5483
f 216 1748 5484
f 1748 1747 5487
f 5487 1747 1746
f 5490 1746 231
f 5489 5490 1722
f 5488 5489 1723
f 1752 5488 1724
f 1753 5485 5488
f 5482 5485 1753
f 5492 5495 5494
f 5493 5496 5495
f 5494 5495 5498
f 5495 5496 5499
f 1616 5491 1757
f 1615 5492 5491
f 1614 5493 5492
f 209 1751 5493
f 1751 1750 5496
f 5496 1750 1749
f 5499 1749 224
f 5498 5499 1701
f 5497 5498 1702
f 1755 5497 1703
f 5494 5497 1755
f 5491 5494 1756
f 5501 5502 5500
f 5504 5500 5502
f 5505 5506 5500
f 203 3338 5501
f 3338 3337 5502
f 1760 5501 5506
f 3342 5503 3336
f 3343 5504 5503
f 5503 5502 3337
f 218 1758 5505
f 1758 1759 5506
f 3344 5505 5504
f 5509 5507 5513
f 5510 5511 5507
f 5512 5513 5507
f 3341 5508 3347
f 3340 5509 5508
f 5508 5513 3346
f 217 1754 5510
f 1754 1753 5511
f 3339 5510 5509
f 232 3345 5512
f 3345 3346 5513
f 1752 5512 5511
f 5514 5515 5518
f 5515 5516 5519
f 5518 5521 5520
f 5519 5522 5521
f 211 1619 5514
f 1619 1618 5515
f 1618 1617 5516
f 1617 210 1757
f 5516 1757 1756
f 1756 1755 5522
f 1755 225 1704
f 5522 1704 1705
f 5521 1705 1706
f 5520 1706 226
f 5517 5520 1761
f 1763 5514 5517
f 5523 5524 5527
f 5524 5525 5528
f 5527 5530 5529
f 5528 5531 5530
f 204 1598 5523
f 1598 1597 5524
f 1597 1596 5525
f 1596 203 1760
f 5525 1760 1759
f 1759 1758 5531
f 1758 218 1683
f 5531 1683 1684
f 5530 1684 1685
f 5529 1685 219
f 5526 5529 1764
f 1766 5523 5526
f 5532 5533 5536
f 5533 5534 5537
f 5536 5539 5538
f 5537 5540 5539
f 212 1622 5532
f 1622 1621 5533
f 1621 1620 5534
f 1620 211 1763
f 5534 1763 1762
f 1762 1761 5540
f 1761 226 1707
f 5540 1707 1708
f 5539 1708 1709
f 5538 1709 227
f 5535 5538 1767
f 1769 5532 5535
f 5542 5545 5544
f 5543 5546 5545
f 5544 5545 5548
f 5545 5546 5549
f 1601 5541 1728
f 1600 5542 5541
f 1599 5543 5542
f 204 1766 5543
f 1766 1765 5546
f 5546 1765 1764
f 5549 1764 219
f 5548 5549 1686
f 5547 5548 1687
f 1730 5547 1688
f 1729 5544 5547
f 5541 5544 1729
f 5550 5551 5554
f 5551 5552 5555
f 5554 5557 5556
f 5555 5558 5557
f 213 1625 5550
f 1625 1624 5551
f 1624 1623 5552
f 1623 212 1769
f 5552 1769 1768
f 1768 1767 5558
f 1767 227 1710
f 5558 1710 1711
f 5557 1711 1712
f 5556 1712 228
f 5553 5556 1736
f 1734 5550 5553
f 5560 5563 5562
f 5561 5564 5563
f 5562 5563 5566
f 5563 5564 5567
f 1703 5559 1814
f 1702 5560 5559
f 1701 5561 5560
f 224 1815 5561
f 1815 1816 5564
f 5564 1816 1817
f 5567 1817 239
f 5566 5567 1788
f 5565 5566 1789
f 1812 5565 1790
f 1813 5562 5565
f 5559 5562 1813
f 5569 5570 5568
f 5572 5568 5570
f 5573 5574 5568
f 218 3344 5569
f 3344 3343 5570
f 1820 5569 5574
f 3348 5571 3342
f 3349 5572 5571
f 5571 5570 3343
f 233 1818 5573
f 1818 1819 5574
f 3350 5573 5572
f 5577 5575 5581
f 5578 5579 5575
f 5580 5581 5575
f 3347 5576 3353
f 3346 5577 5576
f 5576 5581 3352
f 232 1821 5578
f 1821 1822 5579
f 3345 5578 5577
f 247 3351 5580
f 3351 3352 5581
f 1823 5580 5579
f 5582 5583 5586
f 5583 5584 5587
f 5586 5589 5588
f 5587 5590 5589
f 226 1706 5582
f 1706 1705 5583
f 1705 1704 5584
f 1704 225 1814
f 5584 1814 1813
f 1813 1812 5590
f 1812 240 1791
f 5590 1791 1792
f 5589 1792 1793
f 5588 1793 241
f 5585 5588 1824
f 1826 5582 5585
f 5591 5592 5595
f 5592 5593 5596
f 5595 5598 5597
f 5596 5599 5598
f 219 1685 5591
f 1685 1684 5592
f 1684 1683 5593
f 1683 218 1820
f 5593 1820 1819
f 1819 1818 5599
f 1818 233 1770
f 5599 1770 1771
f 5598 1771 1772
f 5597 1772 234
f 5594 5597 1827
f 1829 5591 5594
f 5600 5601 5604
f 5601 5602 5605
f 5604 5607 5606
f 5605 5608 5607
f 227 1709 5600
f 1709 1708 5601
f 1708 1707 5602
f 1707 226 1826
f 5602 1826 1825
f 1825 1824 5608
f 1824 241 1794
f 5608 1794 1795
f 5607 1795 1796
f 5606 1796 242
f 5603 5606 1830
f 1832 5600 5603
f 5610 5613 5612
f 5611 5614 5613
f 5612 5613 5616
f 5613 5614 5617
f 1688 5609 1835
f 1687 5610 5609
f 1686 5611 5610
f 219 1829 5611
f 1829 1828 5614
f 5614 1828 1827
f 5617 1827 234
f 5616 5617 1773
f 5615 5616 1774
f 1833 5615 1775
f 1834 5612 5615
f 5609 5612 1834
f 5618 5619 5622
f 5619 5620 5623
f 5622 5625 5624
f 5623 5626 5625
f 228 1712 5618
f 1712 1711 5619
f 1711 1710 5620
f 1710 227 1832
f 5620 1832 1831
f 1831 1830 5626
f 1830 242 1797
f 5626 1797 1798
f 5625 1798 1799
f 5624 1799 243
f 5621 5624 1836
f 1838 5618 5621
f 5628 5631 5630
f 5629 5632 5631
f 5630 5631 5634
f 5631 5632 5635
f 1691 5627 1841
f 1690 5628 5627
f 1689 5629 5628
f 220 1835 5629
f 1835 1834 5632
f 5632 1834 1833
f 5635 1833 235
f 5634 5635 1776
f 5633 5634 1777
f 1839 5633 1778
f 1840 5630 5633
f 5627 5630 1840
f 5636 5637 5640
f 5637 5638 5641
f 5640 5643 5642
f 5641 5644 5643
f 229 1715 5636
f 1715 1714 5637
f 1714 1713 5638
f 1713 228 1838
f 5638 1838 1837
f 1837 1836 5644
f 1836 243 1800
f 5644 1800 1801
f 5643 1801 1802
f 5642 1802 244
f 5639 5642 1842
f 1844 5636 5639
f 5646 5649 5648
f 5647 5650 5649
f 5648 5649 5652
f 5649 5650 5653
f 1694 5645 1847
f 1693 5646 5645
f 1692 5647 5646
f 221 1841 5647
f 1841 1840 5650
f 5650 1840 1839
f 5653 1839 236
f 5652 5653 1779
f 5651 5652 1780
f 1845 5651 1781
f 1846 5648 5651
f 5645 5648 1846
f 5654 5655 5658
f 5655 5656 5659
f 5658 5661 5660
f 5659 5662 5661
f 230 1718 5654
f 1718 1717 5655
f 1717 1716 5656
f 1716 229 1844
f 5656 1844 1843
f 1843 1842 5662
f 1842 244 1803
f 5662 1803 1804
f 5661 1804 1805
f 5660 1805 245
f 5657 5660 1848
f 1850 5654 5657
f 5664 5667 5666
f 5665 5668 5667
f 5666 5667 5670
f 5667 5668 5671
f 1697 5663 1853
f 1696 5664 5663
f 1695 5665 5664
f 222 1847 5665
f 1847 1846 5668
f 5668 1846 1845
f 5671 1845 237
f 5670 5671 1782
f 5669 5670 1783
f 1851 5669 1784
f 1852 5666 5669
f 5663 5666 1852
f 5672 5673 5676
f 5673 5674 5677
f 5676 5679 5678
f 5677 5680 5679
f 231 1721 5672
f 1721 1720 5673
f 1720 1719 5674
f 1719 230 1850
f 5674 1850 1849
f 1849 1848 5680
f 1848 245 1806
f 5680 1806 1807
f 5679 1807 1808
f 5678 1808 246
f 5675 5678 1854
f 1856 5672 5675
f 5682 5685 5684
f 5683 5686 5685
f 5684 5685 5688
f 5685 5686 5689
f 1700 5681 1815
f 1699 5682 5681
f 1698 5683 5682
f 223 1853 5683
f 1853 1852 5686
f 5686 1852 1851
f 5689 1851 238
f 5688 5689 1785
f 5687 5688 1786
f 1817 5687 1787
f 1816 5684 5687
f 5681 5684 1816
f 5691 5694 5693
f 5692 5695 5694
f 5693 5694 5697
f 5694 5695 5698
f 1724 5690 1821
f 1723 5691 5690
f 1722 5692 5691
f 231 1856 5692
f 1856 1855 5695
f 5695 1855 1854
f 5698 1854 246
f 5697 5698 1809
f 5696 5697 1810
f 1823 5696 1811
f 1822 5693 5696
f 5690 5693 1822
f 5699 5700 5703
f 5700 5701 5704
f 5703 5706 5705
f 5704 5707 5706
f 244 1802 5699
f 1802 1801 5700
f 1801 1800 5701
f 1800 243 1902
f 5701 1902 1903
f 1903 1904 5707
f 1904 258 1887
f 5707 1887 1888
f 5706 1888 1889
f 5705 1889 259
f 5702 5705 1899
f 1901 5699 5702
f 5709 5712 5711
f 5710 5713 5712
f 5711 5712 5715
f 5712 5713 5716
f 1781 5708 1907
f 1780 5709 5708
f 1779 5710 5709
f 236 1908 5710
f 1908 1909 5713
f 5713 1909 1910
f 5716 1910 251
f 5715 5716 1866
f 5714 5715 1867
f 1905 5714 1868
f 1906 5711 5714
f 5708 5711 1906
f 5717 5718 5721
f 5718 5719 5722
f 5721 5724 5723
f 5722 5725 5724
f 245 1805 5717
f 1805 1804 5718
f 1804 1803 5719
f 1803 244 1901
f 5719 1901 1900
f 1900 1899 5725
f 1899 259 1890
f 5725 1890 1891
f 5724 1891 1892
f 5723 1892 260
f 5720 5723 1911
f 1913 5717 5720
f 5727 5730 5729
f 5728 5731 5730
f 5729 5730 5733
f 5730 5731 5734
f 1784 5726 1916
f 1783 5727 5726
f 1782 5728 5727
f 237 1907 5728
f 1907 1906 5731
f 5731 1906 1905
f 5734 1905 252
f 5733 5734 1869
f 5732 5733 1870
f 1914 5732 1871
f 1915 5729 5732
f 5726 5729 1915
f 5735 5736 5739
f 5736 5737 5740
f 5739 5742 5741
f 5740 5743 5742
f 246 1808 5735
f 1808 1807 5736
f 1807 1806 5737
f 1806 245 1913
f 5737 1913 1912
f 1912 1911 5743
f 1911 260 1893
f 5743 1893 1894
f 5742 1894 1895
f 5741 1895 261
f 5738 5741 1917
f 1919 5735 5738
f 5745 5748 5747
f 5746 5749 5748
f 5747 5748 5751
f 5748 5749 5752
f 1787 5744 1922
f 1786 5745 5744
f 1785 5746 5745
f 238 1916 5746
f 1916 1915 5749
f 5749 1915 1914
f 5752 1914 253
f 5751 5752 1872
f 5750 5751 1873
f 1920 5750 1874
f 1921 5747 5750
f 5744 5747 1921
f 5754 5757 5756
f 5755 5758 5757
f 5756 5757 5760
f 5757 5758 5761
f 1811 5753 1925
f 1810 5754 5753
f 1809 5755 5754
f 246 1919 5755
f 1919 1918 5758
f 5758 1918 1917
f 5761 1917 261
f 5760 5761 1896
f 5759 5760 1897
f 1923 5759 1898
f 1924 5756 5759
f 5753 5756 1924
f 5763 5766 5765
f 5764 5767 5766
f 5765 5766 5769
f 5766 5767 5770
f 1790 5762 1928
f 1789 5763 5762
f 1788 5764 5763
f 239 1922 5764
f 1922 1921 5767
f 5767 1921 1920
f 5770 1920 254
f 5769 5770 1875
f 5768 5769 1876
f 1926 5768 1877
f 1927 5765 5768
f 5762 5765 1927
f 5772 5773 5771
f 5775 5771 5773
f 5776 5777 5771
f 233 3350 5772
f 3350 3349 5773
f 1931 5772 5777
f 3354 5774 3348
f 3355 5775 5774
f 5774 5773 3349
f 248 1929 5776
f 1929 1930 5777
f 3356 5776 5775
f 5780 5778 5784
f 5781 5782 5778
f 5783 5784 5778
f 3353 5779 3359
f 3352 5780 5779
f 5779 5784 3358
f 247 1925 5781
f 1925 1924 5782
f 3351 5781 5780
f 262 3357 5783
f 3357 3358 5784
f 1923 5783 5782
f 5785 5786 5789
f 5786 5787 5790
f 5789 5792 5791
f 5790 5793 5792
f 241 1793 5785
f 1793 1792 5786
f 1792 1791 5787
f 1791 240 1928
f 5787 1928 1927
f 1927 1926 5793
f 1926 255 1878
f 5793 1878 1879
f 5792 1879 1880
f 5791 1880 256
f 5788 5791 1932
f 1934 5785 5788
f 5794 5795 5798
f 5795 5796 5799
f 5798 5801 5800
f 5799 5802 5801
f 234 1772 5794
f 1772 1771 5795
f 1771 1770 5796
f 1770 233 1931
f 5796 1931 1930
f 1930 1929 5802
f 1929 248 1857
f 5802 1857 1858
f 5801 1858 1859
f 5800 1859 249
f 5797 5800 1935
f 1937 5794 5797
f 5803 5804 5807
f 5804 5805 5808
f 5807 5810 5809
f 5808 5811 5810
f 242 1796 5803
f 1796 1795 5804
f 1795 1794 5805
f 1794 241 1934
f 5805 1934 1933
f 1933 1932 5811
f 1932 256 1881
f 5811 1881 1882
f 5810 1882 1883
f 5809 1883 257
f 5806 5809 1938
f 1940 5803 5806
f 5813 5816 5815
f 5814 5817 5816
f 5815 5816 5819
f 5816 5817 5820
f 1775 5812 1943
f 1774 5813 5812
f 1773 5814 5813
f 234 1937 5814
f 1937 1936 5817
f 5817 1936 1935
f 5820 1935 249
f 5819 5820 1860
f 5818 5819 1861
f 1941 5818 1862
f 1942 5815 5818
f 5812 5815 1942
f 5821 5822 5825
f 5822 5823 5826
f 5825 5828 5827
f 5826 5829 5828
f 243 1799 5821
f 1799 1798 5822
f 1798 1797 5823
f 1797 242 1940
f 5823 1940 1939
f 1939 1938 5829
f 1938 257 1884
f 5829 1884 1885
f 5828 1885 1886
f 5827 1886 258
f 5824 5827 1904
f 1902 5821 5824
f 5831 5834 5833
f 5832 5835 5834
f 5833 5834 5837
f 5834 5835 5838
f 1778 5830 1908
f 1777 5831 5830
f 1776 5832 5831
f 235 1943 5832
f 1943 1942 5835
f 5835 1942 1941
f 5838 1941 250
f 5837 5838 1863
f 5836 5837 1864
f 1910 5836 1865
f 1909 5833 5836
f 5830 5833 1909
f 5841 5839 5845
f 5842 5843 5839
f 5844 5845 5839
f 3359 5840 3365
f 3358 5841 5840
f 5840 5845 3364
f 262 1986 5842
f 1986 1987 5843
f 3357 5842 5841
f 277 3363 5844
f 3363 3364 5845
f 1988 5844 5843
f 5846 5847 5850
f 5847 5848 5851
f 5850 5853 5852
f 5851 5854 5853
f 256 1880 5846
f 1880 1879 5847
f 1879 1878 5848
f 1878 255 1992
f 5848 1992 1993
f 1993 1994 5854
f 1994 270 1965
f 5854 1965 1966
f 5853 1966 1967
f 5852 1967 271
f 5849 5852 1989
f 1991 5846 5849
f 5855 5856 5859
f 5856 5857 5860
f 5859 5862 5861
f 5860 5863 5862
f 249 1859 5855
f 1859 1858 5856
f 1858 1857 5857
f 1857 248 1998
f 5857 1998 1999
f 1999 2000 5863
f 2000 263 1944
f 5863 1944 1945
f 5862 1945 1946
f 5861 1946 264
f 5858 5861 1995
f 1997 5855 5858
f 5864 5865 5868
f 5865 5866 5869
f 5868 5871 5870
f 5869 5872 5871
f 257 1883 5864
f 1883 1882 5865
f 1882 1881 5866
f 1881 256 1991
f 5866 1991 1990
f 1990 1989 5872
f 1989 271 1968
f 5872 1968 1969
f 5871 1969 1970
f 5870 1970 272
f 5867 5870 2001
f 2003 5864 5867
f 5874 5877 5876
f 5875 5878 5877
f 5876 5877 5880
f 5877 5878 5881
f 1862 5873 2006
f 1861 5874 5873
f 1860 5875 5874
f 249 1997 5875
f 1997 1996 5878
f 5878 1996 1995
f 5881 1995 264
f 5880 5881 1947
f 5879 5880 1948
f 2004 5879 1949
f 2005 5876 5879
f 5873 5876 2005
f 5882 5883 5886
f 5883 5884 5887
f 5886 5889 5888
f 5887 5890 5889
f 258 1886 5882
f 1886 1885 5883
f 1885 1884 5884
f 1884 257 2003
f 5884 2003 2002
f 2002 2001 5890
f 2001 272 1971
f 5890 1971 1972
f 5889 1972 1973
f 5888 1973 273
f 5885 5888 2007
f 2009 5882 5885
f 5892 5895 5894
f 5893 5896 5895
f 5894 5895 5898
f 5895 5896 5899
f 1865 5891 2012
f 1864 5892 5891
f 1863 5893 5892
f 250 2006 5893
f 2006 2005 5896
f 5896 2005 2004
f 5899 2004 265
f 5898 5899 1950
f 5897 5898 1951
f 2010 5897 1952
f 2011 5894 5897
f 5891 5894 2011
f 5900 5901 5904
f 5901 5902 5905
f 5904 5907 5906
f 5905 5908 5907
f 259 1889 5900
f 1889 1888 5901
f 1888 1887 5902
f 1887 258 2009
f 5902 2009 2008
f 2008 2007 5908
f 2007 273 1974
f 5908 1974 1975
f 5907 1975 1976
f 5906 1976 274
f 5903 5906 2013
f 2015 5900 5903
f 5910 5913 5912
f 5911 5914 5913
f 5912 5913 5916
f 5913 5914 5917
f 1868 5909 2018
f 1867 5910 5909
f 1866 5911 5910
f 251 2012 5911
f 2012 2011 5914
f 5914 2011 2010
f 5917 2010 266
f 5916 5917 1953
f 5915 5916 1954
f 2016 5915 1955
f 2017 5912 5915
f 5909 5912 2017
f 5918 5919 5922
f 5919 5920 5923
f 5922 5925 5924
f 5923 5926 5925
f 260 1892 5918
f 1892 1891 5919
f 1891 1890 5920
f 1890 259 2015
f 5920 2015 2014
f 2014 2013 5926
f 2013 274 1977
f 5926 1977 1978
f 5925 1978 1979
f 5924 1979 275
f 5921 5924 2019
f 2021 5918 5921
f 5928 5931 5930
f 5929 5932 5931
f 5930 5931 5934
f 5931 5932 5935
f 1871 5927 2024
f 1870 5928 5927
f 1869 5929 5928
f 252 2018 5929
f 2018 2017 5932
f 5932 2017 2016
f 5935 2016 267
f 5934 5935 1956
f 5933 5934 1957
f 2022 5933 1958
f 2023 5930 5933
f 5927 5930 2023
f 5936 5937 5940
f 5937 5938 5941
f 5940 5943 5942
f 5941 5944 5943
f 261 1895 5936
f 1895 1894 5937
f 1894 1893 5938
f 1893 260 2021
f 5938 2021 2020
f 2020 2019 5944
f 2019 275 1980
f 5944 1980 1981
f 5943 1981 1982
f 5942 1982 276
f 5939 5942 2025
f 2027 5936 5939
f 5946 5949 5948
f 5947 5950 5949
f 5948 5949 5952
f 5949 5950 5953
f 1874 5945 2030
f 1873 5946 5945
f 1872 5947 5946
f 253 2024 5947
f 2024 2023 5950
f 5950 2023 2022
f 5953 2022 268
f 5952 5953 1959
f 5951 5952 1960
f 2028 5951 1961
f 2029 5948 5951
f 5945 5948 2029
f 5955 5958 5957
f 5956 5959 5958
f 5957 5958 5961
f 5958 5959 5962
f 1898 5954 1986
f 1897 5955 5954
f 1896 5956 5955
f 261 2027 5956
f 2027 2026 5959
f 5959 2026 2025
f 5962 2025 276
f 5961 5962 1983
f 5960 5961 1984
f 1988 5960 1985
f 1987 5957 5960
f 5954 5957 1987
f 5964 5967 5966
f 5965 5968 5967
f 5966 5967 5970
f 5967 5968 5971
f 1877 5963 1992
f 1876 5964 5963
f 1875 5965 5964
f 254 2030 5965
f 2030 2029 5968
f 5968 2029 2028
f 5971 2028 269
f 5970 5971 1962
f 5969 5970 1963
f 1994 5969 1964
f 1993 5966 5969
f 5963 5966 1993
f 5973 5974 5972
f 5976 5972 5974
f 5977 5978 5972
f 248 3356 5973
f 3356 3355 5974
f 1998 5973 5978
f 3360 5975 3354
f 3361 5976 5975
f 5975 5974 3355
f 263 2000 5977
f 2000 1999 5978
f 3362 5977 5976
f 5979 5980 5983
f 5980 5981 5984
f 5983 5986 5985
f 5984 5987 5986
f 275 1979 5979
f 1979 1978 5980
f 1978 1977 5981
f 1977 274 2076
f 5981 2076 2077
f 2077 2078 5987
f 2078 289 2064
f 5987 2064 2065
f 5986 2065 2066
f 5985 2066 290
f 5982 5985 2073
f 2075 5979 5982
f 5989 5992 5991
f 5990 5993 5992
f 5991 5992 5995
f 5992 5993 5996
f 1958 5988 2081
f 1957 5989 5988
f 1956 5990 5989
f 267 2082 5990
f 2082 2083 5993
f 5993 2083 2084
f 5996 2084 282
f 5995 5996 2043
f 5994 5995 2044
f 2079 5994 2045
f 2080 5991 5994
f 5988 5991 2080
f 5997 5998 6001
f 5998 5999 6002
f 6001 6004 6003
f 6002 6005 6004
f 276 1982 5997
f 1982 1981 5998
f 1981 1980 5999
f 1980 275 2075
f 5999 2075 2074
f 2074 2073 6005
f 2073 290 2067
f 6005 2067 2068
f 6004 2068 2069
f 6003 2069 291
f 6000 6003 2085
f 2087 5997 6000
f 6007 6010 6009
f 6008 6011 6010
f 6009 6010 6013
f 6010 6011 6014
f 1961 6006 2090
f 1960 6007 6006
f 1959 6008 6007
f 268 2081 6008
f 2081 2080 6011
f 6011 2080 2079
f 6014 2079 283
f 6013 6014 2046
f 6012 6013 2047
f 2088 6012 2048
f 2089 6009 6012
f 6006 6009 2089
f 6016 6019 6018
f 6017 6020 6019
f 6018 6019 6022
f 6019 6020 6023
f 1985 6015 2093
f 1984 6016 6015
f 1983 6017 6016
f 276 2087 6017
f 2087 2086 6020
f 6020 2086 2085
f 6023 2085 291
f 6022 6023 2070
f 6021 6022 2071
f 2091 6021 2072
f 2092 6018 6021
f 6015 6018 2092
f 6025 6028 6027
f 6026 6029 6028
f 6027 6028 6031
f 6028 6029 6032
f 1964 6024 2096
f 1963 6025 6024
f 1962 6026 6025
f 269 2090 6026
f 2090 2089 6029
f 6029 2089 2088
f 6032 2088 284
f 6031 6032 2049
f 6030 6031 2050
f 2094 6030 2051
f 2095 6027 6030
f 6024 6027 2095
f 6034 6035 6033
f 6037 6033 6035
f 6038 6039 6033
f 263 3362 6034
f 3362 3361 6035
f 2099 6034 6039
f 3366 6036 3360
f 3367 6037 6036
f 6036 6035 3361
f 278 2097 6038
f 2097 2098 6039
f 3368 6038 6037
f 6042 6040 6046
f 6043 6044 6040
f 6045 6046 6040
f 3365 6041 3371
f 3364 6042 6041
f 6041 6046 3370
f 277 2093 6043
f 2093 2092 6044
f 3363 6043 6042
f 292 3369 6045
f 3369 3370 6046
f 2091 6045 6044
f 6047 6048 6051
f 6048 6049 6052
f 6051 6054 6053
f 6052 6055 6054
f 271 1967 6047
f 1967 1966 6048
f 1966 1965 6049
f 1965 270 2096
f 6049 2096 2095
f 2095 2094 6055
f 2094 285 2052
f 6055 2052 2053
f 6054 2053 2054
f 6053 2054 286
f 6050 6053 2100
f 2102 6047 6050
f 6056 6057 6060
f 6057 6058 6061
f 6060 6063 6062
f 6061 6064 6063
f 264 1946 6056
f 1946 1945 6057
f 1945 1944 6058
f 1944 263 2099
f 6058 2099 2098
f 2098 2097 6064
f 2097 278 2031
f 6064 2031 2032
f 6063 2032 2033
f 6062 2033 279
f 6059 6062 2103
f 2105 6056 6059
f 6065 6066 6069
f 6066 6067 6070
f 6069 6072 6071
f 6070 6073 6072
f 272 1970 6065
f 1970 1969 6066
f 1969 1968 6067
f 1968 271 2102
f 6067 2102 2101
f 2101 2100 6073
f 2100 286 2055
f 6073 2055 2056
f 6072 2056 2057
f 6071 2057 287
f 6068 6071 2106
f 2108 6065 6068
f 6075 6078 6077
f 6076 6079 6078
f 6077 6078 6081
f 6078 6079 6082
f 1949 6074 2111
f 1948 6075 6074
f 1947 6076 6075
f 264 2105 6076
f 2105 2104 6079
f 6079 2104 2103
f 6082 2103 279
f 6081 6082 2034
f 6080 6081 2035
f 2109 6080 2036
f 2110 6077 6080
f 6074 6077 2110
f 6083 6084 6087
f 6084 6085 6088
f 6087 6090 6089
f 6088 6091 6090
f 273 1973 6083
f 1973 1972 6084
f 1972 1971 6085
f 1971 272 2108
f 6085 2108 2107
f 2107 2106 6091
f 2106 287 2058
f 6091 2058 2059
f 6090 2059 2060
f 6089 2060 288
f 6086 6089 2112
f 2114 6083 6086
f 6093 6096 6095
f 6094 6097 6096
f 6095 6096 6099
f 6096 6097 6100
f 1952 6092 2117
f 1951 6093 6092
f 1950 6094 6093
f 265 2111 6094
f 2111 2110 6097
f 6097 2110 2109
f 6100 2109 280
f 6099 6100 2037
f 6098 6099 2038
f 2115 6098 2039
f 2116 6095 6098
f 6092 6095 2116
f 6101 6102 6105
f 6102 6103 6106
f 6105 6108 6107
f 6106 6109 6108
f 274 1976 6101
f 1976 1975 6102
f 1975 1974 6103
f 1974 273 2114
f 6103 2114 2113
f 2113 2112 6109
f 2112 288 2061
f 6109 2061 2062
f 6108 2062 2063
f 6107 2063 289
f 6104 6107 2078
f 2076 6101 6104
f 6111 6114 6113
f 6112 6115 6114
f 6113 6114 6117
f 6114 6115 6118
f 1955 6110 2082
f 1954 6111 6110
f 1953 6112 6111
f 266 2117 6112
f 2117 2116 6115
f 6115 2116 2115
f 6118 2115 281
f 6117 6118 2040
f 6116 6117 2041
f 2084 6116 2042
f 2083 6113 6116
f 6110 6113 2083
f 6119 6120 6123
f 6120 6121 6124
f 6123 6126 6125
f 6124 6127 6126
f 279 2033 6119
f 2033 2032 6120
f 2032 2031 6121
f 2031 278 2166
f 6121 2166 2167
f 2167 2168 6127
f 2168 293 2118
f 6127 2118 2119
f 6126 2119 2120
f 6125 2120 294
f 6122 6125 2163
f 2165 6119 6122
f 6128 6129 6132
f 6129 6130 6133
f 6132 6135 6134
f 6133 6136 6135
f 287 2057 6128
f 2057 2056 6129
f 2056 2055 6130
f 2055 286 2172
f 6130 2172 2173
f 2173 2174 6136
f 2174 301 2142
f 6136 2142 2143
f 6135 2143 2144
f 6134 2144 302
f 6131 6134 2169
f 2171 6128 6131
f 6138 6141 6140
f 6139 6142 6141
f 6140 6141 6144
f 6141 6142 6145
f 2036 6137 2177
f 2035 6138 6137
f 2034 6139 6138
f 279 2165 6139
f 2165 2164 6142
f 6142 2164 2163
f 6145 2163 294
f 6144 6145 2121
f 6143 6144 2122
f 2175 6143 2123
f 2176 6140 6143
f 6137 6140 2176
f 6146 6147 6150
f 6147 6148 6151
f 6150 6153 6152
f 6151 6154 6153
f 288 2060 6146
f 2060 2059 6147
f 2059 2058 6148
f 2058 287 2171
f 6148 2171 2170
f 2170 2169 6154
f 2169 302 2145
f 6154 2145 2146
f 6153 2146 2147
f 6152 2147 303
f 6149 6152 2178
f 2180 6146 6149
f 6156 6159 6158
f 6157 6160 6159
f 6158 6159 6162
f 6159 6160 6163
f 2039 6155 2183
f 2038 6156 6155
f 2037 6157 6156
f 280 2177 6157
f 2177 2176 6160
f 6160 2176 2175
f 6163 2175 295
f 6162 6163 2124
f 6161 6162 2125
f 2181 6161 2126
f 2182 6158 6161
f 6155 6158 2182
f 6164 6165 6168
f 6165 6166 6169
f 6168 6171 6170
f 6169 6172 6171
f 289 2063 6164
f 2063 2062 6165
f 2062 2061 6166
f 2061 288 2180
f 6166 2180 2179
f 2179 2178 6172
f 2178 303 2148
f 6172 2148 2149
f 6171 2149 2150
f 6170 2150 304
f 6167 6170 2184
f 2186 6164 6167
f 6174 6177 6176
f 6175 6178 6177
f 6176 6177 6180
f 6177 6178 6181
f 2042 6173 2189
f 2041 6174 6173
f 2040 6175 6174
f 281 2183 6175
f 2183 2182 6178
f 6178 2182 2181
f 6181 2181 296
f 6180 6181 2127
f 6179 6180 2128
f 2187 6179 2129
f 2188 6176 6179
f 6173 6176 2188
f 6182 6183 6186
f 6183 6184 6187
f 6186 6189 6188
f 6187 6190 6189
f 290 2066 6182
f 2066 2065 6183
f 2065 2064 6184
f 2064 289 2186
f 6184 2186 2185
f 2185 2184 6190
f 2184 304 2151
f 6190 2151 2152
f 6189 2152 2153
f 6188 2153 305
f 6185 6188 2190
f 2192 6182 6185
f 6192 6195 6194
f 6193 6196 6195
f 6194 6195 6198
f 6195 6196 6199
f 2045 6191 2195
f 2044 6192 6191
f 2043 6193 6192
f 282 2189 6193
f 2189 2188 6196
f 6196 2188 2187
f 6199 2187 297
f 6198 6199 2130
f 6197 6198 2131
f 2193 6197 2132
f 2194 6194 6197
f 6191 6194 2194
f 6200 6201 6204
f 6201 6202 6205
f 6204 6207 6206
f 6205 6208 6207
f 291 2069 6200
f 2069 2068 6201
f 2068 2067 6202
f 2067 290 2192
f 6202 2192 2191
f 2191 2190 6208
f 2190 305 2154
f 6208 2154 2155
f 6207 2155 2156
f 6206 2156 306
f 6203 6206 2196
f 2198 6200 6203
f 6210 6213 6212
f 6211 6214 6213
f 6212 6213 6216
f 6213 6214 6217
f 2048 6209 2201
f 2047 6210 6209
f 2046 6211 6210
f 283 2195 6211
f 2195 2194 6214
f 6214 2194 2193
f 6217 2193 298
f 6216 6217 2133
f 6215 6216 2134
f 2199 6215 2135
f 2200 6212 6215
f 6209 6212 2200
f 6219 6222 6221
f 6220 6223 6222
f 6221 6222 6225
f 6222 6223 6226
f 2072 6218 2204
f 2071 6219 6218
f 2070 6220 6219
f 291 2198 6220
f 2198 2197 6223
f 6223 2197 2196
f 6226 2196 306
f 6225 6226 2157
f 6224 6225 2158
f 2202 6224 2159
f 2203 6221 6224
f 6218 6221 2203
f 6228 6231 6230
f 6229 6232 6231
f 6230 6231 6234
f 6231 6232 6235
f 2051 6227 2207
f 2050 6228 6227
f 2049 6229 6228
f 284 2201 6229
f 2201 2200 6232
f 6232 2200 2199
f 6235 2199 299
f 6234 6235 2136
f 6233 6234 2137
f 2205 6233 2138
f 2206 6230 6233
f 6227 6230 2206
f 6237 6238 6236
f 6240 6236 6238
f 6241 6242 6236
f 278 3368 6237
f 3368 3367 6238
f 2166 6237 6242
f 3372 6239 3366
f 3373 6240 6239
f 6239 6238 3367
f 293 2168 6241
f 2168 2167 6242
f 3374 6241 6240
f 6245 6243 6249
f 6246 6247 6243
f 6248 6249 6243
f 3371 6244 2162
f 3370 6245 6244
f 6244 6249 2161
f 292 2204 6246
f 2204 2203 6247
f 3369 6246 6245
f 307 2160 6248
f 2160 2161 6249
f 2202 6248 6247
f 6250 6251 6254
f 6251 6252 6255
f 6254 6257 6256
f 6255 6258 6257
f 286 2054 6250
f 2054 2053 6251
f 2053 2052 6252
f 2052 285 2207
f 2207 2206 6255
f 2206 2205 6258
f 2205 300 2139
f 6258 2139 2140
f 6257 2140 2141
f 6256 2141 301
f 6253 6256 2174
f 2172 6250 6253
f 6260 6263 6262
f 6261 6264 6263
f 6262 6263 6266
f 6263 6264 6267
f 2132 6259 2252
f 2131 6260 6259
f 2130 6261 6260
f 297 2253 6261
f 2253 2254 6264
f 6264 2254 2255
f 6267 2255 313
f 6266 6267 2220
f 6265 6266 2221
f 2250 6265 2222
f 2251 6262 6265
f 6259 6262 2251
f 6268 6269 6272
f 6269 6270 6273
f 6272 6275 6274
f 6273 6276 6275
f 306 2156 6268
f 2156 2155 6269
f 2155 2154 6270
f 2154 305 2259
f 6270 2259 2260
f 2260 2261 6276
f 2261 321 2244
f 6276 2244 2245
f 6275 2245 2246
f 6274 2246 322
f 6271 6274 2256
f 2258 6268 6271
f 6278 6281 6280
f 6279 6282 6281
f 6280 6281 6284
f 6281 6282 6285
f 2135 6277 2264
f 2134 6278 6277
f 2133 6279 6278
f 298 2252 6279
f 2252 2251 6282
f 6282 2251 2250
f 6285 2250 314
f 6284 6285 2223
f 6283 6284 2224
f 2262 6283 2225
f 2263 6280 6283
f 6277 6280 2263
f 6287 6290 6289
f 6288 6291 6290
f 6289 6290 6293
f 6290 6291 6294
f 2159 6286 2267
f 2158 6287 6286
f 2157 6288 6287
f 306 2258 6288
f 2258 2257 6291
f 6291 2257 2256
f 6294 2256 322
f 6293 6294 2247
f 6292 6293 2248
f 2265 6292 2249
f 2266 6289 6292
f 6286 6289 2266
f 6296 6299 6298
f 6297 6300 6299
f 6298 6299 6302
f 6299 6300 6303
f 300 2138 6295
f 2137 6296 6295
f 2136 6297 6296
f 299 2264 6297
f 2264 2263 6300
f 6300 2263 2262
f 6303 2262 315
f 6302 6303 2226
f 6301 6302 2227
f 2268 6301 2228
f 2269 6298 6301
f 6295 6298 2269
f 6305 6306 6304
f 6308 6304 6306
f 6309 6310 6304
f 293 3374 6305
f 3374 3373 6306
f 2273 6305 6310
f 3375 6307 3372
f 3376 6308 6307
f 6307 6306 3373
f 309 2271 6309
f 2271 2272 6310
f 3377 6309 6308
f 6313 6311 6317
f 6314 6315 6311
f 6316 6317 6311
f 2162 6312 3380
f 2161 6313 6312
f 6312 6317 3379
f 307 2267 6314
f 2267 2266 6315
f 2160 6314 6313
f 323 3378 6316
f 3378 3379 6317
f 2265 6316 6315
f 6318 6319 6322
f 6319 6320 6323
f 6322 6325 6324
f 6323 6326 6325
f 301 2141 6318
f 2141 2140 6319
f 2140 2139 6320
f 300 2270 6320
f 2270 2269 6323
f 2269 2268 6326
f 2268 316 2229
f 6326 2229 2230
f 6325 2230 2231
f 6324 2231 317
f 6321 6324 2274
f 2276 6318 6321
f 6327 6328 6331
f 6328 6329 6332
f 6331 6334 6333
f 6332 6335 6334
f 294 2120 6327
f 2120 2119 6328
f 2119 2118 6329
f 2118 293 2273
f 6329 2273 2272
f 2272 2271 6335
f 2271 309 2208
f 6335 2208 2209
f 6334 2209 2210
f 6333 2210 310
f 6330 6333 2277
f 2279 6327 6330
f 6336 6337 6340
f 6337 6338 6341
f 6340 6343 6342
f 6341 6344 6343
f 302 2144 6336
f 2144 2143 6337
f 2143 2142 6338
f 2142 301 2276
f 6338 2276 2275
f 2275 2274 6344
f 2274 317 2232
f 6344 2232 2233
f 6343 2233 2234
f 6342 2234 318
f 6339 6342 2280
f 2282 6336 6339
f 6346 6349 6348
f 6347 6350 6349
f 6348 6349 6352
f 6349 6350 6353
f 2123 6345 2285
f 2122 6346 6345
f 2121 6347 6346
f 294 2279 6347
f 2279 2278 6350
f 6350 2278 2277
f 6353 2277 310
f 6352 6353 2211
f 6351 6352 2212
f 2283 6351 2213
f 2284 6348 6351
f 6345 6348 2284
f 6354 6355 6358
f 6355 6356 6359
f 6358 6361 6360
f 6359 6362 6361
f 303 2147 6354
f 2147 2146 6355
f 2146 2145 6356
f 2145 302 2282
f 6356 2282 2281
f 2281 2280 6362
f 2280 318 2235
f 6362 2235 2236
f 6361 2236 2237
f 6360 2237 319
f 6357 6360 2286
f 2288 6354 6357
f 6364 6367 6366
f 6365 6368 6367
f 6366 6367 6370
f 6367 6368 6371
f 2126 6363 2291
f 2125 6364 6363
f 2124 6365 6364
f 295 2285 6365
f 2285 2284 6368
f 6368 2284 2283
f 6371 2283 311
f 6370 6371 2214
f 6369 6370 2215
f 2289 6369 2216
f 2290 6366 6369
f 6363 6366 2290
f 6372 6373 6376
f 6373 6374 6377
f 6376 6379 6378
f 6377 6380 6379
f 304 2150 6372
f 2150 2149 6373
f 2149 2148 6374
f 2148 303 2288
f 6374 2288 2287
f 2287 2286 6380
f 2286 319 2238
f 6380 2238 2239
f 6379 2239 2240
f 6378 2240 320
f 6375 6378 2292
f 2294 6372 6375
f 6382 6385 6384
f 6383 6386 6385
f 6384 6385 6388
f 6385 6386 6389
f 2129 6381 2253
f 2128 6382 6381
f 2127 6383 6382
f 296 2291 6383
f 2291 2290 6386
f 6386 2290 2289
f 6389 2289 312
f 6388 6389 2217
f 6387 6388 2218
f 2255 6387 2219
f 2254 6384 6387
f 6381 6384 2254
f 6390 6391 6394
f 6391 6392 6395
f 6394 6397 6396
f 6395 6398 6397
f 305 2153 6390
f 2153 2152 6391
f 2152 2151 6392
f 2151 304 2294
f 6392 2294 2293
f 2293 2292 6398
f 2292 320 2241
f 6398 2241 2242
f 6397 2242 2243
f 6396 2243 321
f 6393 6396 2261
f 2259 6390 6393
f 6399 6400 6403
f 6400 6401 6404
f 6403 6406 6405
f 6404 6407 6406
f 318 2234 6399
f 2234 2233 6400
f 2233 2232 6401
f 2232 317 2340
f 6401 2340 2341
f 2341 2342 6407
f 2342 332 2319
f 6407 2319 2320
f 6406 2320 2321
f 6405 2321 333
f 6402 6405 2337
f 2339 6399 6402
f 6409 6412 6411
f 6410 6413 6412
f 6411 6412 6415
f 6412 6413 6416
f 2213 6408 2345
f 2212 6409 6408
f 2211 6410 6409
f 310 2346 6410
f 2346 2347 6413
f 6413 2347 2348
f 6416 2348 325
f 6415 6416 2298
f 6414 6415 2299
f 2343 6414 2300
f 2344 6411 6414
f 6408 6411 2344
f 6417 6418 6421
f 6418 6419 6422
f 6421 6424 6423
f 6422 6425 6424
f 319 2237 6417
f 2237 2236 6418
f 2236 2235 6419
f 2235 318 2339
f 6419 2339 2338
f 2338 2337 6425
f 2337 333 2322
f 6425 2322 2323
f 6424 2323 2324
f 6423 2324 334
f 6420 6423 2349
f 2351 6417 6420
f 6427 6430 6429
f 6428 6431 6430
f 6429 6430 6433
f 6430 6431 6434
f 2216 6426 2354
f 2215 6427 6426
f 2214 6428 6427
f 311 2345 6428
f 2345 2344 6431
f 6431 2344 2343
f 6434 2343 326
f 6433 6434 2301
f 6432 6433 2302
f 2352 6432 2303
f 2353 6429 6432
f 6426 6429 2353
f 6435 6436 6439
f 6436 6437 6440
f 6439 6442 6441
f 6440 6443 6442
f 320 2240 6435
f 2240 2239 6436
f 2239 2238 6437
f 2238 319 2351
f 6437 2351 2350
f 2350 2349 6443
f 2349 334 2325
f 6443 2325 2326
f 6442 2326 2327
f 6441 2327 335
f 6438 6441 2355
f 2357 6435 6438
f 6445 6448 6447
f 6446 6449 6448
f 6447 6448 6451
f 6448 6449 6452
f 2219 6444 2360
f 2218 6445 6444
f 2217 6446 6445
f 312 2354 6446
f 2354 2353 6449
f 6449 2353 2352
f 6452 2352 327
f 6451 6452 2304
f 6450 6451 2305
f 2358 6450 2306
f 2359 6447 6450
f 6444 6447 2359
f 6453 6454 6457
f 6454 6455 6458
f 6457 6460 6459
f 6458 6461 6460
f 321 2243 6453
f 2243 2242 6454
f 2242 2241 6455
f 2241 320 2357
f 6455 2357 2356
f 2356 2355 6461
f 2355 335 2328
f 6461 2328 2329
f 6460 2329 2330
f 6459 2330 336
f 6456 6459 2361
f 2363 6453 6456
f 6463 6466 6465
f 6464 6467 6466
f 6465 6466 6469
f 6466 6467 6470
f 2222 6462 2366
f 2221 6463 6462
f 2220 6464 6463
f 313 2360 6464
f 2360 2359 6467
f 6467 2359 2358
f 6470 2358 328
f 6469 6470 2307
f 6468 6469 2308
f 2364 6468 2309
f 2365 6465 6468
f 6462 6465 2365
f 6471 6472 6475
f 6472 6473 6476
f 6475 6478 6477
f 6476 6479 6478
f 322 2246 6471
f 2246 2245 6472
f 2245 2244 6473
f 2244 321 2363
f 6473 2363 2362
f 2362 2361 6479
f 2361 336 2331
f 6479 2331 2332
f 6478 2332 2333
f 6477 2333 337
f 6474 6477 2367
f 2369 6471 6474
f 6481 6484 6483
f 6482 6485 6484
f 6483 6484 6487
f 6484 6485 6488
f 2225 6480 2372
f 2224 6481 6480
f 2223 6482 6481
f 314 2366 6482
f 2366 2365 6485
f 6485 2365 2364
f 6488 2364 329
f 6487 6488 2310
f 6486 6487 2311
f 2370 6486 2312
f 2371 6483 6486
f 6480 6483 2371
f 6490 6493 6492
f 6491 6494 6493
f 6492 6493 6496
f 6493 6494 6497
f 2249 6489 2375
f 2248 6490 6489
f 2247 6491 6490
f 322 2369 6491
f 2369 2368 6494
f 6494 2368 2367
f 6497 2367 337
f 6496 6497 2334
f 6495 6496 2335
f 2373 6495 2336
f 2374 6492 6495
f 6489 6492 2374
f 6499 6502 6501
f 6500 6503 6502
f 6501 6502 6505
f 6502 6503 6506
f 316 2228 6498
f 2227 6499 6498
f 2226 6500 6499
f 315 2372 6500
f 2372 2371 6503
f 6503 2371 2370
f 6506 2370 330
f 6505 6506 2313
f 6504 6505 2314
f 2376 6504 2315
f 2377 6501 6504
f 6498 6501 2377
f 6508 6509 6507
f 6511 6507 6509
f 6512 6513 6507
f 309 3377 6508
f 3377 3376 6509
f 2381 6508 6513
f 3381 6510 3375
f 3382 6511 6510
f 6510 6509 3376
f 324 2379 6512
f 2379 2380 6513
f 3383 6512 6511
f 6516 6514 6520
f 6517 6518 6514
f 6519 6520 6514
f 3380 6515 3386
f 3379 6516 6515
f 6515 6520 3385
f 323 2375 6517
f 2375 2374 6518
f 3378 6517 6516
f 338 3384 6519
f 3384 3385 6520
f 2373 6519 6518
f 6521 6522 6525
f 6522 6523 6526
f 6525 6528 6527
f 6526 6529 6528
f 317 2231 6521
f 2231 2230 6522
f 2230 2229 6523
f 316 2378 6523
f 2378 2377 6526
f 2377 2376 6529
f 2376 331 2316
f 6529 2316 2317
f 6528 2317 2318
f 6527 2318 332
f 6524 6527 2342
f 2340 6521 6524
f 6530 6531 6534
f 6531 6532 6535
f 6534 6537 6536
f 6535 6538 6537
f 310 2210 6530
f 2210 2209 6531
f 2209 2208 6532
f 2208 309 2381
f 6532 2381 2380
f 2380 2379 6538
f 2379 324 2295
f 6538 2295 2296
f 6537 2296 2297
f 6536 2297 325
f 6533 6536 2348
f 2346 6530 6533
f 6539 6540 6543
f 6540 6541 6544
f 6543 6546 6545
f 6544 6547 6546
f 337 2333 6539
f 2333 2332 6540
f 2332 2331 6541
f 2331 336 2427
f 6541 2427 2428
f 2428 2429 6547
f 2429 351 2418
f 6547 2418 2419
f 6546 2419 2420
f 6545 2420 352
f 6542 6545 2424
f 2426 6539 6542
f 6549 6552 6551
f 6550 6553 6552
f 6551 6552 6555
f 6552 6553 6556
f 2312 6548 2432
f 2311 6549 6548
f 2310 6550 6549
f 329 2433 6550
f 2433 2434 6553
f 6553 2434 2435
f 6556 2435 344
f 6555 6556 2397
f 6554 6555 2398
f 2430 6554 2399
f 2431 6551 6554
f 6548 6551 2431
f 6558 6561 6560
f 6559 6562 6561
f 6560 6561 6564
f 6561 6562 6565
f 2336 6557 2438
f 2335 6558 6557
f 2334 6559 6558
f 337 2426 6559
f 2426 2425 6562
f 6562 2425 2424
f 6565 2424 352
f 6564 6565 2421
f 6563 6564 2422
f 2436 6563 2423
f 2437 6560 6563
f 6557 6560 2437
f 6567 6570 6569
f 6568 6571 6570
f 6569 6570 6573
f 6570 6571 6574
f 2315 6566 2441
f 2314 6567 6566
f 2313 6568 6567
f 330 2432 6568
f 2432 2431 6571
f 6571 2431 2430
f 6574 2430 345
f 6573 6574 2400
f 6572 6573 2401
f 2439 6572 2402
f 2440 6569 6572
f 6566 6569 2440
f 6576 6577 6575
f 6579 6575 6577
f 6580 6581 6575
f 324 3383 6576
f 3383 3382 6577
f 2444 6576 6581
f 3387 6578 3381
f 3388 6579 6578
f 6578 6577 3382
f 339 2442 6580
f 2442 2443 6581
f 3389 6580 6579
f 6584 6582 6588
f 6585 6586 6582
f 6587 6588 6582
f 3386 6583 3392
f 3385 6584 6583
f 6583 6588 3391
f 338 2438 6585
f 2438 2437 6586
f 3384 6585 6584
f 353 3390 6587
f 3390 3391 6588
f 2436 6587 6586
f 6589 6590 6593
f 6590 6591 6594
f 6593 6596 6595
f 6594 6597 6596
f 332 2318 6589
f 2318 2317 6590
f 2317 2316 6591
f 2316 331 2441
f 6591 2441 2440
f 2440 2439 6597
f 2439 346 2403
f 6597 2403 2404
f 6596 2404 2405
f 6595 2405 347
f 6592 6595 2445
f 2447 6589 6592
f 6598 6599 6602
f 6599 6600 6603
f 6602 6605 6604
f 6603 6606 6605
f 325 2297 6598
f 2297 2296 6599
f 2296 2295 6600
f 2295 324 2444
f 6600 2444 2443
f 2443 2442 6606
f 2442 339 2382
f 6606 2382 2383
f 6605 2383 2384
f 6604 2384 340
f 6601 6604 2448
f 2450 6598 6601
f 6607 6608 6611
f 6608 6609 6612
f 6611 6614 6613
f 6612 6615 6614
f 333 2321 6607
f 2321 2320 6608
f 2320 2319 6609
f 2319 332 2447
f 6609 2447 2446
f 2446 2445 6615
f 2445 347 2406
f 6615 2406 2407
f 6614 2407 2408
f 6613 2408 348
f 6610 6613 2451
f 2453 6607 6610
f 6617 6620 6619
f 6618 6621 6620
f 6619 6620 6623
f 6620 6621 6624
f 2300 6616 2456
f 2299 6617 6616
f 2298 6618 6617
f 325 2450 6618
f 2450 2449 6621
f 6621 2449 2448
f 6624 2448 340
f 6623 6624 2385
f 6622 6623 2386
f 2454 6622 2387
f 2455 6619 6622
f 6616 6619 2455
f 6625 6626 6629
f 6626 6627 6630
f 6629 6632 6631
f 6630 6633 6632
f 334 2324 6625
f 2324 2323 6626
f 2323 2322 6627
f 2322 333 2453
f 6627 2453 2452
f 2452 2451 6633
f 2451 348 2409
f 6633 2409 2410
f 6632 2410 2411
f 6631 2411 349
f 6628 6631 2457
f 2459 6625 6628
f 6635 6638 6637
f 6636 6639 6638
f 6637 6638 6641
f 6638 6639 6642
f 2303 6634 2462
f 2302 6635 6634
f 2301 6636 6635
f 326 2456 6636
f 2456 2455 6639
f 6639 2455 2454
f 6642 2454 341
f 6641 6642 2388
f 6640 6641 2389
f 2460 6640 2390
f 2461 6637 6640
f 6634 6637 2461
f 6643 6644 6647
f 6644 6645 6648
f 6647 6650 6649
f 6648 6651 6650
f 335 2327 6643
f 2327 2326 6644
f 2326 2325 6645
f 2325 334 2459
f 6645 2459 2458
f 2458 2457 6651
f 2457 349 2412
f 6651 2412 2413
f 6650 2413 2414
f 6649 2414 350
f 6646 6649 2463
f 2465 6643 6646
f 6653 6656 6655
f 6654 6657 6656
f 6655 6656 6659
f 6656 6657 6660
f 2306 6652 2468
f 2305 6653 6652
f 2304 6654 6653
f 327 2462 6654
f 2462 2461 6657
f 6657 2461 2460
f 6660 2460 342
f 6659 6660 2391
f 6658 6659 2392
f 2466 6658 2393
f 2467 6655 6658
f 6652 6655 2467
f 6661 6662 6665
f 6662 6663 6666
f 6665 6668 6667
f 6666 6669 6668
f 336 2330 6661
f 2330 2329 6662
f 2329 2328 6663
f 2328 335 2465
f 6663 2465 2464
f 2464 2463 6669
f 2463 350 2415
f 6669 2415 2416
f 6668 2416 2417
f 6667 2417 351
f 6664 6667 2429
f 2427 6661 6664
f 6671 6674 6673
f 6672 6675 6674
f 6673 6674 6677
f 6674 6675 6678
f 2309 6670 2433
f 2308 6671 6670
f 2307 6672 6671
f 328 2468 6672
f 2468 2467 6675
f 6675 2467 2466
f 6678 2466 343
f 6677 6678 2394
f 6676 6677 2395
f 2435 6676 2396
f 2434 6673 6676
f 6670 6673 2434
f 6680 6683 6682
f 6681 6684 6683
f 6682 6683 6686
f 6683 6684 6687
f 2387 6679 2513
f 2386 6680 6679
f 2385 6681 6680
f 340 2514 6681
f 2514 2515 6684
f 6684 2515 2516
f 6687 2516 355
f 6686 6687 2472
f 6685 6686 2473
f 2511 6685 2474
f 2512 6682 6685
f 6679 6682 2512
f 6688 6689 6692
f 6689 6690 6693
f 6692 6695 6694
f 6693 6696 6695
f 349 2411 6688
f 2411 2410 6689
f 2410 2409 6690
f 2409 348 2520
f 6690 2520 2521
f 2521 2522 6696
f 2522 363 2496
f 6696 2496 2497
f 6695 2497 2498
f 6694 2498 364
f 6691 6694 2517
f 2519 6688 6691
f 6698 6701 6700
f 6699 6702 6701
f 6700 6701 6704
f 6701 6702 6705
f 2390 6697 2525
f 2389 6698 6697
f 2388 6699 6698
f 341 2513 6699
f 2513 2512 6702
f 6702 2512 2511
f 6705 2511 356
f 6704 6705 2475
f 6703 6704 2476
f 2523 6703 2477
f 2524 6700 6703
f 6697 6700 2524
f 6706 6707 6710
f 6707 6708 6711
f 6710 6713 6712
f 6711 6714 6713
f 350 2414 6706
f 2414 2413 6707
f 2413 2412 6708
f 2412 349 2519
f 6708 2519 2518
f 2518 2517 6714
f 2517 364 2499
f 6714 2499 2500
f 6713 2500 2501
f 6712 2501 365
f 6709 6712 2526
f 2528 6706 6709
f 6716 6719 6718
f 6717 6720 6719
f 6718 6719 6722
f 6719 6720 6723
f 2393 6715 2531
f 2392 6716 6715
f 2391 6717 6716
f 342 2525 6717
f 2525 2524 6720
f 6720 2524 2523
f 6723 2523 357
f 6722 6723 2478
f 6721 6722 2479
f 2529 6721 2480
f 2530 6718 6721
f 6715 6718 2530
f 6724 6725 6728
f 6725 6726 6729
f 6728 6731 6730
f 6729 6732 6731
f 351 2417 6724
f 2417 2416 6725
f 2416 2415 6726
f 2415 350 2528
f 6726 2528 2527
f 2527 2526 6732
f 2526 365 2502
f 6732 2502 2503
f 6731 2503 2504
f 6730 2504 366
f 6727 6730 2532
f 2534 6724 6727
f 6734 6737 6736
f 6735 6738 6737
f 6736 6737 6740
f 6737 6738 6741
f 2396 6733 2537
f 2395 6734 6733
f 2394 6735 6734
f 343 2531 6735
f 2531 2530 6738
f 6738 2530 2529
f 6741 2529 358
f 6740 6741 2481
f 6739 6740 2482
f 2535 6739 2483
f 2536 6736 6739
f 6733 6736 2536
f 6742 6743 6746
f 6743 6744 6747
f 6746 6749 6748
f 6747 6750 6749
f 352 2420 6742
f 2420 2419 6743
f 2419 2418 6744
f 2418 351 2534
f 6744 2534 2533
f 2533 2532 6750
f 2532 366 2505
f 6750 2505 2506
f 6749 2506 2507
f 6748 2507 367
f 6745 6748 2538
f 2540 6742 6745
f 6752 6755 6754
f 6753 6756 6755
f 6754 6755 6758
f 6755 6756 6759
f 2399 6751 2543
f 2398 6752 6751
f 2397 6753 6752
f 344 2537 6753
f 2537 2536 6756
f 6756 2536 2535
f 6759 2535 359
f 6758 6759 2484
f 6757 6758 2485
f 2541 6757 2486
f 2542 6754 6757
f 6751 6754 2542
f 6761 6764 6763
f 6762 6765 6764
f 6763 6764 6767
f 6764 6765 6768
f 2423 6760 2546
f 2422 6761 6760
f 2421 6762 6761
f 352 2540 6762
f 2540 2539 6765
f 6765 2539 2538
f 6768 2538 367
f 6767 6768 2508
f 6766 6767 2509
f 2544 6766 2510
f 2545 6763 6766
f 6760 6763 2545
f 6770 6773 6772
f 6771 6774 6773
f 6772 6773 6776
f 6773 6774 6777
f 2402 6769 2549
f 2401 6770 6769
f 2400 6771 6770
f 345 2543 6771
f 2543 2542 6774
f 6774 2542 2541
f 6777 2541 360
f 6776 6777 2487
f 6775 6776 2488
f 2547 6775 2489
f 2548 6772 6775
f 6769 6772 2548
f 6779 6780 6778
f 6782 6778 6780
f 6783 6784 6778
f 339 3389 6779
f 3389 3388 6780
f 2552 6779 6784
f 3393 6781 3387
f 3394 6782 6781
f 6781 6780 3388
f 354 2550 6783
f 2550 2551 6784
f 3395 6783 6782
f 6787 6785 6791
f 6788 6789 6785
f 6790 6791 6785
f 3392 6786 3398
f 3391 6787 6786
f 6786 6791 3397
f 353 2546 6788
f 2546 2545 6789
f 3390 6788 6787
f 368 3396 6790
f 3396 3397 6791
f 2544 6790 6789
f 6792 6793 6796
f 6793 6794 6797
f 6796 6799 6798
f 6797 6800 6799
f 347 2405 6792
f 2405 2404 6793
f 2404 2403 6794
f 2403 346 2549
f 6794 2549 2548
f 2548 2547 6800
f 2547 361 2490
f 6800 2490 2491
f 6799 2491 2492
f 6798 2492 362
f 6795 6798 2553
f 2555 6792 6795
f 6801 6802 6805
f 6802 6803 6806
f 6805 6808 6807
f 6806 6809 6808
f 340 2384 6801
f 2384 2383 6802
f 2383 2382 6803
f 2382 339 2552
f 6803 2552 2551
f 2551 2550 6809
f 2550 354 2469
f 6809 2469 2470
f 6808 2470 2471
f 6807 2471 355
f 6804 6807 2516
f 2514 6801 6804
f 6810 6811 6814
f 6811 6812 6815
f 6814 6817 6816
f 6815 6818 6817
f 348 2408 6810
f 2408 2407 6811
f 2407 2406 6812
f 2406 347 2555
f 6812 2555 2554
f 2554 2553 6818
f 2553 362 2493
f 6818 2493 2494
f 6817 2494 2495
f 6816 2495 363
f 6813 6816 2522
f 2520 6810 6813
f 6820 6823 6822
f 6821 6824 6823
f 6822 6823 6826
f 6823 6824 6827
f 2486 6819 2600
f 2485 6820 6819
f 2484 6821 6820
f 359 2601 6821
f 2601 2602 6824
f 6824 2602 2603
f 6827 2603 374
f 6826 6827 2571
f 6825 6826 2572
f 2598 6825 2573
f 2599 6822 6825
f 6819 6822 2599
f 6829 6832 6831
f 6830 6833 6832
f 6831 6832 6835
f 6832 6833 6836
f 2510 6828 2606
f 2509 6829 6828
f 2508 6830 6829
f 367 2607 6830
f 2607 2608 6833
f 6833 2608 2609
f 6836 2609 382
f 6835 6836 2595
f 6834 6835 2596
f 2604 6834 2597
f 2605 6831 6834
f 6828 6831 2605
f 6838 6841 6840
f 6839 6842 6841
f 6840 6841 6844
f 6841 6842 6845
f 2489 6837 2612
f 2488 6838 6837
f 2487 6839 6838
f 360 2600 6839
f 2600 2599 6842
f 6842 2599 2598
f 6845 2598 375
f 6844 6845 2574
f 6843 6844 2575
f 2610 6843 2576
f 2611 6840 6843
f 6837 6840 2611
f 6847 6848 6846
f 6850 6846 6848
f 6851 6852 6846
f 354 3395 6847
f 3395 3394 6848
f 2615 6847 6852
f 3399 6849 3393
f 3400 6850 6849
f 6849 6848 3394
f 369 2613 6851
f 2613 2614 6852
f 3401 6851 6850
f 6855 6853 6859
f 6856 6857 6853
f 6858 6859 6853
f 3398 6854 3404
f 3397 6855 6854
f 6854 6859 3403
f 368 2606 6856
f 2606 2605 6857
f 3396 6856 6855
f 383 3402 6858
f 3402 3403 6859
f 2604 6858 6857
f 6860 6861 6864
f 6861 6862 6865
f 6864 6867 6866
f 6865 6868 6867
f 362 2492 6860
f 2492 2491 6861
f 2491 2490 6862
f 2490 361 2612
f 6862 2612 2611
f 2611 2610 6868
f 2610 376 2577
f 6868 2577 2578
f 6867 2578 2579
f 6866 2579 377
f 6863 6866 2616
f 2618 6860 6863
f 6869 6870 6873
f 6870 6871 6874
f 6873 6876 6875
f 6874 6877 6876
f 355 2471 6869
f 2471 2470 6870
f 2470 2469 6871
f 2469 354 2615
f 6871 2615 2614
f 2614 2613 6877
f 2613 369 2556
f 6877 2556 2557
f 6876 2557 2558
f 6875 2558 370
f 6872 6875 2619
f 2621 6869 6872
f 6878 6879 6882
f 6879 6880 6883
f 6882 6885 6884
f 6883 6886 6885
f 363 2495 6878
f 2495 2494 6879
f 2494 2493 6880
f 2493 362 2618
f 6880 2618 2617
f 2617 2616 6886
f 2616 377 2580
f 6886 2580 2581
f 6885 2581 2582
f 6884 2582 378
f 6881 6884 2622
f 2624 6878 6881
f 6888 6891 6890
f 6889 6892 6891
f 6890 6891 6894
f 6891 6892 6895
f 2474 6887 2627
f 2473 6888 6887
f 2472 6889 6888
f 355 2621 6889
f 2621 2620 6892
f 6892 2620 2619
f 6895 2619 370
f 6894 6895 2559
f 6893 6894 2560
f 2625 6893 2561
f 2626 6890 6893
f 6887 6890 2626
f 6896 6897 6900
f 6897 6898 6901
f 6900 6903 6902
f 6901 6904 6903
f 364 2498 6896
f 2498 2497 6897
f 2497 2496 6898
f 2496 363 2624
f 6898 2624 2623
f 2623 2622 6904
f 2622 378 2583
f 6904 2583 2584
f 6903 2584 2585
f 6902 2585 379
f 6899 6902 2628
f 2630 6896 6899
f 6906 6909 6908
f 6907 6910 6909
f 6908 6909 6912
f 6909 6910 6913
f 2477 6905 2633
f 2476 6906 6905
f 2475 6907 6906
f 356 2627 6907
f 2627 2626 6910
f 6910 2626 2625
f 6913 2625 371
f 6912 6913 2562
f 6911 6912 2563
f 2631 6911 2564
f 2632 6908 6911
f 6905 6908 2632
f 6914 6915 6918
f 6915 6916 6919
f 6918 6921 6920
f 6919 6922 6921
f 365 2501 6914
f 2501 2500 6915
f 2500 2499 6916
f 2499 364 2630
f 6916 2630 2629
f 2629 2628 6922
f 2628 379 2586
f 6922 2586 2587
f 6921 2587 2588
f 6920 2588 380
f 6917 6920 2634
f 2636 6914 6917
f 6924 6927 6926
f 6925 6928 6927
f 6926 6927 6930
f 6927 6928 6931
f 2480 6923 2639
f 2479 6924 6923
f 2478 6925 6924
f 357 2633 6925
f 2633 2632 6928
f 6928 2632 2631
f 6931 2631 372
f 6930 6931 2565
f 6929 6930 2566
f 2637 6929 2567
f 2638 6926 6929
f 6923 6926 2638
f 6932 6933 6936
f 6933 6934 6937
f 6936 6939 6938
f 6937 6940 6939
f 366 2504 6932
f 2504 2503 6933
f 2503 2502 6934
f 2502 365 2636
f 6934 2636 2635
f 2635 2634 6940
f 2634 380 2589
f 6940 2589 2590
f 6939 2590 2591
f 6938 2591 381
f 6935 6938 2640
f 2642 6932 6935
f 6942 6945 6944
f 6943 6946 6945
f 6944 6945 6948
f 6945 6946 6949
f 2483 6941 2601
f 2482 6942 6941
f 2481 6943 6942
f 358 2639 6943
f 2639 2638 6946
f 6946 2638 2637
f 6949 2637 373
f 6948 6949 2568
f 6947 6948 2569
f 2603 6947 2570
f 2602 6944 6947
f 6941 6944 2602
f 6950 6951 6954
f 6951 6952 6955
f 6954 6957 6956
f 6955 6958 6957
f 367 2507 6950
f 2507 2506 6951
f 2506 2505 6952
f 2505 366 2642
f 6952 2642 2641
f 2641 2640 6958
f 2640 381 2592
f 6958 2592 2593
f 6957 2593 2594
f 6956 2594 382
f 6953 6956 2609
f 2607 6950 6953
f 6959 6960 6963
f 6960 6961 6964
f 6963 6966 6965
f 6964 6967 6966
f 379 2585 6959
f 2585 2584 6960
f 2584 2583 6961
f 2583 378 2688
f 6961 2688 2689
f 2689 2690 6967
f 2690 393 2670
f 6967 2670 2671
f 6966 2671 2672
f 6965 2672 394
f 6962 6965 2685
f 2687 6959 6962
f 6969 6972 6971
f 6970 6973 6972
f 6971 6972 6975
f 6972 6973 6976
f 2564 6968 2693
f 2563 6969 6968
f 2562 6970 6969
f 371 2694 6970
f 2694 2695 6973
f 6973 2695 2696
f 6976 2696 386
f 6975 6976 2649
f 6974 6975 2650
f 2691 6974 2651
f 2692 6971 6974
f 6968 6971 2692
f 6977 6978 6981
f 6978 6979 6982
f 6981 6984 6983
f 6982 6985 6984
f 380 2588 6977
f 2588 2587 6978
f 2587 2586 6979
f 2586 379 2687
f 6979 2687 2686
f 2686 2685 6985
f 2685 394 2673
f 6985 2673 2674
f 6984 2674 2675
f 6983 2675 395
f 6980 6983 2697
f 2699 6977 6980
f 6987 6990 6989
f 6988 6991 6990
f 6989 6990 6993
f 6990 6991 6994
f 2567 6986 2702
f 2566 6987 6986
f 2565 6988 6987
f 372 2693 6988
f 2693 2692 6991
f 6991 2692 2691
f 6994 2691 387
f 6993 6994 2652
f 6992 6993 2653
f 2700 6992 2654
f 2701 6989 6992
f 6986 6989 2701
f 6995 6996 6999
f 6996 6997 7000
f 6999 7002 7001
f 7000 7003 7002
f 381 2591 6995
f 2591 2590 6996
f 2590 2589 6997
f 2589 380 2699
f 6997 2699 2698
f 2698 2697 7003
f 2697 395 2676
f 7003 2676 2677
f 7002 2677 2678
f 7001 2678 396
f 6998 7001 2703
f 2705 6995 6998
f 7005 7008 7007
f 7006 7009 7008
f 7007 7008 7011
f 7008 7009 7012
f 2570 7004 2708
f 2569 7005 7004
f 2568 7006 7005
f 373 2702 7006
f 2702 2701 7009
f 7009 2701 2700
f 7012 2700 388
f 7011 7012 2655
f 7010 7011 2656
f 2706 7010 2657
f 2707 7007 7010
f 7004 7007 2707
f 7013 7014 7017
f 7014 7015 7018
f 7017 7020 7019
f 7018 7021 7020
f 382 2594 7013
f 2594 2593 7014
f 2593 2592 7015
f 2592 381 2705
f 7015 2705 2704
f 2704 2703 7021
f 2703 396 2679
f 7021 2679 2680
f 7020 2680 2681
f 7019 2681 397
f 7016 7019 2709
f 2711 7013 7016
f 7023 7026 7025
f 7024 7027 7026
f 7025 7026 7029
f 7026 7027 7030
f 2573 7022 2714
f 2572 7023 7022
f 2571 7024 7023
f 374 2708 7024
f 2708 2707 7027
f 7027 2707 2706
f 7030 2706 389
f 7029 7030 2658
f 7028 7029 2659
f 2712 7028 2660
f 2713 7025 7028
f 7022 7025 2713
f 7032 7035 7034
f 7033 7036 7035
f 7034 7035 7038
f 7035 7036 7039
f 2597 7031 2717
f 2596 7032 7031
f 2595 7033 7032
f 382 2711 7033
f 2711 2710 7036
f 7036 2710 2709
f 7039 2709 397
f 7038 7039 2682
f 7037 7038 2683
f 2715 7037 2684
f 2716 7034 7037
f 7031 7034 2716
f 7041 7044 7043
f 7042 7045 7044
f 7043 7044 7047
f 7044 7045 7048
f 2576 7040 2720
f 2575 7041 7040
f 2574 7042 7041
f 375 2714 7042
f 2714 2713 7045
f 7045 2713 2712
f 7048 2712 390
f 7047 7048 2661
f 7046 7047 2662
f 2718 7046 2663
f 2719 7043 7046
f 7040 7043 2719
f 7050 7051 7049
f 7053 7049 7051
f 7054 7055 7049
f 369 3401 7050
f 3401 3400 7051
f 2723 7050 7055
f 3405 7052 3399
f 3406 7053 7052
f 7052 7051 3400
f 384 2721 7054
f 2721 2722 7055
f 3407 7054 7053
f 7058 7056 7062
f 7059 7060 7056
f 7061 7062 7056
f 3404 7057 3410
f 3403 7058 7057
f 7057 7062 3409
f 383 2717 7059
f 2717 2716 7060
f 3402 7059 7058
f 398 3408 7061
f 3408 3409 7062
f 2715 7061 7060
f 7063 7064 7067
f 7064 7065 7068
f 7067 7070 7069
f 7068 7071 7070
f 377 2579 7063
f 2579 2578 7064
f 2578 2577 7065
f 2577 376 2720
f 2720 2719 7068
f 2719 2718 7071
f 2718 391 2664
f 7071 2664 2665
f 7070 2665 2666
f 7069 2666 392
f 7066 7069 2724
f 2726 7063 7066
f 7072 7073 7076
f 7073 7074 7077
f 7076 7079 7078
f 7077 7080 7079
f 370 2558 7072
f 2558 2557 7073
f 2557 2556 7074
f 2556 369 2723
f 7074 2723 2722
f 2722 2721 7080
f 2721 384 2643
f 7080 2643 2644
f 7079 2644 2645
f 7078 2645 385
f 7075 7078 2727
f 2729 7072 7075
f 7081 7082 7085
f 7082 7083 7086
f 7085 7088 7087
f 7086 7089 7088
f 378 2582 7081
f 2582 2581 7082
f 2581 2580 7083
f 2580 377 2726
f 7083 2726 2725
f 2725 2724 7089
f 2724 392 2667
f 7089 2667 2668
f 7088 2668 2669
f 7087 2669 393
f 7084 7087 2690
f 2688 7081 7084
f 7091 7094 7093
f 7092 7095 7094
f 7093 7094 7097
f 7094 7095 7098
f 2561 7090 2694
f 2560 7091 7090
f 2559 7092 7091
f 370 2729 7092
f 2729 2728 7095
f 7095 2728 2727
f 7098 2727 385
f 7097 7098 2646
f 7096 7097 2647
f 2696 7096 2648
f 2695 7093 7096
f 7090 7093 2695
f 7100 7103 7102
f 7101 7104 7103
f 7102 7103 7106
f 7103 7104 7107
f 2684 7099 2774
f 2683 7100 7099
f 2682 7101 7100
f 397 2775 7101
f 2775 2776 7104
f 7104 2776 2777
f 7107 2777 412
f 7106 7107 2769
f 7105 7106 2770
f 2772 7105 2771
f 2773 7102 7105
f 7099 7102 2773
f 7109 7112 7111
f 7110 7113 7112
f 7111 7112 7115
f 7112 7113 7116
f 2663 7108 2780
f 2662 7109 7108
f 2661 7110 7109
f 390 2781 7110
f 2781 2782 7113
f 7113 2782 2783
f 7116 2783 405
f 7115 7116 2748
f 7114 7115 2749
f 2778 7114 2750
f 2779 7111 7114
f 7108 7111 2779
f 7118 7119 7117
f 7121 7117 7119
f 7122 7123 7117
f 384 3407 7118
f 3407 3406 7119
f 2786 7118 7123
f 3411 7120 3405
f 3412 7121 7120
f 7120 7119 3406
f 399 2784 7122
f 2784 2785 7123
f 3413 7122 7121
f 7126 7124 7130
f 7127 7128 7124
f 7129 7130 7124
f 3410 7125 3416
f 3409 7126 7125
f 7125 7130 3415
f 398 2774 7127
f 2774 2773 7128
f 3408 7127 7126
f 413 3414 7129
f 3414 3415 7130
f 2772 7129 7128
f 7131 7132 7135
f 7132 7133 7136
f 7135 7138 7137
f 7136 7139 7138
f 392 2666 7131
f 2666 2665 7132
f 2665 2664 7133
f 2664 391 2780
f 7133 2780 2779
f 2779 2778 7139
f 2778 406 2751
f 7139 2751 2752
f 7138 2752 2753
f 7137 2753 407
f 7134 7137 2787
f 2789 7131 7134
f 7140 7141 7144
f 7141 7142 7145
f 7144 7147 7146
f 7145 7148 7147
f 385 2645 7140
f 2645 2644 7141
f 2644 2643 7142
f 2643 384 2786
f 7142 2786 2785
f 2785 2784 7148
f 2784 399 2730
f 7148 2730 2731
f 7147 2731 2732
f 7146 2732 400
f 7143 7146 2790
f 2792 7140 7143
f 7149 7150 7153
f 7150 7151 7154
f 7153 7156 7155
f 7154 7157 7156
f 393 2669 7149
f 2669 2668 7150
f 2668 2667 7151
f 2667 392 2789
f 7151 2789 2788
f 2788 2787 7157
f 2787 407 2754
f 7157 2754 2755
f 7156 2755 2756
f 7155 2756 408
f 7152 7155 2793
f 2795 7149 7152
f 7159 7162 7161
f 7160 7163 7162
f 7161 7162 7165
f 7162 7163 7166
f 2648 7158 2798
f 2647 7159 7158
f 2646 7160 7159
f 385 2792 7160
f 2792 2791 7163
f 7163 2791 2790
f 7166 2790 400
f 7165 7166 2733
f 7164 7165 2734
f 2796 7164 2735
f 2797 7161 7164
f 7158 7161 2797
f 7167 7168 7171
f 7168 7169 7172
f 7171 7174 7173
f 7172 7175 7174
f 394 2672 7167
f 2672 2671 7168
f 2671 2670 7169
f 2670 393 2795
f 7169 2795 2794
f 2794 2793 7175
f 2793 408 2757
f 7175 2757 2758
f 7174 2758 2759
f 7173 2759 409
f 7170 7173 2799
f 2801 7167 7170
f 7177 7180 7179
f 7178 7181 7180
f 7179 7180 7183
f 7180 7181 7184
f 2651 7176 2804
f 2650 7177 7176
f 2649 7178 7177
f 386 2798 7178
f 2798 2797 7181
f 7181 2797 2796
f 7184 2796 401
f 7183 7184 2736
f 7182 7183 2737
f 2802 7182 2738
f 2803 7179 7182
f 7176 7179 2803
f 7185 7186 7189
f 7186 7187 7190
f 7189 7192 7191
f 7190 7193 7192
f 395 2675 7185
f 2675 2674 7186
f 2674 2673 7187
f 2673 394 2801
f 7187 2801 2800
f 2800 2799 7193
f 2799 409 2760
f 7193 2760 2761
f 7192 2761 2762
f 7191 2762 410
f 7188 7191 2805
f 2807 7185 7188
f 7195 7198 7197
f 7196 7199 7198
f 7197 7198 7201
f 7198 7199 7202
f 2654 7194 2810
f 2653 7195 7194
f 2652 7196 7195
f 387 2804 7196
f 2804 2803 7199
f 7199 2803 2802
f 7202 2802 402
f 7201 7202 2739
f 7200 7201 2740
f 2808 7200 2741
f 2809 7197 7200
f 7194 7197 2809
f 7203 7204 7207
f 7204 7205 7208
f 7207 7210 7209
f 7208 7211 7210
f 396 2678 7203
f 2678 2677 7204
f 2677 2676 7205
f 2676 395 2807
f 7205 2807 2806
f 2806 2805 7211
f 2805 410 2763
f 7211 2763 2764
f 7210 2764 2765
f 7209 2765 411
f 7206 7209 2811
f 2813 7203 7206
f 7213 7216 7215
f 7214 7217 7216
f 7215 7216 7219
f 7216 7217 7220
f 2657 7212 2816
f 2656 7213 7212
f 2655 7214 7213
f 388 2810 7214
f 2810 2809 7217
f 7217 2809 2808
f 7220 2808 403
f 7219 7220 2742
f 7218 7219 2743
f 2814 7218 2744
f 2815 7215 7218
f 7212 7215 2815
f 7221 7222 7225
f 7222 7223 7226
f 7225 7228 7227
f 7226 7229 7228
f 397 2681 7221
f 2681 2680 7222
f 2680 2679 7223
f 2679 396 2813
f 7223 2813 2812
f 2812 2811 7229
f 2811 411 2766
f 7229 2766 2767
f 7228 2767 2768
f 7227 2768 412
f 7224 7227 2777
f 2775 7221 7224
f 7231 7234 7233
f 7232 7235 7234
f 7233 7234 7237
f 7234 7235 7238
f 2660 7230 2781
f 2659 7231 7230
f 2658 7232 7231
f 389 2816 7232
f 2816 2815 7235
f 7235 2815 2814
f 7238 2814 404
f 7237 7238 2745
f 7236 7237 2746
f 2783 7236 2747
f 2782 7233 7236
f 7230 7233 2782
f 7239 7240 7243
f 7240 7241 7244
f 7243 7246 7245
f 7244 7247 7246
f 410 2762 7239
f 2762 2761 7240
f 2761 2760 7241
f 2760 409 2862
f 7241 2862 2863
f 2863 2864 7247
f 2864 424 2847
f 7247 2847 2848
f 7246 2848 2849
f 7245 2849 425
f 7242 7245 2859
f 2861 7239 7242
f 7249 7252 7251
f 7250 7253 7252
f 7251 7252 7255
f 7252 7253 7256
f 2741 7248 2867
f 2740 7249 7248
f 2739 7250 7249
f 402 2868 7250
f 2868 2869 7253
f 7253 2869 2870
f 7256 2870 417
f 7255 7256 2826
f 7254 7255 2827
f 2865 7254 2828
f 2866 7251 7254
f 7248 7251 2866
f 7257 7258 7261
f 7258 7259 7262
f 7261 7264 7263
f 7262 7265 7264
f 411 2765 7257
f 2765 2764 7258
f 2764 2763 7259
f 2763 410 2861
f 7259 2861 2860
f 2860 2859 7265
f 2859 425 2850
f 7265 2850 2851
f 7264 2851 2852
f 7263 2852 426
f 7260 7263 2871
f 2873 7257 7260
f 7267 7270 7269
f 7268 7271 7270
f 7269 7270 7273
f 7270 7271 7274
f 2744 7266 2876
f 2743 7267 7266
f 2742 7268 7267
f 403 2867 7268
f 2867 2866 7271
f 7271 2866 2865
f 7274 2865 418
f 7273 7274 2829
f 7272 7273 2830
f 2874 7272 2831
f 2875 7269 7272
f 7266 7269 2875
f 7275 7276 7279
f 7276 7277 7280
f 7279 7282 7281
f 7280 7283 7282
f 412 2768 7275
f 2768 2767 7276
f 2767 2766 7277
f 2766 411 2873
f 7277 2873 2872
f 2872 2871 7283
f 2871 426 2853
f 7283 2853 2854
f 7282 2854 2855
f 7281 2855 427
f 7278 7281 2877
f 2879 7275 7278
f 7285 7288 7287
f 7286 7289 7288
f 7287 7288 7291
f 7288 7289 7292
f 2747 7284 2882
f 2746 7285 7284
f 2745 7286 7285
f 404 2876 7286
f 2876 2875 7289
f 7289 2875 2874
f 7292 2874 419
f 7291 7292 2832
f 7290 7291 2833
f 2880 7290 2834
f 2881 7287 7290
f 7284 7287 2881
f 7294 7297 7296
f 7295 7298 7297
f 7296 7297 7300
f 7297 7298 7301
f 2771 7293 2885
f 2770 7294 7293
f 2769 7295 7294
f 412 2879 7295
f 2879 2878 7298
f 7298 2878 2877
f 7301 2877 427
f 7300 7301 2856
f 7299 7300 2857
f 2883 7299 2858
f 2884 7296 7299
f 7293 7296 2884
f 7303 7306 7305
f 7304 7307 7306
f 7305 7306 7309
f 7306 7307 7310
f 2750 7302 2888
f 2749 7303 7302
f 2748 7304 7303
f 405 2882 7304
f 2882 2881 7307
f 7307 2881 2880
f 7310 2880 420
f 7309 7310 2835
f 7308 7309 2836
f 2886 7308 2837
f 2887 7305 7308
f 7302 7305 2887
f 7312 7313 7311
f 7315 7311 7313
f 7316 7317 7311
f 399 3413 7312
f 3413 3412 7313
f 2891 7312 7317
f 3417 7314 3411
f 3418 7315 7314
f 7314 7313 3412
f 414 2889 7316
f 2889 2890 7317
f 3419 7316 7315
f 7320 7318 7324
f 7321 7322 7318
f 7323 7324 7318
f 3416 7319 3422
f 3415 7320 7319
f 7319 7324 3421
f 413 2885 7321
f 2885 2884 7322
f 3414 7321 7320
f 428 3420 7323
f 3420 3421 7324
f 2883 7323 7322
f 7325 7326 7329
f 7326 7327 7330
f 7329 7332 7331
f 7330 7333 7332
f 407 2753 7325
f 2753 2752 7326
f 2752 2751 7327
f 2751 406 2888
f 2888 2887 7330
f 2887 2886 7333
f 2886 421 2838
f 7333 2838 2839
f 7332 2839 2840
f 7331 2840 422
f 7328 7331 2892
f 2894 7325 7328
f 7334 7335 7338
f 7335 7336 7339
f 7338 7341 7340
f 7339 7342 7341
f 400 2732 7334
f 2732 2731 7335
f 2731 2730 7336
f 2730 399 2891
f 7336 2891 2890
f 2890 2889 7342
f 2889 414 2817
f 7342 2817 2818
f 7341 2818 2819
f 7340 2819 415
f 7337 7340 2895
f 2897 7334 7337
f 7343 7344 7347
f 7344 7345 7348
f 7347 7350 7349
f 7348 7351 7350
f 408 2756 7343
f 2756 2755 7344
f 2755 2754 7345
f 2754 407 2894
f 7345 2894 2893
f 2893 2892 7351
f 2892 422 2841
f 7351 2841 2842
f 7350 2842 2843
f 7349 2843 423
f 7346 7349 2898
f 2900 7343 7346
f 7353 7356 7355
f 7354 7357 7356
f 7355 7356 7359
f 7356 7357 7360
f 2735 7352 2903
f 2734 7353 7352
f 2733 7354 7353
f 400 2897 7354
f 2897 2896 7357
f 7357 2896 2895
f 7360 2895 415
f 7359 7360 2820
f 7358 7359 2821
f 2901 7358 2822
f 2902 7355 7358
f 7352 7355 2902
f 7361 7362 7365
f 7362 7363 7366
f 7365 7368 7367
f 7366 7369 7368
f 409 2759 7361
f 2759 2758 7362
f 2758 2757 7363
f 2757 408 2900
f 7363 2900 2899
f 2899 2898 7369
f 2898 423 2844
f 7369 2844 2845
f 7368 2845 2846
f 7367 2846 424
f 7364 7367 2864
f 2862 7361 7364
f 7371 7374 7373
f 7372 7375 7374
f 7373 7374 7377
f 7374 7375 7378
f 2738 7370 2868
f 2737 7371 7370
f 2736 7372 7371
f 401 2903 7372
f 2903 2902 7375
f 7375 2902 2901
f 7378 2901 416
f 7377 7378 2823
f 7376 7377 2824
f 2870 7376 2825
f 2869 7373 7376
f 7370 7373 2869
f 7380 7381 7379
f 7383 7379 7381
f 7384 7385 7379
f 414 3419 7380
f 3419 3418 7381
f 2948 7380 7385
f 3423 7382 3417
f 3424 7383 7382
f 7382 7381 3418
f 429 2946 7384
f 2946 2947 7385
f 3425 7384 7383
f 7388 7386 7392
f 7389 7390 7386
f 7391 7392 7386
f 3422 7387 3428
f 3421 7388 7387
f 7387 7392 3427
f 428 2949 7389
f 2949 2950 7390
f 3420 7389 7388
f 443 3426 7391
f 3426 3427 7392
f 2951 7391 7390
f 7393 7394 7397
f 7394 7395 7398
f 7397 7400 7399
f 7398 7401 7400
f 422 2840 7393
f 2840 2839 7394
f 2839 2838 7395
f 2838 421 2955
f 7395 2955 2956
f 2956 2957 7401
f 2957 436 2925
f 7401 2925 2926
f 7400 2926 2927
f 7399 2927 437
f 7396 7399 2952
f 2954 7393 7396
f 7402 7403 7406
f 7403 7404 7407
f 7406 7409 7408
f 7407 7410 7409
f 415 2819 7402
f 2819 2818 7403
f 2818 2817 7404
f 2817 414 2948
f 7404 2948 2947
f 2947 2946 7410
f 2946 429 2904
f 7410 2904 2905
f 7409 2905 2906
f 7408 2906 430
f 7405 7408 2958
f 2960 7402 7405
f 7411 7412 7415
f 7412 7413 7416
f 7415 7418 7417
f 7416 7419 7418
f 423 2843 7411
f 2843 2842 7412
f 2842 2841 7413
f 2841 422 2954
f 7413 2954 2953
f 2953 2952 7419
f 2952 437 2928
f 7419 2928 2929
f 7418 2929 2930
f 7417 2930 438
f 7414 7417 2961
f 2963 7411 7414
f 7421 7424 7423
f 7422 7425 7424
f 7423 7424 7427
f 7424 7425 7428
f 2822 7420 2966
f 2821 7421 7420
f 2820 7422 7421
f 415 2960 7422
f 2960 2959 7425
f 7425 2959 2958
f 7428 2958 430
f 7427 7428 2907
f 7426 7427 2908
f 2964 7426 2909
f 2965 7423 7426
f 7420 7423 2965
f 7429 7430 7433
f 7430 7431 7434
f 7433 7436 7435
f 7434 7437 7436
f 424 2846 7429
f 2846 2845 7430
f 2845 2844 7431
f 2844 423 2963
f 7431 2963 2962
f 2962 2961 7437
f 2961 438 2931
f 7437 2931 2932
f 7436 2932 2933
f 7435 2933 439
f 7432 7435 2967
f 2969 7429 7432
f 7439 7442 7441
f 7440 7443 7442
f 7441 7442 7445
f 7442 7443 7446
f 2825 7438 2972
f 2824 7439 7438
f 2823 7440 7439
f 416 2966 7440
f 2966 2965 7443
f 7443 2965 2964
f 7446 2964 431
f 7445 7446 2910
f 7444 7445 2911
f 2970 7444 2912
f 2971 7441 7444
f 7438 7441 2971
f 7447 7448 7451
f 7448 7449 7452
f 7451 7454 7453
f 7452 7455 7454
f 425 2849 7447
f 2849 2848 7448
f 2848 2847 7449
f 2847 424 2969
f 7449 2969 2968
f 2968 2967 7455
f 2967 439 2934
f 7455 2934 2935
f 7454 2935 2936
f 7453 2936 440
f 7450 7453 2973
f 2975 7447 7450
f 7457 7460 7459
f 7458 7461 7460
f 7459 7460 7463
f 7460 7461 7464
f 2828 7456 2978
f 2827 7457 7456
f 2826 7458 7457
f 417 2972 7458
f 2972 2971 7461
f 7461 2971 2970
f 7464 2970 432
f 7463 7464 2913
f 7462 7463 2914
f 2976 7462 2915
f 2977 7459 7462
f 7456 7459 2977
f 7465 7466 7469
f 7466 7467 7470
f 7469 7472 7471
f 7470 7473 7472
f 426 2852 7465
f 2852 2851 7466
f 2851 2850 7467
f 2850 425 2975
f 7467 2975 2974
f 2974 2973 7473
f 2973 440 2937
f 7473 2937 2938
f 7472 2938 2939
f 7471 2939 441
f 7468 7471 2979
f 2981 7465 7468
f 7475 7478 7477
f 7476 7479 7478
f 7477 7478 7481
f 7478 7479 7482
f 2831 7474 2984
f 2830 7475 7474
f 2829 7476 7475
f 418 2978 7476
f 2978 2977 7479
f 7479 2977 2976
f 7482 2976 433
f 7481 7482 2916
f 7480 7481 2917
f 2982 7480 2918
f 2983 7477 7480
f 7474 7477 2983
f 7483 7484 7487
f 7484 7485 7488
f 7487 7490 7489
f 7488 7491 7490
f 427 2855 7483
f 2855 2854 7484
f 2854 2853 7485
f 2853 426 2981
f 7485 2981 2980
f 2980 2979 7491
f 2979 441 2940
f 7491 2940 2941
f 7490 2941 2942
f 7489 2942 442
f 7486 7489 2985
f 2987 7483 7486
f 7493 7496 7495
f 7494 7497 7496
f 7495 7496 7499
f 7496 7497 7500
f 2834 7492 2990
f 2833 7493 7492
f 2832 7494 7493
f 419 2984 7494
f 2984 2983 7497
f 7497 2983 2982
f 7500 2982 434
f 7499 7500 2919
f 7498 7499 2920
f 2988 7498 2921
f 2989 7495 7498
f 7492 7495 2989
f 7502 7505 7504
f 7503 7506 7505
f 7504 7505 7508
f 7505 7506 7509
f 2858 7501 2949
f 2857 7502 7501
f 2856 7503 7502
f 427 2987 7503
f 2987 2986 7506
f 7506 2986 2985
f 7509 2985 442
f 7508 7509 2943
f 7507 7508 2944
f 2951 7507 2945
f 2950 7504 7507
f 7501 7504 2950
f 7511 7514 7513
f 7512 7515 7514
f 7513 7514 7517
f 7514 7515 7518
f 421 2837 7510
f 2836 7511 7510
f 2835 7512 7511
f 420 2990 7512
f 2990 2989 7515
f 7515 2989 2988
f 7518 2988 435
f 7517 7518 2922
f 7516 7517 2923
f 2957 7516 2924
f 7513 7516 2957
f 7510 7513 2956
f 7520 7523 7522
f 7521 7524 7523
f 7522 7523 7526
f 7523 7524 7527
f 2915 7519 3035
f 2914 7520 7519
f 2913 7521 7520
f 432 3036 7521
f 3036 3037 7524
f 7524 3037 3038
f 7527 3038 447
f 7526 7527 3000
f 7525 7526 3001
f 3033 7525 3002
f 3034 7522 7525
f 7519 7522 3034
f 7528 7529 7532
f 7529 7530 7533
f 7532 7535 7534
f 7533 7536 7535
f 441 2939 7528
f 2939 2938 7529
f 2938 2937 7530
f 2937 440 3042
f 7530 3042 3043
f 3043 3044 7536
f 3044 455 3024
f 7536 3024 3025
f 7535 3025 3026
f 7534 3026 456
f 7531 7534 3039
f 3041 7528 7531
f 7538 7541 7540
f 7539 7542 7541
f 7540 7541 7544
f 7541 7542 7545
f 2918 7537 3047
f 2917 7538 7537
f 2916 7539 7538
f 433 3035 7539
f 3035 3034 7542
f 7542 3034 3033
f 7545 3033 448
f 7544 7545 3003
f 7543 7544 3004
f 3045 7543 3005
f 3046 7540 7543
f 7537 7540 3046
f 7546 7547 7550
f 7547 7548 7551
f 7550 7553 7552
f 7551 7554 7553
f 442 2942 7546
f 2942 2941 7547
f 2941 2940 7548
f 2940 441 3041
f 7548 3041 3040
f 3040 3039 7554
f 3039 456 3027
f 7554 3027 3028
f 7553 3028 3029
f 7552 3029 457
f 7549 7552 3048
f 3050 7546 7549
f 7556 7559 7558
f 7557 7560 7559
f 7558 7559 7562
f 7559 7560 7563
f 2921 7555 3053
f 2920 7556 7555
f 2919 7557 7556
f 434 3047 7557
f 3047 3046 7560
f 7560 3046 3045
f 7563 3045 449
f 7562 7563 3006
f 7561 7562 3007
f 3051 7561 3008
f 3052 7558 7561
f 7555 7558 3052
f 7565 7568 7567
f 7566 7569 7568
f 7567 7568 7571
f 7568 7569 7572
f 2945 7564 3056
f 2944 7565 7564
f 2943 7566 7565
f 442 3050 7566
f 3050 3049 7569
f 7569 3049 3048
f 7572 3048 457
f 7571 7572 3030
f 7570 7571 3031
f 3054 7570 3032
f 3055 7567 7570
f 7564 7567 3055
f 7574 7577 7576
f 7575 7578 7577
f 7576 7577 7580
f 7577 7578 7581
f 2924 7573 3059
f 2923 7574 7573
f 2922 7575 7574
f 435 3053 7575
f 3053 3052 7578
f 7578 3052 3051
f 7581 3051 450
f 7580 7581 3009
f 7579 7580 3010
f 3057 7579 3011
f 3058 7576 7579
f 3059 7573 7576
f 7583 7584 7582
f 7586 7582 7584
f 7587 7588 7582
f 429 3425 7583
f 3425 3424 7584
f 3062 7583 7588
f 3429 7585 3423
f 3430 7586 7585
f 7585 7584 3424
f 444 3060 7587
f 3060 3061 7588
f 3431 7587 7586
f 7591 7589 7595
f 7592 7593 7589
f 7594 7595 7589
f 3428 7590 3434
f 3427 7591 7590
f 7590 7595 3433
f 443 3056 7592
f 3056 3055 7593
f 3426 7592 7591
f 458 3432 7594
f 3432 3433 7595
f 3054 7594 7593
f 7596 7597 7600
f 7597 7598 7601
f 7600 7603 7602
f 7601 7604 7603
f 437 2927 7596
f 2927 2926 7597
f 2926 2925 7598
f 2925 436 3059
f 7598 3059 3058
f 3058 3057 7604
f 3057 451 3012
f 7604 3012 3013
f 7603 3013 3014
f 7602 3014 452
f 7599 7602 3063
f 3065 7596 7599
f 7605 7606 7609
f 7606 7607 7610
f 7609 7612 7611
f 7610 7613 7612
f 430 2906 7605
f 2906 2905 7606
f 2905 2904 7607
f 2904 429 3062
f 7607 3062 3061
f 3061 3060 7613
f 3060 444 2991
f 7613 2991 2992
f 7612 2992 2993
f 7611 2993 445
f 7608 7611 3066
f 3068 7605 7608
f 7614 7615 7618
f 7615 7616 7619
f 7618 7621 7620
f 7619 7622 7621
f 438 2930 7614
f 2930 2929 7615
f 2929 2928 7616
f 2928 437 3065
f 7616 3065 3064
f 3064 3063 7622
f 3063 452 3015
f 7622 3015 3016
f 7621 3016 3017
f 7620 3017 453
f 7617 7620 3069
f 3071 7614 7617
f 7624 7627 7626
f 7625 7628 7627
f 7626 7627 7630
f 7627 7628 7631
f 2909 7623 3074
f 2908 7624 7623
f 2907 7625 7624
f 430 3068 7625
f 3068 3067 7628
f 7628 3067 3066
f 7631 3066 445
f 7630 7631 2994
f 7629 7630 2995
f 3072 7629 2996
f 3073 7626 7629
f 7623 7626 3073
f 7632 7633 7636
f 7633 7634 7637
f 7636 7639 7638
f 7637 7640 7639
f 439 2933 7632
f 2933 2932 7633
f 2932 2931 7634
f 2931 438 3071
f 7634 3071 3070
f 3070 3069 7640
f 3069 453 3018
f 7640 3018 3019
f 7639 3019 3020
f 7638 3020 454
f 7635 7638 3075
f 3077 7632 7635
f 7642 7645 7644
f 7643 7646 7645
f 7644 7645 7648
f 7645 7646 7649
f 2912 7641 3036
f 2911 7642 7641
f 2910 7643 7642
f 431 3074 7643
f 3074 3073 7646
f 7646 3073 3072
f 7649 3072 446
f 7648 7649 2997
f 7647 7648 2998
f 3038 7647 2999
f 3037 7644 7647
f 7641 7644 3037
f 7650 7651 7654
f 7651 7652 7655
f 7654 7657 7656
f 7655 7658 7657
f 440 2936 7650
f 2936 2935 7651
f 2935 2934 7652
f 2934 439 3077
f 7652 3077 3076
f 3076 3075 7658
f 3075 454 3021
f 7658 3021 3022
f 7657 3022 3023
f 7656 3023 455
f 7653 7656 3044
f 3042 7650 7653
f 7659 7660 7663
f 7660 7661 7664
f 7663 7666 7665
f 7664 7667 7666
f 452 3014 7659
f 3014 3013 7660
f 3013 3012 7661
f 3012 451 3123
f 3123 3124 7664
f 3124 3125 7667
f 3125 466 3099
f 7667 3099 3100
f 7666 3100 3101
f 7665 3101 467
f 7662 7665 3120
f 3122 7659 7662
f 7668 7669 7672
f 7669 7670 7673
f 7672 7675 7674
f 7673 7676 7675
f 445 2993 7668
f 2993 2992 7669
f 2992 2991 7670
f 2991 444 3129
f 7670 3129 3130
f 3130 3131 7676
f 3131 459 3078
f 7676 3078 3079
f 7675 3079 3080
f 7674 3080 460
f 7671 7674 3126
f 3128 7668 7671
f 7677 7678 7681
f 7678 7679 7682
f 7681 7684 7683
f 7682 7685 7684
f 453 3017 7677
f 3017 3016 7678
f 3016 3015 7679
f 3015 452 3122
f 7679 3122 3121
f 3121 3120 7685
f 3120 467 3102
f 7685 3102 3103
f 7684 3103 3104
f 7683 3104 468
f 7680 7683 3132
f 3134 7677 7680
f 7687 7690 7689
f 7688 7691 7690
f 7689 7690 7693
f 7690 7691 7694
f 2996 7686 3137
f 2995 7687 7686
f 2994 7688 7687
f 445 3128 7688
f 3128 3127 7691
f 7691 3127 3126
f 7694 3126 460
f 7693 7694 3081
f 7692 7693 3082
f 3135 7692 3083
f 3136 7689 7692
f 7686 7689 3136
f 7695 7696 7699
f 7696 7697 7700
f 7699 7702 7701
f 7700 7703 7702
f 454 3020 7695
f 3020 3019 7696
f 3019 3018 7697
f 3018 453 3134
f 7697 3134 3133
f 3133 3132 7703
f 3132 468 3105
f 7703 3105 3106
f 7702 3106 3107
f 7701 3107 469
f 7698 7701 3138
f 3140 7695 7698
f 7705 7708 7707
f 7706 7709 7708
f 7707 7708 7711
f 7708 7709 7712
f 2999 7704 3143
f 2998 7705 7704
f 2997 7706 7705
f 446 3137 7706
f 3137 3136 7709
f 7709 3136 3135
f 7712 3135 461
f 7711 7712 3084
f 7710 7711 3085
f 3141 7710 3086
f 3142 7707 7710
f 7704 7707 3142
f 7713 7714 7717
f 7714 7715 7718
f 7717 7720 7719
f 7718 7721 7720
f 455 3023 7713
f 3023 3022 7714
f 3022 3021 7715
f 3021 454 3140
f 7715 3140 3139
f 3139 3138 7721
f 3138 469 3108
f 7721 3108 3109
f 7720 3109 3110
f 7719 3110 470
f 7716 7719 3144
f 3146 7713 7716
f 7723 7726 7725
f 7724 7727 7726
f 7725 7726 7729
f 7726 7727 7730
f 3002 7722 3149
f 3001 7723 7722
f 3000 7724 7723
f 447 3143 7724
f 3143 3142 7727
f 7727 3142 3141
f 7730 3141 462
f 7729 7730 3087
f 7728 7729 3088
f 3147 7728 3089
f 3148 7725 7728
f 7722 7725 3148
f 7731 7732 7735
f 7732 7733 7736
f 7735 7738 7737
f 7736 7739 7738
f 456 3026 7731
f 3026 3025 7732
f 3025 3024 7733
f 3024 455 3146
f 7733 3146 3145
f 3145 3144 7739
f 3144 470 3111
f 7739 3111 3112
f 7738 3112 3113
f 7737 3113 471
f 7734 7737 3150
f 3152 7731 7734
f 7741 7744 7743
f 7742 7745 7744
f 7743 7744 7747
f 7744 7745 7748
f 3005 7740 3155
f 3004 7741 7740
f 3003 7742 7741
f 448 3149 7742
f 3149 3148 7745
f 7745 3148 3147
f 7748 3147 463
f 7747 7748 3090
f 7746 7747 3091
f 3153 7746 3092
f 3154 7743 7746
f 7740 7743 3154
f 7749 7750 7753
f 7750 7751 7754
f 7753 7756 7755
f 7754 7757 7756
f 457 3029 7749
f 3029 3028 7750
f 3028 3027 7751
f 3027 456 3152
f 7751 3152 3151
f 3151 3150 7757
f 3150 471 3114
f 7757 3114 3115
f 7756 3115 3116
f 7755 3116 472
f 7752 7755 3156
f 3158 7749 7752
f 7759 7762 7761
f 7760 7763 7762
f 7761 7762 7765
f 7762 7763 7766
f 3008 7758 3161
f 3007 7759 7758
f 3006 7760 7759
f 449 3155 7760
f 3155 3154 7763
f 7763 3154 3153
f 7766 3153 464
f 7765 7766 3093
f 7764 7765 3094
f 3159 7764 3095
f 3160 7761 7764
f 7758 7761 3160
f 7768 7771 7770
f 7769 7772 7771
f 7770 7771 7774
f 7771 7772 7775
f 3032 7767 3164
f 3031 7768 7767
f 3030 7769 7768
f 457 3158 7769
f 3158 3157 7772
f 7772 3157 3156
f 7775 3156 472
f 7774 7775 3117
f 7773 7774 3118
f 3162 7773 3119
f 3163 7770 7773
f 7767 7770 3163
f 7777 7780 7779
f 7778 7781 7780
f 7779 7780 7783
f 7780 7781 7784
f 3011 7776 3123
f 3010 7777 7776
f 3009 7778 7777
f 450 3161 7778
f 3161 3160 7781
f 7781 3160 3159
f 7784 3159 465
f 7783 7784 3096
f 7782 7783 3097
f 3125 7782 3098
f 3124 7779 7782
f 7776 7779 3124
f 7786 7787 7785
f 7789 7785 7787
f 7790 7791 7785
f 444 3431 7786
f 3431 3430 7787
f 3129 7786 7791
f 3435 7788 3429
f 3436 7789 7788
f 7788 7787 3430
f 459 3131 7790
f 3131 3130 7791
f 3437 7790 7789
f 7794 7792 7798
f 7795 7796 7792
f 7797 7798 7792
f 3434 7793 3440
f 3433 7794 7793
f 7793 7798 3439
f 458 3164 7795
f 3164 3163 7796
f 3432 7795 7794
f 473 3438 7797
f 3438 3439 7798
f 3162 7797 7796
f 7799 7800 7803
f 7800 7801 7804
f 7803 7806 7805
f 7804 7807 7806
f 471 3113 7799
f 3113 3112 7800
f 3112 3111 7801
f 3111 470 3180
f 7801 3180 3181
f 3181 3182 7807
f 3182 479 3168
f 7807 3168 3169
f 7806 3169 3170
f 7805 3170 480
f 7802 7805 3177
f 3179 7799 7802
f 7809 7812 7811
f 7810 7813 7812
f 7811 7812 7815
f 7812 7813 7816
f 3092 7808 3185
f 3091 7809 7808
f 3090 7810 7809
f 463 3441 7810
f 3441 3442 7813
f 7813 3442 3443
f 7816 3443 2
f 7815 7816 3216
f 7814 7815 3217
f 3183 7814 3218
f 3184 7811 7814
f 7808 7811 3184
f 7817 7818 7821
f 7818 7819 7822
f 7821 7824 7823
f 7822 7825 7824
f 472 3116 7817
f 3116 3115 7818
f 3115 3114 7819
f 3114 471 3179
f 7819 3179 3178
f 3178 3177 7825
f 3177 480 3171
f 7825 3171 3172
f 7824 3172 3173
f 7823 3173 481
f 7820 7823 3186
f 3188 7817 7820
f 7827 7830 7829
f 7828 7831 7830
f 7829 7830 7833
f 7830 7831 7834
f 3095 7826 3446
f 3094 7827 7826
f 3093 7828 7827
f 464 3185 7828
f 3185 3184 7831
f 7831 3184 3183
f 7834 3183 477
f 7833 7834 3219
f 7832 7833 3220
f 3444 7832 3221
f 3445 7829 7832
f 7826 7829 3445
f 7836 7839 7838
f 7837 7840 7839
f 7838 7839 7842
f 7839 7840 7843
f 3119 7835 3191
f 3118 7836 7835
f 3117 7837 7836
f 472 3188 7837
f 3188 3187 7840
f 7840 3187 3186
f 7843 3186 481
f 7842 7843 3174
f 7841 7842 3175
f 3189 7841 3176
f 3190 7838 7841
f 7835 7838 3190
f 7845 7848 7847
f 7846 7849 7848
f 7847 7848 7851
f 7848 7849 7852
f 3098 7844 3449
f 3097 7845 7844
f 3096 7846 7845
f 465 3446 7846
f 3446 3445 7849
f 7849 3445 3444
f 7852 3444 3
f 7851 7852 483
f 7850 7851 484
f 3447 7850 485
f 3448 7847 7850
f 7844 7847 3448
f 7854 7855 7853
f 7857 7853 7855
f 7858 7859 7853
f 459 3437 7854
f 3437 3436 7855
f 3194 7854 7859
f 3204 7856 3435
f 3205 7857 7856
f 7856 7855 3436
f 474 3192 7858
f 3192 3193 7859
f 3206 7858 7857
f 7862 7860 7866
f 7863 7864 7860
f 7865 7866 7860
f 3440 7861 3233
f 3439 7862 7861
f 7861 7866 3232
f 473 3191 7863
f 3191 3190 7864
f 3438 7863 7862
f 482 3231 7865
f 3231 3232 7866
f 3189 7865 7864
f 7867 7868 7871
f 7868 7869 7872
f 7871 7874 7873
f 7872 7875 7874
f 467 3101 7867
f 3101 3100 7868
f 3100 3099 7869
f 3099 466 3449
f 7869 3449 3448
f 3448 3447 7875
f 3447 4 486
f 7875 486 487
f 7874 487 488
f 7873 488 5
f 7870 7873 3450
f 3452 7867 7870
f 7876 7877 7880
f 7877 7878 7881
f 7880 7883 7882
f 7881 7884 7883
f 460 3080 7876
f 3080 3079 7877
f 3079 3078 7878
f 3078 459 3194
f 7878 3194 3193
f 3193 3192 7884
f 3192 474 3165
f 7884 3165 3166
f 7883 3166 3167
f 7882 3167 475
f 7879 7882 3195
f 3197 7876 7879
f 7885 7886 7889
f 7886 7887 7890
f 7889 7892 7891
f 7890 7893 7892
f 468 3104 7885
f 3104 3103 7886
f 3103 3102 7887
f 3102 467 3452
f 7887 3452 3451
f 3451 3450 7893
f 3450 5 3222
f 7893 3222 3223
f 7892 3223 3224
f 7891 3224 478
f 7888 7891 3198
f 3200 7885 7888
f 7895 7898 7897
f 7896 7899 7898
f 7897 7898 7901
f 7898 7899 7902
f 3083 7894 3455
f 3082 7895 7894
f 3081 7896 7895
f 460 3197 7896
f 3197 3196 7899
f 7899 3196 3195
f 7902 3195 475
f 7901 7902 3207
f 7900 7901 3208
f 3453 7900 3209
f 3454 7897 7900
f 7894 7897 3454
f 7903 7904 7907
f 7904 7905 7908
f 7907 7910 7909
f 7908 7911 7910
f 469 3107 7903
f 3107 3106 7904
f 3106 3105 7905
f 3105 468 3200
f 7905 3200 3199
f 3199 3198 7911
f 3198 478 3225
f 7911 3225 3226
f 7910 3226 3227
f 7909 3227 6
f 7906 7909 3456
f 3458 7903 7906
f 7913 7916 7915
f 7914 7917 7916
f 7915 7916 7919
f 7916 7917 7920
f 3086 7912 3203
f 3085 7913 7912
f 3084 7914 7913
f 461 3455 7914
f 3455 3454 7917
f 7917 3454 3453
f 7920 3453 1
f 7919 7920 3210
f 7918 7919 3211
f 3201 7918 3212
f 3202 7915 7918
f 7912 7915 3202
f 7921 7922 7925
f 7922 7923 7926
f 7925 7928 7927
f 7926 7929 7928
f 470 3110 7921
f 3110 3109 7922
f 3109 3108 7923
f 3108 469 3458
f 7923 3458 3457
f 3457 3456 7929
f 3456 6 3228
f 7929 3228 3229
f 7928 3229 3230
f 7927 3230 479
f 7924 7927 3182
f 3180 7921 7924
f 7931 7934 7933
f 7932 7935 7934
f 7933 7934 7937
f 7934 7935 7938
f 3089 7930 3441
f 3088 7931 7930
f 3087 7932 7931
f 462 3203 7932
f 3203 3202 7935
f 7935 3202 3201
f 7938 3201 476
f 7937 7938 3213
f 7936 7937 3214
f 3443 7936 3215
f 3442 7933 7936
f 7930 7933 3442
