# vtk DataFile Version 2.0
ftet_output_attempt_0, Created by Gmsh 4.13.1 
ASCII
DATASET UNSTRUCTURED_GRID
POINTS 1798 double
-0.199031 -0.2 -0.198803
-0.2 -0.2 -0.125
-0.2 -0.198773 -0.0493194
-0.2 -0.2 0.2
-0.2 -0.15 -0.2
-0.2 -0.151269 0.2
-0.2 -0.116782 0.09425840000000001
-0.2 -0.112485 -0.136531
-0.2 -0.075 0.2
-0.2 -0.0560566 -0.199397
-0.2 -0.000968677 0.199378
-0.2 0.0421875 -0.09140620000000001
-0.2 0.0755345 0.0809836
-0.2 0.08749999999999999 0.2
-0.2 0.12398 -0.2
-0.2 0.2 -0.2
-0.2 0.2 -0.08749999999999999
-0.2 0.2 0.09375
-0.2 0.2 0.2
-0.15 -0.2 0.2
-0.147379 -0.07908809999999999 -0.2
-0.15 0.15 -0.2
-0.15 0.2 -0.2
-0.15 0.2 0.2
-0.125542 0.149968 0.2
-0.111458 0.2 0.105088
-0.0848097 -0.2 0.00703139
-0.079599 0.00400547 0.2
-0.0613081 -0.2 0.2
-0.0625 0.2 -0.2
-0.0601562 0.0529297 -0.2
-0.0125 -0.2 -0.2
0.00729553 0.2 0.199042
0.0375 -0.2 0.1375
0.059871 0.2 0.0518484
0.075 0.2 -0.2
0.08749999999999999 -0.2 0.2
0.103125 0.2 -0.03125
0.1125 -0.15 0.2
0.123437 0.0171875 -0.2
0.125 -0.2 -0.2
0.121917 0.198135 0.2
0.131105 -0.2 0.0226758
0.145785 -0.2 -0.145792
0.15 0.2 -0.2
0.2 -0.2 -0.2
0.2 -0.2 -0.125
0.2 -0.2 0.08749999999999999
0.2 -0.2 0.2
0.2 -0.15 -0.2
0.2 -0.0786573 0.2
0.197518 -0.0712219 -0.2
0.2 -0.0597656 0.0675781
0.2 -0.0398437 -0.0617187
0.2 0.0788803 -0.19866
0.2 0.125 0.2
0.2 0.2 -0.2
0.2 0.2 -0.125
0.2 0.2 0.05625
0.199077 0.2 0.197417
-0.139558 -0.141077 -0.137957
-0.140676 -0.142636 -0.0944151
-0.138615 -0.136772 -0.0455854
-0.139341 -0.138871 -0.00252299
-0.139916 -0.141426 0.0449655
-0.14305 -0.139941 0.0942101
-0.139384 -0.140673 0.138516
-0.136204 -0.0906733 -0.140732
-0.139853 -0.0961361 -0.09326
-0.139445 -0.09453689999999999 -0.0447357
-0.140527 -0.0922282 -0.0023853
-0.143609 -0.0930146 0.0467586
-0.139891 -0.0938184 0.093718
-0.139456 -0.0978972 0.139048
-0.134256 -0.0444034 -0.139458
-0.141541 -0.0467378 -0.0954787
-0.142525 -0.0471558 -0.0455382
-0.140661 -0.0456517 0.00161127
-0.139449 -0.0500155 0.0523691
-0.142104 -0.0482706 0.0978154
-0.139215 -0.037527 0.139645
-0.140461 -0.00439318 -0.13872
-0.140766 -0.0040735 -0.09872740000000001
-0.140209 0.00252913 -0.044818
-0.140148 0.00105153 -0.00222965
-0.139529 -0.000881584 0.0445406
-0.140756 0.00257916 0.09205960000000001
-0.142942 0.000150634 0.142861
-0.141491 0.0437752 -0.139075
-0.13713 0.0437073 -0.0916453
-0.140954 0.0491857 -0.0430545
-0.140187 0.0485053 -0.000306
-0.140384 0.0467814 0.0485659
-0.13905 0.0464815 0.09404029999999999
-0.138756 0.0457297 0.137254
-0.138286 0.100194 -0.140659
-0.139952 0.09703589999999999 -0.0924818
-0.140843 0.0989482 -0.0503761
-0.14204 0.09606190000000001 0.000857058
-0.139779 0.09344760000000001 0.046631
-0.141735 0.0915929 0.09068759999999999
-0.141371 0.0902824 0.140221
-0.142442 0.141053 -0.137062
-0.137175 0.139839 -0.09273240000000001
-0.139086 0.141101 -0.0465419
-0.142839 0.142321 -0.000268981
-0.140805 0.142253 0.0419038
-0.140901 0.144716 0.0938856
-0.140157 0.141786 0.137033
-0.0963968 -0.139233 -0.138013
-0.0955333 -0.142504 -0.0954829
-0.09268750000000001 -0.139646 -0.0456307
-0.0932684 -0.14027 0.000853709
-0.094705 -0.141043 0.0475838
-0.0925108 -0.141537 0.09320879999999999
-0.0906849 -0.141132 0.138247
-0.0952506 -0.09299549999999999 -0.141755
-0.0938431 -0.09396599999999999 -0.093916
-0.09385640000000001 -0.09385640000000001 -0.0469282
-0.093838 -0.0938076 -1.97894e-05
-0.09385640000000001 -0.09385640000000001 0.0469282
-0.09380280000000001 -0.0939096 0.093681
-0.0945286 -0.09468020000000001 0.137934
-0.094874 -0.0450586 -0.1418
-0.09385640000000001 -0.0469282 -0.09385640000000001
-0.0939514 -0.0469592 -0.0469231
-0.09385640000000001 -0.0469282 0
-0.09385640000000001 -0.0469282 0.0469282
-0.09385640000000001 -0.0469282 0.09385640000000001
-0.0963328 -0.0499819 0.140584
-0.0942139 0.00291181 -0.140606
-0.0979068 0.00192452 -0.09386269999999999
-0.0944261 -0.000538611 -0.0476671
-0.0938316 7.96698e-06 -6.887559999999999e-05
-0.09385640000000001 0 0.0469282
-0.0939132 2.31317e-05 0.0937487
-0.09755659999999999 -0.000685641 0.139167
-0.09735099999999999 0.042278 -0.140303
-0.0934519 0.0469731 -0.09390129999999999
-0.0999978 0.0450899 -0.0489624
-0.09385640000000001 0.0469282 0
-0.09385640000000001 0.0469282 0.0469282
-0.09385640000000001 0.0469282 0.09385640000000001
-0.09344860000000001 0.0472942 0.138933
-0.0958017 0.0949271 -0.141945
-0.0938315 0.09396069999999999 -0.0938949
-0.09385640000000001 0.09385640000000001 -0.0469282
-0.0939397 0.0938677 3.6532e-05
-0.09385640000000001 0.09385640000000001 0.0469282
-0.0939025 0.0936736 0.0937505
-0.0918479 0.09245680000000001 0.139389
-0.09586500000000001 0.13699 -0.138782
-0.0936936 0.141678 -0.09358950000000001
-0.095274 0.138281 -0.0512112
-0.0951709 0.140477 0.00198875
-0.09371980000000001 0.141915 0.0457279
-0.09511319999999999 0.138394 0.09417789999999999
-0.0918808 0.139357 0.13862
-0.046733 -0.140783 -0.137839
-0.0434188 -0.14274 -0.09464590000000001
-0.0465027 -0.140703 -0.0454234
-0.0467381 -0.138735 0.00059537
-0.047832 -0.138525 0.0476966
-0.0494723 -0.140072 0.0940382
-0.0471637 -0.141898 0.140418
-0.0483336 -0.09375749999999999 -0.138283
-0.0469282 -0.09385640000000001 -0.09385640000000001
-0.0469226 -0.09385309999999999 -0.0469084
-0.0469282 -0.09385640000000001 0
-0.0469428 -0.09372809999999999 0.0469406
-0.0469282 -0.09385640000000001 0.09385640000000001
-0.0479534 -0.09685530000000001 0.141997
-0.0456191 -0.0487442 -0.138232
-0.0469067 -0.046958 -0.09371119999999999
-0.0469282 -0.0469282 -0.0469282
-0.0469282 -0.0469282 0
-0.0469282 -0.0469282 0.0469282
-0.0469362 -0.0469364 0.0938765
-0.0475578 -0.0475742 0.141165
-0.0449205 -0.0014503 -0.140351
-0.0469282 0 -0.09385640000000001
-0.0469579 -6.6993e-06 -0.0469374
-0.0469282 0 0
-0.0469282 0 0.0469282
-0.0469282 0 0.09385640000000001
-0.0433346 0.00212877 0.139212
-0.0434076 0.0481033 -0.140758
-0.0468621 0.0469441 -0.09386129999999999
-0.0469282 0.0469282 -0.0469282
-0.0469282 0.0469282 0
-0.0469282 0.0469282 0.0469282
-0.046924 0.0469035 0.09383229999999999
-0.0466227 0.0451174 0.14031
-0.0472027 0.093455 -0.140278
-0.0469282 0.09385640000000001 -0.09385640000000001
-0.0469345 0.0938312 -0.0469071
-0.0469282 0.09385640000000001 0
-0.0469046 0.09376279999999999 0.0469056
-0.0469282 0.09385640000000001 0.09385640000000001
-0.0466981 0.0924591 0.141374
-0.0457348 0.13722 -0.142045
-0.0448632 0.139256 -0.0938076
-0.0473864 0.140295 -0.045383
-0.0503589 0.141389 0.000747277
-0.045379 0.139078 0.0454481
-0.0486137 0.140213 0.0947691
-0.0482837 0.141013 0.141005
-0.00015934 -0.141719 -0.139469
3.69229e-17 -0.141828 -0.0921073
0.00122467 -0.144314 -0.0505386
0.000857921 -0.141054 0.00414655
0.000680548 -0.138757 0.0475668
0.000849828 -0.141825 0.0945126
-0.0026852 -0.136174 0.145209
0.000743153 -0.0931133 -0.138598
1.1877e-05 -0.093899 -0.0937122
0 -0.09385640000000001 -0.0469282
1.08053e-05 -0.0938778 5.02666e-05
0 -0.09385640000000001 0.0469282
-2.01512e-05 -0.09389309999999999 0.0938018
-0.0020878 -0.0927297 0.139609
-0.000301741 -0.0470343 -0.140512
0 -0.0469282 -0.09385640000000001
0 -0.0469282 -0.0469282
0 -0.0469282 0
0 -0.0469282 0.0469282
0 -0.0469282 0.09385640000000001
-0.0012961 -0.0473322 0.139688
-0.00166945 0.0010009 -0.139908
-2.36255e-05 1.42174e-05 -0.0938103
0 0 -0.0469282
0 0 0
0 0 0.0469282
-2.47271e-05 -3.7637e-05 0.093836
-0.00182926 -0.0028122 0.14032
0.00143958 0.0470535 -0.137982
0 0.0469282 -0.09385640000000001
0 0.0469282 -0.0469282
0 0.0469282 0
0 0.0469282 0.0469282
0 0.0469282 0.09385640000000001
-0.00214507 0.0416933 0.143717
0.00393315 0.0949121 -0.141688
5.61215e-05 0.0938565 -0.0939238
0 0.09385640000000001 -0.0469282
-2.88938e-05 0.0938375 -1.94828e-05
0 0.09385640000000001 0.0469282
-5.05856e-05 0.09384629999999999 0.0940481
-0.000788516 0.09677620000000001 0.144451
0.00411022 0.136541 -0.139495
0.000826219 0.140535 -0.09493310000000001
-0.00106995 0.137994 -0.0470288
-0.00214743 0.140381 -0.00144006
-0.0020156 0.139199 0.0458474
-0.00319345 0.140036 0.0951163
-0.00268998 0.142452 0.136054
0.042744 -0.138494 -0.139975
0.0464924 -0.14027 -0.0915736
0.0467588 -0.140628 -0.0461789
0.0448338 -0.139892 -0.000336106
0.0477238 -0.140054 0.0458036
0.047855 -0.139161 0.0945088
0.0474955 -0.141569 0.140186
0.0444036 -0.09321409999999999 -0.14048
0.0469282 -0.09385640000000001 -0.09385640000000001
0.0469259 -0.0938484 -0.0469182
0.0469282 -0.09385640000000001 0
0.0469394 -0.0938177 0.0469124
0.0469282 -0.09385640000000001 0.09385640000000001
0.0450938 -0.09313539999999999 0.138358
0.0489651 -0.0486551 -0.142333
0.0469508 -0.0469474 -0.09393650000000001
0.0469282 -0.0469282 -0.0469282
0.0469282 -0.0469282 0
0.0469282 -0.0469282 0.0469282
0.0468774 -0.0469216 0.0938891
0.042633 -0.0463917 0.141267
0.0470023 -0.00216461 -0.143244
0.0469282 0 -0.09385640000000001
0.0469282 0 -0.0469282
0.0469282 0 0
0.0469282 0 0.0469282
0.0469282 0 0.09385640000000001
0.0413523 0.00151667 0.140167
0.0481395 0.0475491 -0.142002
0.0469423 0.0469354 -0.0939185
0.0469282 0.0469282 -0.0469282
0.0469282 0.0469282 0
0.0469282 0.0469282 0.0469282
0.0468965 0.0469139 0.09375269999999999
0.0448721 0.0460053 0.138905
0.0469185 0.0942096 -0.141202
0.0469282 0.09385640000000001 -0.09385640000000001
0.0469339 0.0938735 -0.0468951
0.0469282 0.09385640000000001 0
0.0468848 0.0937095 0.0468487
0.0469282 0.09385640000000001 0.09385640000000001
0.0466837 0.09055680000000001 0.144195
0.0436667 0.140377 -0.138572
0.0533994 0.141102 -0.0928195
0.0473738 0.141058 -0.0442871
0.0415739 0.139184 -0.000510799
0.0442592 0.138024 0.0418528
0.045098 0.139326 0.0963912
0.0445524 0.139365 0.142393
0.09798999999999999 -0.14227 -0.141971
0.0936449 -0.14253 -0.0941901
0.09496 -0.13868 -0.0473761
0.0933274 -0.138571 -0.000509536
0.0929889 -0.141229 0.0437396
0.0941062 -0.142261 0.0941565
0.0957004 -0.142426 0.13875
0.0986079 -0.0945549 -0.141188
0.0939171 -0.093977 -0.0939281
0.09385640000000001 -0.09385640000000001 -0.0469282
0.09372999999999999 -0.0937635 -3.49542e-05
0.09385640000000001 -0.09385640000000001 0.0469282
0.0938027 -0.093933 0.0938629
0.0913721 -0.0930074 0.14167
0.0911927 -0.0477474 -0.139354
0.09385640000000001 -0.0469282 -0.09385640000000001
0.09384480000000001 -0.0469027 -0.0469216
0.09385640000000001 -0.0469282 0
0.09392730000000001 -0.0469014 0.0469458
0.09385640000000001 -0.0469282 0.09385640000000001
0.0986904 -0.0448334 0.138321
0.0942931 0.0051271 -0.140913
0.0937752 4.82956e-05 -0.09389
0.09385640000000001 0 -0.0469282
0.0939224 1.88113e-05 -3.60905e-06
0.09385640000000001 0 0.0469282
0.0938882 -4.56559e-05 0.09389309999999999
0.09516380000000001 -0.00155049 0.14155
0.0936631 0.0451547 -0.138267
0.09385640000000001 0.0469282 -0.09385640000000001
0.0938314 0.0469339 -0.0469417
0.09385640000000001 0.0469282 0
0.093805 0.0469362 0.0469157
0.09385640000000001 0.0469282 0.09385640000000001
0.0939474 0.045495 0.142069
0.0934111 0.0956336 -0.142566
0.0938734 0.0936811 -0.0940424
0.09385640000000001 0.09385640000000001 -0.0469282
0.093809 0.09382 -4.63387e-05
0.09385640000000001 0.09385640000000001 0.0469282
0.0936548 0.093791 0.0939527
0.09463779999999999 0.0953312 0.143672
0.0959695 0.138967 -0.140666
0.0951979 0.136998 -0.100464
0.0900459 0.138679 -0.0448744
0.09759130000000001 0.139507 -0.00364884
0.0932668 0.138056 0.0439984
0.0942728 0.139376 0.0917753
0.09370489999999999 0.140189 0.144352
0.140696 -0.140041 -0.13675
0.14016 -0.141688 -0.0921637
0.139141 -0.139522 -0.0440789
0.139248 -0.135279 0.000827282
0.137749 -0.140131 0.0452728
0.140659 -0.142049 0.0955973
0.137346 -0.142687 0.140783
0.141963 -0.08916 -0.142896
0.140819 -0.09581240000000001 -0.0967847
0.140522 -0.0916999 -0.0487243
0.138663 -0.0959704 -0.00169291
0.13971 -0.0993975 0.0442343
0.140187 -0.0947976 0.090532
0.140002 -0.0969072 0.142188
0.143325 -0.0481014 -0.137861
0.142031 -0.046743 -0.0934749
0.140537 -0.0450107 -0.0464349
0.138281 -0.0464169 -0.00155209
0.142131 -0.0445548 0.0484793
0.137979 -0.0494176 0.0900569
0.140301 -0.0487038 0.142154
0.136043 -0.00114671 -0.140005
0.139213 -0.000860868 -0.0949048
0.140653 -0.00052026 -0.0476026
0.142074 0.00163712 -0.000312185
0.141294 0.000878933 0.0460051
0.141055 -0.00212732 0.09352340000000001
0.142305 -0.00214214 0.135324
0.139203 0.0470408 -0.140455
0.138626 0.0468915 -0.09569569999999999
0.140309 0.0473459 -0.04791
0.140782 0.0481961 -7.42484e-05
0.139832 0.0474846 0.0460575
0.141104 0.0439848 0.09380910000000001
0.141989 0.0472855 0.139593
0.139766 0.093099 -0.142236
0.14074 0.09489980000000001 -0.0929446
0.140259 0.09016109999999999 -0.0459262
0.138992 0.0953852 0.000334643
0.137455 0.0926415 0.0451259
0.137183 0.0936892 0.0932466
0.137788 0.0949547 0.140696
0.137828 0.138475 -0.140457
0.138367 0.143149 -0.094414
0.142593 0.141105 -0.0481928
0.141355 0.13879 0.00408039
0.143129 0.133235 0.0441599
0.139941 0.140438 0.09652620000000001
0.139647 0.136506 0.140412
0.00625 0.2 -0.2
0.146928 0.2 0.161732
0.2 -0.0955367 0.136831
-0.141667 -0.1375 -0.2
-0.170392 0 -0.2
0.17317 -0.0499823 -0.12042
-0.166667 0.0928842 -0.2
-0.140004 -0.0314576 -0.2
0.023083 -0.174654 -0.0419402
0.172671 0.037288 0.167436
0.158906 -0.110107 0.2
0.0872966 0.2 -0.0845993
0.0382679 0.0851962 0.2
-0.2 0.00866025 -0.0851962
0.0286818 0.161081 -0.171563
0.163553 0.0314462 -0.173058
-0.09385640000000001 0 -0.2
0.2 -0.0941254 -0.0854993
0.161732 -0.0110336 0.2
0.136017 -0.2 -0.0383345
-0.140785 -0.00866025 0.2
-0.0173205 1.40235e-33 0.2
0.175951 -0.04608 -0.09300659999999999
-0.0469282 0.0469282 0.2
0.0492959 0.0946028 0.177764
-0.00180499 0.0251525 0.2
0.0296077 0.0296077 0.2
0.086863 -0.043932 -0.176012
0.139789 0.0453624 0.173534
-2.10558e-33 0.09385640000000001 0.2
-0.0963343 0.0496638 -0.173779
0.0945179 -0.0984641 0.2
0.0596349 0.2 -0.0718525
0.0258744 -0.161732 -0.2
0.0483243 0.139655 0.2
0.0212079 -0.2 -0.159123
0.2 0.161732 0.161732
-0.101439 0.0852675 0.2
0.147963 0.0812602 -0.2
0.0156458 -0.0208375 -0.166583
0.0753331 -0.162455 0.00853189
0.0892244 0.171365 0.2
0.126099 0.147177 0.2
0.134453 0.09039229999999999 0.2
-0.168655 0.108799 0.111006
-0.0879438 -0.2 -0.0406294
-0.00549406 -0.2 -0.142216
0.172377 0.108734 -0.172745
-0.09385640000000001 0.2 0.140785
0.146504 -0.2 0.0946322
-0.0589639 0.2 0.136353
-0.06424870000000001 0.2 0.170392
0.003125 0.146928 0.2
0.2 0.161892 0.0138155
-0.2 -0.2 0.146928
-0.17074 -0.0792568 0.116885
0.158934 0.16078 0.2
0.2 -0.140785 0.140785
0.171122 0.053885 0.2
0.0765359 0.00614359 0.2
-0.0461699 -0.0222434 0.2
0.0147814 -0.0189992 -0.2
-0.11665 -0.108862 -0.172918
-0.00581375 -0.0447797 0.2
0.0762555 -0.127925 0.172639
0.172655 -0.11421 0.171826
-0.0244624 -0.165513 0.170703
-0.0275075 0.167639 -0.17157
0.0765359 -0.0469282 0.2
-0.112979 0.170663 0.15991
-0.0363553 0.15982 0.2
0.108077 -0.173417 0.0591547
0.06896330000000001 0.167425 -0.056808
0.0152827 -0.168606 -0.170798
0.166324 0.171642 0.174083
0.169612 -0.171868 0.172616
-0.168746 0.173752 -0.173571
-0.175181 -0.174443 -0.173407
-0.11491 -0.160408 -0.0240403
-0.166971 -0.0846818 -0.112989
0.116921 0.0233663 0.2
0.140785 -0.06424870000000001 0.2
0.0790226 0.0411579 -0.169784
0.084957 0.0147915 0.171149
0.110181 -0.00747362 0.168954
0.172998 -0.0671858 -0.0380453
0.170465 0.171996 0.0238925
-0.174583 -0.0209131 -0.171116
0.120866 0.168545 -0.16771
-0.171593 -0.119009 0.172091
-0.124555 -0.168071 0.170957
-0.13171 0.170979 -0.166177
0.167115 -0.118104 -0.16796
0.157391 -0.175252 0.2
0.170308 -0.0731676 0.104091
-0.0378177 0.198182 0.2
-0.0751501 -0.2 0.0434344
-0.0432373 -0.2 0.000890857
0.08518290000000001 -0.0148704 -0.2
-0.0296077 -0.2 0.0469282
-0.0278411 0.0196311 -0.17104
-0.0553988 -0.2 0.09352249999999999
0.173964 -0.00788199 0.168003
-0.0297706 -0.2 0.114587
0 -0.2 0
-0.111342 -0.0242407 0.16853
-0.168561 0.168432 -0.116809
0.165247 -0.173524 0.119953
0 -0.2 0.0469282
-0.0885917 -0.2 -0.163803
-0.0171368 0.167762 0.171753
0 -0.2 0.111177
-0.0287011 0.165624 0.117882
0.0697252 0.115666 0.173046
-0.124503 0.128659 -0.172028
0.129529 -0.172314 -0.116135
0.0498732 -0.2 0.0435182
0.134719 0.0582783 -0.17432
0.0319864 0.170841 0.0213219
0.0469282 -0.2 0.09385640000000001
0.168549 -0.2 0.0572283
0.0837775 0.167941 -0.104944
0.0786709 0.041565 0.176086
0.0813248 0.006663 -0.170605
0.09385640000000001 -0.2 0.09385640000000001
0.174497 -0.170556 -0.0169384
-0.0919054 0.2 -0.170564
0.0946244 -0.161732 -0.2
-0.158992 0.113638 0.2
-0.06271400000000001 0.2 -0.142259
-0.165957 -0.171663 0.0656352
-0.16926 -0.169813 -0.0279026
-0.131643 0.2 0.155404
-0.09385640000000001 0.2 -0.0469282
-0.06424870000000001 0.2 -0.0469282
-0.06424870000000001 0.2 -0.0173205
0.140276 -0.172571 0.0618265
0.171297 -0.141541 -0.0513671
0.2 0.160211 -0.167108
-0.179331 0.105232 -0.00427445
-0.0173205 0.2 -0.06424870000000001
0.0501646 -0.170807 0.0172051
-0.000330014 0.2 -0.0983948
0.09152680000000001 -0.168519 -0.129059
0.171376 -0.071272 0.036245
0.0296077 0.2 -0.0469282
0.0252977 0.2 -0.0126442
0 0.2 0
-0.165263 0.170626 0.129895
-0.145621 -0.0323277 -0.167449
-0.2 -0.121487 0.137259
-0.2 -0.0469282 0.140785
-0.0321128 0.0965051 -0.2
0.0655271 -0.171266 -0.169414
-0.00363579 0.0109363 -0.2
0.00211458 0.0521452 -0.2
-0.169872 0.174338 0.0702002
0.161719 0.0460938 -0.2
-0.2 -0.107084 0.0460938
0 0.09385640000000001 -0.2
-0.171747 0.0247205 0.0907399
0.0375 0.170392 -0.2
0.0375 0.2 -0.170392
0 0.140785 -0.2
0.132124 -0.0173205 0.2
0.0469282 0.0469282 -0.2
-0.2 0.0298676 0.10893
0.0469282 0.111177 -0.2
0.164525 0.175847 -0.0649493
-0.172544 -0.17339 -0.0698269
-0.170313 -0.170019 0.0238313
0.113268 0.2 -0.170392
0.09385640000000001 0.09385640000000001 -0.2
0.167765 -0.0205086 -0.0338017
0.12775 0.168166 -0.06726939999999999
0.099032 0.138492 -0.2
0.09385640000000001 0.123464 0.2
0 -0.2 -0.0469282
-0.0469282 0.140785 -0.2
-0.096759 -0.144708 0.2
-0.09385640000000001 -0.111177 0.2
0.0939253 -0.0532727 -0.2
-0.06424870000000001 -0.111177 0.2
-0.2 0 0.09385640000000001
-0.2 0.09385640000000001 0.140785
-0.2 0.138069 0.09009209999999999
-0.0591442 -0.0663116 0.2
0.2 -0.145718 -0.0663967
-0.0980689 0.0504536 0.2
-0.0173205 -0.140785 0.2
-0.0185839 -0.110475 0.2
-0.0173205 0.2 0.140785
-0.066429 0.2 -0.0930986
-0.0274796 0.0795985 -0.170747
-0.2 -0.199435 -0.00190891
0.0802605 0.2 0.0104353
0.0644468 0.156252 -0.2
0.06278160000000001 -0.160321 0.1704
-0.176651 0.167532 -0.06600880000000001
0.0296077 -0.06424870000000001 0.2
0.0487743 -0.14126 0.2
-0.2 -0.170392 0.140785
-0.141993 -0.143007 0.2
-0.140785 -0.111177 0.2
-0.14074 -0.0645815 0.2
0.142221 0.2 -0.154158
0.166432 -0.165441 0.0261999
0.141103 -0.2 -0.09372759999999999
-0.2 0.0776307 -0.0616065
-0.16685 0.171201 0.025085
-0.0336115 -0.17267 -0.114873
0.166981 -0.2 -0.0470912
0.108044 -0.0180758 -0.169102
-0.0296104 0.2 0.170025
-0.0469282 -0.2 -0.09385640000000001
0.169407 0.0722173 0.164742
-0.165415 -0.0810395 -0.147181
-0.0469282 -0.2 -0.0469282
0.169863 0.16822 0.0765465
-0.176553 -0.07185229999999999 -0.171072
-0.109137 -0.0313431 0.2
0 -0.2 -0.09385640000000001
-0.0608287 -0.17009 -0.009544159999999999
-0.0321244 -0.0790526 0.2
-0.2 -0.0130713 -0.06483559999999999
-0.2 -0.104195 -0.062373
-0.0818011 0.16819 0.100482
0.0469282 -0.2 -0.0765359
0.09385640000000001 -0.2 -0.0469282
0.170098 0.2 0.0866902
0.170392 0.2 0.123464
-0.0302478 -0.171113 -0.168598
-0.140785 -0.2 -0.09385640000000001
0.171351 -0.172671 -0.07591000000000001
-0.16542 0.0702033 -0.0647455
-0.142338 -0.2 -0.0487987
0.126642 -0.107124 0.2
-0.140517 -0.2 0.0016383
-0.0929861 -0.2 -0.0915155
-0.1625 0.175 0.2
-0.123464 -0.2 -0.170392
-0.138638 -0.2 -0.136805
-0.173619 -0.115735 -0.2
-0.120637 0.16715 0.0759254
0.1 -0.00866025 0.2
0.2 -0.00419457 0.140361
0.2 -0.155276 0.0820316
-0.0296077 -0.09385640000000001 -0.2
-0.08529150000000001 -0.169848 0.171991
-0.0816525 0.165922 -0.169075
0.0890891 -0.2 0.0320579
-0.0296077 -0.0469282 -0.2
-0.175382 -0.0996129 -0.169727
-0.0499594 -0.00759245 -0.2
0.172225 -0.0522096 0.170936
0.171506 0.106516 0.165742
0.00380452 -0.12585 -0.2
0.108607 0.164291 0.167422
-0.167137 0.10277 -0.170334
-0.0009431450000000001 -0.0900764 -0.2
0.166896 0.167871 -0.105884
0.166811 -0.171375 -0.107839
-0.172171 -0.170145 -0.105141
-0.2 0.107502 0.111017
0.155588 -0.145392 -0.2
0.170566 0.171562 -0.0194148
0.171927 -0.101899 0.11204
0.06424870000000001 -0.123464 -0.2
0.0613006 -0.0921197 -0.2
0.0428673 -0.0520734 -0.2
-0.147336 -0.110956 -0.169212
0.141604 -0.0207652 -0.173615
0.0601268 0.00162223 -0.2
0.09385640000000001 -0.09385640000000001 -0.2
-0.0199833 -0.0733589 0.168396
-0.0250783 0.07063949999999999 0.169149
-0.0240483 0.167048 -0.0258393
-0.0238527 0.124106 0.169641
0.112312 0.068948 0.169328
0.116693 0.118613 0.171999
-0.111699 0.172469 -0.0681117
-0.115324 0.0771095 0.167888
-0.0225915 0.174788 -0.112731
0.168468 -0.11674 -0.0243424
0.164256 -0.0240274 -0.113934
-0.166819 -0.07311910000000001 -0.0751288
0.0947556 -0.2 -0.0935299
-0.167024 -0.0262944 -0.0714076
-0.168684 -0.0279395 -0.0204764
0.2 -0.0173205 0.09385640000000001
0.2 0.00209743 0.0491433
-0.166728 0.0646325 -0.0307652
0.2 0.0206543 0.08091189999999999
-0.0702053 -0.166934 -0.0706432
-0.0742525 -0.170823 0.118591
-0.0741634 -0.0179539 -0.169017
-0.0779026 -0.0676204 -0.169621
-0.0702131 0.116046 -0.164115
0.2 0.0296077 0.140785
0.2 0.0274174 0.171782
-0.0278043 -0.169019 -0.0716701
-0.0246076 -0.168872 -0.0212316
0.2 0.0765359 0.0469282
0.2 0.0748674 0.0762602
0.06895220000000001 -0.166897 0.07448730000000001
0.0693286 -0.0201128 -0.167664
0.0729475 0.07196909999999999 -0.167654
0.116586 -0.073626 -0.168249
0.114068 0.119132 -0.172767
-0.165785 -0.111928 -0.0723337
-0.168893 0.114567 -0.113337
-0.110972 -0.16854 -0.06594559999999999
-0.120696 -0.169267 0.0741014
-0.113013 -0.168872 0.114297
0.2 0.120612 0.0851056
-0.116638 0.07203619999999999 -0.169317
0.2 0.0939289 0.119328
-0.0258959 0.166936 0.0289042
0.2 0.126885 0.12326
-0.0201643 -0.111707 -0.166743
0.168651 -0.026962 0.021354
0.168348 0.0267774 -0.025571
0.166577 0.0707392 -0.118528
0.2 0.140379 0.0422562
0.168188 0.114869 0.0252464
0.0280175 -0.112713 0.170966
0.16919 -0.117989 0.0278005
-0.169559 -0.0697842 0.0202427
0.2 0.181224 0.115907
-0.0222647 -0.16506 0.0249541
0.0268581 0.118666 0.168229
0.0218479 -0.167984 -0.0711488
0.0255232 -0.169832 0.0671243
-0.06424870000000001 0.2 0.09385640000000001
0.0241881 -0.07433480000000001 -0.166669
0.0182831 0.06934559999999999 -0.167608
-0.0187644 0.2 0.08009189999999999
0.0196918 0.118017 -0.171134
-0.167815 -0.115391 0.028287
-0.118199 0.0182212 -0.166007
0.166449 0.0266077 0.0269792
0.0243754 -0.174064 -0.123221
-0.167427 0.0213773 0.0173757
0.0192459 -0.168472 0.0288234
-0.06709519999999999 -0.152457 0.2
0.0296077 0.2 0.09385640000000001
0.0276214 0.2 0.135869
-0.09385640000000001 -0.0469282 -0.2
-0.06644890000000001 0.0820742 0.2
-0.0671663 0.12474 0.2
0.0576176 0.16713 -0.164128
-0.168719 -0.0606177 0.170591
0.170276 -0.0506897 -0.174656
-0.0612906 0.179025 0.2
-0.171382 0.0491252 0.116815
0.166151 -0.0358078 0.0849718
-0.2 -0.0836204 0.116486
0.15374 -0.144512 0.2
-0.164508 0.0186631 -0.112136
0.137964 -0.170995 -0.0139257
-0.2 -0.07110370000000001 -0.143901
-0.2 0.04375 0.2
-0.173223 0.0452158 0.2
-0.10625 -0.2 0.2
-0.101603 0.198436 -0.2
0.07536669999999999 0.169627 -0.012962
-0.0369624 0.176715 0.147285
-0.165241 -0.0372674 0.2
-0.155455 0.2 0.0980993
-0.107636 0.119024 0.172395
0.093635 -0.2 -0.168099
0.2 0.2 0.0127621
-0.2 0.0504288 -0.2
-0.2 -0.0242577 0.06232
-0.2 -0.0469282 0.09385640000000001
-0.2 -0.00302699 0.141764
-0.2 0.050626 0.139783
-0.114102 0.00751347 0.171486
-0.2 0.140785 0.140785
-0.0502169 -0.177358 -0.2
0.126166 -0.119284 0.170624
0.121109 0.2 -0.106085
0.167767 -0.07050910000000001 -0.07281509999999999
0.0754934 -0.120839 0.2
-0.120642 -0.0631394 -0.168064
-0.07681830000000001 0.0265988 -0.172994
0.166329 0.2 -0.0918123
0.2 -0.109526 0.171501
-0.2 -0.141203 -0.092741
-0.115467 -0.156119 -0.2
-0.030389 -0.2 0.168263
-0.03125 0.170392 -0.2
-0.03125 0.2 -0.170392
-0.2 -0.09385640000000001 -0.09385640000000001
-0.166058 -0.0894919 0.172677
0.173376 -0.0861711 -0.167669
0.0853357 0.171443 -0.170043
-0.2 -0.0524052 -0.0938114
-0.2 -0.0437349 -0.0457842
0.08017680000000001 0.168971 0.0255338
-0.176536 0.0153251 -0.0664144
-0.2 0.111177 -0.0296077
0.138474 0.167785 0.167975
-0.2 0.09581149999999999 0.0449322
-0.171571 0.134373 -0.167874
-0.172378 -0.171374 -0.141872
-0.2 0.140785 0
0.13946 -0.168532 -0.175969
-0.2 0.140785 0.0469282
0.17622 -0.08603570000000001 0.168735
-0.0511877 -0.173141 0.172533
-0.2 0.168662 -0.000806002
-0.2 0.170392 0.0469282
-0.0871193 -0.168434 -0.0246296
0.00500237 -0.169601 0.169661
-0.020508 0.0500458 -0.169251
-0.0925033 -0.17326 -0.2
-0.115148 -0.170501 0.00375434
-0.144119 0.172846 0.170107
-0.09385640000000001 -0.123464 -0.2
-0.167494 -0.148302 0.1726
-0.0469282 -0.140785 -0.2
0.141742 -0.0900523 -0.2
-0.168862 -0.144929 -0.169554
-0.127113 0.2 0.0624653
0.141709 0.141735 -0.2
0.16797 -0.000685127 -0.170675
-0.135668 -0.168238 -0.171658
-0.2 -0.155113 -0.134538
-0.133333 -0.2 -0.2
-0.2 0.140785 -0.140785
0.169399 -0.168829 0.082582
-0.169386 0.0936964 0.172372
-0.2 -0.114621 -0.0311436
-0.2 -0.140785 0
0.0230174 0.171251 0.0484906
-0.2 -0.140785 0.0469282
0.0340275 0.167924 0.172279
-0.2 -0.0765359 -0.0296077
-0.2 -0.0962035 0.00610992
-0.174833 0.168974 0.0974491
-0.2 -0.0292323 0.0198286
-0.2 0.168491 0.170179
0.167528 -0.2 0.169349
0.173612 0.16759 -0.2
-0.2 0.0173205 -0.0296077
-0.2 0.000267145 -0.00186042
-0.2 0.170392 -0.170392
-0.00181611 -0.2 0.140893
0.2 -0.170392 0.170392
0.167921 0.140964 -0.170201
-0.16436 -0.2 -0.168964
0.0128606 -0.2 0.2
0.0474797 -0.2 0.2
-0.114002 -0.2 -0.0200634
0.0899585 0.2 0.09005489999999999
0.0947971 0.2 0.125167
-0.09385640000000001 -0.2 0.09385640000000001
-0.0469282 -0.2 0.140785
0 0.2 -0.140785
0.0296077 0.2 -0.111177
-0.140231 0.117681 0.167652
0.2 -0.0625266 0.161732
0.132046 -0.2 0.2
0.139302 -0.2 0.140755
0.2 0.106893 0.157866
-0.0842738 -0.16838 -0.11357
0.2 -0.2 0.140785
0.10993 0.2 -0.0679099
0.123464 0.2 0.0296077
0.2 0.0337744 -0.2
0.103895 0.0597141 -0.2
0.124316 0.2 0.07690429999999999
0.140785 0.2 0
0.119524 -0.173465 -0.143978
-0.140947 -0.2 0.0463819
0.08518290000000001 0.0320579 -0.2
-0.136131 -0.2 0.0906069
-0.1265 -0.2 0.14269
-0.09108869999999999 -0.2 0.138867
0.2 -0.0984062 -0.116015
0.2 0.0449294 0.0533952
-0.0993334 -0.2 -0.130037
0.2 -0.07500759999999999 -0.0235538
-0.2 0.0532181 -0.130899
0.07923669999999999 0.198274 0.2
0.0684247 -0.172886 0.138199
0.0421816 0.2 0.2
0.16902 0.2 0.0252564
-0.2 0.06599869999999999 -0.171062
-0.2 0.09385640000000001 -0.140785
0.170392 -0.121928 -0.2
-0.128656 -0.171074 0.2
-0.2 0.08773690000000001 -0.09283230000000001
-0.07040399999999999 -0.07041169999999999 -0.070381
-0.07020650000000001 -0.0701793 -0.0234588
-0.0703892 -0.0703799 0.0703797
-0.07058399999999999 -0.0710002 0.115465
-0.0708584 -0.0232809 -0.0705643
-0.07046479999999999 -0.0235026 -0.0235509
-0.0703995 -0.0234806 0.0701184
-0.0705466 -0.0243398 0.11299
-0.0709113 0.0701765 -0.0704665
-0.0671167 -0.2 -0.2
-0.07110909999999999 0.069831 -0.023768
-0.07038990000000001 0.0703606 0.0703754
-0.0699796 0.06992230000000001 0.113871
0.2 -0.067935 -0.143505
0.2 -0.06424870000000001 -0.111177
-0.07019599999999999 0.115427 -0.0707986
0.2 -0.0452164 -0.164826
-0.0702073 0.112905 -0.0230805
-0.0702245 0.115383 0.0701068
0.2 -0.017089 -0.169707
-0.0700629 0.113776 0.114314
-0.0234567 -0.07040059999999999 -0.0701353
-0.0234605 -0.0703949 -0.0234559
-0.0234671 -0.07017519999999999 0.0704004
-0.024237 -0.0706162 0.117292
-0.0234655 -0.0234641 -0.07037259999999999
0.2 0.0296077 -0.170392
-0.0234711 -0.0234648 -0.0234655
0.2 0.0282058 -0.105813
0.2 -0.0034127 -0.0958669
-0.0234693 -0.0234704 0.07039140000000001
-0.023597 -0.0238564 0.117091
-0.0234503 0.0703955 -0.0703975
-0.0234676 0.0703862 -0.0234651
-0.2 0.0519854 -0.0442038
-0.0234696 0.070171 0.0704095
-0.0230056 0.0700303 0.119042
-0.0233511 0.113746 -0.0704381
-0.0243137 0.11692 -0.0233393
-0.0239089 0.113793 0.0704539
-0.2 0.0654637 5.82974e-05
-0.0247084 0.117261 0.117775
0.0704028 -0.0704052 -0.0704091
0.0701582 -0.07015970000000001 -0.0234837
0.07039140000000001 -0.0703892 0.0703973
0.068646 -0.0696623 0.116878
0.0701922 -0.0234607 -0.0704313
0.07039769999999999 -0.0234578 -0.0234614
0.0702002 -0.0235098 0.0701818
0.0702198 -0.0259118 0.11378
0.0703913 0.07038129999999999 -0.0704132
0.07017329999999999 0.0702253 -0.0234344
0.07036149999999999 0.0703718 0.0703807
0.0700466 0.06977999999999999 0.118322
0.0733973 0.120048 -0.07009550000000001
0.0698928 0.114529 -0.0213536
0.0677475 0.11496 0.067408
0.072683 0.114679 0.118683
0.117546 -0.070146 -0.07107330000000001
0.113763 -0.0701749 -0.0240722
0.112747 -0.0705982 0.07001789999999999
0.115498 -0.0708563 0.114518
0.11407 -0.0235461 -0.0704581
0.140606 -0.0510507 -0.2
0.0469282 -0.2 -0.2
0.113962 -0.0229711 -0.0237229
0.08685519999999999 -0.2 -0.2
0.11406 -0.023455 0.06985189999999999
0.113645 -0.0230047 0.115838
0.2 -0.137804 -0.118394
0.113842 0.07009029999999999 -0.0703613
0.113918 0.0702257 -0.0234981
0.113553 0.0696301 0.07020659999999999
0.113698 0.069827 0.118014
0.115077 0.113537 -0.06806619999999999
0.115801 0.117249 -0.0251892
0.2 -0.115669 -0.0613667
0.115431 0.114385 0.07046479999999999
0.115676 0.113087 0.11497
0.2 -0.143451 -0.0215144
-0.117603 -0.0706526 -0.0701818
-0.114115 -0.0700759 -0.0232928
-0.113822 -0.07085039999999999 0.0711933
-0.117962 -0.07180640000000001 0.117359
0.2 -0.09385640000000001 0
-0.119483 -0.0236219 -0.0707837
-0.117544 -0.0232357 -0.0233064
0.2 -0.0469282 0
-0.113959 -0.0237276 0.0709829
-0.118147 -0.0223359 0.116909
-0.170392 0.2 0.140785
-0.118304 0.073656 -0.0708539
-0.11829 0.0716791 -0.0234389
-0.113955 0.0702493 0.07028619999999999
-0.115212 0.0697714 0.116207
-0.113512 0.117957 -0.0710672
-0.09400169999999999 0.136671 -0.2
-0.113874 0.117631 -0.023544
-0.113015 0.117637 0.0703148
-0.114559 0.116229 0.115155
-0.07014040000000001 -0.118898 -0.07051
-0.0702135 -0.113881 -0.0231846
-0.07067420000000001 -0.113971 0.0705696
-0.07009319999999999 -0.117726 0.115355
-0.07091260000000001 -0.0700807 -0.117066
-0.170392 0.2 0.0469282
-0.140785 0.2 -0.09385640000000001
-0.0706329 -0.0228426 -0.117287
-0.140785 0.2 -0.0469282
-0.069554 0.073465 -0.113407
-0.0705842 0.114021 -0.121015
-0.111177 0.2 -0.0173205
-0.023006 -0.118108 -0.07031560000000001
-0.142742 0.2 0.0283081
-0.0210795 -0.119956 -0.0232078
-0.105495 0.2 0.0269481
-0.0235355 -0.113848 0.0708128
-0.0241262 -0.115689 0.11431
-0.0232946 -0.0703956 -0.113587
-0.02329 -0.0239446 -0.114942
-0.0230331 0.0700013 -0.112828
-0.0230892 0.111113 -0.114672
0.0699741 -0.115585 -0.0700269
0.07007620000000001 -0.113762 -0.0235647
0.0704005 -0.117297 0.0699221
0.07057529999999999 -0.114146 0.114148
0.070481 -0.0737631 -0.117099
0.0703695 -0.0233062 -0.117837
0.0705397 0.0702846 -0.117655
0.0708802 0.112869 -0.114091
0.114095 -0.117345 -0.0706865
-0.2 0 0.0469282
0.116702 -0.113431 -0.0240424
0.113704 -0.114783 0.0698867
0.116193 -0.11636 0.114094
0.11491 -0.0688978 -0.11978
0.115584 -0.0239075 -0.118622
0.116682 0.0704723 -0.117466
0.115923 0.11512 -0.11836
-0.116983 -0.117738 -0.07016210000000001
-0.114727 -0.11613 -0.0233051
-0.114295 -0.117569 0.0703005
-0.115279 -0.118256 0.114546
-0.117942 -0.07001549999999999 -0.116997
0.2 -0.140785 0.0469282
-0.115411 -0.0231879 -0.117631
-0.110379 0.07023799999999999 -0.116375
0.2 -0.111177 0.0765359
-0.116935 0.114832 -0.115136
-0.0706353 -0.114893 -0.112446
-0.0703911 -0.07037069999999999 0.0234614
-0.0703922 -0.023462 0.023438
-0.07197480000000001 0.023397 -0.0705615
-0.0710499 0.0233282 -0.0238356
-0.07039629999999999 0.023462 0.07037450000000001
-0.0703139 0.0209132 0.114589
-0.07040689999999999 0.0701934 0.0234604
-0.0707636 0.114091 0.023417
0.2 -0.2 -0.09385640000000001
-0.0232501 -0.114321 -0.116504
0.2 -0.2 -0.0597888
-0.0234626 -0.0703777 0.0234687
0.0765359 0.2 -0.140785
-0.0234643 -0.0234642 0.023464
-0.0234595 0.0234667 -0.07017900000000001
-0.0234675 0.0234626 -0.0234658
-0.09385640000000001 -0.09385640000000001 -0.2
-0.0234625 0.0234366 0.0703859
-0.0232122 0.022776 0.117294
-0.0234623 0.07037930000000001 0.0234583
-0.0241463 0.116906 0.0229514
-0.0648637 -0.0419828 -0.2
0.0234728 -0.0704172 -0.0703801
0.0234458 -0.070461 -0.0234606
0.0234495 -0.07037640000000001 0.07018389999999999
0.0226682 -0.0700505 0.113842
0.0234553 -0.0234715 -0.070421
0.023464 -0.023464 -0.0234641
0.0234299 -0.0234699 0.07030309999999999
0.0223165 -0.0236293 0.115808
0.0234958 0.07019599999999999 -0.070407
0.0234621 0.0703918 -0.0234629
0.0475872 -0.0978226 0.2
0.0234188 0.07037160000000001 0.0704728
0.0213983 0.070031 0.118833
0.0241359 0.113937 -0.07031850000000001
0.09385640000000001 -0.2 0.140785
0.0227274 0.114903 -0.0233922
0.0236637 0.115792 0.0702778
0.0224865 0.115368 0.118531
0.07065200000000001 -0.114664 -0.112753
0.07038179999999999 -0.070164 0.0234598
0.0704163 -0.0234409 0.0234509
0.0703782 0.0234713 -0.0704023
0.070405 0.0234612 -0.0234681
0.0703879 0.0234514 0.0703834
0.2 -0.140785 0.2
0.070327 0.0198544 0.114525
0.0703766 0.0703688 0.0234485
0.0698468 0.113785 0.0221578
0.118312 -0.114124 -0.117734
0.116115 -0.071032 0.0256197
0.117547 -0.0229098 0.0232554
0.115437 0.0233446 -0.07050629999999999
-0.09385640000000001 0.2 0.2
0.117539 0.0238055 -0.0237137
0.115814 0.0231099 0.069998
0.115354 0.0228235 0.114058
0.115163 0.0704345 0.0231638
0.11723 0.115706 0.0255056
-0.114294 -0.117553 -0.115452
-0.117572 -0.070145 0.0238454
-0.115259 -0.0237737 0.0238043
-0.115674 0.0239647 -0.0203499
-0.113753 0.0235552 0.07019690000000001
-0.114057 0.023473 0.114977
0.2 -0.0478386 0.122232
-0.11587 0.0705411 0.0236806
-0.120078 0.115519 0.0256622
-0.070733 -0.115189 0.0235449
-0.07036729999999999 0.0258411 -0.115081
-0.0233676 -0.116648 0.0241692
-0.0232012 0.0234653 -0.113835
0.0235518 -0.117782 -0.0702255
0.0229985 -0.118703 -0.0238057
0.0238421 -0.117213 0.07050969999999999
0.0230201 -0.115588 0.117642
0.0234998 -0.0702393 -0.117134
0.0234102 -0.0237364 -0.117771
0.0242633 0.0705899 -0.117448
0.025159 0.115062 -0.116839
0.0701854 -0.113874 0.0231771
0.07000869999999999 0.023519 -0.115516
0.115829 -0.114728 0.0226223
0.113738 0.023581 -0.114148
-0.117711 -0.11371 0.0231634
-0.118076 0.0218457 -0.11988
-0.07039090000000001 0.0234641 0.0234575
-0.023464 0.0234634 0.0234638
0.0225222 -0.115902 -0.114495
0.2 0.0849365 0.2
0.0234659 -0.0703892 0.023467
0.2 0.00728599 0.2
0.0234641 -0.0234639 0.0234641
0.0234657 0.0234683 -0.0703946
0.0234639 0.0234641 -0.0234642
0.0234555 0.0234559 0.0703795
0.0221077 0.0228852 0.115597
0.0234308 0.0701542 0.0234346
0.0222785 0.113654 0.0226153
0.07039339999999999 0.0234643 0.0234606
0.117488 0.0239059 0.023224
-0.117126 0.0236697 0.0232281
-0.2 -0.033602 -0.138405
0.0235195 -0.116963 0.0239024
0.0239381 0.0232604 -0.114068
0.0234636 0.0234514 0.023463
-0.2 0 -0.140785
-0.0271437 -0.0248484 0.16758
-0.08185679999999999 0.175123 -0.0688407
-0.0810845 0.173653 0.07161430000000001
0.055181 -0.07184989999999999 0.169571
0.060884 -0.0164096 0.16864
0.071603 0.17371 0.108966
0.114173 -0.0847305 0.173277
0.168521 -0.0196418 0.109118
0.170649 0.0592074 -0.0260867
0.174412 0.110018 -0.0736431
0.168972 0.147808 -0.074532
-0.2 0.00718306 -0.2
0.115646 0.171988 0.0997021
-0.153673 0.173035 -0.0271141
-0.2 0.09385640000000001 -0.2
0.00749127 0.171383 -0.0697704
0.168144 0.0149806 0.111655
-0.116643 -0.0771111 0.166857
-0.0845882 0.171211 -0.117719
0.0561801 0.173216 -0.120764
0.169105 -0.121336 -0.122816
-0.114891 -0.133752 0.1706
-0.171268 0.150689 -0.025653
-0.0616066 -0.174153 0.0668132
-0.0111209 -0.172235 0.0683039
0.2 -0.2 0.00318254
-0.0136462 -0.0183741 -0.173012
0.2 -0.2 0.0396308
0.2 0.00172235 -0.06269669999999999
-0.0165948 0.116455 -0.168545
0.0733661 -0.169852 -0.0602394
0.2 0.0469282 -0.06424870000000001
0.07556300000000001 0.130393 -0.168412
0.2 0.0765359 -0.06424870000000001
-0.0671078 -0.149045 -0.170755
0.2 0.122859 -0.135079
0.2 0.124744 -0.0942815
0.172663 0.0223148 -0.0838506
0.171061 0.0592214 0.0187029
-0.173258 -0.0128105 -0.120189
-0.114727 -0.014924 -0.165246
0.2 0.140785 -0.2
-0.0203163 0.0178071 0.169212
0.2 0 -0.0173205
0.129004 -0.115717 -0.16867
0.169937 0.104152 -0.112266
-0.174349 0.0765338 0.0283912
0.2 0.0469282 0
0.0267945 -0.105765 -0.171387
0.0264219 0.0360889 -0.173131
0.2 0.118192 -0.0521403
0.2 0.122027 -0.0124331
0.019705 0.2 0.0589433
-0.081381 0.16067 0.174089
0.07921309999999999 0.17548 0.0753408
-0.0559576 0.0229325 0.173551
0.2 0.17151 -0.0491134
-0.2 0.2 -0.0472506
0.0625 -0.2 0.16875
0.154049 0.019172 0.2
-0.114131 0.168983 -0.110757
-0.2 -0.165662 0.0887628
0.2 0.2 0.09385640000000001
0.2 0.2 0.133333
-0.2 0.170392 -0.114142
-0.2 0.114142 0.170392
0.170517 -0.2 0.113261
0.0703923 0.10866 0.2
-0.0407846 0.2 0.10866
-0.0308085 0.2 -0.0272667
-0.0617321 0.117321 -0.2
-0.0576053 -0.0733905 -0.2
-0.2 0.2 -0.00700124
0.2 -0.0790526 0.1
-0.2 0.2 0.0216409
0.2 0.0563745 0.100807
0.00484759 0.2 0.113823
-0.08771279999999999 0.2 0.0617321
0.0234641 0.0790526 -0.2
0.0234641 -0.2 -0.0617321
0.2 0.106325 0.01945
0.2 0.0234641 -0.0321244
0.0168833 -0.121696 0.2
-0.2 0.140785 0.2
-0.2 0.198105 0.13884
-0.2 0.0315284 0.0278249
-0.120139 0.1155 -0.2
0.168613 -0.00265578 -0.2
0.121865 -0.2 -0.126409
0.2 -0.00745128 -0.2
-0.173973 -0.130138 0.113513
-0.2 -0.153532 -0.043822
0.2 0.153979 0.0699345
0.15653 0.2 0.0579442
-0.168142 -0.106807 0.0668223
-0.0661537 -0.18126 -0.169259
-0.172098 0.0727057 -0.102604
0.0255273 0.2 0.0269228
0.060754 -0.15772 -0.2
-0.00982392 0.2 0.0421842
-0.197714 0.2 -0.135826
0.2 -0.00866025 -0.132124
-0.2 -0.0951364 -0.199632
0.2 -0.170392 -0.0854828
-0.06424870000000001 0.2 0.0296077
0.141197 0.2 -0.0374805
0.169483 0.2 -0.0513125
0.2 0.0458146 0.2
0.2 0.161732 -0.132892
-0.168686 -0.127987 -0.106585
0.0838243 0.2 0.161845
-0.109137 0.0242454 0.2
0.152513 0.2 -0.12329
-0.170392 -0.2 0.06880319999999999
0.2 0.2 -0.0307257
-0.00625 -0.161732 -0.2
-0.0509217 0.1692 0.07075670000000001
-0.0562286 0.173747 0.120863
0.2 0.2 -0.0913731
0.0427776 0.175204 -0.0731926
0.0882424 -0.0637881 0.170859
0.0899213 -0.0289489 0.170791
0.169968 -0.0700356 0.138273
0.173385 -0.0278343 0.139832
0.172215 0.0462658 0.122161
0.171352 0.08783630000000001 -0.0243464
0.122517 0.168926 0.137312
-0.0513839 0.170537 -0.119665
-0.0415262 -0.0782905 -0.171018
-0.0440435 0.107128 -0.172404
0.0684068 -0.174227 -0.0888863
0.0693363 0.10027 -0.17199
-0.17326 -0.044212 -0.11553
0.09650830000000001 -0.121607 -0.174797
0.169045 0.0213687 -0.0531479
0.0171908 -0.135897 -0.172995
0.0256212 0.0076122 -0.170044
0.0520822 0.0187923 -0.172449
-0.170392 -0.2 -0.025
-0.2 -0.170242 -0.0181915
0.0544222 0.199137 0.170392
-0.173819 0.0447019 -0.119353
-0.0606785 -0.169815 0.0305603
0.119881 0.170593 -0.00850912
0.2 0.163383 -0.0999538
0.129997 0.2 0.123283
0.2 0.08640299999999999 -0.142231
-0.0977288 -0.0662565 0.2
-0.134173 0.0892314 -0.2
-0.140785 0.00866025 -0.2
0.0378474 -0.2 0.00513829
0.00866025 -0.0469282 -0.2
0.0385044 0.2 -0.139926
-0.2 -0.100579 0.167297
-0.09048 0.0262814 0.170282
-0.0430571 -0.2 -0.170418
0.0672543 -0.0987369 0.168806
-0.14375 0.2 -0.1625
0.2 -0.076811 0.0337891
-0.2 0.170392 0.117267
-0.2 -0.0234204 0.176416
-0.145701 0.0735084 0.174406
-0.146553 0.168561 -0.07107090000000001
-0.019013 0.168777 -0.143582
0.167508 -0.0616117 0.00233238
0.145156 0.119892 0.176475
0.170088 0.00575528 -0.113254
-0.171884 -0.145123 -0.06737310000000001
-0.140164 -0.171217 -0.0152141
-0.143758 -0.176697 0.11695
-0.170595 -0.0192135 0.0435238
-0.172115 -0.00358356 0.070539
-0.170087 -0.0223769 0.144422
-0.145469 0.0787969 -0.172865
-0.170699 0.105129 -0.0766771
-0.172331 0.0745104 0.138678
-0.16882 0.107839 0.140899
-0.170712 0.136299 -0.06379890000000001
-0.175458 0.118626 0.0464228
-0.17021 0.139112 0.108848
-0.169922 0.138498 0.0706099
-0.0464256 -0.171552 0.118503
-0.0171733 -0.144769 -0.173413
0.101689 -0.165973 -0.0238166
0.0640896 -0.17055 0.0428641
0.121296 -0.173371 -0.0449339
0.12389 -0.16908 0.088438
0.138737 -0.175949 0.112199
0.17127 0.0749537 -0.0878307
0.121846 0.0892242 -0.171476
-0.2 0.0234641 0.170392
-0.140871 -0.169523 -0.115252
-0.139116 0.0225311 0.171139
-0.00194432 -0.167191 -0.116445
0.023 -0.144232 0.168479
0.00193198 0.166679 0.0223365
0.170151 0.142575 0.0253247
0.143025 -0.168845 -0.0695957
-0.16916 0.020984 -0.145642
-0.169949 0.0267616 0.0550178
-0.173257 0.0266034 0.136285
-0.17291 0.137848 0.0257749
0.0251403 -0.173454 -0.00619076
0.16995 0.0178587 -0.142559
-0.0248197 -0.2 0.2
0.135089 -0.2 0.0635138
0.169896 -0.114947 0.139744
-0.2 -0.2 -0.1625
-0.2 -0.0375 0.2
-0.2 0.1625 -0.2
0.1625 -0.2 -0.2
0.1625 0.2 0.2
0.2 -0.2 -0.1625
0.2 0.1625 0.2
0.2 0.2 -0.1625
-0.2 -0.2 -0.08749999999999999
-0.2 -0.1125 0.2
0.108823 0.2 -0.197855
0.2 -0.1125 -0.2
-0.2 0.111896 0.0685356
0.0506189 0.2 0.0106183
0.0633606 0.2 -0.0309515
-0.0369259 -0.168834 0.2
-0.0477421 0.16063 0.173416
-0.161751 -0.168758 0.145912
0.112553 -0.2 -0.0148704
-0.169303 0.0429475 -0.07162300000000001
-0.127082 -0.104577 -0.2
0.0444487 -0.172816 0.113609
-0.2 0.0227094 0.071898
-0.2 0.198932 0.0550393
0.0511346 0.173948 0.07809969999999999
-0.2 -0.170392 -0.0719282
-0.17121 -0.2 0.0136391
-0.2 -0.170392 0.021875
-0.183103 0.177269 -0.0375974
-0.2 -0.0776686 0.0852812
0.170876 -0.06849520000000001 0.07608959999999999
-0.170822 0.2 -0.103835
0.2 -0.170392 -0.0385546
-0.0280354 0.0655197 -0.2
0.108239 0.0338109 -0.169049
-0.0810408 -0.0867337 0.171584
-0.0848598 0.07090399999999999 0.170732
-0.0788635 0.104561 0.173828
-0.0831197 0.167876 -0.034909
-0.02474 0.172535 -0.0841539
0.103902 0.169751 0.0567453
0.170761 0.101706 0.06443790000000001
0.166385 0.107484 0.105032
-0.121409 0.173789 -0.0351263
-0.0828938 -0.125343 0.170242
-0.0331586 -0.122836 0.17297
0.106824 0.172784 -0.128169
0.171 -0.128683 -0.0788404
0.168576 -0.130228 0.0602103
0.171261 -0.0778625 -0.133517
0.0176437 -0.0752492 0.170368
0.00961391 -0.0395033 0.169835
0.011407 0.169044 -0.0375072
0.170546 -0.0276651 -0.146861
0.170701 0.0154935 0.0589807
0.0133016 0.169743 -0.127304
-0.128888 0.171486 0.00839294
-0.0144286 -0.169435 0.130253
-0.172161 -0.0620751 -0.0140772
-0.170575 -0.106684 -0.010796
-0.173402 0.0333905 -0.0146297
0.0127034 0.0151621 0.171777
0.150612 -0.0294699 0.172405
-0.0641396 -0.168387 -0.0426904
0.110835 -0.17002 0.0142687
0.0265891 0.170392 0.2
-0.2 0.0672141 0.170392
0.0672141 -0.170392 0.2
-0.170392 0.2 -0.0672141
0.2 -0.080535 -0.0546286
0.06567820000000001 -0.2 0.115678
-0.169154 0.07991040000000001 0.0589906
-0.0261848 -0.2 -0.117636
0.0438064 0.0651576 0.172465
-0.170392 -0.130588 0.2
0.2 -0.129077 0.113149
-0.062971 -0.107732 -0.2
-0.0375046 0.2 0.0186462
0.0321244 -0.2 -0.10866
-0.2 0.0321244 -0.155588
-0.171397 -0.168458 0.2
0.17283 -0.2 -0.17283
0.119654 -0.0456651 0.173936
-0.112904 0.169135 0.121526
0.17025 -0.2 0.008572730000000001
-0.0300781 0.0351251 -0.2
-0.169412 -0.093946 0.2
-0.0663304 -0.2 -0.0183421
-0.028125 0.2 -0.2
0.040625 0.2 -0.2
-0.11148 0.119426 0.2
-0.08158079999999999 -0.0490272 0.171022
-0.0535176 0.0637717 0.16843
-0.050664 0.107211 0.173586
-0.0287816 0.171631 -0.0561574
-0.0034499 0.166478 0.0591106
0.170902 -0.07772800000000001 -0.10104
0.16956 -0.0941147 0.0587394
0.168281 0.0632267 -0.0571191
0.170489 0.0608384 0.0891319
0.169218 0.109429 -0.00576352
0.172543 0.133095 0.0574607
0.136574 0.166773 0.0689208
0.169896 0.134895 0.10758
0.158932 0.17091 0.132642
0.039633 -0.0419408 0.175087
0.107585 0.0379542 0.176407
0.170668 -0.128342 0.097674
0.169531 0.0409813 -0.112026
0.137851 0.172215 -0.12834
-0.131289 0.169477 0.0428165
-0.0508898 0.173046 0.0140899
0.0115622 0.168894 -0.00417919
0.139617 0.00942195 0.171588
-0.168903 -0.0098472 0.009184899999999999
-0.17108 0.0506581 -0.159314
-0.167499 0.0328566 -0.0447271
0.0169735 0.0458511 0.172799
0.0424154 0.0116757 0.172115
0.175309 -0.2 -0.08048520000000001
0.0339285 -0.17306 0.2
-0.111408 -0.2 0.0297629
0.164423 -0.2 0.198557
0.09224880000000001 0.2 0.0463519
0.2 -0.0412256 -0.2
0.028412 -0.2 0.169189
-0.0739851 -0.2 0.16933
-0.07596940000000001 0.170323 -0.2
0.2 0.0596614 0.156771
0.170392 0.109428 0.2
-0.2 0.105787 -0.166016
0.170437 -0.2 -0.110339
-0.170079 -0.2 -0.105033
0.170218 0.2 -0.00951925
0.2 0.2 0.166667
-0.166667 -0.2 -0.2
-0.0587262 -0.0149416 0.170733
-0.2 0.0301493 -0.0619444
-0.0333382 0.0819998 0.2
-0.0339633 -0.0509433 0.2
0.10866 -0.0555885 0.2
-0.2 -0.132124 -0.0617321
-0.2 -0.058502 0.00525981
0.2 -0.0321411 -0.100793
0.2 -0.104606 -0.0324309
-0.00391509 -0.07996549999999999 0.2
-0.2 -0.0379689 -0.0134324
0.132124 0.0617321 0.2
0.0617321 0.2 0.132124
0.0321244 0.00866025 -0.2
-0.00251295 -0.166173 0.2
0.132111 -0.0148704 -0.2
-0.170002 0.056412 0.0818551
0.2 0.144742 -0.0691802
-0.143935 -0.0703004 -0.0237506
-0.148533 -0.0236549 0.07020949999999999
-0.143611 0.0702979 0.07127219999999999
-0.148152 0.07080699999999999 0.114177
-0.147213 0.120589 0.0621703
-0.0708628 -0.145675 -0.0237826
-0.069218 -0.06955649999999999 0.147789
-0.0713636 -0.0145083 0.14336
-0.0722344 0.06372750000000001 -0.144199
-0.0767716 0.142039 -0.023778
-0.06945129999999999 0.148443 0.07266549999999999
-0.0268063 -0.14654 0.116724
-0.0249367 -0.0695833 -0.147775
-0.0196735 0.0756063 -0.143145
-0.0241376 0.148052 -0.07042130000000001
-0.0255382 0.148046 0.0716605
0.0700795 -0.151472 -0.0271347
0.07366060000000001 -0.145292 0.119466
0.070273 -0.0806346 -0.147507
0.06907199999999999 -0.0154135 0.140166
0.067066 0.115906 -0.146039
0.0715031 0.148659 0.0684497
0.06982099999999999 0.149856 0.123319
0.118736 -0.147316 0.0703703
0.117889 -0.0660251 0.149851
0.116224 0.11669 0.142943
0.110228 0.144077 -0.0747512
0.1162 0.146018 -0.0252979
0.118112 0.145004 0.0625638
0.111571 0.144899 0.118935
0.149023 -0.0719236 -0.0220324
0.144374 -0.0740107 0.0584514
0.144867 -0.0645526 0.116221
0.149805 -0.0211706 -0.0697007
0.14576 -0.0217033 0.0692234
0.144468 -0.033072 0.114283
0.145989 0.0719639 -0.0197497
0.147352 0.118123 0.0735131
-0.0234641 -0.2 -0.0234641
0.07651380000000001 0.06881 -0.2
-0.0234641 -0.2 -0.0703923
-0.0703923 -0.2 -0.0703923
0.117321 -0.0703923 -0.2
-0.2 -0.0234641 0.117321
-0.2 -0.0703923 -0.0703923
-0.0724808 -0.2 0.118094
-0.0470715 0.2 0.0574422
-0.146431 -0.11742 -0.0241609
-0.14818 -0.118527 0.116413
-0.148257 -0.0252649 -0.118096
-0.118131 0.111943 0.145506
-0.115084 0.148248 -0.0207126
-0.07003810000000001 -0.145197 -0.119279
-0.0695572 0.145751 -0.114504
-0.0237264 -0.114883 0.147049
-0.0211674 0.14491 -0.124256
0.0702615 -0.148944 -0.114969
0.0723075 -0.118493 -0.146878
0.0696056 0.145366 -0.12869
0.116646 -0.147683 -0.120808
0.119261 0.148729 -0.115573
0.14731 -0.117774 -0.06858400000000001
0.147164 -0.116381 0.07123210000000001
0.147621 -0.119809 0.116224
0.147012 -0.06846149999999999 -0.115979
-0.117321 0.2 -0.0703923
-0.117321 -0.2 -0.0703923
-0.2 0.117321 -0.117321
0.2 0.0703923 -0.117321
0.2 0.008952709999999999 0.107934
-0.145841 -0.114878 -0.118745
-0.115737 -0.116486 0.147026
-0.147648 -0.0266237 0.0264307
-0.136418 0.0164672 -0.0713244
-0.14651 0.0234348 -0.0241856
-0.06765259999999999 0.0271921 -0.14655
-0.0705746 0.0189902 0.147812
-0.0692656 0.145917 0.0247392
0.0230348 -0.150843 0.119689
0.0282231 -0.0226514 0.150734
0.0239148 0.148895 -0.0667485
0.0235073 0.146349 -0.0220989
0.0171075 0.147817 0.07185759999999999
0.0239472 0.148926 0.119332
0.069534 0.0235997 -0.147179
0.116778 0.0216991 0.149851
0.11862 0.14646 0.0275253
0.145698 -0.0746305 0.0242156
0.0234641 0.117321 0.2
0.0234641 -0.2 0.0703923
0.2 -0.0240046 0.0223773
-0.116281 -0.149918 0.0235825
-0.116521 0.024578 0.149247
-0.115853 0.148962 0.026055
0.0163279 -0.118349 -0.146693
0.147609 0.0228921 -0.115764
-0.117321 0.0234641 -0.2
0.2 0.0263814 0.0245031
0.0406479 -0.175337 -0.150912
-0.100023 -0.2 -0.2
0.171374 0.151357 0.14886
-0.08008750000000001 0.170863 0.146344
0.145521 -0.0803267 0.171705
0.176478 0.154096 -0.0431092
-0.141982 -0.120274 0.166542
-0.160475 0.0464907 0.170233
-0.157884 0.144385 0.175151
0.0153091 0.166815 0.0960998
0.01157 0.169548 0.148178
0.169564 0.0177577 0.14468
-0.168448 0.0793426 -0.00389684
-0.016025 -0.0474169 -0.164612
0.0511666 -0.171464 -0.0150901
0.0473546 0.130802 -0.168449
0.170005 0.106787 -0.141293
-0.169241 -0.111355 0.143408
-0.100087 -0.164803 -0.165347
-0.10631 -0.165219 0.144727
-0.000101111 0.0242708 -0.16695
-0.150616 -0.0601386 -0.167744
0.2 0.107892 -0.2
-0.2 -0.0609641 0.170392
0.170392 -0.0609641 -0.2
0.2 0.0609641 -0.170392
-0.2 0.0660433 0.114561
0.0637022 0.2 -0.105229
-0.2 0.0141475 -0.112369
-0.170392 -0.0429288 -0.2
-0.2 -0.0481968 -0.164236
-0.2 -0.136896 0.165172
-0.144658 -0.2 0.164511
-0.142227 0.2 0.12508
-0.0261146 -0.2 0.0829719
0.2 0.0519785 -0.0321606
0.0262561 0.2 -0.07603219999999999
-2.84617e-33 0.0617321 0.2
0.0617321 0.2 0.09385640000000001
0.0313053 -0.09558609999999999 -0.2
-0.2 0.0321244 0
0.2 -0.137007 0.0133423
0.109907 0.2 0.000595926
-0.109137 -0.00354888 0.2
-0.0536268 -0.0537157 0.171983
0.16796 0.134739 -0.0160487
-0.0541708 -0.09942819999999999 0.176871
-0.0618176 0.171433 0.0440068
-0.00706441 -0.107237 0.168032
0.0296965 0.16684 -0.0980201
0.0411612 0.170871 -0.0123682
0.172355 -0.106423 -0.0523169
0.135613 0.175158 -0.098409
0.137825 0.17 0.032694
-0.0992171 0.174734 0.0420807
-0.172493 -0.0819376 -0.0416984
-0.168706 -0.0382003 0.0127414
-0.171889 0.0963898 -0.0355269
-0.173026 0.00357157 -0.0339012
0.2 -0.2 -0.0277858
0.0757901 0.174644 0.144778
-0.168975 -0.124655 -0.14174
0.0154052 0.2 0.169119
-0.176585 0.09296210000000001 0.087129
-0.121042 0.2 -0.178513
-0.2 0.2 -0.168313
-0.2 -0.0246244 -0.2
0.2 -0.0313746 0.0585092
-0.112745 0.2 -0.15139
-0.121928 -0.0609641 -0.2
0.102264 -0.143639 0.168436
-0.0704028 0.0235807 -0.2
0.2 -0.109455 0.2
-0.156942 0.2 0.167305
0.171862 -0.0900837 -0.2
0.0935619 0.169644 -0.2
0.2 -0.0421895 -0.0281213
0.09147280000000001 -0.2 0.0629571
0.169839 -0.142611 -0.00722938
0.171029 -0.00160216 -0.00607641
0.171127 0.0807433 0.134845
0.0424354 0.174512 -0.0415736
0.0422644 0.171546 0.141626
-0.165764 -0.0381085 -0.144481
-0.0381649 -0.167829 0.0478672
-0.043881 -0.0426134 -0.171414
0.2 0.130141 -0.169199
-0.176537 -0.141924 0.141325
-0.137871 0.2 -0.00743043
-0.0867187 -0.170078 0.00424082
0.2 -0.164069 -0.135184
0.170784 -0.0431509 -0.0563211
-0.167728 -0.2 -0.134933
0.2 -0.128946 -0.177794
-0.0562476 0.0480014 -0.168798
0.170391 -0.0720401 0.2
0.2 0.2 -0.0610494
-0.00212231 -0.2 0.17347
0.00733928 -0.155019 -0.021589
0.0213776 0.0684623 0.153366
-0.2 -0.0770063 0.046511
0.115812 0.2 -0.137378
-0.0523016 -0.169916 -0.145511
0.0336244 0.142484 -0.2
0.145392 0.170392 -0.2
-0.170392 -0.00433013 0.2
-0.160196 0.121928 -0.2
0.2 -0.171499 0.045541
-0.17014 -0.144869 -0.2
-0.2 0.00350062 -0.170392
-0.2 0.16973 -0.0810917
0.0906782 -0.2 0.170392
0.0172141 -0.2 -0.2
0.0560461 0.171243 0.2
-0.123764 -0.136813 -0.168786
-0.06278359999999999 0.2 -0.170734
0.0967044 -0.171993 -0.0973222
-0.2 0.169774 0.2
-0.2 0.2 0.170392
0.2 -0.2 0.169874
0.2 0.170392 -0.2
-0.09279320000000001 0.2 0.168633
0.2 -0.140785 0.170392
0.2 -0.170392 0.2
-0.142101 -0.166614 -0.0547482
-0.167942 -0.14075 0.00628333
-0.172145 -0.144956 0.0416288
-0.172383 -0.0510373 -0.0474365
-0.171853 -0.0536701 0.09408279999999999
-0.137373 0.0442366 -0.169604
-0.167791 0.0800835 -0.14131
-0.170734 0.142297 -0.137562
-0.168852 0.141828 -0.0970599
-0.1688 0.139091 0.14245
-0.0988846 0.0978209 -0.170631
-0.0433848 -0.00588856 -0.170392
0.0467628 -0.0422973 -0.169271
0.0431331 0.141174 0.171081
0.102849 -0.16906 0.140886
0.142968 -0.08654779999999999 -0.17082
0.139718 -0.0542152 -0.168098
0.171705 0.0472836 -0.145245
0.2 -0.170392 0.140785
-0.109428 0.175 0.2
0.2 -0.022491 0.2
-0.07001739999999999 -0.2 -0.114773
0.151258 -0.0376411 0.2
0.143697 0.11277 -0.2
-0.2 -0.0241227 -0.09282890000000001
0.0660622 0.08086599999999999 0.2
-0.121928 0.2 0.2
0.100752 -0.175615 0.2
0.138401 -0.2 -0.0660954
-0.140785 0.019134 0.2
-0.179609 0.2 0.113902
0.119244 -0.0409477 -0.153482
0.0658697 -0.0743813 0.2
0.0748298 0.124416 -0.2
0.0703923 -0.2 -0.0617321
0.2 0.152647 -0.0257081
-0.159087 0.0639043 -0.2
-0.0233166 0.141827 -0.182452
-0.0703923 -0.155588 -0.2
0.2 -0.125655 -0.0905339
-0.120834 -0.0123787 -0.2
0.12375 -0.116297 -0.2
0.020902 -0.2 -0.0185855
0.2 0.0617321 0.0234641
-0.2 0.155588 0.0234641
0.2 -0.09144620000000001 -0.177794
0.127771 0.11748 0.2
0.0436273 -0.2 -0.13719
-0.115678 0.2 -0.109428
0.0491459 -0.00178585 0.2
0.07911219999999999 -0.2 -0.0212871
-0.130192 0.0717979 0.2
-0.2 -0.2 0.06880319999999999
-0.2 0.144315 -0.06990300000000001
-0.143706 -0.0672883 0.143389
-0.130598 0.07136530000000001 -0.140911
-0.140859 0.0711138 -0.109304
0.0723765 -0.0483802 0.147845
0.07030649999999999 0.142385 0.0105052
-0.0958167 0.07105880000000001 -0.2

CELLS 8469 42345
4 1397 1406 585 583
4 1257 645 622 655
4 606 797 1620 492
4 1175 664 1443 1704
4 510 1579 359 360
4 1794 713 96 95
4 1750 464 442 1291
4 200 1775 1318 1184
4 150 917 206 199
4 734 258 411 1185
4 717 719 1404 706
4 1632 1728 792 830
4 1332 1177 804 542
4 1466 1496 633 404
4 652 1775 581 470
4 137 788 433 1524
4 1284 1225 30 700
4 806 1514 1240 1433
4 1189 824 782 1776
4 1437 510 1469 834
4 1727 660 444 579
4 369 1549 370 1705
4 1489 652 529 993
4 1275 318 1795 325
4 1190 396 663 1263
4 1105 386 1193 393
4 1163 1552 385 1193
4 830 480 826 406
4 1750 1291 277 708
4 718 137 88 1743
4 817 600 1487 889
4 356 1577 540 355
4 509 479 1745 850
4 763 622 1257 1644
4 536 537 1156 595
4 1519 757 447 1677
4 1285 630 744 1785
4 1752 867 1083 452
4 1666 348 397 1542
4 509 1393 601 1317
4 1728 826 60 673
4 1780 1185 1788 1772
4 911 408 1411 1458
4 1281 1300 1167 859
4 884 1613 743 1193
4 1752 1341 1342 452
4 755 910 913 1415
4 408 1411 910 911
4 371 1319 576 1693
4 1419 1648 1179 514
4 1185 411 630 1780
4 1194 82 690 1565
4 723 1392 547 52
4 1616 1496 439 1218
4 155 1661 1609 1668
4 853 608 847 491
4 1059 1715 799 574
4 1214 412 461 1139
4 412 1139 505 702
4 1290 1203 659 722
4 1328 1743 1477 1774
4 639 413 1618 484
4 468 1093 413 760
4 972 398 971 1543
4 973 420 1665 1431
4 45 49 1365 1443
4 926 1549 687 425
4 262 600 889 311
4 585 583 1406 582
4 1244 916 829 1486
4 1420 1421 842 841
4 1535 946 1094 332
4 1244 829 916 923
4 372 1547 1603 547
4 420 911 1458 785
4 1424 484 1760 567
4 1340 1380 631 422
4 1167 1545 859 1160
4 911 425 408 1458
4 971 398 1542 1543
4 425 1458 911 785
4 1695 1376 548 549
4 954 1538 353 1545
4 200 1318 1571 249
4 566 1184 1775 555
4 710 674 960 1513
4 1205 1164 1280 1619
4 960 1558 710 1513
4 430 710 676 584
4 1762 1287 690 800
4 505 412 1214 1139
4 1468 462 647 483
4 1602 1544 1106 400
4 1694 1230 1461 719
4 859 1265 1281 1300
4 1411 361 798 495
4 1783 798 1411 910
4 1403 1235 726 717
4 446 1320 682 1784
4 1479 1423 429 428
4 1311 1079 728 467
4 1274 548 1695 435
4 1290 436 1270 659
4 682 1320 446 681
4 952 350 768 1796
4 739 1623 1457 1207
4 749 1696 1624 1623
4 717 1404 1553 1403
4 872 802 1402 1485
4 1170 1414 548 543
4 248 1086 938 255
4 975 353 1545 954
4 105 106 1520 1115
4 464 675 708 501
4 717 1553 1463 1403
4 861 1336 1419 506
4 1320 1616 402 805
4 1553 1544 974 401
4 1167 858 1160 859
4 1190 1630 450 1301
4 450 1636 1196 1700
4 784 524 1666 871
4 1190 1630 853 450
4 1463 717 1403 726
4 867 452 1342 1221
4 840 1427 455 437
4 1321 687 1256 926
4 1351 456 489 726
4 1096 1796 350 952
4 1202 1236 724 1649
4 777 1742 458 1391
4 1269 668 1495 1261
4 1214 1509 431 483
4 1059 1408 1174 753
4 1780 1628 1305 1788
4 1750 672 708 430
4 1161 467 318 783
4 434 1079 467 786
4 1184 738 242 596
4 1361 367 468 812
4 1618 812 468 367
4 570 1629 1771 599
4 861 469 1336 813
4 855 1512 1711 1359
4 1035 397 396 1576
4 1035 396 397 390
4 784 1408 1471 1666
4 157 772 472 108
4 687 1505 1256 926
4 1168 612 1227 814
4 1096 351 1796 302
4 519 1339 1691 653
4 527 474 1341 452
4 414 871 524 784
4 1190 853 396 1263
4 1695 548 1376 435
4 961 476 1726 438
4 1348 207 476 634
4 1200 663 1191 1190
4 1163 724 1649 1202
4 1462 1659 972 399
4 1366 59 1368 1496
4 638 1323 1738 534
4 987 1732 845 1687
4 870 1756 478 852
4 866 478 496 1484
4 847 541 853 1196
4 457 1646 604 3
4 636 614 1352 1766
4 1533 889 311 262
4 604 1442 1645 3
4 418 1755 1358 923
4 1688 798 1753 495
4 1641 1174 1408 524
4 45 1367 49 1443
4 462 471 1159 1276
4 625 704 620 1425
4 1276 1275 1502 471
4 1028 1326 1354 1384
4 737 1203 1653 671
4 726 1351 621 489
4 1269 668 774 1495
4 552 1697 1635 74
4 490 1643 407 410
4 966 1777 1175 664
4 490 1154 1680 1150
4 1150 1644 490 1697
4 617 624 703 1556
4 773 1614 556 961
4 553 492 1308 1645
4 606 492 605 1436
4 493 1646 881 882
4 810 667 530 1779
4 1783 1688 51 1373
4 1480 1159 1787 1595
4 1779 1199 810 667
4 966 1175 1783 1707
4 866 1752 1765 496
4 631 1338 1788 1380
4 563 1355 586 1327
4 993 700 652 517
4 1113 497 1277 1551
4 1044 1228 1459 669
4 510 478 846 870
4 498 756 454 616
4 471 1276 1275 1795
4 1551 374 958 1548
4 1218 633 1466 1496
4 1098 1547 1603 372
4 1506 686 981 886
4 708 319 430 615
4 1634 503 235 818
4 981 686 1319 886
4 705 706 1461 884
4 1490 618 1262 1137
4 325 946 942 1795
4 965 374 958 1551
4 607 623 508 770
4 600 311 1684 1752
4 819 512 1250 1632
4 906 819 512 1250
4 1623 739 515 1231
4 733 1751 437 516
4 861 1419 1336 469
4 1410 1044 649 1041
4 1412 1237 728 1079
4 1177 1390 809 814
4 54 560 1639 441
4 1316 684 1789 1347
4 418 520 382 1639
4 1031 367 1579 366
4 870 1756 510 478
4 1182 523 609 1446
4 732 511 1179 502
4 1059 1641 1174 1408
4 1268 533 839 1216
4 1379 66 823 493
4 585 1397 1660 1406
4 1618 1444 484 1424
4 528 540 1692 976
4 143 1608 136 1309
4 684 1347 1309 1266
4 471 1158 1275 1770
4 1238 1220 531 13
4 185 904 1523 1052
4 604 1379 823 1442
4 1740 64 1249 533
4 1660 589 1397 585
4 527 474 452 1691
4 1187 599 578 1771
4 1566 996 108 157
4 1244 829 923 873
4 1409 973 1665 540
4 143 1608 1112 136
4 1057 1258 636 1394
4 614 636 1352 528
4 1079 1412 1237 602
4 847 1734 541 1196
4 1333 542 806 809
4 673 619 67 1635
4 882 1633 493 651
4 880 715 1324 716
4 602 1412 1467 1158
4 1195 1612 742 419
4 1195 419 1778 1612
4 640 573 1323 534
4 519 1305 746 544
4 1494 635 665 572
4 1425 704 620 703
4 1243 689 546 1785
4 791 712 1322 1264
4 372 1547 547 1392
4 624 208 703 734
4 837 1739 573 534
4 551 771 1445 107
4 987 551 771 1647
4 552 490 1635 1697
4 819 1189 1632 1250
4 1563 1503 1246 836
4 1002 815 559 1385
4 741 1249 561 839
4 93 1514 1354 563
4 1629 1717 599 570
4 186 1524 1708 1591
4 791 1322 665 1264
4 1675 60 826 673
4 1714 1326 776 777
4 1255 1393 509 1679
4 1392 373 366 497
4 1401 1156 537 595
4 453 1272 1617 451
4 1771 575 1286 570
4 668 1269 1211 1261
4 1627 1181 654 1699
4 638 1738 572 534
4 791 665 1322 1387
4 1797 1303 718 1241
4 1797 718 1748 1241
4 581 1775 566 794
4 1334 551 1314 781
4 1334 666 781 588
4 590 1777 1409 973
4 612 814 1177 809
4 769 616 594 453
4 781 1331 1747 1220
4 612 1472 1010 1002
4 1238 531 1622 642
4 1612 1797 788 419
4 558 738 1395 818
4 555 1184 1284 1395
4 1184 1395 555 562
4 640 1388 534 1293
4 837 534 573 1294
4 837 1739 839 573
4 1278 648 865 1113
4 573 64 1740 533
4 1259 1418 1473 1661
4 769 616 453 454
4 453 1617 1272 769
4 711 347 799 1187
4 1146 252 1067 253
4 1468 1763 462 483
4 154 914 994 1525
4 749 1624 1696 1676
4 1472 827 1012 1010
4 890 1295 840 1676
4 840 890 1427 1727
4 600 1752 889 311
4 602 1412 1237 1507
4 1390 1212 809 814
4 1791 601 1746 509
4 1227 1390 814 1212
4 892 1744 887 1477
4 1744 887 893 892
4 582 1176 651 493
4 1331 781 447 666
4 1331 1220 781 587
4 410 1195 552 787
4 1655 729 609 1041
4 1154 1194 1353 761
4 729 1410 609 1041
4 742 433 1743 137
4 694 611 637 931
4 1304 490 407 410
4 788 419 742 1612
4 1063 699 465 1438
4 611 1329 637 896
4 1010 1418 1472 612
4 1616 721 1465 731
4 830 1632 644 643
4 819 643 512 1632
4 419 742 130 788
4 410 552 1304 490
4 1797 993 1748 700
4 410 1195 1304 552
4 419 130 698 788
4 731 621 632 58
4 619 1635 1697 74
4 1797 1748 1524 700
4 1425 816 1521 111
4 625 620 1449 448
4 1507 626 677 593
4 471 1275 1158 1795
4 627 1762 690 800
4 627 1560 690 1741
4 1503 836 1563 628
4 453 736 1272 451
4 1309 1266 591 684
4 1787 1467 1595 1159
4 626 589 1660 585
4 1197 1479 428 1423
4 1197 424 1423 428
4 1509 681 1320 431
4 1468 431 483 1475
4 424 1197 1423 1155
4 647 1468 486 462
4 426 1454 1197 1210
4 1258 664 1409 1777
4 664 1493 1258 636
4 1493 1258 636 1481
4 429 1423 1479 1480
4 1794 637 96 1251
4 931 637 694 1381
4 896 1329 637 1251
4 637 611 11 931
4 611 637 11 896
4 437 1751 733 840
4 1675 826 60 808
4 451 1617 472 1445
4 1238 642 845 1731
4 1101 535 1735 472
4 354 1443 810 495
4 44 1369 847 56
4 853 396 1263 1471
4 1756 1437 649 834
4 1445 771 646 107
4 1424 1444 484 567
4 462 471 1276 647
4 1276 1502 647 471
4 701 1625 648 702
4 484 1161 1444 1618
4 647 487 486 1468
4 1415 910 913 1256
4 913 916 1415 1256
4 882 651 493 1488
4 1444 1161 484 1502
4 652 532 1729 529
4 1729 1282 652 470
4 1489 529 29 767
4 993 529 1489 767
4 1468 1475 483 647
4 619 622 1635 655
4 1257 9 622 1643
4 484 1618 657 1709
4 658 721 868 1694
4 660 41 444 445
4 682 402 660 805
4 409 14 661 1720
4 893 1745 661 1492
4 1169 661 409 14
4 784 1666 1471 1267
4 1273 663 789 57
4 610 664 1493 518
4 1055 1258 1493 1481
4 664 1493 46 1258
4 447 1677 666 1374
4 1677 12 666 1374
4 1175 354 1443 664
4 1175 354 495 1443
4 1509 431 483 1468
4 489 668 1298 876
4 1277 405 497 1113
4 463 1155 1197 424
4 669 367 1579 1361
4 669 1579 367 366
4 567 1502 1444 484
4 1382 645 673 20
4 1382 673 465 20
4 655 619 673 1635
4 655 673 645 20
4 689 1766 1340 631
4 518 610 1352 1730
4 1340 631 1185 689
4 413 1709 1618 484
4 1711 817 1512 1482
4 589 626 1658 1501
4 466 677 1155 1413
4 751 426 1454 1500
4 543 679 1224 537
4 1482 1487 855 1711
4 537 538 679 1224
4 500 732 625 1297
4 1178 1179 502 1698
4 1455 473 752 1500
4 1509 1468 483 1763
4 525 516 1763 681
4 516 579 1763 681
4 1156 1215 683 1786
4 1003 683 1215 1786
4 1399 1398 751 440
4 519 707 1339 735
4 685 862 795 595
4 540 1692 976 686
4 1506 540 976 686
4 368 408 1415 687
4 511 746 732 1179
4 688 1741 690 1560
4 690 800 1287 688
4 502 1179 732 1698
4 801 1560 1741 841
4 1297 502 1178 499
4 627 690 691 1741
4 1741 691 627 801
4 803 83 690 1589
4 1336 506 1648 1419
4 1672 849 848 627
4 1626 694 1422 937
4 1332 1791 1746 1329
4 611 1791 804 1329
4 620 703 617 696
4 527 522 1383 707
4 651 1633 697 882
4 630 1185 1780 1772
4 750 1195 699 698
4 1068 750 699 698
4 550 679 1224 549
4 1699 654 1226 1068
4 532 1173 652 1282
4 595 1682 1173 1786
4 1357 507 732 1554
4 1414 679 549 1224
4 1554 732 625 500
4 595 1401 543 537
4 526 675 501 708
4 1292 526 708 675
4 1400 1156 536 537
4 575 1286 709 1344
4 1786 1173 1156 1215
4 545 1401 685 1663
4 960 710 1754 674
4 361 1769 1032 368
4 685 1401 545 595
4 1401 1170 545 543
4 853 711 828 1761
4 1668 1259 1418 1012
4 1457 1207 1254 739
4 549 1474 1414 1664
4 1474 679 550 549
4 1170 1456 543 1401
4 713 1746 1745 833
4 696 869 641 714
4 536 683 1156 1400
4 1650 543 1170 548
4 548 1695 1170 1274
4 543 545 1401 595
4 1224 1414 548 549
4 881 1633 882 716
4 548 1414 1170 1695
4 545 1663 685 1417
4 536 683 1400 1405
4 529 652 1682 494
4 718 1524 144 1793
4 1414 549 1695 548
4 1457 1562 739 1254
4 1259 1661 1473 1439
4 662 1283 650 722
4 662 722 1528 1283
4 1319 984 1693 723
4 538 1400 1473 1418
4 1319 547 984 723
4 777 1742 1327 458
4 1460 1289 1649 724
4 576 1198 1183 1289
4 553 1631 492 1701
4 576 1693 1198 724
4 570 1286 1555 575
4 1235 1280 1462 1206
4 603 1349 1237 728
4 570 1629 1286 1771
4 729 1459 1044 1313
4 671 1203 1534 737
4 1313 1044 729 1041
4 575 1286 1344 711
4 1357 746 732 507
4 596 1395 30 1284
4 1234 734 411 630
4 1634 1204 557 558
4 1780 1234 411 630
4 672 708 430 501
4 709 1204 1233 568
4 1395 562 1184 738
4 557 1204 1634 1291
4 1629 1286 740 570
4 1740 741 1739 839
4 740 570 566 1717
4 837 1739 741 839
4 1743 742 1304 1612
4 386 1193 705 884
4 799 347 711 491
4 1288 671 1534 676
4 1395 596 1184 1284
4 256 744 476 1614
4 1354 1240 745 1028
4 519 746 1339 544
4 639 1618 1161 484
4 467 311 1684 600
4 585 1406 1407 747
4 589 1302 1397 585
4 1406 747 585 582
4 1407 585 1660 1406
4 589 1397 1453 1658
4 1172 623 508 607
4 1172 1302 623 607
4 589 1658 1453 463
4 1406 583 1176 582
4 1412 1158 602 1079
4 1196 450 1761 1636
4 736 1157 629 25
4 1059 1408 753 799
4 1451 799 599 35
4 565 799 1451 35
4 560 873 54 1639
4 583 1172 1406 1176
4 607 770 508 754
4 607 508 1172 754
4 607 754 1172 797
4 458 73 1792 797
4 755 1486 1513 1242
4 757 93 563 1514
4 779 1640 757 569
4 777 1391 458 759
4 1620 492 605 606
4 605 823 1620 493
4 1154 761 1353 1296
4 1194 416 761 1642
4 1338 1380 631 1340
4 528 422 1352 614
4 1426 762 1338 357
4 763 482 7 619
4 1644 622 1257 9
4 779 1345 1621 1428
4 973 420 1409 1665
4 529 494 1678 767
4 255 513 769 206
4 734 411 630 1185
4 1788 1185 631 1772
4 631 1340 1185 1338
4 551 843 771 107
4 987 551 1768 771
4 1472 1010 1002 827
4 1566 157 108 772
4 613 703 617 624
4 624 703 1556 734
4 668 489 1495 876
4 638 481 1323 857
4 1285 630 1185 734
4 613 1434 624 617
4 875 1402 1464 1167
4 858 1167 1160 1209
4 859 1281 1265 1674
4 859 1167 1281 1545
4 638 714 857 448
4 819 1189 1250 782
4 644 808 1346 830
4 1346 830 1632 644
4 1309 136 508 780
4 1789 1767 1347 1266
4 644 854 830 643
4 1543 398 1542 577
4 1482 855 1487 856
4 1290 436 659 670
4 856 1213 1429 36
4 822 824 1189 1776
4 354 43 664 518
4 722 1337 824 659
4 782 634 1310 31
4 38 760 783 639
4 1203 722 662 659
4 1431 911 785 53
4 425 369 785 1705
4 662 1203 214 722
4 425 785 911 53
4 467 603 1429 786
4 410 787 552 1635
4 465 787 699 1683
4 662 1627 654 1283
4 419 1797 788 1685
4 419 1685 698 656
4 1640 666 1677 12
4 654 1181 1627 1306
4 763 619 7 655
4 1450 794 470 29
4 1489 470 794 29
4 403 470 795 1450
4 606 1448 797 492
4 553 1631 1308 492
4 824 722 1438 1189
4 1637 797 754 8
4 1783 798 51 1688
4 1779 1288 810 1199
4 698 656 1068 419
4 54 1639 450 441
4 698 1068 656 1699
4 824 1337 722 1189
4 799 1689 578 599
4 1059 799 565 574
4 599 753 799 1451
4 824 634 1337 1189
4 1063 699 1438 1226
4 1796 302 351 802
4 1785 1285 546 1572
4 1057 614 1394 636
4 1340 422 631 1766
4 577 571 1261 668
4 1619 668 1211 571
4 90 1381 1589 1478
4 658 1694 1404 721
4 868 658 55 1368
4 1218 731 1466 633
4 459 55 658 1368
4 1267 57 1263 1369
4 721 1404 658 1465
4 658 1616 721 1465
4 404 41 805 1366
4 445 459 805 41
4 445 805 660 41
4 412 1262 461 1139
4 664 1367 46 1493
4 412 702 1625 701
4 21 1720 807 14
4 1461 705 1403 706
4 1461 1694 719 1404
4 644 1346 808 1706
4 810 1443 43 40
4 1277 865 405 1113
4 790 812 1686 50
4 861 469 813 793
4 747 651 813 28
4 1279 701 1171 1585
4 532 1282 652 1729
4 1282 1729 532 795
4 692 1162 1113 648
4 1625 1279 701 1171
4 816 112 481 1703
4 448 26 625 816
4 1482 1349 1237 603
4 1171 1461 695 1416
4 540 976 528 1394
4 692 1162 1416 758
4 692 1162 1171 1416
4 1337 1270 824 659
4 557 503 1634 1447
4 726 1463 1351 727
4 693 723 1416 743
4 186 596 818 1708
4 738 818 596 1395
4 1634 557 1447 558
4 481 1703 112 820
4 1461 1416 386 884
4 20 1643 622 1635
4 731 1466 632 621
4 731 632 1466 633
4 1403 727 1463 726
4 1193 1403 727 393
4 642 24 821 23
4 1137 618 1491 658
4 693 1416 723 1681
4 553 492 1645 1701
4 1701 1645 553 604
4 1113 1278 1551 1277
4 604 823 1645 1442
4 1551 1278 1113 1162
4 1646 493 1442 19
4 605 1442 493 895
4 453 1223 594 769
4 1231 739 515 1223
4 667 49 1443 1365
4 667 1707 1443 49
4 1707 1443 49 1367
4 1623 1271 739 1457
4 7 1257 826 831
4 1722 4 826 645
4 7 826 1257 655
4 453 1617 769 454
4 760 360 38 783
4 646 827 771 25
4 402 805 1616 1466
4 736 1271 629 1157
4 1224 1439 679 550
4 454 1617 451 453
4 829 916 1415 755
4 830 826 60 1728
4 609 1410 358 539
4 490 1353 1723 1154
4 550 1252 1350 521
4 1676 1624 1696 840
4 773 556 305 530
4 550 1474 1350 679
4 412 505 1625 702
4 550 1350 720 679
4 538 537 1400 536
4 736 1157 25 1232
4 1625 702 505 648
4 1008 538 1400 536
4 791 665 1387 831
4 831 1362 808 1
4 831 665 1 808
4 1791 601 509 1724
4 867 1342 510 1221
4 1378 1208 473 756
4 1101 1208 1735 454
4 1500 678 432 1651
4 1789 1316 1621 765
4 1765 1429 38 1752
4 1429 36 1213 1725
4 752 1399 1208 1455
4 1429 1725 1752 1765
4 513 32 1676 616
4 1789 684 1266 1347
4 752 1208 1399 772
4 1398 751 1454 1399
4 302 802 521 838
4 684 1266 591 1789
4 1623 1386 303 1598
4 1751 437 1727 840
4 1618 484 657 1424
4 1278 865 505 657
4 528 1180 1655 609
4 609 357 762 1426
4 1180 528 1655 976
4 756 1378 1208 454
4 1492 850 833 1745
4 878 533 573 1268
4 1789 1621 1316 1347
4 573 837 1389 839
4 638 534 572 1293
4 756 1378 454 616
4 1165 1515 571 1619
4 465 673 67 787
4 1063 465 699 1683
4 787 67 1635 673
4 1063 465 1382 822
4 1334 1314 588 781
4 1768 17 771 843
4 478 1733 846 870
4 1735 1617 451 454
4 961 773 1614 1785
4 1735 451 1617 472
4 1789 1621 1767 765
4 870 852 478 1733
4 878 533 715 64
4 1437 1469 649 834
4 518 610 664 1352
4 664 966 1777 1258
4 533 1268 1324 1216
4 1326 1327 777 1742
4 1477 661 409 892
4 661 892 1744 893
4 556 1288 670 1203
4 556 961 1614 476
4 694 804 611 931
4 467 311 783 1684
4 816 448 26 857
4 857 816 1703 26
4 820 857 1483 640
4 482 7 796 763
4 1101 1764 472 1757
4 1208 1617 157 472
4 779 1330 1355 757
4 776 1326 1714 1325
4 1326 1325 776 1028
4 1101 472 1208 1757
4 781 1747 1334 551
4 1334 447 781 666
4 987 551 1647 535
4 1331 781 666 587
4 1497 1722 480 406
4 784 1471 1408 1715
4 784 524 1408 1666
4 784 1267 1471 1715
4 475 349 1543 768
4 1150 1697 1287 763
4 1452 864 531 24
4 531 1622 24 864
4 1452 772 864 24
4 1194 1150 416 1642
4 472 157 1208 772
4 796 688 712 482
4 812 50 790 865
4 865 657 812 50
4 842 741 730 1714
4 776 1326 1028 1384
4 1154 1642 1194 761
4 1741 1420 801 841
4 1273 663 57 1299
4 1150 1194 1287 1697
4 1299 1263 663 57
4 841 1669 1420 1421
4 801 1420 1741 691
4 660 41 805 404
4 1265 404 41 660
4 522 1383 514 33
4 514 33 1419 851
4 577 37 1260 871
4 806 1433 1201 1333
4 804 1332 542 1671
4 1555 709 568 485
4 1655 609 1721 1041
4 409 661 1328 1720
4 479 494 102 517
4 21 993 494 517
4 610 518 1493 1243
4 832 854 830 1497
4 699 1226 750 1068
4 1344 1396 333 485
4 822 465 1189 1438
4 477 1368 1496 1366
4 1208 772 752 1757
4 473 756 1208 1757
4 1632 643 885 644
4 776 1326 586 777
4 440 1398 751 591
4 832 643 830 854
4 906 782 819 1250
4 883 1783 1411 910
4 883 910 1411 911
4 884 695 1416 693
4 885 1759 869 641
4 822 1438 1189 824
4 1063 699 750 1683
4 1744 1794 1296 88
4 1344 389 450 711
4 906 819 1615 512
4 1028 1384 1354 1240
4 262 600 817 889
4 1083 1213 889 1432
4 1514 569 12 1384
4 634 1716 613 158
4 833 1746 1745 509
4 837 1563 1246 836
4 490 1680 1644 1150
4 842 741 1421 730
4 535 821 23 1687
4 848 1422 1672 1478
4 1101 1764 535 472
4 1707 49 667 894
4 1740 1739 573 839
4 1670 1476 1508 844
4 844 1670 1476 1325
4 576 488 370 1705
4 1325 844 1670 730
4 1504 1670 1508 844
4 1422 848 1672 849
4 1476 1508 844 849
4 745 1476 1028 849
4 849 745 1476 1422
4 1711 817 1482 1487
4 855 1512 1482 1711
4 154 1567 1525 994
4 1160 1652 859 858
4 859 1652 1160 1510
4 1727 1295 888 1265
4 859 1160 1674 1510
4 858 1167 1209 875
4 732 1297 500 502
4 851 506 1419 514
4 851 33 1419 817
4 860 697 114 716
4 863 1417 1663 545
4 863 1663 1417 1174
4 872 1402 802 1667
4 1298 872 1667 876
4 876 489 1667 1298
4 875 1402 1167 1209
4 1324 604 1268 881
4 715 1324 533 1268
4 1633 493 881 882
4 1096 351 302 953
4 1085 953 1537 303
4 1098 372 957 1547
4 366 958 1031 367
4 893 713 1744 661
4 1791 1332 1746 601
4 893 713 661 1745
4 1744 713 893 1251
4 509 1679 850 1255
4 892 1774 1477 775
4 661 1169 409 892
4 400 1544 1106 974
4 643 512 1632 885
4 687 1549 926 1321
4 1242 829 674 755
4 674 755 1513 1242
4 1470 925 1192 926
4 1415 755 916 913
4 418 1639 1755 923
4 853 450 1196 1700
4 1470 1256 1584 925
4 926 1321 1192 1470
4 931 1478 1422 848
4 963 773 40 530
4 1653 671 1203 670
4 670 671 1288 676
4 530 1288 810 1779
4 200 1018 1184 249
4 961 556 1253 436
4 1789 1347 1767 1621
4 1026 1574 347 1536
4 1044 1469 1410 649
4 1463 621 717 726
4 609 834 523 1721
4 981 1319 686 729
4 636 1481 1258 1057
4 636 1057 614 1481
4 1182 1721 609 523
4 1068 750 698 419
4 1524 144 1793 1043
4 1168 814 1177 612
4 1474 1414 679 549
4 1003 1215 1317 509
4 1418 1472 1012 1010
4 1008 1418 1400 538
4 1168 1177 814 1390
4 1012 1472 1418 1668
4 1002 612 815 1229
4 1012 827 1472 1668
4 1008 1405 1400 1418
4 143 136 1112 1052
4 1008 1400 1405 536
4 1227 1702 1229 612
4 612 1002 1010 1702
4 612 1002 1702 1229
4 1002 815 612 559
4 966 883 1175 1777
4 966 1783 1175 883
4 1180 1446 609 528
4 1055 1258 1481 1057
4 497 405 1228 1113
4 1044 1459 1578 669
4 1228 1459 669 1392
4 1044 1578 1469 669
4 1534 312 1023 1087
4 1318 795 685 862
4 1059 1408 799 1715
4 1063 1438 465 822
4 1130 365 364 1098
4 1161 484 1502 639
4 1083 1725 1752 889
4 1103 1148 386 379
4 1101 1735 1208 472
4 589 1501 1658 463
4 1770 1158 1079 602
4 657 1709 50 1760
4 865 1758 657 50
4 186 1591 1117 1524
4 1278 1162 648 1113
4 505 702 1139 648
4 1262 1139 412 702
4 1044 669 1469 1437
4 403 1318 862 795
4 1059 1641 1408 1715
4 1059 1174 1641 1307
4 1194 1154 490 1150
4 1169 892 661 1492
4 775 1774 1169 892
4 1012 1668 1232 827
4 1668 1232 1259 1012
4 269 318 942 1795
4 1158 1079 728 1311
4 1467 1159 1787 471
4 1275 1502 471 1770
4 1230 1279 1585 701
4 1343 1164 1188 1584
4 1584 1343 1200 725
4 1164 1584 1200 1191
4 1256 925 1470 926
4 1619 1164 1515 1205
4 1466 633 632 1300
4 1190 1200 1630 1301
4 1405 1418 1008 1702
4 1702 1008 1405 1005
4 863 545 1663 1650
4 571 1261 1666 577
4 1411 910 1415 408
4 910 1411 755 798
4 1196 853 847 1761
4 1186 1192 1289 1460
4 1183 1549 1192 926
4 1397 589 1453 1302
4 1164 1619 1515 1165
4 595 1173 1156 1786
4 1188 1164 1343 1460
4 1174 1663 1641 863
4 883 1411 1458 911
4 1175 361 1411 495
4 1163 1649 1280 1781
4 605 1176 1620 606
4 104 601 1332 1177
4 1619 1280 1205 1206
4 1168 104 1177 601
4 1206 1280 1462 1659
4 1584 1190 1200 1191
4 746 511 735 1179
4 571 789 1273 663
4 1419 506 1648 514
4 1298 1656 872 876
4 503 1749 656 1181
4 200 1018 249 1571
4 429 1479 1435 1480
4 437 1751 1727 516
4 1705 425 1549 926
4 1200 1301 1190 1584
4 571 1299 1273 1710
4 430 1534 1750 672
4 430 671 584 676
4 711 575 1286 1771
4 1187 1574 1536 347
4 1754 755 960 674
4 1189 158 1716 634
4 308 443 1338 1426
4 1338 1185 631 1788
4 1379 604 1324 881
4 664 636 1352 610
4 1202 743 1193 724
4 1202 1781 1163 1193
4 1649 1205 1280 1781
4 428 1197 463 426
4 1753 495 1199 825
4 1190 1191 1299 663
4 1217 731 632 58
4 1218 633 1217 731
4 417 1184 566 740
4 1168 1390 1005 601
4 1477 1743 1304 1774
4 1245 1631 458 6
4 1229 815 1002 1385
4 1386 34 1207 748
4 1208 1378 1617 454
4 719 1694 1230 868
4 755 1638 960 1486
4 302 1537 351 802
4 1598 1386 303 1537
4 1498 1523 1210 185
4 143 1592 1309 136
4 1591 503 788 1708
4 419 788 698 1685
4 1447 1685 503 30
4 186 818 503 1708
4 640 1388 573 534
4 837 573 1389 1294
4 1244 829 1242 1486
4 856 1487 1482 1213
4 1214 431 1475 483
4 1649 1781 1163 1202
4 576 1198 1690 1183
4 1010 1702 1418 612
4 476 744 449 438
4 744 207 476 1348
4 1216 1245 1249 6
4 1216 1249 839 6
4 1219 1724 1393 16
4 509 1724 1219 1791
4 835 13 1220 1428
4 1765 866 36 1725
4 1221 523 834 47
4 1756 834 649 47
4 733 516 437 1604
4 516 1604 1222 437
4 1003 1581 683 1786
4 769 1223 1272 453
4 1225 566 1775 555
4 1283 654 1226 1699
4 1012 1702 1418 1010
4 669 1437 1044 1228
4 1269 1773 668 1211
4 1256 408 910 911
4 1661 1562 1259 1232
4 734 1556 624 1234
4 1269 668 1773 774
4 1710 1273 571 789
4 1183 1236 1289 1198
4 429 1480 1435 1763
4 1787 1480 429 1763
4 1201 937 745 1240
4 1240 806 1201 937
4 549 1664 1376 1375
4 1245 1701 553 604
4 837 534 1294 1246
4 621 58 731 1247
4 621 58 1248 632
4 839 1740 741 1249
4 906 1250 512 1310
4 1632 1189 109 869
4 1250 634 1759 1310
4 1250 1716 1759 634
4 89 637 1251 1381
4 896 1251 637 11
4 838 34 1252 1207
4 1171 1625 648 701
4 701 1171 1585 648
4 1350 1252 550 1254
4 1350 720 1254 550
4 1655 1313 729 1041
4 1258 1409 590 1777
4 1674 1510 1265 859
4 1266 1309 27 1657
4 1266 780 1309 1657
4 680 255 513 733
4 663 57 1267 789
4 1267 663 1263 57
4 634 782 824 1270
4 1401 1456 543 537
4 1272 205 515 206
4 1271 629 1272 736
4 515 1271 205 1272
4 1272 1271 736 1223
4 1787 424 1413 466
4 299 1274 475 524
4 332 1159 1276 486
4 332 486 1276 487
4 367 812 1361 1277
4 1277 1618 367 812
4 367 366 1548 669
4 367 1361 669 1277
4 1277 374 1548 367
4 1319 984 576 1693
4 1416 1550 379 723
4 381 1625 505 1278
4 1281 805 402 1466
4 1466 404 633 1300
4 1281 402 805 660
4 1281 1466 402 401
4 1453 589 463 1302
4 201 1569 1156 1282
4 1282 1401 201 685
4 1282 201 1401 1156
4 420 1409 1777 973
4 883 911 1458 420
4 1176 1172 1620 606
4 504 1336 506 1648
4 1627 1699 654 1283
4 1181 1749 656 1699
4 1775 1184 200 1284
4 1284 200 1775 700
4 1534 737 1750 672
4 297 1435 525 427
4 525 346 297 516
4 297 516 427 525
4 689 1285 546 1785
4 699 1195 1683 787
4 1288 710 1779 676
4 92 1201 745 1240
4 1240 1433 92 1201
4 256 556 476 1290
4 1511 675 1291 464
4 431 412 461 1214
4 1475 412 431 1214
4 1278 374 657 1424
4 89 1381 1296 761
4 1154 761 1296 1642
4 89 1381 1251 1296
4 499 1297 1703 1178
4 1297 499 500 502
4 876 1260 1298 37
4 1639 560 520 441
4 450 520 1344 441
4 868 1616 658 1368
4 806 809 542 804
4 532 529 652 1682
4 654 1306 1627 662
4 1417 1307 862 863
4 1308 797 1637 8
4 1301 1639 450 54
4 1161 1311 318 467
4 434 1079 1311 467
4 1770 1079 1311 434
4 42 1426 539 609
4 1426 539 609 358
4 529 494 1682 1678
4 365 547 1547 1459
4 1314 1768 843 17
4 843 17 815 1314
4 1327 1345 778 1315
4 101 1330 1316 835
4 1316 684 101 864
4 1316 101 835 864
4 1215 683 1003 1317
4 1454 751 1398 591
4 1571 249 1318 1417
4 733 455 1604 437
4 455 733 840 437
4 680 248 255 733
4 1652 1386 1623 748
4 1160 1537 303 1386
4 802 872 1667 1298
4 802 1656 872 1298
4 1402 1537 802 351
4 1469 510 359 834
4 1437 1469 1044 649
4 687 369 408 425
4 547 1606 984 723
4 412 388 431 618
4 1261 577 668 1260
4 668 398 1543 577
4 1620 493 1176 605
4 1005 1317 683 1405
4 1173 1282 532 595
4 532 1682 1173 595
4 151 1682 1173 652
4 685 1318 862 1417
4 728 467 262 1311
4 1349 603 467 728
4 375 687 1415 1321
4 638 635 1494 572
4 1323 481 63 820
4 820 573 1323 640
4 1324 880 1268 715
4 1560 628 1669 841
4 1560 801 1741 627
4 1742 1391 777 1714
4 1194 690 416 1762
4 1194 1642 1154 1150
4 803 690 83 1672
4 1327 1355 586 778
4 586 1327 778 1559
4 1327 86 1326 563
4 1626 745 1201 937
4 409 1328 661 1477
4 1328 95 1793 718
4 1720 409 1303 1328
4 694 97 637 1671
4 101 1331 447 1330
4 1330 101 1519 447
4 1331 101 864 835
4 101 835 1331 1330
4 1329 1791 1746 713
4 1177 1791 804 809
4 542 1177 804 809
4 1334 551 107 843
4 107 843 1335 1334
4 107 447 1334 1335
4 1335 1520 107 447
4 697 1633 716 882
4 699 1195 750 1683
4 703 696 613 617
4 869 696 159 110
4 696 869 613 617
4 620 1425 703 696
4 697 813 651 882
4 861 813 1336 697
4 1068 699 1699 698
4 698 1591 179 503
4 1749 503 656 698
4 1290 1270 1337 659
4 722 1290 1337 659
4 208 1348 624 613
4 209 580 704 703
4 580 209 411 734
4 703 209 580 734
4 704 1554 1357 732
4 707 522 1383 735
4 464 675 1291 708
4 297 516 733 427
4 443 1426 1380 1338
4 1691 1339 474 653
4 1752 311 1533 889
4 319 710 1534 430
4 1344 485 333 709
4 356 762 1340 1352
4 1340 356 1338 762
4 1730 610 1352 1766
4 1752 452 1342 867
4 359 1539 539 1341
4 1341 539 359 834
4 1342 359 510 834
4 1342 1341 359 834
4 1752 1341 359 1342
4 1753 825 1199 710
4 825 710 1753 960
4 1753 755 1638 960
4 674 39 829 1242
4 828 853 491 711
4 1345 10 765 764
4 1421 837 836 1563
4 81 1304 742 1195
4 788 742 130 137
4 1194 761 416 690
4 1347 87 1608 780
4 1329 713 1251 896
4 1346 1632 885 644
4 1346 109 869 1632
4 714 869 641 635
4 111 1425 816 714
4 714 111 481 816
4 111 696 1425 714
4 1483 1178 499 1703
4 114 860 716 715
4 1743 433 718 137
4 722 1283 650 1438
4 1348 207 634 613
4 1350 253 720 252
4 253 838 1350 1457
4 253 720 1457 1350
4 1307 298 417 753
4 1174 1307 1417 863
4 976 686 1655 1506
4 729 364 365 1603
4 365 729 547 1459
4 723 1693 1606 984
4 724 1693 1198 743
4 1198 743 1693 1606
4 1416 379 386 743
4 1730 1352 356 1340
4 765 10 1345 1719
4 533 64 878 573
4 741 71 730 1249
4 1325 1476 1028 745
4 1325 844 1028 1476
4 1353 761 88 1296
4 88 1353 1296 1477
4 94 563 1355 757
4 779 1330 1621 1355
4 815 1782 612 811
4 433 137 742 788
4 1698 1297 732 502
4 733 513 1624 255
4 513 733 1624 840
4 734 744 1285 630
4 411 1780 1628 1357
4 1305 1357 1628 1780
4 746 1357 259 544
4 1339 735 746 519
4 417 298 740 1629
4 740 570 1717 1629
4 1321 1358 1470 1256
4 1470 1321 1256 926
4 509 494 1215 102
4 539 1360 523 452
4 762 42 1380 422
4 854 480 0 1362
4 21 807 1364 14
4 805 41 459 1366
4 541 56 847 1369
4 606 1448 492 1436
4 894 1373 1707 49
4 1677 12 1374 806
4 1333 447 1374 1677
4 1375 802 598 34
4 1376 768 37 598
4 646 827 559 771
4 813 747 28 1377
4 428 429 1479 1651
4 1455 1208 752 473
4 868 719 1694 721
4 931 637 1381 11
4 1594 262 817 1383
4 1383 817 889 262
4 563 586 569 1384
4 406 645 826 673
4 655 826 645 673
4 748 1386 1623 1207
4 302 1537 802 838
4 302 838 1598 1537
4 559 827 1002 771
4 1494 572 1370 2
4 638 572 1494 1293
4 1387 572 2 1370
4 1246 572 534 2
4 572 1387 2 1246
4 1384 12 1514 806
4 1388 1790 573 597
4 573 1268 1388 878
4 1389 573 1790 597
4 414 524 475 435
4 1663 1650 1641 863
4 1177 601 1791 1390
4 601 1212 1791 1390
4 1168 1177 1390 601
4 1391 6 458 759
4 373 497 1392 758
4 1524 1708 596 186
4 1284 596 1524 30
4 417 1318 862 403
4 1705 370 576 377
4 1183 1705 926 53
4 818 1447 1395 558
4 416 803 761 11
4 1381 11 761 803
4 882 1488 493 1646
4 1489 1729 29 529
4 443 474 653 1426
4 1380 443 653 1426
4 744 1440 449 438
4 1396 382 418 520
4 684 143 1398 1309
4 1454 1398 143 1309
4 150 1399 772 684
4 1259 1562 1661 1439
4 1461 695 1416 884
4 386 1403 1461 705
4 875 1167 1464 621
4 1168 1405 1317 1005
4 1176 651 1406 582
4 1175 1409 664 1777
4 1413 1412 602 466
4 1467 1413 1412 602
4 1243 689 1730 546
4 689 1285 1730 546
4 381 1625 1162 1171
4 1475 505 381 1625
4 1418 1012 538 1008
4 350 768 802 1298
4 1415 829 1358 916
4 916 1358 1415 1256
4 1415 1358 375 1321
4 1177 809 542 105
4 1744 95 1793 1328
4 1288 1534 1573 312
4 1354 1325 1028 745
4 745 937 1626 1422
4 1339 309 707 474
4 707 474 527 1691
4 594 1624 515 1231
4 567 421 1760 505
4 1424 484 657 1760
4 1722 826 480 406
4 1497 4 480 1722
4 854 480 830 1497
4 1425 620 625 448
4 1425 620 448 696
4 513 616 594 769
4 668 489 456 774
4 1495 489 891 876
4 157 472 1445 108
4 157 1445 996 108
4 1749 698 656 1699
4 524 475 577 871
4 1676 890 32 1427
4 513 32 455 1676
4 1427 32 1676 455
4 1428 764 835 13
4 1428 1621 835 764
4 765 835 1621 764
4 765 835 13 1789
4 1317 1393 1430 1003
4 1150 1697 763 1644
4 655 622 763 619
4 608 1267 1263 1369
4 853 396 1471 491
4 608 1369 541 847
4 966 1175 1707 1704
4 826 808 1362 480
4 1251 11 896 887
4 887 1296 1251 11
4 372 1392 547 723
4 1431 785 488 53
4 1431 488 886 53
4 680 1604 1500 432
4 1383 1432 33 522
4 1432 889 1383 33
4 1333 447 1677 100
4 806 1514 1433 1677
4 682 660 579 445
4 1320 402 682 805
4 864 684 101 1566
4 415 1435 427 1763
4 627 416 803 690
4 432 1435 427 415
4 432 1435 1713 427
4 432 1651 1435 415
4 680 678 432 1500
4 804 1329 1332 1671
4 1332 1329 804 1791
4 1186 1188 1460 1649
4 1437 405 1361 460
4 1648 502 1179 511
4 1439 720 679 550
4 1439 1254 720 550
4 1485 1209 1402 875
4 662 1653 1203 659
4 659 1653 1203 670
4 1477 1441 887 892
4 1645 1436 5 1442
4 605 1436 823 1442
4 374 487 1444 1424
4 1189 824 634 782
4 446 1491 1320 1784
4 780 87 508 423
4 1189 158 869 1716
4 1250 512 1759 869
4 1250 1716 869 1759
4 512 1759 869 885
4 869 613 1716 158
4 817 33 1487 851
4 514 1383 1419 33
4 1419 1383 817 33
4 1445 629 156 646
4 451 1445 535 25
4 625 1703 112 816
4 625 1297 112 1703
4 500 499 625 26
4 1449 625 26 500
4 1446 42 762 422
4 1347 87 780 423
4 1216 604 1245 6
4 1354 1384 1514 1240
4 517 993 494 652
4 993 529 767 494
4 993 529 494 652
4 1483 26 857 1703
4 499 1297 625 1703
4 1483 1703 499 26
4 1334 447 666 1374
4 1448 8 1308 1371
4 1448 8 797 1308
4 1187 799 578 599
4 599 753 1187 799
4 1257 4 826 1362
4 1257 826 4 645
4 600 1725 1213 889
4 1083 1725 889 1213
4 625 1449 26 448
4 462 1276 1159 486
4 462 1276 486 647
4 575 709 874 1344
4 575 709 1555 874
4 874 1344 709 485
4 1161 639 434 783
4 783 367 1161 1618
4 495 894 1199 825
4 1175 495 1783 1707
4 1625 1162 648 1278
4 1485 1209 34 802
4 634 31 782 1270
4 1172 1406 1397 583
4 1453 1523 129 508
4 150 1398 1399 684
4 1400 1567 1525 154
4 1660 1658 1397 589
4 626 1658 1660 589
4 677 1658 171 1660
4 1660 585 1407 593
4 626 585 1660 593
4 1399 751 1454 1455
4 680 199 678 1455
4 1455 751 1454 1500
4 1456 679 543 537
4 769 616 454 1378
4 1401 1663 545 1170
4 1457 1598 253 838
4 253 1531 1457 720
4 1414 1664 1695 549
4 546 1614 305 773
4 1409 1458 362 785
4 1175 1458 362 1409
4 1458 1409 1175 420
4 1410 365 1459 729
4 1459 365 366 1547
4 695 1461 1230 706
4 1279 412 1625 701
4 1235 1781 1280 1205
4 1694 719 1404 721
4 668 1659 1543 398
4 668 1773 1619 1211
4 1515 1619 1773 1211
4 1619 1280 1206 1659
4 1659 1543 972 399
4 727 1235 726 1403
4 1463 400 1553 621
4 1351 621 1463 726
4 1402 1667 872 875
4 1464 1553 400 621
4 1464 401 1544 1553
4 1545 1281 401 1167
4 401 621 1167 1466
4 1567 105 1418 1168
4 1668 1661 1418 1259
4 1668 1232 1661 1259
4 1407 1406 164 813
4 1407 592 1662 593
4 1412 728 1158 1079
4 298 753 1307 1174
4 1468 339 1601 486
4 1468 525 339 486
4 1667 1544 1602 400
4 636 355 540 1409
4 1469 359 1410 834
4 1755 1584 725 1470
4 1755 1358 923 1470
4 382 1611 1358 1470
4 1471 1576 396 397
4 1473 720 203 679
4 1413 677 1412 466
4 1423 234 1413 1155
4 829 375 1415 1358
4 829 1415 375 674
4 1416 1171 692 695
4 1475 487 1601 381
4 1755 1584 1470 923
4 1755 1639 1584 923
4 1602 1667 399 1298
4 1742 1326 1714 777
4 79 1517 1714 1326
4 837 1739 534 1563
4 741 837 1563 1739
4 1420 730 842 1421
4 841 1560 1741 1669
4 1741 1420 841 1669
4 85 84 1476 745
4 1326 1354 1325 1028
4 937 804 1626 694
4 104 1177 1332 542
4 1419 1527 212 1179
4 735 1179 1605 514
4 1288 556 530 305
4 1476 849 1672 691
4 1422 1672 1476 849
4 830 808 60 826
4 628 836 1669 841
4 1669 836 1421 841
4 1477 1744 1296 88
4 1477 1304 88 1353
4 1478 1589 803 1381
4 931 694 1422 1478
4 931 694 1478 1381
4 678 1479 241 1713
4 1480 1159 283 1094
4 1787 1595 1423 1480
4 788 1524 1708 30
4 137 1524 1591 788
4 526 675 879 501
4 1396 39 418 375
4 501 526 615 39
4 636 1481 614 1766
4 866 478 1752 496
4 478 496 468 360
4 820 1483 573 640
4 470 795 1729 1282
4 513 455 32 498
4 498 513 616 32
4 526 326 708 615
4 501 708 430 615
4 812 865 405 1277
4 1277 657 812 865
4 1190 396 1200 663
4 1281 805 1466 404
4 1265 1281 404 660
4 835 1220 531 864
4 1334 1374 666 588
4 425 1705 785 53
4 791 1264 665 831
4 1675 1264 808 60
4 1485 598 802 34
4 447 1331 666 1330
4 747 1406 813 651
4 1406 651 747 582
4 857 481 1323 820
4 1323 857 820 640
4 350 1543 349 768
4 1656 37 768 598
4 768 37 1656 1298
4 1486 916 755 913
4 864 108 24 772
4 1452 1757 772 24
4 638 481 857 714
4 481 714 816 857
4 838 1252 1254 1207
4 1498 463 27 623
4 623 1498 508 27
4 1488 651 766 28
4 1488 28 813 651
4 813 793 1488 861
4 1489 1729 470 29
4 582 651 28 766
4 651 28 747 582
4 757 563 1355 569
4 779 569 757 1355
4 1393 509 1786 1003
4 1003 1786 1215 509
4 458 797 1792 554
4 759 797 458 554
4 1301 725 450 1639
4 658 1368 1616 459
4 1491 658 459 55
4 661 14 1169 1492
4 1492 807 661 14
4 1055 1258 46 1493
4 1387 665 1370 1
4 1387 665 1 831
4 1494 665 1 1370
4 1346 1706 644 1494
4 1307 753 417 565
4 1417 1307 298 417
4 417 753 1717 564
4 1647 771 25 1445
4 25 771 646 1445
4 783 468 413 760
4 1618 468 783 367
4 1495 1260 668 876
4 459 477 1616 805
4 854 0 480 1497
4 1309 136 1592 1523
4 1309 508 136 1523
4 1197 463 424 428
4 1499 11 803 416
4 1499 1381 803 11
4 931 1381 1499 11
4 466 1501 677 626
4 1501 677 1155 466
4 1224 538 679 1439
4 1322 791 1387 1503
4 712 791 1322 1503
4 791 1503 712 628
4 796 628 712 688
4 628 688 796 1560
4 842 1420 1504 730
4 1504 841 1420 842
4 911 1505 408 425
4 1505 408 1256 911
4 1505 425 911 53
4 973 1665 1506 1431
4 973 540 976 1506
4 602 1412 1507 466
4 466 626 677 1507
4 1412 466 677 1507
4 1420 691 801 1508
4 841 1420 801 1508
4 691 627 1508 849
4 1491 446 1320 1509
4 1509 1320 681 446
4 1510 1652 1696 749
4 1204 1291 557 1511
4 1480 462 1159 486
4 1512 592 469 1377
4 615 39 1513 501
4 674 39 1513 615
4 1513 39 674 1242
4 1640 1514 569 12
4 1677 1640 12 1514
4 1640 757 1514 1677
4 100 1518 1514 1433
4 554 1637 754 1315
4 770 1315 1327 754
4 1315 754 770 1363
4 1200 1191 663 1165
4 1794 988 96 637
4 696 997 159 110
4 1524 1006 144 1043
4 678 199 680 248
4 206 205 515 938
4 325 1535 946 1795
4 1795 1535 276 1159
4 346 954 297 516
4 953 351 302 1537
4 1085 1537 1598 303
4 682 395 681 346
4 488 370 363 1546
4 1547 1459 1392 366
4 373 1548 366 497
4 366 1548 958 367
4 1357 507 1554 1780
4 707 1339 1691 519
4 617 1556 703 620
4 620 696 617 1557
4 696 620 448 1557
4 632 875 621 1466
4 501 671 430 672
4 1534 672 430 671
4 1558 676 710 584
4 586 1326 1327 777
4 691 801 1508 627
4 1562 739 1271 1457
4 841 1420 1508 1504
4 61 62 1738 714
4 1589 982 83 690
4 1793 1744 1794 95
4 1043 95 1793 1794
4 1043 1794 988 96
4 995 1520 106 1115
4 186 1117 1006 1524
4 200 1569 652 151
4 193 1184 1018 242
4 1534 312 1087 1573
4 1575 877 546 305
4 1032 1033 368 1769
4 1031 1579 359 1578
4 1328 1774 718 1743
4 662 659 722 650
4 1762 1150 1287 800
4 1585 1171 692 648
4 1675 1264 60 1586
4 1728 60 465 673
4 1589 761 82 690
4 185 1052 1523 1592
4 143 136 1052 1592
4 679 252 720 203
4 733 1086 248 255
4 301 521 1796 768
4 309 308 1130 1426
4 355 354 1097 1175
4 1098 365 364 1603
4 1416 1103 386 379
4 680 1604 432 733
4 427 733 432 1604
4 1237 1662 593 1507
4 635 869 641 885
4 1306 1653 737 662
4 1653 672 737 671
4 723 1681 1606 693
4 730 1504 842 1714
4 1563 63 1132 741
4 1195 742 81 130
4 686 357 729 364
4 1743 1612 1304 1774
4 741 561 837 839
4 1506 686 1655 981
4 1655 686 729 981
4 981 1313 729 1655
4 1146 253 301 252
4 693 1613 743 884
4 1394 590 636 540
4 528 636 1352 540
4 524 1274 475 435
4 431 412 618 461
4 1137 618 461 1491
4 1684 1752 360 38
4 38 360 1684 783
4 556 436 476 1290
4 556 670 436 1290
4 961 1614 476 438
4 1614 744 476 438
4 1715 1471 491 608
4 574 1715 491 608
4 467 1429 38 786
4 1466 477 1616 1496
4 1197 1498 185 1155
4 185 1498 1197 1210
4 797 1792 1172 73
4 1172 1620 606 797
4 652 1569 1173 151
4 629 1157 156 646
4 1407 164 469 813
4 1795 318 942 325
4 1467 1795 276 1159
4 1408 347 1574 753
4 1545 353 1674 1538
4 356 540 528 1352
4 1665 356 540 686
4 361 1411 755 368
4 1411 361 755 798
4 1540 374 367 958
4 724 1163 1193 1202
4 1163 1280 1552 1193
4 386 1193 884 743
4 386 705 1461 884
4 1461 1230 706 719
4 1619 1515 1773 1205
4 668 1659 398 1619
4 1206 1619 1659 668
4 595 1173 1282 1156
4 1620 1701 66 823
4 1168 1418 1702 612
4 535 108 472 821
4 535 108 1445 472
4 255 515 769 1624
4 255 513 1624 769
4 368 755 1415 1411
4 1353 490 407 1304
4 1194 1150 490 1697
4 1626 542 1201 98
4 1626 1671 98 694
4 542 98 1626 1671
4 105 612 1177 809
4 1168 612 1177 105
4 612 1356 1335 811
4 1698 502 1178 1297
4 1419 1594 213 817
4 1627 442 221 737
4 1627 1181 221 442
4 596 242 1529 738
4 596 242 1184 193
4 544 443 1628 259
4 259 443 1628 1532
4 411 1628 259 1357
4 544 1357 259 1628
4 1629 298 1187 753
4 298 417 753 1629
4 710 1288 1534 676
4 681 339 1468 525
4 810 1199 354 495
4 829 418 375 1358
4 674 39 375 829
4 1630 725 389 450
4 725 389 1200 1630
4 1200 1343 1584 1164
4 533 1324 65 1216
4 1701 1379 604 1324
4 1631 73 458 797
4 1353 81 1194 490
4 81 490 1353 1304
4 718 1328 95 517
4 95 661 517 1328
4 1744 661 95 1328
4 214 1528 662 722
4 556 1614 256 476
4 773 530 305 877
4 546 1575 518 877
4 773 305 546 877
4 773 1614 305 556
4 528 762 356 1352
4 738 1204 1634 558
4 738 1634 818 558
4 410 1643 20 1635
4 410 787 1635 20
4 1550 723 52 1392
4 758 1113 1228 52
4 758 52 1392 1550
4 655 826 1257 645
4 839 1740 1249 533
4 573 1740 839 533
4 668 1659 456 489
4 1748 1241 517 993
4 1720 661 1328 517
4 1637 8 754 1363
4 755 51 1638 1486
4 1640 1514 757 569
4 447 666 1677 1640
4 1640 447 757 1677
4 1300 1281 1466 404
4 201 1401 1156 1530
4 427 516 1222 1763
4 427 516 733 1604
4 1284 1775 1225 700
4 1354 92 745 1240
4 1240 1384 1514 806
4 605 823 493 1442
4 1277 1113 1278 865
4 460 510 1437 1756
4 1221 452 1342 834
4 510 1342 834 1221
4 1331 835 1220 587
4 414 524 435 1641
4 1416 743 884 693
4 1613 1202 1193 1781
4 1193 1781 705 884
4 1613 1202 743 1193
4 1238 1220 1622 531
4 531 1220 1622 864
4 1287 482 763 619
4 1697 1287 619 74
4 1642 761 1296 11
4 1296 1642 11 887
4 490 1680 407 1643
4 1644 9 1643 622
4 1643 1680 9 1644
4 1645 1371 5 1436
4 65 1249 1245 1564
4 1486 913 755 51
4 1277 405 669 497
4 669 405 1228 497
4 525 1480 486 462
4 1252 838 1350 521
4 1350 838 1252 1254
4 1450 470 795 29
4 1647 1445 25 535
4 413 812 468 1618
4 783 413 1618 639
4 413 468 783 1618
4 1441 1477 775 892
4 609 523 539 42
4 609 834 539 523
4 906 782 1250 1310
4 1415 408 1256 687
4 1649 1188 1460 1205
4 1284 1395 30 1225
4 1178 1179 1648 502
4 1605 1648 1179 511
4 1605 1179 735 511
4 1282 795 532 595
4 1204 738 709 1233
4 1233 709 568 1555
4 1223 594 515 1231
4 1226 1283 1438 650
4 1230 1461 695 1279
4 1649 1236 1289 1186
4 1274 548 435 1650
4 1650 1170 1274 548
4 1479 1197 428 1651
4 1562 1157 1271 736
4 1157 736 1562 1232
4 1652 34 1386 748
4 737 1203 662 1653
4 723 743 693 1606
4 1606 1613 743 693
4 849 745 1422 1654
4 849 1654 1422 848
4 745 1654 849 1240
4 452 474 1341 539
4 452 474 539 1360
4 430 501 1513 584
4 430 615 1513 501
4 1298 37 1656 876
4 551 771 1647 1445
4 780 508 1657 423
4 423 508 1657 623
4 1266 780 1657 423
4 1460 1164 390 391
4 1552 1460 391 1280
4 1280 391 1164 1460
4 1658 1522 1453 178
4 1658 178 1453 1498
4 1658 677 178 1155
4 1658 178 1498 1155
4 150 1454 199 1399
4 1399 1454 199 1455
4 1455 1454 199 678
4 1473 203 154 1400
4 1473 679 203 1400
4 206 1378 680 513
4 206 1378 1455 680
4 1170 251 1456 1530
4 251 679 1414 1456
4 1170 251 1414 1456
4 1623 254 1531 1598
4 1623 1598 1531 1457
4 1623 1531 1271 1457
4 256 1572 744 1614
4 1614 1785 1572 744
4 1614 256 305 556
4 1403 1404 394 1461
4 489 399 1659 1351
4 399 727 1462 1659
4 1659 1280 1462 972
4 399 1351 727 1659
4 1465 1404 401 1553
4 401 621 1466 1465
4 1464 1544 401 1167
4 1464 1167 401 621
4 1465 1404 658 402
4 658 402 1616 1465
4 1418 1567 1400 154
4 171 1658 1397 1660
4 1407 677 171 1660
4 1661 1593 1473 204
4 1661 204 1473 720
4 1661 1526 204 1271
4 1661 1271 204 720
4 677 220 1662 1570
4 1570 677 1407 1662
4 220 1412 677 1662
4 220 1662 728 1412
4 1480 283 1159 1595
4 1595 283 1423 1480
4 1574 299 524 1663
4 299 1274 524 1663
4 1663 1596 299 1274
4 768 521 1796 802
4 1664 1474 301 521
4 1664 301 768 521
4 1664 1474 1597 301
4 1665 785 1577 363
4 1665 363 686 488
4 669 497 1392 366
4 669 1459 1578 366
4 669 1459 366 1392
4 669 1578 1469 1579
4 1470 1611 1192 383
4 1343 383 725 1470
4 1460 1192 383 1470
4 383 1470 1343 1460
4 1171 387 1461 1416
4 339 388 431 1601
4 431 1475 1601 388
4 431 388 339 681
4 1666 397 1471 663
4 1666 1576 1471 397
4 524 348 1576 1666
4 397 663 1666 571
4 1667 400 1351 621
4 1667 1402 1602 1544
4 1402 1544 1667 1464
4 400 621 1667 1464
4 1661 1609 1418 154
4 1668 646 1472 155
4 1668 155 1157 646
4 1661 155 1609 154
4 155 1157 1661 1668
4 62 1322 534 1563
4 712 1322 62 1563
4 712 1563 69 1669
4 69 688 712 1669
4 70 1563 1421 1669
4 77 1476 691 1670
4 1670 77 1476 1588
4 77 691 1420 1670
4 1420 77 1670 730
4 1325 1517 1714 78
4 1671 1332 97 1329
4 1671 1332 104 97
4 1671 97 637 1329
4 163 1179 1336 1178
4 504 697 1336 1178
4 1203 1573 256 556
4 1610 256 1290 1203
4 256 1203 556 1290
4 1672 1478 83 803
4 1672 1590 83 1478
4 1672 690 83 691
4 1479 1423 290 1480
4 1480 290 1435 525
4 1480 290 1479 1435
4 674 375 39 615
4 1396 615 39 375
4 526 1396 615 39
4 699 1226 1063 750
4 52 1606 723 1681
4 758 52 1550 1681
4 1673 614 1394 1057
4 1437 669 1361 405
4 669 405 1437 1228
4 405 812 468 790
4 812 790 405 865
4 1727 1295 1265 1674
4 619 67 1675 673
4 7 1264 831 1675
4 619 67 482 1675
4 7 1264 1675 482
4 1379 1442 604 1646
4 7 1257 763 655
4 7 619 1675 655
4 7 619 482 1675
4 682 1784 579 446
4 660 445 444 579
4 806 1514 1677 12
4 1519 1514 1677 100
4 1240 1514 1354 92
4 1240 806 1433 1201
4 1475 1424 505 567
4 487 1444 1424 567
4 462 525 1480 1763
4 1393 1312 1786 509
4 1310 1250 512 1759
4 479 102 807 517
4 1745 850 833 509
4 1216 1324 65 1245
4 1216 604 1324 1245
4 40 877 1243 43
4 877 518 1243 43
4 773 546 1243 877
4 40 773 1243 877
4 1243 546 518 877
4 1347 780 1309 1266
4 443 1380 653 1788
4 1377 1407 747 592
4 1487 1213 33 889
4 655 619 1675 673
4 655 1675 826 673
4 611 694 637 1671
4 1671 637 611 1329
4 774 668 1773 456
4 404 805 1466 477
4 406 645 673 1382
4 792 1497 830 406
4 792 832 830 1497
4 1692 1655 609 528
4 528 1692 1655 976
4 528 976 1180 1394
4 647 1444 487 567
4 567 1502 647 1444
4 590 1409 540 973
4 590 1409 636 540
4 1334 843 1314 551
4 843 1314 588 1334
4 1268 1646 604 457
4 1790 457 1268 604
4 1448 1308 492 1371
4 1448 1308 797 492
4 1783 495 1688 894
4 825 1688 495 894
4 1783 798 1688 495
4 825 1688 1753 495
4 894 1688 1783 1373
4 578 1689 491 1718
4 578 1689 799 491
4 1229 612 815 1782
4 1767 1621 1347 423
4 1767 1621 423 765
4 1335 843 559 811
4 811 1335 843 588
4 843 815 559 811
4 811 588 843 815
4 655 622 1635 20
4 655 1635 673 20
4 465 673 787 20
4 787 1635 20 673
4 773 961 556 530
4 560 520 418 1639
4 677 1658 1660 626
4 593 677 1407 1660
4 627 690 803 1672
4 1672 627 690 691
4 712 628 1563 1669
4 1063 465 1683 1382
4 787 20 410 1683
4 1429 1684 38 1752
4 1429 1684 1752 600
4 467 1684 38 1429
4 467 1684 783 38
4 788 30 1685 1797
4 503 1447 656 1685
4 1216 533 839 1249
4 447 1330 666 1640
4 1245 1249 6 458
4 1297 625 500 499
4 1783 1411 798 495
4 1175 1411 1783 495
4 1175 1783 1411 883
4 1629 753 1187 599
4 1466 1300 1167 1281
4 621 875 1167 1466
4 875 1167 1466 1300
4 1397 1302 1453 1172
4 1172 623 1453 508
4 1175 1411 1458 883
4 1326 563 1354 1384
4 563 586 1384 1326
4 1482 1213 600 1429
4 856 1213 1482 1429
4 757 563 569 1514
4 1240 1514 92 1433
4 609 357 1692 762
4 1446 609 528 762
4 1446 762 528 422
4 42 762 1380 1426
4 831 1257 826 1362
4 831 1362 826 808
4 1699 699 172 698
4 518 354 877 1575
4 874 709 1555 485
4 783 1618 1161 639
4 1244 1242 829 873
4 1358 418 923 829
4 1638 798 51 755
4 798 51 1688 1638
4 799 35 1689 599
4 1689 35 799 1372
4 1690 488 1705 53
4 488 53 1690 886
4 821 24 108 472
4 1622 108 24 864
4 772 24 472 108
4 772 472 24 1757
4 1622 24 108 821
4 1744 1296 887 1477
4 1251 887 893 1744
4 37 871 577 475
4 1298 37 577 768
4 1207 1623 1457 838
4 1457 838 1254 1207
4 799 491 1372 574
4 1246 572 1322 534
4 1322 1387 572 1246
4 459 477 1368 1616
4 404 1366 805 477
4 805 459 477 1366
4 21 479 1364 807
4 850 479 807 1364
4 644 808 854 1706
4 1624 515 1231 1623
4 769 515 594 1624
4 754 508 1792 1327
4 200 1282 1571 1318
4 470 200 652 1775
4 1282 1173 652 1569
4 200 470 1282 1318
4 1456 202 679 1400
4 1271 205 629 1526
4 205 629 1272 1271
4 1617 206 1272 769
4 1272 206 1617 629
4 1378 206 769 513
4 206 769 1617 1378
4 592 1407 213 469
4 817 592 213 469
4 1349 213 592 1237
4 817 213 592 1349
4 1237 213 592 1662
4 1407 213 1662 592
4 1467 471 1158 1795
4 325 1540 1444 1275
4 753 347 1574 1187
4 1408 1174 1574 524
4 753 347 1187 799
4 1408 347 799 491
4 1167 1545 1160 352
4 1674 1281 660 353
4 1674 859 1281 1545
4 528 356 762 1692
4 356 357 1692 686
4 609 528 762 1692
4 1692 357 609 729
4 1692 357 729 686
4 374 1444 1618 1424
4 1618 1540 1444 374
4 374 1618 657 1424
4 1277 374 1551 1548
4 1277 1278 1551 374
4 1278 505 1424 657
4 374 1277 1278 657
4 724 576 377 1289
4 371 378 723 1693
4 576 378 1693 724
4 723 378 743 1693
4 724 378 1693 743
4 1162 380 1416 758
4 1171 1162 380 1416
4 384 1289 1460 724
4 384 724 1460 1163
4 1193 1105 1552 385
4 727 1193 392 1462
4 392 1280 1462 1193
4 393 386 1403 969
4 1461 395 1694 1404
4 395 1694 658 618
4 395 1694 1404 658
4 1619 1164 1280 398
4 398 1164 1165 1619
4 398 1280 1619 1659
4 1401 1156 595 1282
4 1620 797 73 1631
4 1587 1172 73 1620
4 1172 73 1620 797
4 106 1472 559 646
4 106 559 1472 612
4 1172 122 1406 1587
4 122 1406 1397 1172
4 1695 300 475 768
4 1695 300 1596 475
4 1695 475 1596 1274
4 1695 1414 1596 300
4 300 768 1695 1664
4 1414 1664 300 1695
4 1160 1386 303 1623
4 1696 304 1624 1599
4 1696 1624 304 840
4 304 1674 1696 840
4 1538 303 304 1696
4 304 840 1727 1674
4 1674 1538 304 1696
4 1409 355 1175 664
4 664 1409 355 636
4 1625 388 1279 1171
4 388 1279 1461 1694
4 1694 388 1279 618
4 388 412 1625 1279
4 1279 388 412 618
4 552 1195 74 787
4 552 1195 81 74
4 552 787 74 1635
4 1697 622 490 1635
4 1697 1635 619 622
4 1697 1565 1287 74
4 1178 1179 1698 162
4 1698 1179 732 162
4 162 1297 732 1698
4 162 1698 1178 1297
4 1528 165 1283 722
4 1283 662 1627 1528
4 1438 699 165 1283
4 722 165 1283 1438
4 699 1699 172 1283
4 1528 172 1627 1283
4 1284 596 193 1524
4 1284 596 1184 193
4 193 700 1284 1524
4 258 1628 411 1185
4 1628 1185 258 1532
4 396 1630 1190 1200
4 1630 853 396 1190
4 450 1301 1700 1190
4 853 541 1190 1700
4 853 450 1700 1190
4 1701 492 823 1620
4 1701 1631 492 1620
4 1701 1245 1631 66
4 66 823 1701 1379
4 66 1701 1245 1324
4 66 493 1379 881
4 716 1633 66 881
4 881 1633 66 493
4 66 1379 1324 881
4 1324 716 66 881
4 1626 694 91 1422
4 1626 745 91 1201
4 1422 745 91 1626
4 1189 1632 109 465
4 1178 1297 1703 113
4 1483 113 1178 1703
4 1483 113 715 1178
4 207 1610 1290 722
4 1337 476 207 634
4 207 476 1337 1290
4 722 207 1337 1290
4 1594 1419 212 735
4 1419 514 735 1383
4 212 1419 1179 735
4 257 1285 1185 734
4 734 744 257 1285
4 1203 263 1534 737
4 1292 277 526 1600
4 277 526 708 1292
4 1286 1629 291 1536
4 1629 291 740 1286
4 709 738 291 1233
4 740 1233 291 738
4 1288 810 305 530
4 1288 305 810 1199
4 346 516 681 682
4 346 516 525 681
4 516 579 353 1727
4 1291 228 1634 442
4 442 228 1634 1181
4 503 1634 228 1181
4 241 1197 1479 678
4 625 26 1703 816
4 625 499 1703 26
4 40 667 1443 1365
4 1704 664 1367 46
4 966 1175 1704 664
4 501 526 708 615
4 874 1396 485 879
4 874 879 485 1555
4 868 618 1490 1137
4 618 868 658 1137
4 684 1309 1398 591
4 512 869 1632 885
4 526 879 39 501
4 879 1396 526 39
4 27 1309 1210 1498
4 27 508 1309 1498
4 551 108 535 821
4 551 108 1445 535
4 53 488 1705 785
4 576 488 1705 1690
4 1183 1705 1690 576
4 926 1549 1705 1183
4 829 418 923 873
4 1242 418 829 873
4 1261 668 1495 1260
4 1453 1302 623 1172
4 468 760 783 360
4 360 1752 496 38
4 360 478 496 1752
4 1786 1682 1215 1312
4 509 1312 1786 1215
4 515 1223 1271 1272
4 305 877 530 810
4 1492 807 14 1364
4 1706 665 808 1
4 1706 808 1362 1
4 665 1 1706 1494
4 353 660 579 682
4 353 579 516 682
4 353 660 1727 579
4 653 1426 474 42
4 474 1339 1691 707
4 813 28 1488 793
4 581 470 794 1489
4 1707 1704 1443 1367
4 1707 1175 495 1443
4 810 667 1199 495
4 1783 495 894 1707
4 1675 831 826 808
4 1227 612 1229 814
4 608 1267 1471 1263
4 608 1263 1471 853
4 1022 311 318 467
4 467 311 318 783
4 1399 1398 440 684
4 684 1398 440 591
4 1457 1562 1254 720
4 1562 1457 1271 720
4 1410 1459 1044 729
4 729 1044 1410 1041
4 1332 601 1791 1177
4 1752 889 1383 1432
4 889 1432 1752 1083
4 30 1395 818 1447
4 1708 503 788 30
4 1708 818 503 30
4 596 30 818 1708
4 717 621 1247 726
4 875 1667 872 1248
4 1709 812 657 50
4 1686 50 812 1709
4 1711 1512 469 1359
4 469 1359 793 1711
4 1711 1512 817 469
4 469 793 851 1711
4 667 810 530 40
4 1258 664 1704 46
4 755 910 1415 1411
4 408 910 1415 1256
4 561 1714 1249 741
4 1714 730 1249 741
4 488 576 370 1546
4 1340 762 1380 422
4 762 1380 1338 1340
4 616 1378 769 513
4 1617 769 454 1378
4 802 1386 34 838
4 802 34 1386 1209
4 1261 1269 1211 1710
4 21 479 807 517
4 21 517 807 1720
4 21 494 479 517
4 43 664 1443 354
4 518 354 43 877
4 840 513 455 1676
4 455 1427 840 1676
4 817 1487 1711 851
4 774 489 1495 668
4 489 891 774 1495
4 1316 835 1621 765
4 1330 835 587 1428
4 835 1428 1330 1621
4 1317 509 1393 1003
4 1724 16 1430 1393
4 657 484 1709 1760
4 1295 749 1696 1676
4 493 651 766 1488
4 1646 493 766 1488
4 582 493 766 895
4 582 493 651 766
4 752 473 1208 1757
4 692 1171 1162 648
4 1415 687 1256 1321
4 1457 838 1350 1254
4 1457 720 1254 1350
4 1459 547 52 1313
4 1459 729 547 1313
4 1447 503 818 30
4 887 1251 1296 1744
4 1477 1441 1296 887
4 432 415 427 1604
4 447 1374 1335 1333
4 1335 1334 588 1374
4 1257 622 763 655
4 441 450 1761 1344
4 1761 450 853 711
4 682 395 1320 681
4 402 395 682 1541
4 368 1580 1411 408
4 1411 1458 1580 362
4 368 1411 1415 408
4 408 369 1580 1458
4 425 369 408 1458
4 1411 408 1580 1458
4 687 408 1256 1505
4 1505 687 408 425
4 1712 1121 210 259
4 580 209 704 411
4 1712 259 210 1357
4 209 1121 1712 258
4 258 1712 411 259
4 411 259 1712 1357
4 1327 563 1326 586
4 586 1327 1559 777
4 1534 671 430 676
4 1752 527 1341 452
4 1713 248 678 432
4 678 1651 1713 432
4 248 297 733 1713
4 1713 297 1435 290
4 1713 1651 1435 432
4 427 297 1435 1713
4 411 1357 704 580
4 580 411 1357 1780
4 1234 580 411 734
4 1556 703 580 734
4 734 580 1556 1234
4 1730 1766 1352 1340
4 714 641 448 1582
4 1194 416 1150 1762
4 1303 1774 718 1328
4 1346 1632 869 885
4 1350 252 720 679
4 547 1606 723 52
4 1198 743 1606 1613
4 513 733 840 455
4 433 742 1612 788
4 1697 619 763 622
4 1210 27 463 426
4 770 1363 754 8
4 770 754 1448 8
4 797 754 8 1448
4 487 486 1276 647
4 1625 648 505 1278
4 1171 1625 1162 648
4 1282 1401 685 595
4 601 1724 1791 1212
4 820 857 1703 1483
4 445 682 660 805
4 445 1320 682 805
4 817 1487 33 889
4 1482 1487 600 1213
4 1383 33 889 817
4 423 508 623 770
4 770 1327 508 754
4 423 1327 508 770
4 634 1759 613 1716
4 613 1434 1759 449
4 869 613 1759 1716
4 1352 762 1340 422
4 1352 422 1340 1766
4 753 564 599 1717
4 1629 740 417 1717
4 621 58 1247 726
4 1436 1645 823 1442
4 895 1442 493 19
4 1316 684 864 1789
4 1789 684 864 772
4 1491 1320 431 1509
4 449 1348 476 634
4 1752 478 866 846
4 151 1215 1173 1682
4 1416 743 386 884
4 298 1307 1417 1174
4 423 1719 1327 770
4 765 1719 1621 423
4 1241 1328 718 517
4 1241 1303 1328 1720
4 448 816 625 1425
4 1425 448 816 714
4 1425 696 448 714
4 1175 1458 420 883
4 1658 1501 1155 463
4 1275 1502 434 1161
4 1275 1161 1444 1502
4 1510 1652 1160 1696
4 1510 1160 1674 1696
4 1279 1230 1461 1694
4 1232 1668 1157 646
4 1668 1157 1661 1232
4 1480 1435 1763 525
4 675 1204 1292 568
4 1204 1292 1291 675
4 1241 1720 517 21
4 40 810 877 43
4 1512 1377 469 1359
4 1667 621 489 1248
4 875 621 1667 1248
4 406 1722 826 645
4 480 4 826 1722
4 1705 1690 53 1183
4 412 388 1475 431
4 412 1475 388 1625
4 412 505 1475 1625
4 1262 618 412 461
4 490 1723 1680 1154
4 1723 1353 1441 1154
4 1341 452 539 834
4 1342 1341 834 452
4 1267 663 1471 1263
4 1758 865 505 648
4 509 1393 1219 1724
4 835 1428 1220 587
4 1724 1430 601 1393
4 665 572 1370 1494
4 1256 1358 1415 1321
4 1381 637 1251 11
4 1381 11 1296 761
4 1381 11 1251 1296
4 1637 1363 754 1315
4 840 1727 1427 437
4 601 1430 1005 1317
4 601 1212 1390 1005
4 434 467 1161 783
4 1275 1502 1770 434
4 434 1311 1161 467
4 1770 1311 1275 434
4 102 807 1745 479
4 509 850 833 1219
4 406 826 1728 673
4 830 826 1728 406
4 822 465 406 792
4 1428 1345 1621 764
4 573 1790 1388 1268
4 1388 597 534 1293
4 1388 573 534 597
4 573 534 597 1294
4 1389 1294 573 597
4 1293 534 572 2
4 1293 572 1494 2
4 405 1361 468 812
4 1361 812 405 1277
4 1361 405 669 1277
4 652 1729 1489 529
4 1729 470 652 1489
4 470 29 1729 795
4 565 799 753 1451
4 574 799 565 35
4 574 799 35 1372
4 1448 1371 492 1436
4 1390 1212 1227 1005
4 1005 1227 1168 1702
4 1168 1390 1227 1005
4 1683 465 787 20
4 1382 465 1683 20
4 843 815 588 1314
4 1730 1185 306 1285
4 1730 1285 306 546
4 1345 1621 765 1719
4 1327 1719 1345 1315
4 847 56 541 1734
4 1620 823 66 493
4 66 493 1176 1620
4 1316 684 1347 94
4 1347 684 1608 94
4 1347 684 1309 1608
4 1317 1215 103 509
4 103 683 1215 1317
4 104 601 1168 1317
4 1317 104 683 1405
4 1168 1405 104 1317
4 1176 115 651 1633
4 115 651 1406 1176
4 152 1215 683 1156
4 1156 1173 152 1215
4 1569 1173 152 1156
4 1400 683 1156 153
4 1400 683 153 1405
4 1617 157 472 1445
4 1197 1454 192 1210
4 1454 1197 192 678
4 1155 677 227 1413
4 1413 227 1412 677
4 1713 248 432 733
4 427 1713 432 733
4 432 248 680 733
4 432 678 680 248
4 1318 1417 249 417
4 685 1571 1318 1417
4 1663 1401 685 250
4 1663 250 685 1417
4 1401 250 1663 1170
4 1474 679 1414 252
4 1474 252 1350 679
4 1349 817 262 600
4 1349 600 262 467
4 262 1349 467 728
4 1158 728 269 1311
4 1412 269 1158 728
4 1167 352 1160 1209
4 1167 352 1209 1402
4 729 358 609 1410
4 539 834 609 1410
4 1469 1361 1579 510
4 478 1361 360 468
4 1319 686 364 1546
4 1319 364 686 729
4 1319 364 729 1603
4 1319 1546 371 576
4 723 371 1603 372
4 371 1603 1319 723
4 576 378 371 1693
4 1192 376 1321 1549
4 687 376 1549 1321
4 1416 723 379 743
4 1416 1550 723 1681
4 743 385 1193 724
4 385 1163 1193 724
4 1781 1235 1280 1193
4 1320 681 395 431
4 618 395 1320 658
4 398 577 668 571
4 489 668 399 1298
4 1667 489 399 1298
4 1351 1667 621 489
4 1351 1463 400 727
4 400 1403 727 1463
4 400 621 1463 1351
4 1735 535 451 472
4 1735 1208 1617 454
4 1735 1617 1208 472
4 1454 1398 1309 591
4 664 610 1493 636
4 1481 636 1493 610
4 1196 450 853 1761
4 847 853 828 1761
4 510 1221 846 867
4 808 60 1346 830
4 635 61 665 572
4 61 110 714 635
4 61 714 1738 635
4 1738 61 635 572
4 61 665 1346 635
4 1322 712 61 1264
4 1322 61 572 665
4 1322 61 665 1264
4 1738 1323 62 534
4 1738 62 1322 534
4 1738 62 1323 481
4 1738 714 62 481
4 1323 573 63 534
4 63 573 1323 820
4 1739 63 573 534
4 1739 63 64 573
4 1739 63 741 64
4 1739 63 1563 741
4 1739 63 534 1563
4 1421 837 1563 741
4 1740 64 741 1249
4 878 64 715 1483
4 573 64 1483 1607
4 64 573 1483 878
4 1607 1483 573 820
4 715 65 1324 716
4 712 688 68 482
4 741 70 1421 730
4 1420 70 730 1421
4 690 1287 75 688
4 75 1287 482 688
4 76 691 690 1741
4 1741 1420 76 691
4 688 1741 76 690
4 1741 688 76 1669
4 76 1420 1741 1669
4 1325 730 1588 78
4 1326 1327 1742 79
4 79 1326 1714 1742
4 1194 81 1353 761
4 407 1723 490 1353
4 490 1353 1154 1194
4 82 81 1194 761
4 81 1194 490 1697
4 1476 745 84 1422
4 84 1476 1672 691
4 1422 1672 84 1476
4 1354 1326 85 86
4 85 1325 1354 745
4 1326 85 1325 1354
4 563 1355 1327 87
4 1328 88 1477 1743
4 1612 742 433 1743
4 1743 1328 88 718
4 1477 88 1304 1743
4 694 637 90 1381
4 694 90 1590 1478
4 694 90 1478 1381
4 1355 1330 94 757
4 1621 1330 94 1355
4 1744 713 95 661
4 1794 713 1744 1251
4 1329 96 637 1251
4 96 713 1251 1329
4 1433 99 1201 1333
4 713 103 102 1746
4 102 479 1745 509
4 1746 1317 103 509
4 1332 1746 103 1329
4 1746 1332 103 1317
4 1329 1746 103 713
4 809 1356 542 105
4 105 612 809 1356
4 1333 106 1335 1520
4 106 1520 1333 105
4 1356 105 106 1333
4 106 1335 1356 1333
4 612 1356 106 1335
4 1747 1331 108 864
4 1331 1747 108 447
4 108 864 1622 1747
4 1747 108 1334 551
4 1334 108 1747 447
4 696 110 869 714
4 635 110 869 1346
4 1178 697 114 860
4 114 1178 860 715
4 651 115 697 1633
4 697 115 716 1633
4 465 116 699 787
4 1195 123 699 698
4 699 123 1195 787
4 1195 742 130 419
4 1195 130 698 419
4 1748 144 1524 700
4 718 1748 144 1524
4 700 151 652 517
4 1189 722 165 158
4 1189 1337 722 158
4 1189 634 1337 158
4 159 696 613 703
4 159 869 613 696
4 1521 704 1425 160
4 160 704 1425 703
4 1425 160 703 696
4 625 732 161 1297
4 704 732 161 625
4 697 163 1336 1178
4 1336 469 164 813
4 1336 1419 164 469
4 164 813 115 697
4 1336 813 164 697
4 503 179 1749 1181
4 1181 179 1749 1699
4 179 503 1749 698
4 179 698 1749 1699
4 624 744 208 734
4 624 208 744 1348
4 208 624 703 613
4 210 1357 704 1712
4 210 746 732 1357
4 704 1357 210 732
4 732 746 211 1179
4 211 746 735 1179
4 213 469 1419 817
4 662 1203 737 214
4 737 214 1528 662
4 738 235 1529 818
4 235 1204 1634 738
4 235 1634 818 738
4 1184 738 740 242
4 1184 562 740 738
4 249 1184 1318 417
4 249 1184 200 1318
4 417 1775 1318 470
4 417 249 1184 740
4 1339 707 260 735
4 1339 746 260 544
4 260 735 746 1339
4 707 1383 261 735
4 270 1750 708 430
4 430 1534 270 1750
4 1534 737 270 1750
4 1204 709 284 485
4 709 284 738 1204
4 284 1204 485 1292
4 733 304 1751 516
4 1751 304 733 840
4 304 1751 1727 840
4 1751 304 1727 516
4 1340 1185 307 1730
4 1338 307 1185 1532
4 527 310 1341 474
4 527 1752 310 1383
4 527 1341 310 1752
4 310 474 527 707
4 527 1383 310 707
4 1752 1725 600 889
4 1288 312 1199 710
4 1203 1534 1288 671
4 312 1288 1534 710
4 1286 340 709 1344
4 1286 340 1344 711
4 711 1286 340 1187
4 711 799 578 1187
4 578 799 711 491
4 360 1752 1342 867
4 360 468 760 496
4 360 1361 478 510
4 1753 798 361 495
4 1753 361 798 755
4 361 495 1199 1753
4 361 1753 1199 710
4 368 674 1754 1769
4 1754 361 368 1769
4 368 755 1754 674
4 361 710 1769 1754
4 368 755 361 1754
4 389 382 450 725
4 382 1755 725 1470
4 382 1358 1755 1470
4 382 1755 1358 418
4 382 1639 1755 418
4 1343 390 1200 725
4 1200 390 1343 1164
4 608 853 1471 491
4 853 396 491 711
4 1331 587 666 1330
4 1330 835 1331 587
4 1335 843 588 1334
4 1335 447 1334 1374
4 1492 892 661 893
4 1256 923 1470 1584
4 355 518 1352 1730
4 355 518 664 1352
4 355 636 1352 664
4 1673 422 528 614
4 490 622 1643 1635
4 552 490 410 1635
4 1589 761 1381 89
4 1589 1381 761 803
4 1441 1154 1353 1296
4 1353 1441 1296 1477
4 1441 1154 1296 1642
4 1296 1441 1642 887
4 1757 23 821 24
4 1757 472 1208 772
4 819 1632 792 643
4 1728 830 406 792
4 629 25 451 736
4 1645 492 1308 1371
4 1563 1322 534 1246
4 680 1455 678 1500
4 1439 679 1473 538
4 1439 720 1473 679
4 1477 1304 407 775
4 768 802 598 1375
4 1376 768 598 1375
4 1664 1695 549 1376
4 612 559 1472 1002
4 646 1472 559 827
4 559 1472 1002 827
4 634 824 1337 1270
4 463 1155 1498 1197
4 817 1349 1512 1482
4 1216 65 1249 1245
4 415 427 1222 1763
4 1775 1184 1284 555
4 1225 1775 1284 555
4 1225 581 1775 566
4 1290 436 476 1270
4 1270 476 1337 634
4 1276 1444 647 1502
4 1276 487 647 1444
4 486 290 339 1094
4 525 290 339 486
4 1292 485 284 1600
4 1292 526 485 1600
4 1238 642 1622 845
4 845 642 1622 821
4 1622 642 24 821
4 1429 1725 1765 36
4 1299 663 1191 1165
4 1265 1281 660 1674
4 353 1727 660 1674
4 1727 1265 660 1674
4 1161 639 1502 434
4 1272 206 515 769
4 1744 1328 88 1477
4 1477 1304 775 1774
4 869 1568 159 158
4 993 652 700 1225
4 652 200 700 1775
4 993 652 581 1489
4 651 813 1488 882
4 813 1488 882 861
4 827 1668 1232 646
4 664 1443 1367 1493
4 768 521 802 1375
4 1664 521 768 1375
4 1664 768 1376 1375
4 1383 889 1533 262
4 1320 658 1616 459
4 1320 658 459 1491
4 1492 1745 661 807
4 1492 850 1745 807
4 1631 797 1308 492
4 1631 797 458 759
4 1301 725 1630 450
4 868 1694 1490 618
4 868 1694 1230 1490
4 1424 1760 505 567
4 1616 477 1368 1496
4 1250 1189 869 1716
4 871 524 1666 577
4 1666 577 1261 871
4 136 1608 780 1309
4 993 494 767 21
4 517 1241 21 993
4 528 614 636 1394
4 1673 614 528 1394
4 668 1261 1211 571
4 571 1261 1211 1710
4 760 413 783 639
4 413 1686 468 812
4 413 1686 812 1709
4 1797 30 1524 788
4 656 1685 698 503
4 698 788 503 1685
4 1432 1213 889 33
4 1274 1695 475 435
4 475 1695 1376 435
4 1695 768 475 1376
4 848 1478 803 1499
4 931 1478 848 1499
4 1478 1381 803 1499
4 931 1381 1478 1499
4 1682 494 1215 1312
4 1616 731 1465 1466
4 414 475 37 435
4 802 1537 1386 838
4 1623 1386 1598 838
4 369 370 785 1705
4 721 1616 868 439
4 721 1616 658 868
4 1562 1254 720 1439
4 627 416 690 1762
4 427 1435 525 1763
4 427 525 516 1763
4 1651 1435 415 1763
4 1651 1435 1763 429
4 415 427 1604 1222
4 627 1499 803 416
4 1417 298 249 417
4 249 298 740 417
4 417 565 403 862
4 862 1417 417 1307
4 1415 368 674 755
4 829 1415 674 755
4 417 753 564 1451
4 565 753 417 1451
4 417 1717 566 564
4 560 418 873 1639
4 923 418 1639 873
4 403 417 470 794
4 403 470 1450 794
4 403 566 417 794
4 420 911 785 1431
4 544 443 653 1788
4 1628 443 544 1788
4 1306 662 737 1627
4 725 1584 1301 1200
4 1195 1304 742 1612
4 1195 1778 1304 1612
4 1305 1357 746 544
4 507 1357 746 1305
4 1764 23 535 821
4 592 1407 469 1377
4 1407 813 469 1377
4 813 747 1377 1407
4 1757 821 472 24
4 1764 821 472 1757
4 1764 821 535 472
4 1341 474 1539 539
4 1341 310 1539 474
4 358 1130 357 1426
4 645 1643 622 20
4 1257 1643 622 645
4 1330 587 1640 779
4 779 1330 757 1640
4 666 587 1640 1330
4 1330 447 757 1640
4 93 563 1354 86
4 1326 86 1354 563
4 1241 1303 718 1328
4 1655 1692 609 729
4 1466 1218 1616 731
4 810 1443 40 667
4 1290 476 1337 1270
4 530 556 1288 670
4 670 1253 530 556
4 505 421 1760 1758
4 1475 567 505 1214
4 1277 367 1548 669
4 1277 497 1548 1551
4 373 758 1392 1550
4 1250 1189 1632 869
4 1512 1349 1237 1482
4 1352 422 1766 614
4 837 1563 534 1246
4 1453 463 1498 623
4 1453 463 623 1302
4 1456 1400 679 537
4 685 595 795 1282
4 682 579 681 446
4 516 579 681 682
4 1226 699 1438 1283
4 1699 1226 699 1068
4 699 1283 1226 1699
4 1524 700 30 1797
4 1286 709 1555 575
4 1286 709 1233 1555
4 1289 724 576 1198
4 1236 1289 724 1649
4 1289 1236 724 1198
4 1193 727 1403 1235
4 1483 1178 715 860
4 426 1454 1500 1197
4 1500 678 1651 1197
4 562 740 738 1233
4 1233 1286 740 291
4 1233 291 709 1286
4 1237 1662 592 593
4 1237 1349 213 728
4 937 1654 745 1240
4 1422 745 937 1654
4 1446 523 609 42
4 528 422 762 1352
4 680 1378 473 513
4 1455 1378 473 680
4 505 865 1758 657
4 489 1659 456 1351
4 668 1206 1773 456
4 1666 663 1471 1267
4 663 1267 1666 789
4 571 663 1666 789
4 489 1667 891 876
4 489 1667 1248 891
4 1465 621 731 717
4 717 1553 1465 621
4 1200 663 397 1165
4 1665 488 686 886
4 1665 686 1506 886
4 425 369 1458 785
4 1505 926 425 53
4 209 411 1712 704
4 1357 1554 704 580
4 516 427 1222 1604
4 430 319 1769 615
4 319 1769 710 430
4 674 615 1513 430
4 1513 710 674 430
4 471 1158 1770 602
4 1466 477 1496 404
4 499 1178 504 502
4 555 566 1184 562
4 1187 599 1771 1629
4 706 705 1403 1235
4 858 859 1167 1300
4 755 1486 960 1513
4 674 755 960 1513
4 1460 1343 1188 1186
4 1205 1584 1164 1191
4 1205 1188 1164 1584
4 1205 1619 1206 1773
4 1407 585 747 592
4 409 1774 1328 1477
4 1328 409 1303 1774
4 1357 1780 1554 580
4 703 580 704 620
4 704 1554 620 580
4 703 1556 580 620
4 581 470 1775 794
4 652 1775 700 1225
4 652 581 1775 1225
4 581 652 470 1489
4 1534 710 676 430
4 1513 584 710 430
4 1513 1558 710 584
4 761 803 416 690
4 1762 1194 690 1287
4 1762 1150 1194 1287
4 808 644 854 830
4 1302 583 1397 585
4 636 1766 1352 610
4 636 1481 1766 610
4 1189 1776 782 819
4 545 543 1170 1650
4 1195 1304 1778 410
4 1524 137 718 433
4 718 1797 1524 433
4 308 309 443 1426
4 443 309 474 1426
4 1199 894 1779 825
4 1307 1174 1641 863
4 605 582 1176 583
4 1743 433 1797 718
4 1743 1774 718 1797
4 1797 1743 1774 1612
4 1743 1797 433 1612
4 1612 1797 433 788
4 1524 788 433 1797
4 1788 1338 443 1380
4 1422 848 1654 931
4 1305 507 1357 1780
4 1782 814 612 809
4 1782 612 1356 809
4 1192 926 925 1183
4 1787 428 1423 424
4 557 558 1204 568
4 1511 557 1204 568
4 1385 815 559 17
4 1256 1358 1470 923
4 623 1498 1453 508
4 458 6 1631 759
4 797 759 1631 1308
4 1324 1701 1245 604
4 540 1394 528 636
4 881 1379 604 1646
4 604 1442 3 1646
4 1752 866 1765 1725
4 802 1656 768 598
4 768 1656 802 1298
4 1431 420 1665 785
4 1431 785 1665 488
4 1379 493 1442 1646
4 1664 768 1695 1376
4 858 34 1209 1652
4 1652 1209 1386 34
4 858 1209 34 1485
4 1723 407 490 1680
4 1166 407 1723 1680
4 906 31 782 1310
4 613 869 1759 617
4 434 786 467 38
4 434 467 783 38
4 783 639 434 38
4 503 788 30 1685
4 1647 551 1445 535
4 1165 1299 663 571
4 663 1299 1273 571
4 1165 1515 1299 571
4 682 445 579 1784
4 1641 524 435 1274
4 1641 1274 435 1650
4 475 1376 37 435
4 1460 1164 1343 390
4 1336 1419 1527 164
4 1527 1419 1336 1179
4 1453 1172 129 1522
4 171 1658 1522 1397
4 1658 1397 1453 1522
4 1398 1454 150 1399
4 1208 206 1455 1399
4 203 1400 1525 154
4 1400 153 202 1525
4 1456 1156 1401 1530
4 250 1530 1170 1401
4 1170 1530 1456 1401
4 1457 1531 1271 720
4 1623 739 1271 515
4 1167 1402 1544 352
4 1464 1544 1667 400
4 1464 1402 1544 1167
4 1404 394 1553 1403
4 1463 1553 400 1403
4 1465 1404 1553 717
4 621 1553 1463 717
4 1325 1326 1517 85
4 1325 1326 1714 1517
4 1669 1516 1420 70
4 1669 1516 76 1420
4 1669 70 1420 1421
4 1361 360 1579 510
4 669 1579 1469 1361
4 1562 1271 1661 720
4 1400 1405 153 1567
4 1418 1168 1405 1567
4 1418 1405 1400 1567
4 1397 122 171 1406
4 164 1407 171 1406
4 1660 1397 171 1406
4 1407 1660 171 1406
4 1662 213 1407 1570
4 524 348 1574 1576
4 1471 1408 396 1576
4 1666 1408 1471 1576
4 1666 524 1408 1576
4 420 1458 1409 785
4 1352 355 356 540
4 1665 420 1409 785
4 1459 365 1410 1578
4 1469 1410 359 1578
4 1044 1459 1410 1578
4 1044 1410 1469 1578
4 543 1414 548 1224
4 1614 1572 546 305
4 1614 1785 546 1572
4 1476 1588 84 85
4 1670 1588 1325 730
4 1670 1588 1476 1325
4 1672 1422 84 1590
4 1478 1422 1590 694
4 1672 1422 1590 1478
4 1467 276 1413 1595
4 234 1595 1423 1413
4 1423 1595 1787 1413
4 1787 1467 1413 1595
4 1664 1597 1414 300
4 1474 252 1414 1597
4 1664 1474 1414 1597
4 1475 487 1468 1601
4 1468 1601 431 1475
4 1468 487 486 1601
4 1472 1609 1418 1668
4 1473 154 203 1593
4 1661 1418 1473 154
4 1402 351 802 1602
4 1298 1602 1667 802
4 1667 1402 802 1602
4 1174 1663 1417 298
4 1470 1321 1611 1358
4 1192 1321 376 1611
4 1470 1321 1192 1611
4 1472 106 1418 1609
4 1472 1609 1668 155
4 1720 661 807 14
4 1720 517 807 661
4 354 1443 43 810
4 518 664 1493 43
4 1243 518 1493 43
4 1769 375 615 1033
4 1769 375 674 615
4 1769 1033 615 319
4 1492 807 1364 850
4 476 436 31 1270
4 1726 476 436 31
4 476 449 31 438
4 1726 476 31 438
4 744 1440 438 1785
4 1614 744 438 1785
4 961 1614 438 1785
4 636 1258 1409 590
4 664 1258 1409 636
4 827 646 1232 25
4 1789 591 684 440
4 1616 439 721 731
4 1696 1295 1676 840
4 1674 840 1727 1295
4 840 1674 1696 1295
4 1436 492 605 823
4 1620 823 605 492
4 1399 752 772 440
4 1452 752 440 772
4 1416 758 1550 1681
4 1416 380 1550 758
4 547 1606 1313 984
4 1542 524 475 577
4 1542 1543 475 349
4 475 1542 577 1543
4 1344 575 1761 441
4 678 1479 1713 1651
4 1713 1479 290 1435
4 1679 1312 509 479
4 1745 479 807 850
4 1498 508 1309 1523
4 1454 1309 426 591
4 426 1454 1210 1309
4 1309 27 426 591
4 426 1309 1210 27
4 1498 463 1197 1210
4 1674 1545 1281 353
4 1276 1535 325 1795
4 1276 1535 1795 1159
4 1275 1276 325 1795
4 471 1276 1795 1159
4 754 508 1172 1792
4 797 754 1172 1792
4 1282 1569 652 200
4 542 105 1333 98
4 98 542 1201 1333
4 98 105 99 1115
4 98 1201 99 1333
4 1333 1356 105 542
4 269 1412 276 1072
4 1467 1412 276 1158
4 602 1467 471 1158
4 737 442 221 270
4 442 1125 221 270
4 1750 464 708 672
4 270 737 442 1750
4 442 228 1125 277
4 277 228 1291 442
4 1750 442 277 1291
4 442 464 1750 1306
4 442 277 1125 270
4 270 277 708 1750
4 1302 1172 606 607
4 1172 797 606 607
4 750 1195 419 1778
4 750 698 419 1195
4 1333 542 1201 806
4 1333 809 1356 542
4 809 1333 1356 811
4 542 937 1201 806
4 937 542 1201 1626
4 1181 464 442 1306
4 1306 442 1627 737
4 464 1181 654 1306
4 1306 1181 1627 442
4 270 442 277 1750
4 1306 464 1750 672
4 1750 737 442 1306
4 737 1306 1750 672
4 1291 675 1292 708
4 443 653 1339 544
4 544 1788 1305 1628
4 1405 1418 1702 1168
4 1168 1702 1405 1005
4 1784 1320 682 445
4 1784 459 1320 445
4 495 667 1199 894
4 1199 667 1779 894
4 1629 753 599 1717
4 1629 417 753 1717
4 1335 1333 1520 447
4 1330 1519 757 447
4 1330 1519 94 757
4 1433 1514 100 1677
4 1331 781 1747 447
4 1334 1747 781 447
4 696 641 448 714
4 696 1557 448 641
4 449 634 31 1310
4 449 634 476 31
4 624 1348 449 613
4 625 816 112 1521
4 571 1515 1710 1211
4 1634 503 818 1447
4 818 1634 1447 558
4 1482 1487 817 600
4 1487 600 1213 889
4 1215 1786 1173 1682
4 1501 677 1658 1155
4 1455 1500 1454 678
4 538 679 1473 1400
4 1414 679 1224 543
4 1665 488 886 1431
4 1665 886 1506 1431
4 1343 1470 725 1584
4 1470 925 1584 1186
4 1584 1343 1470 1186
4 1343 1186 1584 1188
4 1470 1186 1343 1460
4 1412 1507 677 1662
4 1237 1412 1662 1507
4 1322 1503 1246 1563
4 712 1503 1322 1563
4 712 628 1669 688
4 1669 688 628 1560
4 694 1671 611 804
4 1504 1420 1670 730
4 1420 691 1508 1670
4 1504 1420 1508 1670
4 1351 1206 456 726
4 1351 726 727 1206
4 1659 1351 727 1206
4 1412 1662 728 1237
4 112 820 1703 1607
4 1607 1703 1483 820
4 554 1792 754 797
4 725 1639 382 450
4 1344 389 382 450
4 1630 389 853 450
4 1574 1187 298 753
4 1408 1574 1174 753
4 1408 347 753 799
4 1638 1753 798 755
4 1753 1638 825 960
4 1688 798 1638 1753
4 1753 755 960 1754
4 1753 1688 825 1638
4 450 441 1761 54
4 1636 450 1761 54
4 450 54 1636 1301
4 450 711 1761 1344
4 711 575 1761 1344
4 714 448 816 857
4 714 1582 448 638
4 1174 1663 524 1641
4 1663 524 1641 1274
4 1221 452 834 523
4 680 455 1604 733
4 1287 763 796 1150
4 482 796 1287 763
4 1228 497 1392 669
4 1228 758 52 1392
4 1490 618 412 1262
4 1490 702 1262 412
4 439 1616 868 1368
4 73 1792 980 458
4 797 759 1308 554
4 777 759 458 554
4 777 458 1327 554
4 1366 1368 459 477
4 1797 700 30 1225
4 1704 664 1443 1367
4 1175 1443 1707 1704
4 495 667 1443 810
4 858 1209 1160 1652
4 1652 1209 1160 1386
4 1446 422 528 1673
4 461 1491 431 1509
4 505 412 1475 1214
4 1186 1460 1289 1649
4 1163 1460 1280 1649
4 1649 1460 1280 1205
4 1531 1623 1271 515
4 515 739 1271 1223
4 724 1460 1163 1649
4 692 1171 1585 695
4 1279 1585 1171 695
4 1661 1157 1271 1562
4 1157 1562 1661 1232
4 1160 1652 1623 1696
4 1650 545 1663 1170
4 1650 1170 1663 1274
4 1179 1648 1605 514
4 1336 1179 1648 1178
4 522 514 1383 735
4 1419 1179 735 514
4 1336 1648 1179 1419
4 656 557 503 1181
4 442 1634 557 1181
4 503 557 1634 1181
4 656 557 1181 654
4 464 1181 557 654
4 952 349 768 350
4 1682 151 1215 494
4 1566 108 864 772
4 1480 1787 1159 462
4 1787 471 1159 462
4 544 653 519 1788
4 443 1339 653 474
4 443 309 1339 474
4 668 1659 399 1543
4 657 1760 50 1758
4 1758 657 1760 505
4 109 60 465 1728
4 1158 1079 1311 1770
4 1275 1158 1311 1770
4 1275 1311 1161 434
4 1320 395 402 658
4 1320 658 402 1616
4 517 95 102 661
4 1745 102 713 661
4 663 396 1200 397
4 1299 1190 663 1263
4 1471 397 396 663
4 1471 663 396 1263
4 355 664 518 354
4 877 43 810 354
4 1175 355 354 664
4 1264 61 665 60
4 831 665 808 1264
4 808 1264 665 60
4 665 1494 1346 635
4 1346 665 808 1706
4 665 1706 1346 1494
4 1249 72 79 458
4 458 72 79 980
4 1742 79 458 1249
4 1742 79 1327 458
4 458 980 79 1792
4 1327 79 1792 458
4 1714 730 78 1249
4 1249 6 1714 561
4 1437 669 1469 1361
4 1277 657 1618 812
4 1277 374 1618 657
4 790 812 468 1686
4 360 367 783 468
4 405 790 468 460
4 405 468 1361 460
4 1736 460 468 790
4 468 1093 1686 413
4 1093 1736 468 790
4 1093 790 468 1686
4 1775 200 1318 470
4 1318 1775 417 1184
4 403 1318 795 470
4 417 1318 403 470
4 1406 115 813 651
4 1282 200 652 470
4 813 28 793 1359
4 1377 813 469 1359
4 1359 1377 813 28
4 793 469 813 1359
4 1419 469 851 817
4 861 1419 469 851
4 817 469 851 1711
4 1451 564 417 403
4 565 417 403 1451
4 564 566 417 403
4 417 566 1775 794
4 1775 470 417 794
4 1551 758 1162 1113
4 474 539 1426 358
4 474 1539 539 358
4 549 1474 1664 521
4 521 550 1252 549
4 549 521 1664 1375
4 521 1252 1375 549
4 1044 1228 52 1459
4 1392 1459 52 1228
4 1789 864 531 1452
4 1789 772 864 1452
4 1333 1677 1433 100
4 1333 1520 447 100
4 482 67 1586 1675
4 482 1264 1675 1586
4 451 1445 472 535
4 513 473 455 498
4 528 1180 1673 1394
4 482 1040 619 75
4 1287 75 482 619
4 482 67 619 1040
4 1157 646 629 25
4 1232 1157 25 646
4 1360 474 539 42
4 474 42 1691 653
4 451 1272 1617 629
4 736 629 1272 451
4 622 645 20 655
4 416 11 761 1642
4 1284 555 1395 1225
4 916 755 829 1486
4 1486 829 1242 755
4 1675 7 826 831
4 1675 826 7 655
4 601 1430 1212 1005
4 304 1727 353 1674
4 684 150 1566 772
4 864 684 1566 772
4 1394 1258 636 590
4 1482 1349 600 817
4 414 524 871 475
4 37 768 475 577
4 475 768 37 1376
4 1664 768 301 300
4 1298 577 1543 768
4 1298 1543 350 768
4 1542 299 475 524
4 299 300 951 475
4 680 1604 473 1500
4 744 1348 476 449
4 1348 613 634 449
4 744 624 449 1440
4 624 1348 744 449
4 1270 476 634 31
4 961 556 436 476
4 1726 961 436 476
4 1446 609 762 42
4 609 1426 762 42
4 1644 1697 763 622
4 712 482 1264 796
4 791 712 1264 796
4 791 796 1264 7
4 1774 409 892 1477
4 892 1169 409 1774
4 404 477 1496 1366
4 1496 439 1368 1616
4 805 477 1616 1466
4 551 1622 108 821
4 551 1747 108 1622
4 821 845 551 1622
4 1622 845 551 1747
4 510 460 1361 478
4 360 478 1752 867
4 360 478 867 510
4 478 460 1361 468
4 1736 478 460 852
4 1736 468 460 478
4 1093 478 1736 852
4 478 1737 1093 496
4 478 496 1093 468
4 1093 468 1736 478
4 1093 478 852 1737
4 468 496 1093 760
4 853 541 847 608
4 1442 1379 823 493
4 509 102 479 494
4 509 1312 494 479
4 830 808 826 480
4 1731 642 845 18
4 1747 845 781 1220
4 1747 845 551 781
4 1622 845 1747 1220
4 551 845 1314 781
4 1622 845 1220 1238
4 987 1239 845 1732
4 987 1314 551 845
4 987 845 1239 1314
4 1484 478 496 48
4 478 48 1484 846
4 478 48 846 1733
4 1733 852 478 48
4 478 48 1737 496
4 1737 478 852 48
4 1752 846 1725 867
4 1752 478 846 867
4 510 478 867 846
4 478 1756 460 852
4 478 1756 510 460
4 828 853 847 491
4 828 491 847 1718
4 1679 850 479 509
4 509 1255 850 1219
4 854 808 480 1362
4 808 854 480 830
4 1268 881 604 1646
4 660 805 1281 404
4 1300 1265 1281 404
4 3 1645 5 1442
4 3 1442 19 1646
4 850 479 1364 15
4 479 15 850 1679
4 461 1509 431 1214
4 993 1225 581 652
4 1425 625 704 1521
4 1425 816 625 1521
4 638 1738 1323 481
4 638 714 1738 481
4 857 816 481 1703
4 857 481 820 1703
4 758 1551 373 497
4 1551 1548 373 497
4 688 1287 482 796
4 1264 61 1586 68
4 712 68 61 1264
4 1705 53 425 926
4 1230 1279 695 1585
4 1663 1274 1641 1650
4 504 1336 1648 1178
4 1674 1696 1295 1510
4 1694 1279 1490 618
4 1291 1634 557 442
4 557 464 442 1181
4 557 464 1291 442
4 1291 1511 1204 675
4 1203 1290 659 670
4 556 1203 670 1290
4 1378 473 513 756
4 513 473 498 756
4 756 513 616 498
4 756 1378 616 513
4 463 1658 1453 1498
4 1658 1155 1498 463
4 1524 1284 30 700
4 1713 1479 1435 1651
4 450 1301 1636 1700
4 1631 458 73 1564
4 1245 458 1631 1564
4 66 1245 1631 1564
4 791 1264 831 7
4 449 613 634 1759
4 449 634 1310 1759
4 482 7 1264 796
4 1501 626 1658 677
4 1500 1197 1454 678
4 537 1400 679 538
4 1414 1456 679 543
4 1455 473 1500 680
4 1665 540 973 1506
4 1439 1661 1473 720
4 1439 1562 1661 720
4 1507 593 677 1662
4 677 593 1407 1662
4 1509 681 431 1468
4 681 1468 1509 1763
4 1741 688 1669 1560
4 1671 611 804 1329
4 1503 1563 712 628
4 1325 844 730 1714
4 1504 1670 844 730
4 730 844 1504 1714
4 1672 849 627 691
4 1659 727 1462 1206
4 726 1235 727 1206
4 727 1235 1462 1206
4 1237 728 213 1662
4 1670 691 1508 1476
4 691 1508 1476 849
4 1572 1285 744 1785
4 42 1380 653 1426
4 1727 444 660 1265
4 888 444 1265 41
4 660 444 41 1265
4 888 444 1727 1265
4 874 520 1396 39
4 874 1396 879 39
4 1396 520 874 1344
4 1344 874 1396 485
4 879 1396 485 526
4 568 1555 485 879
4 568 709 1204 485
4 1204 568 485 1292
4 1641 524 1408 784
4 332 1094 1159 486
4 462 525 1468 486
4 1506 1665 540 686
4 332 325 487 1276
4 1276 325 487 1444
4 1475 647 487 567
4 1468 487 1475 647
4 669 1579 366 1578
4 668 1206 1619 1773
4 804 1671 1626 694
4 542 1626 804 1671
4 546 1614 773 1785
4 681 1468 1763 525
4 686 363 1546 488
4 1319 686 1546 488
4 886 686 1319 488
4 1409 362 1577 785
4 785 363 955 362
4 1665 1409 1577 785
4 1665 785 363 488
4 1682 494 1312 1678
4 447 1519 1677 100
4 1519 757 1677 1514
4 1384 563 1354 1514
4 505 648 1139 1758
4 1465 1553 401 621
4 1464 401 1553 621
4 774 489 456 58
4 774 489 58 891
4 1248 621 489 58
4 489 1248 58 891
4 489 456 58 726
4 726 621 58 489
4 668 399 1659 489
4 1351 1667 489 399
4 1667 400 399 1351
4 1644 1643 490 622
4 490 1680 1643 1644
4 657 1277 1278 865
4 1620 1631 66 1701
4 1620 797 1631 492
4 1176 66 1633 493
4 1176 1633 651 493
4 517 494 102 151
4 1215 494 151 102
4 574 491 1372 44
4 574 608 491 44
4 1718 1372 491 44
4 1436 492 823 1645
4 1645 492 1371 1436
4 1646 493 19 766
4 895 493 766 19
4 21 767 22 494
4 1678 494 22 767
4 1678 494 1312 22
4 667 495 1443 1707
4 495 1707 667 894
4 894 1373 1783 1707
4 470 795 1282 1318
4 1318 795 1282 685
4 1160 1386 1623 1652
4 735 514 1605 522
4 817 1349 592 1512
4 1655 1692 729 686
4 723 1693 743 1606
4 678 1197 1479 1651
4 360 496 760 38
4 1765 1752 38 496
4 1491 618 431 1320
4 1564 72 1249 458
4 1564 1249 1245 458
4 765 13 835 764
4 701 412 702 1490
4 1230 1279 1490 1694
4 1490 1279 412 618
4 701 1279 412 1490
4 1230 1279 701 1490
4 1322 1387 1246 1503
4 366 497 1548 669
4 1277 669 1548 497
4 1113 1551 758 497
4 1228 497 758 1392
4 1101 756 454 498
4 1164 1205 1460 1188
4 1787 424 1423 1413
4 463 466 1155 424
4 681 579 1763 446
4 446 681 1509 1763
4 1483 499 1178 860
4 860 499 1178 504
4 504 1178 1648 502
4 1187 1771 1286 1629
4 437 516 579 1222
4 437 516 1727 579
4 689 1185 1285 630
4 1185 1532 1628 1338
4 621 1248 875 632
4 1181 1699 656 654
4 656 1068 654 1699
4 1534 671 737 672
4 464 501 708 672
4 1403 1404 1461 706
4 621 1247 731 717
4 1223 1271 736 739
4 1562 736 1271 739
4 880 716 1324 881
4 880 881 1324 1268
4 937 804 694 931
4 694 931 1422 937
4 1422 1654 937 931
4 576 984 1198 1693
4 1198 576 1690 984
4 1693 984 1198 1606
4 1235 1280 1206 1205
4 503 656 1447 557
4 1666 1267 784 789
4 784 1666 789 871
4 426 1197 1500 428
4 787 1683 410 1195
4 1195 1683 410 750
4 750 1195 1778 410
4 689 630 1285 1785
4 722 1438 650 824
4 659 824 722 650
4 670 1288 530 676
4 530 1288 1779 676
4 1287 796 800 1150
4 1692 686 1655 976
4 1171 1461 1279 695
4 693 695 1416 692
4 1623 1207 739 748
4 748 739 1623 1231
4 562 570 740 1233
4 566 740 562 570
4 1233 570 740 1286
4 675 1511 1204 568
4 1234 1780 411 580
4 744 624 1440 630
4 630 734 624 1234
4 744 734 624 630
4 1198 1202 743 1613
4 1236 1202 724 1198
4 724 743 1198 1202
4 1455 1208 473 1378
4 480 1362 4 0
4 1497 0 480 4
4 402 1465 401 1466
4 402 1616 1465 1466
4 1632 60 109 1728
4 830 60 1632 1728
4 830 1632 60 1346
4 692 1113 758 52
4 692 758 1681 52
4 1769 674 430 615
4 1632 792 465 822
4 747 1406 1407 813
4 186 596 1529 818
4 738 1529 596 818
4 186 1591 1708 503
4 698 130 1591 788
4 698 788 1591 503
4 1441 1166 407 1723
4 445 459 1320 805
4 1320 459 1616 805
4 618 1491 431 461
4 1137 618 1262 461
4 505 421 1758 1139
4 505 1475 381 1424
4 612 1168 1418 105
4 1453 178 1523 1498
4 1453 1498 1523 508
4 1309 508 27 1657
4 1657 508 27 623
4 1657 1309 508 780
4 508 986 129 80
4 1792 1327 508 80
4 1266 1347 780 423
4 1347 1767 423 1266
4 1523 1592 1210 185
4 143 1454 1309 192
4 1309 1592 1210 1523
4 1347 1608 1309 780
4 1332 104 1317 601
4 1746 601 1317 509
4 1746 1332 1317 601
4 509 102 1215 103
4 1746 102 1745 509
4 509 494 1312 1215
4 1746 103 102 509
4 1342 359 360 510
4 867 1342 360 510
4 1437 1361 1469 510
4 1747 1331 864 1220
4 864 1220 1622 1747
4 1752 311 1684 360
4 1316 1330 1621 835
4 1316 101 94 1330
4 1429 600 1752 1725
4 467 600 1684 1429
4 510 834 47 1221
4 47 510 1756 834
4 510 1221 870 846
4 510 47 870 1221
4 870 510 1756 47
4 13 1220 531 835
4 792 643 1632 830
4 1615 819 643 512
4 417 1307 565 862
4 513 455 473 680
4 680 733 513 455
4 680 455 473 1604
4 840 513 1676 1624
4 689 1185 630 1772
4 689 631 1185 1772
4 689 1340 1730 1185
4 689 1185 1730 1285
4 340 1187 1286 1536
4 1629 298 1536 1187
4 1286 1629 1536 1187
4 1531 1271 205 515
4 515 205 254 938
4 1623 515 1531 254
4 255 515 206 769
4 255 515 1624 1623
4 515 938 254 255
4 255 254 515 1623
4 594 1223 515 769
4 515 1223 1272 769
4 1155 928 227 178
4 1155 185 234 928
4 1197 185 234 1155
4 1423 1197 234 1155
4 1155 234 227 928
4 1501 466 1155 463
4 1661 155 1526 1157
4 1661 1157 1526 1271
4 629 1526 156 1157
4 1271 1526 629 1157
4 1467 1159 471 1795
4 1158 269 318 1311
4 1275 318 1158 1795
4 1275 1158 318 1311
4 1275 1311 318 1161
4 1158 318 269 1795
4 1535 283 1159 1094
4 1535 1159 1276 332
4 1535 1094 1159 332
4 1160 303 1696 1623
4 1160 303 1538 1696
4 1674 1160 1538 1696
4 1545 1538 1674 1160
4 859 1545 1674 1160
4 1540 318 1161 1275
4 1540 1161 1444 1275
4 1161 1540 1618 367
4 1618 1161 1444 1540
4 1551 381 1162 380
4 380 381 1162 1171
4 1162 381 1278 1625
4 1551 381 1278 1162
4 384 391 1552 1460
4 1163 1460 1552 1280
4 1781 1193 1280 1163
4 1280 1235 1462 1193
4 1627 172 1699 1283
4 1699 1181 179 172
4 1628 1532 443 1338
4 1185 1780 1628 411
4 1780 1185 1628 1788
4 443 1628 1338 1788
4 1338 1628 1185 1788
4 1619 571 1211 1515
4 1164 1191 1165 1515
4 1172 129 122 980
4 508 129 1172 1792
4 122 1397 1522 1172
4 1397 1453 1522 1172
4 1172 1453 129 508
4 1569 152 912 1156
4 1569 1173 1156 1282
4 1187 578 711 1771
4 711 1771 1286 1187
4 1697 1194 1565 81
4 1697 1194 1287 1565
4 1193 386 1403 393
4 1165 1191 1299 1515
4 1302 583 1172 1397
4 1175 1097 362 361
4 1175 361 362 1411
4 1175 1411 362 1458
4 66 1176 1587 1620
4 1176 1172 1587 1620
4 1406 1587 115 1176
4 1172 1587 1406 1176
4 697 860 1178 504
4 1460 383 1192 1289
4 710 825 1199 1779
4 1288 710 1199 1779
4 1610 1203 722 214
4 1610 1203 1290 722
4 1663 250 1596 1170
4 1663 1170 1596 1274
4 1414 251 1170 1596
4 1695 1596 1170 1274
4 1695 1414 1170 1596
4 1624 1599 255 1623
4 1696 1599 1624 1623
4 1189 819 1632 822
4 1189 1632 465 822
4 822 1776 1189 819
4 1634 1204 235 1291
4 192 1210 185 1197
4 1197 1065 185 192
4 1065 241 1197 234
4 1197 241 1423 234
4 1197 241 1479 1423
4 1197 241 1065 192
4 848 1478 1672 803
4 848 1499 803 627
4 700 517 144 151
4 718 95 144 517
4 1748 718 144 517
4 1748 517 144 700
4 355 1730 306 1575
4 546 1575 306 1730
4 1730 518 1575 355
4 1575 546 306 305
4 546 1575 1730 518
4 1241 718 1748 517
4 993 517 1748 700
4 1679 1393 509 1312
4 633 632 1217 731
4 792 832 643 830
4 819 643 792 832
4 1615 819 832 643
4 1491 459 1320 1784
4 1459 1313 52 1044
4 1402 1209 1485 802
4 858 1209 1485 875
4 630 1440 744 1785
4 556 1253 436 670
4 868 658 1694 618
4 1177 1390 1791 809
4 1390 1212 1791 809
4 1344 382 520 450
4 853 450 389 711
4 560 39 520 441
4 441 39 520 874
4 39 520 418 560
4 1396 418 39 520
4 1600 526 1396 326
4 526 1396 485 1600
4 1537 1209 1402 802
4 1537 802 1386 1209
4 1457 1623 1598 838
4 768 802 1796 350
4 1252 34 838 521
4 1375 521 802 34
4 521 1252 34 1375
4 802 34 521 838
4 1474 1350 301 521
4 550 521 1350 1474
4 1474 550 521 549
4 539 42 523 1360
4 474 1691 1360 452
4 1094 1480 1159 486
4 524 1574 348 299
4 524 348 1542 299
4 1174 1663 1574 524
4 1641 414 524 784
4 1715 1641 1408 784
4 1468 1763 525 462
4 871 475 37 414
4 1424 1760 657 505
4 505 567 421 1214
4 505 1214 421 1139
4 1475 1424 487 381
4 1424 487 567 1475
4 1344 382 1396 520
4 1393 16 1255 1219
4 1180 1446 528 1673
4 565 1059 753 799
4 1307 1059 753 565
4 1295 1510 1265 1674
4 1696 749 1295 1510
4 1621 1327 87 423
4 780 136 508 87
4 508 136 986 87
4 423 1327 87 508
4 1327 80 87 508
4 508 986 80 87
4 1309 192 1210 1592
4 1454 1210 1309 192
4 1621 1347 94 1316
4 1511 464 1291 557
4 1316 835 765 1789
4 1789 835 13 531
4 456 1659 1206 1351
4 668 1659 1206 456
4 533 64 1249 65
4 715 65 64 533
4 65 1324 533 715
4 1790 573 839 1268
4 1268 533 573 839
4 1790 1268 839 1216
4 1400 1456 1156 537
4 1401 1456 537 1156
4 420 883 1777 1175
4 420 1409 1175 1777
4 670 1203 1288 671
4 424 1155 1413 466
4 1423 424 1155 1413
4 1738 1322 61 572
4 1738 1322 572 534
4 987 551 535 821
4 987 845 551 821
4 987 821 535 1687
4 987 845 821 1687
4 1379 1701 604 823
4 1701 1645 604 823
4 1293 597 534 2
4 1294 534 597 2
4 1294 534 2 1246
4 1651 1479 1435 429
4 848 803 1672 627
4 692 758 1416 1681
4 1416 1681 693 692
4 1631 6 553 759
4 553 1631 1245 6
4 553 1245 1631 1701
4 1245 553 6 604
4 474 42 1360 1691
4 834 539 523 452
4 1165 571 663 397
4 853 541 608 1263
4 853 541 1263 1190
4 1263 541 608 1369
4 577 1298 668 1260
4 1260 577 1298 37
4 478 1484 866 846
4 1752 846 866 1725
4 1789 864 835 531
4 1316 864 835 1789
4 879 526 485 1292
4 675 879 1292 526
4 1292 568 879 675
4 1292 568 485 879
4 460 1361 1437 510
4 1756 510 1437 834
4 1409 1665 1577 540
4 1200 725 1630 1301
4 725 1755 1639 1584
4 1301 725 1639 1584
4 1792 554 754 1327
4 542 804 937 806
4 804 542 937 1626
4 546 1730 1243 518
4 276 1413 1412 1467
4 81 1304 88 742
4 88 81 1353 1304
4 88 742 1304 1743
4 443 260 259 544
4 1339 260 443 544
4 725 382 1639 1755
4 1327 458 1792 554
4 797 1308 1637 554
4 754 797 1637 554
4 773 1243 546 1785
4 653 519 1339 544
4 1788 519 544 1305
4 544 1357 1628 1305
4 1306 672 737 1653
4 1491 618 1320 658
4 692 1162 758 1113
4 1309 27 591 1266
4 817 1512 592 469
4 1349 592 1512 1237
4 1459 547 1392 52
4 547 52 1313 1606
4 1681 1550 723 52
4 729 1603 365 547
4 1319 1603 729 547
4 981 547 729 1313
4 981 1319 729 547
4 547 1313 981 984
4 1319 547 981 984
4 771 843 559 107
4 646 559 106 107
4 1335 107 559 843
4 1335 107 106 559
4 771 559 646 107
4 551 1768 771 843
4 1314 551 843 1768
4 987 551 1314 1768
4 987 1239 1768 1314
4 81 490 552 1697
4 410 490 1643 1635
4 1379 66 1324 1701
4 556 305 1288 1573
4 556 1288 1203 1573
4 1719 1327 1621 423
4 532 1682 652 1173
4 1197 463 426 1210
4 1345 10 1315 1719
4 1719 10 1315 770
4 770 1719 1327 1315
4 1315 1363 770 10
4 1347 94 87 1621
4 1347 1621 87 423
4 1355 87 94 1621
4 1327 87 1355 1621
4 1345 765 1621 764
4 1345 1327 1621 1719
4 1355 1345 779 778
4 778 1327 1355 1345
4 1355 1621 779 1345
4 1345 1327 1355 1621
4 1782 1356 612 811
4 604 1268 1216 1324
4 1790 604 1268 1216
4 530 961 963 773
4 1253 961 530 556
4 559 1335 612 106
4 559 1002 17 771
4 771 17 559 843
4 815 843 559 17
4 1002 1385 559 17
4 811 1335 612 559
4 612 559 815 811
4 1333 1335 1356 811
4 1639 520 450 441
4 520 382 1639 450
4 441 874 520 1344
4 441 874 1344 575
4 1752 1533 1383 889
4 1752 1533 310 1383
4 1383 817 1594 1419
4 1249 6 561 839
4 842 741 1714 561
4 730 71 78 1249
4 78 1714 1325 730
4 649 1469 1410 834
4 563 569 1514 1384
4 1182 47 1721 523
4 834 47 523 1721
4 1498 27 463 1210
4 1328 517 1241 1720
4 40 530 773 877
4 1451 753 564 599
4 740 566 417 1717
4 913 798 755 51
4 910 798 913 1783
4 910 755 913 798
4 1783 798 913 51
4 862 1417 1318 417
4 417 1184 1775 566
4 1242 560 418 873
4 1242 39 829 418
4 1242 39 418 560
4 1433 92 1518 1514
4 1333 1677 1374 806
4 806 1333 1677 1433
4 782 1189 1250 634
4 1250 634 1310 782
4 1250 1189 1716 634
4 875 858 1167 1300
4 875 1300 1466 632
4 718 1303 1797 1774
4 1475 567 1214 483
4 483 647 1475 567
4 1276 1502 1275 1444
4 1276 1275 325 1444
4 884 1613 1193 1781
4 1307 1059 1174 753
4 684 440 772 1789
4 772 440 1452 1789
4 684 1399 772 440
4 1764 23 821 1757
4 1218 439 1616 731
4 1466 1496 1616 1218
4 1441 407 775 1477
4 1355 778 569 586
4 1355 563 586 569
4 779 569 1355 778
4 530 810 877 40
4 509 1393 1255 1219
4 758 497 1228 1113
4 831 1264 808 1675
4 808 665 1346 60
4 1185 1340 307 1338
4 1380 762 1338 1426
4 358 309 1130 1426
4 1445 629 646 25
4 451 629 1445 25
4 451 1617 1445 629
4 752 772 1452 1757
4 1619 398 571 1165
4 398 668 1619 571
4 1165 398 571 397
4 1727 888 1295 890
4 840 1727 1295 890
4 1706 808 854 1362
4 1644 622 490 1697
4 763 1697 1287 619
4 1387 1322 572 665
4 1387 665 572 1370
4 1701 492 1645 823
4 881 493 1379 1646
4 388 1694 395 618
4 618 395 388 431
4 618 395 431 1320
4 1208 206 157 1617
4 1208 206 1617 1378
4 206 1208 1455 1378
4 853 541 1700 1196
4 1227 612 1168 1702
4 1227 1168 814 1390
4 1709 1618 657 812
4 413 812 1618 1709
4 1319 488 1546 576
4 984 488 1319 576
4 984 488 576 1690
4 488 1690 984 886
4 1319 488 984 886
4 1183 1705 576 1289
4 369 370 955 785
4 1183 1289 1549 1705
4 1705 488 370 785
4 1549 377 370 1705
4 785 363 370 955
4 488 363 370 785
4 1192 1549 1321 926
4 1289 1549 1192 1183
4 966 664 1704 1258
4 1249 79 72 78
4 1714 79 1249 78
4 79 1249 1742 1714
4 1391 1249 458 6
4 1249 6 1391 1714
4 1391 1742 458 1249
4 1742 1249 1391 1714
4 1408 491 799 1715
4 1291 1292 277 708
4 464 1291 1750 708
4 1757 756 1208 1101
4 1101 1208 454 756
4 570 1286 1233 1555
4 1500 1197 1651 428
4 1689 1372 491 1718
4 1689 1372 799 491
4 1768 1239 17 1314
4 1261 577 1260 871
4 1542 398 397 577
4 571 397 398 577
4 1666 348 1576 397
4 397 577 571 1666
4 1666 524 1542 577
4 668 1543 399 1298
4 668 1543 1298 577
4 827 646 1472 1668
4 1160 352 1537 1209
4 1160 1209 1537 1386
4 1207 1386 838 34
4 1623 1207 1386 838
4 302 838 521 1350
4 1164 1280 1460 1205
4 1466 621 731 1465
4 1170 1456 1414 543
4 1460 1192 1470 1186
4 1186 1192 1470 925
4 1666 1261 789 871
4 829 375 418 39
4 1667 872 891 876
4 1667 872 1248 891
4 1738 62 61 1322
4 1322 62 61 712
4 712 62 61 1036
4 1323 63 62 534
4 1323 62 63 481
4 1563 534 62 63
4 1563 1037 63 62
4 62 481 1037 63
4 65 64 1249 1038
4 715 65 1038 64
4 1324 66 65 1245
4 65 1245 66 1564
4 1324 65 66 716
4 65 1039 1564 66
4 716 65 66 1039
4 619 67 1635 74
4 787 74 1635 67
4 619 67 74 1040
4 1040 74 787 67
4 712 1036 68 69
4 712 69 68 688
4 688 69 68 977
4 69 977 1036 68
4 482 75 68 1040
4 688 75 68 482
4 688 68 75 977
4 68 75 977 1040
4 70 1563 69 1037
4 1669 1563 69 70
4 1669 69 1516 70
4 70 1516 978 69
4 70 978 1037 69
4 688 69 977 76
4 69 76 688 1669
4 1669 69 76 1516
4 69 1516 978 76
4 69 76 978 977
4 70 77 978 1516
4 1420 70 77 730
4 1420 1516 77 70
4 70 77 1108 978
4 730 70 77 1108
4 72 71 1038 1249
4 1249 78 72 71
4 72 979 71 78
4 72 71 979 1038
4 730 71 1108 78
4 979 71 78 1108
4 1564 72 458 73
4 1564 1039 72 73
4 73 980 72 458
4 73 980 1039 72
4 72 979 78 79
4 72 980 979 79
4 81 1565 74 1042
4 1195 1042 81 74
4 1304 1195 81 552
4 1304 81 490 552
4 1697 1565 74 81
4 1697 552 81 74
4 688 977 75 76
4 76 690 75 688
4 75 982 690 76
4 977 76 982 75
4 75 1565 82 1042
4 1565 690 1287 75
4 82 690 1565 75
4 1194 690 1287 1565
4 82 982 690 75
4 982 82 1042 75
4 1516 77 978 76
4 1420 77 76 691
4 1420 1516 76 77
4 691 77 76 983
4 978 77 983 76
4 982 83 690 76
4 76 83 690 691
4 691 76 83 983
4 983 982 76 83
4 691 77 983 84
4 77 84 691 1476
4 1476 77 84 1588
4 1109 983 77 84
4 1109 77 1588 84
4 1714 1517 79 78
4 985 79 1517 78
4 79 979 78 985
4 1109 78 85 1588
4 1325 1588 85 78
4 1325 1517 78 85
4 985 85 78 1517
4 985 78 85 1109
4 1792 980 79 80
4 1327 79 80 1792
4 86 986 80 79
4 80 79 986 980
4 985 79 86 1517
4 86 1327 1326 79
4 79 86 1517 1326
4 86 80 1327 79
4 986 79 86 985
4 86 87 80 986
4 761 803 690 1589
4 1589 982 690 82
4 691 983 83 84
4 1672 84 691 83
4 1672 1590 84 83
4 1110 983 84 83
4 1110 84 1590 83
4 985 85 1517 86
4 1326 86 1517 85
4 1111 85 985 86
4 86 87 1327 80
4 87 86 1327 563
4 86 1112 87 986
4 1328 1793 88 718
4 1744 1793 88 1328
4 1744 1793 1794 88
4 1296 1251 1794 1744
4 1043 1793 88 1794
4 90 1589 1381 89
4 90 1381 637 89
4 90 637 988 89
4 90 139 89 988
4 89 637 1794 1251
4 89 988 1794 637
4 1043 89 988 1794
4 1110 90 1590 91
4 1590 694 91 90
4 1422 91 1590 694
4 694 989 91 90
4 1110 91 989 90
4 90 637 97 988
4 694 97 90 637
4 694 90 97 989
4 90 988 97 989
4 694 98 91 989
4 1114 989 91 98
4 1114 1201 98 91
4 98 694 91 1626
4 1626 91 98 1201
4 93 1354 1514 92
4 93 86 1354 92
4 1111 92 86 93
4 1518 92 93 1514
4 990 93 1518 92
4 1111 93 990 92
4 1114 99 1201 92
4 1201 92 99 1433
4 99 92 1518 1433
4 990 1518 99 92
4 1114 99 92 990
4 86 94 563 87
4 94 93 563 757
4 1112 87 94 86
4 1519 94 757 93
4 1519 94 93 991
4 991 94 93 1112
4 1519 93 1514 100
4 990 93 100 1518
4 100 1518 93 1514
4 1519 93 757 1514
4 1519 100 991 93
4 991 93 100 990
4 101 94 1519 991
4 101 684 1316 94
4 1316 1330 94 1621
4 1330 101 94 1519
4 101 991 684 94
4 517 661 102 807
4 1745 102 661 807
4 661 713 95 102
4 713 1045 95 102
4 517 95 151 102
4 1045 95 102 151
4 988 97 96 637
4 1329 96 97 637
4 103 992 97 96
4 992 96 988 97
4 1045 103 713 96
4 713 96 103 1329
4 1329 96 103 97
4 103 1045 992 96
4 694 989 97 98
4 97 694 98 1671
4 1671 97 104 98
4 104 1671 98 542
4 994 98 97 989
4 103 104 97 992
4 1332 104 542 1671
4 994 104 97 98
4 104 992 994 97
4 104 542 98 105
4 1115 994 98 105
4 99 1333 1433 100
4 990 100 99 1518
4 99 1518 100 1433
4 99 1520 1333 100
4 995 100 1520 99
4 995 100 99 990
4 105 1520 99 1115
4 1520 105 99 1333
4 995 99 1520 1115
4 101 1519 447 100
4 101 100 991 1519
4 101 100 447 996
4 101 100 996 991
4 1520 107 447 100
4 995 100 107 1520
4 996 107 100 447
4 996 100 107 995
4 101 447 108 996
4 1331 101 108 864
4 101 1331 108 447
4 101 996 108 1566
4 101 108 864 1566
4 1329 97 103 1332
4 1317 104 103 683
4 104 1332 103 97
4 1332 104 103 1317
4 683 103 992 104
4 994 104 98 105
4 1168 1177 104 105
4 104 105 1567 1168
4 104 1177 542 105
4 1567 104 994 105
4 1405 1168 104 1567
4 995 106 1520 107
4 1335 106 107 1520
4 646 106 995 107
4 156 646 995 107
4 108 551 1445 107
4 996 107 447 108
4 1334 108 107 551
4 107 108 1334 447
4 996 1445 107 108
4 1189 158 109 869
4 1189 109 165 465
4 109 1568 869 158
4 109 1046 1568 158
4 109 158 165 1046
4 62 111 714 1036
4 1036 110 111 714
4 111 110 696 714
4 696 997 110 111
4 997 111 1036 110
4 869 159 1568 110
4 159 1046 1568 110
4 997 159 110 1046
4 111 112 481 816
4 111 112 1037 481
4 1521 816 112 111
4 1521 112 998 111
4 111 112 998 1037
4 1425 1521 160 111
4 696 160 997 111
4 696 1425 160 111
4 1521 111 998 160
4 998 997 160 111
4 161 625 112 1521
4 161 112 998 1521
4 161 1297 112 625
4 161 112 1116 998
4 161 112 1297 1116
4 715 1038 114 113
4 715 113 114 1178
4 162 113 114 999
4 999 1038 113 114
4 1116 162 113 1297
4 1178 114 162 113
4 1116 113 162 999
4 1297 1178 162 113
4 1039 115 716 114
4 716 697 114 115
4 697 1000 114 115
4 1039 115 114 1000
4 163 162 114 999
4 697 114 163 1178
4 697 1000 163 114
4 163 999 114 1000
4 697 164 1000 115
4 813 115 697 651
4 1406 115 164 813
4 171 1000 164 115
4 164 1406 171 115
4 123 1040 787 116
4 699 116 123 787
4 699 123 116 1001
4 1040 116 123 1001
4 465 165 116 109
4 465 165 1438 699
4 465 699 116 165
4 699 1001 116 165
4 1001 165 1046 116
4 1036 117 977 118
4 997 117 1036 118
4 118 117 977 897
4 997 897 117 118
4 1040 117 124 977
4 124 117 1040 1001
4 124 977 117 897
4 124 1001 897 117
4 997 1046 117 166
4 1001 166 117 1046
4 997 117 897 166
4 897 117 1001 166
4 1037 119 118 978
4 118 119 1037 998
4 978 119 118 898
4 118 998 898 119
4 978 125 118 977
4 118 977 125 897
4 978 125 898 118
4 118 897 125 898
4 167 998 118 997
4 167 897 997 118
4 167 998 898 118
4 167 898 897 118
4 1108 126 119 978
4 126 119 978 898
4 126 119 898 1047
4 126 119 1047 1108
4 998 1116 168 119
4 998 168 898 119
4 898 168 1047 119
4 119 1047 1116 168
4 979 1038 120 121
4 120 121 1038 999
4 979 899 121 120
4 120 121 999 899
4 979 1108 127 120
4 120 1047 1108 127
4 979 127 899 120
4 120 1047 127 899
4 120 999 1116 169
4 120 169 1116 1047
4 120 899 999 169
4 120 1047 899 169
4 1039 122 121 980
4 122 1039 121 1000
4 980 121 900 122
4 122 1000 121 900
4 980 979 128 121
4 128 899 121 979
4 128 900 980 121
4 128 900 121 899
4 170 121 999 1000
4 999 121 170 899
4 900 1000 121 170
4 899 121 170 900
4 1792 129 1172 980
4 129 980 900 122
4 129 900 1522 122
4 1172 122 129 1522
4 122 171 1000 900
4 122 171 900 1522
4 171 1397 1522 122
4 130 1195 123 1042
4 698 123 130 1195
4 698 123 1004 130
4 130 1042 123 1004
4 699 123 1001 172
4 699 123 172 698
4 698 172 1004 123
4 1004 172 1001 123
4 977 982 125 124
4 124 125 977 897
4 901 124 125 982
4 124 125 897 901
4 982 1042 131 124
4 1004 131 1042 124
4 901 124 982 131
4 1004 124 901 131
4 124 1001 1004 173
4 124 173 897 1001
4 124 173 901 897
4 1004 124 173 901
4 978 126 125 983
4 126 125 898 978
4 983 902 126 125
4 126 125 902 898
4 132 125 983 982
4 901 982 125 132
4 983 125 132 902
4 902 901 125 132
4 901 125 897 174
4 898 897 125 174
4 898 125 902 174
4 902 174 125 901
4 133 126 1109 983
4 133 902 126 983
4 133 1048 126 902
4 1048 126 1109 133
4 126 902 175 898
4 126 1047 898 175
4 126 902 1048 175
4 126 175 1048 1047
4 128 979 985 127
4 128 127 899 979
4 985 127 903 128
4 128 127 903 899
4 985 127 1109 134
4 1048 1109 127 134
4 985 903 127 134
4 1048 127 903 134
4 1048 1047 176 127
4 1047 176 127 899
4 899 176 127 903
4 1048 176 903 127
4 980 128 986 129
4 128 900 129 980
4 904 129 986 128
4 128 904 129 900
4 135 985 128 986
4 135 985 903 128
4 904 128 986 135
4 135 903 904 128
4 128 903 177 899
4 128 177 900 899
4 128 900 177 904
4 128 904 177 903
4 508 136 129 986
4 904 129 136 986
4 508 129 136 1523
4 1523 129 136 904
4 129 900 178 1522
4 904 178 129 900
4 1453 1522 129 178
4 1453 178 129 1523
4 1523 129 904 178
4 698 1004 179 130
4 698 130 179 1591
4 130 1004 179 1117
4 1591 179 1117 130
4 132 1589 131 982
4 901 982 132 131
4 1049 901 132 131
4 132 139 1049 131
4 1117 131 1004 180
4 180 1004 901 131
4 180 901 1049 131
4 180 131 1049 1117
4 133 1110 132 983
4 133 983 132 902
4 133 902 132 1050
4 1050 1110 132 133
4 181 901 132 1049
4 181 901 902 132
4 181 902 1050 132
4 181 1050 1049 132
4 133 902 1050 182
4 133 182 1048 902
4 1134 1048 133 182
4 1134 1050 182 133
4 135 985 1111 134
4 135 903 985 134
4 135 1051 903 134
4 1051 134 135 1111
4 183 1048 134 1134
4 183 1048 903 134
4 183 903 1051 134
4 1051 183 134 1134
4 135 986 136 1112
4 904 986 136 135
4 1052 904 136 135
4 1112 136 135 1052
4 135 184 903 1051
4 135 903 184 904
4 1052 904 135 184
4 1052 1051 184 135
4 1523 904 136 1052
4 1498 1309 1210 1523
4 1523 1052 136 1592
4 718 137 1524 1793
4 137 1524 1793 1043
4 1524 138 1043 137
4 1524 788 1708 1591
4 1524 1591 1117 137
4 1524 1117 138 137
4 89 1589 138 139
4 131 1589 139 138
4 905 139 988 138
4 905 138 1049 139
4 145 1043 138 988
4 1043 138 1006 145
4 145 988 138 905
4 145 138 1006 905
4 1117 187 1006 138
4 1049 138 187 1117
4 905 138 187 1049
4 905 187 138 1006
4 140 139 1110 989
4 1050 139 1110 140
4 140 139 989 907
4 1050 907 139 140
4 989 139 988 146
4 905 139 146 988
4 989 907 139 146
4 907 139 146 905
4 1050 139 188 1049
4 905 1049 188 139
4 1050 139 907 188
4 907 905 188 139
4 140 1114 147 989
4 140 989 147 907
4 140 907 147 1053
4 1053 140 1114 147
4 189 140 1050 1134
4 189 907 1050 140
4 189 1053 907 140
4 1053 1134 140 189
4 141 990 1111 142
4 1051 1111 142 141
4 908 142 990 141
4 1051 142 908 141
4 148 990 1114 141
4 1053 141 148 1114
4 148 141 908 990
4 1053 141 908 148
4 1051 141 190 1134
4 1053 1134 190 141
4 1051 190 141 908
4 1053 190 908 141
4 991 1112 142 143
4 143 1112 142 1052
4 991 909 143 142
4 143 909 1052 142
4 142 991 149 990
4 908 142 149 990
4 991 142 149 909
4 909 142 149 908
4 191 1051 1052 142
4 191 142 908 1051
4 1052 191 142 909
4 191 142 909 908
4 684 150 143 991
4 150 909 143 991
4 150 143 1398 684
4 150 192 143 909
4 143 1398 1454 150
4 143 1592 1052 192
4 143 192 1309 1592
4 143 909 192 1052
4 143 1454 192 150
4 700 151 144 1007
4 1007 151 144 1045
4 193 1006 144 1524
4 1524 144 193 700
4 700 144 193 1007
4 193 1007 144 1006
4 145 988 146 992
4 145 146 988 905
4 992 146 145 912
4 145 146 905 912
4 992 145 1045 152
4 1007 145 152 1045
4 992 152 912 145
4 912 152 1007 145
4 1006 1007 145 194
4 145 1006 194 905
4 145 905 194 912
4 912 145 1007 194
4 147 146 989 994
4 147 907 989 146
4 994 147 146 914
4 147 914 907 146
4 153 992 146 994
4 153 146 992 912
4 994 146 153 914
4 153 146 912 914
4 195 907 146 905
4 912 146 905 195
4 195 907 914 146
4 914 195 146 912
4 154 1115 994 147
4 154 147 994 914
4 154 147 914 1054
4 1115 1054 147 154
4 147 196 907 914
4 1053 907 147 196
4 1054 914 196 147
4 1054 147 196 1053
4 148 995 990 149
4 148 990 908 149
4 915 148 149 995
4 148 908 915 149
4 995 155 148 1115
4 148 1054 1115 155
4 915 148 995 155
4 915 155 1054 148
4 197 1053 148 1054
4 197 1053 908 148
4 197 908 915 148
4 197 148 915 1054
4 150 996 149 991
4 150 991 149 909
4 150 917 149 996
4 150 909 149 917
4 156 995 149 996
4 915 995 149 156
4 996 156 917 149
4 917 915 149 156
4 198 909 149 908
4 915 908 198 149
4 917 909 149 198
4 917 149 915 198
4 1566 157 150 996
4 1566 157 772 150
4 150 917 996 157
4 1399 157 150 772
4 150 1399 206 157
4 1399 157 772 1208
4 150 199 192 909
4 150 909 917 199
4 1399 206 1455 199
4 700 151 1007 200
4 1569 1007 151 200
4 652 200 151 700
4 683 992 152 153
4 153 152 912 992
4 1156 683 152 153
4 153 1156 202 912
4 1156 153 152 912
4 201 1569 1007 912
4 912 152 1569 1007
4 201 912 1156 1569
4 1530 1156 201 912
4 914 153 994 1525
4 1525 1567 153 994
4 1400 1567 153 1525
4 153 914 912 202
4 1525 202 914 153
4 153 1156 1400 202
4 154 914 1525 203
4 154 1054 914 203
4 1418 1400 1473 154
4 154 203 1593 1054
4 1661 154 1473 1593
4 915 995 156 155
4 1157 155 156 646
4 1526 915 156 155
4 1157 1526 156 155
4 155 204 1054 1593
4 915 155 204 1054
4 1661 155 1593 204
4 1661 155 204 1526
4 1526 155 204 915
4 157 629 156 1445
4 157 156 996 1445
4 157 156 917 996
4 157 629 1445 1617
4 157 156 629 205
4 205 915 917 156
4 205 915 156 1526
4 157 156 205 917
4 629 205 156 1526
4 157 629 206 205
4 1208 206 1399 157
4 1617 206 157 629
4 634 613 207 158
4 1337 207 722 158
4 1337 634 207 158
4 159 207 613 158
4 722 207 1056 158
4 696 160 159 997
4 159 160 696 703
4 160 1009 703 159
4 1009 997 159 160
4 1056 159 207 208
4 159 703 613 208
4 159 1009 703 208
4 1009 208 159 1056
4 161 1521 704 625
4 161 1521 998 160
4 161 704 1521 160
4 161 1011 704 160
4 161 998 1011 160
4 160 209 703 1009
4 160 704 703 209
4 160 1011 704 209
4 160 1009 1011 209
4 161 210 704 1011
4 704 210 161 732
4 161 210 1011 1118
4 732 210 161 1118
4 163 114 162 1178
4 163 1179 1178 162
4 163 162 1013 1179
4 163 1013 162 999
4 732 1118 162 211
4 1179 162 1013 211
4 211 1118 162 1013
4 732 1179 211 162
4 697 164 163 1000
4 697 163 164 1336
4 1336 1527 163 164
4 163 1014 164 1527
4 163 1000 164 1014
4 163 1179 1013 1527
4 163 1527 1336 1179
4 1013 212 1527 1179
4 1013 1527 212 1014
4 163 1013 1014 1527
4 1527 1014 164 213
4 1419 213 164 469
4 1419 213 1527 164
4 1014 1570 164 213
4 1407 213 164 1570
4 1407 164 213 469
4 699 172 1001 165
4 699 172 165 1283
4 1283 172 165 1528
4 1015 165 172 1528
4 1015 1001 172 165
4 722 214 165 1056
4 1015 1528 214 165
4 1015 165 214 1056
4 214 165 1528 722
4 1627 662 737 1528
4 167 1009 997 166
4 167 997 897 166
4 167 897 918 166
4 167 166 918 1009
4 173 1015 166 1001
4 897 1001 173 166
4 918 897 173 166
4 918 166 173 1015
4 1009 1056 166 215
4 1015 166 1056 215
4 1009 215 166 918
4 918 215 166 1015
4 167 168 998 1011
4 167 168 898 998
4 167 168 919 898
4 167 919 168 1011
4 167 174 897 898
4 167 897 174 918
4 167 174 898 919
4 167 174 919 918
4 167 216 1011 1009
4 167 1009 918 216
4 167 1011 216 919
4 167 918 919 216
4 898 168 175 1047
4 919 168 175 898
4 919 1058 175 168
4 1047 175 1058 168
4 1118 168 217 1011
4 1011 919 168 217
4 919 1058 168 217
4 168 217 1058 1118
4 169 999 1013 170
4 999 899 170 169
4 899 920 170 169
4 169 920 170 1013
4 1047 176 169 1058
4 1047 176 899 169
4 899 176 920 169
4 169 1058 176 920
4 169 1013 1118 218
4 169 1058 218 1118
4 169 1013 218 920
4 169 920 218 1058
4 1014 171 170 1000
4 900 171 1000 170
4 921 171 900 170
4 170 1014 921 171
4 899 900 170 177
4 899 177 170 920
4 177 900 170 921
4 920 170 921 177
4 1014 170 219 1013
4 1013 920 170 219
4 170 921 1014 219
4 920 921 170 219
4 178 171 900 921
4 1522 171 900 178
4 1658 171 178 677
4 171 1658 178 1522
4 677 178 921 171
4 1014 220 171 1570
4 1014 220 921 171
4 171 220 677 1570
4 1570 677 171 1407
4 677 171 921 220
4 698 172 179 1004
4 1699 1627 1181 172
4 179 698 1699 172
4 1016 179 172 1004
4 1015 1528 172 221
4 1627 221 1181 172
4 1016 1015 172 221
4 221 172 1627 1528
4 174 897 173 918
4 901 173 174 897
4 922 173 174 901
4 922 173 918 174
4 180 1004 1016 173
4 180 1004 173 901
4 180 901 173 922
4 180 1016 922 173
4 222 1016 1015 173
4 918 1015 173 222
4 922 918 173 222
4 222 922 1016 173
4 898 902 175 174
4 919 174 898 175
4 924 902 174 175
4 919 175 924 174
4 181 922 174 901
4 181 174 902 901
4 181 174 924 902
4 181 922 924 174
4 223 922 918 174
4 919 174 223 918
4 919 174 924 223
4 223 924 922 174
4 182 902 924 175
4 1048 902 182 175
4 182 175 924 1060
4 1060 182 175 1048
4 919 224 175 1058
4 919 175 224 924
4 924 175 224 1060
4 1058 224 175 1060
4 899 176 177 920
4 899 176 903 177
4 903 927 177 176
4 920 177 927 176
4 183 1060 176 1048
4 183 176 903 1048
4 183 176 927 903
4 183 1060 927 176
4 1058 225 1060 176
4 1058 225 176 920
4 920 225 176 927
4 176 1060 927 225
4 177 900 921 178
4 904 900 177 178
4 928 177 178 904
4 177 921 928 178
4 903 184 177 927
4 904 184 177 903
4 928 184 177 904
4 927 177 928 184
4 920 921 226 177
4 920 177 226 927
4 177 928 921 226
4 927 226 928 177
4 1498 178 1523 185
4 185 1523 904 178
4 185 928 178 904
4 1155 1498 185 178
4 1155 185 928 178
4 928 921 227 178
4 677 178 227 921
4 1155 178 227 677
4 228 1181 1016 179
4 1181 1016 179 172
4 228 179 503 1181
4 228 1016 1119 179
4 228 1119 503 179
4 180 901 922 181
4 180 901 181 1049
4 180 922 1061 181
4 180 1061 1049 181
4 180 1016 1119 229
4 180 229 922 1016
4 180 229 1061 922
4 180 1119 1061 229
4 181 924 182 902
4 181 902 182 1050
4 181 924 1062 182
4 1062 182 1050 181
4 181 922 230 924
4 1061 922 230 181
4 181 230 1062 924
4 1061 230 1062 181
4 182 1060 924 231
4 1062 924 231 182
4 182 1060 231 1135
4 1062 231 1135 182
4 183 927 184 903
4 183 903 184 1051
4 183 184 927 1064
4 1064 184 1051 183
4 183 1060 1135 232
4 183 232 927 1060
4 183 232 1064 927
4 183 1135 1064 232
4 185 904 1052 184
4 185 184 928 904
4 185 184 1065 928
4 185 1052 1065 184
4 927 928 233 184
4 1064 184 927 233
4 1065 233 928 184
4 1064 1065 184 233
4 185 1065 234 928
4 185 1065 1197 234
4 193 1524 596 186
4 193 1524 186 1006
4 193 596 1529 186
4 193 1017 186 1529
4 193 1006 186 1017
4 186 235 503 818
4 186 1529 235 818
4 186 1119 503 235
4 186 1529 1017 235
4 186 235 1017 1119
4 1061 1049 188 187
4 905 1049 187 188
4 929 905 187 188
4 929 187 1061 188
4 1017 187 194 1006
4 905 187 1006 194
4 929 187 905 194
4 929 187 194 1017
4 1119 1017 187 236
4 1119 236 187 1061
4 929 187 236 1061
4 929 1017 236 187
4 189 1050 188 1062
4 189 1050 907 188
4 189 907 930 188
4 930 188 1062 189
4 195 905 188 907
4 195 905 929 188
4 195 930 907 188
4 195 188 929 930
4 1061 237 188 1062
4 929 1061 237 188
4 930 237 1062 188
4 930 929 237 188
4 189 196 907 1053
4 189 907 196 930
4 1066 196 930 189
4 1066 196 189 1053
4 189 238 1135 1062
4 930 1062 238 189
4 1066 930 238 189
4 189 1066 1135 238
4 191 1064 1051 190
4 191 190 1051 908
4 191 190 908 932
4 191 1064 190 932
4 197 190 1053 1066
4 197 190 908 1053
4 197 190 932 908
4 197 190 1066 932
4 190 239 1064 1135
4 1135 239 1066 190
4 932 239 1064 190
4 932 1066 239 190
4 192 1052 191 1065
4 192 191 1052 909
4 192 191 909 933
4 192 1065 191 933
4 191 932 908 198
4 191 909 198 908
4 933 198 191 909
4 191 933 932 198
4 191 240 1065 1064
4 191 240 1064 932
4 933 1065 191 240
4 191 240 932 933
4 1454 199 192 150
4 192 933 909 199
4 1454 192 199 678
4 678 933 192 199
4 192 241 1065 933
4 241 192 1197 678
4 678 241 192 933
4 700 1007 193 200
4 193 200 1284 700
4 1284 193 1184 200
4 200 1018 193 1184
4 1018 193 1007 200
4 193 1017 1529 242
4 193 242 1018 1017
4 596 1529 242 193
4 195 929 905 194
4 912 905 194 195
4 934 194 195 912
4 195 929 194 934
4 201 1007 1018 194
4 912 1007 201 194
4 934 912 201 194
4 934 194 201 1018
4 1018 243 194 1017
4 929 1017 194 243
4 934 929 194 243
4 934 243 194 1018
4 195 196 907 930
4 195 907 196 914
4 935 196 914 195
4 935 196 195 930
4 202 934 195 912
4 202 195 914 912
4 935 195 914 202
4 202 195 934 935
4 195 929 934 244
4 195 930 929 244
4 935 244 930 195
4 935 934 244 195
4 203 914 196 1054
4 203 196 914 935
4 203 196 935 1067
4 1067 196 1054 203
4 245 196 935 930
4 245 196 930 1066
4 245 1067 935 196
4 245 196 1066 1067
4 197 932 198 908
4 197 908 198 915
4 197 915 198 936
4 197 936 198 932
4 197 1067 1054 204
4 197 1054 915 204
4 197 915 936 204
4 197 936 1067 204
4 197 246 1066 1067
4 197 1066 246 932
4 197 932 246 936
4 197 936 246 1067
4 199 909 917 198
4 199 198 933 909
4 199 198 917 938
4 938 933 199 198
4 936 915 198 205
4 205 917 915 198
4 938 198 917 205
4 936 938 205 198
4 933 247 932 198
4 936 247 198 932
4 938 198 247 933
4 936 247 938 198
4 150 206 1399 199
4 199 938 917 206
4 157 917 206 150
4 206 199 680 1455
4 199 680 938 206
4 680 199 938 248
4 248 933 199 938
4 678 248 933 199
4 1282 1571 1318 685
4 1530 912 201 934
4 202 1530 912 1156
4 1156 202 1456 1400
4 202 912 1530 934
4 1456 202 1156 1530
4 201 1018 1571 250
4 685 201 1571 250
4 934 1018 201 250
4 1401 201 685 250
4 1530 934 201 250
4 250 1530 1401 201
4 203 202 914 1525
4 203 935 914 202
4 202 1400 203 679
4 1400 1525 202 203
4 679 202 935 203
4 202 1530 251 934
4 202 935 934 251
4 1456 202 1530 251
4 251 202 679 1456
4 679 202 251 935
4 203 1067 935 252
4 679 935 252 203
4 936 915 205 204
4 205 1526 204 915
4 204 205 1271 1526
4 204 205 1531 1271
4 936 1531 204 205
4 204 253 1067 720
4 720 253 1067 252
4 1067 936 253 204
4 253 204 1531 720
4 936 1531 253 204
4 1271 1531 204 720
4 206 938 917 205
4 206 157 205 917
4 1272 205 206 629
4 936 254 1531 205
4 936 254 205 938
4 515 205 1531 254
4 680 255 938 206
4 680 255 206 513
4 680 248 938 255
4 515 206 938 255
4 1009 209 703 208
4 703 208 209 734
4 1120 209 1009 208
4 734 208 209 1120
4 209 1712 1011 704
4 1011 210 704 1712
4 1011 210 1712 1121
4 1712 209 1011 1121
4 212 1179 1013 211
4 211 735 212 1179
4 212 1013 1122 211
4 212 1122 735 211
4 1527 213 212 1014
4 1527 213 1419 212
4 1014 213 212 1123
4 735 1383 1594 1419
4 212 1123 213 1594
4 1419 212 213 1594
4 1015 221 214 1528
4 1627 1528 737 221
4 1528 221 214 737
4 1124 221 214 1015
4 737 221 214 1124
4 216 1120 1009 215
4 216 215 1009 918
4 216 215 918 1069
4 216 1120 215 1069
4 222 1015 1124 215
4 918 215 1015 222
4 1069 215 918 222
4 222 1069 215 1124
4 1011 1121 216 217
4 1011 217 216 919
4 919 217 216 1070
4 216 1121 1070 217
4 216 1069 918 223
4 919 918 223 216
4 919 223 1070 216
4 216 1070 1069 223
4 919 224 1058 217
4 919 217 1070 224
4 1058 224 1138 217
4 1070 1138 224 217
4 1122 218 1013 219
4 1013 219 218 920
4 920 219 218 1071
4 1122 1071 218 219
4 1058 1138 225 218
4 1058 920 218 225
4 920 1071 218 225
4 225 1071 218 1138
4 1014 220 1123 219
4 1014 921 220 219
4 921 1072 220 219
4 220 219 1072 1123
4 920 226 921 219
4 920 219 1071 226
4 921 226 1072 219
4 226 1071 1072 219
4 921 227 220 1072
4 677 921 227 220
4 1412 677 227 220
4 1412 227 1072 220
4 228 221 1016 1181
4 221 1016 1181 172
4 1181 228 221 442
4 228 221 1125 1016
4 442 228 221 1125
4 223 918 922 222
4 223 1069 918 222
4 223 922 1073 222
4 223 1069 222 1073
4 222 229 1125 1016
4 222 922 229 1016
4 222 1073 229 922
4 222 1125 229 1073
4 919 223 224 1070
4 919 924 224 223
4 223 224 1074 924
4 1070 224 1074 223
4 223 922 230 1073
4 223 230 922 924
4 223 1074 230 924
4 223 230 1074 1073
4 1074 224 231 924
4 924 1060 224 231
4 1140 1060 231 224
4 1074 231 224 1140
4 920 225 927 226
4 920 226 1071 225
4 927 1075 226 225
4 225 1071 1075 226
4 225 1140 1060 232
4 1060 232 927 225
4 927 232 1075 225
4 225 232 1075 1140
4 928 227 921 226
4 921 226 227 1072
4 1076 227 928 226
4 227 226 1076 1072
4 927 226 233 928
4 927 233 226 1075
4 1076 233 226 928
4 1075 1076 233 226
4 234 227 928 1076
4 1413 234 227 1155
4 234 1595 227 1076
4 234 1595 1413 227
4 1073 230 229 922
4 1061 229 230 922
4 1061 229 1141 230
4 1073 229 230 1141
4 1074 231 230 924
4 1062 230 231 924
4 1062 1142 231 230
4 1074 1142 230 231
4 927 232 233 1075
4 1064 232 233 927
4 1064 233 232 1143
4 1075 233 1143 232
4 234 233 1076 928
4 234 233 928 1065
4 234 1144 233 1065
4 234 1076 233 1144
4 1529 242 1017 235
4 738 235 242 1529
4 1017 242 1126 235
4 242 738 1126 235
4 1061 236 237 1141
4 929 1061 236 237
4 1077 929 236 237
4 1077 236 1141 237
4 1017 1126 243 236
4 929 243 236 1017
4 1077 243 236 929
4 1077 243 1126 236
4 1062 237 238 1142
4 930 237 238 1062
4 1078 237 238 930
4 1078 238 237 1142
4 244 929 237 930
4 244 929 1077 237
4 1078 930 244 237
4 244 237 1077 1078
4 245 1078 238 930
4 245 930 238 1066
4 245 238 1145 1066
4 245 1078 1145 238
4 1064 239 240 1143
4 932 239 240 1064
4 1080 239 240 932
4 1143 239 240 1080
4 1066 246 239 1145
4 932 246 239 1066
4 1080 246 239 932
4 1145 246 239 1080
4 1065 240 241 1144
4 933 241 1065 240
4 1081 241 933 240
4 1144 240 241 1081
4 933 240 932 247
4 247 1080 240 932
4 1081 247 240 933
4 247 240 1080 1081
4 1713 241 933 1081
4 678 241 933 1713
4 933 248 678 1713
4 248 1081 1713 933
4 1184 242 249 1018
4 249 1184 740 242
4 1018 242 249 1127
4 249 740 1127 242
4 244 929 934 243
4 244 243 1077 929
4 1082 934 243 244
4 244 243 1082 1077
4 1018 243 1127 250
4 934 243 1018 250
4 1082 243 934 250
4 250 1127 1082 243
4 245 244 930 935
4 245 930 244 1078
4 245 1084 244 935
4 245 1084 1078 244
4 251 934 244 935
4 251 934 1082 244
4 251 244 1084 935
4 251 1082 1084 244
4 245 252 1084 935
4 245 252 935 1067
4 245 252 1067 1146
4 245 252 1146 1084
4 247 246 1080 932
4 936 932 246 247
4 936 1085 247 246
4 247 246 1085 1080
4 1146 253 1067 246
4 1067 936 246 253
4 936 1085 246 253
4 246 253 1085 1146
4 248 938 247 933
4 248 247 1081 933
4 248 247 938 1086
4 248 1086 1081 247
4 936 247 254 938
4 936 254 247 1085
4 938 254 1086 247
4 247 254 1086 1085
4 251 1082 934 250
4 251 934 1530 250
4 250 251 1170 1530
4 251 1596 1082 250
4 1170 251 250 1596
4 251 1084 252 935
4 679 935 251 252
4 1414 679 251 252
4 251 1597 252 1084
4 1414 252 251 1597
4 936 1598 1085 253
4 936 1598 253 1531
4 1531 254 936 1598
4 1457 1598 1531 253
4 1085 1598 936 254
4 938 254 255 1086
4 1086 254 255 1599
4 1623 1599 255 254
4 1614 256 1572 305
4 556 1573 256 305
4 305 1572 1087 256
4 305 1573 256 1087
4 734 257 1120 258
4 1185 258 1019 257
4 257 258 1019 1120
4 257 734 1185 258
4 1572 257 306 1087
4 1285 257 1185 306
4 546 1285 306 1572
4 1572 306 257 1285
4 1185 1019 306 257
4 1087 306 1019 257
4 1712 1121 259 258
4 259 1532 258 1020
4 259 1121 1020 258
4 258 259 411 1628
4 1628 258 259 1532
4 307 258 1019 1185
4 1185 307 258 1532
4 1020 1532 258 307
4 307 258 1020 1019
4 259 308 1532 1020
4 259 443 1532 308
4 1338 1532 443 308
4 259 308 1020 1128
4 259 308 1128 443
4 735 260 1122 261
4 735 707 260 261
4 707 1021 260 261
4 260 1021 1122 261
4 260 1128 309 443
4 309 1339 260 443
4 260 707 1339 309
4 260 1021 707 309
4 260 1128 1021 309
4 1594 262 1383 261
4 1594 262 261 1123
4 261 1383 1533 262
4 261 1533 1022 262
4 261 1022 1123 262
4 707 310 1021 261
4 310 1383 261 707
4 261 1533 1383 310
4 261 1022 1533 310
4 1021 310 1022 261
4 262 600 311 467
4 1022 467 1311 262
4 262 1022 467 311
4 1533 311 1022 262
4 737 263 270 1124
4 737 263 1534 270
4 263 270 1023 1534
4 263 1124 1023 270
4 1534 1023 263 1087
4 1203 263 1573 1534
4 263 1534 1087 1573
4 1120 265 1019 264
4 1120 265 264 1069
4 264 1069 265 939
4 264 1019 939 265
4 1124 271 264 1023
4 1124 264 271 1069
4 271 1069 264 939
4 1023 939 271 264
4 313 264 1087 1019
4 1087 264 313 1023
4 313 1019 939 264
4 1023 264 313 939
4 1020 266 265 1121
4 1121 1070 266 265
4 265 1070 266 940
4 1020 266 940 265
4 1070 265 1069 272
4 1069 272 265 939
4 265 940 272 1070
4 939 272 265 940
4 1019 1020 314 265
4 1019 314 939 265
4 1020 940 314 265
4 939 314 940 265
4 1070 266 273 1138
4 1070 273 266 940
4 940 273 266 1088
4 1138 266 273 1088
4 1128 266 315 1020
4 315 266 940 1020
4 315 266 1088 940
4 1088 266 315 1128
4 1122 268 1021 267
4 267 1071 1122 268
4 267 1071 268 941
4 267 1021 941 268
4 267 1138 1071 274
4 267 1088 1138 274
4 267 941 274 1071
4 267 941 1088 274
4 1128 1021 316 267
4 267 316 1128 1088
4 267 941 1021 316
4 267 316 1088 941
4 1123 269 1022 268
4 269 268 1123 1072
4 269 1072 942 268
4 1022 942 268 269
4 268 275 1071 1072
4 1071 275 268 941
4 942 275 268 1072
4 941 275 268 942
4 1021 317 268 1022
4 1021 317 941 268
4 1022 268 942 317
4 941 317 942 268
4 1158 1412 276 269
4 269 276 942 1072
4 1158 1795 269 276
4 1022 318 269 1311
4 318 942 1022 269
4 708 270 1024 277
4 277 1125 270 1024
4 1534 270 1023 319
4 270 430 708 319
4 319 1534 270 430
4 270 708 1024 319
4 1023 270 1024 319
4 1073 272 1069 271
4 271 272 1069 939
4 271 272 943 1073
4 271 272 939 943
4 1024 278 1125 271
4 1125 1073 271 278
4 271 278 1073 943
4 1024 943 278 271
4 1023 271 320 1024
4 320 939 271 1023
4 320 943 271 939
4 1024 271 320 943
4 1070 273 272 1074
4 1070 940 272 273
4 272 944 1074 273
4 940 944 272 273
4 1074 279 272 1073
4 1073 272 943 279
4 272 1074 944 279
4 943 272 944 279
4 939 272 940 321
4 943 272 939 321
4 940 944 321 272
4 943 272 321 944
4 1074 273 280 1140
4 1074 944 280 273
4 944 1089 280 273
4 1140 1089 273 280
4 940 322 944 273
4 940 273 1088 322
4 944 1089 273 322
4 1089 273 322 1088
4 1075 275 1071 274
4 1071 941 274 275
4 274 275 945 1075
4 941 945 274 275
4 1140 1075 274 281
4 281 1140 1089 274
4 281 1075 274 945
4 281 1089 945 274
4 274 1088 1089 323
4 1088 941 323 274
4 941 945 323 274
4 274 1089 945 323
4 276 1072 1076 275
4 942 275 1072 276
4 276 946 275 1076
4 946 275 942 276
4 1075 275 282 1076
4 1075 275 945 282
4 1076 275 282 946
4 945 275 946 282
4 941 275 942 324
4 941 324 945 275
4 946 324 942 275
4 945 275 324 946
4 1595 283 276 1076
4 276 946 1076 283
4 1159 276 1595 283
4 276 1595 1467 1159
4 276 1535 946 283
4 1159 1535 276 283
4 1795 946 942 276
4 269 1795 942 276
4 1795 1535 946 276
4 1467 1795 1158 276
4 708 1024 326 277
4 277 1024 326 1129
4 277 1600 1129 326
4 526 277 326 1600
4 277 326 708 526
4 1073 278 1141 279
4 1073 278 279 943
4 943 278 279 1090
4 1090 278 279 1141
4 1129 278 1024 327
4 327 943 278 1024
4 327 1090 278 943
4 327 1090 1129 278
4 1074 280 279 1142
4 1074 280 944 279
4 944 280 1091 279
4 1091 280 1142 279
4 943 944 328 279
4 943 1090 279 328
4 328 279 944 1091
4 328 279 1091 1090
4 944 329 280 1089
4 944 280 329 1091
4 1089 280 1147 329
4 1147 280 1091 329
4 1075 1143 282 281
4 281 282 1075 945
4 281 282 945 1092
4 281 1092 1143 282
4 281 330 1089 1147
4 281 330 945 1089
4 281 330 1092 945
4 281 1147 1092 330
4 283 1144 282 1076
4 283 1076 282 946
4 283 946 282 1094
4 283 1144 1094 282
4 945 946 331 282
4 1092 282 945 331
4 282 331 1094 946
4 1092 331 1094 282
4 283 946 1094 1535
4 1126 738 291 284
4 291 284 738 709
4 284 1025 709 291
4 1025 284 1126 291
4 1600 284 333 485
4 1600 284 1129 333
4 709 333 284 485
4 709 284 333 1025
4 1025 284 333 1129
4 1077 286 1141 285
4 1090 286 285 1141
4 947 286 1077 285
4 947 285 1090 286
4 1025 292 1126 285
4 1077 292 285 1126
4 947 292 285 1077
4 947 285 292 1025
4 1025 285 1129 334
4 334 1129 1090 285
4 947 1090 285 334
4 947 334 285 1025
4 1078 286 287 1142
4 1091 286 1142 287
4 1078 948 287 286
4 1091 287 948 286
4 293 1077 286 1078
4 947 286 293 1077
4 1078 286 293 948
4 948 286 293 947
4 335 1090 1091 286
4 947 1090 335 286
4 1091 286 948 335
4 948 947 335 286
4 294 1145 1078 287
4 294 948 287 1078
4 294 1095 287 948
4 294 287 1095 1145
4 336 1147 287 1091
4 336 287 948 1091
4 336 287 1095 948
4 336 1095 287 1147
4 289 1143 1080 288
4 1143 288 289 1092
4 949 1080 288 289
4 949 289 288 1092
4 295 288 1080 1145
4 295 288 1145 1095
4 295 1080 288 949
4 295 949 288 1095
4 1147 288 1092 337
4 337 1147 288 1095
4 337 1092 949 288
4 337 288 949 1095
4 289 1081 1144 290
4 1144 290 1094 289
4 289 950 1081 290
4 289 1094 950 290
4 289 1080 1081 296
4 949 296 1080 289
4 289 1081 950 296
4 950 296 949 289
4 1092 338 289 1094
4 949 289 1092 338
4 338 1094 950 289
4 950 289 949 338
4 1713 297 290 1081
4 525 297 290 1435
4 1081 950 297 290
4 525 290 297 339
4 1480 290 486 1094
4 1094 339 950 290
4 486 525 290 1480
4 290 950 297 339
4 1127 740 298 291
4 1026 298 1536 291
4 1127 291 298 1026
4 1629 298 291 1536
4 298 291 740 1629
4 1025 340 709 291
4 291 340 709 1286
4 340 1536 1286 291
4 1026 291 1536 340
4 1026 291 340 1025
4 293 1082 292 1077
4 947 292 1077 293
4 293 951 292 1082
4 951 292 947 293
4 299 292 1127 1026
4 1127 1082 292 299
4 299 292 951 1082
4 299 951 292 1026
4 341 1025 292 1026
4 947 1025 292 341
4 951 947 292 341
4 341 292 951 1026
4 1084 293 294 1078
4 294 1078 293 948
4 294 1084 952 293
4 294 948 293 952
4 1084 1082 300 293
4 293 951 1082 300
4 293 1084 952 300
4 293 952 951 300
4 342 951 947 293
4 342 948 293 947
4 342 948 952 293
4 342 951 293 952
4 1146 294 1084 301
4 294 301 952 1084
4 294 301 1096 952
4 294 1096 301 1146
4 294 343 1095 948
4 294 948 952 343
4 294 343 952 1096
4 294 343 1096 1095
4 295 1085 1080 296
4 295 296 1080 949
4 295 1085 296 953
4 295 296 949 953
4 295 302 1146 1085
4 1146 302 295 1096
4 295 953 302 1085
4 295 1096 302 953
4 1096 1095 344 295
4 295 949 1095 344
4 295 953 949 344
4 295 1096 953 344
4 1086 297 1081 296
4 1081 297 950 296
4 296 1086 297 954
4 950 297 954 296
4 1086 1085 303 296
4 1085 303 296 953
4 296 1086 954 303
4 953 303 296 954
4 953 296 949 345
4 345 296 949 950
4 345 954 296 950
4 953 296 345 954
4 1086 304 733 297
4 1086 304 297 954
4 297 304 733 516
4 516 954 297 304
4 950 297 346 954
4 525 339 297 346
4 1026 298 1574 1536
4 1187 298 1536 1574
4 1174 1574 298 753
4 1596 299 300 1082
4 299 1082 951 300
4 1596 300 299 475
4 1274 475 1596 299
4 299 951 1542 475
4 299 1026 1574 348
4 299 951 1026 348
4 299 1542 951 348
4 1597 300 301 1084
4 1084 301 952 300
4 768 952 301 300
4 1664 301 1597 300
4 1542 951 349 475
4 952 349 951 300
4 951 349 475 300
4 475 349 768 300
4 300 349 768 952
4 952 1796 768 301
4 1096 301 1796 952
4 1085 953 302 1537
4 838 1386 1598 1537
4 1085 1537 302 1598
4 1086 303 1599 304
4 1086 304 954 303
4 1696 304 1599 303
4 1696 303 1599 1623
4 954 304 1538 303
4 953 303 954 352
4 953 352 1537 303
4 1160 352 303 1537
4 954 303 1538 352
4 352 1538 1160 303
4 954 304 353 1538
4 516 353 954 304
4 304 516 353 1727
4 1674 353 304 1538
4 305 810 354 877
4 1575 354 877 305
4 1575 354 305 1097
4 1199 305 354 1097
4 810 305 354 1199
4 307 1019 306 1185
4 1730 307 306 1185
4 356 1027 306 307
4 307 1027 306 1019
4 355 306 1097 1575
4 356 306 1027 355
4 355 306 1027 1097
4 1020 308 1532 307
4 308 307 1338 1532
4 1338 1029 307 308
4 1029 308 1020 307
4 1730 356 306 307
4 356 1340 307 1730
4 1340 356 307 1338
4 1338 307 1029 356
4 356 1029 1027 307
4 1426 308 357 1338
4 357 1029 1338 308
4 357 1130 1029 308
4 1426 357 308 1130
4 707 309 310 474
4 1021 310 707 309
4 309 1539 310 474
4 309 1539 1030 310
4 1021 1030 310 309
4 309 1426 358 474
4 1426 474 42 539
4 309 1539 474 358
4 309 358 1030 1539
4 309 1030 358 1130
4 1533 1022 311 310
4 1752 311 310 1533
4 359 310 311 1031
4 1022 1031 311 310
4 1539 359 1030 310
4 1341 310 359 1539
4 1341 359 310 1752
4 1752 359 310 311
4 1030 359 1031 310
4 359 1031 311 360
4 1684 360 311 783
4 1031 783 311 360
4 1534 312 319 1023
4 1534 319 312 710
4 710 319 312 1032
4 1023 312 319 1032
4 1097 361 1199 312
4 1199 312 361 710
4 710 312 361 1032
4 312 1097 361 1032
4 313 1027 314 1019
4 313 314 939 1019
4 313 314 955 939
4 313 955 314 1027
4 1023 1032 320 313
4 320 1023 313 939
4 320 939 313 955
4 320 313 1032 955
4 313 1027 1097 362
4 1097 313 362 1032
4 313 1027 362 955
4 1032 362 955 313
4 315 1020 314 1029
4 315 940 314 1020
4 315 956 314 940
4 315 1029 314 956
4 955 314 321 939
4 939 314 321 940
4 940 321 956 314
4 955 956 321 314
4 1029 363 1027 314
4 1027 955 314 363
4 314 956 1029 363
4 955 956 314 363
4 315 322 956 940
4 315 1088 322 940
4 315 322 1098 956
4 1098 322 315 1088
4 315 364 1130 1029
4 315 364 1029 956
4 315 364 956 1098
4 315 1130 364 1098
4 1021 316 317 1030
4 1021 941 317 316
4 941 957 317 316
4 316 317 1030 957
4 323 1088 1098 316
4 1088 316 323 941
4 941 316 323 957
4 323 1098 957 316
4 1130 365 316 1030
4 316 1098 365 1130
4 316 365 957 1030
4 316 1098 957 365
4 1022 317 318 1031
4 318 1022 942 317
4 318 942 958 317
4 318 317 958 1031
4 941 324 317 957
4 941 317 324 942
4 958 324 317 942
4 957 317 958 324
4 1030 317 1031 366
4 1030 317 366 957
4 366 958 317 1031
4 957 317 366 958
4 318 942 325 958
4 325 318 1540 1275
4 318 1540 958 325
4 1031 318 783 367
4 783 367 318 1161
4 318 1031 958 367
4 318 958 1540 367
4 318 1540 1161 367
4 708 326 319 615
4 1024 708 326 319
4 326 319 615 1033
4 1033 319 1024 326
4 710 319 1032 1769
4 1032 1033 1769 319
4 320 939 955 321
4 320 321 943 939
4 320 959 943 321
4 320 959 321 955
4 327 1024 1033 320
4 327 1024 320 943
4 327 943 320 959
4 327 1033 959 320
4 320 369 1032 1033
4 320 1032 369 955
4 320 955 369 959
4 320 1033 959 369
4 940 321 322 956
4 940 322 321 944
4 944 322 321 962
4 956 322 962 321
4 943 944 321 328
4 959 328 943 321
4 328 321 962 944
4 959 962 328 321
4 959 370 321 955
4 955 370 321 956
4 956 370 321 962
4 959 370 962 321
4 944 329 1089 322
4 944 322 962 329
4 1099 322 329 962
4 1089 322 329 1099
4 1098 322 371 956
4 956 322 371 962
4 371 962 322 1099
4 1098 322 1099 371
4 941 324 323 945
4 941 957 323 324
4 945 964 324 323
4 323 324 957 964
4 323 330 1099 1089
4 1089 330 945 323
4 945 330 964 323
4 323 330 964 1099
4 323 1099 372 1098
4 323 372 957 1098
4 323 372 964 957
4 323 372 1099 964
4 325 324 958 942
4 325 324 942 946
4 325 946 965 324
4 325 965 958 324
4 945 946 324 331
4 945 331 324 964
4 324 331 946 965
4 964 965 331 324
4 957 958 373 324
4 964 324 957 373
4 324 965 958 373
4 964 965 324 373
4 325 332 946 1535
4 325 946 332 965
4 1276 332 325 1535
4 325 487 965 332
4 325 374 958 965
4 1540 374 958 325
4 374 325 1444 487
4 1444 1540 325 374
4 325 487 374 965
4 326 1033 615 375
4 326 615 1396 375
4 1131 375 1033 326
4 326 1396 615 526
4 1131 1396 375 326
4 327 328 1090 943
4 327 943 959 328
4 327 1100 328 959
4 327 1090 328 1100
4 327 1033 1131 376
4 327 376 959 1033
4 327 376 1100 959
4 327 1100 376 1131
4 328 962 329 944
4 328 1091 944 329
4 328 962 1102 329
4 328 329 1102 1091
4 1100 377 328 959
4 959 377 328 962
4 328 962 377 1102
4 1100 377 1102 328
4 378 1099 329 962
4 1102 962 378 329
4 1148 1099 329 378
4 1102 1148 329 378
4 945 330 331 964
4 1092 330 331 945
4 964 330 331 1103
4 1092 1103 331 330
4 379 1148 1099 330
4 1099 330 964 379
4 964 330 1103 379
4 1103 330 1148 379
4 965 331 946 332
4 1094 331 332 946
4 965 331 332 1104
4 1094 332 331 1104
4 964 1103 331 380
4 964 380 331 965
4 965 380 331 1104
4 380 1103 331 1104
4 487 1601 965 332
4 965 1104 332 1601
4 1601 487 965 381
4 381 965 1601 1104
4 486 487 332 1601
4 340 1344 333 709
4 709 1025 333 340
4 1034 340 1344 333
4 1034 340 333 1025
4 333 382 1396 1344
4 1131 333 382 1396
4 1034 382 333 1344
4 1034 333 382 1131
4 1100 335 334 1090
4 947 335 1090 334
4 967 335 947 334
4 967 1100 335 334
4 341 1025 1034 334
4 947 334 1025 341
4 967 334 947 341
4 1034 341 334 967
4 1034 334 1131 383
4 1131 334 1100 383
4 967 334 383 1100
4 1034 334 383 967
4 1102 335 1091 336
4 336 1091 948 335
4 336 948 968 335
4 968 335 1102 336
4 342 947 335 948
4 342 335 947 967
4 342 968 948 335
4 968 967 335 342
4 1100 335 1102 384
4 967 384 335 1100
4 968 335 384 1102
4 968 384 335 967
4 336 1095 343 948
4 336 948 343 968
4 1105 968 336 343
4 336 1095 1105 343
4 1102 1148 385 336
4 968 1102 385 336
4 1105 968 385 336
4 336 1148 385 1105
4 1092 337 338 1103
4 337 338 949 1092
4 337 338 969 949
4 1103 337 338 969
4 1105 344 1095 337
4 337 1095 949 344
4 337 949 969 344
4 969 337 344 1105
4 1103 386 1148 337
4 1148 1105 337 386
4 1103 969 386 337
4 386 1105 337 969
4 1094 339 1104 338
4 338 339 950 1094
4 338 339 970 950
4 338 970 339 1104
4 969 338 345 949
4 345 950 949 338
4 345 950 338 970
4 970 345 969 338
4 387 338 1103 1104
4 387 1103 338 969
4 387 970 338 1104
4 387 969 338 970
4 970 339 346 950
4 950 346 297 339
4 681 339 346 970
4 346 525 339 681
4 1104 1601 388 339
4 1104 970 339 388
4 339 431 1468 1601
4 1468 431 339 681
4 681 339 970 388
4 1026 1536 347 340
4 340 347 1187 1536
4 347 711 340 1187
4 711 347 340 1035
4 1035 1026 347 340
4 1034 340 389 1344
4 1344 340 389 711
4 711 340 389 1035
4 1035 340 389 1034
4 342 947 951 341
4 342 967 947 341
4 342 971 341 951
4 971 341 967 342
4 341 1035 1026 348
4 341 1026 951 348
4 341 951 971 348
4 341 971 1035 348
4 390 1034 341 1035
4 390 341 1034 967
4 390 341 967 971
4 390 971 1035 341
4 342 343 948 968
4 342 948 343 952
4 342 972 952 343
4 972 968 343 342
4 342 349 971 951
4 342 951 952 349
4 342 972 349 952
4 342 972 971 349
4 391 971 967 342
4 391 967 968 342
4 391 342 968 972
4 391 971 342 972
4 972 350 952 343
4 1096 343 952 350
4 1106 343 350 972
4 1096 1106 343 350
4 392 968 1105 343
4 392 968 343 972
4 392 972 343 1106
4 392 343 1105 1106
4 953 345 949 344
4 969 949 345 344
4 953 974 345 344
4 974 344 969 345
4 1096 1106 351 344
4 1096 351 953 344
4 953 351 974 344
4 1106 351 344 974
4 1105 1106 344 393
4 969 1105 344 393
4 974 969 344 393
4 1106 393 974 344
4 345 346 954 950
4 345 950 970 346
4 345 346 975 954
4 345 346 970 975
4 953 352 345 974
4 953 954 345 352
4 345 975 352 954
4 975 345 352 974
4 394 974 969 345
4 394 345 969 970
4 394 970 975 345
4 394 345 975 974
4 975 346 353 954
4 954 353 516 346
4 346 353 516 682
4 975 346 1541 353
4 353 1541 682 346
4 975 346 970 395
4 681 970 346 395
4 975 395 1541 346
4 682 395 346 1541
4 711 347 1035 396
4 711 347 396 491
4 1408 396 347 491
4 1035 1576 396 347
4 1408 347 396 1576
4 971 951 1542 348
4 971 1542 951 349
4 348 1576 397 1035
4 1035 971 397 348
4 1666 1542 397 577
4 524 348 1666 1542
4 971 1542 397 348
4 972 350 349 952
4 1543 577 475 768
4 1543 350 349 972
4 972 1543 971 349
4 971 1543 1542 349
4 399 1106 350 972
4 399 350 1543 972
4 399 1298 1543 350
4 350 1602 399 1298
4 399 1106 1602 350
4 1298 1602 802 350
4 953 351 352 974
4 953 351 1537 352
4 1537 352 1402 1209
4 1402 352 1537 351
4 1544 351 974 352
4 1402 351 1544 352
4 1602 351 1106 1544
4 1544 351 1106 974
4 1402 351 1602 1544
4 954 1538 1545 352
4 975 1545 352 954
4 352 1545 1160 1538
4 401 975 352 974
4 401 1544 974 352
4 1167 1544 401 352
4 401 1545 352 975
4 1167 401 1545 352
4 975 1541 402 353
4 975 402 1545 353
4 682 402 353 660
4 353 402 682 1541
4 1281 402 660 353
4 1281 1545 402 353
4 1577 1665 356 540
4 1730 306 356 355
4 355 1352 356 1730
4 355 636 540 1352
4 356 1027 1577 355
4 540 1577 1409 355
4 1692 357 356 762
4 762 356 1338 357
4 357 1338 1029 356
4 357 1029 686 356
4 528 356 1692 540
4 356 1692 540 686
4 539 358 359 1410
4 1539 358 359 539
4 1539 358 1030 359
4 1410 359 539 834
4 1030 358 1578 359
4 1410 358 359 1578
4 1752 359 311 360
4 360 1752 359 1342
4 1031 360 359 1579
4 1469 1579 359 510
4 710 1032 361 1769
4 368 361 1411 1580
4 710 1754 361 1753
4 1753 361 755 1754
4 1032 1580 361 368
4 1577 1027 363 362
4 1027 363 362 955
4 785 362 1577 363
4 1458 369 1580 362
4 1458 369 362 785
4 1032 362 1580 369
4 369 362 955 1032
4 369 955 362 785
4 1029 364 686 363
4 1029 956 364 363
4 686 363 364 1546
4 956 1546 364 363
4 955 370 956 363
4 956 363 370 1546
4 956 371 364 1546
4 1098 364 956 371
4 1319 364 371 1546
4 1319 371 364 1603
4 1098 364 371 1603
4 1030 366 1578 365
4 1030 365 957 366
4 1459 365 1578 366
4 957 365 1547 366
4 1547 365 1603 547
4 1098 365 1603 1547
4 1547 1459 547 1392
4 1098 1547 957 365
4 373 1547 1392 366
4 957 1547 373 366
4 957 958 366 373
4 373 1548 958 366
4 374 958 1548 367
4 1277 374 367 1618
4 1540 374 1618 367
4 368 375 1769 1033
4 368 375 674 1769
4 375 368 1415 687
4 1415 368 375 674
4 368 1033 687 375
4 959 955 369 370
4 369 1549 1705 425
4 959 1549 370 369
4 687 376 1033 369
4 1033 376 959 369
4 687 376 369 1549
4 369 425 687 1549
4 959 376 1549 369
4 956 370 962 371
4 371 1546 370 576
4 956 1546 370 371
4 371 370 962 576
4 959 370 377 962
4 1549 377 1705 1289
4 959 377 370 1549
4 1289 1705 576 377
4 576 377 370 962
4 371 576 962 378
4 371 962 1099 378
4 371 1319 1693 723
4 723 371 1099 378
4 964 372 373 957
4 957 372 373 1547
4 1550 372 1392 373
4 373 1392 1547 372
4 964 373 372 1550
4 723 1550 1099 372
4 1550 379 723 1099
4 1099 372 1550 964
4 1392 1550 723 372
4 964 1099 379 1550
4 373 1551 958 1548
4 965 1551 958 373
4 964 373 1550 380
4 380 1550 758 373
4 964 380 965 373
4 965 380 1551 373
4 373 1551 758 380
4 1162 1551 380 758
4 965 1551 381 374
4 487 381 374 965
4 1424 374 487 381
4 1278 381 1551 374
4 1424 381 1278 374
4 1424 1278 381 505
4 1100 376 1549 959
4 959 1100 377 1549
4 1100 1289 1549 376
4 1289 377 1100 1549
4 376 1289 1549 1192
4 378 377 576 962
4 1102 962 377 378
4 724 1102 377 378
4 377 378 576 724
4 964 1550 379 380
4 964 1103 380 379
4 1416 380 379 1550
4 380 379 1103 1416
4 965 380 381 1551
4 965 380 1104 381
4 381 1104 1171 380
4 1034 382 1344 389
4 725 1034 389 382
4 1100 384 1289 383
4 967 1100 383 384
4 1460 967 383 384
4 1460 383 1289 384
4 383 390 725 1034
4 390 1034 383 967
4 383 390 1343 725
4 390 967 383 1460
4 1343 390 383 1460
4 724 385 384 1102
4 968 1102 384 385
4 1163 385 384 724
4 1552 968 384 385
4 384 1163 1552 385
4 391 384 968 967
4 391 967 1460 384
4 384 1460 1552 1163
4 391 968 384 1552
4 392 968 1552 1105
4 1105 968 1552 385
4 392 1552 1193 1105
4 1552 1280 392 1193
4 387 1103 386 1416
4 387 969 386 1103
4 1416 387 1461 386
4 387 1461 386 969
4 1403 1193 1235 705
4 386 393 1105 969
4 386 1403 969 1461
4 1403 386 1193 705
4 1171 1104 388 387
4 387 970 1104 388
4 1171 388 1461 387
4 388 1279 1171 1461
4 387 395 970 388
4 387 969 970 394
4 387 394 1461 969
4 387 970 395 394
4 1461 395 387 388
4 681 970 395 388
4 1694 1461 388 395
4 431 681 395 388
4 711 1035 389 396
4 853 389 396 711
4 1035 396 390 389
4 1630 389 396 853
4 396 389 1630 1200
4 390 971 967 391
4 390 967 1460 391
4 390 971 391 1164
4 390 1200 396 397
4 390 971 397 1035
4 390 1164 397 971
4 1164 390 397 1200
4 391 972 968 1552
4 972 968 1552 392
4 1280 392 972 1552
4 391 1280 972 1552
4 1164 971 391 398
4 391 971 972 398
4 391 398 972 1280
4 1280 1164 391 398
4 392 972 1106 399
4 1462 399 972 392
4 399 727 392 1462
4 1462 1280 392 972
4 727 1106 399 392
4 1461 1403 969 394
4 1553 969 974 393
4 1403 969 1553 393
4 394 969 974 1553
4 1403 394 1553 969
4 727 393 400 1106
4 400 393 974 1106
4 1403 393 400 727
4 400 393 1553 974
4 1403 1553 400 393
4 394 970 395 975
4 1461 387 395 394
4 394 1404 975 395
4 1461 395 1404 394
4 394 975 401 974
4 394 1553 974 401
4 1404 394 401 1553
4 394 975 1404 401
4 975 395 402 1541
4 1404 402 975 395
4 1320 395 682 402
4 658 1404 395 402
4 1164 398 397 971
4 971 398 397 1542
4 398 397 1165 1164
4 1164 1165 1200 397
4 1280 398 972 1659
4 1659 398 972 1543
4 400 1544 974 1553
4 1464 1553 1544 400
4 401 402 1545 975
4 1404 975 402 401
4 1281 401 402 1545
4 1466 1167 401 1281
4 1404 402 1465 401
4 1748 1797 1241 993
4 1225 700 993 1797
4 453 1272 736 1223
4 1787 1413 602 466
4 1467 1787 1413 602
4 471 1787 1467 602
4 704 1554 732 625
4 1554 507 732 500
4 500 507 732 502
4 620 1554 625 500
4 620 1554 704 625
4 620 625 1449 500
4 504 1561 697 860
4 504 861 697 1561
4 504 861 1336 697
4 1336 506 861 504
4 522 1605 735 519
4 707 522 735 519
4 1691 522 707 519
4 1432 1752 527 1383
4 527 522 707 1691
4 1383 527 1432 522
4 1752 1432 527 1083
4 1752 452 1083 527
4 1156 683 536 1786
4 1581 536 683 1786
4 536 595 1156 1786
4 554 1559 1327 777
4 1327 1315 778 554
4 554 778 1327 1559
4 596 1395 1184 738
4 738 1395 562 558
4 562 1233 738 558
4 566 1184 562 740
4 1771 578 711 575
4 1761 575 711 578
4 828 491 1718 578
4 828 1761 711 578
4 828 711 491 578
4 1222 1763 516 579
4 584 671 430 501
4 626 1660 677 593
4 593 585 1407 592
4 776 1326 1384 586
4 1330 1428 587 779
4 1621 1428 1330 779
4 1333 1374 1335 811
4 1335 1374 588 811
4 1332 1177 1791 804
4 976 590 540 973
4 1394 590 540 976
4 610 1730 518 1243
4 610 1730 1243 689
4 689 610 1730 1766
4 869 696 641 617
4 1557 696 617 641
4 869 641 1759 617
4 689 1766 1730 1340
4 1738 714 638 635
4 638 1738 635 572
4 638 714 1582 635
4 534 1293 638 640
4 1323 638 857 640
4 1323 534 638 640
4 662 1283 654 650
4 1226 654 1283 650
4 710 825 1779 676
4 825 676 710 1558
4 1403 717 1404 706
4 706 1235 1403 717
4 706 719 1404 1461
4 717 721 1404 719
4 1465 1404 717 721
4 717 731 1465 721
4 748 1231 1623 749
4 1652 748 1623 749
4 1652 1623 1696 749
4 440 751 1399 752
4 1399 751 1455 752
4 752 751 1455 1500
4 571 1261 789 1666
4 1261 1710 571 789
4 688 800 1287 796
4 796 1560 688 800
4 627 800 690 1560
4 688 1560 690 800
4 1333 1374 811 806
4 960 710 1753 1754
4 825 1558 710 960
4 893 833 1745 1492
4 893 713 1745 833
4 1583 833 713 893
4 861 469 793 851
4 861 1419 851 506
4 881 716 882 860
4 697 716 860 882
4 1561 882 697 860
4 861 882 697 1561
4 861 882 813 697
4 668 1298 876 1260
4 715 880 1268 878
4 533 715 1268 878
4 715 1483 880 878
4 1329 1791 713 896
4 896 713 1583 1791
4 611 1791 1329 896
4 1319 886 984 981
4 1317 683 1003 1005
4 1168 601 1005 1317
4 1317 1430 1005 1003
4 683 1581 1003 1005
4 1164 1191 1515 1205
4 1165 1164 1200 1191
4 1712 1357 704 411
4 1769 674 710 430
4 1754 710 1769 674
4 426 751 1454 591
4 462 1480 1787 1763
4 594 749 1624 1231
4 1624 1623 1231 749
4 1624 1676 749 594
4 797 607 1448 606
4 706 695 1461 884
4 1402 1464 1667 875
4 1464 621 1667 875
4 872 1485 1402 875
4 665 61 1346 60
4 1264 61 60 1586
4 1586 60 1107 61
4 109 61 1107 60
4 1675 67 60 673
4 1675 67 1586 60
4 1586 60 67 1107
4 465 60 67 673
4 1107 60 67 465
4 1632 1728 109 465
4 1632 60 1346 109
4 1346 60 61 109
4 1107 60 465 109
4 482 1264 1586 68
4 68 1586 1107 61
4 712 68 1264 482
4 712 61 68 1036
4 68 1107 1036 61
4 109 61 110 1107
4 61 110 635 1346
4 61 62 714 1036
4 1036 110 714 61
4 1036 61 1107 110
4 712 62 1036 69
4 69 712 62 1563
4 1563 62 69 1037
4 69 1036 1037 62
4 714 111 62 481
4 111 1037 62 481
4 1037 111 62 1036
4 1132 1037 63 1563
4 1421 1563 70 741
4 70 1132 1563 1037
4 481 820 112 63
4 1037 481 112 63
4 1037 63 112 1132
4 112 820 1607 63
4 1132 1607 63 112
4 741 1132 71 64
4 741 71 1132 70
4 741 64 71 1249
4 1249 71 1038 64
4 64 71 1038 1132
4 64 113 1607 1132
4 1483 64 715 113
4 1483 64 113 1607
4 715 64 1038 113
4 64 113 1132 1038
4 65 1249 72 1038
4 65 72 1249 1564
4 65 1039 72 1564
4 65 1038 72 1039
4 715 65 114 1038
4 65 715 114 716
4 65 1039 716 114
4 65 1039 114 1038
4 1564 1039 73 66
4 1039 1587 73 66
4 1620 73 66 1631
4 66 1587 73 1620
4 1631 1564 73 66
4 716 1039 66 115
4 1176 66 115 1633
4 1039 115 1587 66
4 1176 1587 115 66
4 716 115 66 1633
4 482 67 68 1586
4 68 1586 67 1107
4 482 1040 68 67
4 68 1107 67 1040
4 787 67 465 116
4 1107 465 67 116
4 1040 67 787 116
4 1040 67 116 1107
4 68 117 1036 1107
4 68 117 1107 1040
4 68 117 977 1036
4 68 117 1040 977
4 69 1036 118 1037
4 69 977 118 1036
4 69 1037 118 978
4 69 978 118 977
4 70 119 1132 1037
4 70 978 119 1037
4 70 1108 119 978
4 70 1108 1132 119
4 1132 71 1038 120
4 1132 1108 71 120
4 979 71 120 1038
4 979 71 1108 120
4 1039 1038 72 121
4 72 1038 979 121
4 72 1039 121 980
4 72 979 980 121
4 1039 122 73 1587
4 73 980 122 1039
4 1172 122 1587 73
4 73 1792 1172 980
4 1172 980 122 73
4 619 1040 74 75
4 1287 1565 75 74
4 1287 75 619 74
4 75 74 1565 1042
4 1042 74 1040 75
4 123 74 787 1040
4 1195 123 74 787
4 1195 74 123 1042
4 1042 1040 74 123
4 124 1042 1040 75
4 1040 75 977 124
4 977 75 982 124
4 982 75 1042 124
4 977 76 125 982
4 978 76 125 977
4 978 983 125 76
4 983 125 76 982
4 978 77 126 983
4 1108 77 126 978
4 1109 126 77 983
4 1108 77 1109 126
4 1108 127 1109 78
4 979 1108 78 127
4 985 979 78 127
4 985 127 78 1109
4 980 128 979 79
4 79 979 985 128
4 980 128 79 986
4 986 985 128 79
4 80 986 129 980
4 1792 980 80 129
4 508 80 129 1792
4 81 82 1565 1042
4 1194 82 1565 81
4 690 82 1194 761
4 81 82 1042 1133
4 1133 761 81 82
4 130 1042 81 1195
4 130 1133 81 1042
4 1133 82 1042 131
4 982 82 131 1042
4 1589 82 131 982
4 89 82 1133 138
4 132 982 83 1589
4 132 982 983 83
4 1110 83 132 983
4 139 90 83 1110
4 133 983 1109 84
4 133 983 84 1110
4 133 84 1109 1149
4 133 84 1149 1110
4 134 1109 85 1149
4 985 1109 85 134
4 1111 985 85 134
4 1149 1111 85 134
4 135 1111 985 86
4 135 986 86 985
4 135 986 1112 86
4 135 86 1112 1111
4 1112 136 87 986
4 1608 87 136 780
4 1608 87 1112 136
4 89 761 88 1133
4 89 1296 88 761
4 89 1296 1794 88
4 89 1251 1794 1296
4 1043 88 89 1794
4 1043 88 1133 89
4 742 88 1133 137
4 137 742 130 1133
4 88 137 742 1743
4 718 137 1793 88
4 137 1793 88 1043
4 137 1133 1043 88
4 1043 1133 138 89
4 1589 138 131 82
4 988 89 138 139
4 1043 89 138 988
4 83 132 1589 139
4 90 139 1589 89
4 1110 139 90 989
4 90 139 988 989
4 140 1149 91 1110
4 140 91 989 1110
4 140 91 1114 989
4 1114 1149 91 140
4 141 92 1149 1111
4 1114 92 1149 141
4 141 990 92 1111
4 1114 990 92 141
4 142 1112 93 1111
4 142 93 990 1111
4 991 93 142 1112
4 142 93 991 990
4 143 1608 94 1112
4 991 94 1112 143
4 1608 684 143 94
4 1309 684 143 1608
4 684 991 143 94
4 95 713 1744 1794
4 1043 95 1794 96
4 1794 1251 96 713
4 95 1045 713 96
4 1045 95 1043 96
4 718 95 1793 144
4 1043 1793 95 144
4 1045 1043 95 144
4 145 1045 1043 96
4 145 1043 988 96
4 145 988 992 96
4 992 145 96 1045
4 146 992 988 97
4 989 988 97 146
4 994 146 989 97
4 994 992 146 97
4 147 989 1114 98
4 147 98 994 989
4 1115 98 994 147
4 1115 1114 98 147
4 148 99 1115 1114
4 148 99 1114 990
4 148 99 990 995
4 995 1115 148 99
4 149 991 100 990
4 149 100 995 990
4 996 100 149 991
4 996 995 149 100
4 684 150 101 1566
4 101 996 150 991
4 101 150 684 991
4 101 1566 150 996
4 713 103 1045 102
4 713 102 1745 1746
4 103 1045 102 1215
4 517 652 494 151
4 517 144 151 95
4 1682 652 151 494
4 1045 144 95 151
4 1215 1045 102 151
4 103 1045 1215 152
4 103 152 992 1045
4 152 103 683 1215
4 683 103 152 992
4 104 992 153 994
4 683 992 153 104
4 1405 683 153 104
4 1567 153 994 104
4 1405 104 153 1567
4 154 994 1115 105
4 154 1567 994 105
4 1418 105 1567 154
4 1609 1115 105 154
4 1418 105 154 1609
4 155 1609 1115 106
4 995 1115 106 155
4 1472 106 1609 155
4 1472 646 106 155
4 156 995 646 155
4 646 155 995 106
4 156 996 107 995
4 1445 646 156 107
4 996 156 107 1445
4 1346 61 110 109
4 110 109 869 1346
4 109 869 1568 110
4 109 1568 1046 110
4 1107 1046 110 109
4 1107 465 116 109
4 109 165 116 1046
4 1107 116 1046 109
4 1036 1107 117 110
4 117 1046 110 1107
4 997 117 110 1036
4 997 110 117 1046
4 118 111 1037 1036
4 997 111 118 1036
4 118 1037 111 998
4 998 111 118 997
4 1037 1132 112 119
4 1037 112 998 119
4 998 112 1116 119
4 1132 1116 112 119
4 1132 113 120 1038
4 120 1132 1116 113
4 120 1038 113 999
4 120 999 113 1116
4 1039 121 114 1038
4 999 121 1038 114
4 1039 114 121 1000
4 1000 121 999 114
4 1039 115 122 1587
4 122 115 1039 1000
4 122 115 1000 171
4 1406 122 171 115
4 1406 122 115 1587
4 1040 1107 116 117
4 117 116 1046 1107
4 1040 117 116 1001
4 1001 1046 117 116
4 124 1040 1042 123
4 124 1040 123 1001
4 1004 1042 123 124
4 124 1001 123 1004
4 130 131 1133 1042
4 130 131 1042 1004
4 130 131 1004 1117
4 130 1117 1133 131
4 137 138 1043 1133
4 137 138 1133 1117
4 1524 138 1006 1043
4 1524 1117 1006 138
4 145 1043 1045 144
4 1043 144 145 1006
4 1007 145 1045 144
4 1006 144 145 1007
4 152 151 1215 1173
4 152 1045 1215 151
4 1007 151 1045 152
4 1569 151 1007 152
4 1173 1569 152 151
4 869 159 613 158
4 1568 1046 159 158
4 1056 159 158 207
4 1046 1056 159 158
4 1189 158 165 109
4 1438 465 1189 165
4 1438 722 165 1189
4 722 1056 165 158
4 1046 158 165 1056
4 1046 166 159 1056
4 997 159 1046 166
4 1009 159 997 166
4 1009 159 166 1056
4 167 997 160 998
4 167 997 1009 160
4 167 1011 998 160
4 167 1011 160 1009
4 161 998 168 1011
4 161 1116 168 998
4 161 168 1118 1011
4 161 168 1116 1118
4 1118 1116 162 169
4 169 1116 162 999
4 169 999 162 1013
4 169 1013 162 1118
4 163 999 1000 170
4 163 170 1013 999
4 163 1014 170 1000
4 163 170 1014 1013
4 1014 1000 164 171
4 1014 1570 171 164
4 171 1570 1407 164
4 1046 1056 165 166
4 1001 165 166 1046
4 1015 165 166 1001
4 1015 166 165 1056
4 173 1001 172 1015
4 173 172 1001 1004
4 1016 1004 172 173
4 1016 172 1015 173
4 180 179 1016 1004
4 1117 1004 179 180
4 180 1016 179 1119
4 1117 179 1119 180
4 186 1119 187 1117
4 186 187 1006 1117
4 186 187 1017 1006
4 186 1017 187 1119
4 193 194 1007 1006
4 193 1006 1017 194
4 1018 1007 193 194
4 193 1018 194 1017
4 201 1018 1007 200
4 201 1007 1569 200
4 200 201 1571 1282
4 1282 201 1569 200
4 201 1018 200 1571
4 685 201 1282 1571
4 159 207 208 613
4 1348 208 207 613
4 1136 207 208 1056
4 207 1136 208 744
4 1348 208 744 207
4 722 207 1610 1056
4 1136 207 1056 1610
4 1056 214 1136 1610
4 1056 1610 722 214
4 215 1136 208 1056
4 1009 208 1056 215
4 1120 208 1009 215
4 215 208 1136 1120
4 216 209 1009 1120
4 1011 1009 216 209
4 1011 209 216 1121
4 216 1120 1121 209
4 1118 210 1011 217
4 1011 210 1121 217
4 1118 217 1151 210
4 1121 1151 217 210
4 1118 218 211 1151
4 211 218 1118 1013
4 211 218 1013 1122
4 211 218 1122 1151
4 1014 1013 219 212
4 212 1013 219 1122
4 1014 1123 212 219
4 212 219 1123 1122
4 1014 213 1123 220
4 1014 220 1570 213
4 220 1662 213 728
4 1662 213 1570 220
4 728 213 220 1123
4 215 1136 1056 214
4 1015 1056 214 215
4 1124 1015 214 215
4 215 1124 1136 214
4 222 1015 1016 221
4 222 221 1124 1015
4 222 1125 221 1016
4 222 1124 221 1125
4 228 1016 229 1119
4 228 1125 229 1016
4 228 1152 1119 229
4 228 229 1125 1152
4 1152 236 235 1119
4 1119 235 1017 236
4 1017 235 1126 236
4 236 235 1126 1152
4 1017 242 243 1126
4 1018 243 1017 242
4 1018 243 242 1127
4 243 1126 242 1127
4 1018 1127 249 250
4 1571 250 1018 249
4 1417 250 1571 249
4 1417 250 685 1571
4 250 1127 249 1417
4 1417 250 1127 1663
4 256 1572 257 744
4 744 257 256 1136
4 1285 257 1572 744
4 256 257 1572 1087
4 256 257 1087 1136
4 1610 263 1136 256
4 1203 263 256 1573
4 263 256 1610 1203
4 256 1573 263 1087
4 256 1136 1087 263
4 1136 257 1087 264
4 257 1136 1120 264
4 257 1120 1019 264
4 1087 264 257 1019
4 1121 265 258 1120
4 1120 258 1019 265
4 1020 1121 265 258
4 1019 258 1020 265
4 1121 259 266 1151
4 259 266 1020 1121
4 259 266 1128 1020
4 259 1128 266 1151
4 1151 267 1122 260
4 260 1128 1151 267
4 260 1122 1021 267
4 260 1021 1128 267
4 1123 261 1122 268
4 1122 1021 268 261
4 261 1123 1022 268
4 1021 1022 268 261
4 728 262 1123 269
4 1123 1022 269 262
4 728 1311 262 269
4 1022 1311 269 262
4 1136 264 1087 263
4 263 1124 1136 264
4 263 1124 264 1023
4 263 264 1087 1023
4 1125 271 1124 270
4 1124 271 1023 270
4 1024 1125 270 271
4 1023 271 1024 270
4 1152 277 278 1125
4 277 278 1125 1024
4 277 278 1024 1129
4 277 278 1129 1152
4 285 284 1152 1126
4 1152 284 285 1129
4 1025 1126 284 285
4 1025 285 284 1129
4 291 1126 292 1127
4 1025 1126 292 291
4 1127 292 291 1026
4 1026 1025 292 291
4 299 298 1127 1663
4 299 1127 298 1026
4 1174 1663 298 1574
4 1574 299 1663 298
4 299 1026 298 1574
4 305 306 1087 1572
4 546 1572 306 305
4 1575 306 1097 305
4 305 306 1097 1087
4 305 312 1573 1087
4 305 1199 1288 312
4 1203 1534 1573 1288
4 305 312 1288 1573
4 305 1097 1199 312
4 305 312 1087 1097
4 1097 306 313 1087
4 313 306 1019 1087
4 313 306 1027 1019
4 313 1027 306 1097
4 307 314 1027 1019
4 307 1020 314 1019
4 1029 1020 314 307
4 307 1029 1027 314
4 1128 308 1020 315
4 315 308 1020 1029
4 315 1130 308 1029
4 1128 308 315 1130
4 1128 1130 316 309
4 1128 316 1021 309
4 1021 316 1030 309
4 309 1130 316 1030
4 1021 310 317 1022
4 1021 317 310 1030
4 1022 317 1031 310
4 1030 317 310 1031
4 1022 318 311 1031
4 1022 467 318 1311
4 1031 318 311 783
4 1097 312 1087 313
4 1087 312 1023 313
4 1023 312 1032 313
4 312 313 1097 1032
4 1023 1024 320 319
4 1023 1032 319 320
4 1033 1024 319 320
4 320 1033 1032 319
4 327 1033 1024 326
4 1129 1024 326 327
4 327 1033 326 1131
4 1129 326 1131 327
4 1129 333 334 1131
4 1025 1129 333 334
4 1034 1025 333 334
4 1034 334 333 1131
4 341 340 1034 1025
4 341 1026 340 1025
4 341 340 1026 1035
4 1035 1034 341 340
4 348 1026 347 1035
4 348 1574 347 1026
4 1408 347 1576 1574
4 1408 1574 1576 524
4 348 347 1576 1035
4 1574 348 347 1576
4 355 354 518 1575
4 355 354 1575 1097
4 1175 354 361 495
4 1199 361 354 495
4 1199 1097 354 361
4 1175 354 1097 361
4 355 1097 1027 362
4 355 362 1175 1097
4 362 355 1175 1409
4 355 1027 1577 362
4 1409 362 355 1577
4 356 363 1027 1029
4 356 1027 363 1577
4 356 363 1665 1577
4 356 363 686 1665
4 356 1029 686 363
4 357 364 1029 1130
4 357 364 686 1029
4 365 357 729 358
4 729 364 357 365
4 1130 1030 358 365
4 358 365 1410 729
4 1030 1578 358 365
4 1410 365 358 1578
4 1030 1578 366 1031
4 1030 1578 1031 359
4 1469 1578 359 1579
4 1031 1579 1578 366
4 1361 367 360 468
4 1031 367 783 360
4 1031 360 1579 367
4 1579 367 360 1361
4 1097 362 361 1032
4 1411 1580 361 362
4 1032 362 361 1580
4 408 368 1580 369
4 1032 369 1580 368
4 1032 369 368 1033
4 687 368 408 369
4 687 1033 368 369
4 376 375 1033 1131
4 1033 376 687 375
4 687 376 1321 375
4 376 375 1131 1611
4 1321 375 376 1611
4 383 382 1611 1131
4 1034 1131 382 383
4 725 383 382 1470
4 1470 1611 383 382
4 383 1034 725 382
4 390 1035 389 1034
4 725 390 389 1034
4 1200 390 389 725
4 390 389 396 1200
4 1787 1480 1423 429
4 1787 429 1423 428
4 1005 1405 683 536
4 1005 1008 1405 536
4 683 536 1581 1005
4 685 1417 862 545
4 545 862 685 595
4 545 863 1417 862
4 1176 493 582 605
4 493 895 582 605
4 1176 583 1172 606
4 583 1172 606 1302
4 605 583 1176 606
4 603 728 1237 1079
4 467 603 786 1079
4 728 603 467 1079
4 1582 714 641 635
4 714 110 869 635
4 885 869 1346 635
4 1346 1494 644 635
4 644 885 1346 635
4 796 791 712 628
4 819 1632 822 792
4 1791 833 1746 713
4 509 1219 833 1791
4 1791 833 713 1583
4 1746 509 833 1791
4 841 836 1421 842
4 628 836 1563 1669
4 1563 836 1421 1669
4 741 842 837 561
4 837 1421 842 741
4 842 837 836 1421
4 716 860 880 715
4 715 860 880 1483
4 880 716 881 860
4 1251 713 893 896
4 1251 887 896 893
4 896 713 893 1583
4 1744 661 1328 1477
4 718 1748 1524 1797
4 1418 1259 538 1012
4 1259 1473 1418 538
4 1259 1439 1473 538
4 1358 829 923 916
4 916 923 1358 1256
4 1702 1012 1418 1008
4 776 1325 1714 844
4 1325 844 776 1028
4 573 63 64 1607
4 820 63 573 1607
4 1740 1739 64 573
4 1740 1739 741 64
4 741 63 1132 64
4 741 70 1132 1563
4 64 1607 63 1132
4 741 71 70 730
4 730 71 70 1108
4 70 1108 71 1132
4 730 1108 77 1588
4 730 1108 1588 78
4 1670 77 1588 730
4 1109 78 1588 1108
4 1108 1109 77 1588
4 1353 81 88 761
4 1133 761 88 81
4 742 88 81 1133
4 130 742 81 1133
4 89 761 1133 82
4 1589 82 761 89
4 1589 138 82 89
4 90 1478 1589 83
4 1478 1589 83 803
4 1478 1590 83 90
4 1110 90 83 1590
4 90 83 1589 139
4 1109 1588 85 84
4 1325 1588 1476 85
4 85 1476 1325 745
4 1149 1109 85 84
4 745 84 1149 85
4 1110 84 91 1590
4 1422 745 84 91
4 1422 91 84 1590
4 1149 84 91 1110
4 745 1149 84 91
4 745 1149 92 85
4 1354 85 92 86
4 85 92 745 1354
4 1111 92 85 86
4 1149 92 85 1111
4 93 94 563 86
4 1112 86 94 93
4 1112 86 93 1111
4 1347 87 94 1608
4 563 94 1355 87
4 1608 87 94 1112
4 745 92 1149 91
4 745 92 91 1201
4 1114 1201 91 92
4 1114 92 91 1149
4 1114 99 98 1201
4 1333 105 99 98
4 1115 99 98 1114
4 106 105 1356 612
4 1609 105 1115 106
4 1418 106 105 1609
4 112 1703 113 1607
4 1607 1703 113 1483
4 1132 113 1607 112
4 112 1703 1297 113
4 1116 1297 113 112
4 1132 112 1116 113
4 1132 1108 120 119
4 120 1116 1132 119
4 120 1047 119 1108
4 120 1116 119 1047
4 1108 1109 127 126
4 126 1108 1047 127
4 1048 126 127 1109
4 126 1047 1048 127
4 1591 137 788 130
4 1591 130 1117 137
4 137 1133 130 1117
4 82 1133 138 131
4 1133 1117 138 131
4 1049 131 139 138
4 1049 138 1117 131
4 132 83 1110 139
4 132 139 131 1589
4 1050 139 132 1110
4 132 139 1050 1049
4 133 1149 1109 134
4 1048 1109 134 133
4 1134 1048 134 133
4 1134 1149 133 134
4 133 1149 140 1110
4 1050 140 1110 133
4 1134 140 1050 133
4 1134 140 133 1149
4 141 1111 1149 134
4 1134 141 1149 134
4 1051 134 1111 141
4 1051 141 1134 134
4 135 1112 142 1111
4 1051 1111 135 142
4 1112 135 142 1052
4 1052 1051 135 142
4 1114 141 1149 140
4 1134 140 1149 141
4 1053 141 1114 140
4 1053 140 1134 141
4 148 1114 1115 147
4 1053 1114 148 147
4 148 1054 147 1115
4 1054 1053 148 147
4 155 1115 1609 154
4 155 1054 1115 154
4 1609 1661 1418 1668
4 155 1593 1054 154
4 1661 155 154 1593
4 161 1297 162 1116
4 732 162 161 1297
4 732 161 162 1118
4 161 1116 162 1118
4 1118 168 1116 169
4 1116 1047 169 168
4 1047 1058 169 168
4 169 1058 1118 168
4 1047 175 176 1058
4 1048 175 176 1047
4 1060 175 176 1048
4 1058 1060 175 176
4 186 179 1591 503
4 186 179 1117 1591
4 186 1119 179 503
4 186 179 1119 1117
4 1117 1119 187 180
4 180 1117 1049 187
4 180 1049 1061 187
4 180 1119 187 1061
4 1061 188 1049 181
4 181 188 1049 1050
4 1062 1050 188 181
4 1061 1062 188 181
4 183 1048 1134 182
4 183 182 1060 1048
4 183 1060 182 1135
4 1135 1134 182 183
4 189 1050 182 1134
4 189 182 1050 1062
4 189 1135 182 1062
4 189 1134 182 1135
4 190 1134 1135 183
4 1051 183 1134 190
4 1064 183 1051 190
4 190 1135 1064 183
4 191 184 1051 1064
4 191 1051 184 1052
4 1065 1052 191 184
4 191 1065 184 1064
4 185 1052 1592 192
4 185 1052 192 1065
4 1210 1592 192 185
4 189 1134 1135 190
4 1053 190 1134 189
4 1066 190 1053 189
4 189 1135 1066 190
4 197 1054 196 1053
4 197 196 1066 1053
4 197 196 1054 1067
4 197 1067 1066 196
4 204 1067 1054 203
4 1593 203 204 1054
4 1473 1593 203 204
4 1473 204 203 720
4 204 720 1067 203
4 720 252 1067 203
4 744 207 256 476
4 1290 256 207 476
4 1290 207 256 1610
4 207 744 256 1136
4 207 1610 1136 256
4 744 1136 208 257
4 744 257 208 734
4 734 257 208 1120
4 257 208 1120 1136
4 734 1120 209 258
4 734 209 411 258
4 411 209 1712 258
4 209 1121 258 1120
4 732 210 1118 211
4 210 211 732 746
4 1118 1151 211 210
4 746 210 211 1151
4 210 746 1357 259
4 1121 259 1151 210
4 210 1151 746 259
4 746 1151 211 260
4 746 260 211 735
4 735 260 211 1122
4 211 1151 1122 260
4 1383 261 735 1594
4 212 261 735 1122
4 735 261 212 1594
4 212 1594 261 1123
4 212 261 1122 1123
4 1594 817 262 213
4 1594 1123 213 262
4 817 1349 262 213
4 262 728 213 1349
4 728 262 213 1123
4 1610 214 1136 263
4 1610 263 1203 214
4 1203 263 737 214
4 737 263 1124 214
4 263 1124 214 1136
4 215 1136 264 1120
4 215 1124 264 1136
4 215 1120 264 1069
4 215 264 1124 1069
4 216 1120 265 1121
4 216 265 1120 1069
4 216 1070 1121 265
4 216 265 1069 1070
4 1118 217 218 1151
4 1118 217 1058 218
4 1058 217 1138 218
4 1151 217 218 1138
4 1121 266 217 1151
4 1121 266 1070 217
4 1070 266 1138 217
4 1151 217 1138 266
4 1151 218 1122 267
4 267 1151 218 1138
4 267 1071 218 1122
4 267 218 1071 1138
4 1123 219 268 1122
4 268 1071 1122 219
4 1123 268 219 1072
4 268 1072 1071 219
4 728 1123 220 269
4 220 1123 1072 269
4 1412 728 220 269
4 1412 220 1072 269
4 737 221 1124 270
4 221 1125 1124 270
4 222 1124 1125 271
4 222 1069 1124 271
4 222 1073 1069 271
4 222 1073 271 1125
4 223 1069 1073 272
4 1070 272 1069 223
4 1070 1074 272 223
4 223 1074 272 1073
4 1058 224 225 1138
4 1058 224 1060 225
4 225 224 1060 1140
4 225 1140 1138 224
4 1070 273 224 1138
4 1070 224 273 1074
4 1074 273 1140 224
4 224 1138 273 1140
4 225 274 1138 1140
4 225 1071 1138 274
4 225 1075 1071 274
4 225 1075 274 1140
4 226 1071 275 1072
4 1075 1071 275 226
4 1076 1072 226 275
4 1075 275 1076 226
4 1412 227 276 1072
4 227 1076 276 1072
4 276 1413 227 1412
4 227 1595 276 1076
4 1413 276 227 1595
4 228 503 235 1634
4 228 1119 235 503
4 228 1152 235 1119
4 228 235 1152 277
4 1634 1291 235 228
4 228 277 1152 1125
4 228 235 277 1291
4 1152 236 1119 229
4 1119 236 1061 229
4 1061 236 1141 229
4 236 1152 1141 229
4 1152 229 1125 278
4 1125 278 229 1073
4 1073 278 229 1141
4 278 1152 229 1141
4 1061 1141 237 230
4 1061 230 237 1062
4 1062 237 1142 230
4 230 1141 237 1142
4 1074 230 279 1073
4 1073 1141 230 279
4 1074 1142 279 230
4 230 1142 279 1141
4 232 1060 231 1140
4 1135 1060 231 232
4 1135 231 1153 232
4 1153 231 1140 232
4 1062 238 231 1142
4 1062 231 238 1135
4 1135 1153 231 238
4 1142 1153 238 231
4 1074 231 1140 280
4 1074 280 1142 231
4 1153 280 1140 231
4 1142 231 280 1153
4 1135 1153 239 232
4 1135 239 1064 232
4 1064 239 1143 232
4 232 1153 239 1143
4 281 1153 1140 232
4 1140 232 1075 281
4 1075 232 1143 281
4 281 1143 1153 232
4 1064 233 1143 240
4 1064 240 1065 233
4 1065 240 1144 233
4 1143 240 233 1144
4 1075 233 282 1143
4 1075 282 233 1076
4 1144 233 282 1076
4 1143 1144 233 282
4 234 241 1144 1065
4 234 1423 1144 241
4 234 1076 1144 283
4 234 283 1595 1076
4 234 283 1423 1595
4 234 1144 1423 283
4 277 235 1152 284
4 1204 284 235 1291
4 235 1204 738 284
4 235 738 1126 284
4 1152 284 235 1126
4 236 1152 1126 285
4 236 285 1141 1152
4 1077 1141 236 285
4 1077 1126 285 236
4 1142 1141 237 286
4 1077 1141 286 237
4 1078 286 1142 237
4 1078 1077 286 237
4 1135 239 1153 238
4 1135 1066 239 238
4 1066 1145 239 238
4 238 1153 1145 239
4 1142 287 238 1153
4 1078 238 1142 287
4 1145 238 1078 287
4 238 1153 287 1145
4 1153 288 239 1143
4 1153 288 1145 239
4 1143 239 1080 288
4 1145 288 1080 239
4 1143 240 1144 289
4 289 1143 240 1080
4 289 1081 240 1144
4 289 1080 240 1081
4 1423 290 1144 241
4 290 1144 241 1081
4 241 1479 290 1713
4 1479 1423 241 290
4 1713 1081 290 241
4 242 738 291 1126
4 242 740 291 738
4 242 740 1127 291
4 291 1126 1127 242
4 243 1126 1127 292
4 1077 243 292 1126
4 1082 243 292 1077
4 243 1082 292 1127
4 244 1082 293 1077
4 244 1078 1077 293
4 244 293 1084 1078
4 244 1082 1084 293
4 245 1067 1066 246
4 245 1145 246 1066
4 245 1146 1067 246
4 245 246 1145 1146
4 245 1078 294 1145
4 245 294 1078 1084
4 245 294 1084 1146
4 245 1146 1145 294
4 1146 246 1145 295
4 295 246 1145 1080
4 295 246 1080 1085
4 295 1146 246 1085
4 247 1081 1080 296
4 247 1085 296 1080
4 247 1086 1081 296
4 247 1085 1086 296
4 248 297 1713 1081
4 248 297 1081 1086
4 1713 297 733 427
4 248 1086 733 297
4 249 740 298 1127
4 1417 298 1127 249
4 1417 1663 1127 298
4 250 1127 1663 1596
4 250 1596 1082 1127
4 1663 1127 299 1596
4 1127 299 1596 1082
4 251 1082 300 1084
4 251 300 1082 1596
4 251 300 1597 1084
4 1414 1597 251 300
4 1414 251 1596 300
4 1597 301 252 1084
4 1146 252 301 1084
4 1474 252 301 1350
4 1474 252 1597 301
4 253 252 1350 301
4 302 838 1350 253
4 1146 253 302 301
4 1146 253 1085 302
4 1085 253 1598 302
4 302 1598 838 253
4 1085 303 1598 254
4 1086 254 303 1085
4 1086 303 254 1599
4 1623 303 254 1598
4 303 1623 254 1599
4 1086 1599 255 304
4 733 304 1086 255
4 733 1624 304 255
4 840 304 733 1624
4 1624 304 255 1599
4 260 746 259 544
4 1151 260 746 259
4 260 1128 443 259
4 260 1128 259 1151
4 1151 1128 266 267
4 267 1151 1138 266
4 267 1088 266 1138
4 267 1128 266 1088
4 1140 1138 273 274
4 274 1138 273 1088
4 1140 273 1089 274
4 274 1088 273 1089
4 1291 235 277 284
4 1204 284 1291 1292
4 1292 1600 284 277
4 284 277 1291 1292
4 277 284 1129 1600
4 277 284 1152 1129
4 1152 278 1129 285
4 278 285 1152 1141
4 1090 1141 285 278
4 1129 278 1090 285
4 1142 286 279 1141
4 1090 1141 279 286
4 1091 286 279 1142
4 1091 1090 279 286
4 281 280 1140 1153
4 281 1089 1140 280
4 281 1147 1089 280
4 281 1153 1147 280
4 1142 1153 280 287
4 1091 280 287 1142
4 1147 280 287 1091
4 1147 287 280 1153
4 281 1143 288 1153
4 281 288 1147 1153
4 281 288 1143 1092
4 281 288 1092 1147
4 1143 289 1144 282
4 1143 1092 289 282
4 282 1144 1094 289
4 1092 1094 289 282
4 1423 1144 290 283
4 283 290 1094 1144
4 1480 1423 290 283
4 1480 290 1094 283
4 1153 288 287 1145
4 1147 287 1153 288
4 1145 288 287 1095
4 1147 287 288 1095
4 1146 295 1145 294
4 294 1145 1095 295
4 294 1146 295 1096
4 294 1095 1096 295
4 301 521 1350 302
4 1796 802 521 302
4 253 1350 302 301
4 1146 1096 301 302
4 301 1796 521 302
4 1096 1796 301 302
4 443 308 1128 309
4 1128 308 1130 309
4 1128 1130 315 316
4 1088 1128 315 316
4 1098 1088 315 316
4 316 1098 1130 315
4 323 1089 322 1088
4 323 322 1098 1088
4 323 1099 322 1089
4 323 322 1099 1098
4 1600 1396 333 326
4 485 1396 333 1600
4 1600 333 1129 326
4 1131 333 1396 326
4 1129 333 1131 326
4 1129 1131 334 327
4 327 1090 334 1129
4 327 1100 334 1090
4 327 334 1100 1131
4 328 1091 335 1090
4 1100 1090 328 335
4 328 335 1091 1102
4 1100 335 328 1102
4 1089 1147 330 329
4 1089 1099 329 330
4 1148 329 1099 330
4 330 329 1147 1148
4 1102 329 336 1091
4 336 1147 1091 329
4 1102 329 1148 336
4 336 1147 329 1148
4 330 1148 1147 337
4 1147 337 1092 330
4 1092 337 1103 330
4 1103 1148 330 337
4 1092 331 338 1094
4 1092 338 331 1103
4 1094 1104 331 338
4 1104 338 1103 331
4 486 339 332 1094
4 1094 332 1104 339
4 1601 339 332 486
4 1104 332 1601 339
4 336 1147 1148 337
4 336 1095 1147 337
4 336 1105 1095 337
4 336 1105 337 1148
4 1096 343 344 1095
4 1105 1095 344 343
4 1096 343 1106 344
4 1105 343 344 1106
4 1796 802 351 350
4 1096 351 1106 350
4 1096 350 1796 351
4 350 351 1106 1602
4 802 351 350 1602
4 609 357 1426 358
4 357 358 609 729
4 365 1130 357 358
4 365 357 1130 364
4 1098 1603 371 372
4 1098 1099 372 371
4 372 723 547 1603
4 1319 1603 547 723
4 723 1099 371 372
4 418 375 1358 382
4 1396 382 375 418
4 1131 382 375 1396
4 382 375 1358 1611
4 1611 382 375 1131
4 1321 375 1611 1358
4 376 1611 1131 383
4 1131 1100 376 383
4 1192 1611 376 383
4 1100 1289 376 383
4 1192 383 376 1289
4 1100 384 377 1289
4 1100 377 384 1102
4 384 377 1289 724
4 724 1102 384 377
4 379 1099 1148 378
4 723 1099 379 378
4 743 723 379 378
4 1102 385 1148 378
4 724 385 1102 378
4 743 385 724 378
4 378 1148 379 743
4 743 378 1148 385
4 380 1103 1104 387
4 380 1416 1103 387
4 380 387 1171 1416
4 380 1104 1171 387
4 381 1601 388 1104
4 381 1104 388 1171
4 1475 381 388 1625
4 1475 381 1601 388
4 381 388 1625 1171
4 379 1148 386 743
4 743 1148 386 385
4 1148 386 385 1105
4 386 385 1193 743
4 1105 1193 392 393
4 392 1193 727 393
4 392 1106 1105 393
4 1105 1193 386 385
4 1193 1462 727 1235
4 727 393 1106 392
4 399 1106 400 1602
4 727 400 399 1106
4 1351 400 399 727
4 399 400 1667 1602
4 732 507 746 511
4 502 507 732 511
4 511 507 746 1305
4 511 1305 746 519
4 746 735 511 519
4 1605 511 735 519
4 1233 1204 558 568
4 1204 558 738 1233
4 573 1388 640 878
4 1483 573 640 878
4 1235 1193 1781 705
4 809 806 1333 811
4 1782 809 1356 811
4 1476 844 1028 849
4 745 1240 849 1028
4 1192 1186 1289 1183
4 1192 925 1186 1183
4 1236 1183 1289 1186
4 30 596 818 1395
4 1524 30 596 1708
4 658 868 55 1137
4 1137 658 1491 55
4 554 754 1327 1315
4 43 1443 664 1493
4 892 661 1744 1477
4 505 648 865 1278
4 1631 553 1308 759
4 1505 687 425 926
4 1389 1790 573 839
4 533 1216 65 1249
4 513 1676 594 616
4 769 513 1624 594
4 1624 513 1676 594
4 1687 1732 845 23
4 1687 845 821 23
4 845 642 821 23
4 18 642 845 23
4 1732 18 845 23
4 21 1364 479 22
4 21 479 494 22
4 1312 479 1679 22
4 1312 494 479 22
4 1679 479 15 22
4 1364 15 479 22
4 44 608 491 847
4 1718 491 847 44
4 826 1362 4 480
4 830 480 406 1497
4 840 890 1676 1427
4 1331 864 1220 835
4 603 1482 1349 600
4 603 1482 600 1429
4 603 600 467 1429
4 603 600 1349 467
4 834 649 1721 1041
4 1410 834 609 1041
4 1410 649 834 1041
4 609 834 1721 1041
4 834 649 47 1721
4 1083 867 1752 1725
4 600 1429 1213 1725
4 601 1430 1724 1212
4 1393 1430 601 1317
4 1724 16 1212 1430
4 1724 601 509 1393
4 872 598 802 1485
4 872 1656 802 598
4 571 1299 1710 1515
4 607 754 1448 770
4 797 607 754 1448
4 1655 609 1180 1721
4 1441 407 1477 1353
4 1166 407 775 1441
4 1723 1353 407 1441
4 1353 1304 407 1477
4 608 1369 847 44
4 1471 396 1408 491
4 1715 1471 1408 491
4 574 1715 799 491
4 1715 1267 1471 608
4 1180 609 1182 1721
4 609 1446 1180 1182
4 531 24 1622 642
4 612 1782 1229 814
4 1418 105 106 612
4 1472 1418 106 612
4 617 1759 613 1434
4 624 449 1434 613
4 406 673 465 1382
4 406 1728 465 673
4 406 1728 792 465
4 465 406 1382 822
4 1632 1728 465 792
4 1250 512 869 1632

CELL_TYPES 8469
10
10
10
10
10
10
10
10
10
10
10
10
10
10
10
10
10
10
10
10
10
10
10
10
10
10
10
10
10
10
10
10
10
10
10
10
10
10
10
10
10
10
10
10
10
10
10
10
10
10
10
10
10
10
10
10
10
10
10
10
10
10
10
10
10
10
10
10
10
10
10
10
10
10
10
10
10
10
10
10
10
10
10
10
10
10
10
10
10
10
10
10
10
10
10
10
10
10
10
10
10
10
10
10
10
10
10
10
10
10
10
10
10
10
10
10
10
10
10
10
10
10
10
10
10
10
10
10
10
10
10
10
10
10
10
10
10
10
10
10
10
10
10
10
10
10
10
10
10
10
10
10
10
10
10
10
10
10
10
10
10
10
10
10
10
10
10
10
10
10
10
10
10
10
10
10
10
10
10
10
10
10
10
10
10
10
10
10
10
10
10
10
10
10
10
10
10
10
10
10
10
10
10
10
10
10
10
10
10
10
10
10
10
10
10
10
10
10
10
10
10
10
10
10
10
10
10
10
10
10
10
10
10
10
10
10
10
10
10
10
10
10
10
10
10
10
10
10
10
10
10
10
10
10
10
10
10
10
10
10
10
10
10
10
10
10
10
10
10
10
10
10
10
10
10
10
10
10
10
10
10
10
10
10
10
10
10
10
10
10
10
10
10
10
10
10
10
10
10
10
10
10
10
10
10
10
10
10
10
10
10
10
10
10
10
10
10
10
10
10
10
10
10
10
10
10
10
10
10
10
10
10
10
10
10
10
10
10
10
10
10
10
10
10
10
10
10
10
10
10
10
10
10
10
10
10
10
10
10
10
10
10
10
10
10
10
10
10
10
10
10
10
10
10
10
10
10
10
10
10
10
10
10
10
10
10
10
10
10
10
10
10
10
10
10
10
10
10
10
10
10
10
10
10
10
10
10
10
10
10
10
10
10
10
10
10
10
10
10
10
10
10
10
10
10
10
10
10
10
10
10
10
10
10
10
10
10
10
10
10
10
10
10
10
10
10
10
10
10
10
10
10
10
10
10
10
10
10
10
10
10
10
10
10
10
10
10
10
10
10
10
10
10
10
10
10
10
10
10
10
10
10
10
10
10
10
10
10
10
10
10
10
10
10
10
10
10
10
10
10
10
10
10
10
10
10
10
10
10
10
10
10
10
10
10
10
10
10
10
10
10
10
10
10
10
10
10
10
10
10
10
10
10
10
10
10
10
10
10
10
10
10
10
10
10
10
10
10
10
10
10
10
10
10
10
10
10
10
10
10
10
10
10
10
10
10
10
10
10
10
10
10
10
10
10
10
10
10
10
10
10
10
10
10
10
10
10
10
10
10
10
10
10
10
10
10
10
10
10
10
10
10
10
10
10
10
10
10
10
10
10
10
10
10
10
10
10
10
10
10
10
10
10
10
10
10
10
10
10
10
10
10
10
10
10
10
10
10
10
10
10
10
10
10
10
10
10
10
10
10
10
10
10
10
10
10
10
10
10
10
10
10
10
10
10
10
10
10
10
10
10
10
10
10
10
10
10
10
10
10
10
10
10
10
10
10
10
10
10
10
10
10
10
10
10
10
10
10
10
10
10
10
10
10
10
10
10
10
10
10
10
10
10
10
10
10
10
10
10
10
10
10
10
10
10
10
10
10
10
10
10
10
10
10
10
10
10
10
10
10
10
10
10
10
10
10
10
10
10
10
10
10
10
10
10
10
10
10
10
10
10
10
10
10
10
10
10
10
10
10
10
10
10
10
10
10
10
10
10
10
10
10
10
10
10
10
10
10
10
10
10
10
10
10
10
10
10
10
10
10
10
10
10
10
10
10
10
10
10
10
10
10
10
10
10
10
10
10
10
10
10
10
10
10
10
10
10
10
10
10
10
10
10
10
10
10
10
10
10
10
10
10
10
10
10
10
10
10
10
10
10
10
10
10
10
10
10
10
10
10
10
10
10
10
10
10
10
10
10
10
10
10
10
10
10
10
10
10
10
10
10
10
10
10
10
10
10
10
10
10
10
10
10
10
10
10
10
10
10
10
10
10
10
10
10
10
10
10
10
10
10
10
10
10
10
10
10
10
10
10
10
10
10
10
10
10
10
10
10
10
10
10
10
10
10
10
10
10
10
10
10
10
10
10
10
10
10
10
10
10
10
10
10
10
10
10
10
10
10
10
10
10
10
10
10
10
10
10
10
10
10
10
10
10
10
10
10
10
10
10
10
10
10
10
10
10
10
10
10
10
10
10
10
10
10
10
10
10
10
10
10
10
10
10
10
10
10
10
10
10
10
10
10
10
10
10
10
10
10
10
10
10
10
10
10
10
10
10
10
10
10
10
10
10
10
10
10
10
10
10
10
10
10
10
10
10
10
10
10
10
10
10
10
10
10
10
10
10
10
10
10
10
10
10
10
10
10
10
10
10
10
10
10
10
10
10
10
10
10
10
10
10
10
10
10
10
10
10
10
10
10
10
10
10
10
10
10
10
10
10
10
10
10
10
10
10
10
10
10
10
10
10
10
10
10
10
10
10
10
10
10
10
10
10
10
10
10
10
10
10
10
10
10
10
10
10
10
10
10
10
10
10
10
10
10
10
10
10
10
10
10
10
10
10
10
10
10
10
10
10
10
10
10
10
10
10
10
10
10
10
10
10
10
10
10
10
10
10
10
10
10
10
10
10
10
10
10
10
10
10
10
10
10
10
10
10
10
10
10
10
10
10
10
10
10
10
10
10
10
10
10
10
10
10
10
10
10
10
10
10
10
10
10
10
10
10
10
10
10
10
10
10
10
10
10
10
10
10
10
10
10
10
10
10
10
10
10
10
10
10
10
10
10
10
10
10
10
10
10
10
10
10
10
10
10
10
10
10
10
10
10
10
10
10
10
10
10
10
10
10
10
10
10
10
10
10
10
10
10
10
10
10
10
10
10
10
10
10
10
10
10
10
10
10
10
10
10
10
10
10
10
10
10
10
10
10
10
10
10
10
10
10
10
10
10
10
10
10
10
10
10
10
10
10
10
10
10
10
10
10
10
10
10
10
10
10
10
10
10
10
10
10
10
10
10
10
10
10
10
10
10
10
10
10
10
10
10
10
10
10
10
10
10
10
10
10
10
10
10
10
10
10
10
10
10
10
10
10
10
10
10
10
10
10
10
10
10
10
10
10
10
10
10
10
10
10
10
10
10
10
10
10
10
10
10
10
10
10
10
10
10
10
10
10
10
10
10
10
10
10
10
10
10
10
10
10
10
10
10
10
10
10
10
10
10
10
10
10
10
10
10
10
10
10
10
10
10
10
10
10
10
10
10
10
10
10
10
10
10
10
10
10
10
10
10
10
10
10
10
10
10
10
10
10
10
10
10
10
10
10
10
10
10
10
10
10
10
10
10
10
10
10
10
10
10
10
10
10
10
10
10
10
10
10
10
10
10
10
10
10
10
10
10
10
10
10
10
10
10
10
10
10
10
10
10
10
10
10
10
10
10
10
10
10
10
10
10
10
10
10
10
10
10
10
10
10
10
10
10
10
10
10
10
10
10
10
10
10
10
10
10
10
10
10
10
10
10
10
10
10
10
10
10
10
10
10
10
10
10
10
10
10
10
10
10
10
10
10
10
10
10
10
10
10
10
10
10
10
10
10
10
10
10
10
10
10
10
10
10
10
10
10
10
10
10
10
10
10
10
10
10
10
10
10
10
10
10
10
10
10
10
10
10
10
10
10
10
10
10
10
10
10
10
10
10
10
10
10
10
10
10
10
10
10
10
10
10
10
10
10
10
10
10
10
10
10
10
10
10
10
10
10
10
10
10
10
10
10
10
10
10
10
10
10
10
10
10
10
10
10
10
10
10
10
10
10
10
10
10
10
10
10
10
10
10
10
10
10
10
10
10
10
10
10
10
10
10
10
10
10
10
10
10
10
10
10
10
10
10
10
10
10
10
10
10
10
10
10
10
10
10
10
10
10
10
10
10
10
10
10
10
10
10
10
10
10
10
10
10
10
10
10
10
10
10
10
10
10
10
10
10
10
10
10
10
10
10
10
10
10
10
10
10
10
10
10
10
10
10
10
10
10
10
10
10
10
10
10
10
10
10
10
10
10
10
10
10
10
10
10
10
10
10
10
10
10
10
10
10
10
10
10
10
10
10
10
10
10
10
10
10
10
10
10
10
10
10
10
10
10
10
10
10
10
10
10
10
10
10
10
10
10
10
10
10
10
10
10
10
10
10
10
10
10
10
10
10
10
10
10
10
10
10
10
10
10
10
10
10
10
10
10
10
10
10
10
10
10
10
10
10
10
10
10
10
10
10
10
10
10
10
10
10
10
10
10
10
10
10
10
10
10
10
10
10
10
10
10
10
10
10
10
10
10
10
10
10
10
10
10
10
10
10
10
10
10
10
10
10
10
10
10
10
10
10
10
10
10
10
10
10
10
10
10
10
10
10
10
10
10
10
10
10
10
10
10
10
10
10
10
10
10
10
10
10
10
10
10
10
10
10
10
10
10
10
10
10
10
10
10
10
10
10
10
10
10
10
10
10
10
10
10
10
10
10
10
10
10
10
10
10
10
10
10
10
10
10
10
10
10
10
10
10
10
10
10
10
10
10
10
10
10
10
10
10
10
10
10
10
10
10
10
10
10
10
10
10
10
10
10
10
10
10
10
10
10
10
10
10
10
10
10
10
10
10
10
10
10
10
10
10
10
10
10
10
10
10
10
10
10
10
10
10
10
10
10
10
10
10
10
10
10
10
10
10
10
10
10
10
10
10
10
10
10
10
10
10
10
10
10
10
10
10
10
10
10
10
10
10
10
10
10
10
10
10
10
10
10
10
10
10
10
10
10
10
10
10
10
10
10
10
10
10
10
10
10
10
10
10
10
10
10
10
10
10
10
10
10
10
10
10
10
10
10
10
10
10
10
10
10
10
10
10
10
10
10
10
10
10
10
10
10
10
10
10
10
10
10
10
10
10
10
10
10
10
10
10
10
10
10
10
10
10
10
10
10
10
10
10
10
10
10
10
10
10
10
10
10
10
10
10
10
10
10
10
10
10
10
10
10
10
10
10
10
10
10
10
10
10
10
10
10
10
10
10
10
10
10
10
10
10
10
10
10
10
10
10
10
10
10
10
10
10
10
10
10
10
10
10
10
10
10
10
10
10
10
10
10
10
10
10
10
10
10
10
10
10
10
10
10
10
10
10
10
10
10
10
10
10
10
10
10
10
10
10
10
10
10
10
10
10
10
10
10
10
10
10
10
10
10
10
10
10
10
10
10
10
10
10
10
10
10
10
10
10
10
10
10
10
10
10
10
10
10
10
10
10
10
10
10
10
10
10
10
10
10
10
10
10
10
10
10
10
10
10
10
10
10
10
10
10
10
10
10
10
10
10
10
10
10
10
10
10
10
10
10
10
10
10
10
10
10
10
10
10
10
10
10
10
10
10
10
10
10
10
10
10
10
10
10
10
10
10
10
10
10
10
10
10
10
10
10
10
10
10
10
10
10
10
10
10
10
10
10
10
10
10
10
10
10
10
10
10
10
10
10
10
10
10
10
10
10
10
10
10
10
10
10
10
10
10
10
10
10
10
10
10
10
10
10
10
10
10
10
10
10
10
10
10
10
10
10
10
10
10
10
10
10
10
10
10
10
10
10
10
10
10
10
10
10
10
10
10
10
10
10
10
10
10
10
10
10
10
10
10
10
10
10
10
10
10
10
10
10
10
10
10
10
10
10
10
10
10
10
10
10
10
10
10
10
10
10
10
10
10
10
10
10
10
10
10
10
10
10
10
10
10
10
10
10
10
10
10
10
10
10
10
10
10
10
10
10
10
10
10
10
10
10
10
10
10
10
10
10
10
10
10
10
10
10
10
10
10
10
10
10
10
10
10
10
10
10
10
10
10
10
10
10
10
10
10
10
10
10
10
10
10
10
10
10
10
10
10
10
10
10
10
10
10
10
10
10
10
10
10
10
10
10
10
10
10
10
10
10
10
10
10
10
10
10
10
10
10
10
10
10
10
10
10
10
10
10
10
10
10
10
10
10
10
10
10
10
10
10
10
10
10
10
10
10
10
10
10
10
10
10
10
10
10
10
10
10
10
10
10
10
10
10
10
10
10
10
10
10
10
10
10
10
10
10
10
10
10
10
10
10
10
10
10
10
10
10
10
10
10
10
10
10
10
10
10
10
10
10
10
10
10
10
10
10
10
10
10
10
10
10
10
10
10
10
10
10
10
10
10
10
10
10
10
10
10
10
10
10
10
10
10
10
10
10
10
10
10
10
10
10
10
10
10
10
10
10
10
10
10
10
10
10
10
10
10
10
10
10
10
10
10
10
10
10
10
10
10
10
10
10
10
10
10
10
10
10
10
10
10
10
10
10
10
10
10
10
10
10
10
10
10
10
10
10
10
10
10
10
10
10
10
10
10
10
10
10
10
10
10
10
10
10
10
10
10
10
10
10
10
10
10
10
10
10
10
10
10
10
10
10
10
10
10
10
10
10
10
10
10
10
10
10
10
10
10
10
10
10
10
10
10
10
10
10
10
10
10
10
10
10
10
10
10
10
10
10
10
10
10
10
10
10
10
10
10
10
10
10
10
10
10
10
10
10
10
10
10
10
10
10
10
10
10
10
10
10
10
10
10
10
10
10
10
10
10
10
10
10
10
10
10
10
10
10
10
10
10
10
10
10
10
10
10
10
10
10
10
10
10
10
10
10
10
10
10
10
10
10
10
10
10
10
10
10
10
10
10
10
10
10
10
10
10
10
10
10
10
10
10
10
10
10
10
10
10
10
10
10
10
10
10
10
10
10
10
10
10
10
10
10
10
10
10
10
10
10
10
10
10
10
10
10
10
10
10
10
10
10
10
10
10
10
10
10
10
10
10
10
10
10
10
10
10
10
10
10
10
10
10
10
10
10
10
10
10
10
10
10
10
10
10
10
10
10
10
10
10
10
10
10
10
10
10
10
10
10
10
10
10
10
10
10
10
10
10
10
10
10
10
10
10
10
10
10
10
10
10
10
10
10
10
10
10
10
10
10
10
10
10
10
10
10
10
10
10
10
10
10
10
10
10
10
10
10
10
10
10
10
10
10
10
10
10
10
10
10
10
10
10
10
10
10
10
10
10
10
10
10
10
10
10
10
10
10
10
10
10
10
10
10
10
10
10
10
10
10
10
10
10
10
10
10
10
10
10
10
10
10
10
10
10
10
10
10
10
10
10
10
10
10
10
10
10
10
10
10
10
10
10
10
10
10
10
10
10
10
10
10
10
10
10
10
10
10
10
10
10
10
10
10
10
10
10
10
10
10
10
10
10
10
10
10
10
10
10
10
10
10
10
10
10
10
10
10
10
10
10
10
10
10
10
10
10
10
10
10
10
10
10
10
10
10
10
10
10
10
10
10
10
10
10
10
10
10
10
10
10
10
10
10
10
10
10
10
10
10
10
10
10
10
10
10
10
10
10
10
10
10
10
10
10
10
10
10
10
10
10
10
10
10
10
10
10
10
10
10
10
10
10
10
10
10
10
10
10
10
10
10
10
10
10
10
10
10
10
10
10
10
10
10
10
10
10
10
10
10
10
10
10
10
10
10
10
10
10
10
10
10
10
10
10
10
10
10
10
10
10
10
10
10
10
10
10
10
10
10
10
10
10
10
10
10
10
10
10
10
10
10
10
10
10
10
10
10
10
10
10
10
10
10
10
10
10
10
10
10
10
10
10
10
10
10
10
10
10
10
10
10
10
10
10
10
10
10
10
10
10
10
10
10
10
10
10
10
10
10
10
10
10
10
10
10
10
10
10
10
10
10
10
10
10
10
10
10
10
10
10
10
10
10
10
10
10
10
10
10
10
10
10
10
10
10
10
10
10
10
10
10
10
10
10
10
10
10
10
10
10
10
10
10
10
10
10
10
10
10
10
10
10
10
10
10
10
10
10
10
10
10
10
10
10
10
10
10
10
10
10
10
10
10
10
10
10
10
10
10
10
10
10
10
10
10
10
10
10
10
10
10
10
10
10
10
10
10
10
10
10
10
10
10
10
10
10
10
10
10
10
10
10
10
10
10
10
10
10
10
10
10
10
10
10
10
10
10
10
10
10
10
10
10
10
10
10
10
10
10
10
10
10
10
10
10
10
10
10
10
10
10
10
10
10
10
10
10
10
10
10
10
10
10
10
10
10
10
10
10
10
10
10
10
10
10
10
10
10
10
10
10
10
10
10
10
10
10
10
10
10
10
10
10
10
10
10
10
10
10
10
10
10
10
10
10
10
10
10
10
10
10
10
10
10
10
10
10
10
10
10
10
10
10
10
10
10
10
10
10
10
10
10
10
10
10
10
10
10
10
10
10
10
10
10
10
10
10
10
10
10
10
10
10
10
10
10
10
10
10
10
10
10
10
10
10
10
10
10
10
10
10
10
10
10
10
10
10
10
10
10
10
10
10
10
10
10
10
10
10
10
10
10
10
10
10
10
10
10
10
10
10
10
10
10
10
10
10
10
10
10
10
10
10
10
10
10
10
10
10
10
10
10
10
10
10
10
10
10
10
10
10
10
10
10
10
10
10
10
10
10
10
10
10
10
10
10
10
10
10
10
10
10
10
10
10
10
10
10
10
10
10
10
10
10
10
10
10
10
10
10
10
10
10
10
10
10
10
10
10
10
10
10
10
10
10
10
10
10
10
10
10
10
10
10
10
10
10
10
10
10
10
10
10
10
10
10
10
10
10
10
10
10
10
10
10
10
10
10
10
10
10
10
10
10
10
10
10
10
10
10
10
10
10
10
10
10
10
10
10
10
10
10
10
10
10
10
10
10
10
10
10
10
10
10
10
10
10
10
10
10
10
10
10
10
10
10
10
10
10
10
10
10
10
10
10
10
10
10
10
10
10
10
10
10
10
10
10
10
10
10
10
10
10
10
10
10
10
10
10
10
10
10
10
10
10
10
10
10
10
10
10
10
10
10
10
10
10
10
10
10
10
10
10
10
10
10
10
10
10
10
10
10
10
10
10
10
10
10
10
10
10
10
10
10
10
10
10
10
10
10
10
10
10
10
10
10
10
10
10
10
10
10
10
10
10
10
10
10
10
10
10
10
10
10
10
10
10
10
10
10
10
10
10
10
10
10
10
10
10
10
10
10
10
10
10
10
10
10
10
10
10
10
10
10
10
10
10
10
10
10
10
10
10
10
10
10
10
10
10
10
10
10
10
10
10
10
10
10
10
10
10
10
10
10
10
10
10
10
10
10
10
10
10
10
10
10
10
10
10
10
10
10
10
10
10
10
10
10
10
10
10
10
10
10
10
10
10
10
10
10
10
10
10
10
10
10
10
10
10
10
10
10
10
10
10
10
10
10
10
10
10
10
10
10
10
10
10
10
10
10
10
10
10
10
10
10
10
10
10
10
10
10
10
10
10
10
10
10
10
10
10
10
10
10
10
10
10
10
10
10
10
10
10
10
10
10
10
10
10
10
10
10
10
10
10
10
10
10
10
10
10
10
10
10
10
10
10
10
10
10
10
10
10
10
10
10
10
10
10
10
10
10
10
10
10
10
10
10
10
10
10
10
10
10
10
10
10
10
10
10
10
10
10
10
10
10
10
10
10
10
10
10
10
10
10
10
10
10
10
10
10
10
10
10
10
10
10
10
10
10
10
10
10
10
10
10
10
10
10
10
10
10
10
10
10
10
10
10
10
10
10
10
10
10
10
10
10
10
10
10
10
10
10
10
10
10
10
10
10
10
10
10
10
10
10
10
10
10
10
10
10
10
10
10
10
10
10
10
10
10
10
10
10
10
10
10
10
10
10
10
10
10
10
10
10
10
10
10
10
10
10
10
10
10
10
10
10
10
10
10
10
10
10
10
10
10
10
10
10
10
10
10
10
10
10
10
10
10
10
10
10
10
10
10
10
10
10
10
10
10
10
10
10
10
10
10
10
10
10
10
10
10
10
10
10
10
10
10
10
10
10
10
10
10
10
10
10
10
10
10
10
10
10
10
10
10
10
10
10
10
10
10
10
10
10
10
10
10
10
10
10
10
10
10
10
10
10
10
10
10
10
10
10
10
10
10
10
10
10
10
10
10
10
10
10
10
10
10
10
10
10
10
10
10
10
10
10
10
10
10
10
10
10
10
10
10
10
10
10
10
10
10
10
10
10
10
10
10
10
10
10
10
10
10
10
10
10
10
10
10
10
10
10
10
10
10
10
10
10
10
10
10
10
10
10
10
10
10
10
10
10
10
10
10
10
10
10
10
10
10
10
10
10
10
10
10
10
10
10
10
10
10
10
10
10
10
10
10
10
10
10
10
10
10
10
10
10
10
10
10
10
10
10
10
10
10
10
10
10
10
10
10
10
10
10
10
10
10
10
10
10
10
10
10
10
10
10
10
10
10
10
10
10
10
10
10
10
10
10
10
10
10
10
10
10
10
10
10
10
10
10
10
10
10
10
10
10
10
10
10
10
10
10
10
10
10
10
10
10
10
10
10
10
10
10
10
10
10
10
10
10
10
10
10
10
10
10
10
10
10
10
10
10
10
10
10
10
10
10
10
10
10
10
10
10
10
10
10
10
10
10
10
10
10
10
10
10
10
10
10
10
10
10
10
10
10
10
10
10
10
10
10
10
10
10
10
10
10
10
10
10
10
10
10
10
10
10
10
10
10
10
10
10
10
10
10
10
10
10
10
10
10
10
10
10
10
10
10
10
10
10
10
10
10
10
10
10
10
10
10
10
10
10
10
10
10
10
10
10
10
10
10
10
10
10
10
10
10
10
10
10
10
10
10
10
10
10
10
10
10
10
10
10
10
10
10
10
10
10
10
10
10
10
10
10
10
10
10
10
10
10
10
10
10
10
10
10
10
10
10
10
10
10
10
10
10
10
10
10
10
10
10
10
10
10
10
10
10
10
10
10
10
10
10
10
10
10
10
10
10
10
10
10
10
10
10
10
10
10
10
10
10
10
10
10
10
10
10
10
10
10
10
10
10
10
10
10
10
10
10
10
10
10
10
10
10
10
10
10
10
10
10
10
10
10
10
10
10
10
10
10
10
10
10
10
10
10
10
10
10
10
10
10
10
10
10
10
10
10
10
10
10
10
10
10
10
10
10
10
10
10
10
10
10
10
10
10
10
10
10
10
10
10
10
10
10
10
10
10
10
10
10
10
10
10
10
10
10
10
10
10
10
10
10
10
10
10
10
10
10
10
10
10
10
10
10
10
10
10
10
10
10
10
10
10
10
10
10
10
10
10
10
10
10
10
10
10
10
10
10
10
10
10
10
10
10
10
10
10
10
10
10
10
10
10
10
10
10
10
10
10
10
10
10
10
10
10
10
10
10
10
10
10
10
10
10
10
10
10
10
10
10
10
10
10
10
10
10
10
10
10
10
10
10
10
10
10
10
10
10
10
10
10
10
10
10
10
10
10
10
10
10
10
10
10
10
10
10
10
10
10
10
10
10
10
10
10
10
10
10
10
10
10
10
10
10
10
10
10
10
10
10
10
10
10
10
10
10
10
10
10
10
10
10
10
10
10
10
10
10
10
10
10
10
10
10
10
10
10
10
10
10
10
10
10
10
10
10
10
10
10
10
10
10
10
10
10
10
10
10
10
10
10
10
10
10
10
10
10
10
10
10
10
10
10
10
10
10
10
10
10
10
10
10
10
10
10
10
10
10
10
10
10
10
10
10
10
10
10
10
10
10
10
10
10
10
10
10
10
10
10
10
10
10
10
10
10
10
10
10
10
10
10
10
10
10
10
10
10
10
10
10
10
10
10
10
10
10
10
10
10
10
10
10
10
10
10
10
10
10
10
10
10
10
10
10
10
10
10
10
10
10
10
10
10
10
10
10
10
10
10
10
10
10
10
10
10
10
10
10
10
10
10
10
10
10
10
10
10
10
10
10
10
10
10
10
10
10
10
10
10
10
10
10
10
10
10
10
10
10
10
10
10
10
10
10
10
10
10
10
10
10
10
10
10
10
10
10
10
10
10
10
10
10
10
10
10
10
10
10
10
10
10
10
10
10
10
10
10
10
10
10
10
10
10
10
10
10
10
10
10
10
10
10
10
10
10
10
10
10
10
10
10
10
10
10
10
10
10
10
10
10
10
10
10
10
10
10
10
10
10
10
10
10
10
10
10
10
10
10
10
10
10
10
10
10
10
10
10
10
10
10
10
10
10
10
10
10
10
10
10
10
10
10
10
10
10
10
10
10
10
10
10
10
10
10
10
10
10
10
10
10
10
10
10
10
10
10
10
10
10
10
10
10
10
10
10
10
10
10
10
10
10
10
10
10
10
10
10
10
10
10
10
10
10
10
10
10
10
10
10
10
10
10
10
10
10
10
10
10
10
10
10
10
10
10
10
10
10
10
10
10
10
10
10
10
10
10
10
10
10
10
10
10
10
10
10
10
10
10
10
10
10
10
10
10
10
10
10
10
10
10
10
10
10
10
10
10
10
10
10
10
10
10
10
10
10
10
10
10
10
10
10
10
10
10
10
10
10
10
10
10
10
10
10
10
10
10
10
10
10
10
10
10
10
10
10
10
10
10
10
10
10
10
10
10
10
10
10
10
10
10
10
10
10
10
10
10
10
10
10
10
10
10
10
10
10
10
10
10
10
10
10
10
10
10
10
10
10
10
10
10
10
10
10
10
10
10
10
10
10
10
10
10
10
10
10
10
10
10
10
10
10
10
10
10
10
10
10
10
10
10
10
10
10
10
10
10
10
10
10
10
10
10
10
10
10
10
10
10
10
10
10
10
10
10
10
10
10
10
10
10
10
10
10
10
10
10
10
10
10
10
10
10
10
10
10
10
10
10
10
10
10
10
10
10
10
10
10
10
10
10
10
10
10
10
10
10
10
10
10
10
10
10
10
10
10
10
10
10
10
10
10
10
10
10
10
10
10
10
10
10
10
10
10
10
10
10
10
10
10
10
10
10
10
10
10
10
10
10
10
10
10
10
10
10
10
10
10
10
10
10
10
10
10
10
10
10
10
10
10
10
10
10
10
10
10
10
10
10
10
10
10
10
10
10
10
10
10
10
10
10
10
10
10
10
10
10
10
10
10
10
10
10
10
10
10
10
10
10
10
10
10
10
10
10
10
10
10
10
10
10
10
10
10
10
10
10
10
10
10
10
10
10
10
10
10
10
10
10
10
10
10
10
10
10
10
10
10
10
10
10
10
10
10
10
10
10
10
10
10
10
10
10
10
10
10
10
10
10
10
10
10
10
10
10
10
10
10
10
10
10
10
10
10
10
10
10
10
10
10
10
10
10
10
10
10
10
10
10
10
10
10
10
10
10
10
10
10
10
10
10
10
10
10
10
10
10
10
10
10
10
10
10
10
10
10
10
10
10
10
10
10
10
10
10
10
10
10
10
10
10
10
10
10
10
10
10
10
10
10
10
10
10
10
10
10
10
10
10
10
10
10
10
10
10
10
10
10
10
10
10
10
10
10
10
10
10
10
10
10
10
10
10
10
10
10
10
10
10
10
10
10
10
10
10
10
10
10
10
10
10
10
10
10
10
10
10
10
10
10
10
10
10
10
10
10
10
10
10
10
10
10
10
10
10
10
10
10
10
10
10
10
10
10
10
10
10
10
10
10
10
10
10
10
10
10
10
10
10
10
10
10
10
10
10
10
10
10
10
10
10
10
10
10
10
10
10
10
10
10
10
10
10
10
10
10
10
10
10
10
10
10
10
10
10
10
10
10
10
10
10
10
10
10
10
10
10
10
10
10
10
10
10
10
10
10
10
10
10
10
10
10
10
10
10
10
10
10
10
10
10
10
10
10
10
10
10
10
10
10
10
10
10
10
10
10
10
10
10
10
10
10
10
10
10
10
10
10
10
10
10
10
10
10
10
10
10
10
10
10
10
10
10
10
10
10
10
10
10
10
10
10
10
10
10
10
10
10
10
10
10
10
10
10
10
10
10
10
10
10
10
10
10
10
10
10
10
10
10
10
10
10
10
10
10
10
10
10
10
10
10
10
10
10
10
10
10
10
10
10
10
10
10
10
10
10
10
10
10
10
10
10
10
10
10
10
10
10
10
10
10
10
10
10
10
10
10
10
10
10
10
10
10
10
10
10
10
10
10
10
10
10
10
10
10
10
10
10
10
10
10
10
10
10
10
10
10
10
10
10
10
10
10
10
10
10
10
10
10
10
10
10
10
10
10
10
10
10
10
10
10
10
10
10
10
10
10
10
10
10
10
10
10
10
10
10
10
10
10
10
10
10
10
10
10
10
10
10
10
10
10
10
10
10
10
10
10
10
10
10
10
10
10
10
10
10
10
10
10
10
10
10
10
10
10
10
10
10
10
10
10
10
10
10
10
10
10
10
10
10
10
10
10
10
10
10
10
10
10
10
10
10
10
10
10
10
10
10
10
10
10
10
10
10
10
10
10
10
10
10
10
10
10
10
10
10
10
10
10
10
10
10
10
10
10
10
10
10
10
10
10
10
10
10
10
10
10
10
10
10
10
10
10
10
10
10
10
10
10
10
10
10
10
10
10
10
10
10
10
10
10
10
10
10
10
10
10
10
10
10
10
10
10
10
10
10
10
10
10
10
10
10
10
10
10
10
10
10
10
10
10
10
10
10
10
10
10
10
10
10
10
10
10
10
10
10
10
10
10
10
10
10
10
10
10
10
10
10
10
10
10
10
10
10
10
10
10
10
10
10
10
10
10
10
10
10
10
10
10
10
10
10
10
10
10
10
10
10
10
10
10
10
10
10
10
10
10
10
10
10
10
10
10
10
10
10
10
10
10
10
10
10
10
10
10
10
10
10
10
10
10
10
10
10
10
10
10
10
10
10
10
10
10
10
10
10
10
10
10
10
10
10
10
10
10
10
10
10
10
10
10
10
10
10
10
10
10
10
10
10
10
10
10
10
10
10
10
10
10
10
10
10
10
10
10
10
10
10
10
10
10
10
10
10
10
10
10
10
10
10
10
10
10
10
10
10
10
10
10
10
10
10
10
10
10
10
10
10
10
10
10
10
10
10
10
10
10
10
10
10
10
10
10
10
10
10
10
10
10
10
10
10
10
10
10
10
10
10
10
10
10
10
10
10
10
10
10
10
10
10
10
10
10
10
10
10
10
10
10
10
10
10
10
10
10
10
10
10
10
10
10
10
10
10
10
10
10
10
10
10
10
10
10
10
10
10
10
10
10
10
10
10
10
10
10
10
10
10
10
10
10
10
10
10
10
10
10
10
10
10
10
10
10
10
10
10
10
10
10
10
10
10
10
10
10
10
10
10
10
10
10
10
10
10
10
10
10
10
10
10
10
10
10
10
10
10
10
10
10
10
10
10
10
10
10
10
10
10
10
10
10
10
10
10
10
10
10
10
10
10
10
10
10
10
10
10
10
10
10
10
10
10
10
10
10
10
10
10
10
10
10
10
10
10
10
10
10
10
10
10
10
10
10
10
10
10
10
10
10
10
10
10
10
10
10
10
10
10
10
10
10
10
10
10
10
10
10
10
10
10
10
10
10
10
10
10
10
10
10
10
10
10
10
10
10
10
10
10
10
10
10
10
10
10
10
10
10
10
10
10
10
10
10
10
10
10
10
10
10
10
10
10
10
10
10
10
10
10
10
10
10
10
10
10
10
10
10
10
10
10
10
10
10
10
10
10
10
10
10
10
10
10
10
10
10
10
10
10
10
10
10
10
10
10
10
10
10
10
10
10
10
10
10
10
10
10
10
10
10
10
10
10
10
10
10
10
10
10
10
10
10
10
10
10
10
10
10
10
10
10
10
10
10
10
10
10
10
10
10
10
10
10
10
10
10
10
10
10
10
10
10
10
10
10
10
10
10
10
10
10
10
10
10
10
10
10
10
10
10
10
10
10
10
10
10
10
10
10
10
10
10
10
10
10
10
10
10
10
10
10
10
10
10
10
10
10
10
10
10
10
10
10
10
10
10
10
10
10
10
10
10
10
10
10
10
10
10
10
10
10
10
10
10
10
10
10
10
10
10
10
10
10
10
10
10
10
10
10
10
10
10
10
10
10
10
10
10
10
10
10
10
10
10
10
10
10
10
10
10
10
10
10
10
10
10
10
10
10
10
10
10
10
10
10
10
10
10
10
10
10
10
10
10
10
10
10
10
10
10
10
10
10
10
10
10
10
10
10
10
10
10
10
10
10
10
10
10
10
10
10
10
10
10
10
10
10
10
10
10
10
10
10
10
10
10
10
10
10
10
10
10
10
10
10
10
10
10
10
10
10
10
10
10
10
10
10
10
10
10
10
10
10
10
10
10
10
10
10
10
10
10
10
10
10
10
10
10
10
10
10
10
10
10
10
10
10
10
10
10
10
10
10
10
10
10
10
10
10
10
10
10
10
10
10
10
10
10
10
10
10
10
10
10
10
10
10
10
10
10
10
10
10
10
10
10
10
10
10
10
10
10
10
10
10
10
10
10
10
10
10
10
10
10
10
10
10
10
10
10
10
10
10
10
10
10
10
10
10
10
10
10
10
10
10
10
10
10
10
10
10
10
10
10
10
10
10
10
10
10
10
10
10
10
10
10
10
10
10
10
10
10
10
10
10
10
10
10
10
10
10
10
10
10
10
10
10
10
10
10
10
10
10
10
10
10
10
10
10
10
10
10
10
10
10
10
10
10
10
10
10
10
10
10
10
10
10
10
10
10
10
10
10
10
10
10
10
10
10
10
10
10
10
10
10
10
10
10
10
10
10
10
10
10
10
10
10
10
10
10
10
10
10
10
10
10
10
10
10
10
10
10
10
10
10
10
10
10
10
10
10
10
10
10
10
10
10
10
10
10
10
10
10
10
10
10
10
10
10
10
10
10
10
10
10
10
10
10
10
10
10
10
10
10
10
10
10
10
10
10
10
10
10
10
10
10
10
10
10
10
10
10
10
10
10
10
10
10
10
10
10
10
10
10
10
10
10
10
10
10
10
10
10
10
10
10
10
10
10
10
10
10
10
10
10
10
10
10
10
10
10
10
10
10
10
10
10
10
10
10
10
10
10
10
10
10
10
10
10
10
10
10
10
10
10
10
10
10
10
10
10
10
10
10
10
10
10
10
10
10
10
10
10
10
10
10
10
10
10
10
10
10
10
10
10
10
10
10
10
10
10
10
10
10
10
10
10
10
10
10
10
10
10
10
10
10
10
10
10
10
10
10
10
10
10
10
10
10
10
10
10
10
10
10
10
10
10
10
10
10
10
10
10
10
10
10
10
10
10
10
10
10
10
10
10
10
10
10
10
10
10
10
10
10
10
10
10
10
10
10
10
10
10
10
10
10
10
10
10
10
10
10
10
10
10
10
10
10
10
10
10
10
10
10
10
10
10
10
10
10
10
10
10
10
10
10
10
10
10
10
10
10
10
10
10
10
10
10
10
10
10
10
10
10
10
10
10
10
10
10
10
10
10
10
10
10
10
10
10
10
10
10
10
10
10
10
10
10
10
10
10
10
10
10
10
10
10
10
10
10
10
10
10
10
10
10
10
10
10
10
10
10
10
10
10
10
10
10
10
10
10
10
10
10
10
10
10
10
10
10
10
10
10
10
10
10
10
10
10
10
10
10
10
10
10
10
10
10
10
10
10
10
10
10
10
10
10
10
10
10
10
10
10
10
10
10
10
10
10
10
10
10
10
10
10
10
10
10
10
10
10
10
10
10
10
10
10
10
10
10
10
10
10
10
10
10
10
10
10
10
10
10
10
10
10
10
10
10
10
10
10
10
10
10
10
10
10
10
10
10
10
10
10
10
10
10
10
10
10
10
10
10
10
10
10
10
10
10
10
10
10
10
10
10
10
10
10
10
10
10
10
10
10
10
10
10
10
10
10
10
10
10
10
10
10
10
10
10
10
10
10
10
10
10
10
10
10
10
10
10
10
10
10
10
10
10
10
10
10
10
10
10
10
10
10
10
10
10
10
10
10
10
10
10
10
10
10
10
10
10
10
10
10
10
10
10
10
10
10
10
10
10
10
10
10
10
10
10
10
10
10
10
10
10
10
10
10
10
10
10
10
10
10
10
10
10
10
10
10
10
10
10
10
10
10
10
10
10
10
10
10
10
10
10
10
10
10
10
10
10
10
10
10
10
10
10
10
10
10
10
10
10
10
10
10
10
10
10
10
10
10
10
10
10
10
10
10
10
10
10
10
10
10
10
10
10
10
10
10
10
10
10
10
10
10
10
10
10
10
10
10
10
10
10
10
10
10
10
10
10
10
10
10
10
10
10
10
10
10
10
10
10
10
10
10
10
10
10
10
10
10
10
10
10
10
10
10
10
10
10
10
10
10
10
10
10
10
10
10
10
10
10
10
10
10
10
10
10
10
10
10
10
10
10
10
10
10
10
10
10
10
10
10
10
10
10
10
10
10
10
10
10
10
10
10
10
10
10
10
10
10
10
10
10
10
10
10
10
10
10
10
10
10
10
10
10
10
10
10
10
10
10
10
10
10
10
10
10
10
10
10
10
10
10
10
10
10
10
10
10
10
10
10
10
10
10
10
10
10
10
10
10
10
10
10
10
10
10
10
10
10
10
10
10
10
10
10
10
10
10
10
10
10
10
10
10
10
10
10
10
10
10
10
10
10
10
10
10
10
10
10
10
10
10
10
10
10
10
10
10
10
10
10
10
10
10
10
10
10
10
10
10
10
10
10
10
10
10
10
10
10
10
10
10
10
10
10
10
10
10
10
10
10
10
10
10
10
10
10
10
10
10
10
10
10
10
10
10
10
10
10
10
10
10
10
10
10
10
10
10
10
10
10
10
10
10
10
10
10
10
10
10
10
10
10
10
10
10
10
10
10
10
10
10
10
10
10
10
10
10
10
10
10
10
10
10
10
10
10
10
10
10
10
10
10
10
10
10
10
10
10
10
10
10
10
10
10
10
10
10
10
10
10
10
10
10
10
10
10
10
10
10
10
10
10
10
10
10
10
10
10
10
10
10
10
10
10
10
10
10
10
10
10
10
10
10
10
10
10
10
10
10
10
10
10
10
10
10
10
10
10
10
10
10
10
10
10
10
10
10
10
10
10
10
10
10
10
10
10
10
10
10
10
10
10
10
