# Blender 4.4.3
# www.blender.org
o Weight_-_2,5_kg
v 0.198483 -0.000000 -0.031166
v 0.194670 -0.038722 -0.031166
v 0.183375 -0.075956 -0.031166
v 0.165033 -0.110272 -0.031166
v 0.140349 -0.140349 -0.031166
v 0.110271 -0.165033 -0.031166
v 0.075956 -0.183375 -0.031166
v 0.038722 -0.194670 -0.031166
v -0.000000 -0.198483 -0.031165
v -0.038722 -0.194670 -0.031165
v -0.075956 -0.183375 -0.031165
v -0.110271 -0.165033 -0.031165
v -0.140349 -0.140349 -0.031165
v -0.165033 -0.110271 -0.031165
v -0.183375 -0.075956 -0.031165
v -0.194670 -0.038722 -0.031165
v -0.198483 -0.000000 -0.031165
v -0.194670 0.038722 -0.031165
v -0.183375 0.075956 -0.031166
v -0.165033 0.110271 -0.031166
v -0.140349 0.140349 -0.031166
v -0.110271 0.165033 -0.031166
v -0.075956 0.183375 -0.031166
v -0.038722 0.194669 -0.031166
v 0.000000 0.198483 -0.031166
v 0.038722 0.194669 -0.031166
v 0.075956 0.183375 -0.031166
v 0.110272 0.165033 -0.031166
v 0.140349 0.140349 -0.031166
v 0.165033 0.110271 -0.031166
v 0.183375 0.075956 -0.031166
v 0.194670 0.038722 -0.031166
v 0.042027 -0.000000 -0.043879
v 0.041220 -0.008199 -0.043879
v 0.038828 -0.016083 -0.043879
v 0.034945 -0.023349 -0.043879
v 0.029718 -0.029718 -0.043879
v 0.023349 -0.034945 -0.043879
v 0.016083 -0.038828 -0.043879
v 0.008199 -0.041220 -0.043879
v -0.000000 -0.042028 -0.043879
v -0.008199 -0.041220 -0.043879
v -0.016083 -0.038828 -0.043879
v -0.023349 -0.034945 -0.043879
v -0.029718 -0.029718 -0.043879
v -0.034945 -0.023349 -0.043879
v -0.038828 -0.016083 -0.043879
v -0.041220 -0.008199 -0.043879
v -0.042028 -0.000000 -0.043879
v -0.041220 0.008199 -0.043879
v -0.038828 0.016083 -0.043879
v -0.034945 0.023349 -0.043879
v -0.029718 0.029718 -0.043879
v -0.023349 0.034945 -0.043879
v -0.016083 0.038828 -0.043879
v -0.008199 0.041220 -0.043879
v -0.000000 0.042027 -0.043879
v 0.008199 0.041220 -0.043879
v 0.016083 0.038828 -0.043879
v 0.023349 0.034944 -0.043879
v 0.029718 0.029718 -0.043879
v 0.034945 0.023349 -0.043879
v 0.038828 0.016083 -0.043879
v 0.041220 0.008199 -0.043879
v 0.200068 -0.000000 -0.021940
v 0.196223 -0.039031 -0.021940
v 0.184838 -0.076563 -0.021940
v 0.166350 -0.111152 -0.021940
v 0.141469 -0.141469 -0.021939
v 0.111152 -0.166350 -0.021939
v 0.076562 -0.184838 -0.021939
v 0.039031 -0.196223 -0.021939
v -0.000000 -0.200068 -0.021939
v -0.039031 -0.196223 -0.021939
v -0.076563 -0.184838 -0.021939
v -0.111152 -0.166350 -0.021939
v -0.141469 -0.141469 -0.021939
v -0.166350 -0.111152 -0.021939
v -0.184838 -0.076563 -0.021939
v -0.196223 -0.039031 -0.021939
v -0.200068 -0.000000 -0.021939
v -0.196223 0.039031 -0.021939
v -0.184838 0.076563 -0.021939
v -0.166350 0.111152 -0.021939
v -0.141469 0.141469 -0.021939
v -0.111151 0.166350 -0.021940
v -0.076562 0.184838 -0.021940
v -0.039031 0.196223 -0.021940
v 0.000000 0.200067 -0.021940
v 0.039031 0.196223 -0.021940
v 0.076563 0.184838 -0.021940
v 0.111152 0.166350 -0.021940
v 0.141469 0.141469 -0.021940
v 0.166350 0.111151 -0.021940
v 0.184838 0.076562 -0.021940
v 0.196223 0.039031 -0.021940
v 0.198483 -0.000000 -0.012713
v 0.194670 -0.038722 -0.012713
v 0.183375 -0.075956 -0.012713
v 0.165033 -0.110271 -0.012713
v 0.140349 -0.140349 -0.012713
v 0.110271 -0.165033 -0.012713
v 0.075956 -0.183375 -0.012713
v 0.038722 -0.194670 -0.012713
v 0.000000 -0.198483 -0.012713
v -0.038722 -0.194670 -0.012713
v -0.075956 -0.183375 -0.012713
v -0.110271 -0.165033 -0.012713
v -0.140349 -0.140349 -0.012713
v -0.165033 -0.110271 -0.012713
v -0.183375 -0.075956 -0.012713
v -0.194670 -0.038722 -0.012713
v -0.198483 0.000000 -0.012713
v -0.194670 0.038722 -0.012713
v -0.183375 0.075956 -0.012713
v -0.165033 0.110271 -0.012713
v -0.140349 0.140349 -0.012713
v -0.110271 0.165033 -0.012713
v -0.075956 0.183375 -0.012713
v -0.038722 0.194670 -0.012713
v 0.000000 0.198483 -0.012713
v 0.038722 0.194669 -0.012713
v 0.075957 0.183375 -0.012714
v 0.110272 0.165033 -0.012714
v 0.140349 0.140349 -0.012714
v 0.165033 0.110271 -0.012714
v 0.183375 0.075956 -0.012714
v 0.194670 0.038722 -0.012713
v 0.042028 -0.000000 -0.000000
v 0.041220 -0.008199 -0.000000
v 0.038828 -0.016083 -0.000000
v 0.034945 -0.023349 -0.000000
v 0.029718 -0.029718 -0.000000
v 0.023349 -0.034945 0.000000
v 0.016083 -0.038828 0.000000
v 0.008199 -0.041220 0.000000
v 0.000000 -0.042028 0.000000
v -0.008199 -0.041220 0.000000
v -0.016083 -0.038828 0.000000
v -0.023349 -0.034945 0.000000
v -0.029718 -0.029718 0.000000
v -0.034945 -0.023349 0.000000
v -0.038828 -0.016083 0.000000
v -0.041220 -0.008199 0.000000
v -0.042028 -0.000000 0.000000
v -0.041220 0.008199 0.000000
v -0.038828 0.016083 0.000000
v -0.034945 0.023349 0.000000
v -0.029718 0.029718 0.000000
v -0.023349 0.034945 -0.000000
v -0.016083 0.038828 -0.000000
v -0.008199 0.041220 -0.000000
v 0.000000 0.042027 -0.000000
v 0.008199 0.041220 -0.000000
v 0.016083 0.038828 -0.000000
v 0.023349 0.034945 -0.000000
v 0.029718 0.029718 -0.000000
v 0.034945 0.023349 -0.000000
v 0.038828 0.016083 -0.000000
v 0.041220 0.008199 -0.000000
v 0.031795 -0.000000 -0.021939
v 0.031184 -0.006203 -0.021939
v 0.029375 -0.012168 -0.021939
v 0.026437 -0.017665 -0.021939
v 0.022483 -0.022483 -0.021939
v 0.017664 -0.026437 -0.021939
v 0.012167 -0.029375 -0.021939
v 0.006203 -0.031184 -0.021939
v -0.000000 -0.031795 -0.021939
v -0.006203 -0.031184 -0.021939
v -0.012168 -0.029375 -0.021939
v -0.017665 -0.026437 -0.021939
v -0.022483 -0.022483 -0.021939
v -0.026437 -0.017665 -0.021939
v -0.029375 -0.012168 -0.021939
v -0.031184 -0.006203 -0.021939
v -0.031795 -0.000000 -0.021939
v -0.031184 0.006203 -0.021939
v -0.029375 0.012167 -0.021939
v -0.026437 0.017664 -0.021939
v -0.022483 0.022483 -0.021939
v -0.017664 0.026437 -0.021939
v -0.012168 0.029375 -0.021939
v -0.006203 0.031184 -0.021939
v 0.000000 0.031795 -0.021939
v 0.006203 0.031184 -0.021939
v 0.012168 0.029375 -0.021939
v 0.017665 0.026437 -0.021939
v 0.022483 0.022483 -0.021939
v 0.026437 0.017664 -0.021939
v 0.029375 0.012167 -0.021939
v 0.031184 0.006203 -0.021939
v 0.183754 -0.000000 -0.043855
v 0.192042 -0.000000 -0.040852
v 0.189043 -0.000000 -0.043693
v 0.189889 -0.000000 -0.043317
v 0.188352 -0.037466 -0.040852
v 0.180223 -0.035849 -0.043855
v 0.186240 -0.037046 -0.043317
v 0.185410 -0.036881 -0.043693
v 0.177423 -0.073491 -0.040852
v 0.169766 -0.070320 -0.043855
v 0.175434 -0.072667 -0.043316
v 0.174653 -0.072344 -0.043693
v 0.159677 -0.106693 -0.040852
v 0.152785 -0.102088 -0.043855
v 0.157887 -0.105497 -0.043316
v 0.157183 -0.105027 -0.043693
v 0.135794 -0.135794 -0.040852
v 0.129933 -0.129933 -0.043855
v 0.134272 -0.134272 -0.043316
v 0.133673 -0.133674 -0.043693
v 0.106693 -0.159677 -0.040852
v 0.102088 -0.152786 -0.043855
v 0.105497 -0.157887 -0.043316
v 0.105027 -0.157183 -0.043693
v 0.073491 -0.177423 -0.040852
v 0.070319 -0.169766 -0.043855
v 0.072667 -0.175434 -0.043316
v 0.072344 -0.174653 -0.043693
v 0.037465 -0.188352 -0.040852
v 0.035849 -0.180223 -0.043855
v 0.037045 -0.186240 -0.043316
v 0.036880 -0.185410 -0.043693
v -0.000000 -0.192042 -0.040852
v -0.000000 -0.183754 -0.043855
v -0.000000 -0.189889 -0.043316
v -0.000000 -0.189043 -0.043693
v -0.037465 -0.188352 -0.040852
v -0.035849 -0.180223 -0.043855
v -0.037045 -0.186240 -0.043316
v -0.036880 -0.185410 -0.043693
v -0.073491 -0.177423 -0.040852
v -0.070319 -0.169766 -0.043855
v -0.072667 -0.175434 -0.043316
v -0.072344 -0.174653 -0.043693
v -0.106693 -0.159677 -0.040852
v -0.102088 -0.152786 -0.043855
v -0.105497 -0.157887 -0.043316
v -0.105027 -0.157183 -0.043693
v -0.135794 -0.135794 -0.040852
v -0.129933 -0.129933 -0.043855
v -0.134272 -0.134272 -0.043316
v -0.133674 -0.133674 -0.043693
v -0.159677 -0.106693 -0.040852
v -0.152786 -0.102088 -0.043855
v -0.157887 -0.105497 -0.043316
v -0.157183 -0.105027 -0.043693
v -0.177423 -0.073491 -0.040852
v -0.169766 -0.070320 -0.043855
v -0.175434 -0.072667 -0.043316
v -0.174653 -0.072344 -0.043693
v -0.188352 -0.037466 -0.040852
v -0.180223 -0.035849 -0.043855
v -0.186240 -0.037046 -0.043316
v -0.185410 -0.036880 -0.043693
v -0.192042 -0.000000 -0.040852
v -0.183754 -0.000000 -0.043855
v -0.189889 -0.000000 -0.043316
v -0.189043 -0.000000 -0.043693
v -0.188352 0.037465 -0.040852
v -0.180223 0.035849 -0.043855
v -0.186240 0.037045 -0.043316
v -0.185410 0.036880 -0.043693
v -0.177423 0.073491 -0.040852
v -0.169766 0.070319 -0.043855
v -0.175434 0.072667 -0.043316
v -0.174653 0.072344 -0.043693
v -0.159677 0.106693 -0.040852
v -0.152785 0.102088 -0.043855
v -0.157887 0.105497 -0.043316
v -0.157183 0.105027 -0.043693
v -0.135794 0.135794 -0.040852
v -0.129933 0.129933 -0.043855
v -0.134272 0.134272 -0.043316
v -0.133673 0.133673 -0.043693
v -0.106693 0.159677 -0.040852
v -0.102088 0.152785 -0.043855
v -0.105497 0.157887 -0.043316
v -0.105027 0.157183 -0.043693
v -0.073491 0.177423 -0.040852
v -0.070319 0.169766 -0.043855
v -0.072667 0.175434 -0.043316
v -0.072343 0.174653 -0.043693
v -0.037465 0.188351 -0.040852
v -0.035848 0.180223 -0.043855
v -0.037045 0.186240 -0.043317
v -0.036880 0.185410 -0.043693
v 0.000000 0.192041 -0.040852
v 0.000000 0.183753 -0.043855
v 0.000000 0.189889 -0.043317
v 0.000000 0.189043 -0.043693
v 0.037466 0.188351 -0.040852
v 0.035849 0.180223 -0.043855
v 0.037046 0.186240 -0.043317
v 0.036881 0.185410 -0.043693
v 0.073491 0.177423 -0.040852
v 0.070320 0.169766 -0.043855
v 0.072667 0.175434 -0.043317
v 0.072344 0.174653 -0.043693
v 0.106693 0.159677 -0.040852
v 0.102088 0.152785 -0.043855
v 0.105497 0.157887 -0.043317
v 0.105027 0.157183 -0.043693
v 0.135794 0.135794 -0.040852
v 0.129934 0.129933 -0.043855
v 0.134272 0.134271 -0.043317
v 0.133674 0.133673 -0.043693
v 0.159677 0.106692 -0.040852
v 0.152786 0.102088 -0.043855
v 0.157887 0.105496 -0.043317
v 0.157183 0.105026 -0.043693
v 0.177423 0.073491 -0.040852
v 0.169766 0.070319 -0.043855
v 0.175434 0.072667 -0.043317
v 0.174653 0.072343 -0.043693
v 0.188352 0.037465 -0.040852
v 0.180223 0.035848 -0.043855
v 0.186240 0.037045 -0.043317
v 0.185410 0.036880 -0.043693
v 0.158352 -0.000000 -0.042014
v 0.165297 -0.000000 -0.043853
v 0.159267 -0.000000 -0.043271
v 0.160040 -0.000000 -0.043678
v 0.162121 -0.032248 -0.043853
v 0.155309 -0.030893 -0.042014
v 0.156964 -0.031222 -0.043678
v 0.156207 -0.031072 -0.043271
v 0.152714 -0.063257 -0.043853
v 0.146298 -0.060599 -0.042014
v 0.147857 -0.061245 -0.043678
v 0.147143 -0.060949 -0.043271
v 0.137439 -0.091834 -0.043853
v 0.131665 -0.087976 -0.042014
v 0.133068 -0.088913 -0.043678
v 0.132426 -0.088484 -0.043270
v 0.116883 -0.116883 -0.043853
v 0.111972 -0.111972 -0.042014
v 0.113165 -0.113165 -0.043678
v 0.112619 -0.112619 -0.043270
v 0.091834 -0.137439 -0.043853
v 0.087976 -0.131665 -0.042014
v 0.088913 -0.133068 -0.043678
v 0.088484 -0.132426 -0.043270
v 0.063256 -0.152715 -0.043853
v 0.060599 -0.146298 -0.042014
v 0.061244 -0.147857 -0.043678
v 0.060949 -0.147144 -0.043270
v 0.032248 -0.162121 -0.043853
v 0.030893 -0.155309 -0.042014
v 0.031222 -0.156964 -0.043678
v 0.031071 -0.156207 -0.043270
v -0.000000 -0.165297 -0.043853
v -0.000000 -0.158352 -0.042014
v -0.000000 -0.160040 -0.043678
v -0.000000 -0.159267 -0.043270
v -0.032248 -0.162121 -0.043853
v -0.030893 -0.155309 -0.042014
v -0.031222 -0.156964 -0.043678
v -0.031071 -0.156207 -0.043270
v -0.063256 -0.152715 -0.043853
v -0.060599 -0.146298 -0.042014
v -0.061245 -0.147857 -0.043678
v -0.060949 -0.147144 -0.043270
v -0.091834 -0.137439 -0.043853
v -0.087976 -0.131665 -0.042013
v -0.088913 -0.133068 -0.043678
v -0.088484 -0.132426 -0.043270
v -0.116883 -0.116883 -0.043853
v -0.111972 -0.111972 -0.042013
v -0.113165 -0.113165 -0.043678
v -0.112619 -0.112619 -0.043270
v -0.137439 -0.091834 -0.043853
v -0.131665 -0.087976 -0.042013
v -0.133068 -0.088913 -0.043678
v -0.132426 -0.088484 -0.043270
v -0.152715 -0.063256 -0.043853
v -0.146298 -0.060599 -0.042013
v -0.147857 -0.061245 -0.043678
v -0.147144 -0.060949 -0.043270
v -0.162121 -0.032248 -0.043853
v -0.155309 -0.030893 -0.042014
v -0.156964 -0.031222 -0.043678
v -0.156207 -0.031071 -0.043270
v -0.165297 -0.000000 -0.043853
v -0.158352 -0.000000 -0.042014
v -0.160040 -0.000000 -0.043678
v -0.159267 -0.000000 -0.043270
v -0.162121 0.032248 -0.043853
v -0.155309 0.030893 -0.042014
v -0.156964 0.031222 -0.043678
v -0.156207 0.031071 -0.043270
v -0.152715 0.063256 -0.043853
v -0.146298 0.060599 -0.042014
v -0.147857 0.061244 -0.043678
v -0.147143 0.060949 -0.043270
v -0.137439 0.091834 -0.043853
v -0.131665 0.087976 -0.042014
v -0.133068 0.088913 -0.043678
v -0.132426 0.088484 -0.043270
v -0.116883 0.116883 -0.043853
v -0.111972 0.111972 -0.042014
v -0.113165 0.113165 -0.043678
v -0.112619 0.112619 -0.043270
v -0.091834 0.137439 -0.043853
v -0.087976 0.131665 -0.042014
v -0.088913 0.133068 -0.043678
v -0.088484 0.132426 -0.043270
v -0.063256 0.152714 -0.043853
v -0.060599 0.146298 -0.042014
v -0.061244 0.147857 -0.043678
v -0.060949 0.147143 -0.043271
v -0.032248 0.162121 -0.043853
v -0.030893 0.155309 -0.042014
v -0.031222 0.156964 -0.043678
v -0.031071 0.156207 -0.043271
v 0.000000 0.165297 -0.043853
v 0.000000 0.158352 -0.042014
v 0.000000 0.160039 -0.043678
v 0.000000 0.159267 -0.043271
v 0.032248 0.162121 -0.043853
v 0.030893 0.155309 -0.042014
v 0.031222 0.156964 -0.043678
v 0.031072 0.156207 -0.043271
v 0.063257 0.152714 -0.043853
v 0.060599 0.146298 -0.042014
v 0.061245 0.147857 -0.043678
v 0.060949 0.147143 -0.043271
v 0.091834 0.137439 -0.043853
v 0.087976 0.131665 -0.042014
v 0.088913 0.133068 -0.043678
v 0.088484 0.132425 -0.043271
v 0.116883 0.116882 -0.043853
v 0.111972 0.111972 -0.042014
v 0.113165 0.113165 -0.043678
v 0.112619 0.112618 -0.043271
v 0.137440 0.091834 -0.043853
v 0.131665 0.087975 -0.042014
v 0.133068 0.088913 -0.043678
v 0.132426 0.088484 -0.043271
v 0.152715 0.063256 -0.043853
v 0.146298 0.060598 -0.042014
v 0.147857 0.061244 -0.043678
v 0.147144 0.060949 -0.043271
v 0.162121 0.032248 -0.043853
v 0.155309 0.030893 -0.042014
v 0.156964 0.031222 -0.043678
v 0.156207 0.031071 -0.043271
v 0.143915 -0.000000 -0.036791
v 0.156461 -0.000000 -0.038630
v 0.154774 -0.000000 -0.036966
v 0.155547 -0.000000 -0.037373
v 0.153455 -0.030524 -0.038630
v 0.141150 -0.028077 -0.036791
v 0.152558 -0.030346 -0.037373
v 0.151800 -0.030195 -0.036966
v 0.144551 -0.059875 -0.038630
v 0.132960 -0.055074 -0.036791
v 0.143706 -0.059525 -0.037373
v 0.142992 -0.059230 -0.036966
v 0.130093 -0.086925 -0.038630
v 0.119661 -0.079955 -0.036791
v 0.129332 -0.086417 -0.037373
v 0.128690 -0.085988 -0.036966
v 0.110635 -0.110635 -0.038630
v 0.101763 -0.101763 -0.036791
v 0.109988 -0.109988 -0.037373
v 0.109442 -0.109442 -0.036966
v 0.086925 -0.130093 -0.038630
v 0.079955 -0.119661 -0.036791
v 0.086417 -0.129332 -0.037373
v 0.085988 -0.128690 -0.036966
v 0.059875 -0.144552 -0.038630
v 0.055074 -0.132960 -0.036791
v 0.059525 -0.143706 -0.037373
v 0.059229 -0.142993 -0.036966
v 0.030524 -0.153455 -0.038630
v 0.028076 -0.141150 -0.036790
v 0.030346 -0.152558 -0.037373
v 0.030195 -0.151800 -0.036966
v -0.000000 -0.156461 -0.038630
v -0.000000 -0.143915 -0.036790
v -0.000000 -0.155547 -0.037373
v -0.000000 -0.154774 -0.036966
v -0.030524 -0.153455 -0.038630
v -0.028076 -0.141150 -0.036790
v -0.030346 -0.152558 -0.037373
v -0.030195 -0.151800 -0.036966
v -0.059875 -0.144552 -0.038630
v -0.055074 -0.132960 -0.036790
v -0.059525 -0.143706 -0.037373
v -0.059229 -0.142993 -0.036966
v -0.086925 -0.130093 -0.038630
v -0.079955 -0.119661 -0.036790
v -0.086417 -0.129332 -0.037373
v -0.085988 -0.128690 -0.036966
v -0.110635 -0.110635 -0.038630
v -0.101763 -0.101763 -0.036790
v -0.109988 -0.109988 -0.037373
v -0.109442 -0.109442 -0.036966
v -0.130093 -0.086925 -0.038630
v -0.119661 -0.079955 -0.036790
v -0.129332 -0.086417 -0.037373
v -0.128690 -0.085988 -0.036966
v -0.144552 -0.059875 -0.038630
v -0.132960 -0.055074 -0.036790
v -0.143706 -0.059525 -0.037373
v -0.142993 -0.059230 -0.036966
v -0.153455 -0.030524 -0.038630
v -0.141150 -0.028076 -0.036790
v -0.152558 -0.030346 -0.037373
v -0.151800 -0.030195 -0.036966
v -0.156461 -0.000000 -0.038630
v -0.143915 -0.000000 -0.036790
v -0.155547 -0.000000 -0.037373
v -0.154774 -0.000000 -0.036966
v -0.153455 0.030524 -0.038630
v -0.141150 0.028076 -0.036790
v -0.152558 0.030346 -0.037373
v -0.151800 0.030195 -0.036966
v -0.144552 0.059875 -0.038630
v -0.132960 0.055074 -0.036791
v -0.143706 0.059525 -0.037373
v -0.142993 0.059229 -0.036966
v -0.130093 0.086925 -0.038630
v -0.119661 0.079955 -0.036791
v -0.129332 0.086417 -0.037373
v -0.128690 0.085988 -0.036966
v -0.110635 0.110635 -0.038630
v -0.101763 0.101763 -0.036791
v -0.109988 0.109988 -0.037373
v -0.109442 0.109442 -0.036966
v -0.086925 0.130093 -0.038630
v -0.079955 0.119661 -0.036791
v -0.086417 0.129332 -0.037373
v -0.085988 0.128690 -0.036966
v -0.059875 0.144551 -0.038630
v -0.055074 0.132960 -0.036791
v -0.059525 0.143706 -0.037373
v -0.059229 0.142992 -0.036966
v -0.030524 0.153455 -0.038630
v -0.028076 0.141150 -0.036791
v -0.030346 0.152558 -0.037373
v -0.030195 0.151800 -0.036966
v 0.000000 0.156461 -0.038630
v 0.000000 0.143915 -0.036791
v 0.000000 0.155546 -0.037373
v 0.000000 0.154774 -0.036966
v 0.030524 0.153455 -0.038630
v 0.028077 0.141150 -0.036791
v 0.030346 0.152558 -0.037373
v 0.030195 0.151800 -0.036966
v 0.059875 0.144551 -0.038630
v 0.055074 0.132960 -0.036791
v 0.059525 0.143706 -0.037373
v 0.059230 0.142992 -0.036966
v 0.086925 0.130093 -0.038630
v 0.079955 0.119661 -0.036791
v 0.086417 0.129332 -0.037373
v 0.085988 0.128690 -0.036966
v 0.110635 0.110635 -0.038630
v 0.101763 0.101763 -0.036791
v 0.109988 0.109988 -0.037373
v 0.109442 0.109441 -0.036966
v 0.130093 0.086925 -0.038630
v 0.119661 0.079955 -0.036791
v 0.129332 0.086417 -0.037373
v 0.128690 0.085988 -0.036966
v 0.144552 0.059875 -0.038630
v 0.132960 0.055074 -0.036791
v 0.143706 0.059525 -0.037373
v 0.142993 0.059229 -0.036966
v 0.153455 0.030524 -0.038630
v 0.141150 0.028076 -0.036791
v 0.152558 0.030345 -0.037373
v 0.151800 0.030195 -0.036966
v 0.090317 -0.000000 -0.038607
v 0.103055 -0.000000 -0.036790
v 0.091371 -0.000000 -0.037352
v 0.092180 -0.000000 -0.036959
v 0.101074 -0.020105 -0.036790
v 0.088582 -0.017620 -0.038607
v 0.090409 -0.017983 -0.036959
v 0.089615 -0.017826 -0.037352
v 0.095210 -0.039437 -0.036790
v 0.083442 -0.034563 -0.038607
v 0.085163 -0.035276 -0.036959
v 0.084415 -0.034966 -0.037352
v 0.085687 -0.057254 -0.036790
v 0.075096 -0.050178 -0.038607
v 0.076645 -0.051212 -0.036959
v 0.075972 -0.050763 -0.037352
v 0.072871 -0.072871 -0.036790
v 0.063864 -0.063864 -0.038607
v 0.065181 -0.065181 -0.036959
v 0.064609 -0.064609 -0.037352
v 0.057254 -0.085687 -0.036790
v 0.050177 -0.075096 -0.038607
v 0.051212 -0.076645 -0.036959
v 0.050763 -0.075972 -0.037352
v 0.039437 -0.095210 -0.036790
v 0.034563 -0.083442 -0.038607
v 0.035276 -0.085163 -0.036959
v 0.034966 -0.084416 -0.037352
v 0.020105 -0.101075 -0.036790
v 0.017620 -0.088582 -0.038607
v 0.017983 -0.090409 -0.036959
v 0.017826 -0.089615 -0.037352
v -0.000000 -0.103055 -0.036790
v -0.000000 -0.090317 -0.038607
v -0.000000 -0.092180 -0.036959
v -0.000000 -0.091371 -0.037352
v -0.020105 -0.101075 -0.036790
v -0.017620 -0.088582 -0.038607
v -0.017983 -0.090409 -0.036959
v -0.017826 -0.089615 -0.037352
v -0.039437 -0.095210 -0.036790
v -0.034563 -0.083442 -0.038607
v -0.035276 -0.085163 -0.036959
v -0.034966 -0.084416 -0.037352
v -0.057254 -0.085687 -0.036790
v -0.050177 -0.075096 -0.038607
v -0.051212 -0.076645 -0.036959
v -0.050763 -0.075972 -0.037352
v -0.072871 -0.072871 -0.036790
v -0.063864 -0.063864 -0.038607
v -0.065181 -0.065181 -0.036959
v -0.064609 -0.064609 -0.037352
v -0.085687 -0.057254 -0.036790
v -0.075096 -0.050178 -0.038607
v -0.076645 -0.051212 -0.036959
v -0.075972 -0.050763 -0.037352
v -0.095210 -0.039437 -0.036790
v -0.083442 -0.034563 -0.038607
v -0.085163 -0.035276 -0.036959
v -0.084416 -0.034966 -0.037352
v -0.101075 -0.020105 -0.036790
v -0.088582 -0.017620 -0.038607
v -0.090409 -0.017983 -0.036959
v -0.089615 -0.017826 -0.037352
v -0.103055 -0.000000 -0.036790
v -0.090317 -0.000000 -0.038607
v -0.092180 -0.000000 -0.036959
v -0.091371 -0.000000 -0.037352
v -0.101075 0.020105 -0.036790
v -0.088582 0.017620 -0.038607
v -0.090409 0.017983 -0.036959
v -0.089615 0.017825 -0.037352
v -0.095210 0.039437 -0.036790
v -0.083442 0.034563 -0.038607
v -0.085163 0.035276 -0.036959
v -0.084416 0.034966 -0.037352
v -0.085687 0.057254 -0.036790
v -0.075096 0.050177 -0.038607
v -0.076645 0.051212 -0.036959
v -0.075972 0.050763 -0.037352
v -0.072871 0.072871 -0.036790
v -0.063864 0.063864 -0.038607
v -0.065181 0.065181 -0.036959
v -0.064609 0.064609 -0.037352
v -0.057254 0.085687 -0.036790
v -0.050177 0.075096 -0.038607
v -0.051212 0.076645 -0.036959
v -0.050763 0.075972 -0.037352
v -0.039437 0.095210 -0.036790
v -0.034563 0.083442 -0.038607
v -0.035276 0.085163 -0.036959
v -0.034966 0.084415 -0.037352
v -0.020105 0.101074 -0.036790
v -0.017620 0.088581 -0.038607
v -0.017983 0.090409 -0.036959
v -0.017825 0.089615 -0.037352
v 0.000000 0.103055 -0.036790
v 0.000000 0.090317 -0.038607
v 0.000000 0.092180 -0.036959
v 0.000000 0.091371 -0.037352
v 0.020105 0.101074 -0.036790
v 0.017620 0.088581 -0.038607
v 0.017983 0.090408 -0.036959
v 0.017826 0.089615 -0.037352
v 0.039437 0.095210 -0.036790
v 0.034563 0.083442 -0.038607
v 0.035276 0.085163 -0.036959
v 0.034966 0.084415 -0.037352
v 0.057254 0.085687 -0.036790
v 0.050177 0.075096 -0.038607
v 0.051212 0.076645 -0.036959
v 0.050763 0.075972 -0.037352
v 0.072871 0.072870 -0.036790
v 0.063864 0.063864 -0.038607
v 0.065181 0.065181 -0.036959
v 0.064609 0.064609 -0.037352
v 0.085687 0.057254 -0.036790
v 0.075096 0.050177 -0.038607
v 0.076645 0.051212 -0.036959
v 0.075972 0.050763 -0.037352
v 0.095210 0.039437 -0.036790
v 0.083442 0.034563 -0.038607
v 0.085163 0.035275 -0.036959
v 0.084416 0.034966 -0.037352
v 0.101074 0.020105 -0.036790
v 0.088582 0.017620 -0.038607
v 0.090409 0.017983 -0.036959
v 0.089615 0.017825 -0.037352
v 0.076772 -0.000000 -0.043854
v 0.088018 -0.000000 -0.042037
v 0.086155 -0.000000 -0.043685
v 0.086964 -0.000000 -0.043291
v 0.086326 -0.017171 -0.042037
v 0.075297 -0.014978 -0.043854
v 0.085293 -0.016966 -0.043291
v 0.084499 -0.016808 -0.043685
v 0.081318 -0.033683 -0.042037
v 0.070928 -0.029380 -0.043854
v 0.080344 -0.033280 -0.043291
v 0.079597 -0.032970 -0.043685
v 0.073184 -0.048900 -0.042037
v 0.063834 -0.042653 -0.043854
v 0.072308 -0.048315 -0.043291
v 0.071635 -0.047865 -0.043685
v 0.062238 -0.062238 -0.042037
v 0.054286 -0.054286 -0.043854
v 0.061493 -0.061493 -0.043291
v 0.060921 -0.060921 -0.043685
v 0.048900 -0.073184 -0.042037
v 0.042652 -0.063834 -0.043854
v 0.048315 -0.072308 -0.043291
v 0.047865 -0.071635 -0.043685
v 0.033683 -0.081318 -0.042037
v 0.029380 -0.070929 -0.043854
v 0.033280 -0.080344 -0.043291
v 0.032970 -0.079597 -0.043685
v 0.017171 -0.086327 -0.042037
v 0.014978 -0.075297 -0.043854
v 0.016966 -0.085293 -0.043291
v 0.016808 -0.084500 -0.043685
v -0.000000 -0.088018 -0.042037
v -0.000000 -0.076773 -0.043854
v -0.000000 -0.086964 -0.043291
v -0.000000 -0.086155 -0.043685
v -0.017171 -0.086327 -0.042037
v -0.014978 -0.075297 -0.043854
v -0.016966 -0.085293 -0.043291
v -0.016808 -0.084500 -0.043685
v -0.033683 -0.081318 -0.042037
v -0.029380 -0.070929 -0.043854
v -0.033280 -0.080344 -0.043291
v -0.032970 -0.079597 -0.043685
v -0.048900 -0.073184 -0.042037
v -0.042653 -0.063834 -0.043854
v -0.048315 -0.072308 -0.043291
v -0.047865 -0.071635 -0.043685
v -0.062238 -0.062238 -0.042037
v -0.054286 -0.054286 -0.043854
v -0.061493 -0.061493 -0.043291
v -0.060921 -0.060921 -0.043685
v -0.073184 -0.048900 -0.042037
v -0.063834 -0.042653 -0.043854
v -0.072308 -0.048315 -0.043291
v -0.071635 -0.047865 -0.043685
v -0.081318 -0.033683 -0.042037
v -0.070929 -0.029380 -0.043854
v -0.080344 -0.033280 -0.043291
v -0.079597 -0.032970 -0.043685
v -0.086327 -0.017171 -0.042037
v -0.075297 -0.014978 -0.043854
v -0.085293 -0.016966 -0.043291
v -0.084499 -0.016808 -0.043685
v -0.088018 -0.000000 -0.042037
v -0.076773 -0.000000 -0.043854
v -0.086964 -0.000000 -0.043291
v -0.086155 -0.000000 -0.043685
v -0.086327 0.017171 -0.042037
v -0.075297 0.014977 -0.043854
v -0.085293 0.016966 -0.043291
v -0.084499 0.016808 -0.043685
v -0.081318 0.033683 -0.042037
v -0.070929 0.029379 -0.043854
v -0.080344 0.033280 -0.043291
v -0.079597 0.032970 -0.043685
v -0.073184 0.048900 -0.042037
v -0.063834 0.042652 -0.043854
v -0.072308 0.048315 -0.043291
v -0.071635 0.047865 -0.043685
v -0.062238 0.062238 -0.042037
v -0.054286 0.054286 -0.043854
v -0.061493 0.061493 -0.043291
v -0.060921 0.060921 -0.043685
v -0.048900 0.073184 -0.042037
v -0.042653 0.063834 -0.043854
v -0.048315 0.072308 -0.043291
v -0.047865 0.071635 -0.043685
v -0.033683 0.081318 -0.042037
v -0.029380 0.070928 -0.043854
v -0.033280 0.080344 -0.043291
v -0.032970 0.079597 -0.043685
v -0.017171 0.086326 -0.042037
v -0.014978 0.075297 -0.043854
v -0.016966 0.085293 -0.043291
v -0.016808 0.084499 -0.043685
v 0.000000 0.088018 -0.042037
v 0.000000 0.076772 -0.043854
v 0.000000 0.086964 -0.043291
v 0.000000 0.086155 -0.043685
v 0.017171 0.086326 -0.042037
v 0.014978 0.075297 -0.043854
v 0.016966 0.085293 -0.043291
v 0.016808 0.084499 -0.043685
v 0.033683 0.081318 -0.042037
v 0.029380 0.070928 -0.043854
v 0.033280 0.080344 -0.043291
v 0.032970 0.079597 -0.043685
v 0.048900 0.073184 -0.042037
v 0.042653 0.063834 -0.043854
v 0.048315 0.072308 -0.043291
v 0.047865 0.071635 -0.043685
v 0.062238 0.062238 -0.042037
v 0.054286 0.054286 -0.043854
v 0.061493 0.061493 -0.043291
v 0.060921 0.060920 -0.043685
v 0.073184 0.048900 -0.042037
v 0.063834 0.042652 -0.043854
v 0.072308 0.048314 -0.043291
v 0.071635 0.047865 -0.043685
v 0.081318 0.033683 -0.042037
v 0.070929 0.029379 -0.043854
v 0.080344 0.033279 -0.043291
v 0.079597 0.032970 -0.043685
v 0.086326 0.017171 -0.042037
v 0.075297 0.014977 -0.043854
v 0.085293 0.016966 -0.043291
v 0.084499 0.016808 -0.043685
v 0.031831 -0.000000 -0.039271
v 0.033247 -0.000000 -0.043851
v 0.032071 -0.000000 -0.043216
v 0.032624 -0.000000 -0.043660
v 0.032608 -0.006486 -0.043851
v 0.031219 -0.006210 -0.039271
v 0.031998 -0.006365 -0.043660
v 0.031455 -0.006257 -0.043216
v 0.030716 -0.012723 -0.043851
v 0.029408 -0.012181 -0.039271
v 0.030141 -0.012485 -0.043660
v 0.029630 -0.012273 -0.043216
v 0.027644 -0.018471 -0.043851
v 0.026467 -0.017684 -0.039271
v 0.027126 -0.018125 -0.043660
v 0.026666 -0.017818 -0.043216
v 0.023509 -0.023509 -0.043851
v 0.022508 -0.022508 -0.039271
v 0.023069 -0.023069 -0.043660
v 0.022677 -0.022678 -0.043216
v 0.018471 -0.027644 -0.043851
v 0.017684 -0.026467 -0.039271
v 0.018125 -0.027126 -0.043660
v 0.017818 -0.026666 -0.043216
v 0.012723 -0.030716 -0.043851
v 0.012181 -0.029408 -0.039271
v 0.012485 -0.030141 -0.043660
v 0.012273 -0.029630 -0.043216
v 0.006486 -0.032608 -0.043851
v 0.006210 -0.031220 -0.039271
v 0.006365 -0.031998 -0.043660
v 0.006257 -0.031455 -0.043216
v -0.000000 -0.033247 -0.043851
v -0.000000 -0.031831 -0.039271
v -0.000000 -0.032625 -0.043660
v -0.000000 -0.032071 -0.043216
v -0.006486 -0.032608 -0.043851
v -0.006210 -0.031220 -0.039271
v -0.006365 -0.031998 -0.043660
v -0.006257 -0.031455 -0.043216
v -0.012723 -0.030716 -0.043851
v -0.012181 -0.029408 -0.039271
v -0.012485 -0.030141 -0.043660
v -0.012273 -0.029630 -0.043216
v -0.018471 -0.027644 -0.043851
v -0.017684 -0.026467 -0.039271
v -0.018125 -0.027126 -0.043660
v -0.017818 -0.026666 -0.043216
v -0.023509 -0.023509 -0.043851
v -0.022508 -0.022508 -0.039271
v -0.023069 -0.023069 -0.043660
v -0.022678 -0.022678 -0.043216
v -0.027644 -0.018471 -0.043851
v -0.026467 -0.017684 -0.039271
v -0.027126 -0.018125 -0.043660
v -0.026666 -0.017818 -0.043216
v -0.030716 -0.012723 -0.043851
v -0.029408 -0.012181 -0.039271
v -0.030141 -0.012485 -0.043660
v -0.029630 -0.012273 -0.043216
v -0.032608 -0.006486 -0.043851
v -0.031219 -0.006210 -0.039271
v -0.031998 -0.006365 -0.043660
v -0.031455 -0.006257 -0.043216
v -0.033247 -0.000000 -0.043851
v -0.031831 -0.000000 -0.039271
v -0.032624 -0.000000 -0.043660
v -0.032071 -0.000000 -0.043216
v -0.032608 0.006486 -0.043851
v -0.031219 0.006210 -0.039271
v -0.031998 0.006365 -0.043660
v -0.031455 0.006257 -0.043216
v -0.030716 0.012723 -0.043851
v -0.029408 0.012181 -0.039271
v -0.030141 0.012485 -0.043660
v -0.029630 0.012273 -0.043216
v -0.027644 0.018471 -0.043851
v -0.026467 0.017684 -0.039271
v -0.027126 0.018125 -0.043660
v -0.026666 0.017818 -0.043216
v -0.023509 0.023509 -0.043851
v -0.022508 0.022508 -0.039271
v -0.023069 0.023069 -0.043660
v -0.022678 0.022677 -0.043216
v -0.018471 0.027644 -0.043851
v -0.017684 0.026466 -0.039271
v -0.018125 0.027126 -0.043660
v -0.017818 0.026666 -0.043216
v -0.012723 0.030716 -0.043851
v -0.012181 0.029408 -0.039271
v -0.012485 0.030141 -0.043660
v -0.012273 0.029630 -0.043216
v -0.006486 0.032608 -0.043851
v -0.006210 0.031219 -0.039271
v -0.006365 0.031997 -0.043660
v -0.006257 0.031455 -0.043216
v -0.000000 0.033247 -0.043851
v -0.000000 0.031831 -0.039271
v -0.000000 0.032624 -0.043660
v -0.000000 0.032071 -0.043216
v 0.006486 0.032608 -0.043851
v 0.006210 0.031219 -0.039271
v 0.006365 0.031997 -0.043660
v 0.006257 0.031455 -0.043216
v 0.012723 0.030716 -0.043851
v 0.012181 0.029408 -0.039271
v 0.012485 0.030141 -0.043660
v 0.012273 0.029629 -0.043216
v 0.018471 0.027644 -0.043851
v 0.017684 0.026466 -0.039271
v 0.018125 0.027126 -0.043660
v 0.017818 0.026666 -0.043216
v 0.023509 0.023509 -0.043851
v 0.022508 0.022508 -0.039271
v 0.023069 0.023069 -0.043660
v 0.022678 0.022677 -0.043216
v 0.027644 0.018471 -0.043851
v 0.026467 0.017684 -0.039271
v 0.027126 0.018125 -0.043660
v 0.026666 0.017817 -0.043216
v 0.030716 0.012723 -0.043851
v 0.029408 0.012181 -0.039271
v 0.030141 0.012485 -0.043660
v 0.029630 0.012273 -0.043216
v 0.032608 0.006486 -0.043851
v 0.031219 0.006210 -0.039271
v 0.031998 0.006365 -0.043660
v 0.031455 0.006257 -0.043216
v 0.192042 -0.000000 -0.003027
v 0.183754 -0.000000 -0.000024
v 0.189889 -0.000000 -0.000563
v 0.189043 -0.000000 -0.000186
v 0.180223 -0.035849 -0.000024
v 0.188352 -0.037466 -0.003027
v 0.185410 -0.036880 -0.000186
v 0.186240 -0.037046 -0.000563
v 0.169766 -0.070319 -0.000024
v 0.177423 -0.073491 -0.003027
v 0.174653 -0.072344 -0.000186
v 0.175434 -0.072667 -0.000563
v 0.152786 -0.102088 -0.000024
v 0.159677 -0.106693 -0.003027
v 0.157183 -0.105027 -0.000186
v 0.157887 -0.105497 -0.000563
v 0.129933 -0.129933 -0.000024
v 0.135794 -0.135794 -0.003027
v 0.133673 -0.133673 -0.000186
v 0.134272 -0.134272 -0.000563
v 0.102088 -0.152786 -0.000024
v 0.106693 -0.159677 -0.003027
v 0.105027 -0.157183 -0.000186
v 0.105497 -0.157887 -0.000562
v 0.070319 -0.169766 -0.000024
v 0.073491 -0.177423 -0.003027
v 0.072344 -0.174653 -0.000186
v 0.072667 -0.175434 -0.000562
v 0.035849 -0.180223 -0.000024
v 0.037465 -0.188352 -0.003027
v 0.036880 -0.185410 -0.000186
v 0.037045 -0.186240 -0.000562
v 0.000000 -0.183754 -0.000024
v 0.000000 -0.192042 -0.003027
v 0.000000 -0.189043 -0.000186
v 0.000000 -0.189889 -0.000562
v -0.035849 -0.180223 -0.000024
v -0.037465 -0.188352 -0.003027
v -0.036880 -0.185410 -0.000186
v -0.037045 -0.186240 -0.000562
v -0.070319 -0.169766 -0.000024
v -0.073491 -0.177423 -0.003027
v -0.072344 -0.174653 -0.000186
v -0.072667 -0.175434 -0.000562
v -0.102088 -0.152786 -0.000024
v -0.106693 -0.159677 -0.003027
v -0.105027 -0.157183 -0.000186
v -0.105497 -0.157887 -0.000562
v -0.129933 -0.129933 -0.000024
v -0.135794 -0.135794 -0.003027
v -0.133673 -0.133673 -0.000186
v -0.134272 -0.134272 -0.000562
v -0.152786 -0.102088 -0.000024
v -0.159677 -0.106693 -0.003027
v -0.157183 -0.105027 -0.000186
v -0.157887 -0.105497 -0.000562
v -0.169766 -0.070319 -0.000024
v -0.177423 -0.073491 -0.003027
v -0.174653 -0.072344 -0.000186
v -0.175434 -0.072667 -0.000562
v -0.180223 -0.035849 -0.000024
v -0.188352 -0.037465 -0.003027
v -0.185410 -0.036880 -0.000186
v -0.186240 -0.037045 -0.000562
v -0.183754 0.000000 -0.000024
v -0.192042 0.000000 -0.003027
v -0.189043 0.000000 -0.000186
v -0.189889 0.000000 -0.000562
v -0.180223 0.035849 -0.000024
v -0.188352 0.037465 -0.003027
v -0.185410 0.036880 -0.000186
v -0.186240 0.037045 -0.000562
v -0.169766 0.070319 -0.000024
v -0.177423 0.073491 -0.003027
v -0.174653 0.072344 -0.000186
v -0.175434 0.072667 -0.000562
v -0.152785 0.102088 -0.000024
v -0.159677 0.106693 -0.003027
v -0.157183 0.105027 -0.000186
v -0.157887 0.105497 -0.000562
v -0.129933 0.129933 -0.000024
v -0.135794 0.135794 -0.003027
v -0.133673 0.133673 -0.000186
v -0.134272 0.134272 -0.000563
v -0.102088 0.152785 -0.000024
v -0.106692 0.159677 -0.003027
v -0.105026 0.157183 -0.000186
v -0.105496 0.157887 -0.000563
v -0.070319 0.169766 -0.000024
v -0.073491 0.177423 -0.003027
v -0.072343 0.174653 -0.000186
v -0.072667 0.175434 -0.000563
v -0.035848 0.180223 -0.000024
v -0.037465 0.188352 -0.003027
v -0.036880 0.185410 -0.000186
v -0.037045 0.186240 -0.000563
v 0.000000 0.183753 -0.000024
v 0.000000 0.192042 -0.003027
v 0.000000 0.189043 -0.000186
v 0.000000 0.189889 -0.000563
v 0.035849 0.180223 -0.000024
v 0.037466 0.188351 -0.003027
v 0.036881 0.185410 -0.000186
v 0.037046 0.186240 -0.000563
v 0.070320 0.169766 -0.000024
v 0.073491 0.177423 -0.003027
v 0.072344 0.174653 -0.000186
v 0.072668 0.175434 -0.000563
v 0.102088 0.152785 -0.000024
v 0.106693 0.159677 -0.003027
v 0.105027 0.157183 -0.000186
v 0.105497 0.157887 -0.000563
v 0.129934 0.129933 -0.000024
v 0.135794 0.135794 -0.003027
v 0.133674 0.133673 -0.000186
v 0.134272 0.134271 -0.000563
v 0.152786 0.102088 -0.000024
v 0.159677 0.106692 -0.003027
v 0.157184 0.105026 -0.000186
v 0.157887 0.105496 -0.000563
v 0.169766 0.070319 -0.000024
v 0.177423 0.073491 -0.003027
v 0.174653 0.072343 -0.000186
v 0.175435 0.072667 -0.000563
v 0.180223 0.035848 -0.000024
v 0.188352 0.037465 -0.003027
v 0.185410 0.036880 -0.000186
v 0.186240 0.037045 -0.000563
v 0.165297 -0.000000 -0.000026
v 0.158352 -0.000000 -0.001865
v 0.160040 -0.000000 -0.000201
v 0.159267 -0.000000 -0.000609
v 0.155309 -0.030893 -0.001865
v 0.162121 -0.032248 -0.000026
v 0.156207 -0.031071 -0.000609
v 0.156964 -0.031222 -0.000201
v 0.146298 -0.060599 -0.001865
v 0.152715 -0.063256 -0.000026
v 0.147143 -0.060949 -0.000609
v 0.147857 -0.061245 -0.000201
v 0.131665 -0.087976 -0.001865
v 0.137439 -0.091834 -0.000026
v 0.132426 -0.088484 -0.000609
v 0.133068 -0.088913 -0.000201
v 0.111972 -0.111972 -0.001865
v 0.116883 -0.116883 -0.000026
v 0.112619 -0.112619 -0.000608
v 0.113165 -0.113165 -0.000201
v 0.087976 -0.131665 -0.001865
v 0.091834 -0.137439 -0.000026
v 0.088484 -0.132426 -0.000608
v 0.088913 -0.133068 -0.000201
v 0.060599 -0.146298 -0.001865
v 0.063256 -0.152715 -0.000026
v 0.060949 -0.147144 -0.000608
v 0.061244 -0.147857 -0.000201
v 0.030893 -0.155309 -0.001865
v 0.032248 -0.162121 -0.000026
v 0.031071 -0.156207 -0.000608
v 0.031222 -0.156964 -0.000201
v 0.000000 -0.158352 -0.001865
v 0.000000 -0.165297 -0.000026
v 0.000000 -0.159267 -0.000608
v 0.000000 -0.160040 -0.000201
v -0.030893 -0.155309 -0.001865
v -0.032248 -0.162121 -0.000026
v -0.031071 -0.156207 -0.000608
v -0.031222 -0.156964 -0.000201
v -0.060599 -0.146298 -0.001865
v -0.063256 -0.152715 -0.000026
v -0.060949 -0.147144 -0.000608
v -0.061244 -0.147857 -0.000201
v -0.087976 -0.131665 -0.001865
v -0.091834 -0.137439 -0.000026
v -0.088484 -0.132426 -0.000608
v -0.088913 -0.133068 -0.000201
v -0.111972 -0.111972 -0.001865
v -0.116883 -0.116883 -0.000026
v -0.112619 -0.112619 -0.000608
v -0.113165 -0.113165 -0.000201
v -0.131665 -0.087976 -0.001865
v -0.137439 -0.091834 -0.000026
v -0.132426 -0.088484 -0.000608
v -0.133068 -0.088913 -0.000201
v -0.146298 -0.060599 -0.001865
v -0.152715 -0.063256 -0.000026
v -0.147143 -0.060949 -0.000608
v -0.147857 -0.061244 -0.000201
v -0.155309 -0.030893 -0.001865
v -0.162121 -0.032248 -0.000026
v -0.156207 -0.031071 -0.000608
v -0.156964 -0.031222 -0.000201
v -0.158352 0.000000 -0.001865
v -0.165297 0.000000 -0.000026
v -0.159267 0.000000 -0.000608
v -0.160040 0.000000 -0.000201
v -0.155309 0.030893 -0.001865
v -0.162121 0.032248 -0.000026
v -0.156207 0.031071 -0.000608
v -0.156964 0.031222 -0.000201
v -0.146298 0.060599 -0.001865
v -0.152714 0.063256 -0.000026
v -0.147143 0.060949 -0.000608
v -0.147857 0.061244 -0.000201
v -0.131665 0.087976 -0.001865
v -0.137439 0.091834 -0.000026
v -0.132426 0.088484 -0.000608
v -0.133068 0.088913 -0.000201
v -0.111972 0.111972 -0.001865
v -0.116883 0.116883 -0.000026
v -0.112619 0.112619 -0.000608
v -0.113165 0.113165 -0.000201
v -0.087976 0.131665 -0.001865
v -0.091834 0.137439 -0.000026
v -0.088484 0.132426 -0.000609
v -0.088913 0.133068 -0.000201
v -0.060599 0.146298 -0.001865
v -0.063256 0.152714 -0.000026
v -0.060949 0.147143 -0.000609
v -0.061244 0.147857 -0.000201
v -0.030893 0.155309 -0.001865
v -0.032248 0.162121 -0.000026
v -0.031071 0.156207 -0.000609
v -0.031222 0.156964 -0.000201
v 0.000000 0.158352 -0.001865
v 0.000000 0.165297 -0.000026
v 0.000000 0.159267 -0.000609
v 0.000000 0.160039 -0.000201
v 0.030893 0.155309 -0.001865
v 0.032248 0.162121 -0.000026
v 0.031072 0.156207 -0.000609
v 0.031222 0.156964 -0.000201
v 0.060599 0.146298 -0.001865
v 0.063257 0.152714 -0.000026
v 0.060949 0.147143 -0.000609
v 0.061245 0.147857 -0.000201
v 0.087976 0.131665 -0.001865
v 0.091834 0.137439 -0.000026
v 0.088484 0.132425 -0.000609
v 0.088913 0.133068 -0.000201
v 0.111972 0.111972 -0.001865
v 0.116883 0.116882 -0.000026
v 0.112619 0.112619 -0.000609
v 0.113165 0.113165 -0.000201
v 0.131665 0.087975 -0.001865
v 0.137440 0.091834 -0.000026
v 0.132426 0.088484 -0.000609
v 0.133068 0.088913 -0.000201
v 0.146298 0.060598 -0.001865
v 0.152715 0.063256 -0.000026
v 0.147144 0.060949 -0.000609
v 0.147857 0.061244 -0.000201
v 0.155309 0.030893 -0.001865
v 0.162121 0.032248 -0.000026
v 0.156207 0.031071 -0.000609
v 0.156964 0.031222 -0.000201
v 0.156461 -0.000000 -0.005249
v 0.143915 -0.000000 -0.007088
v 0.155547 -0.000000 -0.006506
v 0.154774 -0.000000 -0.006913
v 0.141150 -0.028076 -0.007088
v 0.153455 -0.030524 -0.005249
v 0.151800 -0.030195 -0.006913
v 0.152558 -0.030346 -0.006506
v 0.132960 -0.055074 -0.007088
v 0.144552 -0.059875 -0.005249
v 0.142993 -0.059229 -0.006913
v 0.143706 -0.059525 -0.006506
v 0.119661 -0.079955 -0.007088
v 0.130093 -0.086925 -0.005249
v 0.128690 -0.085988 -0.006913
v 0.129332 -0.086417 -0.006506
v 0.101763 -0.101763 -0.007088
v 0.110635 -0.110635 -0.005249
v 0.109442 -0.109442 -0.006913
v 0.109988 -0.109988 -0.006506
v 0.079955 -0.119661 -0.007088
v 0.086925 -0.130093 -0.005249
v 0.085988 -0.128690 -0.006913
v 0.086417 -0.129332 -0.006506
v 0.055074 -0.132960 -0.007088
v 0.059875 -0.144552 -0.005249
v 0.059229 -0.142993 -0.006913
v 0.059525 -0.143706 -0.006506
v 0.028076 -0.141150 -0.007088
v 0.030524 -0.153455 -0.005249
v 0.030195 -0.151800 -0.006913
v 0.030346 -0.152558 -0.006506
v 0.000000 -0.143915 -0.007088
v 0.000000 -0.156461 -0.005249
v 0.000000 -0.154774 -0.006913
v 0.000000 -0.155547 -0.006506
v -0.028076 -0.141150 -0.007088
v -0.030524 -0.153455 -0.005249
v -0.030195 -0.151800 -0.006913
v -0.030346 -0.152558 -0.006506
v -0.055074 -0.132960 -0.007088
v -0.059875 -0.144552 -0.005249
v -0.059229 -0.142993 -0.006913
v -0.059525 -0.143706 -0.006506
v -0.079955 -0.119661 -0.007088
v -0.086925 -0.130093 -0.005249
v -0.085988 -0.128690 -0.006913
v -0.086417 -0.129332 -0.006506
v -0.101763 -0.101763 -0.007088
v -0.110635 -0.110635 -0.005249
v -0.109442 -0.109442 -0.006913
v -0.109988 -0.109988 -0.006506
v -0.119661 -0.079955 -0.007088
v -0.130093 -0.086925 -0.005249
v -0.128690 -0.085988 -0.006913
v -0.129332 -0.086417 -0.006506
v -0.132960 -0.055074 -0.007088
v -0.144552 -0.059875 -0.005249
v -0.142993 -0.059229 -0.006913
v -0.143706 -0.059525 -0.006506
v -0.141150 -0.028076 -0.007088
v -0.153455 -0.030524 -0.005249
v -0.151800 -0.030195 -0.006913
v -0.152558 -0.030346 -0.006506
v -0.143915 -0.000000 -0.007088
v -0.156461 -0.000000 -0.005249
v -0.154774 -0.000000 -0.006913
v -0.155547 -0.000000 -0.006506
v -0.141150 0.028076 -0.007088
v -0.153455 0.030524 -0.005249
v -0.151800 0.030195 -0.006913
v -0.152558 0.030346 -0.006506
v -0.132960 0.055074 -0.007088
v -0.144551 0.059875 -0.005249
v -0.142992 0.059229 -0.006913
v -0.143706 0.059525 -0.006506
v -0.119661 0.079955 -0.007088
v -0.130093 0.086925 -0.005249
v -0.128690 0.085988 -0.006913
v -0.129332 0.086417 -0.006506
v -0.101763 0.101763 -0.007088
v -0.110635 0.110635 -0.005249
v -0.109442 0.109442 -0.006913
v -0.109988 0.109988 -0.006506
v -0.079955 0.119661 -0.007088
v -0.086925 0.130093 -0.005249
v -0.085988 0.128690 -0.006913
v -0.086417 0.129332 -0.006506
v -0.055074 0.132960 -0.007088
v -0.059875 0.144551 -0.005249
v -0.059229 0.142992 -0.006913
v -0.059525 0.143706 -0.006506
v -0.028076 0.141150 -0.007088
v -0.030524 0.153455 -0.005249
v -0.030195 0.151800 -0.006913
v -0.030345 0.152558 -0.006506
v 0.000000 0.143915 -0.007088
v 0.000000 0.156461 -0.005249
v 0.000000 0.154774 -0.006913
v 0.000000 0.155546 -0.006506
v 0.028077 0.141150 -0.007088
v 0.030524 0.153455 -0.005249
v 0.030195 0.151800 -0.006913
v 0.030346 0.152558 -0.006506
v 0.055074 0.132960 -0.007089
v 0.059875 0.144551 -0.005249
v 0.059230 0.142992 -0.006913
v 0.059525 0.143706 -0.006506
v 0.079955 0.119661 -0.007089
v 0.086925 0.130093 -0.005249
v 0.085988 0.128690 -0.006913
v 0.086417 0.129332 -0.006506
v 0.101763 0.101763 -0.007089
v 0.110635 0.110635 -0.005249
v 0.109442 0.109442 -0.006913
v 0.109988 0.109988 -0.006506
v 0.119661 0.079955 -0.007089
v 0.130093 0.086925 -0.005249
v 0.128690 0.085988 -0.006913
v 0.129332 0.086417 -0.006506
v 0.132960 0.055074 -0.007089
v 0.144552 0.059875 -0.005249
v 0.142993 0.059229 -0.006913
v 0.143706 0.059525 -0.006506
v 0.141150 0.028076 -0.007089
v 0.153455 0.030524 -0.005249
v 0.151800 0.030195 -0.006913
v 0.152558 0.030345 -0.006506
v 0.103055 -0.000000 -0.007089
v 0.090317 -0.000000 -0.005272
v 0.092180 -0.000000 -0.006920
v 0.091371 -0.000000 -0.006527
v 0.088582 -0.017620 -0.005272
v 0.101074 -0.020105 -0.007089
v 0.089615 -0.017826 -0.006527
v 0.090409 -0.017983 -0.006920
v 0.083442 -0.034563 -0.005272
v 0.095210 -0.039437 -0.007089
v 0.084416 -0.034966 -0.006527
v 0.085163 -0.035276 -0.006920
v 0.075096 -0.050177 -0.005272
v 0.085687 -0.057254 -0.007089
v 0.075972 -0.050763 -0.006527
v 0.076645 -0.051212 -0.006920
v 0.063864 -0.063864 -0.005272
v 0.072871 -0.072871 -0.007089
v 0.064609 -0.064609 -0.006527
v 0.065181 -0.065181 -0.006920
v 0.050177 -0.075096 -0.005272
v 0.057254 -0.085687 -0.007089
v 0.050763 -0.075972 -0.006527
v 0.051212 -0.076645 -0.006920
v 0.034563 -0.083442 -0.005272
v 0.039437 -0.095210 -0.007089
v 0.034966 -0.084416 -0.006527
v 0.035276 -0.085163 -0.006920
v 0.017620 -0.088582 -0.005272
v 0.020105 -0.101075 -0.007089
v 0.017826 -0.089615 -0.006527
v 0.017983 -0.090409 -0.006920
v 0.000000 -0.090317 -0.005272
v 0.000000 -0.103055 -0.007089
v 0.000000 -0.091371 -0.006527
v 0.000000 -0.092180 -0.006920
v -0.017620 -0.088582 -0.005272
v -0.020105 -0.101075 -0.007089
v -0.017826 -0.089615 -0.006527
v -0.017983 -0.090409 -0.006920
v -0.034563 -0.083442 -0.005272
v -0.039437 -0.095210 -0.007089
v -0.034966 -0.084416 -0.006527
v -0.035276 -0.085163 -0.006920
v -0.050177 -0.075096 -0.005272
v -0.057254 -0.085687 -0.007089
v -0.050763 -0.075972 -0.006527
v -0.051212 -0.076645 -0.006920
v -0.063864 -0.063864 -0.005272
v -0.072871 -0.072871 -0.007089
v -0.064609 -0.064609 -0.006527
v -0.065181 -0.065181 -0.006920
v -0.075096 -0.050177 -0.005272
v -0.085687 -0.057254 -0.007089
v -0.075972 -0.050763 -0.006527
v -0.076645 -0.051212 -0.006920
v -0.083442 -0.034563 -0.005272
v -0.095210 -0.039437 -0.007089
v -0.084416 -0.034966 -0.006527
v -0.085163 -0.035276 -0.006920
v -0.088582 -0.017620 -0.005272
v -0.101074 -0.020105 -0.007089
v -0.089615 -0.017826 -0.006527
v -0.090409 -0.017983 -0.006920
v -0.090317 -0.000000 -0.005272
v -0.103055 -0.000000 -0.007089
v -0.091371 -0.000000 -0.006527
v -0.092180 -0.000000 -0.006920
v -0.088582 0.017620 -0.005272
v -0.101074 0.020105 -0.007089
v -0.089615 0.017826 -0.006527
v -0.090409 0.017983 -0.006920
v -0.083442 0.034563 -0.005272
v -0.095210 0.039437 -0.007089
v -0.084416 0.034966 -0.006527
v -0.085163 0.035276 -0.006920
v -0.075096 0.050177 -0.005272
v -0.085687 0.057254 -0.007089
v -0.075972 0.050763 -0.006527
v -0.076645 0.051212 -0.006920
v -0.063864 0.063864 -0.005272
v -0.072871 0.072871 -0.007089
v -0.064609 0.064609 -0.006527
v -0.065181 0.065181 -0.006920
v -0.050177 0.075096 -0.005272
v -0.057254 0.085687 -0.007089
v -0.050763 0.075972 -0.006527
v -0.051212 0.076645 -0.006920
v -0.034563 0.083442 -0.005272
v -0.039437 0.095210 -0.007089
v -0.034966 0.084415 -0.006527
v -0.035276 0.085163 -0.006920
v -0.017620 0.088582 -0.005272
v -0.020105 0.101074 -0.007089
v -0.017825 0.089615 -0.006527
v -0.017983 0.090409 -0.006920
v 0.000000 0.090317 -0.005272
v 0.000000 0.103055 -0.007089
v 0.000000 0.091371 -0.006527
v 0.000000 0.092180 -0.006920
v 0.017620 0.088581 -0.005272
v 0.020105 0.101074 -0.007089
v 0.017826 0.089615 -0.006527
v 0.017983 0.090409 -0.006920
v 0.034563 0.083442 -0.005272
v 0.039437 0.095210 -0.007089
v 0.034966 0.084415 -0.006527
v 0.035276 0.085163 -0.006920
v 0.050178 0.075096 -0.005272
v 0.057254 0.085687 -0.007089
v 0.050763 0.075972 -0.006527
v 0.051212 0.076645 -0.006920
v 0.063864 0.063864 -0.005272
v 0.072871 0.072870 -0.007089
v 0.064609 0.064609 -0.006527
v 0.065181 0.065181 -0.006920
v 0.075096 0.050177 -0.005272
v 0.085687 0.057254 -0.007089
v 0.075972 0.050763 -0.006527
v 0.076645 0.051212 -0.006920
v 0.083442 0.034563 -0.005272
v 0.095210 0.039437 -0.007089
v 0.084416 0.034966 -0.006527
v 0.085163 0.035276 -0.006920
v 0.088582 0.017620 -0.005272
v 0.101074 0.020105 -0.007089
v 0.089615 0.017825 -0.006527
v 0.090409 0.017983 -0.006920
v 0.088018 -0.000000 -0.001842
v 0.076773 -0.000000 -0.000025
v 0.086964 -0.000000 -0.000588
v 0.086155 -0.000000 -0.000194
v 0.075297 -0.014978 -0.000025
v 0.086326 -0.017171 -0.001842
v 0.084499 -0.016808 -0.000194
v 0.085293 -0.016966 -0.000588
v 0.070929 -0.029380 -0.000025
v 0.081318 -0.033683 -0.001842
v 0.079597 -0.032970 -0.000194
v 0.080344 -0.033280 -0.000588
v 0.063834 -0.042653 -0.000025
v 0.073184 -0.048900 -0.001842
v 0.071635 -0.047865 -0.000194
v 0.072308 -0.048315 -0.000588
v 0.054286 -0.054286 -0.000025
v 0.062238 -0.062238 -0.001842
v 0.060921 -0.060921 -0.000194
v 0.061493 -0.061493 -0.000588
v 0.042653 -0.063834 -0.000025
v 0.048900 -0.073184 -0.001842
v 0.047865 -0.071635 -0.000194
v 0.048315 -0.072308 -0.000588
v 0.029380 -0.070929 -0.000025
v 0.033683 -0.081318 -0.001842
v 0.032970 -0.079597 -0.000194
v 0.033280 -0.080344 -0.000588
v 0.014978 -0.075297 -0.000025
v 0.017171 -0.086327 -0.001842
v 0.016808 -0.084499 -0.000194
v 0.016966 -0.085293 -0.000588
v 0.000000 -0.076773 -0.000025
v 0.000000 -0.088018 -0.001842
v 0.000000 -0.086155 -0.000194
v 0.000000 -0.086964 -0.000588
v -0.014978 -0.075297 -0.000025
v -0.017171 -0.086327 -0.001842
v -0.016808 -0.084499 -0.000194
v -0.016966 -0.085293 -0.000588
v -0.029380 -0.070929 -0.000025
v -0.033683 -0.081318 -0.001842
v -0.032970 -0.079597 -0.000194
v -0.033280 -0.080344 -0.000588
v -0.042653 -0.063834 -0.000025
v -0.048900 -0.073184 -0.001842
v -0.047865 -0.071635 -0.000194
v -0.048315 -0.072308 -0.000588
v -0.054286 -0.054286 -0.000025
v -0.062238 -0.062238 -0.001842
v -0.060921 -0.060921 -0.000194
v -0.061493 -0.061493 -0.000588
v -0.063834 -0.042653 -0.000025
v -0.073184 -0.048900 -0.001842
v -0.071635 -0.047865 -0.000194
v -0.072308 -0.048315 -0.000588
v -0.070929 -0.029380 -0.000025
v -0.081318 -0.033683 -0.001842
v -0.079597 -0.032970 -0.000194
v -0.080344 -0.033280 -0.000588
v -0.075297 -0.014978 -0.000025
v -0.086326 -0.017171 -0.001842
v -0.084499 -0.016808 -0.000194
v -0.085293 -0.016966 -0.000588
v -0.076773 -0.000000 -0.000025
v -0.088018 -0.000000 -0.001842
v -0.086155 -0.000000 -0.000194
v -0.086964 -0.000000 -0.000588
v -0.075297 0.014978 -0.000025
v -0.086326 0.017171 -0.001842
v -0.084499 0.016808 -0.000194
v -0.085293 0.016966 -0.000588
v -0.070929 0.029380 -0.000025
v -0.081318 0.033683 -0.001842
v -0.079597 0.032970 -0.000194
v -0.080344 0.033280 -0.000588
v -0.063834 0.042653 -0.000025
v -0.073184 0.048900 -0.001842
v -0.071635 0.047865 -0.000194
v -0.072308 0.048315 -0.000588
v -0.054286 0.054286 -0.000025
v -0.062238 0.062238 -0.001842
v -0.060921 0.060921 -0.000194
v -0.061493 0.061493 -0.000588
v -0.042652 0.063834 -0.000025
v -0.048900 0.073184 -0.001842
v -0.047865 0.071635 -0.000194
v -0.048315 0.072308 -0.000588
v -0.029380 0.070929 -0.000025
v -0.033683 0.081318 -0.001842
v -0.032970 0.079597 -0.000194
v -0.033280 0.080344 -0.000588
v -0.014977 0.075297 -0.000025
v -0.017171 0.086326 -0.001842
v -0.016808 0.084499 -0.000194
v -0.016966 0.085293 -0.000588
v 0.000000 0.076772 -0.000025
v 0.000000 0.088018 -0.001842
v 0.000000 0.086155 -0.000194
v 0.000000 0.086964 -0.000588
v 0.014978 0.075297 -0.000025
v 0.017172 0.086326 -0.001842
v 0.016808 0.084499 -0.000194
v 0.016966 0.085293 -0.000588
v 0.029380 0.070928 -0.000025
v 0.033683 0.081318 -0.001842
v 0.032970 0.079597 -0.000194
v 0.033280 0.080344 -0.000588
v 0.042653 0.063834 -0.000025
v 0.048900 0.073184 -0.001842
v 0.047865 0.071635 -0.000194
v 0.048315 0.072308 -0.000588
v 0.054286 0.054286 -0.000025
v 0.062238 0.062238 -0.001842
v 0.060921 0.060921 -0.000194
v 0.061493 0.061493 -0.000588
v 0.063834 0.042652 -0.000025
v 0.073184 0.048900 -0.001842
v 0.071635 0.047865 -0.000194
v 0.072308 0.048314 -0.000588
v 0.070929 0.029379 -0.000025
v 0.081318 0.033683 -0.001842
v 0.079597 0.032970 -0.000194
v 0.080344 0.033279 -0.000588
v 0.075297 0.014977 -0.000025
v 0.086327 0.017171 -0.001842
v 0.084499 0.016808 -0.000194
v 0.085293 0.016966 -0.000588
v 0.033247 -0.000000 -0.000028
v 0.031831 -0.000000 -0.004608
v 0.032624 -0.000000 -0.000219
v 0.032071 -0.000000 -0.000663
v 0.031219 -0.006210 -0.004608
v 0.032608 -0.006486 -0.000028
v 0.031455 -0.006257 -0.000663
v 0.031998 -0.006365 -0.000219
v 0.029408 -0.012181 -0.004608
v 0.030716 -0.012723 -0.000028
v 0.029630 -0.012273 -0.000663
v 0.030141 -0.012485 -0.000219
v 0.026467 -0.017684 -0.004608
v 0.027644 -0.018471 -0.000028
v 0.026666 -0.017818 -0.000663
v 0.027126 -0.018125 -0.000219
v 0.022508 -0.022508 -0.004608
v 0.023509 -0.023509 -0.000028
v 0.022678 -0.022678 -0.000663
v 0.023069 -0.023069 -0.000219
v 0.017684 -0.026467 -0.004608
v 0.018471 -0.027644 -0.000028
v 0.017818 -0.026666 -0.000663
v 0.018125 -0.027126 -0.000219
v 0.012181 -0.029408 -0.004608
v 0.012723 -0.030716 -0.000028
v 0.012273 -0.029630 -0.000663
v 0.012485 -0.030141 -0.000219
v 0.006210 -0.031219 -0.004608
v 0.006486 -0.032608 -0.000028
v 0.006257 -0.031455 -0.000663
v 0.006365 -0.031998 -0.000219
v 0.000000 -0.031831 -0.004608
v 0.000000 -0.033247 -0.000028
v 0.000000 -0.032071 -0.000663
v 0.000000 -0.032624 -0.000219
v -0.006210 -0.031219 -0.004608
v -0.006486 -0.032608 -0.000028
v -0.006257 -0.031455 -0.000663
v -0.006365 -0.031998 -0.000219
v -0.012181 -0.029408 -0.004608
v -0.012723 -0.030716 -0.000028
v -0.012273 -0.029630 -0.000663
v -0.012485 -0.030141 -0.000219
v -0.017684 -0.026467 -0.004608
v -0.018471 -0.027644 -0.000028
v -0.017818 -0.026666 -0.000663
v -0.018125 -0.027126 -0.000219
v -0.022508 -0.022508 -0.004608
v -0.023509 -0.023509 -0.000028
v -0.022678 -0.022678 -0.000663
v -0.023069 -0.023069 -0.000219
v -0.026467 -0.017684 -0.004608
v -0.027644 -0.018471 -0.000028
v -0.026666 -0.017818 -0.000663
v -0.027126 -0.018125 -0.000219
v -0.029408 -0.012181 -0.004608
v -0.030716 -0.012723 -0.000028
v -0.029630 -0.012273 -0.000663
v -0.030141 -0.012485 -0.000219
v -0.031219 -0.006210 -0.004608
v -0.032608 -0.006486 -0.000028
v -0.031455 -0.006257 -0.000663
v -0.031998 -0.006365 -0.000219
v -0.031831 -0.000000 -0.004608
v -0.033247 -0.000000 -0.000028
v -0.032071 -0.000000 -0.000663
v -0.032624 -0.000000 -0.000219
v -0.031219 0.006210 -0.004608
v -0.032608 0.006486 -0.000028
v -0.031455 0.006257 -0.000663
v -0.031998 0.006365 -0.000219
v -0.029408 0.012181 -0.004608
v -0.030716 0.012723 -0.000028
v -0.029630 0.012273 -0.000663
v -0.030141 0.012485 -0.000219
v -0.026467 0.017684 -0.004608
v -0.027644 0.018471 -0.000028
v -0.026666 0.017818 -0.000663
v -0.027126 0.018125 -0.000219
v -0.022508 0.022508 -0.004608
v -0.023509 0.023509 -0.000028
v -0.022678 0.022677 -0.000663
v -0.023069 0.023069 -0.000219
v -0.017684 0.026466 -0.004608
v -0.018471 0.027644 -0.000028
v -0.017818 0.026666 -0.000663
v -0.018125 0.027126 -0.000219
v -0.012181 0.029408 -0.004608
v -0.012723 0.030716 -0.000028
v -0.012273 0.029630 -0.000663
v -0.012485 0.030141 -0.000219
v -0.006210 0.031219 -0.004608
v -0.006486 0.032608 -0.000028
v -0.006257 0.031455 -0.000663
v -0.006365 0.031997 -0.000219
v 0.000000 0.031831 -0.004608
v 0.000000 0.033247 -0.000028
v 0.000000 0.032071 -0.000663
v 0.000000 0.032624 -0.000219
v 0.006210 0.031219 -0.004608
v 0.006486 0.032608 -0.000028
v 0.006257 0.031455 -0.000663
v 0.006365 0.031997 -0.000219
v 0.012181 0.029408 -0.004608
v 0.012723 0.030716 -0.000028
v 0.012273 0.029630 -0.000663
v 0.012485 0.030141 -0.000219
v 0.017684 0.026466 -0.004608
v 0.018471 0.027644 -0.000028
v 0.017818 0.026666 -0.000663
v 0.018125 0.027126 -0.000219
v 0.022508 0.022508 -0.004608
v 0.023509 0.023509 -0.000028
v 0.022678 0.022677 -0.000663
v 0.023069 0.023069 -0.000219
v 0.026467 0.017684 -0.004608
v 0.027644 0.018471 -0.000028
v 0.026666 0.017818 -0.000663
v 0.027126 0.018125 -0.000219
v 0.029408 0.012181 -0.004608
v 0.030716 0.012723 -0.000028
v 0.029630 0.012273 -0.000663
v 0.030141 0.012485 -0.000219
v 0.031219 0.006210 -0.004608
v 0.032608 0.006486 -0.000028
v 0.031455 0.006257 -0.000663
v 0.031998 0.006365 -0.000219
v 0.199103 -0.019610 -0.021940
v 0.191452 -0.058076 -0.021940
v 0.176443 -0.094311 -0.021940
v 0.154654 -0.126921 -0.021939
v 0.126921 -0.154654 -0.021939
v 0.094311 -0.176443 -0.021939
v 0.058076 -0.191452 -0.021939
v 0.019610 -0.199103 -0.021939
v -0.019610 -0.199103 -0.021939
v -0.058076 -0.191452 -0.021939
v -0.094311 -0.176443 -0.021939
v -0.126921 -0.154654 -0.021939
v -0.154654 -0.126921 -0.021939
v -0.176443 -0.094311 -0.021939
v -0.191452 -0.058076 -0.021939
v -0.199103 -0.019610 -0.021939
v -0.199103 0.019610 -0.021939
v -0.191452 0.058076 -0.021939
v -0.176443 0.094311 -0.021939
v -0.154654 0.126921 -0.021939
v -0.126921 0.154654 -0.021939
v -0.094311 0.176443 -0.021940
v -0.058076 0.191452 -0.021940
v -0.019610 0.199103 -0.021940
v 0.019610 0.199103 -0.021940
v 0.058077 0.191452 -0.021940
v 0.094311 0.176443 -0.021940
v 0.126921 0.154653 -0.021940
v 0.154654 0.126921 -0.021940
v 0.176443 0.094310 -0.021940
v 0.191452 0.058076 -0.021940
v 0.199103 0.019610 -0.021940
v 0.197527 -0.019455 -0.031166
v 0.189936 -0.057617 -0.031166
v 0.175046 -0.093564 -0.031166
v 0.153429 -0.125916 -0.031166
v 0.125916 -0.153429 -0.031166
v 0.093564 -0.175046 -0.031166
v 0.057616 -0.189936 -0.031166
v 0.019455 -0.197527 -0.031165
v -0.019455 -0.197527 -0.031165
v -0.057616 -0.189936 -0.031165
v -0.093564 -0.175046 -0.031165
v -0.125916 -0.153429 -0.031165
v -0.153429 -0.125916 -0.031165
v -0.175046 -0.093564 -0.031165
v -0.189936 -0.057616 -0.031165
v -0.197527 -0.019455 -0.031165
v -0.197527 0.019455 -0.031165
v -0.189936 0.057616 -0.031166
v -0.175046 0.093564 -0.031166
v -0.153429 0.125916 -0.031166
v -0.125916 0.153429 -0.031166
v -0.093564 0.175046 -0.031166
v -0.057616 0.189936 -0.031166
v -0.019455 0.197527 -0.031166
v 0.019455 0.197527 -0.031166
v 0.057617 0.189936 -0.031166
v 0.093564 0.175046 -0.031166
v 0.125916 0.153429 -0.031166
v 0.153429 0.125916 -0.031166
v 0.175046 0.093564 -0.031166
v 0.189936 0.057616 -0.031166
v 0.197527 0.019454 -0.031166
v -0.038992 0.196029 -0.026327
v 0.000000 0.199869 -0.026327
v -0.076487 -0.184655 -0.026326
v -0.111042 -0.166185 -0.026326
v 0.038993 0.196029 -0.026327
v -0.141329 -0.141329 -0.026326
v 0.076487 0.184655 -0.026327
v -0.166185 -0.111042 -0.026326
v 0.111042 0.166185 -0.026327
v -0.184655 -0.076487 -0.026326
v 0.199869 -0.000000 -0.026327
v 0.196029 -0.038993 -0.026327
v 0.141329 0.141329 -0.026327
v -0.196029 -0.038993 -0.026326
v 0.184655 -0.076487 -0.026327
v 0.166186 0.111041 -0.026327
v -0.199870 -0.000000 -0.026326
v 0.166185 -0.111042 -0.026327
v 0.184655 0.076486 -0.026327
v -0.196029 0.038993 -0.026326
v 0.141329 -0.141329 -0.026327
v 0.196029 0.038992 -0.026327
v -0.184655 0.076487 -0.026327
v 0.111042 -0.166185 -0.026327
v -0.166185 0.111042 -0.026327
v 0.076487 -0.184655 -0.026327
v -0.141329 0.141329 -0.026327
v 0.038993 -0.196029 -0.026326
v -0.111041 0.166185 -0.026327
v -0.000000 -0.199870 -0.026326
v -0.076487 0.184655 -0.026327
v -0.038993 -0.196029 -0.026326
v 0.041825 -0.004120 -0.043879
v 0.040218 -0.012200 -0.043879
v 0.037065 -0.019812 -0.043879
v 0.032488 -0.026662 -0.043879
v 0.026662 -0.032488 -0.043879
v 0.019812 -0.037065 -0.043879
v 0.012200 -0.040218 -0.043879
v 0.004119 -0.041825 -0.043879
v -0.004119 -0.041825 -0.043879
v -0.012200 -0.040218 -0.043879
v -0.019812 -0.037065 -0.043879
v -0.026662 -0.032488 -0.043879
v -0.032488 -0.026662 -0.043879
v -0.037065 -0.019812 -0.043879
v -0.040218 -0.012200 -0.043879
v -0.041825 -0.004119 -0.043879
v -0.041825 0.004119 -0.043879
v -0.040218 0.012200 -0.043879
v -0.037065 0.019811 -0.043879
v -0.032488 0.026662 -0.043879
v -0.026662 0.032487 -0.043879
v -0.019812 0.037065 -0.043879
v -0.012200 0.040218 -0.043879
v -0.004119 0.041825 -0.043879
v 0.004119 0.041825 -0.043879
v 0.012200 0.040218 -0.043879
v 0.019812 0.037065 -0.043879
v 0.026662 0.032487 -0.043879
v 0.032488 0.026662 -0.043879
v 0.037065 0.019811 -0.043879
v 0.040218 0.012200 -0.043879
v 0.041825 0.004119 -0.043879
v 0.031642 -0.003117 -0.021939
v 0.030426 -0.009230 -0.021939
v 0.028041 -0.014988 -0.021939
v 0.024578 -0.020171 -0.021939
v 0.020171 -0.024578 -0.021939
v 0.014988 -0.028041 -0.021939
v 0.009230 -0.030426 -0.021939
v 0.003116 -0.031642 -0.021939
v -0.003116 -0.031642 -0.021939
v -0.009230 -0.030426 -0.021939
v -0.014988 -0.028041 -0.021939
v -0.020171 -0.024578 -0.021939
v -0.024578 -0.020171 -0.021939
v -0.028041 -0.014988 -0.021939
v -0.030426 -0.009230 -0.021939
v -0.031642 -0.003117 -0.021939
v -0.031642 0.003116 -0.021939
v -0.030426 0.009230 -0.021939
v -0.028041 0.014988 -0.021939
v -0.024578 0.020171 -0.021939
v -0.020171 0.024578 -0.021939
v -0.014988 0.028041 -0.021939
v -0.009230 0.030426 -0.021939
v -0.003116 0.031642 -0.021939
v 0.003116 0.031642 -0.021939
v 0.009230 0.030426 -0.021939
v 0.014988 0.028041 -0.021939
v 0.020171 0.024578 -0.021940
v 0.024578 0.020170 -0.021940
v 0.028041 0.014988 -0.021940
v 0.030426 0.009230 -0.021939
v 0.031642 0.003116 -0.021939
v 0.197527 -0.019455 -0.012713
v 0.189936 -0.057617 -0.012713
v 0.175046 -0.093564 -0.012713
v 0.153429 -0.125916 -0.012713
v 0.125916 -0.153429 -0.012713
v 0.093564 -0.175046 -0.012713
v 0.057616 -0.189936 -0.012713
v 0.019455 -0.197527 -0.012713
v -0.019455 -0.197527 -0.012713
v -0.057616 -0.189936 -0.012713
v -0.093564 -0.175046 -0.012713
v -0.125916 -0.153429 -0.012713
v -0.153429 -0.125916 -0.012713
v -0.175046 -0.093564 -0.012713
v -0.189936 -0.057616 -0.012713
v -0.197527 -0.019455 -0.012713
v -0.197527 0.019455 -0.012713
v -0.189936 0.057616 -0.012713
v -0.175046 0.093564 -0.012713
v -0.153429 0.125916 -0.012713
v -0.125916 0.153429 -0.012713
v -0.093564 0.175046 -0.012713
v -0.057616 0.189936 -0.012713
v -0.019455 0.197527 -0.012713
v 0.019455 0.197527 -0.012713
v 0.057617 0.189936 -0.012713
v 0.093564 0.175046 -0.012714
v 0.125916 0.153429 -0.012714
v 0.153429 0.125916 -0.012714
v 0.175046 0.093564 -0.012714
v 0.189936 0.057616 -0.012713
v 0.197527 0.019454 -0.012713
v -0.038992 0.196029 -0.017552
v 0.000000 0.199869 -0.017552
v -0.076487 -0.184655 -0.017552
v -0.111042 -0.166185 -0.017552
v 0.038993 0.196029 -0.017553
v -0.141329 -0.141329 -0.017552
v 0.076487 0.184655 -0.017553
v -0.166185 -0.111042 -0.017552
v 0.111042 0.166185 -0.017553
v -0.184655 -0.076487 -0.017552
v 0.199869 -0.000000 -0.017552
v 0.196029 -0.038993 -0.017552
v 0.141329 0.141329 -0.017553
v -0.196029 -0.038993 -0.017552
v 0.184655 -0.076487 -0.017552
v 0.166186 0.111041 -0.017553
v -0.199870 -0.000000 -0.017552
v 0.166185 -0.111042 -0.017552
v 0.184655 0.076486 -0.017553
v -0.196029 0.038993 -0.017552
v 0.141329 -0.141329 -0.017552
v 0.196029 0.038992 -0.017553
v -0.184655 0.076487 -0.017552
v 0.111042 -0.166185 -0.017552
v -0.166185 0.111042 -0.017552
v 0.076487 -0.184655 -0.017552
v -0.141329 0.141329 -0.017552
v 0.038993 -0.196029 -0.017552
v -0.111041 0.166185 -0.017552
v 0.000000 -0.199869 -0.017552
v -0.076487 0.184655 -0.017552
v -0.038993 -0.196029 -0.017552
v 0.041825 -0.004119 -0.000000
v 0.040218 -0.012200 -0.000000
v 0.037065 -0.019812 -0.000000
v 0.032488 -0.026662 -0.000000
v 0.026662 -0.032488 0.000000
v 0.019812 -0.037065 0.000000
v 0.012200 -0.040218 0.000000
v 0.004119 -0.041825 0.000000
v -0.004119 -0.041825 0.000000
v -0.012200 -0.040218 0.000000
v -0.019812 -0.037065 0.000000
v -0.026662 -0.032488 0.000000
v -0.032488 -0.026662 0.000000
v -0.037065 -0.019812 0.000000
v -0.040218 -0.012200 0.000000
v -0.041825 -0.004119 0.000000
v -0.041825 0.004119 0.000000
v -0.040218 0.012200 0.000000
v -0.037065 0.019812 0.000000
v -0.032488 0.026662 0.000000
v -0.026662 0.032488 0.000000
v -0.019812 0.037065 -0.000000
v -0.012200 0.040218 -0.000000
v -0.004119 0.041825 -0.000000
v 0.004119 0.041825 -0.000000
v 0.012200 0.040218 -0.000000
v 0.019812 0.037065 -0.000000
v 0.026662 0.032487 -0.000000
v 0.032488 0.026662 -0.000000
v 0.037065 0.019811 -0.000000
v 0.040218 0.012200 -0.000000
v 0.041825 0.004119 -0.000000
v 0.184432 -0.036686 -0.043799
v 0.182868 -0.018011 -0.043855
v 0.188045 -0.000000 -0.043799
v 0.188132 -0.018529 -0.043693
v 0.185842 -0.036966 -0.043529
v 0.189483 -0.000000 -0.043529
v 0.188974 -0.018612 -0.043317
v 0.186768 -0.037150 -0.042825
v 0.190426 -0.000000 -0.042825
v 0.191116 -0.018823 -0.040852
v 0.173731 -0.071962 -0.043799
v 0.175841 -0.053341 -0.043855
v 0.180902 -0.054876 -0.043693
v 0.175059 -0.072512 -0.043529
v 0.181712 -0.055122 -0.043316
v 0.175931 -0.072873 -0.042825
v 0.183772 -0.055747 -0.040852
v 0.156354 -0.104473 -0.043799
v 0.162056 -0.086621 -0.043855
v 0.166720 -0.089114 -0.043693
v 0.157549 -0.105271 -0.043529
v 0.167466 -0.089513 -0.043316
v 0.158334 -0.105795 -0.042824
v 0.169365 -0.090528 -0.040852
v 0.132968 -0.132968 -0.043799
v 0.142043 -0.116572 -0.043855
v 0.146132 -0.119927 -0.043693
v 0.133985 -0.133985 -0.043529
v 0.146785 -0.120464 -0.043316
v 0.134652 -0.134652 -0.042824
v 0.148450 -0.121830 -0.040852
v 0.104472 -0.156354 -0.043799
v 0.116572 -0.142043 -0.043855
v 0.119927 -0.146132 -0.043693
v 0.105271 -0.157549 -0.043529
v 0.120464 -0.146786 -0.043316
v 0.105795 -0.158334 -0.042824
v 0.121829 -0.148450 -0.040852
v 0.071962 -0.173731 -0.043799
v 0.086620 -0.162056 -0.043855
v 0.089114 -0.166720 -0.043693
v 0.072512 -0.175059 -0.043529
v 0.089513 -0.167466 -0.043316
v 0.072873 -0.175931 -0.042824
v 0.090527 -0.169365 -0.040852
v 0.036686 -0.184432 -0.043798
v 0.053341 -0.175841 -0.043855
v 0.054876 -0.180902 -0.043693
v 0.036966 -0.185842 -0.043529
v 0.055122 -0.181712 -0.043316
v 0.037150 -0.186768 -0.042824
v 0.055746 -0.183772 -0.040852
v -0.000000 -0.188045 -0.043798
v 0.018011 -0.182868 -0.043855
v 0.018529 -0.188132 -0.043693
v -0.000000 -0.189483 -0.043529
v 0.018612 -0.188974 -0.043316
v -0.000000 -0.190427 -0.042824
v 0.018823 -0.191116 -0.040852
v -0.036686 -0.184432 -0.043798
v -0.018011 -0.182868 -0.043855
v -0.018529 -0.188132 -0.043693
v -0.036966 -0.185842 -0.043529
v -0.018612 -0.188974 -0.043316
v -0.037150 -0.186768 -0.042824
v -0.018823 -0.191116 -0.040852
v -0.071962 -0.173731 -0.043798
v -0.053341 -0.175841 -0.043855
v -0.054876 -0.180902 -0.043693
v -0.072512 -0.175059 -0.043529
v -0.055122 -0.181712 -0.043316
v -0.072873 -0.175931 -0.042824
v -0.055747 -0.183772 -0.040852
v -0.104472 -0.156354 -0.043798
v -0.086621 -0.162056 -0.043855
v -0.089114 -0.166720 -0.043693
v -0.105271 -0.157549 -0.043529
v -0.089513 -0.167466 -0.043316
v -0.105795 -0.158334 -0.042824
v -0.090527 -0.169365 -0.040852
v -0.132968 -0.132968 -0.043798
v -0.116572 -0.142043 -0.043855
v -0.119927 -0.146132 -0.043693
v -0.133985 -0.133985 -0.043529
v -0.120464 -0.146786 -0.043316
v -0.134652 -0.134652 -0.042824
v -0.121829 -0.148450 -0.040852
v -0.156354 -0.104472 -0.043798
v -0.142043 -0.116572 -0.043855
v -0.146132 -0.119927 -0.043693
v -0.157549 -0.105271 -0.043529
v -0.146786 -0.120464 -0.043316
v -0.158334 -0.105795 -0.042824
v -0.148450 -0.121830 -0.040852
v -0.173731 -0.071962 -0.043798
v -0.162056 -0.086621 -0.043855
v -0.166720 -0.089114 -0.043693
v -0.175059 -0.072512 -0.043529
v -0.167466 -0.089513 -0.043316
v -0.175931 -0.072873 -0.042824
v -0.169365 -0.090528 -0.040852
v -0.184432 -0.036686 -0.043798
v -0.175841 -0.053341 -0.043855
v -0.180902 -0.054876 -0.043693
v -0.185842 -0.036966 -0.043529
v -0.181712 -0.055122 -0.043316
v -0.186768 -0.037150 -0.042824
v -0.183772 -0.055747 -0.040852
v -0.188045 -0.000000 -0.043798
v -0.182868 -0.018011 -0.043855
v -0.188132 -0.018529 -0.043693
v -0.189483 -0.000000 -0.043529
v -0.188974 -0.018612 -0.043316
v -0.190427 -0.000000 -0.042824
v -0.191116 -0.018823 -0.040852
v -0.184432 0.036686 -0.043798
v -0.182868 0.018011 -0.043855
v -0.188132 0.018529 -0.043693
v -0.185842 0.036966 -0.043529
v -0.188974 0.018612 -0.043316
v -0.186768 0.037150 -0.042824
v -0.191116 0.018823 -0.040852
v -0.173731 0.071962 -0.043798
v -0.175841 0.053341 -0.043855
v -0.180902 0.054876 -0.043693
v -0.175059 0.072512 -0.043529
v -0.181712 0.055122 -0.043316
v -0.175931 0.072873 -0.042824
v -0.183772 0.055746 -0.040852
v -0.156354 0.104472 -0.043799
v -0.162056 0.086620 -0.043855
v -0.166720 0.089114 -0.043693
v -0.157549 0.105271 -0.043529
v -0.167466 0.089513 -0.043316
v -0.158334 0.105795 -0.042824
v -0.169365 0.090527 -0.040852
v -0.132968 0.132968 -0.043799
v -0.142043 0.116572 -0.043855
v -0.146132 0.119927 -0.043693
v -0.133985 0.133984 -0.043529
v -0.146785 0.120464 -0.043316
v -0.134652 0.134652 -0.042824
v -0.148450 0.121829 -0.040852
v -0.104472 0.156354 -0.043799
v -0.116572 0.142043 -0.043855
v -0.119927 0.146131 -0.043693
v -0.105271 0.157549 -0.043529
v -0.120464 0.146785 -0.043316
v -0.105795 0.158334 -0.042824
v -0.121829 0.148450 -0.040852
v -0.071962 0.173731 -0.043799
v -0.086620 0.162055 -0.043855
v -0.089114 0.166720 -0.043693
v -0.072512 0.175059 -0.043529
v -0.089513 0.167466 -0.043316
v -0.072873 0.175931 -0.042825
v -0.090527 0.169365 -0.040852
v -0.036686 0.184432 -0.043799
v -0.053341 0.175840 -0.043855
v -0.054876 0.180902 -0.043693
v -0.036966 0.185842 -0.043529
v -0.055122 0.181712 -0.043316
v -0.037150 0.186767 -0.042825
v -0.055746 0.183772 -0.040852
v 0.000000 0.188045 -0.043799
v -0.018011 0.182868 -0.043855
v -0.018529 0.188132 -0.043693
v 0.000000 0.189483 -0.043529
v -0.018612 0.188974 -0.043317
v 0.000000 0.190426 -0.042825
v -0.018823 0.191116 -0.040852
v 0.036686 0.184432 -0.043799
v 0.018011 0.182868 -0.043855
v 0.018530 0.188132 -0.043693
v 0.036966 0.185842 -0.043530
v 0.018612 0.188974 -0.043317
v 0.037151 0.186767 -0.042825
v 0.018823 0.191116 -0.040852
v 0.071962 0.173731 -0.043799
v 0.053341 0.175840 -0.043855
v 0.054876 0.180902 -0.043693
v 0.072512 0.175059 -0.043530
v 0.055122 0.181711 -0.043317
v 0.072873 0.175931 -0.042825
v 0.055747 0.183771 -0.040852
v 0.104473 0.156354 -0.043799
v 0.086621 0.162055 -0.043855
v 0.089114 0.166720 -0.043693
v 0.105271 0.157549 -0.043530
v 0.089513 0.167466 -0.043317
v 0.105795 0.158334 -0.042825
v 0.090528 0.169365 -0.040852
v 0.132968 0.132968 -0.043799
v 0.116572 0.142043 -0.043855
v 0.119927 0.146131 -0.043693
v 0.133985 0.133984 -0.043530
v 0.120464 0.146785 -0.043317
v 0.134652 0.134652 -0.042825
v 0.121830 0.148449 -0.040852
v 0.156354 0.104472 -0.043799
v 0.142043 0.116571 -0.043855
v 0.146132 0.119927 -0.043693
v 0.157549 0.105271 -0.043530
v 0.146786 0.120463 -0.043317
v 0.158334 0.105795 -0.042825
v 0.148450 0.121829 -0.040852
v 0.173731 0.071961 -0.043799
v 0.162056 0.086620 -0.043855
v 0.166720 0.089113 -0.043693
v 0.175059 0.072512 -0.043530
v 0.167466 0.089512 -0.043317
v 0.175931 0.072873 -0.042825
v 0.169365 0.090527 -0.040852
v 0.184432 0.036686 -0.043799
v 0.175841 0.053340 -0.043855
v 0.180902 0.054876 -0.043693
v 0.185842 0.036966 -0.043530
v 0.181712 0.055121 -0.043317
v 0.186768 0.037150 -0.042825
v 0.183772 0.055746 -0.040852
v 0.182868 0.018011 -0.043855
v 0.188132 0.018529 -0.043693
v 0.188974 0.018612 -0.043317
v 0.191116 0.018823 -0.040852
v 0.155866 -0.031004 -0.042915
v 0.157589 -0.015521 -0.042014
v 0.158920 -0.000000 -0.042915
v 0.158499 -0.015611 -0.043271
v 0.156564 -0.031143 -0.043501
v 0.159632 -0.000000 -0.043501
v 0.159268 -0.015687 -0.043678
v 0.157922 -0.031413 -0.043792
v 0.161016 -0.000000 -0.043792
v 0.164500 -0.016202 -0.043853
v 0.146823 -0.060816 -0.042915
v 0.151533 -0.045967 -0.042014
v 0.152408 -0.046233 -0.043271
v 0.147480 -0.061088 -0.043501
v 0.153148 -0.046457 -0.043678
v 0.148760 -0.061618 -0.043792
v 0.158179 -0.047983 -0.043853
v 0.132137 -0.088291 -0.042914
v 0.139654 -0.074646 -0.042014
v 0.140460 -0.075078 -0.043271
v 0.132729 -0.088687 -0.043501
v 0.141142 -0.075442 -0.043678
v 0.133880 -0.089456 -0.043792
v 0.145778 -0.077920 -0.043853
v 0.112373 -0.112373 -0.042914
v 0.122407 -0.100457 -0.042014
v 0.123115 -0.101038 -0.043270
v 0.112877 -0.112877 -0.043501
v 0.123712 -0.101528 -0.043678
v 0.113856 -0.113856 -0.043792
v 0.127776 -0.104863 -0.043853
v 0.088291 -0.132137 -0.042914
v 0.100457 -0.122407 -0.042014
v 0.101037 -0.123115 -0.043270
v 0.088687 -0.132729 -0.043501
v 0.101528 -0.123712 -0.043678
v 0.089456 -0.133880 -0.043792
v 0.104863 -0.127776 -0.043853
v 0.060816 -0.146823 -0.042914
v 0.074646 -0.139654 -0.042014
v 0.075078 -0.140460 -0.043270
v 0.061088 -0.147480 -0.043501
v 0.075442 -0.141142 -0.043678
v 0.061618 -0.148760 -0.043792
v 0.077920 -0.145778 -0.043853
v 0.031004 -0.155866 -0.042914
v 0.045967 -0.151533 -0.042014
v 0.046233 -0.152408 -0.043270
v 0.031143 -0.156564 -0.043501
v 0.046457 -0.153148 -0.043678
v 0.031413 -0.157922 -0.043792
v 0.047983 -0.158179 -0.043853
v -0.000000 -0.158920 -0.042914
v 0.015521 -0.157589 -0.042014
v 0.015611 -0.158499 -0.043270
v -0.000000 -0.159632 -0.043501
v 0.015687 -0.159268 -0.043678
v -0.000000 -0.161016 -0.043792
v 0.016202 -0.164500 -0.043853
v -0.031004 -0.155866 -0.042914
v -0.015521 -0.157589 -0.042014
v -0.015611 -0.158499 -0.043270
v -0.031143 -0.156564 -0.043501
v -0.015687 -0.159268 -0.043678
v -0.031413 -0.157922 -0.043792
v -0.016202 -0.164500 -0.043853
v -0.060816 -0.146823 -0.042914
v -0.045967 -0.151533 -0.042014
v -0.046233 -0.152408 -0.043270
v -0.061088 -0.147480 -0.043501
v -0.046457 -0.153148 -0.043678
v -0.061618 -0.148760 -0.043792
v -0.047983 -0.158179 -0.043853
v -0.088291 -0.132137 -0.042914
v -0.074646 -0.139654 -0.042014
v -0.075078 -0.140460 -0.043270
v -0.088687 -0.132729 -0.043501
v -0.075442 -0.141142 -0.043678
v -0.089456 -0.133880 -0.043792
v -0.077920 -0.145778 -0.043853
v -0.112373 -0.112373 -0.042914
v -0.100457 -0.122407 -0.042013
v -0.101038 -0.123115 -0.043270
v -0.112877 -0.112877 -0.043501
v -0.101528 -0.123712 -0.043678
v -0.113856 -0.113856 -0.043792
v -0.104863 -0.127776 -0.043853
v -0.132137 -0.088291 -0.042914
v -0.122407 -0.100457 -0.042013
v -0.123115 -0.101038 -0.043270
v -0.132729 -0.088687 -0.043501
v -0.123712 -0.101528 -0.043678
v -0.133880 -0.089456 -0.043792
v -0.127776 -0.104863 -0.043853
v -0.146823 -0.060816 -0.042914
v -0.139654 -0.074646 -0.042013
v -0.140460 -0.075078 -0.043270
v -0.147480 -0.061088 -0.043501
v -0.141142 -0.075442 -0.043678
v -0.148760 -0.061618 -0.043792
v -0.145778 -0.077920 -0.043853
v -0.155866 -0.031004 -0.042914
v -0.151533 -0.045967 -0.042014
v -0.152408 -0.046233 -0.043270
v -0.156564 -0.031143 -0.043501
v -0.153148 -0.046457 -0.043678
v -0.157922 -0.031413 -0.043792
v -0.158179 -0.047983 -0.043853
v -0.158920 -0.000000 -0.042914
v -0.157589 -0.015521 -0.042014
v -0.158499 -0.015611 -0.043270
v -0.159632 -0.000000 -0.043501
v -0.159268 -0.015687 -0.043678
v -0.161016 -0.000000 -0.043792
v -0.164500 -0.016202 -0.043853
v -0.155866 0.031004 -0.042914
v -0.157589 0.015521 -0.042014
v -0.158499 0.015611 -0.043270
v -0.156564 0.031143 -0.043501
v -0.159268 0.015687 -0.043678
v -0.157922 0.031413 -0.043792
v -0.164500 0.016202 -0.043853
v -0.146823 0.060816 -0.042914
v -0.151533 0.045967 -0.042014
v -0.152408 0.046233 -0.043270
v -0.147480 0.061088 -0.043501
v -0.153148 0.046457 -0.043678
v -0.148760 0.061618 -0.043792
v -0.158179 0.047983 -0.043853
v -0.132137 0.088291 -0.042914
v -0.139654 0.074646 -0.042014
v -0.140460 0.075078 -0.043270
v -0.132729 0.088687 -0.043501
v -0.141142 0.075442 -0.043678
v -0.133880 0.089456 -0.043792
v -0.145778 0.077920 -0.043853
v -0.112373 0.112373 -0.042914
v -0.122407 0.100457 -0.042014
v -0.123115 0.101037 -0.043270
v -0.112877 0.112877 -0.043501
v -0.123712 0.101528 -0.043678
v -0.113856 0.113856 -0.043792
v -0.127776 0.104863 -0.043853
v -0.088291 0.132137 -0.042914
v -0.100457 0.122407 -0.042014
v -0.101037 0.123114 -0.043270
v -0.088687 0.132729 -0.043501
v -0.101528 0.123712 -0.043678
v -0.089456 0.133880 -0.043792
v -0.104863 0.127776 -0.043853
v -0.060816 0.146823 -0.042914
v -0.074646 0.139653 -0.042014
v -0.075078 0.140460 -0.043270
v -0.061088 0.147480 -0.043501
v -0.075442 0.141142 -0.043678
v -0.061618 0.148760 -0.043792
v -0.077920 0.145778 -0.043853
v -0.031004 0.155866 -0.042915
v -0.045967 0.151533 -0.042014
v -0.046233 0.152408 -0.043271
v -0.031142 0.156564 -0.043501
v -0.046457 0.153148 -0.043678
v -0.031413 0.157922 -0.043792
v -0.047983 0.158179 -0.043853
v 0.000000 0.158920 -0.042915
v -0.015521 0.157589 -0.042014
v -0.015611 0.158499 -0.043271
v 0.000000 0.159631 -0.043501
v -0.015686 0.159268 -0.043678
v 0.000000 0.161016 -0.043792
v -0.016202 0.164500 -0.043853
v 0.031004 0.155866 -0.042915
v 0.015521 0.157589 -0.042014
v 0.015611 0.158499 -0.043271
v 0.031143 0.156564 -0.043501
v 0.015687 0.159268 -0.043678
v 0.031413 0.157922 -0.043792
v 0.016202 0.164500 -0.043853
v 0.060816 0.146823 -0.042915
v 0.045967 0.151533 -0.042014
v 0.046233 0.152408 -0.043271
v 0.061088 0.147480 -0.043501
v 0.046457 0.153147 -0.043678
v 0.061618 0.148759 -0.043792
v 0.047983 0.158179 -0.043853
v 0.088291 0.132137 -0.042915
v 0.074647 0.139653 -0.042014
v 0.075078 0.140460 -0.043271
v 0.088687 0.132729 -0.043501
v 0.075442 0.141142 -0.043678
v 0.089456 0.133880 -0.043792
v 0.077920 0.145778 -0.043853
v 0.112373 0.112373 -0.042915
v 0.100457 0.122407 -0.042014
v 0.101038 0.123114 -0.043271
v 0.112877 0.112876 -0.043501
v 0.101528 0.123712 -0.043678
v 0.113856 0.113855 -0.043792
v 0.104863 0.127776 -0.043853
v 0.132137 0.088291 -0.042915
v 0.122407 0.100457 -0.042014
v 0.123115 0.101037 -0.043271
v 0.132729 0.088686 -0.043501
v 0.123712 0.101527 -0.043678
v 0.133880 0.089456 -0.043792
v 0.127776 0.104863 -0.043853
v 0.146823 0.060816 -0.042915
v 0.139654 0.074646 -0.042014
v 0.140460 0.075077 -0.043271
v 0.147480 0.061088 -0.043501
v 0.141142 0.075442 -0.043678
v 0.148760 0.061618 -0.043792
v 0.145778 0.077920 -0.043853
v 0.155866 0.031003 -0.042915
v 0.151533 0.045967 -0.042014
v 0.152408 0.046232 -0.043271
v 0.156564 0.031142 -0.043501
v 0.153148 0.046457 -0.043678
v 0.157922 0.031412 -0.043792
v 0.158179 0.047983 -0.043853
v 0.157589 0.015521 -0.042014
v 0.158499 0.015611 -0.043271
v 0.159268 0.015686 -0.043678
v 0.164500 0.016202 -0.043853
v 0.150155 -0.029868 -0.036852
v 0.143221 -0.014106 -0.036791
v 0.153097 -0.000000 -0.036852
v 0.154028 -0.015171 -0.036966
v 0.152200 -0.030275 -0.037143
v 0.155182 -0.000000 -0.037143
v 0.154797 -0.015246 -0.037373
v 0.152898 -0.030413 -0.037729
v 0.155894 -0.000000 -0.037729
v 0.155707 -0.015336 -0.038630
v 0.141443 -0.058588 -0.036852
v 0.137718 -0.041776 -0.036791
v 0.148109 -0.044928 -0.036966
v 0.143369 -0.059386 -0.037143
v 0.148848 -0.045153 -0.037373
v 0.144027 -0.059658 -0.037729
v 0.149724 -0.045418 -0.038630
v 0.127296 -0.085056 -0.036851
v 0.126921 -0.067841 -0.036791
v 0.136498 -0.072960 -0.036966
v 0.129029 -0.086215 -0.037143
v 0.137179 -0.073324 -0.037373
v 0.129621 -0.086610 -0.037729
v 0.137986 -0.073755 -0.038630
v 0.108256 -0.108256 -0.036851
v 0.111247 -0.091298 -0.036791
v 0.119641 -0.098187 -0.036966
v 0.109730 -0.109730 -0.037143
v 0.120239 -0.098677 -0.037373
v 0.110233 -0.110234 -0.037729
v 0.120946 -0.099258 -0.038630
v 0.085056 -0.127296 -0.036851
v 0.091298 -0.111247 -0.036791
v 0.098187 -0.119642 -0.036966
v 0.086214 -0.129029 -0.037143
v 0.098677 -0.120239 -0.037373
v 0.086610 -0.129621 -0.037729
v 0.099258 -0.120946 -0.038630
v 0.058588 -0.141443 -0.036851
v 0.067841 -0.126921 -0.036791
v 0.072960 -0.136498 -0.036966
v 0.059386 -0.143369 -0.037143
v 0.073324 -0.137179 -0.037373
v 0.059658 -0.144027 -0.037729
v 0.073755 -0.137986 -0.038630
v 0.029868 -0.150155 -0.036851
v 0.041776 -0.137718 -0.036790
v 0.044928 -0.148109 -0.036966
v 0.030274 -0.152200 -0.037143
v 0.045153 -0.148848 -0.037373
v 0.030413 -0.152898 -0.037729
v 0.045418 -0.149724 -0.038630
v -0.000000 -0.153097 -0.036851
v 0.014106 -0.143222 -0.036790
v 0.015170 -0.154028 -0.036966
v -0.000000 -0.155182 -0.037143
v 0.015246 -0.154797 -0.037373
v -0.000000 -0.155894 -0.037729
v 0.015336 -0.155707 -0.038630
v -0.029868 -0.150155 -0.036851
v -0.014106 -0.143222 -0.036790
v -0.015170 -0.154028 -0.036966
v -0.030275 -0.152200 -0.037143
v -0.015246 -0.154797 -0.037373
v -0.030413 -0.152898 -0.037729
v -0.015336 -0.155707 -0.038630
v -0.058588 -0.141443 -0.036851
v -0.041776 -0.137718 -0.036790
v -0.044928 -0.148109 -0.036966
v -0.059386 -0.143369 -0.037143
v -0.045153 -0.148848 -0.037373
v -0.059658 -0.144027 -0.037729
v -0.045418 -0.149724 -0.038630
v -0.085056 -0.127296 -0.036851
v -0.067841 -0.126921 -0.036790
v -0.072960 -0.136498 -0.036966
v -0.086215 -0.129029 -0.037143
v -0.073324 -0.137179 -0.037373
v -0.086610 -0.129621 -0.037729
v -0.073755 -0.137986 -0.038630
v -0.108256 -0.108256 -0.036851
v -0.091298 -0.111247 -0.036790
v -0.098187 -0.119642 -0.036966
v -0.109730 -0.109730 -0.037143
v -0.098677 -0.120239 -0.037373
v -0.110234 -0.110234 -0.037729
v -0.099258 -0.120946 -0.038630
v -0.127296 -0.085056 -0.036851
v -0.111247 -0.091298 -0.036790
v -0.119641 -0.098187 -0.036966
v -0.129029 -0.086215 -0.037143
v -0.120239 -0.098677 -0.037373
v -0.129621 -0.086610 -0.037729
v -0.120946 -0.099258 -0.038630
v -0.141443 -0.058588 -0.036851
v -0.126921 -0.067841 -0.036790
v -0.136498 -0.072960 -0.036966
v -0.143369 -0.059386 -0.037143
v -0.137179 -0.073324 -0.037373
v -0.144027 -0.059658 -0.037729
v -0.137986 -0.073755 -0.038630
v -0.150155 -0.029868 -0.036851
v -0.137718 -0.041776 -0.036790
v -0.148109 -0.044928 -0.036966
v -0.152200 -0.030275 -0.037143
v -0.148848 -0.045153 -0.037373
v -0.152898 -0.030413 -0.037729
v -0.149724 -0.045418 -0.038630
v -0.153097 -0.000000 -0.036851
v -0.143222 -0.014106 -0.036790
v -0.154028 -0.015170 -0.036966
v -0.155182 -0.000000 -0.037143
v -0.154797 -0.015246 -0.037373
v -0.155894 -0.000000 -0.037729
v -0.155707 -0.015336 -0.038630
v -0.150155 0.029868 -0.036851
v -0.143222 0.014106 -0.036790
v -0.154028 0.015170 -0.036966
v -0.152200 0.030274 -0.037143
v -0.154797 0.015246 -0.037373
v -0.152898 0.030413 -0.037729
v -0.155707 0.015336 -0.038630
v -0.141443 0.058588 -0.036851
v -0.137718 0.041776 -0.036790
v -0.148109 0.044928 -0.036966
v -0.143369 0.059386 -0.037143
v -0.148848 0.045153 -0.037373
v -0.144027 0.059658 -0.037729
v -0.149724 0.045418 -0.038630
v -0.127296 0.085056 -0.036851
v -0.126921 0.067841 -0.036791
v -0.136498 0.072960 -0.036966
v -0.129029 0.086214 -0.037143
v -0.137179 0.073324 -0.037373
v -0.129621 0.086610 -0.037729
v -0.137986 0.073755 -0.038630
v -0.108256 0.108256 -0.036851
v -0.111247 0.091298 -0.036791
v -0.119641 0.098187 -0.036966
v -0.109730 0.109730 -0.037143
v -0.120239 0.098677 -0.037373
v -0.110234 0.110233 -0.037729
v -0.120946 0.099258 -0.038630
v -0.085056 0.127296 -0.036851
v -0.091298 0.111247 -0.036791
v -0.098187 0.119641 -0.036966
v -0.086214 0.129029 -0.037143
v -0.098677 0.120239 -0.037373
v -0.086610 0.129621 -0.037729
v -0.099258 0.120946 -0.038630
v -0.058588 0.141443 -0.036852
v -0.067841 0.126921 -0.036791
v -0.072960 0.136498 -0.036966
v -0.059385 0.143369 -0.037143
v -0.073324 0.137179 -0.037373
v -0.059658 0.144027 -0.037729
v -0.073755 0.137986 -0.038630
v -0.029868 0.150155 -0.036852
v -0.041776 0.137717 -0.036791
v -0.044928 0.148109 -0.036966
v -0.030274 0.152200 -0.037143
v -0.045153 0.148848 -0.037373
v -0.030413 0.152898 -0.037729
v -0.045418 0.149724 -0.038630
v 0.000000 0.153097 -0.036852
v -0.014106 0.143221 -0.036791
v -0.015170 0.154028 -0.036966
v 0.000000 0.155182 -0.037143
v -0.015246 0.154797 -0.037373
v 0.000000 0.155894 -0.037729
v -0.015336 0.155707 -0.038630
v 0.029868 0.150155 -0.036852
v 0.014106 0.143221 -0.036791
v 0.015171 0.154028 -0.036966
v 0.030275 0.152200 -0.037143
v 0.015246 0.154797 -0.037373
v 0.030413 0.152898 -0.037729
v 0.015336 0.155707 -0.038630
v 0.058588 0.141443 -0.036852
v 0.041776 0.137717 -0.036791
v 0.044928 0.148109 -0.036966
v 0.059386 0.143369 -0.037143
v 0.045153 0.148848 -0.037373
v 0.059658 0.144027 -0.037729
v 0.045418 0.149723 -0.038630
v 0.085056 0.127295 -0.036852
v 0.067841 0.126921 -0.036791
v 0.072960 0.136498 -0.036966
v 0.086215 0.129029 -0.037143
v 0.073324 0.137179 -0.037373
v 0.086610 0.129621 -0.037729
v 0.073755 0.137986 -0.038630
v 0.108256 0.108256 -0.036852
v 0.091298 0.111247 -0.036791
v 0.098187 0.119641 -0.036966
v 0.109730 0.109730 -0.037143
v 0.098677 0.120238 -0.037373
v 0.110234 0.110233 -0.037729
v 0.099258 0.120946 -0.038630
v 0.127296 0.085056 -0.036852
v 0.111247 0.091298 -0.036791
v 0.119642 0.098187 -0.036966
v 0.129029 0.086214 -0.037143
v 0.120239 0.098677 -0.037373
v 0.129621 0.086610 -0.037729
v 0.120946 0.099257 -0.038630
v 0.141443 0.058587 -0.036852
v 0.126921 0.067841 -0.036791
v 0.136498 0.072959 -0.036966
v 0.143369 0.059385 -0.037143
v 0.137179 0.073324 -0.037373
v 0.144027 0.059658 -0.037729
v 0.137986 0.073755 -0.038630
v 0.150155 0.029867 -0.036852
v 0.137718 0.041776 -0.036791
v 0.148109 0.044928 -0.036966
v 0.152200 0.030274 -0.037143
v 0.148848 0.045152 -0.037373
v 0.152898 0.030413 -0.037729
v 0.149724 0.045418 -0.038630
v 0.143221 0.014106 -0.036791
v 0.154028 0.015170 -0.036966
v 0.154797 0.015246 -0.037373
v 0.155707 0.015336 -0.038630
v 0.089240 -0.017751 -0.037701
v 0.089882 -0.008853 -0.038607
v 0.090988 -0.000000 -0.037701
v 0.090930 -0.008956 -0.037352
v 0.089993 -0.017901 -0.037130
v 0.091756 -0.000000 -0.037130
v 0.091736 -0.009035 -0.036959
v 0.092063 -0.018313 -0.036849
v 0.093867 -0.000000 -0.036849
v 0.102558 -0.010101 -0.036790
v 0.084062 -0.034820 -0.037701
v 0.086428 -0.026218 -0.038607
v 0.087436 -0.026524 -0.037352
v 0.084771 -0.035114 -0.037130
v 0.088210 -0.026758 -0.036959
v 0.086722 -0.035921 -0.036849
v 0.098617 -0.029915 -0.036790
v 0.075654 -0.050551 -0.037701
v 0.079652 -0.042575 -0.038607
v 0.080581 -0.043072 -0.037352
v 0.076292 -0.050977 -0.037130
v 0.081295 -0.043453 -0.036959
v 0.078048 -0.052150 -0.036849
v 0.090886 -0.048580 -0.036790
v 0.064338 -0.064339 -0.037701
v 0.069816 -0.057296 -0.038607
v 0.070630 -0.057965 -0.037352
v 0.064881 -0.064881 -0.037130
v 0.071256 -0.058478 -0.036959
v 0.066374 -0.066374 -0.036849
v 0.079662 -0.065377 -0.036790
v 0.050550 -0.075654 -0.037701
v 0.057296 -0.069816 -0.038607
v 0.057965 -0.070630 -0.037352
v 0.050977 -0.076292 -0.037130
v 0.058478 -0.071256 -0.036959
v 0.052150 -0.078048 -0.036848
v 0.065377 -0.079662 -0.036790
v 0.034820 -0.084062 -0.037701
v 0.042575 -0.079652 -0.038607
v 0.043072 -0.080582 -0.037352
v 0.035113 -0.084772 -0.037130
v 0.043453 -0.081295 -0.036959
v 0.035921 -0.086722 -0.036848
v 0.048579 -0.090886 -0.036790
v 0.017751 -0.089240 -0.037701
v 0.026218 -0.086428 -0.038607
v 0.026523 -0.087436 -0.037352
v 0.017901 -0.089993 -0.037130
v 0.026758 -0.088210 -0.036959
v 0.018313 -0.092063 -0.036848
v 0.029915 -0.098617 -0.036790
v -0.000000 -0.090988 -0.037701
v 0.008853 -0.089882 -0.038607
v 0.008956 -0.090930 -0.037352
v -0.000000 -0.091756 -0.037130
v 0.009035 -0.091736 -0.036959
v -0.000000 -0.093867 -0.036848
v 0.010101 -0.102558 -0.036790
v -0.017751 -0.089240 -0.037701
v -0.008853 -0.089882 -0.038607
v -0.008956 -0.090930 -0.037352
v -0.017901 -0.089993 -0.037130
v -0.009035 -0.091736 -0.036959
v -0.018313 -0.092063 -0.036848
v -0.010101 -0.102558 -0.036790
v -0.034820 -0.084062 -0.037701
v -0.026218 -0.086428 -0.038607
v -0.026523 -0.087436 -0.037352
v -0.035114 -0.084772 -0.037130
v -0.026758 -0.088210 -0.036959
v -0.035921 -0.086722 -0.036848
v -0.029915 -0.098617 -0.036790
v -0.050550 -0.075654 -0.037701
v -0.042575 -0.079652 -0.038607
v -0.043072 -0.080582 -0.037352
v -0.050977 -0.076292 -0.037130
v -0.043453 -0.081295 -0.036959
v -0.052150 -0.078048 -0.036848
v -0.048579 -0.090886 -0.036790
v -0.064339 -0.064339 -0.037701
v -0.057296 -0.069816 -0.038607
v -0.057965 -0.070630 -0.037352
v -0.064881 -0.064881 -0.037130
v -0.058478 -0.071256 -0.036959
v -0.066374 -0.066374 -0.036848
v -0.065377 -0.079662 -0.036790
v -0.075654 -0.050551 -0.037701
v -0.069816 -0.057296 -0.038607
v -0.070630 -0.057965 -0.037352
v -0.076292 -0.050977 -0.037130
v -0.071256 -0.058478 -0.036959
v -0.078048 -0.052150 -0.036848
v -0.079662 -0.065377 -0.036790
v -0.084062 -0.034820 -0.037701
v -0.079652 -0.042575 -0.038607
v -0.080582 -0.043072 -0.037352
v -0.084772 -0.035114 -0.037130
v -0.081295 -0.043453 -0.036959
v -0.086722 -0.035921 -0.036848
v -0.090886 -0.048580 -0.036790
v -0.089240 -0.017751 -0.037701
v -0.086428 -0.026218 -0.038607
v -0.087436 -0.026523 -0.037352
v -0.089993 -0.017901 -0.037130
v -0.088210 -0.026758 -0.036959
v -0.092063 -0.018313 -0.036848
v -0.098617 -0.029915 -0.036790
v -0.090988 -0.000000 -0.037701
v -0.089882 -0.008853 -0.038607
v -0.090930 -0.008956 -0.037352
v -0.091756 -0.000000 -0.037130
v -0.091736 -0.009035 -0.036959
v -0.093867 -0.000000 -0.036848
v -0.102558 -0.010101 -0.036790
v -0.089240 0.017751 -0.037701
v -0.089882 0.008853 -0.038607
v -0.090930 0.008956 -0.037352
v -0.089993 0.017901 -0.037130
v -0.091736 0.009035 -0.036959
v -0.092063 0.018312 -0.036848
v -0.102558 0.010101 -0.036790
v -0.084062 0.034820 -0.037701
v -0.086428 0.026217 -0.038607
v -0.087436 0.026523 -0.037352
v -0.084771 0.035113 -0.037130
v -0.088210 0.026758 -0.036959
v -0.086722 0.035921 -0.036848
v -0.098617 0.029915 -0.036790
v -0.075654 0.050550 -0.037701
v -0.079652 0.042575 -0.038607
v -0.080581 0.043072 -0.037352
v -0.076292 0.050977 -0.037130
v -0.081295 0.043453 -0.036959
v -0.078048 0.052150 -0.036848
v -0.090886 0.048579 -0.036790
v -0.064338 0.064338 -0.037701
v -0.069816 0.057296 -0.038607
v -0.070630 0.057965 -0.037352
v -0.064881 0.064881 -0.037130
v -0.071256 0.058478 -0.036959
v -0.066374 0.066374 -0.036849
v -0.079662 0.065377 -0.036790
v -0.050550 0.075654 -0.037701
v -0.057296 0.069816 -0.038607
v -0.057965 0.070630 -0.037352
v -0.050977 0.076292 -0.037130
v -0.058478 0.071256 -0.036959
v -0.052150 0.078048 -0.036849
v -0.065377 0.079662 -0.036790
v -0.034820 0.084062 -0.037701
v -0.042575 0.079652 -0.038607
v -0.043072 0.080581 -0.037352
v -0.035113 0.084771 -0.037130
v -0.043453 0.081295 -0.036959
v -0.035921 0.086722 -0.036849
v -0.048579 0.090886 -0.036790
v -0.017751 0.089240 -0.037701
v -0.026217 0.086428 -0.038607
v -0.026523 0.087436 -0.037352
v -0.017901 0.089993 -0.037130
v -0.026758 0.088210 -0.036959
v -0.018313 0.092063 -0.036849
v -0.029915 0.098617 -0.036790
v 0.000000 0.090988 -0.037701
v -0.008853 0.089882 -0.038607
v -0.008956 0.090930 -0.037352
v 0.000000 0.091756 -0.037130
v -0.009035 0.091735 -0.036959
v 0.000000 0.093867 -0.036849
v -0.010101 0.102558 -0.036790
v 0.017751 0.089240 -0.037701
v 0.008853 0.089882 -0.038607
v 0.008956 0.090930 -0.037352
v 0.017901 0.089993 -0.037130
v 0.009035 0.091735 -0.036959
v 0.018313 0.092063 -0.036849
v 0.010101 0.102558 -0.036790
v 0.034820 0.084062 -0.037701
v 0.026218 0.086427 -0.038607
v 0.026523 0.087436 -0.037352
v 0.035114 0.084771 -0.037130
v 0.026758 0.088210 -0.036959
v 0.035921 0.086722 -0.036849
v 0.029915 0.098617 -0.036790
v 0.050550 0.075654 -0.037701
v 0.042575 0.079652 -0.038607
v 0.043072 0.080581 -0.037352
v 0.050977 0.076292 -0.037130
v 0.043453 0.081295 -0.036959
v 0.052150 0.078047 -0.036849
v 0.048579 0.090886 -0.036790
v 0.064339 0.064338 -0.037701
v 0.057296 0.069816 -0.038607
v 0.057965 0.070630 -0.037352
v 0.064881 0.064881 -0.037130
v 0.058478 0.071256 -0.036959
v 0.066374 0.066374 -0.036849
v 0.065377 0.079662 -0.036790
v 0.075654 0.050550 -0.037701
v 0.069816 0.057296 -0.038607
v 0.070630 0.057965 -0.037352
v 0.076292 0.050977 -0.037130
v 0.071256 0.058478 -0.036959
v 0.078048 0.052150 -0.036849
v 0.079662 0.065377 -0.036790
v 0.084062 0.034820 -0.037701
v 0.079652 0.042575 -0.038607
v 0.080581 0.043071 -0.037352
v 0.084771 0.035113 -0.037130
v 0.081295 0.043453 -0.036959
v 0.086722 0.035921 -0.036849
v 0.090886 0.048579 -0.036790
v 0.089240 0.017751 -0.037701
v 0.086428 0.026217 -0.038607
v 0.087436 0.026523 -0.037352
v 0.089993 0.017900 -0.037130
v 0.088210 0.026758 -0.036959
v 0.092063 0.018312 -0.036849
v 0.098617 0.029915 -0.036790
v 0.089882 0.008852 -0.038607
v 0.090930 0.008956 -0.037352
v 0.091736 0.009035 -0.036959
v 0.102558 0.010101 -0.036790
v 0.083028 -0.016515 -0.043795
v 0.076402 -0.007525 -0.043854
v 0.084654 -0.000000 -0.043795
v 0.085740 -0.008445 -0.043685
v 0.084915 -0.016891 -0.043514
v 0.086579 -0.000000 -0.043514
v 0.086545 -0.008524 -0.043291
v 0.085668 -0.017041 -0.042942
v 0.087346 -0.000000 -0.042942
v 0.087593 -0.008627 -0.042037
v 0.078210 -0.032396 -0.043795
v 0.073466 -0.022286 -0.043854
v 0.082445 -0.025009 -0.043685
v 0.079988 -0.033132 -0.043514
v 0.083219 -0.025244 -0.043291
v 0.080697 -0.033426 -0.042942
v 0.084227 -0.025550 -0.042037
v 0.070387 -0.047031 -0.043795
v 0.067707 -0.036190 -0.043854
v 0.075981 -0.040613 -0.043685
v 0.071988 -0.048101 -0.043514
v 0.076695 -0.040994 -0.043291
v 0.072626 -0.048527 -0.042942
v 0.077624 -0.041491 -0.042037
v 0.059860 -0.059860 -0.043795
v 0.059346 -0.048704 -0.043854
v 0.066598 -0.054656 -0.043685
v 0.061220 -0.061220 -0.043514
v 0.067224 -0.055169 -0.043291
v 0.061763 -0.061763 -0.042942
v 0.068038 -0.055838 -0.042037
v 0.047031 -0.070387 -0.043795
v 0.048704 -0.059346 -0.043854
v 0.054656 -0.066598 -0.043685
v 0.048101 -0.071988 -0.043514
v 0.055169 -0.067224 -0.043291
v 0.048527 -0.072626 -0.042942
v 0.055838 -0.068038 -0.042037
v 0.032396 -0.078210 -0.043795
v 0.036190 -0.067707 -0.043854
v 0.040613 -0.075982 -0.043685
v 0.033132 -0.079988 -0.043514
v 0.040994 -0.076695 -0.043291
v 0.033426 -0.080698 -0.042942
v 0.041491 -0.077624 -0.042037
v 0.016515 -0.083028 -0.043795
v 0.022286 -0.073467 -0.043854
v 0.025009 -0.082445 -0.043685
v 0.016891 -0.084915 -0.043514
v 0.025244 -0.083219 -0.043291
v 0.017040 -0.085668 -0.042942
v 0.025550 -0.084227 -0.042037
v -0.000000 -0.084654 -0.043795
v 0.007525 -0.076403 -0.043854
v 0.008445 -0.085740 -0.043685
v -0.000000 -0.086579 -0.043514
v 0.008524 -0.086545 -0.043291
v -0.000000 -0.087346 -0.042942
v 0.008627 -0.087594 -0.042037
v -0.016515 -0.083028 -0.043795
v -0.007525 -0.076403 -0.043854
v -0.008445 -0.085740 -0.043685
v -0.016891 -0.084915 -0.043514
v -0.008524 -0.086545 -0.043291
v -0.017040 -0.085668 -0.042942
v -0.008627 -0.087594 -0.042037
v -0.032396 -0.078210 -0.043795
v -0.022286 -0.073467 -0.043854
v -0.025009 -0.082445 -0.043685
v -0.033132 -0.079988 -0.043514
v -0.025244 -0.083219 -0.043291
v -0.033426 -0.080698 -0.042942
v -0.025550 -0.084227 -0.042037
v -0.047031 -0.070387 -0.043795
v -0.036190 -0.067707 -0.043854
v -0.040613 -0.075982 -0.043685
v -0.048101 -0.071988 -0.043514
v -0.040994 -0.076695 -0.043291
v -0.048527 -0.072626 -0.042942
v -0.041491 -0.077624 -0.042037
v -0.059860 -0.059860 -0.043795
v -0.048704 -0.059346 -0.043854
v -0.054656 -0.066598 -0.043685
v -0.061220 -0.061220 -0.043514
v -0.055169 -0.067224 -0.043291
v -0.061763 -0.061763 -0.042942
v -0.055838 -0.068038 -0.042037
v -0.070387 -0.047031 -0.043795
v -0.059346 -0.048704 -0.043854
v -0.066598 -0.054656 -0.043685
v -0.071988 -0.048101 -0.043514
v -0.067224 -0.055169 -0.043291
v -0.072626 -0.048527 -0.042942
v -0.068038 -0.055838 -0.042037
v -0.078210 -0.032396 -0.043795
v -0.067707 -0.036190 -0.043854
v -0.075982 -0.040613 -0.043685
v -0.079988 -0.033132 -0.043514
v -0.076695 -0.040994 -0.043291
v -0.080698 -0.033426 -0.042942
v -0.077624 -0.041491 -0.042037
v -0.083028 -0.016515 -0.043795
v -0.073466 -0.022286 -0.043854
v -0.082445 -0.025009 -0.043685
v -0.084915 -0.016891 -0.043514
v -0.083219 -0.025244 -0.043291
v -0.085668 -0.017040 -0.042942
v -0.084227 -0.025550 -0.042037
v -0.084654 -0.000000 -0.043795
v -0.076403 -0.007525 -0.043854
v -0.085740 -0.008445 -0.043685
v -0.086579 -0.000000 -0.043514
v -0.086545 -0.008524 -0.043291
v -0.087346 -0.000000 -0.042942
v -0.087594 -0.008627 -0.042037
v -0.083028 0.016515 -0.043795
v -0.076403 0.007525 -0.043854
v -0.085740 0.008445 -0.043685
v -0.084915 0.016891 -0.043514
v -0.086545 0.008524 -0.043291
v -0.085668 0.017040 -0.042942
v -0.087594 0.008627 -0.042037
v -0.078210 0.032396 -0.043795
v -0.073466 0.022286 -0.043854
v -0.082445 0.025009 -0.043685
v -0.079988 0.033132 -0.043514
v -0.083219 0.025244 -0.043291
v -0.080698 0.033426 -0.042942
v -0.084227 0.025550 -0.042037
v -0.070387 0.047031 -0.043795
v -0.067707 0.036190 -0.043854
v -0.075982 0.040613 -0.043685
v -0.071988 0.048100 -0.043514
v -0.076695 0.040994 -0.043291
v -0.072626 0.048527 -0.042942
v -0.077624 0.041491 -0.042037
v -0.059860 0.059859 -0.043795
v -0.059346 0.048704 -0.043854
v -0.066598 0.054656 -0.043685
v -0.061220 0.061220 -0.043514
v -0.067224 0.055169 -0.043291
v -0.061763 0.061763 -0.042942
v -0.068038 0.055838 -0.042037
v -0.047031 0.070387 -0.043795
v -0.048704 0.059346 -0.043854
v -0.054656 0.066598 -0.043685
v -0.048101 0.071988 -0.043514
v -0.055169 0.067224 -0.043291
v -0.048527 0.072626 -0.042942
v -0.055838 0.068038 -0.042037
v -0.032396 0.078210 -0.043795
v -0.036190 0.067707 -0.043854
v -0.040613 0.075981 -0.043685
v -0.033132 0.079988 -0.043514
v -0.040994 0.076695 -0.043291
v -0.033426 0.080697 -0.042942
v -0.041491 0.077624 -0.042037
v -0.016515 0.083028 -0.043795
v -0.022286 0.073466 -0.043854
v -0.025009 0.082445 -0.043685
v -0.016891 0.084915 -0.043514
v -0.025244 0.083219 -0.043291
v -0.017040 0.085668 -0.042942
v -0.025550 0.084227 -0.042037
v 0.000000 0.084654 -0.043795
v -0.007525 0.076402 -0.043854
v -0.008445 0.085740 -0.043685
v 0.000000 0.086579 -0.043514
v -0.008524 0.086545 -0.043291
v 0.000000 0.087346 -0.042942
v -0.008627 0.087593 -0.042037
v 0.016515 0.083027 -0.043795
v 0.007525 0.076402 -0.043854
v 0.008445 0.085740 -0.043685
v 0.016891 0.084915 -0.043514
v 0.008524 0.086545 -0.043291
v 0.017040 0.085668 -0.042942
v 0.008627 0.087593 -0.042037
v 0.032396 0.078210 -0.043795
v 0.022286 0.073466 -0.043854
v 0.025009 0.082445 -0.043685
v 0.033132 0.079988 -0.043514
v 0.025244 0.083219 -0.043291
v 0.033426 0.080697 -0.042942
v 0.025550 0.084227 -0.042037
v 0.047031 0.070387 -0.043795
v 0.036190 0.067707 -0.043854
v 0.040613 0.075981 -0.043685
v 0.048101 0.071987 -0.043514
v 0.040994 0.076695 -0.043291
v 0.048527 0.072626 -0.042942
v 0.041491 0.077624 -0.042037
v 0.059860 0.059859 -0.043795
v 0.048704 0.059346 -0.043854
v 0.054656 0.066598 -0.043685
v 0.061220 0.061220 -0.043514
v 0.055169 0.067224 -0.043291
v 0.061763 0.061763 -0.042942
v 0.055838 0.068038 -0.042037
v 0.070387 0.047031 -0.043795
v 0.059346 0.048704 -0.043854
v 0.066598 0.054656 -0.043685
v 0.071988 0.048100 -0.043514
v 0.067224 0.055169 -0.043291
v 0.072626 0.048527 -0.042942
v 0.068038 0.055837 -0.042037
v 0.078210 0.032396 -0.043795
v 0.067707 0.036190 -0.043854
v 0.075982 0.040613 -0.043685
v 0.079988 0.033132 -0.043514
v 0.076695 0.040994 -0.043291
v 0.080697 0.033426 -0.042942
v 0.077624 0.041491 -0.042037
v 0.083028 0.016515 -0.043795
v 0.073466 0.022286 -0.043854
v 0.082445 0.025009 -0.043685
v 0.084915 0.016890 -0.043514
v 0.083219 0.025244 -0.043291
v 0.085668 0.017040 -0.042942
v 0.084227 0.025550 -0.042037
v 0.076402 0.007525 -0.043854
v 0.085740 0.008444 -0.043685
v 0.086545 0.008524 -0.043291
v 0.087594 0.008627 -0.042037
v 0.031301 -0.006226 -0.042507
v 0.031678 -0.003120 -0.039271
v 0.031915 -0.000000 -0.042507
v 0.031916 -0.003144 -0.043216
v 0.031691 -0.006304 -0.043467
v 0.032312 -0.000000 -0.043467
v 0.032467 -0.003198 -0.043660
v 0.032338 -0.006433 -0.043784
v 0.032972 -0.000000 -0.043784
v 0.033087 -0.003259 -0.043851
v 0.029485 -0.012213 -0.042507
v 0.030460 -0.009240 -0.039271
v 0.030690 -0.009310 -0.043216
v 0.029852 -0.012365 -0.043467
v 0.031219 -0.009470 -0.043660
v 0.030462 -0.012618 -0.043784
v 0.031815 -0.009651 -0.043851
v 0.026536 -0.017731 -0.042507
v 0.028072 -0.015005 -0.039271
v 0.028284 -0.015118 -0.043216
v 0.026866 -0.017952 -0.043467
v 0.028772 -0.015379 -0.043660
v 0.027415 -0.018318 -0.043784
v 0.029321 -0.015672 -0.043851
v 0.022567 -0.022567 -0.042507
v 0.024606 -0.020193 -0.039271
v 0.024791 -0.020346 -0.043216
v 0.022848 -0.022848 -0.043467
v 0.025219 -0.020697 -0.043660
v 0.023315 -0.023315 -0.043784
v 0.025700 -0.021092 -0.043851
v 0.017731 -0.026536 -0.042507
v 0.020193 -0.024606 -0.039271
v 0.020345 -0.024791 -0.043216
v 0.017951 -0.026866 -0.043467
v 0.020697 -0.025219 -0.043660
v 0.018318 -0.027415 -0.043784
v 0.021091 -0.025700 -0.043851
v 0.012213 -0.029485 -0.042507
v 0.015005 -0.028072 -0.039271
v 0.015118 -0.028284 -0.043216
v 0.012365 -0.029852 -0.043467
v 0.015379 -0.028772 -0.043660
v 0.012618 -0.030462 -0.043784
v 0.015672 -0.029321 -0.043851
v 0.006226 -0.031302 -0.042507
v 0.009240 -0.030460 -0.039271
v 0.009310 -0.030690 -0.043216
v 0.006304 -0.031691 -0.043467
v 0.009470 -0.031220 -0.043660
v 0.006432 -0.032338 -0.043784
v 0.009651 -0.031815 -0.043851
v -0.000000 -0.031915 -0.042507
v 0.003120 -0.031678 -0.039271
v 0.003143 -0.031916 -0.043216
v -0.000000 -0.032312 -0.043467
v 0.003198 -0.032467 -0.043660
v -0.000000 -0.032972 -0.043784
v 0.003259 -0.033087 -0.043851
v -0.006226 -0.031302 -0.042507
v -0.003120 -0.031678 -0.039271
v -0.003144 -0.031916 -0.043216
v -0.006304 -0.031691 -0.043467
v -0.003198 -0.032467 -0.043660
v -0.006433 -0.032338 -0.043784
v -0.003259 -0.033087 -0.043851
v -0.012213 -0.029485 -0.042507
v -0.009240 -0.030460 -0.039271
v -0.009310 -0.030690 -0.043216
v -0.012365 -0.029852 -0.043467
v -0.009470 -0.031220 -0.043660
v -0.012618 -0.030462 -0.043784
v -0.009651 -0.031815 -0.043851
v -0.017731 -0.026536 -0.042507
v -0.015005 -0.028072 -0.039271
v -0.015118 -0.028284 -0.043216
v -0.017952 -0.026866 -0.043467
v -0.015379 -0.028772 -0.043660
v -0.018318 -0.027415 -0.043784
v -0.015672 -0.029321 -0.043851
v -0.022567 -0.022567 -0.042507
v -0.020193 -0.024606 -0.039271
v -0.020346 -0.024791 -0.043216
v -0.022848 -0.022848 -0.043467
v -0.020697 -0.025219 -0.043660
v -0.023315 -0.023315 -0.043784
v -0.021092 -0.025700 -0.043851
v -0.026536 -0.017731 -0.042507
v -0.024606 -0.020193 -0.039271
v -0.024791 -0.020346 -0.043216
v -0.026866 -0.017952 -0.043467
v -0.025219 -0.020697 -0.043660
v -0.027415 -0.018318 -0.043784
v -0.025700 -0.021092 -0.043851
v -0.029485 -0.012213 -0.042507
v -0.028072 -0.015005 -0.039271
v -0.028284 -0.015118 -0.043216
v -0.029852 -0.012365 -0.043467
v -0.028772 -0.015379 -0.043660
v -0.030462 -0.012618 -0.043784
v -0.029321 -0.015672 -0.043851
v -0.031302 -0.006226 -0.042507
v -0.030460 -0.009240 -0.039271
v -0.030690 -0.009310 -0.043216
v -0.031691 -0.006304 -0.043467
v -0.031220 -0.009470 -0.043660
v -0.032338 -0.006433 -0.043784
v -0.031815 -0.009651 -0.043851
v -0.031915 -0.000000 -0.042507
v -0.031678 -0.003120 -0.039271
v -0.031916 -0.003144 -0.043216
v -0.032312 -0.000000 -0.043467
v -0.032467 -0.003198 -0.043660
v -0.032972 -0.000000 -0.043784
v -0.033087 -0.003259 -0.043851
v -0.031302 0.006226 -0.042507
v -0.031678 0.003120 -0.039271
v -0.031916 0.003143 -0.043216
v -0.031691 0.006304 -0.043467
v -0.032467 0.003198 -0.043660
v -0.032338 0.006432 -0.043784
v -0.033087 0.003259 -0.043851
v -0.029485 0.012213 -0.042507
v -0.030460 0.009240 -0.039271
v -0.030690 0.009310 -0.043216
v -0.029852 0.012365 -0.043467
v -0.031220 0.009470 -0.043660
v -0.030462 0.012618 -0.043784
v -0.031815 0.009651 -0.043851
v -0.026536 0.017731 -0.042507
v -0.028072 0.015005 -0.039271
v -0.028284 0.015118 -0.043216
v -0.026866 0.017951 -0.043467
v -0.028772 0.015379 -0.043660
v -0.027415 0.018318 -0.043784
v -0.029321 0.015672 -0.043851
v -0.022567 0.022567 -0.042507
v -0.024606 0.020193 -0.039271
v -0.024791 0.020345 -0.043216
v -0.022848 0.022848 -0.043467
v -0.025219 0.020697 -0.043660
v -0.023315 0.023315 -0.043784
v -0.025700 0.021091 -0.043851
v -0.017731 0.026536 -0.042507
v -0.020193 0.024606 -0.039271
v -0.020345 0.024791 -0.043216
v -0.017951 0.026866 -0.043467
v -0.020697 0.025219 -0.043660
v -0.018318 0.027415 -0.043784
v -0.021091 0.025700 -0.043851
v -0.012213 0.029485 -0.042507
v -0.015005 0.028072 -0.039271
v -0.015118 0.028284 -0.043216
v -0.012365 0.029852 -0.043467
v -0.015379 0.028772 -0.043660
v -0.012618 0.030462 -0.043784
v -0.015672 0.029321 -0.043851
v -0.006226 0.031301 -0.042507
v -0.009240 0.030460 -0.039271
v -0.009310 0.030690 -0.043216
v -0.006304 0.031691 -0.043467
v -0.009470 0.031219 -0.043660
v -0.006432 0.032338 -0.043784
v -0.009651 0.031815 -0.043851
v -0.000000 0.031915 -0.042507
v -0.003120 0.031678 -0.039271
v -0.003143 0.031916 -0.043216
v -0.000000 0.032312 -0.043467
v -0.003198 0.032467 -0.043660
v -0.000000 0.032972 -0.043784
v -0.003259 0.033086 -0.043851
v 0.006226 0.031301 -0.042507
v 0.003120 0.031678 -0.039271
v 0.003143 0.031916 -0.043216
v 0.006304 0.031691 -0.043467
v 0.003198 0.032467 -0.043660
v 0.006432 0.032338 -0.043784
v 0.003259 0.033086 -0.043851
v 0.012213 0.029485 -0.042507
v 0.009240 0.030460 -0.039271
v 0.009310 0.030690 -0.043216
v 0.012365 0.029852 -0.043467
v 0.009470 0.031219 -0.043660
v 0.012618 0.030462 -0.043784
v 0.009651 0.031815 -0.043851
v 0.017731 0.026536 -0.042507
v 0.015005 0.028072 -0.039271
v 0.015118 0.028284 -0.043216
v 0.017951 0.026866 -0.043467
v 0.015379 0.028772 -0.043660
v 0.018318 0.027415 -0.043784
v 0.015672 0.029321 -0.043851
v 0.022567 0.022567 -0.042507
v 0.020193 0.024606 -0.039271
v 0.020345 0.024791 -0.043216
v 0.022848 0.022848 -0.043467
v 0.020697 0.025219 -0.043660
v 0.023315 0.023314 -0.043784
v 0.021091 0.025700 -0.043851
v 0.026536 0.017731 -0.042507
v 0.024606 0.020193 -0.039271
v 0.024791 0.020345 -0.043216
v 0.026866 0.017951 -0.043467
v 0.025219 0.020696 -0.043660
v 0.027415 0.018318 -0.043784
v 0.025700 0.021091 -0.043851
v 0.029485 0.012213 -0.042507
v 0.028072 0.015005 -0.039271
v 0.028284 0.015118 -0.043216
v 0.029852 0.012365 -0.043467
v 0.028772 0.015379 -0.043660
v 0.030462 0.012618 -0.043784
v 0.029321 0.015672 -0.043851
v 0.031301 0.006226 -0.042507
v 0.030460 0.009240 -0.039271
v 0.030690 0.009309 -0.043216
v 0.031691 0.006304 -0.043467
v 0.031219 0.009470 -0.043660
v 0.032338 0.006432 -0.043784
v 0.031815 0.009651 -0.043851
v 0.031678 0.003120 -0.039271
v 0.031916 0.003143 -0.043216
v 0.032467 0.003198 -0.043660
v 0.033087 0.003259 -0.043851
v 0.186768 -0.037150 -0.001055
v 0.191116 -0.018823 -0.003027
v 0.190427 -0.000000 -0.001055
v 0.188974 -0.018612 -0.000563
v 0.185842 -0.036966 -0.000350
v 0.189483 -0.000000 -0.000350
v 0.188132 -0.018529 -0.000186
v 0.184432 -0.036686 -0.000080
v 0.188045 -0.000000 -0.000080
v 0.182868 -0.018011 -0.000024
v 0.175931 -0.072873 -0.001055
v 0.183772 -0.055747 -0.003027
v 0.181712 -0.055122 -0.000563
v 0.175059 -0.072512 -0.000350
v 0.180902 -0.054876 -0.000186
v 0.173731 -0.071962 -0.000080
v 0.175841 -0.053341 -0.000024
v 0.158334 -0.105795 -0.001055
v 0.169365 -0.090527 -0.003027
v 0.167466 -0.089513 -0.000563
v 0.157549 -0.105271 -0.000350
v 0.166720 -0.089114 -0.000186
v 0.156354 -0.104472 -0.000080
v 0.162056 -0.086621 -0.000024
v 0.134652 -0.134652 -0.001054
v 0.148450 -0.121829 -0.003027
v 0.146786 -0.120464 -0.000563
v 0.133985 -0.133985 -0.000350
v 0.146132 -0.119927 -0.000186
v 0.132968 -0.132968 -0.000080
v 0.142043 -0.116572 -0.000024
v 0.105795 -0.158334 -0.001054
v 0.121829 -0.148450 -0.003027
v 0.120464 -0.146786 -0.000563
v 0.105271 -0.157549 -0.000350
v 0.119927 -0.146132 -0.000186
v 0.104472 -0.156354 -0.000080
v 0.116572 -0.142043 -0.000024
v 0.072873 -0.175931 -0.001054
v 0.090527 -0.169365 -0.003027
v 0.089513 -0.167466 -0.000562
v 0.072512 -0.175059 -0.000350
v 0.089114 -0.166720 -0.000186
v 0.071962 -0.173731 -0.000080
v 0.086621 -0.162056 -0.000024
v 0.037150 -0.186768 -0.001054
v 0.055747 -0.183772 -0.003027
v 0.055122 -0.181712 -0.000562
v 0.036966 -0.185842 -0.000349
v 0.054876 -0.180902 -0.000186
v 0.036686 -0.184432 -0.000080
v 0.053341 -0.175841 -0.000024
v 0.000000 -0.190427 -0.001054
v 0.018823 -0.191116 -0.003027
v 0.018612 -0.188974 -0.000562
v 0.000000 -0.189483 -0.000349
v 0.018529 -0.188132 -0.000186
v 0.000000 -0.188045 -0.000080
v 0.018011 -0.182868 -0.000024
v -0.037150 -0.186768 -0.001054
v -0.018823 -0.191116 -0.003027
v -0.018612 -0.188974 -0.000562
v -0.036966 -0.185842 -0.000349
v -0.018529 -0.188132 -0.000186
v -0.036686 -0.184432 -0.000080
v -0.018011 -0.182868 -0.000024
v -0.072873 -0.175931 -0.001054
v -0.055746 -0.183772 -0.003027
v -0.055122 -0.181712 -0.000562
v -0.072512 -0.175059 -0.000349
v -0.054876 -0.180902 -0.000186
v -0.071962 -0.173731 -0.000080
v -0.053341 -0.175841 -0.000024
v -0.105795 -0.158334 -0.001054
v -0.090527 -0.169365 -0.003027
v -0.089513 -0.167466 -0.000562
v -0.105271 -0.157549 -0.000349
v -0.089114 -0.166720 -0.000186
v -0.104472 -0.156354 -0.000080
v -0.086620 -0.162056 -0.000024
v -0.134652 -0.134652 -0.001054
v -0.121829 -0.148450 -0.003027
v -0.120464 -0.146786 -0.000562
v -0.133985 -0.133985 -0.000349
v -0.119927 -0.146132 -0.000186
v -0.132968 -0.132968 -0.000080
v -0.116572 -0.142043 -0.000024
v -0.158334 -0.105795 -0.001054
v -0.148450 -0.121829 -0.003027
v -0.146786 -0.120464 -0.000562
v -0.157549 -0.105271 -0.000349
v -0.146132 -0.119927 -0.000186
v -0.156354 -0.104472 -0.000080
v -0.142043 -0.116572 -0.000024
v -0.175931 -0.072873 -0.001054
v -0.169365 -0.090527 -0.003027
v -0.167466 -0.089513 -0.000562
v -0.175059 -0.072512 -0.000349
v -0.166720 -0.089114 -0.000186
v -0.173731 -0.071962 -0.000080
v -0.162056 -0.086621 -0.000024
v -0.186768 -0.037150 -0.001054
v -0.183772 -0.055747 -0.003027
v -0.181712 -0.055122 -0.000562
v -0.185842 -0.036966 -0.000349
v -0.180902 -0.054876 -0.000186
v -0.184432 -0.036686 -0.000080
v -0.175841 -0.053341 -0.000024
v -0.190427 0.000000 -0.001054
v -0.191116 -0.018823 -0.003027
v -0.188974 -0.018612 -0.000562
v -0.189483 0.000000 -0.000349
v -0.188132 -0.018529 -0.000186
v -0.188045 0.000000 -0.000080
v -0.182868 -0.018011 -0.000024
v -0.186768 0.037150 -0.001054
v -0.191116 0.018823 -0.003027
v -0.188974 0.018612 -0.000562
v -0.185842 0.036966 -0.000349
v -0.188132 0.018529 -0.000186
v -0.184432 0.036686 -0.000080
v -0.182868 0.018011 -0.000024
v -0.175931 0.072873 -0.001054
v -0.183772 0.055747 -0.003027
v -0.181712 0.055122 -0.000562
v -0.175059 0.072512 -0.000350
v -0.180902 0.054876 -0.000186
v -0.173731 0.071962 -0.000080
v -0.175841 0.053341 -0.000024
v -0.158334 0.105795 -0.001054
v -0.169365 0.090527 -0.003027
v -0.167466 0.089513 -0.000562
v -0.157549 0.105271 -0.000350
v -0.166720 0.089114 -0.000186
v -0.156354 0.104472 -0.000080
v -0.162056 0.086621 -0.000024
v -0.134652 0.134652 -0.001054
v -0.148450 0.121829 -0.003027
v -0.146785 0.120464 -0.000563
v -0.133984 0.133985 -0.000350
v -0.146131 0.119927 -0.000186
v -0.132968 0.132968 -0.000080
v -0.142043 0.116572 -0.000024
v -0.105795 0.158334 -0.001055
v -0.121829 0.148450 -0.003027
v -0.120464 0.146785 -0.000563
v -0.105271 0.157549 -0.000350
v -0.119927 0.146132 -0.000186
v -0.104472 0.156354 -0.000080
v -0.116571 0.142043 -0.000024
v -0.072873 0.175931 -0.001055
v -0.090527 0.169365 -0.003027
v -0.089513 0.167466 -0.000563
v -0.072512 0.175059 -0.000350
v -0.089114 0.166720 -0.000186
v -0.071962 0.173731 -0.000080
v -0.086620 0.162056 -0.000024
v -0.037150 0.186767 -0.001055
v -0.055746 0.183772 -0.003027
v -0.055121 0.181712 -0.000563
v -0.036966 0.185842 -0.000350
v -0.054876 0.180902 -0.000186
v -0.036686 0.184432 -0.000080
v -0.053340 0.175840 -0.000024
v 0.000000 0.190426 -0.001055
v -0.018823 0.191116 -0.003027
v -0.018612 0.188974 -0.000563
v 0.000000 0.189483 -0.000350
v -0.018529 0.188132 -0.000186
v 0.000000 0.188045 -0.000080
v -0.018011 0.182868 -0.000024
v 0.037151 0.186767 -0.001055
v 0.018823 0.191116 -0.003027
v 0.018612 0.188974 -0.000563
v 0.036966 0.185842 -0.000350
v 0.018530 0.188132 -0.000186
v 0.036686 0.184432 -0.000081
v 0.018011 0.182868 -0.000024
v 0.072873 0.175931 -0.001055
v 0.055747 0.183771 -0.003027
v 0.055122 0.181711 -0.000563
v 0.072512 0.175059 -0.000350
v 0.054876 0.180902 -0.000186
v 0.071962 0.173731 -0.000081
v 0.053341 0.175840 -0.000024
v 0.105796 0.158334 -0.001055
v 0.090528 0.169365 -0.003027
v 0.089513 0.167466 -0.000563
v 0.105271 0.157549 -0.000350
v 0.089114 0.166720 -0.000186
v 0.104473 0.156354 -0.000081
v 0.086621 0.162055 -0.000024
v 0.134652 0.134652 -0.001055
v 0.121830 0.148449 -0.003027
v 0.120464 0.146785 -0.000563
v 0.133985 0.133984 -0.000350
v 0.119927 0.146131 -0.000186
v 0.132968 0.132968 -0.000081
v 0.116572 0.142043 -0.000024
v 0.158334 0.105795 -0.001055
v 0.148450 0.121829 -0.003027
v 0.146786 0.120463 -0.000563
v 0.157549 0.105271 -0.000350
v 0.146132 0.119927 -0.000186
v 0.156354 0.104472 -0.000081
v 0.142043 0.116571 -0.000024
v 0.175931 0.072873 -0.001055
v 0.169365 0.090527 -0.003027
v 0.167466 0.089512 -0.000563
v 0.175059 0.072512 -0.000350
v 0.166720 0.089114 -0.000186
v 0.173731 0.071962 -0.000081
v 0.162056 0.086620 -0.000024
v 0.186768 0.037150 -0.001055
v 0.183772 0.055746 -0.003027
v 0.181712 0.055121 -0.000563
v 0.185842 0.036966 -0.000350
v 0.180902 0.054876 -0.000186
v 0.184432 0.036686 -0.000081
v 0.175841 0.053340 -0.000024
v 0.191116 0.018823 -0.003027
v 0.188974 0.018612 -0.000563
v 0.188132 0.018529 -0.000186
v 0.182868 0.018011 -0.000024
v 0.157922 -0.031413 -0.000087
v 0.164500 -0.016202 -0.000026
v 0.161016 -0.000000 -0.000087
v 0.159268 -0.015687 -0.000201
v 0.156564 -0.031143 -0.000378
v 0.159632 -0.000000 -0.000378
v 0.158499 -0.015611 -0.000609
v 0.155866 -0.031004 -0.000965
v 0.158920 -0.000000 -0.000965
v 0.157589 -0.015521 -0.001865
v 0.148760 -0.061618 -0.000087
v 0.158179 -0.047983 -0.000026
v 0.153148 -0.046457 -0.000201
v 0.147480 -0.061088 -0.000378
v 0.152408 -0.046233 -0.000609
v 0.146823 -0.060816 -0.000965
v 0.151533 -0.045967 -0.001865
v 0.133880 -0.089456 -0.000087
v 0.145778 -0.077920 -0.000026
v 0.141142 -0.075442 -0.000201
v 0.132729 -0.088687 -0.000378
v 0.140460 -0.075078 -0.000609
v 0.132137 -0.088291 -0.000965
v 0.139654 -0.074646 -0.001865
v 0.113856 -0.113856 -0.000087
v 0.127776 -0.104863 -0.000026
v 0.123712 -0.101528 -0.000201
v 0.112877 -0.112877 -0.000378
v 0.123115 -0.101038 -0.000608
v 0.112373 -0.112373 -0.000964
v 0.122407 -0.100457 -0.001865
v 0.089456 -0.133880 -0.000087
v 0.104863 -0.127776 -0.000026
v 0.101528 -0.123712 -0.000201
v 0.088687 -0.132729 -0.000378
v 0.101037 -0.123115 -0.000608
v 0.088291 -0.132137 -0.000964
v 0.100457 -0.122407 -0.001865
v 0.061618 -0.148760 -0.000087
v 0.077920 -0.145778 -0.000026
v 0.075442 -0.141142 -0.000201
v 0.061088 -0.147480 -0.000378
v 0.075078 -0.140460 -0.000608
v 0.060816 -0.146823 -0.000964
v 0.074646 -0.139654 -0.001865
v 0.031413 -0.157922 -0.000087
v 0.047983 -0.158179 -0.000026
v 0.046457 -0.153148 -0.000201
v 0.031143 -0.156564 -0.000378
v 0.046233 -0.152408 -0.000608
v 0.031004 -0.155866 -0.000964
v 0.045967 -0.151533 -0.001865
v 0.000000 -0.161016 -0.000087
v 0.016202 -0.164500 -0.000026
v 0.015687 -0.159268 -0.000201
v 0.000000 -0.159632 -0.000378
v 0.015611 -0.158499 -0.000608
v 0.000000 -0.158920 -0.000964
v 0.015521 -0.157589 -0.001865
v -0.031413 -0.157922 -0.000087
v -0.016202 -0.164500 -0.000026
v -0.015687 -0.159268 -0.000201
v -0.031143 -0.156564 -0.000378
v -0.015611 -0.158499 -0.000608
v -0.031004 -0.155866 -0.000964
v -0.015521 -0.157589 -0.001865
v -0.061618 -0.148760 -0.000087
v -0.047983 -0.158179 -0.000026
v -0.046457 -0.153148 -0.000201
v -0.061088 -0.147480 -0.000378
v -0.046233 -0.152408 -0.000608
v -0.060816 -0.146823 -0.000964
v -0.045967 -0.151533 -0.001865
v -0.089456 -0.133880 -0.000087
v -0.077920 -0.145778 -0.000026
v -0.075442 -0.141142 -0.000201
v -0.088687 -0.132729 -0.000378
v -0.075078 -0.140460 -0.000608
v -0.088291 -0.132137 -0.000964
v -0.074646 -0.139654 -0.001865
v -0.113856 -0.113856 -0.000087
v -0.104863 -0.127776 -0.000026
v -0.101528 -0.123712 -0.000201
v -0.112877 -0.112877 -0.000378
v -0.101037 -0.123115 -0.000608
v -0.112373 -0.112373 -0.000964
v -0.100457 -0.122407 -0.001865
v -0.133880 -0.089456 -0.000087
v -0.127776 -0.104863 -0.000026
v -0.123712 -0.101528 -0.000201
v -0.132729 -0.088687 -0.000378
v -0.123115 -0.101038 -0.000608
v -0.132137 -0.088291 -0.000964
v -0.122407 -0.100457 -0.001865
v -0.148760 -0.061618 -0.000087
v -0.145778 -0.077920 -0.000026
v -0.141142 -0.075442 -0.000201
v -0.147480 -0.061088 -0.000378
v -0.140460 -0.075078 -0.000608
v -0.146823 -0.060816 -0.000964
v -0.139654 -0.074646 -0.001865
v -0.157922 -0.031413 -0.000087
v -0.158179 -0.047983 -0.000026
v -0.153148 -0.046457 -0.000201
v -0.156564 -0.031143 -0.000378
v -0.152408 -0.046233 -0.000608
v -0.155866 -0.031004 -0.000964
v -0.151533 -0.045967 -0.001865
v -0.161016 0.000000 -0.000087
v -0.164500 -0.016202 -0.000026
v -0.159268 -0.015687 -0.000201
v -0.159632 0.000000 -0.000378
v -0.158499 -0.015611 -0.000608
v -0.158920 0.000000 -0.000964
v -0.157589 -0.015521 -0.001865
v -0.157922 0.031413 -0.000087
v -0.164500 0.016202 -0.000026
v -0.159268 0.015687 -0.000201
v -0.156564 0.031143 -0.000378
v -0.158499 0.015611 -0.000608
v -0.155866 0.031004 -0.000964
v -0.157589 0.015521 -0.001865
v -0.148760 0.061618 -0.000087
v -0.158179 0.047983 -0.000026
v -0.153148 0.046457 -0.000201
v -0.147480 0.061088 -0.000378
v -0.152408 0.046233 -0.000608
v -0.146823 0.060816 -0.000964
v -0.151533 0.045967 -0.001865
v -0.133880 0.089456 -0.000087
v -0.145778 0.077920 -0.000026
v -0.141142 0.075442 -0.000201
v -0.132729 0.088687 -0.000378
v -0.140460 0.075078 -0.000608
v -0.132137 0.088291 -0.000964
v -0.139654 0.074646 -0.001865
v -0.113856 0.113856 -0.000087
v -0.127776 0.104863 -0.000026
v -0.123712 0.101528 -0.000201
v -0.112876 0.112877 -0.000378
v -0.123114 0.101038 -0.000608
v -0.112373 0.112373 -0.000964
v -0.122407 0.100457 -0.001865
v -0.089456 0.133880 -0.000087
v -0.104863 0.127776 -0.000026
v -0.101528 0.123712 -0.000201
v -0.088686 0.132729 -0.000378
v -0.101037 0.123115 -0.000608
v -0.088291 0.132137 -0.000965
v -0.100457 0.122407 -0.001865
v -0.061618 0.148760 -0.000087
v -0.077920 0.145778 -0.000026
v -0.075442 0.141142 -0.000201
v -0.061088 0.147480 -0.000378
v -0.075078 0.140460 -0.000609
v -0.060816 0.146823 -0.000965
v -0.074646 0.139654 -0.001865
v -0.031413 0.157922 -0.000087
v -0.047983 0.158179 -0.000026
v -0.046457 0.153148 -0.000201
v -0.031142 0.156564 -0.000378
v -0.046232 0.152408 -0.000609
v -0.031004 0.155866 -0.000965
v -0.045967 0.151533 -0.001865
v 0.000000 0.161016 -0.000087
v -0.016202 0.164500 -0.000026
v -0.015686 0.159268 -0.000201
v 0.000000 0.159631 -0.000378
v -0.015611 0.158499 -0.000609
v 0.000000 0.158920 -0.000965
v -0.015521 0.157589 -0.001865
v 0.031413 0.157922 -0.000087
v 0.016202 0.164500 -0.000026
v 0.015687 0.159268 -0.000201
v 0.031143 0.156564 -0.000378
v 0.015611 0.158499 -0.000609
v 0.031004 0.155866 -0.000965
v 0.015521 0.157589 -0.001865
v 0.061618 0.148759 -0.000087
v 0.047983 0.158179 -0.000026
v 0.046457 0.153148 -0.000201
v 0.061089 0.147480 -0.000378
v 0.046233 0.152408 -0.000609
v 0.060816 0.146823 -0.000965
v 0.045967 0.151533 -0.001865
v 0.089456 0.133880 -0.000087
v 0.077920 0.145778 -0.000026
v 0.075442 0.141142 -0.000201
v 0.088687 0.132729 -0.000378
v 0.075078 0.140460 -0.000609
v 0.088291 0.132137 -0.000965
v 0.074647 0.139653 -0.001865
v 0.113856 0.113855 -0.000087
v 0.104863 0.127776 -0.000026
v 0.101528 0.123712 -0.000201
v 0.112877 0.112876 -0.000378
v 0.101038 0.123114 -0.000609
v 0.112373 0.112373 -0.000965
v 0.100457 0.122407 -0.001865
v 0.133880 0.089456 -0.000087
v 0.127776 0.104863 -0.000026
v 0.123712 0.101527 -0.000201
v 0.132729 0.088686 -0.000378
v 0.123115 0.101037 -0.000609
v 0.132137 0.088291 -0.000965
v 0.122407 0.100457 -0.001865
v 0.148760 0.061618 -0.000087
v 0.145778 0.077920 -0.000026
v 0.141142 0.075442 -0.000201
v 0.147480 0.061088 -0.000378
v 0.140460 0.075077 -0.000609
v 0.146823 0.060816 -0.000965
v 0.139654 0.074646 -0.001865
v 0.157922 0.031412 -0.000087
v 0.158179 0.047983 -0.000026
v 0.153148 0.046457 -0.000201
v 0.156564 0.031142 -0.000378
v 0.152408 0.046232 -0.000609
v 0.155866 0.031003 -0.000965
v 0.151533 0.045967 -0.001865
v 0.164500 0.016202 -0.000026
v 0.159268 0.015686 -0.000201
v 0.158499 0.015611 -0.000609
v 0.157589 0.015521 -0.001865
v 0.152898 -0.030413 -0.006150
v 0.155707 -0.015336 -0.005249
v 0.155894 -0.000000 -0.006150
v 0.154797 -0.015246 -0.006506
v 0.152200 -0.030275 -0.006736
v 0.155182 -0.000000 -0.006736
v 0.154028 -0.015171 -0.006913
v 0.150155 -0.029868 -0.007028
v 0.153097 -0.000000 -0.007028
v 0.143221 -0.014106 -0.007088
v 0.144027 -0.059658 -0.006150
v 0.149724 -0.045418 -0.005249
v 0.148848 -0.045153 -0.006506
v 0.143369 -0.059386 -0.006736
v 0.148109 -0.044928 -0.006913
v 0.141443 -0.058588 -0.007028
v 0.137718 -0.041776 -0.007088
v 0.129621 -0.086610 -0.006150
v 0.137986 -0.073755 -0.005249
v 0.137179 -0.073324 -0.006506
v 0.129029 -0.086215 -0.006736
v 0.136498 -0.072960 -0.006913
v 0.127296 -0.085056 -0.007027
v 0.126921 -0.067841 -0.007088
v 0.110234 -0.110234 -0.006150
v 0.120946 -0.099258 -0.005249
v 0.120239 -0.098677 -0.006506
v 0.109730 -0.109730 -0.006736
v 0.119641 -0.098187 -0.006913
v 0.108256 -0.108256 -0.007027
v 0.111247 -0.091298 -0.007088
v 0.086610 -0.129621 -0.006150
v 0.099258 -0.120946 -0.005249
v 0.098677 -0.120239 -0.006506
v 0.086214 -0.129029 -0.006736
v 0.098187 -0.119641 -0.006913
v 0.085056 -0.127296 -0.007027
v 0.091298 -0.111247 -0.007088
v 0.059658 -0.144027 -0.006150
v 0.073755 -0.137986 -0.005249
v 0.073324 -0.137179 -0.006506
v 0.059386 -0.143369 -0.006736
v 0.072960 -0.136498 -0.006913
v 0.058588 -0.141443 -0.007027
v 0.067841 -0.126921 -0.007088
v 0.030413 -0.152898 -0.006150
v 0.045418 -0.149724 -0.005249
v 0.045153 -0.148848 -0.006506
v 0.030275 -0.152200 -0.006736
v 0.044928 -0.148109 -0.006913
v 0.029868 -0.150155 -0.007027
v 0.041776 -0.137718 -0.007088
v 0.000000 -0.155894 -0.006150
v 0.015336 -0.155707 -0.005249
v 0.015246 -0.154797 -0.006506
v 0.000000 -0.155182 -0.006736
v 0.015170 -0.154028 -0.006913
v 0.000000 -0.153097 -0.007027
v 0.014106 -0.143221 -0.007088
v -0.030413 -0.152898 -0.006150
v -0.015336 -0.155707 -0.005249
v -0.015246 -0.154797 -0.006506
v -0.030274 -0.152200 -0.006736
v -0.015170 -0.154028 -0.006913
v -0.029868 -0.150155 -0.007027
v -0.014106 -0.143221 -0.007088
v -0.059658 -0.144027 -0.006150
v -0.045418 -0.149724 -0.005249
v -0.045153 -0.148848 -0.006506
v -0.059386 -0.143369 -0.006736
v -0.044928 -0.148109 -0.006913
v -0.058588 -0.141443 -0.007027
v -0.041776 -0.137718 -0.007088
v -0.086610 -0.129621 -0.006150
v -0.073755 -0.137986 -0.005249
v -0.073324 -0.137179 -0.006506
v -0.086214 -0.129029 -0.006736
v -0.072960 -0.136498 -0.006913
v -0.085056 -0.127296 -0.007027
v -0.067841 -0.126921 -0.007088
v -0.110234 -0.110234 -0.006150
v -0.099258 -0.120946 -0.005249
v -0.098677 -0.120239 -0.006506
v -0.109730 -0.109730 -0.006736
v -0.098187 -0.119641 -0.006913
v -0.108256 -0.108256 -0.007027
v -0.091298 -0.111247 -0.007088
v -0.129621 -0.086610 -0.006150
v -0.120946 -0.099258 -0.005249
v -0.120239 -0.098677 -0.006506
v -0.129029 -0.086215 -0.006736
v -0.119641 -0.098187 -0.006913
v -0.127296 -0.085056 -0.007027
v -0.111247 -0.091298 -0.007088
v -0.144027 -0.059658 -0.006150
v -0.137986 -0.073755 -0.005249
v -0.137179 -0.073324 -0.006506
v -0.143369 -0.059386 -0.006736
v -0.136498 -0.072960 -0.006913
v -0.141443 -0.058588 -0.007027
v -0.126921 -0.067841 -0.007088
v -0.152898 -0.030413 -0.006150
v -0.149724 -0.045418 -0.005249
v -0.148848 -0.045153 -0.006506
v -0.152200 -0.030275 -0.006736
v -0.148109 -0.044928 -0.006913
v -0.150155 -0.029868 -0.007027
v -0.137718 -0.041776 -0.007088
v -0.155894 -0.000000 -0.006150
v -0.155707 -0.015336 -0.005249
v -0.154797 -0.015246 -0.006506
v -0.155182 -0.000000 -0.006736
v -0.154028 -0.015170 -0.006913
v -0.153097 -0.000000 -0.007027
v -0.143221 -0.014106 -0.007088
v -0.152898 0.030413 -0.006150
v -0.155707 0.015336 -0.005249
v -0.154797 0.015246 -0.006506
v -0.152200 0.030274 -0.006736
v -0.154028 0.015170 -0.006913
v -0.150155 0.029868 -0.007027
v -0.143221 0.014106 -0.007088
v -0.144027 0.059658 -0.006150
v -0.149724 0.045418 -0.005249
v -0.148848 0.045153 -0.006506
v -0.143369 0.059386 -0.006736
v -0.148109 0.044928 -0.006913
v -0.141443 0.058588 -0.007027
v -0.137718 0.041776 -0.007088
v -0.129621 0.086610 -0.006150
v -0.137986 0.073755 -0.005249
v -0.137179 0.073324 -0.006506
v -0.129029 0.086214 -0.006736
v -0.136498 0.072960 -0.006913
v -0.127296 0.085056 -0.007027
v -0.126921 0.067841 -0.007088
v -0.110233 0.110234 -0.006150
v -0.120946 0.099258 -0.005249
v -0.120239 0.098677 -0.006506
v -0.109730 0.109730 -0.006736
v -0.119641 0.098187 -0.006913
v -0.108256 0.108256 -0.007027
v -0.111247 0.091298 -0.007088
v -0.086610 0.129621 -0.006150
v -0.099258 0.120946 -0.005249
v -0.098677 0.120239 -0.006506
v -0.086214 0.129029 -0.006736
v -0.098187 0.119641 -0.006913
v -0.085056 0.127296 -0.007027
v -0.091298 0.111247 -0.007088
v -0.059658 0.144027 -0.006150
v -0.073755 0.137986 -0.005249
v -0.073324 0.137179 -0.006506
v -0.059385 0.143369 -0.006736
v -0.072960 0.136498 -0.006913
v -0.058588 0.141443 -0.007028
v -0.067841 0.126921 -0.007088
v -0.030413 0.152898 -0.006150
v -0.045418 0.149724 -0.005249
v -0.045152 0.148848 -0.006506
v -0.030274 0.152200 -0.006736
v -0.044928 0.148109 -0.006913
v -0.029868 0.150155 -0.007028
v -0.041776 0.137717 -0.007088
v 0.000000 0.155894 -0.006150
v -0.015336 0.155707 -0.005249
v -0.015246 0.154797 -0.006506
v 0.000000 0.155182 -0.006736
v -0.015170 0.154028 -0.006913
v 0.000000 0.153097 -0.007028
v -0.014106 0.143221 -0.007088
v 0.030414 0.152898 -0.006150
v 0.015336 0.155707 -0.005249
v 0.015246 0.154797 -0.006506
v 0.030275 0.152200 -0.006736
v 0.015171 0.154028 -0.006913
v 0.029868 0.150155 -0.007028
v 0.014106 0.143221 -0.007088
v 0.059658 0.144027 -0.006150
v 0.045418 0.149724 -0.005249
v 0.045153 0.148848 -0.006506
v 0.059386 0.143369 -0.006736
v 0.044929 0.148109 -0.006913
v 0.058588 0.141443 -0.007028
v 0.041776 0.137717 -0.007089
v 0.086610 0.129621 -0.006150
v 0.073755 0.137986 -0.005249
v 0.073324 0.137179 -0.006506
v 0.086215 0.129029 -0.006736
v 0.072960 0.136498 -0.006913
v 0.085056 0.127295 -0.007028
v 0.067841 0.126921 -0.007089
v 0.110234 0.110233 -0.006150
v 0.099258 0.120946 -0.005249
v 0.098677 0.120238 -0.006506
v 0.109730 0.109730 -0.006736
v 0.098187 0.119641 -0.006913
v 0.108256 0.108256 -0.007028
v 0.091298 0.111247 -0.007089
v 0.129621 0.086610 -0.006150
v 0.120946 0.099257 -0.005249
v 0.120239 0.098677 -0.006506
v 0.129029 0.086214 -0.006736
v 0.119642 0.098187 -0.006913
v 0.127296 0.085056 -0.007028
v 0.111247 0.091298 -0.007089
v 0.144027 0.059658 -0.006150
v 0.137986 0.073755 -0.005249
v 0.137179 0.073324 -0.006506
v 0.143370 0.059385 -0.006736
v 0.136498 0.072959 -0.006913
v 0.141443 0.058587 -0.007028
v 0.126921 0.067841 -0.007089
v 0.152898 0.030413 -0.006150
v 0.149724 0.045418 -0.005249
v 0.148848 0.045152 -0.006506
v 0.152200 0.030274 -0.006736
v 0.148109 0.044928 -0.006913
v 0.150155 0.029868 -0.007028
v 0.137718 0.041776 -0.007089
v 0.155707 0.015336 -0.005249
v 0.154797 0.015246 -0.006506
v 0.154028 0.015170 -0.006913
v 0.143221 0.014106 -0.007088
v 0.092063 -0.018313 -0.007030
v 0.102558 -0.010101 -0.007089
v 0.093867 -0.000000 -0.007031
v 0.091736 -0.009035 -0.006920
v 0.089993 -0.017901 -0.006749
v 0.091756 -0.000000 -0.006749
v 0.090930 -0.008956 -0.006527
v 0.089240 -0.017751 -0.006178
v 0.090988 -0.000000 -0.006178
v 0.089882 -0.008853 -0.005272
v 0.086722 -0.035921 -0.007030
v 0.098617 -0.029915 -0.007089
v 0.088210 -0.026758 -0.006920
v 0.084771 -0.035114 -0.006749
v 0.087436 -0.026523 -0.006527
v 0.084062 -0.034820 -0.006178
v 0.086428 -0.026218 -0.005272
v 0.078048 -0.052150 -0.007030
v 0.090886 -0.048579 -0.007089
v 0.081295 -0.043453 -0.006920
v 0.076292 -0.050977 -0.006749
v 0.080581 -0.043072 -0.006527
v 0.075654 -0.050550 -0.006178
v 0.079652 -0.042575 -0.005272
v 0.066374 -0.066374 -0.007030
v 0.079662 -0.065377 -0.007089
v 0.071256 -0.058478 -0.006920
v 0.064881 -0.064881 -0.006749
v 0.070630 -0.057965 -0.006527
v 0.064338 -0.064339 -0.006178
v 0.069816 -0.057296 -0.005272
v 0.052150 -0.078048 -0.007030
v 0.065377 -0.079662 -0.007089
v 0.058478 -0.071256 -0.006920
v 0.050977 -0.076292 -0.006749
v 0.057965 -0.070630 -0.006527
v 0.050550 -0.075654 -0.006178
v 0.057296 -0.069816 -0.005272
v 0.035921 -0.086722 -0.007030
v 0.048579 -0.090886 -0.007089
v 0.043453 -0.081295 -0.006920
v 0.035113 -0.084771 -0.006749
v 0.043072 -0.080582 -0.006527
v 0.034820 -0.084062 -0.006178
v 0.042575 -0.079652 -0.005272
v 0.018313 -0.092063 -0.007030
v 0.029915 -0.098617 -0.007089
v 0.026758 -0.088210 -0.006920
v 0.017901 -0.089993 -0.006749
v 0.026523 -0.087436 -0.006527
v 0.017751 -0.089240 -0.006178
v 0.026218 -0.086428 -0.005272
v 0.000000 -0.093867 -0.007030
v 0.010101 -0.102558 -0.007089
v 0.009035 -0.091736 -0.006920
v 0.000000 -0.091756 -0.006749
v 0.008956 -0.090930 -0.006527
v 0.000000 -0.090988 -0.006178
v 0.008853 -0.089882 -0.005272
v -0.018313 -0.092063 -0.007030
v -0.010101 -0.102558 -0.007089
v -0.009035 -0.091736 -0.006920
v -0.017901 -0.089993 -0.006749
v -0.008956 -0.090930 -0.006527
v -0.017751 -0.089240 -0.006178
v -0.008853 -0.089882 -0.005272
v -0.035921 -0.086722 -0.007030
v -0.029915 -0.098617 -0.007089
v -0.026758 -0.088210 -0.006920
v -0.035113 -0.084771 -0.006749
v -0.026523 -0.087436 -0.006527
v -0.034820 -0.084062 -0.006178
v -0.026218 -0.086428 -0.005272
v -0.052150 -0.078048 -0.007030
v -0.048579 -0.090886 -0.007089
v -0.043453 -0.081295 -0.006920
v -0.050977 -0.076292 -0.006749
v -0.043072 -0.080582 -0.006527
v -0.050550 -0.075654 -0.006178
v -0.042575 -0.079652 -0.005272
v -0.066374 -0.066374 -0.007030
v -0.065377 -0.079662 -0.007089
v -0.058478 -0.071256 -0.006920
v -0.064881 -0.064881 -0.006749
v -0.057965 -0.070630 -0.006527
v -0.064339 -0.064339 -0.006178
v -0.057296 -0.069816 -0.005272
v -0.078048 -0.052150 -0.007030
v -0.079662 -0.065377 -0.007089
v -0.071256 -0.058478 -0.006920
v -0.076292 -0.050977 -0.006749
v -0.070630 -0.057965 -0.006527
v -0.075654 -0.050550 -0.006178
v -0.069816 -0.057296 -0.005272
v -0.086722 -0.035921 -0.007030
v -0.090886 -0.048579 -0.007089
v -0.081295 -0.043453 -0.006920
v -0.084771 -0.035114 -0.006749
v -0.080581 -0.043072 -0.006527
v -0.084062 -0.034820 -0.006178
v -0.079652 -0.042575 -0.005272
v -0.092063 -0.018313 -0.007030
v -0.098617 -0.029915 -0.007089
v -0.088210 -0.026758 -0.006920
v -0.089993 -0.017901 -0.006749
v -0.087436 -0.026523 -0.006527
v -0.089240 -0.017751 -0.006178
v -0.086428 -0.026218 -0.005272
v -0.093867 -0.000000 -0.007030
v -0.102558 -0.010101 -0.007089
v -0.091736 -0.009035 -0.006920
v -0.091756 -0.000000 -0.006749
v -0.090930 -0.008956 -0.006527
v -0.090988 -0.000000 -0.006178
v -0.089882 -0.008853 -0.005272
v -0.092063 0.018313 -0.007030
v -0.102558 0.010101 -0.007089
v -0.091736 0.009035 -0.006920
v -0.089993 0.017901 -0.006749
v -0.090930 0.008956 -0.006527
v -0.089240 0.017751 -0.006178
v -0.089882 0.008853 -0.005272
v -0.086722 0.035921 -0.007030
v -0.098617 0.029915 -0.007089
v -0.088210 0.026758 -0.006920
v -0.084771 0.035113 -0.006749
v -0.087436 0.026523 -0.006527
v -0.084062 0.034820 -0.006178
v -0.086428 0.026218 -0.005272
v -0.078048 0.052150 -0.007030
v -0.090886 0.048579 -0.007089
v -0.081295 0.043453 -0.006920
v -0.076292 0.050977 -0.006749
v -0.080581 0.043072 -0.006527
v -0.075654 0.050550 -0.006178
v -0.079652 0.042575 -0.005272
v -0.066374 0.066374 -0.007030
v -0.079662 0.065377 -0.007089
v -0.071256 0.058478 -0.006920
v -0.064881 0.064881 -0.006749
v -0.070630 0.057965 -0.006527
v -0.064338 0.064338 -0.006178
v -0.069816 0.057296 -0.005272
v -0.052150 0.078048 -0.007030
v -0.065377 0.079662 -0.007089
v -0.058478 0.071256 -0.006920
v -0.050977 0.076292 -0.006749
v -0.057965 0.070630 -0.006527
v -0.050550 0.075654 -0.006178
v -0.057296 0.069816 -0.005272
v -0.035921 0.086722 -0.007030
v -0.048579 0.090886 -0.007089
v -0.043453 0.081295 -0.006920
v -0.035113 0.084771 -0.006749
v -0.043072 0.080581 -0.006527
v -0.034820 0.084062 -0.006178
v -0.042575 0.079652 -0.005272
v -0.018312 0.092063 -0.007030
v -0.029915 0.098617 -0.007089
v -0.026758 0.088210 -0.006920
v -0.017901 0.089993 -0.006749
v -0.026523 0.087436 -0.006527
v -0.017751 0.089240 -0.006178
v -0.026217 0.086428 -0.005272
v 0.000000 0.093867 -0.007031
v -0.010101 0.102558 -0.007089
v -0.009035 0.091736 -0.006920
v 0.000000 0.091756 -0.006749
v -0.008956 0.090930 -0.006527
v 0.000000 0.090988 -0.006178
v -0.008852 0.089882 -0.005272
v 0.018313 0.092063 -0.007031
v 0.010101 0.102558 -0.007089
v 0.009035 0.091736 -0.006920
v 0.017901 0.089993 -0.006749
v 0.008956 0.090930 -0.006527
v 0.017751 0.089240 -0.006178
v 0.008853 0.089882 -0.005272
v 0.035921 0.086722 -0.007031
v 0.029915 0.098617 -0.007089
v 0.026758 0.088210 -0.006920
v 0.035114 0.084771 -0.006749
v 0.026524 0.087436 -0.006527
v 0.034820 0.084062 -0.006178
v 0.026218 0.086428 -0.005272
v 0.052150 0.078047 -0.007031
v 0.048580 0.090886 -0.007089
v 0.043453 0.081295 -0.006920
v 0.050977 0.076292 -0.006749
v 0.043072 0.080581 -0.006527
v 0.050551 0.075654 -0.006178
v 0.042575 0.079652 -0.005272
v 0.066374 0.066374 -0.007031
v 0.065377 0.079662 -0.007089
v 0.058478 0.071256 -0.006920
v 0.064881 0.064881 -0.006749
v 0.057965 0.070630 -0.006527
v 0.064339 0.064338 -0.006178
v 0.057296 0.069816 -0.005272
v 0.078048 0.052150 -0.007031
v 0.079662 0.065377 -0.007089
v 0.071256 0.058478 -0.006920
v 0.076292 0.050977 -0.006749
v 0.070630 0.057965 -0.006527
v 0.075654 0.050550 -0.006178
v 0.069816 0.057296 -0.005272
v 0.086722 0.035921 -0.007031
v 0.090886 0.048579 -0.007089
v 0.081295 0.043453 -0.006920
v 0.084771 0.035113 -0.006749
v 0.080582 0.043072 -0.006527
v 0.084062 0.034820 -0.006178
v 0.079652 0.042575 -0.005272
v 0.092063 0.018312 -0.007031
v 0.098617 0.029915 -0.007089
v 0.088210 0.026758 -0.006920
v 0.089993 0.017901 -0.006749
v 0.087436 0.026523 -0.006527
v 0.089240 0.017751 -0.006178
v 0.086428 0.026217 -0.005272
v 0.102558 0.010101 -0.007089
v 0.091736 0.009035 -0.006920
v 0.090930 0.008956 -0.006527
v 0.089882 0.008852 -0.005272
v 0.085668 -0.017040 -0.000937
v 0.087594 -0.008627 -0.001842
v 0.087346 -0.000000 -0.000937
v 0.086545 -0.008524 -0.000588
v 0.084915 -0.016891 -0.000365
v 0.086579 -0.000000 -0.000365
v 0.085740 -0.008445 -0.000194
v 0.083028 -0.016515 -0.000084
v 0.084654 -0.000000 -0.000084
v 0.076403 -0.007525 -0.000025
v 0.080697 -0.033426 -0.000937
v 0.084227 -0.025550 -0.001842
v 0.083219 -0.025244 -0.000588
v 0.079988 -0.033132 -0.000365
v 0.082445 -0.025009 -0.000194
v 0.078210 -0.032396 -0.000084
v 0.073466 -0.022286 -0.000025
v 0.072626 -0.048527 -0.000937
v 0.077624 -0.041491 -0.001842
v 0.076695 -0.040994 -0.000588
v 0.071988 -0.048101 -0.000365
v 0.075982 -0.040613 -0.000194
v 0.070387 -0.047031 -0.000084
v 0.067707 -0.036190 -0.000025
v 0.061763 -0.061763 -0.000937
v 0.068038 -0.055838 -0.001842
v 0.067224 -0.055169 -0.000588
v 0.061220 -0.061220 -0.000365
v 0.066598 -0.054656 -0.000194
v 0.059860 -0.059860 -0.000084
v 0.059346 -0.048704 -0.000025
v 0.048527 -0.072626 -0.000937
v 0.055838 -0.068038 -0.001842
v 0.055169 -0.067224 -0.000588
v 0.048101 -0.071988 -0.000365
v 0.054656 -0.066598 -0.000194
v 0.047031 -0.070387 -0.000084
v 0.048704 -0.059346 -0.000025
v 0.033426 -0.080698 -0.000937
v 0.041491 -0.077624 -0.001842
v 0.040994 -0.076695 -0.000588
v 0.033132 -0.079988 -0.000365
v 0.040613 -0.075982 -0.000194
v 0.032396 -0.078210 -0.000084
v 0.036190 -0.067707 -0.000025
v 0.017040 -0.085668 -0.000937
v 0.025550 -0.084227 -0.001842
v 0.025244 -0.083219 -0.000588
v 0.016891 -0.084915 -0.000365
v 0.025009 -0.082445 -0.000194
v 0.016515 -0.083028 -0.000084
v 0.022286 -0.073466 -0.000025
v 0.000000 -0.087346 -0.000937
v 0.008627 -0.087594 -0.001842
v 0.008524 -0.086545 -0.000588
v 0.000000 -0.086579 -0.000365
v 0.008445 -0.085740 -0.000194
v 0.000000 -0.084654 -0.000084
v 0.007525 -0.076403 -0.000025
v -0.017040 -0.085668 -0.000937
v -0.008627 -0.087594 -0.001842
v -0.008524 -0.086545 -0.000588
v -0.016891 -0.084915 -0.000365
v -0.008445 -0.085740 -0.000194
v -0.016515 -0.083028 -0.000084
v -0.007525 -0.076403 -0.000025
v -0.033426 -0.080698 -0.000937
v -0.025550 -0.084227 -0.001842
v -0.025244 -0.083219 -0.000588
v -0.033132 -0.079988 -0.000365
v -0.025009 -0.082445 -0.000194
v -0.032396 -0.078210 -0.000084
v -0.022286 -0.073466 -0.000025
v -0.048527 -0.072626 -0.000937
v -0.041491 -0.077624 -0.001842
v -0.040994 -0.076695 -0.000588
v -0.048101 -0.071988 -0.000365
v -0.040613 -0.075982 -0.000194
v -0.047031 -0.070387 -0.000084
v -0.036190 -0.067707 -0.000025
v -0.061763 -0.061763 -0.000937
v -0.055838 -0.068038 -0.001842
v -0.055169 -0.067224 -0.000588
v -0.061220 -0.061220 -0.000365
v -0.054656 -0.066598 -0.000194
v -0.059860 -0.059860 -0.000084
v -0.048704 -0.059346 -0.000025
v -0.072626 -0.048527 -0.000937
v -0.068038 -0.055838 -0.001842
v -0.067224 -0.055169 -0.000588
v -0.071988 -0.048101 -0.000365
v -0.066598 -0.054656 -0.000194
v -0.070387 -0.047031 -0.000084
v -0.059346 -0.048704 -0.000025
v -0.080697 -0.033426 -0.000937
v -0.077624 -0.041491 -0.001842
v -0.076695 -0.040994 -0.000588
v -0.079988 -0.033132 -0.000365
v -0.075982 -0.040613 -0.000194
v -0.078210 -0.032396 -0.000084
v -0.067707 -0.036190 -0.000025
v -0.085668 -0.017040 -0.000937
v -0.084227 -0.025550 -0.001842
v -0.083219 -0.025244 -0.000588
v -0.084915 -0.016891 -0.000365
v -0.082445 -0.025009 -0.000194
v -0.083028 -0.016515 -0.000084
v -0.073466 -0.022286 -0.000025
v -0.087346 -0.000000 -0.000937
v -0.087594 -0.008627 -0.001842
v -0.086545 -0.008524 -0.000588
v -0.086579 -0.000000 -0.000365
v -0.085740 -0.008445 -0.000194
v -0.084654 -0.000000 -0.000084
v -0.076403 -0.007525 -0.000025
v -0.085668 0.017040 -0.000937
v -0.087594 0.008627 -0.001842
v -0.086545 0.008524 -0.000588
v -0.084915 0.016891 -0.000365
v -0.085740 0.008445 -0.000194
v -0.083028 0.016515 -0.000084
v -0.076403 0.007525 -0.000025
v -0.080697 0.033426 -0.000937
v -0.084227 0.025550 -0.001842
v -0.083219 0.025244 -0.000588
v -0.079988 0.033132 -0.000365
v -0.082445 0.025009 -0.000194
v -0.078210 0.032396 -0.000084
v -0.073466 0.022286 -0.000025
v -0.072626 0.048527 -0.000937
v -0.077624 0.041491 -0.001842
v -0.076695 0.040994 -0.000588
v -0.071988 0.048101 -0.000365
v -0.075981 0.040613 -0.000194
v -0.070387 0.047031 -0.000084
v -0.067707 0.036190 -0.000025
v -0.061763 0.061763 -0.000937
v -0.068038 0.055838 -0.001842
v -0.067224 0.055169 -0.000588
v -0.061220 0.061220 -0.000365
v -0.066598 0.054656 -0.000194
v -0.059860 0.059860 -0.000084
v -0.059346 0.048704 -0.000025
v -0.048527 0.072626 -0.000937
v -0.055838 0.068038 -0.001842
v -0.055169 0.067224 -0.000588
v -0.048101 0.071988 -0.000365
v -0.054656 0.066598 -0.000194
v -0.047031 0.070387 -0.000084
v -0.048704 0.059346 -0.000025
v -0.033426 0.080697 -0.000937
v -0.041491 0.077624 -0.001842
v -0.040994 0.076695 -0.000588
v -0.033132 0.079988 -0.000365
v -0.040613 0.075981 -0.000194
v -0.032396 0.078210 -0.000084
v -0.036190 0.067707 -0.000025
v -0.017040 0.085668 -0.000937
v -0.025550 0.084227 -0.001842
v -0.025244 0.083219 -0.000588
v -0.016891 0.084915 -0.000365
v -0.025009 0.082445 -0.000194
v -0.016515 0.083028 -0.000084
v -0.022286 0.073466 -0.000025
v 0.000000 0.087346 -0.000937
v -0.008627 0.087593 -0.001842
v -0.008524 0.086545 -0.000588
v 0.000000 0.086579 -0.000365
v -0.008445 0.085740 -0.000194
v 0.000000 0.084654 -0.000084
v -0.007525 0.076402 -0.000025
v 0.017041 0.085668 -0.000937
v 0.008627 0.087593 -0.001842
v 0.008524 0.086545 -0.000588
v 0.016891 0.084915 -0.000365
v 0.008445 0.085740 -0.000194
v 0.016515 0.083028 -0.000084
v 0.007525 0.076402 -0.000025
v 0.033426 0.080697 -0.000937
v 0.025550 0.084227 -0.001842
v 0.025244 0.083219 -0.000588
v 0.033132 0.079988 -0.000365
v 0.025009 0.082445 -0.000194
v 0.032396 0.078210 -0.000084
v 0.022286 0.073466 -0.000025
v 0.048527 0.072626 -0.000937
v 0.041491 0.077624 -0.001842
v 0.040994 0.076695 -0.000588
v 0.048101 0.071987 -0.000365
v 0.040613 0.075981 -0.000194
v 0.047031 0.070387 -0.000084
v 0.036190 0.067707 -0.000025
v 0.061763 0.061763 -0.000937
v 0.055838 0.068038 -0.001842
v 0.055169 0.067224 -0.000588
v 0.061221 0.061220 -0.000365
v 0.054656 0.066598 -0.000194
v 0.059860 0.059859 -0.000084
v 0.048704 0.059346 -0.000025
v 0.072626 0.048527 -0.000937
v 0.068038 0.055837 -0.001842
v 0.067224 0.055169 -0.000588
v 0.071988 0.048100 -0.000365
v 0.066598 0.054656 -0.000194
v 0.070387 0.047031 -0.000084
v 0.059346 0.048704 -0.000025
v 0.080698 0.033426 -0.000937
v 0.077624 0.041491 -0.001842
v 0.076695 0.040994 -0.000588
v 0.079988 0.033132 -0.000365
v 0.075982 0.040613 -0.000194
v 0.078210 0.032396 -0.000084
v 0.067707 0.036190 -0.000025
v 0.085668 0.017040 -0.000937
v 0.084227 0.025550 -0.001842
v 0.083219 0.025244 -0.000588
v 0.084915 0.016891 -0.000365
v 0.082445 0.025009 -0.000194
v 0.083028 0.016515 -0.000084
v 0.073466 0.022286 -0.000025
v 0.087594 0.008627 -0.001842
v 0.086545 0.008524 -0.000588
v 0.085740 0.008445 -0.000194
v 0.076403 0.007525 -0.000025
v 0.032338 -0.006433 -0.000095
v 0.033087 -0.003259 -0.000028
v 0.032972 -0.000000 -0.000095
v 0.032467 -0.003198 -0.000219
v 0.031691 -0.006304 -0.000412
v 0.032312 -0.000000 -0.000412
v 0.031916 -0.003144 -0.000663
v 0.031302 -0.006226 -0.001372
v 0.031915 -0.000000 -0.001372
v 0.031678 -0.003120 -0.004608
v 0.030462 -0.012618 -0.000095
v 0.031815 -0.009651 -0.000028
v 0.031220 -0.009470 -0.000219
v 0.029852 -0.012365 -0.000412
v 0.030690 -0.009310 -0.000663
v 0.029485 -0.012213 -0.001372
v 0.030460 -0.009240 -0.004608
v 0.027415 -0.018318 -0.000095
v 0.029321 -0.015672 -0.000028
v 0.028772 -0.015379 -0.000219
v 0.026866 -0.017952 -0.000412
v 0.028284 -0.015118 -0.000663
v 0.026536 -0.017731 -0.001372
v 0.028072 -0.015005 -0.004608
v 0.023315 -0.023315 -0.000095
v 0.025700 -0.021092 -0.000028
v 0.025219 -0.020697 -0.000219
v 0.022848 -0.022848 -0.000412
v 0.024791 -0.020346 -0.000663
v 0.022567 -0.022567 -0.001372
v 0.024606 -0.020193 -0.004608
v 0.018318 -0.027415 -0.000095
v 0.021091 -0.025700 -0.000028
v 0.020697 -0.025219 -0.000219
v 0.017951 -0.026866 -0.000412
v 0.020345 -0.024791 -0.000663
v 0.017731 -0.026536 -0.001372
v 0.020193 -0.024606 -0.004608
v 0.012618 -0.030462 -0.000095
v 0.015672 -0.029321 -0.000028
v 0.015379 -0.028772 -0.000219
v 0.012365 -0.029852 -0.000412
v 0.015118 -0.028284 -0.000663
v 0.012213 -0.029485 -0.001372
v 0.015005 -0.028072 -0.004608
v 0.006432 -0.032338 -0.000095
v 0.009651 -0.031815 -0.000028
v 0.009470 -0.031220 -0.000219
v 0.006304 -0.031691 -0.000412
v 0.009310 -0.030690 -0.000663
v 0.006226 -0.031302 -0.001372
v 0.009240 -0.030460 -0.004608
v 0.000000 -0.032972 -0.000095
v 0.003259 -0.033087 -0.000028
v 0.003198 -0.032467 -0.000219
v 0.000000 -0.032312 -0.000412
v 0.003143 -0.031916 -0.000663
v 0.000000 -0.031915 -0.001372
v 0.003120 -0.031678 -0.004608
v -0.006432 -0.032338 -0.000095
v -0.003259 -0.033087 -0.000028
v -0.003198 -0.032467 -0.000219
v -0.006304 -0.031691 -0.000412
v -0.003143 -0.031916 -0.000663
v -0.006226 -0.031302 -0.001372
v -0.003120 -0.031678 -0.004608
v -0.012618 -0.030462 -0.000095
v -0.009651 -0.031815 -0.000028
v -0.009470 -0.031220 -0.000219
v -0.012365 -0.029852 -0.000412
v -0.009310 -0.030690 -0.000663
v -0.012213 -0.029485 -0.001372
v -0.009240 -0.030460 -0.004608
v -0.018318 -0.027415 -0.000095
v -0.015672 -0.029321 -0.000028
v -0.015379 -0.028772 -0.000219
v -0.017951 -0.026866 -0.000412
v -0.015118 -0.028284 -0.000663
v -0.017731 -0.026536 -0.001372
v -0.015005 -0.028072 -0.004608
v -0.023315 -0.023315 -0.000095
v -0.021091 -0.025700 -0.000028
v -0.020697 -0.025219 -0.000219
v -0.022848 -0.022848 -0.000412
v -0.020345 -0.024791 -0.000663
v -0.022567 -0.022567 -0.001372
v -0.020193 -0.024606 -0.004608
v -0.027415 -0.018318 -0.000095
v -0.025700 -0.021092 -0.000028
v -0.025219 -0.020697 -0.000219
v -0.026866 -0.017951 -0.000412
v -0.024791 -0.020346 -0.000663
v -0.026536 -0.017731 -0.001372
v -0.024606 -0.020193 -0.004608
v -0.030462 -0.012618 -0.000095
v -0.029321 -0.015672 -0.000028
v -0.028772 -0.015379 -0.000219
v -0.029852 -0.012365 -0.000412
v -0.028284 -0.015118 -0.000663
v -0.029485 -0.012213 -0.001372
v -0.028072 -0.015005 -0.004608
v -0.032338 -0.006433 -0.000095
v -0.031815 -0.009651 -0.000028
v -0.031219 -0.009470 -0.000219
v -0.031691 -0.006304 -0.000412
v -0.030690 -0.009310 -0.000663
v -0.031302 -0.006226 -0.001372
v -0.030460 -0.009240 -0.004608
v -0.032972 -0.000000 -0.000095
v -0.033087 -0.003259 -0.000028
v -0.032467 -0.003198 -0.000219
v -0.032312 -0.000000 -0.000412
v -0.031916 -0.003144 -0.000663
v -0.031915 -0.000000 -0.001372
v -0.031678 -0.003120 -0.004608
v -0.032338 0.006432 -0.000095
v -0.033087 0.003259 -0.000028
v -0.032467 0.003198 -0.000219
v -0.031691 0.006304 -0.000412
v -0.031916 0.003143 -0.000663
v -0.031302 0.006226 -0.001372
v -0.031678 0.003120 -0.004608
v -0.030462 0.012618 -0.000095
v -0.031815 0.009651 -0.000028
v -0.031219 0.009470 -0.000219
v -0.029852 0.012365 -0.000412
v -0.030690 0.009310 -0.000663
v -0.029485 0.012213 -0.001372
v -0.030460 0.009240 -0.004608
v -0.027415 0.018318 -0.000095
v -0.029321 0.015672 -0.000028
v -0.028772 0.015379 -0.000219
v -0.026866 0.017951 -0.000412
v -0.028284 0.015118 -0.000663
v -0.026536 0.017731 -0.001372
v -0.028072 0.015005 -0.004608
v -0.023315 0.023315 -0.000095
v -0.025700 0.021091 -0.000028
v -0.025219 0.020697 -0.000219
v -0.022848 0.022848 -0.000412
v -0.024791 0.020345 -0.000663
v -0.022567 0.022567 -0.001372
v -0.024606 0.020193 -0.004608
v -0.018318 0.027415 -0.000095
v -0.021091 0.025700 -0.000028
v -0.020697 0.025219 -0.000219
v -0.017951 0.026866 -0.000412
v -0.020345 0.024791 -0.000663
v -0.017731 0.026536 -0.001372
v -0.020193 0.024606 -0.004608
v -0.012618 0.030462 -0.000095
v -0.015672 0.029321 -0.000028
v -0.015379 0.028772 -0.000219
v -0.012365 0.029852 -0.000412
v -0.015118 0.028284 -0.000663
v -0.012213 0.029485 -0.001372
v -0.015005 0.028072 -0.004608
v -0.006432 0.032338 -0.000095
v -0.009651 0.031815 -0.000028
v -0.009470 0.031219 -0.000219
v -0.006304 0.031691 -0.000412
v -0.009310 0.030690 -0.000663
v -0.006226 0.031301 -0.001372
v -0.009240 0.030460 -0.004608
v 0.000000 0.032972 -0.000095
v -0.003259 0.033087 -0.000028
v -0.003198 0.032467 -0.000219
v 0.000000 0.032312 -0.000412
v -0.003143 0.031916 -0.000663
v 0.000000 0.031915 -0.001372
v -0.003120 0.031678 -0.004608
v 0.006433 0.032338 -0.000095
v 0.003259 0.033087 -0.000028
v 0.003198 0.032467 -0.000219
v 0.006304 0.031691 -0.000412
v 0.003144 0.031916 -0.000663
v 0.006226 0.031301 -0.001372
v 0.003120 0.031678 -0.004608
v 0.012618 0.030462 -0.000095
v 0.009651 0.031815 -0.000028
v 0.009470 0.031219 -0.000219
v 0.012365 0.029852 -0.000412
v 0.009310 0.030690 -0.000663
v 0.012213 0.029485 -0.001372
v 0.009240 0.030460 -0.004608
v 0.018318 0.027415 -0.000095
v 0.015672 0.029321 -0.000028
v 0.015379 0.028772 -0.000219
v 0.017951 0.026866 -0.000412
v 0.015118 0.028284 -0.000663
v 0.017731 0.026536 -0.001372
v 0.015005 0.028072 -0.004608
v 0.023315 0.023315 -0.000095
v 0.021092 0.025700 -0.000028
v 0.020697 0.025219 -0.000219
v 0.022848 0.022848 -0.000412
v 0.020345 0.024791 -0.000663
v 0.022567 0.022567 -0.001372
v 0.020193 0.024606 -0.004608
v 0.027415 0.018318 -0.000095
v 0.025700 0.021091 -0.000028
v 0.025219 0.020697 -0.000219
v 0.026866 0.017951 -0.000412
v 0.024791 0.020345 -0.000663
v 0.026536 0.017731 -0.001372
v 0.024606 0.020193 -0.004608
v 0.030462 0.012618 -0.000095
v 0.029321 0.015672 -0.000028
v 0.028772 0.015379 -0.000219
v 0.029852 0.012365 -0.000412
v 0.028284 0.015118 -0.000663
v 0.029485 0.012213 -0.001372
v 0.028072 0.015005 -0.004608
v 0.032338 0.006432 -0.000095
v 0.031815 0.009651 -0.000028
v 0.031220 0.009470 -0.000219
v 0.031691 0.006304 -0.000412
v 0.030690 0.009310 -0.000663
v 0.031302 0.006226 -0.001372
v 0.030460 0.009240 -0.004608
v 0.033087 0.003259 -0.000028
v 0.032467 0.003198 -0.000219
v 0.031916 0.003143 -0.000663
v 0.031678 0.003120 -0.004608
v 0.171170 -0.034048 -0.043873
v 0.174523 -0.000000 -0.043873
v 0.195302 -0.000000 -0.036514
v 0.191549 0.038101 -0.036514
v 0.191549 -0.038102 -0.036514
v 0.171170 0.034048 -0.043873
v 0.161239 -0.066787 -0.043873
v 0.180435 -0.074739 -0.036514
v 0.145111 -0.096960 -0.043873
v 0.162388 -0.108504 -0.036514
v 0.123407 -0.123407 -0.043873
v 0.138099 -0.138099 -0.036514
v 0.096960 -0.145111 -0.043873
v 0.108504 -0.162388 -0.036514
v 0.066787 -0.161239 -0.043873
v 0.074739 -0.180436 -0.036514
v 0.034048 -0.171170 -0.043873
v 0.038102 -0.191549 -0.036514
v -0.000000 -0.174524 -0.043873
v -0.000000 -0.195302 -0.036514
v -0.034048 -0.171170 -0.043873
v -0.038102 -0.191549 -0.036514
v -0.066787 -0.161239 -0.043873
v -0.074739 -0.180436 -0.036514
v -0.096960 -0.145111 -0.043872
v -0.108504 -0.162388 -0.036514
v -0.123407 -0.123407 -0.043872
v -0.138099 -0.138099 -0.036514
v -0.145111 -0.096960 -0.043872
v -0.162388 -0.108504 -0.036514
v -0.161239 -0.066787 -0.043872
v -0.180436 -0.074739 -0.036514
v -0.171170 -0.034048 -0.043873
v -0.191549 -0.038102 -0.036514
v -0.174524 -0.000000 -0.043873
v -0.195302 -0.000000 -0.036514
v -0.171170 0.034048 -0.043873
v -0.191549 0.038102 -0.036514
v -0.161239 0.066787 -0.043873
v -0.180435 0.074739 -0.036514
v -0.145111 0.096960 -0.043873
v -0.162388 0.108504 -0.036514
v -0.123407 0.123407 -0.043873
v -0.138099 0.138099 -0.036514
v -0.096960 0.145111 -0.043873
v -0.108504 0.162388 -0.036514
v -0.066787 0.161239 -0.043873
v -0.074739 0.180435 -0.036514
v -0.034048 0.171170 -0.043873
v -0.038101 0.191549 -0.036514
v 0.000000 0.174523 -0.043873
v 0.000000 0.195302 -0.036514
v 0.034048 0.171170 -0.043873
v 0.038102 0.191549 -0.036514
v 0.066787 0.161239 -0.043873
v 0.074739 0.180435 -0.036514
v 0.096960 0.145111 -0.043873
v 0.108504 0.162387 -0.036514
v 0.123407 0.123406 -0.043873
v 0.138100 0.138099 -0.036514
v 0.145111 0.096960 -0.043873
v 0.162388 0.108504 -0.036514
v 0.161239 0.066787 -0.043873
v 0.180436 0.074738 -0.036514
v 0.154382 -0.030709 -0.040322
v 0.157407 -0.000000 -0.040322
v 0.154382 0.030708 -0.040322
v 0.145425 -0.060237 -0.040322
v 0.130879 -0.087451 -0.040322
v 0.111303 -0.111303 -0.040322
v 0.087450 -0.130879 -0.040322
v 0.060237 -0.145425 -0.040322
v 0.030709 -0.154382 -0.040322
v -0.000000 -0.157407 -0.040322
v -0.030709 -0.154382 -0.040322
v -0.060237 -0.145425 -0.040322
v -0.087451 -0.130879 -0.040322
v -0.111303 -0.111303 -0.040322
v -0.130879 -0.087451 -0.040322
v -0.145425 -0.060237 -0.040322
v -0.154382 -0.030709 -0.040322
v -0.157407 -0.000000 -0.040322
v -0.154382 0.030708 -0.040322
v -0.145425 0.060237 -0.040322
v -0.130879 0.087450 -0.040322
v -0.111303 0.111303 -0.040322
v -0.087450 0.130879 -0.040322
v -0.060237 0.145425 -0.040322
v -0.030708 0.154382 -0.040322
v 0.000000 0.157407 -0.040322
v 0.030709 0.154382 -0.040322
v 0.060237 0.145425 -0.040322
v 0.087451 0.130879 -0.040322
v 0.111303 0.111303 -0.040322
v 0.130879 0.087450 -0.040322
v 0.145425 0.060237 -0.040322
v 0.121113 -0.024091 -0.036771
v 0.123486 -0.000000 -0.036771
v 0.121113 0.024091 -0.036771
v 0.114086 -0.047256 -0.036771
v 0.102675 -0.068605 -0.036771
v 0.087318 -0.087318 -0.036771
v 0.068605 -0.102675 -0.036771
v 0.047256 -0.114086 -0.036771
v 0.024091 -0.121113 -0.036771
v -0.000000 -0.123486 -0.036771
v -0.024091 -0.121113 -0.036771
v -0.047256 -0.114086 -0.036771
v -0.068605 -0.102675 -0.036771
v -0.087318 -0.087318 -0.036771
v -0.102675 -0.068605 -0.036771
v -0.114086 -0.047256 -0.036771
v -0.121113 -0.024091 -0.036771
v -0.123486 -0.000000 -0.036771
v -0.121113 0.024091 -0.036771
v -0.114086 0.047256 -0.036771
v -0.102675 0.068605 -0.036771
v -0.087318 0.087318 -0.036771
v -0.068605 0.102675 -0.036771
v -0.047256 0.114086 -0.036771
v -0.024091 0.121113 -0.036771
v 0.000000 0.123486 -0.036771
v 0.024091 0.121113 -0.036771
v 0.047256 0.114086 -0.036771
v 0.068605 0.102674 -0.036771
v 0.087318 0.087317 -0.036771
v 0.102675 0.068605 -0.036771
v 0.114086 0.047256 -0.036771
v 0.087454 -0.017396 -0.040322
v 0.089167 -0.000000 -0.040322
v 0.087454 0.017395 -0.040322
v 0.082380 -0.034123 -0.040322
v 0.074140 -0.049539 -0.040322
v 0.063051 -0.063051 -0.040322
v 0.049539 -0.074140 -0.040322
v 0.034123 -0.082380 -0.040322
v 0.017396 -0.087454 -0.040322
v -0.000000 -0.089167 -0.040322
v -0.017396 -0.087454 -0.040322
v -0.034123 -0.082380 -0.040322
v -0.049539 -0.074140 -0.040322
v -0.063051 -0.063051 -0.040322
v -0.074140 -0.049539 -0.040322
v -0.082380 -0.034123 -0.040322
v -0.087454 -0.017396 -0.040322
v -0.089167 -0.000000 -0.040322
v -0.087454 0.017396 -0.040322
v -0.082380 0.034123 -0.040322
v -0.074140 0.049539 -0.040322
v -0.063051 0.063051 -0.040322
v -0.049539 0.074140 -0.040322
v -0.034123 0.082380 -0.040322
v -0.017396 0.087454 -0.040322
v 0.000000 0.089167 -0.040322
v 0.017396 0.087454 -0.040322
v 0.034123 0.082380 -0.040322
v 0.049539 0.074140 -0.040322
v 0.063051 0.063051 -0.040322
v 0.074140 0.049539 -0.040322
v 0.082380 0.034123 -0.040322
v 0.058204 -0.011578 -0.043876
v 0.059344 -0.000000 -0.043876
v 0.058204 0.011577 -0.043876
v 0.054827 -0.022710 -0.043876
v 0.049343 -0.032970 -0.043876
v 0.041963 -0.041963 -0.043876
v 0.032970 -0.049343 -0.043876
v 0.022710 -0.054827 -0.043876
v 0.011578 -0.058204 -0.043876
v -0.000000 -0.059345 -0.043876
v -0.011578 -0.058204 -0.043876
v -0.022710 -0.054827 -0.043876
v -0.032970 -0.049343 -0.043876
v -0.041963 -0.041963 -0.043876
v -0.049343 -0.032970 -0.043876
v -0.054827 -0.022710 -0.043876
v -0.058204 -0.011578 -0.043876
v -0.059345 -0.000000 -0.043876
v -0.058204 0.011577 -0.043876
v -0.054827 0.022710 -0.043876
v -0.049343 0.032970 -0.043876
v -0.041963 0.041963 -0.043876
v -0.032970 0.049343 -0.043876
v -0.022710 0.054827 -0.043876
v -0.011578 0.058204 -0.043876
v 0.000000 0.059344 -0.043876
v 0.011578 0.058204 -0.043876
v 0.022710 0.054827 -0.043876
v 0.032970 0.049343 -0.043876
v 0.041963 0.041963 -0.043876
v 0.049343 0.032970 -0.043876
v 0.054827 0.022710 -0.043876
v 0.031189 -0.006204 -0.031858
v 0.031800 -0.000000 -0.031858
v 0.034443 -0.000000 -0.043875
v 0.033781 0.006719 -0.043875
v 0.033781 -0.006720 -0.043875
v 0.031189 0.006204 -0.031858
v 0.029379 -0.012169 -0.031858
v 0.031821 -0.013181 -0.043875
v 0.026440 -0.017667 -0.031858
v 0.028638 -0.019136 -0.043875
v 0.022486 -0.022486 -0.031858
v 0.024355 -0.024355 -0.043875
v 0.017667 -0.026441 -0.031858
v 0.019135 -0.028638 -0.043875
v 0.012169 -0.029379 -0.031858
v 0.013181 -0.031821 -0.043875
v 0.006204 -0.031189 -0.031858
v 0.006719 -0.033781 -0.043875
v -0.000000 -0.031800 -0.031858
v -0.000000 -0.034443 -0.043875
v -0.006204 -0.031189 -0.031858
v -0.006720 -0.033781 -0.043875
v -0.012169 -0.029379 -0.031858
v -0.013181 -0.031821 -0.043875
v -0.017667 -0.026441 -0.031858
v -0.019136 -0.028638 -0.043875
v -0.022486 -0.022486 -0.031858
v -0.024355 -0.024355 -0.043875
v -0.026441 -0.017667 -0.031858
v -0.028638 -0.019136 -0.043875
v -0.029379 -0.012169 -0.031858
v -0.031821 -0.013181 -0.043875
v -0.031189 -0.006204 -0.031858
v -0.033781 -0.006720 -0.043875
v -0.031800 -0.000000 -0.031858
v -0.034443 -0.000000 -0.043875
v -0.031189 0.006204 -0.031858
v -0.033781 0.006719 -0.043875
v -0.029379 0.012169 -0.031858
v -0.031821 0.013181 -0.043875
v -0.026441 0.017667 -0.031858
v -0.028638 0.019135 -0.043875
v -0.022486 0.022486 -0.031858
v -0.024355 0.024355 -0.043875
v -0.017667 0.026440 -0.031858
v -0.019136 0.028638 -0.043875
v -0.012169 0.029379 -0.031858
v -0.013181 0.031821 -0.043875
v -0.006204 0.031189 -0.031858
v -0.006720 0.033781 -0.043875
v 0.000000 0.031800 -0.031858
v -0.000000 0.034443 -0.043875
v 0.006204 0.031189 -0.031858
v 0.006719 0.033781 -0.043875
v 0.012169 0.029379 -0.031858
v 0.013181 0.031821 -0.043875
v 0.017667 0.026440 -0.031858
v 0.019135 0.028638 -0.043875
v 0.022486 0.022486 -0.031858
v 0.024355 0.024355 -0.043875
v 0.026440 0.017667 -0.031858
v 0.028638 0.019135 -0.043875
v 0.029379 0.012169 -0.031858
v 0.031821 0.013181 -0.043875
v 0.171170 -0.034048 -0.000006
v 0.174524 -0.000000 -0.000006
v 0.191549 -0.038102 -0.007365
v 0.195302 -0.000000 -0.007365
v 0.171170 0.034048 -0.000006
v 0.191549 0.038101 -0.007365
v 0.161239 -0.066787 -0.000006
v 0.180435 -0.074739 -0.007365
v 0.145111 -0.096960 -0.000006
v 0.162388 -0.108504 -0.007365
v 0.123407 -0.123407 -0.000006
v 0.138099 -0.138099 -0.007365
v 0.096960 -0.145111 -0.000006
v 0.108504 -0.162388 -0.007365
v 0.066787 -0.161239 -0.000006
v 0.074739 -0.180436 -0.007365
v 0.034048 -0.171170 -0.000006
v 0.038102 -0.191549 -0.007365
v 0.000000 -0.174524 -0.000006
v 0.000000 -0.195302 -0.007365
v -0.034048 -0.171170 -0.000006
v -0.038102 -0.191549 -0.007365
v -0.066787 -0.161239 -0.000006
v -0.074739 -0.180436 -0.007365
v -0.096960 -0.145111 -0.000006
v -0.108504 -0.162388 -0.007365
v -0.123407 -0.123407 -0.000006
v -0.138099 -0.138099 -0.007365
v -0.145111 -0.096960 -0.000006
v -0.162388 -0.108504 -0.007365
v -0.161239 -0.066787 -0.000006
v -0.180436 -0.074739 -0.007365
v -0.171170 -0.034048 -0.000006
v -0.191549 -0.038102 -0.007365
v -0.174524 0.000000 -0.000006
v -0.195302 0.000000 -0.007365
v -0.171170 0.034048 -0.000006
v -0.191549 0.038102 -0.007365
v -0.161239 0.066787 -0.000006
v -0.180435 0.074739 -0.007365
v -0.145111 0.096960 -0.000006
v -0.162388 0.108504 -0.007365
v -0.123407 0.123407 -0.000006
v -0.138099 0.138099 -0.007365
v -0.096960 0.145111 -0.000006
v -0.108504 0.162388 -0.007365
v -0.066787 0.161239 -0.000006
v -0.074739 0.180435 -0.007365
v -0.034048 0.171170 -0.000006
v -0.038101 0.191549 -0.007365
v 0.000000 0.174523 -0.000006
v 0.000000 0.195302 -0.007365
v 0.034048 0.171170 -0.000006
v 0.038102 0.191549 -0.007365
v 0.066787 0.161239 -0.000006
v 0.074739 0.180435 -0.007365
v 0.096960 0.145111 -0.000006
v 0.108504 0.162387 -0.007365
v 0.123407 0.123407 -0.000006
v 0.138100 0.138099 -0.007365
v 0.145111 0.096960 -0.000006
v 0.162388 0.108504 -0.007365
v 0.161239 0.066787 -0.000006
v 0.180436 0.074738 -0.007365
v 0.154382 -0.030709 -0.003557
v 0.157407 -0.000000 -0.003557
v 0.154382 0.030708 -0.003557
v 0.145425 -0.060237 -0.003557
v 0.130879 -0.087451 -0.003557
v 0.111303 -0.111303 -0.003557
v 0.087450 -0.130879 -0.003557
v 0.060237 -0.145425 -0.003557
v 0.030709 -0.154382 -0.003557
v 0.000000 -0.157407 -0.003557
v -0.030709 -0.154382 -0.003557
v -0.060237 -0.145425 -0.003557
v -0.087451 -0.130879 -0.003557
v -0.111303 -0.111303 -0.003557
v -0.130879 -0.087451 -0.003557
v -0.145425 -0.060237 -0.003557
v -0.154382 -0.030709 -0.003557
v -0.157407 -0.000000 -0.003557
v -0.154382 0.030709 -0.003557
v -0.145425 0.060237 -0.003557
v -0.130879 0.087451 -0.003557
v -0.111303 0.111303 -0.003557
v -0.087450 0.130879 -0.003557
v -0.060237 0.145425 -0.003557
v -0.030708 0.154382 -0.003557
v 0.000000 0.157407 -0.003557
v 0.030709 0.154382 -0.003557
v 0.060237 0.145425 -0.003557
v 0.087451 0.130879 -0.003557
v 0.111304 0.111303 -0.003557
v 0.130879 0.087450 -0.003557
v 0.145425 0.060237 -0.003557
v 0.121113 -0.024091 -0.007108
v 0.123486 -0.000000 -0.007108
v 0.121113 0.024091 -0.007108
v 0.114086 -0.047256 -0.007108
v 0.102675 -0.068605 -0.007108
v 0.087318 -0.087318 -0.007108
v 0.068605 -0.102675 -0.007108
v 0.047256 -0.114086 -0.007108
v 0.024091 -0.121113 -0.007108
v 0.000000 -0.123486 -0.007108
v -0.024091 -0.121113 -0.007108
v -0.047256 -0.114086 -0.007108
v -0.068605 -0.102675 -0.007108
v -0.087318 -0.087318 -0.007108
v -0.102675 -0.068605 -0.007108
v -0.114086 -0.047256 -0.007108
v -0.121113 -0.024091 -0.007108
v -0.123486 -0.000000 -0.007108
v -0.121113 0.024091 -0.007108
v -0.114086 0.047256 -0.007108
v -0.102675 0.068605 -0.007108
v -0.087318 0.087318 -0.007108
v -0.068605 0.102675 -0.007108
v -0.047256 0.114086 -0.007108
v -0.024091 0.121113 -0.007108
v 0.000000 0.123486 -0.007108
v 0.024091 0.121113 -0.007108
v 0.047256 0.114086 -0.007108
v 0.068605 0.102674 -0.007108
v 0.087318 0.087317 -0.007108
v 0.102675 0.068605 -0.007108
v 0.114086 0.047256 -0.007108
v 0.087454 -0.017396 -0.003557
v 0.089167 -0.000000 -0.003557
v 0.087454 0.017396 -0.003557
v 0.082380 -0.034123 -0.003557
v 0.074140 -0.049539 -0.003557
v 0.063051 -0.063051 -0.003557
v 0.049539 -0.074140 -0.003557
v 0.034123 -0.082380 -0.003557
v 0.017396 -0.087454 -0.003557
v 0.000000 -0.089167 -0.003557
v -0.017396 -0.087454 -0.003557
v -0.034123 -0.082380 -0.003557
v -0.049539 -0.074140 -0.003557
v -0.063051 -0.063051 -0.003557
v -0.074140 -0.049539 -0.003557
v -0.082380 -0.034123 -0.003557
v -0.087454 -0.017396 -0.003557
v -0.089167 -0.000000 -0.003557
v -0.087454 0.017396 -0.003557
v -0.082380 0.034123 -0.003557
v -0.074140 0.049539 -0.003557
v -0.063051 0.063051 -0.003557
v -0.049539 0.074140 -0.003557
v -0.034123 0.082380 -0.003557
v -0.017396 0.087454 -0.003557
v 0.000000 0.089167 -0.003557
v 0.017396 0.087454 -0.003557
v 0.034123 0.082380 -0.003557
v 0.049539 0.074140 -0.003557
v 0.063051 0.063051 -0.003557
v 0.074140 0.049539 -0.003557
v 0.082380 0.034123 -0.003557
v 0.058204 -0.011578 -0.000003
v 0.059345 -0.000000 -0.000003
v 0.058204 0.011577 -0.000003
v 0.054827 -0.022710 -0.000003
v 0.049343 -0.032970 -0.000003
v 0.041963 -0.041963 -0.000003
v 0.032970 -0.049343 -0.000003
v 0.022710 -0.054827 -0.000003
v 0.011578 -0.058204 -0.000003
v 0.000000 -0.059345 -0.000003
v -0.011578 -0.058204 -0.000003
v -0.022710 -0.054827 -0.000003
v -0.032970 -0.049343 -0.000003
v -0.041963 -0.041963 -0.000003
v -0.049343 -0.032970 -0.000003
v -0.054827 -0.022710 -0.000003
v -0.058204 -0.011578 -0.000003
v -0.059345 -0.000000 -0.000003
v -0.058204 0.011578 -0.000003
v -0.054827 0.022710 -0.000003
v -0.049343 0.032970 -0.000003
v -0.041963 0.041963 -0.000003
v -0.032970 0.049343 -0.000003
v -0.022710 0.054827 -0.000003
v -0.011577 0.058204 -0.000003
v 0.000000 0.059344 -0.000003
v 0.011578 0.058204 -0.000003
v 0.022710 0.054827 -0.000003
v 0.032970 0.049343 -0.000003
v 0.041963 0.041963 -0.000003
v 0.049343 0.032970 -0.000003
v 0.054827 0.022710 -0.000003
v 0.031189 -0.006204 -0.012021
v 0.031800 -0.000000 -0.012021
v 0.033781 -0.006720 -0.000004
v 0.034443 -0.000000 -0.000004
v 0.031189 0.006204 -0.012021
v 0.033781 0.006719 -0.000004
v 0.029379 -0.012169 -0.012021
v 0.031821 -0.013181 -0.000004
v 0.026440 -0.017667 -0.012021
v 0.028638 -0.019136 -0.000004
v 0.022486 -0.022486 -0.012021
v 0.024355 -0.024355 -0.000004
v 0.017667 -0.026441 -0.012021
v 0.019136 -0.028638 -0.000004
v 0.012169 -0.029379 -0.012021
v 0.013181 -0.031821 -0.000004
v 0.006204 -0.031189 -0.012021
v 0.006720 -0.033781 -0.000004
v -0.000000 -0.031800 -0.012021
v 0.000000 -0.034443 -0.000004
v -0.006204 -0.031189 -0.012021
v -0.006719 -0.033781 -0.000004
v -0.012169 -0.029379 -0.012021
v -0.013181 -0.031821 -0.000004
v -0.017667 -0.026441 -0.012021
v -0.019135 -0.028638 -0.000004
v -0.022486 -0.022486 -0.012021
v -0.024355 -0.024355 -0.000003
v -0.026441 -0.017667 -0.012021
v -0.028638 -0.019136 -0.000004
v -0.029379 -0.012169 -0.012021
v -0.031821 -0.013181 -0.000004
v -0.031189 -0.006204 -0.012021
v -0.033781 -0.006720 -0.000004
v -0.031800 -0.000000 -0.012021
v -0.034443 -0.000000 -0.000004
v -0.031189 0.006204 -0.012021
v -0.033781 0.006719 -0.000004
v -0.029379 0.012169 -0.012021
v -0.031821 0.013181 -0.000004
v -0.026440 0.017667 -0.012021
v -0.028638 0.019135 -0.000004
v -0.022486 0.022486 -0.012021
v -0.024355 0.024355 -0.000004
v -0.017667 0.026440 -0.012021
v -0.019135 0.028638 -0.000004
v -0.012169 0.029379 -0.012021
v -0.013181 0.031821 -0.000004
v -0.006204 0.031189 -0.012021
v -0.006719 0.033781 -0.000004
v 0.000000 0.031800 -0.012021
v 0.000000 0.034443 -0.000004
v 0.006204 0.031189 -0.012021
v 0.006720 0.033781 -0.000004
v 0.012169 0.029379 -0.012021
v 0.013181 0.031821 -0.000004
v 0.017667 0.026440 -0.012021
v 0.019136 0.028638 -0.000004
v 0.022486 0.022486 -0.012021
v 0.024355 0.024355 -0.000004
v 0.026441 0.017667 -0.012021
v 0.028638 0.019135 -0.000004
v 0.029379 0.012169 -0.012021
v 0.031821 0.013181 -0.000004
v -0.019590 0.198906 -0.026327
v -0.094217 -0.176269 -0.026326
v 0.019591 0.198906 -0.026327
v -0.126795 -0.154501 -0.026326
v 0.058019 0.191262 -0.026327
v -0.154501 -0.126795 -0.026326
v 0.094218 0.176268 -0.026327
v -0.176269 -0.094217 -0.026326
v 0.198906 -0.019591 -0.026327
v 0.126796 0.154500 -0.026327
v -0.191262 -0.058019 -0.026326
v 0.191262 -0.058019 -0.026327
v 0.154501 0.126795 -0.026327
v -0.198906 -0.019591 -0.026326
v 0.176268 -0.094218 -0.026327
v 0.176269 0.094217 -0.026327
v -0.198906 0.019591 -0.026326
v 0.154501 -0.126795 -0.026327
v 0.191262 0.058018 -0.026327
v -0.191262 0.058019 -0.026326
v 0.126795 -0.154501 -0.026327
v 0.198906 0.019590 -0.026327
v -0.176268 0.094217 -0.026327
v 0.094217 -0.176269 -0.026327
v -0.154501 0.126795 -0.026327
v 0.058019 -0.191262 -0.026326
v -0.126795 0.154501 -0.026327
v 0.019591 -0.198906 -0.026326
v -0.094217 0.176268 -0.026327
v -0.019591 -0.198906 -0.026326
v -0.058019 0.191262 -0.026327
v -0.058019 -0.191262 -0.026326
v -0.134908 0.110716 -0.043873
v 0.050661 -0.167008 -0.043873
v -0.110716 0.134908 -0.043873
v 0.017106 -0.173682 -0.043873
v -0.082269 0.153915 -0.043873
v -0.017106 -0.173682 -0.043873
v -0.050661 0.167008 -0.043873
v -0.050661 -0.167008 -0.043873
v -0.017106 0.173682 -0.043873
v -0.082270 -0.153915 -0.043872
v 0.017106 0.173682 -0.043873
v -0.110716 -0.134908 -0.043872
v 0.050661 0.167008 -0.043873
v -0.134908 -0.110716 -0.043872
v 0.082270 0.153915 -0.043873
v -0.153915 -0.082270 -0.043872
v 0.110716 0.134908 -0.043873
v -0.167008 -0.050661 -0.043873
v 0.173682 0.017106 -0.043873
v 0.134908 0.110716 -0.043873
v -0.173682 -0.017106 -0.043873
v 0.153915 -0.082270 -0.043873
v 0.153915 0.082269 -0.043873
v -0.173682 0.017106 -0.043873
v 0.134908 -0.110716 -0.043873
v 0.167008 0.050661 -0.043873
v -0.167008 0.050661 -0.043873
v 0.110716 -0.134908 -0.043873
v 0.156648 -0.015429 -0.040322
v -0.153915 0.082269 -0.043873
v 0.082269 -0.153915 -0.043873
v 0.194361 -0.019143 -0.036514
v -0.092064 0.172240 -0.036514
v -0.019143 -0.194361 -0.036514
v -0.056693 0.186891 -0.036514
v -0.056693 -0.186892 -0.036514
v -0.019143 0.194361 -0.036514
v -0.092064 -0.172240 -0.036514
v 0.019143 0.194361 -0.036514
v -0.123898 -0.150970 -0.036514
v 0.056693 0.186891 -0.036514
v -0.150970 -0.123898 -0.036514
v 0.092065 0.172240 -0.036514
v -0.172240 -0.092064 -0.036514
v 0.194361 0.019143 -0.036514
v 0.123898 0.150970 -0.036514
v -0.186892 -0.056693 -0.036514
v 0.186892 -0.056693 -0.036514
v 0.150970 0.123897 -0.036514
v -0.194361 -0.019143 -0.036514
v 0.172240 -0.092064 -0.036514
v 0.172240 0.092064 -0.036514
v -0.194361 0.019143 -0.036514
v 0.150970 -0.123898 -0.036514
v 0.186892 0.056693 -0.036514
v -0.186892 0.056693 -0.036514
v 0.123898 -0.150970 -0.036514
v 0.167008 -0.050661 -0.043873
v -0.172240 0.092064 -0.036514
v 0.092064 -0.172240 -0.036514
v -0.150970 0.123898 -0.036514
v 0.056693 -0.186892 -0.036514
v -0.123898 0.150970 -0.036514
v 0.019143 -0.194361 -0.036514
v 0.045693 0.150628 -0.040322
v -0.121677 -0.099857 -0.040322
v 0.074201 0.138820 -0.040322
v -0.138820 -0.074201 -0.040322
v 0.099858 0.121676 -0.040322
v -0.150628 -0.045693 -0.040322
v 0.156648 0.015428 -0.040322
v 0.121677 0.099857 -0.040322
v -0.156648 -0.015429 -0.040322
v 0.138820 -0.074201 -0.040322
v 0.138820 0.074200 -0.040322
v -0.156648 0.015428 -0.040322
v 0.121677 -0.099857 -0.040322
v 0.150628 0.045692 -0.040322
v -0.150628 0.045693 -0.040322
v 0.099857 -0.121677 -0.040322
v 0.122891 -0.012104 -0.036771
v -0.138820 0.074201 -0.040322
v 0.074201 -0.138820 -0.040322
v 0.150628 -0.045693 -0.040322
v -0.121677 0.099857 -0.040322
v 0.045693 -0.150628 -0.040322
v -0.099857 0.121677 -0.040322
v 0.015428 -0.156648 -0.040322
v -0.074201 0.138820 -0.040322
v -0.015429 -0.156648 -0.040322
v -0.045693 0.150628 -0.040322
v -0.045693 -0.150628 -0.040322
v -0.015428 0.156648 -0.040322
v -0.074201 -0.138820 -0.040322
v 0.015429 0.156648 -0.040322
v -0.099857 -0.121677 -0.040322
v 0.122891 0.012103 -0.036771
v 0.095455 0.078338 -0.036771
v -0.122891 -0.012104 -0.036771
v 0.108904 -0.058211 -0.036771
v 0.108904 0.058210 -0.036771
v -0.122891 0.012104 -0.036771
v 0.095455 -0.078338 -0.036771
v 0.118168 0.035846 -0.036771
v -0.118168 0.035846 -0.036771
v 0.078338 -0.095455 -0.036771
v 0.088738 -0.008740 -0.040322
v -0.108904 0.058210 -0.036771
v 0.058210 -0.108904 -0.036771
v 0.118168 -0.035846 -0.036771
v -0.095455 0.078338 -0.036771
v 0.035846 -0.118168 -0.036771
v -0.078338 0.095455 -0.036771
v 0.012104 -0.122891 -0.036771
v -0.058210 0.108904 -0.036771
v -0.012104 -0.122891 -0.036771
v -0.035846 0.118168 -0.036771
v -0.035846 -0.118168 -0.036771
v -0.012104 0.122890 -0.036771
v -0.058211 -0.108904 -0.036771
v 0.012104 0.122890 -0.036771
v -0.078338 -0.095455 -0.036771
v 0.035846 0.118168 -0.036771
v -0.095455 -0.078338 -0.036771
v 0.058211 0.108904 -0.036771
v -0.108904 -0.058211 -0.036771
v 0.078338 0.095455 -0.036771
v -0.118168 -0.035846 -0.036771
v 0.056567 -0.068927 -0.040322
v 0.059058 -0.005817 -0.043876
v -0.078638 0.042033 -0.040322
v 0.042033 -0.078638 -0.040322
v 0.085327 -0.025884 -0.040322
v -0.068927 0.056567 -0.040322
v 0.025884 -0.085328 -0.040322
v -0.056567 0.068927 -0.040322
v 0.008740 -0.088738 -0.040322
v -0.042033 0.078638 -0.040322
v -0.008740 -0.088738 -0.040322
v -0.025884 0.085327 -0.040322
v -0.025884 -0.085328 -0.040322
v -0.008740 0.088738 -0.040322
v -0.042033 -0.078638 -0.040322
v 0.008740 0.088738 -0.040322
v -0.056567 -0.068927 -0.040322
v 0.025884 0.085327 -0.040322
v -0.068927 -0.056567 -0.040322
v 0.042033 0.078638 -0.040322
v -0.078638 -0.042033 -0.040322
v 0.056567 0.068927 -0.040322
v -0.085328 -0.025884 -0.040322
v 0.088738 0.008740 -0.040322
v 0.068927 0.056567 -0.040322
v -0.088738 -0.008740 -0.040322
v 0.078638 -0.042033 -0.040322
v 0.078638 0.042033 -0.040322
v -0.088738 0.008740 -0.040322
v 0.068927 -0.056567 -0.040322
v 0.085327 0.025884 -0.040322
v -0.085328 0.025884 -0.040322
v 0.005817 -0.059059 -0.043876
v -0.027975 0.052337 -0.043876
v -0.005817 -0.059059 -0.043876
v -0.017227 0.056789 -0.043876
v -0.017227 -0.056789 -0.043876
v -0.005817 0.059058 -0.043876
v -0.027975 -0.052337 -0.043876
v 0.005817 0.059058 -0.043876
v -0.037648 -0.045874 -0.043876
v 0.017227 0.056789 -0.043876
v -0.045874 -0.037648 -0.043876
v 0.027975 0.052337 -0.043876
v -0.052337 -0.027975 -0.043876
v 0.037648 0.045874 -0.043876
v -0.056789 -0.017227 -0.043876
v 0.059058 0.005817 -0.043876
v 0.045874 0.037647 -0.043876
v -0.059059 -0.005817 -0.043876
v 0.052337 -0.027975 -0.043876
v 0.052337 0.027975 -0.043876
v -0.059059 0.005817 -0.043876
v 0.045874 -0.037648 -0.043876
v 0.056789 0.017227 -0.043876
v -0.056789 0.017227 -0.043876
v 0.037648 -0.045874 -0.043876
v 0.031646 -0.003117 -0.031858
v -0.052337 0.027975 -0.043876
v 0.027975 -0.052337 -0.043876
v 0.056789 -0.017227 -0.043876
v -0.045874 0.037648 -0.043876
v 0.017227 -0.056789 -0.043876
v -0.037648 0.045874 -0.043876
v -0.014990 -0.028045 -0.031858
v 0.003117 0.031646 -0.031858
v -0.020173 -0.024581 -0.031858
v 0.009231 0.030430 -0.031858
v -0.024581 -0.020174 -0.031858
v 0.014990 0.028045 -0.031858
v -0.028045 -0.014990 -0.031858
v 0.020173 0.024581 -0.031858
v -0.030430 -0.009231 -0.031858
v 0.031646 0.003117 -0.031858
v 0.024581 0.020173 -0.031858
v -0.031646 -0.003117 -0.031858
v 0.028045 -0.014990 -0.031858
v 0.028045 0.014990 -0.031858
v -0.031646 0.003117 -0.031858
v 0.024581 -0.020174 -0.031858
v 0.030430 0.009231 -0.031858
v -0.030430 0.009231 -0.031858
v 0.020173 -0.024581 -0.031858
v 0.173682 -0.017106 -0.000006
v -0.028045 0.014990 -0.031858
v 0.014990 -0.028045 -0.031858
v 0.034277 -0.003376 -0.043875
v -0.024581 0.020173 -0.031858
v 0.009231 -0.030430 -0.031858
v -0.020173 0.024581 -0.031858
v 0.003117 -0.031647 -0.031858
v -0.014990 0.028045 -0.031858
v -0.003117 -0.031647 -0.031858
v -0.009231 0.030430 -0.031858
v -0.009231 -0.030430 -0.031858
v -0.003117 0.031646 -0.031858
v -0.026625 -0.021850 -0.043875
v 0.016236 0.030376 -0.043875
v -0.030376 -0.016236 -0.043875
v 0.034277 0.003376 -0.043875
v 0.021850 0.026625 -0.043875
v -0.032960 -0.009998 -0.043875
v 0.032960 -0.009998 -0.043875
v 0.026625 0.021850 -0.043875
v -0.034277 -0.003376 -0.043875
v 0.030376 -0.016236 -0.043875
v 0.030376 0.016236 -0.043875
v -0.034277 0.003376 -0.043875
v 0.026625 -0.021850 -0.043875
v 0.032960 0.009998 -0.043875
v -0.032960 0.009998 -0.043875
v 0.021850 -0.026625 -0.043875
v 0.030430 -0.009231 -0.031858
v -0.030376 0.016236 -0.043875
v 0.016236 -0.030376 -0.043875
v -0.026625 0.021850 -0.043875
v 0.009998 -0.032960 -0.043875
v -0.021850 0.026625 -0.043875
v 0.003376 -0.034277 -0.043875
v -0.016236 0.030376 -0.043875
v -0.003376 -0.034277 -0.043875
v -0.009998 0.032960 -0.043875
v -0.009998 -0.032960 -0.043875
v -0.003376 0.034277 -0.043875
v -0.016236 -0.030376 -0.043875
v 0.003376 0.034277 -0.043875
v -0.021850 -0.026625 -0.043875
v 0.009998 0.032960 -0.043875
v -0.019590 0.198906 -0.017552
v -0.094217 -0.176268 -0.017552
v 0.019591 0.198906 -0.017553
v -0.126795 -0.154501 -0.017552
v 0.058019 0.191262 -0.017553
v -0.154501 -0.126795 -0.017552
v 0.094218 0.176268 -0.017553
v -0.176268 -0.094217 -0.017552
v 0.198906 -0.019591 -0.017552
v 0.126796 0.154500 -0.017553
v -0.191262 -0.058019 -0.017552
v 0.191262 -0.058019 -0.017552
v 0.154501 0.126795 -0.017553
v -0.198906 -0.019591 -0.017552
v 0.176268 -0.094218 -0.017552
v 0.176269 0.094217 -0.017553
v -0.198906 0.019591 -0.017552
v 0.154501 -0.126795 -0.017552
v 0.191262 0.058018 -0.017553
v -0.191262 0.058019 -0.017552
v 0.126795 -0.154501 -0.017552
v 0.198906 0.019590 -0.017553
v -0.176268 0.094217 -0.017552
v 0.094217 -0.176268 -0.017552
v -0.154501 0.126795 -0.017552
v 0.058019 -0.191262 -0.017552
v -0.126795 0.154501 -0.017552
v 0.019591 -0.198906 -0.017552
v -0.094217 0.176268 -0.017552
v -0.019591 -0.198906 -0.017552
v -0.058019 0.191262 -0.017552
v -0.058019 -0.191262 -0.017552
v -0.134908 0.110716 -0.000006
v 0.050661 -0.167008 -0.000006
v -0.110716 0.134908 -0.000006
v 0.017106 -0.173682 -0.000006
v -0.082269 0.153915 -0.000006
v -0.017106 -0.173682 -0.000006
v -0.050661 0.167008 -0.000006
v -0.050661 -0.167008 -0.000006
v -0.017106 0.173682 -0.000006
v -0.082269 -0.153915 -0.000006
v 0.017106 0.173682 -0.000006
v -0.110716 -0.134908 -0.000006
v 0.050661 0.167008 -0.000006
v -0.134908 -0.110716 -0.000006
v 0.082270 0.153915 -0.000006
v -0.153915 -0.082269 -0.000006
v 0.110716 0.134908 -0.000006
v -0.167008 -0.050661 -0.000006
v 0.173682 0.017106 -0.000006
v 0.134908 0.110716 -0.000006
v -0.173682 -0.017106 -0.000006
v 0.153915 -0.082270 -0.000006
v 0.153915 0.082269 -0.000006
v -0.173682 0.017106 -0.000006
v 0.134908 -0.110716 -0.000006
v 0.167008 0.050661 -0.000006
v -0.167008 0.050661 -0.000006
v 0.110716 -0.134908 -0.000006
v 0.156648 -0.015429 -0.003557
v -0.153915 0.082270 -0.000006
v 0.082269 -0.153915 -0.000006
v 0.167008 -0.050661 -0.000006
v -0.092064 0.172240 -0.007365
v -0.019143 -0.194361 -0.007365
v -0.056693 0.186892 -0.007365
v -0.056693 -0.186892 -0.007365
v -0.019143 0.194361 -0.007365
v -0.092064 -0.172240 -0.007365
v 0.019143 0.194361 -0.007365
v -0.123898 -0.150970 -0.007365
v 0.056693 0.186891 -0.007365
v -0.150970 -0.123898 -0.007365
v 0.092065 0.172240 -0.007365
v -0.172240 -0.092064 -0.007365
v 0.194361 -0.019143 -0.007365
v 0.123898 0.150970 -0.007365
v -0.186892 -0.056693 -0.007365
v 0.186892 -0.056693 -0.007365
v 0.150970 0.123897 -0.007365
v -0.194361 -0.019143 -0.007365
v 0.172240 -0.092064 -0.007365
v 0.172240 0.092064 -0.007365
v -0.194361 0.019143 -0.007365
v 0.150970 -0.123898 -0.007365
v 0.186892 0.056693 -0.007365
v -0.186892 0.056693 -0.007365
v 0.123898 -0.150970 -0.007365
v 0.194361 0.019143 -0.007365
v -0.172240 0.092064 -0.007365
v 0.092064 -0.172240 -0.007365
v -0.150970 0.123898 -0.007365
v 0.056693 -0.186892 -0.007365
v -0.123898 0.150970 -0.007365
v 0.019143 -0.194361 -0.007365
v 0.045693 0.150628 -0.003557
v -0.121677 -0.099857 -0.003557
v 0.074201 0.138820 -0.003557
v -0.138820 -0.074201 -0.003557
v 0.099858 0.121676 -0.003557
v -0.150628 -0.045693 -0.003557
v 0.156648 0.015428 -0.003557
v 0.121677 0.099857 -0.003557
v -0.156648 -0.015429 -0.003557
v 0.138820 -0.074201 -0.003557
v 0.138820 0.074200 -0.003557
v -0.156648 0.015429 -0.003557
v 0.121677 -0.099857 -0.003557
v 0.150628 0.045692 -0.003557
v -0.150628 0.045693 -0.003557
v 0.099857 -0.121677 -0.003557
v 0.122891 -0.012104 -0.007108
v -0.138820 0.074201 -0.003557
v 0.074201 -0.138820 -0.003557
v 0.150628 -0.045693 -0.003557
v -0.121677 0.099857 -0.003557
v 0.045693 -0.150628 -0.003557
v -0.099857 0.121677 -0.003557
v 0.015429 -0.156648 -0.003557
v -0.074201 0.138820 -0.003557
v -0.015428 -0.156648 -0.003557
v -0.045692 0.150628 -0.003557
v -0.045693 -0.150628 -0.003557
v -0.015428 0.156648 -0.003557
v -0.074201 -0.138820 -0.003557
v 0.015429 0.156648 -0.003557
v -0.099857 -0.121677 -0.003557
v 0.122891 0.012104 -0.007108
v 0.095455 0.078338 -0.007108
v -0.122891 -0.012104 -0.007108
v 0.108904 -0.058211 -0.007108
v 0.108904 0.058210 -0.007108
v -0.122891 0.012104 -0.007108
v 0.095455 -0.078338 -0.007108
v 0.118168 0.035846 -0.007108
v -0.118168 0.035846 -0.007108
v 0.078338 -0.095455 -0.007108
v 0.088738 -0.008740 -0.003557
v -0.108904 0.058211 -0.007108
v 0.058211 -0.108904 -0.007108
v 0.118168 -0.035846 -0.007108
v -0.095455 0.078338 -0.007108
v 0.035846 -0.118168 -0.007108
v -0.078338 0.095455 -0.007108
v 0.012104 -0.122891 -0.007108
v -0.058210 0.108904 -0.007108
v -0.012104 -0.122891 -0.007108
v -0.035846 0.118168 -0.007108
v -0.035846 -0.118168 -0.007108
v -0.012104 0.122891 -0.007108
v -0.058211 -0.108904 -0.007108
v 0.012104 0.122891 -0.007108
v -0.078338 -0.095455 -0.007108
v 0.035846 0.118168 -0.007108
v -0.095455 -0.078338 -0.007108
v 0.058211 0.108904 -0.007108
v -0.108904 -0.058211 -0.007108
v 0.078338 0.095455 -0.007108
v -0.118168 -0.035846 -0.007108
v 0.056567 -0.068927 -0.003557
v 0.059059 -0.005817 -0.000003
v -0.078638 0.042033 -0.003557
v 0.042033 -0.078638 -0.003557
v 0.085327 -0.025884 -0.003557
v -0.068927 0.056567 -0.003557
v 0.025884 -0.085328 -0.003557
v -0.056567 0.068927 -0.003557
v 0.008740 -0.088738 -0.003557
v -0.042033 0.078638 -0.003557
v -0.008740 -0.088738 -0.003557
v -0.025884 0.085327 -0.003557
v -0.025884 -0.085328 -0.003557
v -0.008740 0.088738 -0.003557
v -0.042033 -0.078638 -0.003557
v 0.008740 0.088738 -0.003557
v -0.056567 -0.068927 -0.003557
v 0.025884 0.085327 -0.003557
v -0.068927 -0.056567 -0.003557
v 0.042033 0.078638 -0.003557
v -0.078638 -0.042033 -0.003557
v 0.056567 0.068927 -0.003557
v -0.085327 -0.025884 -0.003557
v 0.088738 0.008740 -0.003557
v 0.068927 0.056567 -0.003557
v -0.088738 -0.008740 -0.003557
v 0.078638 -0.042033 -0.003557
v 0.078638 0.042033 -0.003557
v -0.088738 0.008740 -0.003557
v 0.068927 -0.056567 -0.003557
v 0.085328 0.025884 -0.003557
v -0.085327 0.025884 -0.003557
v 0.005817 -0.059059 -0.000003
v -0.027975 0.052337 -0.000003
v -0.005817 -0.059059 -0.000003
v -0.017227 0.056789 -0.000003
v -0.017227 -0.056789 -0.000003
v -0.005817 0.059058 -0.000003
v -0.027975 -0.052337 -0.000003
v 0.005817 0.059058 -0.000003
v -0.037648 -0.045874 -0.000003
v 0.017227 0.056789 -0.000003
v -0.045874 -0.037648 -0.000003
v 0.027975 0.052337 -0.000003
v -0.052337 -0.027975 -0.000003
v 0.037648 0.045874 -0.000003
v -0.056789 -0.017227 -0.000003
v 0.059059 0.005817 -0.000003
v 0.045874 0.037647 -0.000003
v -0.059059 -0.005817 -0.000003
v 0.052337 -0.027975 -0.000003
v 0.052337 0.027975 -0.000003
v -0.059059 0.005817 -0.000003
v 0.045874 -0.037648 -0.000003
v 0.056789 0.017227 -0.000003
v -0.056789 0.017227 -0.000003
v 0.037648 -0.045874 -0.000003
v 0.031646 -0.003117 -0.012021
v -0.052337 0.027975 -0.000003
v 0.027975 -0.052337 -0.000003
v 0.056789 -0.017227 -0.000003
v -0.045874 0.037648 -0.000003
v 0.017227 -0.056789 -0.000003
v -0.037648 0.045874 -0.000003
v -0.014990 -0.028045 -0.012021
v 0.003117 0.031646 -0.012021
v -0.020173 -0.024581 -0.012021
v 0.009231 0.030430 -0.012021
v -0.024581 -0.020173 -0.012021
v 0.014990 0.028045 -0.012021
v -0.028045 -0.014990 -0.012021
v 0.020173 0.024581 -0.012021
v -0.030430 -0.009231 -0.012021
v 0.031646 0.003117 -0.012021
v 0.024581 0.020173 -0.012021
v -0.031646 -0.003117 -0.012021
v 0.028045 -0.014990 -0.012021
v 0.028045 0.014990 -0.012021
v -0.031646 0.003117 -0.012021
v 0.024581 -0.020173 -0.012021
v 0.030430 0.009231 -0.012021
v -0.030430 0.009231 -0.012021
v 0.020173 -0.024581 -0.012021
v -0.028045 0.014990 -0.012021
v 0.014990 -0.028045 -0.012021
v 0.030430 -0.009231 -0.012021
v -0.024581 0.020173 -0.012021
v 0.009231 -0.030430 -0.012021
v -0.020173 0.024581 -0.012021
v 0.003117 -0.031647 -0.012021
v -0.014990 0.028045 -0.012021
v -0.003117 -0.031647 -0.012021
v -0.009231 0.030430 -0.012021
v -0.009231 -0.030430 -0.012021
v -0.003117 0.031646 -0.012021
v -0.026625 -0.021850 -0.000003
v 0.016236 0.030376 -0.000004
v -0.030376 -0.016236 -0.000004
v 0.034277 -0.003376 -0.000004
v 0.021850 0.026625 -0.000004
v -0.032960 -0.009998 -0.000004
v 0.032960 -0.009998 -0.000004
v 0.026625 0.021850 -0.000004
v -0.034277 -0.003376 -0.000004
v 0.030376 -0.016236 -0.000004
v 0.030376 0.016236 -0.000004
v -0.034277 0.003376 -0.000004
v 0.026625 -0.021850 -0.000004
v 0.032960 0.009998 -0.000004
v -0.032960 0.009998 -0.000004
v 0.021850 -0.026625 -0.000004
v 0.034277 0.003376 -0.000004
v -0.030376 0.016236 -0.000004
v 0.016236 -0.030376 -0.000004
v -0.026625 0.021850 -0.000004
v 0.009998 -0.032960 -0.000004
v -0.021850 0.026625 -0.000004
v 0.003376 -0.034277 -0.000004
v -0.016236 0.030376 -0.000004
v -0.003376 -0.034277 -0.000004
v -0.009998 0.032960 -0.000004
v -0.009998 -0.032960 -0.000004
v -0.003376 0.034277 -0.000004
v -0.016236 -0.030376 -0.000004
v 0.003376 0.034277 -0.000004
v -0.021850 -0.026625 -0.000003
v 0.009998 0.032960 -0.000004
v 0.187139 -0.018432 -0.043799
v 0.188570 -0.018573 -0.043529
v 0.189509 -0.018665 -0.042825
v 0.179948 -0.054587 -0.043799
v 0.181323 -0.055004 -0.043529
v 0.182226 -0.055278 -0.042825
v 0.165841 -0.088644 -0.043799
v 0.167108 -0.089321 -0.043529
v 0.167941 -0.089766 -0.042825
v 0.145360 -0.119294 -0.043799
v 0.146472 -0.120206 -0.043529
v 0.147201 -0.120805 -0.042824
v 0.119294 -0.145361 -0.043799
v 0.120206 -0.146472 -0.043529
v 0.120805 -0.147201 -0.042824
v 0.088644 -0.165841 -0.043799
v 0.089321 -0.167108 -0.043529
v 0.089766 -0.167941 -0.042824
v 0.054586 -0.179948 -0.043798
v 0.055004 -0.181323 -0.043529
v 0.055278 -0.182226 -0.042824
v 0.018432 -0.187139 -0.043798
v 0.018572 -0.188570 -0.043529
v 0.018665 -0.189509 -0.042824
v -0.018432 -0.187139 -0.043798
v -0.018573 -0.188570 -0.043529
v -0.018665 -0.189509 -0.042824
v -0.054587 -0.179948 -0.043798
v -0.055004 -0.181323 -0.043529
v -0.055278 -0.182226 -0.042824
v -0.088644 -0.165841 -0.043798
v -0.089321 -0.167108 -0.043529
v -0.089766 -0.167941 -0.042824
v -0.119294 -0.145361 -0.043798
v -0.120206 -0.146472 -0.043529
v -0.120805 -0.147201 -0.042824
v -0.145361 -0.119294 -0.043798
v -0.146472 -0.120206 -0.043529
v -0.147201 -0.120805 -0.042824
v -0.165841 -0.088644 -0.043798
v -0.167108 -0.089321 -0.043529
v -0.167941 -0.089766 -0.042824
v -0.179948 -0.054587 -0.043798
v -0.181323 -0.055004 -0.043529
v -0.182226 -0.055278 -0.042824
v -0.187139 -0.018432 -0.043798
v -0.188570 -0.018573 -0.043529
v -0.189509 -0.018665 -0.042824
v -0.187139 0.018432 -0.043798
v -0.188570 0.018572 -0.043529
v -0.189509 0.018665 -0.042824
v -0.179948 0.054586 -0.043798
v -0.181323 0.055004 -0.043529
v -0.182226 0.055278 -0.042824
v -0.165841 0.088644 -0.043799
v -0.167108 0.089321 -0.043529
v -0.167941 0.089766 -0.042824
v -0.145360 0.119294 -0.043799
v -0.146472 0.120206 -0.043529
v -0.147201 0.120805 -0.042824
v -0.119294 0.145360 -0.043799
v -0.120206 0.146472 -0.043529
v -0.120805 0.147201 -0.042824
v -0.088644 0.165841 -0.043799
v -0.089321 0.167108 -0.043529
v -0.089766 0.167940 -0.042825
v -0.054586 0.179947 -0.043799
v -0.055004 0.181323 -0.043529
v -0.055278 0.182226 -0.042825
v -0.018431 0.187139 -0.043799
v -0.018572 0.188569 -0.043529
v -0.018665 0.189509 -0.042825
v 0.018432 0.187139 -0.043799
v 0.018573 0.188569 -0.043529
v 0.018665 0.189509 -0.042825
v 0.054587 0.179947 -0.043799
v 0.055004 0.181323 -0.043530
v 0.055278 0.182226 -0.042825
v 0.088644 0.165840 -0.043799
v 0.089321 0.167108 -0.043530
v 0.089766 0.167940 -0.042825
v 0.119294 0.145360 -0.043799
v 0.120206 0.146471 -0.043530
v 0.120805 0.147201 -0.042825
v 0.145361 0.119294 -0.043799
v 0.146472 0.120206 -0.043530
v 0.147201 0.120805 -0.042825
v 0.165841 0.088643 -0.043799
v 0.167108 0.089321 -0.043530
v 0.167941 0.089766 -0.042825
v 0.179948 0.054586 -0.043799
v 0.181323 0.055003 -0.043530
v 0.182226 0.055277 -0.042825
v 0.187139 0.018431 -0.043799
v 0.188570 0.018572 -0.043529
v 0.189509 0.018665 -0.042825
v 0.158154 -0.015577 -0.042915
v 0.158862 -0.015647 -0.043501
v 0.160240 -0.015782 -0.043792
v 0.152076 -0.046132 -0.042915
v 0.152757 -0.046339 -0.043501
v 0.154082 -0.046740 -0.043792
v 0.140154 -0.074914 -0.042914
v 0.140782 -0.075250 -0.043501
v 0.142003 -0.075902 -0.043792
v 0.122846 -0.100817 -0.042914
v 0.123396 -0.101269 -0.043501
v 0.124467 -0.102147 -0.043792
v 0.100817 -0.122846 -0.042914
v 0.101269 -0.123396 -0.043501
v 0.102147 -0.124467 -0.043792
v 0.074914 -0.140154 -0.042914
v 0.075249 -0.140782 -0.043501
v 0.075902 -0.142003 -0.043792
v 0.046132 -0.152076 -0.042914
v 0.046338 -0.152757 -0.043501
v 0.046740 -0.154082 -0.043792
v 0.015577 -0.158154 -0.042914
v 0.015647 -0.158862 -0.043501
v 0.015782 -0.160240 -0.043792
v -0.015577 -0.158154 -0.042914
v -0.015647 -0.158862 -0.043501
v -0.015782 -0.160240 -0.043792
v -0.046132 -0.152076 -0.042914
v -0.046338 -0.152757 -0.043501
v -0.046740 -0.154082 -0.043792
v -0.074914 -0.140154 -0.042914
v -0.075250 -0.140782 -0.043501
v -0.075902 -0.142003 -0.043792
v -0.100817 -0.122846 -0.042914
v -0.101269 -0.123396 -0.043501
v -0.102147 -0.124467 -0.043792
v -0.122846 -0.100817 -0.042914
v -0.123396 -0.101269 -0.043501
v -0.124467 -0.102147 -0.043792
v -0.140154 -0.074914 -0.042914
v -0.140782 -0.075250 -0.043501
v -0.142003 -0.075902 -0.043792
v -0.152076 -0.046132 -0.042914
v -0.152757 -0.046338 -0.043501
v -0.154082 -0.046740 -0.043792
v -0.158154 -0.015577 -0.042914
v -0.158862 -0.015647 -0.043501
v -0.160240 -0.015782 -0.043792
v -0.158154 0.015577 -0.042914
v -0.158862 0.015647 -0.043501
v -0.160240 0.015782 -0.043792
v -0.152076 0.046132 -0.042914
v -0.152757 0.046338 -0.043501
v -0.154082 0.046740 -0.043792
v -0.140154 0.074914 -0.042914
v -0.140782 0.075249 -0.043501
v -0.142003 0.075902 -0.043792
v -0.122846 0.100817 -0.042914
v -0.123396 0.101269 -0.043501
v -0.124467 0.102147 -0.043792
v -0.100817 0.122846 -0.042914
v -0.101269 0.123396 -0.043501
v -0.102147 0.124467 -0.043792
v -0.074914 0.140154 -0.042914
v -0.075249 0.140782 -0.043501
v -0.075902 0.142003 -0.043792
v -0.046132 0.152076 -0.042915
v -0.046338 0.152757 -0.043501
v -0.046740 0.154082 -0.043792
v -0.015577 0.158154 -0.042915
v -0.015646 0.158862 -0.043501
v -0.015782 0.160240 -0.043792
v 0.015577 0.158154 -0.042915
v 0.015647 0.158862 -0.043501
v 0.015782 0.160240 -0.043792
v 0.046132 0.152076 -0.042915
v 0.046339 0.152757 -0.043501
v 0.046740 0.154082 -0.043792
v 0.074914 0.140154 -0.042915
v 0.075250 0.140782 -0.043501
v 0.075902 0.142003 -0.043792
v 0.100817 0.122846 -0.042915
v 0.101269 0.123396 -0.043501
v 0.102147 0.124466 -0.043792
v 0.122846 0.100817 -0.042915
v 0.123396 0.101269 -0.043501
v 0.124467 0.102147 -0.043792
v 0.140154 0.074914 -0.042915
v 0.140782 0.075249 -0.043501
v 0.142003 0.075902 -0.043792
v 0.152076 0.046131 -0.042915
v 0.152757 0.046338 -0.043501
v 0.154082 0.046740 -0.043792
v 0.158154 0.015577 -0.042915
v 0.158862 0.015646 -0.043501
v 0.160240 0.015782 -0.043792
v 0.152359 -0.015006 -0.036852
v 0.154434 -0.015211 -0.037143
v 0.155142 -0.015280 -0.037729
v 0.146504 -0.044442 -0.036852
v 0.148499 -0.045047 -0.037143
v 0.149180 -0.045253 -0.037729
v 0.135019 -0.072169 -0.036852
v 0.136858 -0.073152 -0.037143
v 0.137485 -0.073488 -0.037729
v 0.118345 -0.097123 -0.036851
v 0.119957 -0.098446 -0.037143
v 0.120507 -0.098898 -0.037729
v 0.097123 -0.118345 -0.036851
v 0.098446 -0.119957 -0.037143
v 0.098898 -0.120507 -0.037729
v 0.072169 -0.135019 -0.036851
v 0.073152 -0.136858 -0.037143
v 0.073487 -0.137486 -0.037729
v 0.044442 -0.146504 -0.036851
v 0.045047 -0.148499 -0.037143
v 0.045253 -0.149181 -0.037729
v 0.015006 -0.152359 -0.036851
v 0.015210 -0.154434 -0.037143
v 0.015280 -0.155143 -0.037729
v -0.015006 -0.152359 -0.036851
v -0.015210 -0.154434 -0.037143
v -0.015280 -0.155143 -0.037729
v -0.044442 -0.146504 -0.036851
v -0.045047 -0.148499 -0.037143
v -0.045253 -0.149181 -0.037729
v -0.072169 -0.135019 -0.036851
v -0.073152 -0.136858 -0.037143
v -0.073488 -0.137486 -0.037729
v -0.097123 -0.118345 -0.036851
v -0.098446 -0.119957 -0.037143
v -0.098898 -0.120507 -0.037729
v -0.118345 -0.097123 -0.036851
v -0.119957 -0.098446 -0.037143
v -0.120507 -0.098898 -0.037729
v -0.135019 -0.072169 -0.036851
v -0.136858 -0.073152 -0.037143
v -0.137486 -0.073488 -0.037729
v -0.146504 -0.044442 -0.036851
v -0.148499 -0.045047 -0.037143
v -0.149181 -0.045253 -0.037729
v -0.152359 -0.015006 -0.036851
v -0.154434 -0.015210 -0.037143
v -0.155143 -0.015280 -0.037729
v -0.152359 0.015006 -0.036851
v -0.154434 0.015210 -0.037143
v -0.155143 0.015280 -0.037729
v -0.146504 0.044442 -0.036851
v -0.148499 0.045047 -0.037143
v -0.149180 0.045253 -0.037729
v -0.135019 0.072169 -0.036851
v -0.136858 0.073152 -0.037143
v -0.137485 0.073487 -0.037729
v -0.118345 0.097123 -0.036851
v -0.119957 0.098446 -0.037143
v -0.120507 0.098898 -0.037729
v -0.097123 0.118345 -0.036851
v -0.098446 0.119957 -0.037143
v -0.098898 0.120507 -0.037729
v -0.072169 0.135019 -0.036852
v -0.073152 0.136858 -0.037143
v -0.073487 0.137485 -0.037729
v -0.044441 0.146504 -0.036852
v -0.045047 0.148499 -0.037143
v -0.045253 0.149180 -0.037729
v -0.015006 0.152359 -0.036852
v -0.015210 0.154434 -0.037143
v -0.015280 0.155142 -0.037729
v 0.015006 0.152359 -0.036852
v 0.015211 0.154434 -0.037143
v 0.015280 0.155142 -0.037729
v 0.044442 0.146504 -0.036852
v 0.045047 0.148499 -0.037143
v 0.045254 0.149180 -0.037729
v 0.072169 0.135019 -0.036852
v 0.073152 0.136858 -0.037143
v 0.073488 0.137485 -0.037729
v 0.097124 0.118345 -0.036852
v 0.098446 0.119957 -0.037143
v 0.098898 0.120507 -0.037729
v 0.118345 0.097123 -0.036852
v 0.119957 0.098446 -0.037143
v 0.120507 0.098897 -0.037729
v 0.135019 0.072169 -0.036852
v 0.136858 0.073152 -0.037143
v 0.137486 0.073487 -0.037729
v 0.146504 0.044441 -0.036852
v 0.148499 0.045046 -0.037143
v 0.149180 0.045253 -0.037729
v 0.152359 0.015006 -0.036852
v 0.154434 0.015210 -0.037143
v 0.155142 0.015280 -0.037729
v 0.090550 -0.008918 -0.037701
v 0.091314 -0.008994 -0.037130
v 0.093415 -0.009201 -0.036849
v 0.087070 -0.026413 -0.037701
v 0.087805 -0.026635 -0.037130
v 0.089825 -0.027248 -0.036849
v 0.080244 -0.042892 -0.037701
v 0.080921 -0.043253 -0.037130
v 0.082783 -0.044249 -0.036849
v 0.070335 -0.057722 -0.037701
v 0.070928 -0.058209 -0.037130
v 0.072560 -0.059548 -0.036849
v 0.057722 -0.070335 -0.037701
v 0.058209 -0.070928 -0.037130
v 0.059548 -0.072560 -0.036848
v 0.042891 -0.080244 -0.037701
v 0.043253 -0.080921 -0.037130
v 0.044248 -0.082783 -0.036848
v 0.026412 -0.087070 -0.037701
v 0.026635 -0.087805 -0.037130
v 0.027248 -0.089825 -0.036848
v 0.008918 -0.090550 -0.037701
v 0.008994 -0.091314 -0.037130
v 0.009201 -0.093415 -0.036848
v -0.008918 -0.090550 -0.037701
v -0.008994 -0.091314 -0.037130
v -0.009201 -0.093415 -0.036848
v -0.026412 -0.087070 -0.037701
v -0.026635 -0.087805 -0.037130
v -0.027248 -0.089825 -0.036848
v -0.042891 -0.080244 -0.037701
v -0.043253 -0.080921 -0.037130
v -0.044248 -0.082783 -0.036848
v -0.057722 -0.070335 -0.037701
v -0.058209 -0.070928 -0.037130
v -0.059548 -0.072560 -0.036848
v -0.070335 -0.057722 -0.037701
v -0.070928 -0.058209 -0.037130
v -0.072560 -0.059548 -0.036848
v -0.080244 -0.042892 -0.037701
v -0.080921 -0.043253 -0.037130
v -0.082783 -0.044249 -0.036848
v -0.087070 -0.026413 -0.037701
v -0.087805 -0.026635 -0.037130
v -0.089825 -0.027248 -0.036848
v -0.090550 -0.008918 -0.037701
v -0.091314 -0.008994 -0.037130
v -0.093415 -0.009201 -0.036848
v -0.090550 0.008918 -0.037701
v -0.091314 0.008994 -0.037130
v -0.093415 0.009200 -0.036848
v -0.087070 0.026412 -0.037701
v -0.087805 0.026635 -0.037130
v -0.089825 0.027248 -0.036848
v -0.080244 0.042891 -0.037701
v -0.080921 0.043253 -0.037130
v -0.082783 0.044248 -0.036848
v -0.070335 0.057722 -0.037701
v -0.070928 0.058209 -0.037130
v -0.072560 0.059548 -0.036848
v -0.057722 0.070335 -0.037701
v -0.058209 0.070928 -0.037130
v -0.059548 0.072560 -0.036849
v -0.042891 0.080244 -0.037701
v -0.043253 0.080921 -0.037130
v -0.044248 0.082783 -0.036849
v -0.026412 0.087070 -0.037701
v -0.026635 0.087805 -0.037130
v -0.027248 0.089825 -0.036849
v -0.008918 0.090550 -0.037701
v -0.008994 0.091314 -0.037130
v -0.009200 0.093415 -0.036849
v 0.008918 0.090550 -0.037701
v 0.008994 0.091314 -0.037130
v 0.009201 0.093415 -0.036849
v 0.026412 0.087070 -0.037701
v 0.026635 0.087805 -0.037130
v 0.027248 0.089825 -0.036849
v 0.042892 0.080244 -0.037701
v 0.043253 0.080921 -0.037130
v 0.044249 0.082783 -0.036849
v 0.057722 0.070335 -0.037701
v 0.058209 0.070928 -0.037130
v 0.059548 0.072560 -0.036849
v 0.070335 0.057722 -0.037701
v 0.070928 0.058209 -0.037130
v 0.072560 0.059548 -0.036849
v 0.080244 0.042891 -0.037701
v 0.080921 0.043253 -0.037130
v 0.082783 0.044248 -0.036849
v 0.087070 0.026412 -0.037701
v 0.087805 0.026635 -0.037130
v 0.089825 0.027248 -0.036849
v 0.090550 0.008918 -0.037701
v 0.091314 0.008993 -0.037130
v 0.093415 0.009200 -0.036849
v 0.084246 -0.008298 -0.043795
v 0.086161 -0.008486 -0.043514
v 0.086925 -0.008562 -0.042942
v 0.081009 -0.024574 -0.043795
v 0.082850 -0.025132 -0.043514
v 0.083585 -0.025355 -0.042942
v 0.074658 -0.039906 -0.043795
v 0.076355 -0.040813 -0.043514
v 0.077032 -0.041175 -0.042942
v 0.065438 -0.053704 -0.043795
v 0.066926 -0.054925 -0.043514
v 0.067519 -0.055412 -0.042942
v 0.053704 -0.065438 -0.043795
v 0.054925 -0.066926 -0.043514
v 0.055412 -0.067519 -0.042942
v 0.039906 -0.074658 -0.043795
v 0.040813 -0.076355 -0.043514
v 0.041175 -0.077032 -0.042942
v 0.024574 -0.081009 -0.043795
v 0.025132 -0.082850 -0.043514
v 0.025355 -0.083585 -0.042942
v 0.008297 -0.084246 -0.043795
v 0.008486 -0.086162 -0.043514
v 0.008561 -0.086925 -0.042942
v -0.008298 -0.084246 -0.043795
v -0.008486 -0.086162 -0.043514
v -0.008561 -0.086925 -0.042942
v -0.024574 -0.081009 -0.043795
v -0.025132 -0.082850 -0.043514
v -0.025355 -0.083585 -0.042942
v -0.039906 -0.074658 -0.043795
v -0.040813 -0.076355 -0.043514
v -0.041175 -0.077032 -0.042942
v -0.053704 -0.065438 -0.043795
v -0.054925 -0.066926 -0.043514
v -0.055412 -0.067519 -0.042942
v -0.065438 -0.053704 -0.043795
v -0.066926 -0.054925 -0.043514
v -0.067519 -0.055412 -0.042942
v -0.074658 -0.039906 -0.043795
v -0.076355 -0.040813 -0.043514
v -0.077032 -0.041175 -0.042942
v -0.081009 -0.024574 -0.043795
v -0.082850 -0.025132 -0.043514
v -0.083585 -0.025355 -0.042942
v -0.084246 -0.008298 -0.043795
v -0.086162 -0.008486 -0.043514
v -0.086925 -0.008561 -0.042942
v -0.084246 0.008297 -0.043795
v -0.086162 0.008486 -0.043514
v -0.086925 0.008561 -0.042942
v -0.081009 0.024574 -0.043795
v -0.082850 0.025132 -0.043514
v -0.083585 0.025355 -0.042942
v -0.074658 0.039905 -0.043795
v -0.076355 0.040813 -0.043514
v -0.077032 0.041175 -0.042942
v -0.065438 0.053704 -0.043795
v -0.066926 0.054925 -0.043514
v -0.067519 0.055412 -0.042942
v -0.053704 0.065438 -0.043795
v -0.054925 0.066926 -0.043514
v -0.055412 0.067519 -0.042942
v -0.039906 0.074658 -0.043795
v -0.040813 0.076355 -0.043514
v -0.041175 0.077032 -0.042942
v -0.024574 0.081009 -0.043795
v -0.025132 0.082850 -0.043514
v -0.025355 0.083585 -0.042942
v -0.008297 0.084246 -0.043795
v -0.008486 0.086161 -0.043514
v -0.008561 0.086925 -0.042942
v 0.008298 0.084246 -0.043795
v 0.008486 0.086161 -0.043514
v 0.008561 0.086925 -0.042942
v 0.024574 0.081009 -0.043795
v 0.025132 0.082850 -0.043514
v 0.025355 0.083585 -0.042942
v 0.039906 0.074658 -0.043795
v 0.040813 0.076355 -0.043514
v 0.041175 0.077032 -0.042942
v 0.053704 0.065438 -0.043795
v 0.054925 0.066926 -0.043514
v 0.055412 0.067519 -0.042942
v 0.065438 0.053704 -0.043795
v 0.066926 0.054925 -0.043514
v 0.067519 0.055411 -0.042942
v 0.074658 0.039905 -0.043795
v 0.076355 0.040813 -0.043514
v 0.077032 0.041174 -0.042942
v 0.081009 0.024573 -0.043795
v 0.082850 0.025132 -0.043514
v 0.083585 0.025355 -0.042942
v 0.084246 0.008297 -0.043795
v 0.086161 0.008486 -0.043514
v 0.086925 0.008561 -0.042942
v 0.031761 -0.003128 -0.042507
v 0.032156 -0.003167 -0.043467
v 0.032813 -0.003232 -0.043784
v 0.030540 -0.009264 -0.042507
v 0.030920 -0.009380 -0.043467
v 0.031552 -0.009571 -0.043784
v 0.028146 -0.015045 -0.042507
v 0.028496 -0.015232 -0.043467
v 0.029078 -0.015543 -0.043784
v 0.024670 -0.020247 -0.042507
v 0.024977 -0.020498 -0.043467
v 0.025487 -0.020917 -0.043784
v 0.020246 -0.024670 -0.042507
v 0.020498 -0.024977 -0.043467
v 0.020917 -0.025488 -0.043784
v 0.015044 -0.028146 -0.042507
v 0.015232 -0.028496 -0.043467
v 0.015543 -0.029079 -0.043784
v 0.009264 -0.030540 -0.042507
v 0.009380 -0.030920 -0.043467
v 0.009571 -0.031552 -0.043784
v 0.003128 -0.031761 -0.042507
v 0.003167 -0.032156 -0.043467
v 0.003232 -0.032813 -0.043784
v -0.003128 -0.031761 -0.042507
v -0.003167 -0.032156 -0.043467
v -0.003232 -0.032813 -0.043784
v -0.009264 -0.030540 -0.042507
v -0.009380 -0.030920 -0.043467
v -0.009571 -0.031552 -0.043784
v -0.015044 -0.028146 -0.042507
v -0.015232 -0.028496 -0.043467
v -0.015543 -0.029079 -0.043784
v -0.020246 -0.024670 -0.042507
v -0.020498 -0.024977 -0.043467
v -0.020917 -0.025488 -0.043784
v -0.024670 -0.020247 -0.042507
v -0.024977 -0.020498 -0.043467
v -0.025488 -0.020917 -0.043784
v -0.028146 -0.015045 -0.042507
v -0.028496 -0.015232 -0.043467
v -0.029078 -0.015543 -0.043784
v -0.030540 -0.009264 -0.042507
v -0.030920 -0.009380 -0.043467
v -0.031552 -0.009571 -0.043784
v -0.031761 -0.003128 -0.042507
v -0.032156 -0.003167 -0.043467
v -0.032813 -0.003232 -0.043784
v -0.031761 0.003128 -0.042507
v -0.032156 0.003167 -0.043467
v -0.032813 0.003232 -0.043784
v -0.030540 0.009264 -0.042507
v -0.030920 0.009379 -0.043467
v -0.031552 0.009571 -0.043784
v -0.028146 0.015044 -0.042507
v -0.028496 0.015232 -0.043467
v -0.029078 0.015543 -0.043784
v -0.024670 0.020246 -0.042507
v -0.024977 0.020498 -0.043467
v -0.025488 0.020917 -0.043784
v -0.020246 0.024670 -0.042507
v -0.020498 0.024977 -0.043467
v -0.020917 0.025487 -0.043784
v -0.015044 0.028146 -0.042507
v -0.015232 0.028496 -0.043467
v -0.015543 0.029078 -0.043784
v -0.009264 0.030540 -0.042507
v -0.009380 0.030920 -0.043467
v -0.009571 0.031552 -0.043784
v -0.003128 0.031761 -0.042507
v -0.003167 0.032156 -0.043467
v -0.003232 0.032813 -0.043784
v 0.003128 0.031761 -0.042507
v 0.003167 0.032156 -0.043467
v 0.003232 0.032813 -0.043784
v 0.009264 0.030540 -0.042507
v 0.009380 0.030920 -0.043467
v 0.009571 0.031552 -0.043784
v 0.015044 0.028146 -0.042507
v 0.015232 0.028496 -0.043467
v 0.015543 0.029078 -0.043784
v 0.020246 0.024670 -0.042507
v 0.020498 0.024977 -0.043467
v 0.020917 0.025487 -0.043784
v 0.024670 0.020246 -0.042507
v 0.024977 0.020498 -0.043467
v 0.025487 0.020917 -0.043784
v 0.028146 0.015044 -0.042507
v 0.028496 0.015231 -0.043467
v 0.029078 0.015543 -0.043784
v 0.030540 0.009264 -0.042507
v 0.030920 0.009379 -0.043467
v 0.031552 0.009571 -0.043784
v 0.031761 0.003128 -0.042507
v 0.032156 0.003167 -0.043467
v 0.032813 0.003232 -0.043784
v 0.189509 -0.018665 -0.001055
v 0.188570 -0.018573 -0.000350
v 0.187139 -0.018432 -0.000080
v 0.182226 -0.055278 -0.001055
v 0.181323 -0.055004 -0.000350
v 0.179948 -0.054587 -0.000080
v 0.167941 -0.089766 -0.001055
v 0.167108 -0.089321 -0.000350
v 0.165841 -0.088644 -0.000080
v 0.147201 -0.120805 -0.001055
v 0.146472 -0.120206 -0.000350
v 0.145361 -0.119294 -0.000080
v 0.120805 -0.147201 -0.001054
v 0.120206 -0.146472 -0.000350
v 0.119294 -0.145361 -0.000080
v 0.089766 -0.167941 -0.001054
v 0.089321 -0.167108 -0.000350
v 0.088644 -0.165841 -0.000080
v 0.055278 -0.182226 -0.001054
v 0.055004 -0.181323 -0.000350
v 0.054587 -0.179948 -0.000080
v 0.018665 -0.189509 -0.001054
v 0.018573 -0.188570 -0.000349
v 0.018432 -0.187139 -0.000080
v -0.018665 -0.189509 -0.001054
v -0.018572 -0.188570 -0.000349
v -0.018432 -0.187139 -0.000080
v -0.055278 -0.182226 -0.001054
v -0.055004 -0.181323 -0.000349
v -0.054586 -0.179948 -0.000080
v -0.089766 -0.167941 -0.001054
v -0.089321 -0.167108 -0.000349
v -0.088644 -0.165841 -0.000080
v -0.120805 -0.147201 -0.001054
v -0.120206 -0.146472 -0.000349
v -0.119294 -0.145361 -0.000080
v -0.147201 -0.120805 -0.001054
v -0.146472 -0.120206 -0.000349
v -0.145361 -0.119294 -0.000080
v -0.167941 -0.089766 -0.001054
v -0.167108 -0.089321 -0.000349
v -0.165841 -0.088644 -0.000080
v -0.182226 -0.055278 -0.001054
v -0.181323 -0.055004 -0.000349
v -0.179948 -0.054586 -0.000080
v -0.189509 -0.018665 -0.001054
v -0.188570 -0.018572 -0.000349
v -0.187139 -0.018432 -0.000080
v -0.189509 0.018665 -0.001054
v -0.188570 0.018573 -0.000349
v -0.187139 0.018432 -0.000080
v -0.182226 0.055278 -0.001054
v -0.181323 0.055004 -0.000349
v -0.179948 0.054587 -0.000080
v -0.167941 0.089766 -0.001054
v -0.167108 0.089321 -0.000350
v -0.165841 0.088644 -0.000080
v -0.147201 0.120805 -0.001054
v -0.146472 0.120206 -0.000350
v -0.145360 0.119294 -0.000080
v -0.120805 0.147201 -0.001055
v -0.120206 0.146472 -0.000350
v -0.119294 0.145360 -0.000080
v -0.089766 0.167941 -0.001055
v -0.089321 0.167108 -0.000350
v -0.088644 0.165841 -0.000080
v -0.055278 0.182226 -0.001055
v -0.055004 0.181323 -0.000350
v -0.054586 0.179947 -0.000080
v -0.018665 0.189509 -0.001055
v -0.018572 0.188570 -0.000350
v -0.018431 0.187139 -0.000080
v 0.018665 0.189509 -0.001055
v 0.018573 0.188569 -0.000350
v 0.018432 0.187139 -0.000081
v 0.055278 0.182226 -0.001055
v 0.055004 0.181323 -0.000350
v 0.054587 0.179947 -0.000081
v 0.089766 0.167940 -0.001055
v 0.089321 0.167108 -0.000350
v 0.088644 0.165840 -0.000081
v 0.120805 0.147201 -0.001055
v 0.120206 0.146471 -0.000350
v 0.119294 0.145360 -0.000081
v 0.147201 0.120805 -0.001055
v 0.146472 0.120206 -0.000350
v 0.145361 0.119294 -0.000081
v 0.167941 0.089766 -0.001055
v 0.167108 0.089321 -0.000350
v 0.165841 0.088643 -0.000081
v 0.182226 0.055277 -0.001055
v 0.181323 0.055003 -0.000350
v 0.179948 0.054586 -0.000081
v 0.189509 0.018665 -0.001055
v 0.188570 0.018572 -0.000350
v 0.187139 0.018431 -0.000081
v 0.160240 -0.015782 -0.000087
v 0.158862 -0.015647 -0.000378
v 0.158154 -0.015577 -0.000965
v 0.154082 -0.046740 -0.000087
v 0.152757 -0.046338 -0.000378
v 0.152076 -0.046132 -0.000965
v 0.142003 -0.075902 -0.000087
v 0.140782 -0.075250 -0.000378
v 0.140154 -0.074914 -0.000965
v 0.124467 -0.102147 -0.000087
v 0.123396 -0.101269 -0.000378
v 0.122846 -0.100817 -0.000965
v 0.102147 -0.124467 -0.000087
v 0.101269 -0.123396 -0.000378
v 0.100817 -0.122846 -0.000964
v 0.075902 -0.142003 -0.000087
v 0.075250 -0.140782 -0.000378
v 0.074914 -0.140154 -0.000964
v 0.046740 -0.154082 -0.000087
v 0.046338 -0.152757 -0.000378
v 0.046132 -0.152076 -0.000964
v 0.015782 -0.160240 -0.000087
v 0.015647 -0.158862 -0.000378
v 0.015577 -0.158154 -0.000964
v -0.015782 -0.160240 -0.000087
v -0.015647 -0.158862 -0.000378
v -0.015577 -0.158154 -0.000964
v -0.046740 -0.154082 -0.000087
v -0.046338 -0.152757 -0.000378
v -0.046132 -0.152076 -0.000964
v -0.075902 -0.142003 -0.000087
v -0.075250 -0.140782 -0.000378
v -0.074914 -0.140154 -0.000964
v -0.102147 -0.124467 -0.000087
v -0.101269 -0.123396 -0.000378
v -0.100817 -0.122846 -0.000964
v -0.124467 -0.102147 -0.000087
v -0.123396 -0.101269 -0.000378
v -0.122846 -0.100817 -0.000964
v -0.142003 -0.075902 -0.000087
v -0.140782 -0.075250 -0.000378
v -0.140154 -0.074914 -0.000964
v -0.154082 -0.046740 -0.000087
v -0.152757 -0.046338 -0.000378
v -0.152076 -0.046132 -0.000964
v -0.160240 -0.015782 -0.000087
v -0.158862 -0.015647 -0.000378
v -0.158154 -0.015577 -0.000964
v -0.160240 0.015782 -0.000087
v -0.158862 0.015647 -0.000378
v -0.158154 0.015577 -0.000964
v -0.154082 0.046740 -0.000087
v -0.152757 0.046338 -0.000378
v -0.152076 0.046132 -0.000964
v -0.142003 0.075902 -0.000087
v -0.140782 0.075250 -0.000378
v -0.140154 0.074914 -0.000964
v -0.124467 0.102147 -0.000087
v -0.123396 0.101269 -0.000378
v -0.122846 0.100817 -0.000964
v -0.102147 0.124467 -0.000087
v -0.101269 0.123396 -0.000378
v -0.100817 0.122846 -0.000965
v -0.075902 0.142003 -0.000087
v -0.075249 0.140782 -0.000378
v -0.074914 0.140154 -0.000965
v -0.046740 0.154082 -0.000087
v -0.046338 0.152757 -0.000378
v -0.046132 0.152076 -0.000965
v -0.015782 0.160240 -0.000087
v -0.015646 0.158862 -0.000378
v -0.015577 0.158154 -0.000965
v 0.015782 0.160240 -0.000087
v 0.015647 0.158862 -0.000378
v 0.015577 0.158154 -0.000965
v 0.046741 0.154082 -0.000087
v 0.046339 0.152757 -0.000378
v 0.046132 0.152076 -0.000965
v 0.075902 0.142003 -0.000087
v 0.075250 0.140782 -0.000378
v 0.074914 0.140154 -0.000965
v 0.102147 0.124467 -0.000087
v 0.101269 0.123396 -0.000378
v 0.100817 0.122846 -0.000965
v 0.124467 0.102147 -0.000087
v 0.123397 0.101269 -0.000378
v 0.122846 0.100817 -0.000965
v 0.142003 0.075902 -0.000087
v 0.140782 0.075249 -0.000378
v 0.140154 0.074914 -0.000965
v 0.154082 0.046740 -0.000087
v 0.152757 0.046338 -0.000378
v 0.152076 0.046132 -0.000965
v 0.160240 0.015782 -0.000087
v 0.158862 0.015646 -0.000378
v 0.158154 0.015577 -0.000965
v 0.155142 -0.015280 -0.006150
v 0.154434 -0.015210 -0.006736
v 0.152359 -0.015006 -0.007028
v 0.149180 -0.045253 -0.006150
v 0.148499 -0.045047 -0.006736
v 0.146504 -0.044442 -0.007028
v 0.137485 -0.073488 -0.006150
v 0.136858 -0.073152 -0.006736
v 0.135019 -0.072169 -0.007028
v 0.120507 -0.098898 -0.006150
v 0.119957 -0.098446 -0.006736
v 0.118345 -0.097123 -0.007027
v 0.098898 -0.120507 -0.006150
v 0.098446 -0.119957 -0.006736
v 0.097123 -0.118345 -0.007027
v 0.073488 -0.137486 -0.006150
v 0.073152 -0.136858 -0.006736
v 0.072169 -0.135019 -0.007027
v 0.045253 -0.149180 -0.006150
v 0.045047 -0.148499 -0.006736
v 0.044442 -0.146504 -0.007027
v 0.015280 -0.155142 -0.006150
v 0.015210 -0.154434 -0.006736
v 0.015006 -0.152359 -0.007027
v -0.015280 -0.155142 -0.006150
v -0.015210 -0.154434 -0.006736
v -0.015006 -0.152359 -0.007027
v -0.045253 -0.149180 -0.006150
v -0.045047 -0.148499 -0.006736
v -0.044442 -0.146504 -0.007027
v -0.073488 -0.137486 -0.006150
v -0.073152 -0.136858 -0.006736
v -0.072169 -0.135019 -0.007027
v -0.098898 -0.120507 -0.006150
v -0.098446 -0.119957 -0.006736
v -0.097123 -0.118345 -0.007027
v -0.120507 -0.098898 -0.006150
v -0.119957 -0.098446 -0.006736
v -0.118345 -0.097123 -0.007027
v -0.137486 -0.073488 -0.006150
v -0.136858 -0.073152 -0.006736
v -0.135019 -0.072169 -0.007027
v -0.149180 -0.045253 -0.006150
v -0.148499 -0.045047 -0.006736
v -0.146504 -0.044442 -0.007027
v -0.155142 -0.015280 -0.006150
v -0.154434 -0.015210 -0.006736
v -0.152359 -0.015006 -0.007027
v -0.155142 0.015280 -0.006150
v -0.154434 0.015210 -0.006736
v -0.152359 0.015006 -0.007027
v -0.149180 0.045253 -0.006150
v -0.148499 0.045047 -0.006736
v -0.146504 0.044442 -0.007027
v -0.137485 0.073488 -0.006150
v -0.136858 0.073152 -0.006736
v -0.135019 0.072169 -0.007027
v -0.120507 0.098898 -0.006150
v -0.119957 0.098446 -0.006736
v -0.118345 0.097123 -0.007027
v -0.098897 0.120507 -0.006150
v -0.098446 0.119957 -0.006736
v -0.097123 0.118345 -0.007027
v -0.073487 0.137485 -0.006150
v -0.073152 0.136858 -0.006736
v -0.072169 0.135019 -0.007028
v -0.045253 0.149180 -0.006150
v -0.045047 0.148499 -0.006736
v -0.044441 0.146504 -0.007028
v -0.015280 0.155142 -0.006150
v -0.015210 0.154434 -0.006736
v -0.015006 0.152359 -0.007028
v 0.015280 0.155142 -0.006150
v 0.015211 0.154434 -0.006736
v 0.015006 0.152359 -0.007028
v 0.045254 0.149180 -0.006150
v 0.045047 0.148499 -0.006736
v 0.044442 0.146504 -0.007028
v 0.073488 0.137485 -0.006150
v 0.073152 0.136858 -0.006736
v 0.072169 0.135019 -0.007028
v 0.098898 0.120507 -0.006150
v 0.098446 0.119957 -0.006736
v 0.097124 0.118345 -0.007028
v 0.120507 0.098897 -0.006150
v 0.119957 0.098446 -0.006736
v 0.118345 0.097123 -0.007028
v 0.137486 0.073487 -0.006150
v 0.136858 0.073152 -0.006736
v 0.135019 0.072169 -0.007028
v 0.149180 0.045253 -0.006150
v 0.148499 0.045046 -0.006736
v 0.146504 0.044441 -0.007028
v 0.155142 0.015280 -0.006150
v 0.154434 0.015210 -0.006736
v 0.152359 0.015006 -0.007028
v 0.093415 -0.009201 -0.007030
v 0.091314 -0.008994 -0.006749
v 0.090550 -0.008918 -0.006178
v 0.089825 -0.027248 -0.007030
v 0.087805 -0.026635 -0.006749
v 0.087070 -0.026412 -0.006178
v 0.082783 -0.044248 -0.007030
v 0.080921 -0.043253 -0.006749
v 0.080244 -0.042891 -0.006178
v 0.072560 -0.059548 -0.007030
v 0.070928 -0.058209 -0.006749
v 0.070335 -0.057722 -0.006178
v 0.059548 -0.072560 -0.007030
v 0.058209 -0.070928 -0.006749
v 0.057722 -0.070335 -0.006178
v 0.044248 -0.082783 -0.007030
v 0.043253 -0.080921 -0.006749
v 0.042891 -0.080244 -0.006178
v 0.027248 -0.089825 -0.007030
v 0.026635 -0.087805 -0.006749
v 0.026412 -0.087070 -0.006178
v 0.009201 -0.093415 -0.007030
v 0.008994 -0.091314 -0.006749
v 0.008918 -0.090550 -0.006178
v -0.009201 -0.093415 -0.007030
v -0.008994 -0.091314 -0.006749
v -0.008918 -0.090550 -0.006178
v -0.027248 -0.089825 -0.007030
v -0.026635 -0.087805 -0.006749
v -0.026412 -0.087070 -0.006178
v -0.044248 -0.082783 -0.007030
v -0.043253 -0.080921 -0.006749
v -0.042891 -0.080244 -0.006178
v -0.059548 -0.072560 -0.007030
v -0.058209 -0.070928 -0.006749
v -0.057722 -0.070335 -0.006178
v -0.072560 -0.059548 -0.007030
v -0.070928 -0.058209 -0.006749
v -0.070335 -0.057722 -0.006178
v -0.082783 -0.044248 -0.007030
v -0.080921 -0.043253 -0.006749
v -0.080244 -0.042891 -0.006178
v -0.089825 -0.027248 -0.007030
v -0.087805 -0.026635 -0.006749
v -0.087070 -0.026412 -0.006178
v -0.093415 -0.009201 -0.007030
v -0.091314 -0.008994 -0.006749
v -0.090550 -0.008918 -0.006178
v -0.093415 0.009201 -0.007030
v -0.091314 0.008994 -0.006749
v -0.090550 0.008918 -0.006178
v -0.089825 0.027248 -0.007030
v -0.087805 0.026635 -0.006749
v -0.087070 0.026412 -0.006178
v -0.082783 0.044248 -0.007030
v -0.080921 0.043253 -0.006749
v -0.080244 0.042891 -0.006178
v -0.072560 0.059548 -0.007030
v -0.070928 0.058209 -0.006749
v -0.070335 0.057722 -0.006178
v -0.059548 0.072560 -0.007030
v -0.058209 0.070928 -0.006749
v -0.057722 0.070335 -0.006178
v -0.044248 0.082783 -0.007030
v -0.043253 0.080921 -0.006749
v -0.042891 0.080244 -0.006178
v -0.027248 0.089825 -0.007030
v -0.026635 0.087805 -0.006749
v -0.026412 0.087070 -0.006178
v -0.009200 0.093415 -0.007030
v -0.008994 0.091314 -0.006749
v -0.008918 0.090550 -0.006178
v 0.009201 0.093415 -0.007031
v 0.008994 0.091314 -0.006749
v 0.008918 0.090550 -0.006178
v 0.027248 0.089825 -0.007031
v 0.026635 0.087805 -0.006749
v 0.026413 0.087070 -0.006178
v 0.044249 0.082783 -0.007031
v 0.043253 0.080921 -0.006749
v 0.042892 0.080244 -0.006178
v 0.059548 0.072560 -0.007031
v 0.058209 0.070928 -0.006749
v 0.057722 0.070335 -0.006178
v 0.072560 0.059548 -0.007031
v 0.070928 0.058209 -0.006749
v 0.070335 0.057722 -0.006178
v 0.082783 0.044248 -0.007031
v 0.080921 0.043253 -0.006749
v 0.080244 0.042891 -0.006178
v 0.089825 0.027248 -0.007031
v 0.087805 0.026635 -0.006749
v 0.087070 0.026412 -0.006178
v 0.093415 0.009200 -0.007031
v 0.091314 0.008993 -0.006749
v 0.090550 0.008918 -0.006178
v 0.086925 -0.008561 -0.000937
v 0.086162 -0.008486 -0.000365
v 0.084246 -0.008298 -0.000084
v 0.083585 -0.025355 -0.000937
v 0.082850 -0.025132 -0.000365
v 0.081009 -0.024574 -0.000084
v 0.077032 -0.041175 -0.000937
v 0.076355 -0.040813 -0.000365
v 0.074658 -0.039906 -0.000084
v 0.067519 -0.055412 -0.000937
v 0.066926 -0.054925 -0.000365
v 0.065438 -0.053704 -0.000084
v 0.055412 -0.067519 -0.000937
v 0.054925 -0.066926 -0.000365
v 0.053704 -0.065438 -0.000084
v 0.041175 -0.077032 -0.000937
v 0.040813 -0.076355 -0.000365
v 0.039906 -0.074658 -0.000084
v 0.025355 -0.083585 -0.000937
v 0.025132 -0.082850 -0.000365
v 0.024574 -0.081009 -0.000084
v 0.008561 -0.086925 -0.000937
v 0.008486 -0.086162 -0.000365
v 0.008298 -0.084246 -0.000084
v -0.008561 -0.086925 -0.000937
v -0.008486 -0.086162 -0.000365
v -0.008298 -0.084246 -0.000084
v -0.025355 -0.083585 -0.000937
v -0.025132 -0.082850 -0.000365
v -0.024574 -0.081009 -0.000084
v -0.041175 -0.077032 -0.000937
v -0.040813 -0.076355 -0.000365
v -0.039906 -0.074658 -0.000084
v -0.055412 -0.067519 -0.000937
v -0.054925 -0.066926 -0.000365
v -0.053704 -0.065438 -0.000084
v -0.067519 -0.055412 -0.000937
v -0.066926 -0.054925 -0.000365
v -0.065438 -0.053704 -0.000084
v -0.077032 -0.041175 -0.000937
v -0.076355 -0.040813 -0.000365
v -0.074658 -0.039906 -0.000084
v -0.083585 -0.025355 -0.000937
v -0.082850 -0.025132 -0.000365
v -0.081009 -0.024574 -0.000084
v -0.086925 -0.008561 -0.000937
v -0.086161 -0.008486 -0.000365
v -0.084246 -0.008298 -0.000084
v -0.086925 0.008561 -0.000937
v -0.086161 0.008486 -0.000365
v -0.084246 0.008298 -0.000084
v -0.083585 0.025355 -0.000937
v -0.082850 0.025132 -0.000365
v -0.081009 0.024574 -0.000084
v -0.077032 0.041175 -0.000937
v -0.076355 0.040813 -0.000365
v -0.074658 0.039906 -0.000084
v -0.067519 0.055412 -0.000937
v -0.066926 0.054925 -0.000365
v -0.065438 0.053704 -0.000084
v -0.055412 0.067519 -0.000937
v -0.054925 0.066926 -0.000365
v -0.053704 0.065438 -0.000084
v -0.041175 0.077032 -0.000937
v -0.040813 0.076355 -0.000365
v -0.039906 0.074658 -0.000084
v -0.025355 0.083585 -0.000937
v -0.025132 0.082850 -0.000365
v -0.024574 0.081009 -0.000084
v -0.008561 0.086925 -0.000937
v -0.008486 0.086161 -0.000365
v -0.008297 0.084246 -0.000084
v 0.008561 0.086925 -0.000937
v 0.008486 0.086161 -0.000365
v 0.008298 0.084246 -0.000084
v 0.025355 0.083585 -0.000937
v 0.025132 0.082850 -0.000365
v 0.024574 0.081009 -0.000084
v 0.041175 0.077032 -0.000937
v 0.040813 0.076355 -0.000365
v 0.039906 0.074658 -0.000084
v 0.055412 0.067519 -0.000937
v 0.054925 0.066926 -0.000365
v 0.053704 0.065438 -0.000084
v 0.067519 0.055412 -0.000937
v 0.066926 0.054925 -0.000365
v 0.065438 0.053704 -0.000084
v 0.077032 0.041174 -0.000937
v 0.076355 0.040813 -0.000365
v 0.074658 0.039905 -0.000084
v 0.083585 0.025355 -0.000937
v 0.082850 0.025132 -0.000365
v 0.081009 0.024574 -0.000084
v 0.086925 0.008561 -0.000937
v 0.086162 0.008486 -0.000365
v 0.084246 0.008297 -0.000084
v 0.032813 -0.003232 -0.000095
v 0.032156 -0.003167 -0.000412
v 0.031761 -0.003128 -0.001372
v 0.031552 -0.009571 -0.000095
v 0.030920 -0.009380 -0.000412
v 0.030540 -0.009264 -0.001372
v 0.029078 -0.015543 -0.000095
v 0.028496 -0.015232 -0.000412
v 0.028146 -0.015044 -0.001372
v 0.025487 -0.020917 -0.000095
v 0.024977 -0.020498 -0.000412
v 0.024670 -0.020246 -0.001372
v 0.020917 -0.025488 -0.000095
v 0.020498 -0.024977 -0.000412
v 0.020246 -0.024670 -0.001372
v 0.015543 -0.029078 -0.000095
v 0.015232 -0.028496 -0.000412
v 0.015044 -0.028146 -0.001372
v 0.009571 -0.031552 -0.000095
v 0.009380 -0.030920 -0.000412
v 0.009264 -0.030540 -0.001372
v 0.003232 -0.032813 -0.000095
v 0.003167 -0.032156 -0.000412
v 0.003128 -0.031761 -0.001372
v -0.003232 -0.032813 -0.000095
v -0.003167 -0.032156 -0.000412
v -0.003128 -0.031761 -0.001372
v -0.009571 -0.031552 -0.000095
v -0.009380 -0.030920 -0.000412
v -0.009264 -0.030540 -0.001372
v -0.015543 -0.029078 -0.000095
v -0.015232 -0.028496 -0.000412
v -0.015044 -0.028146 -0.001372
v -0.020917 -0.025488 -0.000095
v -0.020498 -0.024977 -0.000412
v -0.020246 -0.024670 -0.001372
v -0.025487 -0.020917 -0.000095
v -0.024977 -0.020498 -0.000412
v -0.024670 -0.020246 -0.001372
v -0.029078 -0.015543 -0.000095
v -0.028496 -0.015232 -0.000412
v -0.028146 -0.015044 -0.001372
v -0.031552 -0.009571 -0.000095
v -0.030920 -0.009380 -0.000412
v -0.030540 -0.009264 -0.001372
v -0.032813 -0.003232 -0.000095
v -0.032156 -0.003167 -0.000412
v -0.031761 -0.003128 -0.001372
v -0.032813 0.003232 -0.000095
v -0.032156 0.003167 -0.000412
v -0.031761 0.003128 -0.001372
v -0.031552 0.009571 -0.000095
v -0.030920 0.009380 -0.000412
v -0.030540 0.009264 -0.001372
v -0.029078 0.015543 -0.000095
v -0.028496 0.015232 -0.000412
v -0.028146 0.015044 -0.001372
v -0.025487 0.020917 -0.000095
v -0.024977 0.020498 -0.000412
v -0.024670 0.020246 -0.001372
v -0.020917 0.025487 -0.000095
v -0.020498 0.024977 -0.000412
v -0.020246 0.024670 -0.001372
v -0.015543 0.029078 -0.000095
v -0.015232 0.028496 -0.000412
v -0.015044 0.028146 -0.001372
v -0.009571 0.031552 -0.000095
v -0.009380 0.030920 -0.000412
v -0.009264 0.030540 -0.001372
v -0.003232 0.032813 -0.000095
v -0.003167 0.032156 -0.000412
v -0.003128 0.031761 -0.001372
v 0.003232 0.032813 -0.000095
v 0.003167 0.032156 -0.000412
v 0.003128 0.031761 -0.001372
v 0.009571 0.031552 -0.000095
v 0.009380 0.030920 -0.000412
v 0.009264 0.030540 -0.001372
v 0.015543 0.029078 -0.000095
v 0.015232 0.028496 -0.000412
v 0.015044 0.028146 -0.001372
v 0.020917 0.025487 -0.000095
v 0.020498 0.024977 -0.000412
v 0.020246 0.024670 -0.001372
v 0.025488 0.020917 -0.000095
v 0.024977 0.020498 -0.000412
v 0.024670 0.020246 -0.001372
v 0.029078 0.015543 -0.000095
v 0.028496 0.015232 -0.000412
v 0.028146 0.015044 -0.001372
v 0.031552 0.009571 -0.000095
v 0.030920 0.009379 -0.000412
v 0.030540 0.009264 -0.001372
v 0.032813 0.003232 -0.000095
v 0.032156 0.003167 -0.000412
v 0.031761 0.003128 -0.001372
v 0.173682 -0.017106 -0.043873
s 1
f 1794 1752 89
f 25 5185 1794
f 5185 24 1793
f 1752 1793 88
f 1796 1739 76
f 12 5186 1796
f 5186 11 1795
f 5186 75 1739
f 1797 1753 90
f 26 5187 1797
f 5187 25 1794
f 1753 1794 89
f 1798 1740 77
f 13 5188 1798
f 5188 12 1796
f 1740 1796 76
f 1799 1754 91
f 27 5189 1799
f 5189 26 1797
f 1754 1797 90
f 1800 1741 78
f 14 5190 1800
f 5190 13 1798
f 1741 1798 77
f 92 5191 1755
f 28 5191 1801
f 5191 27 1799
f 1755 1799 91
f 1802 1742 79
f 15 5192 1802
f 5192 14 1800
f 1742 1800 78
f 1804 1729 66
f 2 5193 1804
f 5193 1 1803
f 1729 1803 65
f 1805 1756 93
f 29 5194 1805
f 5194 28 1801
f 1756 1801 92
f 1806 1743 80
f 16 5195 1806
f 5195 15 1802
f 1743 1802 79
f 1807 1730 67
f 3 5196 1807
f 5196 2 1804
f 1730 1804 66
f 1808 1757 94
f 30 5197 1808
f 5197 29 1805
f 1757 1805 93
f 1809 1744 81
f 17 5198 1809
f 5198 16 1806
f 1744 1806 80
f 1810 1731 68
f 4 5199 1810
f 5199 3 1807
f 5199 67 1731
f 1811 1758 95
f 31 5200 1811
f 5200 30 1808
f 1758 1808 94
f 1812 1745 82
f 18 5201 1812
f 5201 17 1809
f 1745 1809 81
f 1813 1732 69
f 5 5202 1813
f 5202 4 1810
f 5202 68 1732
f 1814 1759 96
f 32 5203 1814
f 5203 31 1811
f 1759 1811 95
f 1815 1746 83
f 19 5204 1815
f 5204 18 1812
f 1746 1812 82
f 70 5205 1733
f 6 5205 1816
f 5205 5 1813
f 1733 1813 69
f 1803 1760 65
f 1 5206 1803
f 5206 32 1814
f 1760 1814 96
f 1817 1747 84
f 20 5207 1817
f 5207 19 1815
f 1747 1815 83
f 71 5208 1734
f 7 5208 1818
f 5208 6 1816
f 1734 1816 70
f 85 5209 1748
f 21 5209 1819
f 5209 20 1817
f 1748 1817 84
f 1820 1735 72
f 8 5210 1820
f 5210 7 1818
f 1735 1818 71
f 86 5211 1749
f 22 5211 1821
f 5211 21 1819
f 1749 1819 85
f 1822 1736 73
f 9 5212 1822
f 5212 8 1820
f 1736 1820 72
f 1823 1750 87
f 23 5213 1823
f 5213 22 1821
f 1750 1821 86
f 1824 1737 74
f 10 5214 1824
f 5214 9 1822
f 1737 1822 73
f 1793 1751 88
f 24 5215 1793
f 5215 23 1823
f 1751 1823 87
f 1795 1738 75
f 11 5216 1795
f 5216 10 1824
f 1738 1824 74
f 4715 2122 274
f 401 5217 4715
f 5217 397 4713
f 2122 4713 270
f 4689 2031 222
f 349 5218 4689
f 5218 345 4687
f 2031 4687 218
f 4717 2129 278
f 405 5219 4717
f 5219 401 4715
f 2129 4715 274
f 4691 2038 226
f 353 5220 4691
f 5220 349 4689
f 2038 4689 222
f 4719 2136 282
f 409 5221 4719
f 5221 405 4717
f 2136 4717 278
f 4693 2045 230
f 357 5222 4693
f 5222 353 4691
f 2045 4691 226
f 4721 2143 286
f 413 5223 4721
f 5223 409 4719
f 2143 4719 282
f 4695 2052 234
f 361 5224 4695
f 5224 357 4693
f 2052 4693 230
f 4723 2150 290
f 417 5225 4723
f 5225 413 4721
f 2150 4721 286
f 4697 2059 238
f 365 5226 4697
f 5226 361 4695
f 2059 4695 234
f 4725 2157 294
f 421 5227 4725
f 5227 417 4723
f 2157 4723 290
f 4699 2066 242
f 369 5228 4699
f 5228 365 4697
f 2066 4697 238
f 4727 2164 298
f 425 5229 4727
f 5229 421 4725
f 2164 4725 294
f 4701 2073 246
f 373 5230 4701
f 5230 369 4699
f 2073 4699 242
f 4729 2171 302
f 429 5231 4729
f 5231 425 4727
f 2171 4727 298
f 4703 2080 250
f 377 5232 4703
f 5232 373 4701
f 2080 4701 246
f 4731 2178 306
f 433 5233 4731
f 5233 429 4729
f 2178 4729 302
f 4705 2087 254
f 381 5234 4705
f 5234 377 4703
f 2087 4703 250
f 4674 2205 193
f 322 5235 4674
f 5235 445 4678
f 2205 4678 318
f 4733 2185 310
f 437 5236 4733
f 5236 433 4731
f 2185 4731 306
f 4707 2094 258
f 385 5237 4707
f 5237 381 4705
f 2094 4705 254
f 4681 2003 206
f 333 5238 4681
f 5238 329 4679
f 2003 4679 202
f 4735 2192 314
f 441 5239 4735
f 5239 437 4733
f 2192 4733 310
f 4709 2101 262
f 389 5240 4709
f 5240 385 4707
f 2101 4707 258
f 4683 2010 210
f 337 5241 4683
f 5241 333 4681
f 2010 4681 206
f 4678 2199 318
f 445 5242 4678
f 5242 441 4735
f 2199 4735 314
f 4711 2108 266
f 393 5243 4711
f 5243 389 4709
f 2108 4709 262
f 4685 2017 214
f 341 5244 4685
f 5244 337 4683
f 2017 4683 210
f 4737 2210 326
f 453 5245 4737
f 5245 450 4738
f 2210 4738 321
f 4713 2115 270
f 397 5246 4713
f 5246 393 4711
f 2115 4711 266
f 4687 2024 218
f 345 5247 4687
f 5247 341 4685
f 2024 4685 214
f 4677 1761 2
f 197 5248 4677
f 5248 194 4675
f 1761 4675 1
f 4720 1782 23
f 281 5249 4720
f 5249 277 4718
f 1782 4718 22
f 4694 1769 10
f 229 5250 4694
f 5250 225 4692
f 1769 4692 9
f 4722 1783 24
f 285 5251 4722
f 5251 281 4720
f 1783 4720 23
f 4696 1770 11
f 233 5252 4696
f 5252 229 4694
f 1770 4694 10
f 4724 1784 25
f 289 5253 4724
f 5253 285 4722
f 1784 4722 24
f 4698 1771 12
f 237 5254 4698
f 5254 233 4696
f 1771 4696 11
f 4726 1785 26
f 293 5255 4726
f 5255 289 4724
f 1785 4724 25
f 4700 1772 13
f 241 5256 4700
f 5256 237 4698
f 1772 4698 12
f 4728 1786 27
f 297 5257 4728
f 5257 293 4726
f 1786 4726 26
f 4702 1773 14
f 245 5258 4702
f 5258 241 4700
f 1773 4700 13
f 4730 1787 28
f 301 5259 4730
f 5259 297 4728
f 1787 4728 27
f 4704 1774 15
f 249 5260 4704
f 5260 245 4702
f 1774 4702 14
f 4675 1792 1
f 194 5261 4675
f 5261 317 4676
f 1792 4676 32
f 4732 1788 29
f 305 5262 4732
f 5262 301 4730
f 1788 4730 28
f 4706 1775 16
f 253 5263 4706
f 5263 249 4704
f 1775 4704 15
f 4680 1762 3
f 201 5264 4680
f 5264 197 4677
f 1762 4677 2
f 4734 1789 30
f 309 5265 4734
f 5265 305 4732
f 1789 4732 29
f 4708 1776 17
f 257 5266 4708
f 5266 253 4706
f 1776 4706 16
f 4682 1763 4
f 205 5267 4682
f 5267 201 4680
f 1763 4680 3
f 4736 1790 31
f 313 5268 4736
f 5268 309 4734
f 1790 4734 30
f 4710 1777 18
f 261 5269 4710
f 5269 257 4708
f 1777 4708 17
f 4684 1764 5
f 209 5270 4684
f 5270 205 4682
f 1764 4682 4
f 4676 1791 32
f 317 5271 4676
f 5271 313 4736
f 1791 4736 31
f 4712 1778 19
f 265 5272 4712
f 5272 261 4710
f 1778 4710 18
f 4686 1765 6
f 213 5273 4686
f 5273 209 4684
f 1765 4684 5
f 4679 1996 202
f 329 5274 4679
f 5274 325 4673
f 1996 4673 198
f 4714 1779 20
f 269 5275 4714
f 5275 265 4712
f 1779 4712 19
f 4688 1766 7
f 217 5276 4688
f 5276 213 4686
f 1766 4686 6
f 4716 1780 21
f 273 5277 4716
f 5277 269 4714
f 1780 4714 20
f 4690 1767 8
f 221 5278 4690
f 5278 217 4688
f 1767 4688 7
f 4718 1781 22
f 277 5279 4718
f 5279 273 4716
f 1781 4716 21
f 4692 1768 9
f 225 5280 4692
f 5280 221 4690
f 1768 4690 8
f 4764 2388 426
f 553 5281 4764
f 5281 549 4763
f 2388 4763 422
f 4751 2297 374
f 501 5282 4751
f 5282 497 4750
f 2297 4750 370
f 4765 2395 430
f 557 5283 4765
f 5283 553 4764
f 2395 4764 426
f 4752 2304 378
f 505 5284 4752
f 5284 501 4751
f 2304 4751 374
f 4766 2402 434
f 561 5285 4766
f 5285 557 4765
f 2402 4765 430
f 4753 2311 382
f 509 5286 4753
f 5286 505 4752
f 2311 4752 378
f 4738 2429 321
f 450 5287 4738
f 5287 573 4739
f 2429 4739 446
f 4767 2409 438
f 565 5288 4767
f 5288 561 4766
f 2409 4766 434
f 4754 2318 386
f 513 5289 4754
f 5289 509 4753
f 2318 4753 382
f 4741 2227 334
f 461 5290 4741
f 5290 457 4740
f 2227 4740 330
f 4768 2416 442
f 569 5291 4768
f 5291 565 4767
f 2416 4767 438
f 4755 2325 390
f 517 5292 4755
f 5292 513 4754
f 2325 4754 386
f 4742 2234 338
f 465 5293 4742
f 5293 461 4741
f 2234 4741 334
f 4739 2423 446
f 573 5294 4739
f 5294 569 4768
f 2423 4768 442
f 4756 2332 394
f 521 5295 4756
f 5295 517 4755
f 2332 4755 390
f 4743 2241 342
f 469 5296 4743
f 5296 465 4742
f 2241 4742 338
f 4769 2434 454
f 581 5297 4769
f 5297 578 4770
f 2434 4770 449
f 4757 2339 398
f 525 5298 4757
f 5298 521 4756
f 2339 4756 394
f 4744 2248 346
f 473 5299 4744
f 5299 469 4743
f 2248 4743 342
f 4740 2220 330
f 457 5300 4740
f 5300 453 4737
f 2220 4737 326
f 4758 2346 402
f 529 5301 4758
f 5301 525 4757
f 2346 4757 398
f 4745 2255 350
f 477 5302 4745
f 5302 473 4744
f 2255 4744 346
f 4759 2353 406
f 533 5303 4759
f 5303 529 4758
f 2353 4758 402
f 4746 2262 354
f 481 5304 4746
f 5304 477 4745
f 2262 4745 350
f 4760 2360 410
f 537 5305 4760
f 5305 533 4759
f 2360 4759 406
f 4747 2269 358
f 485 5306 4747
f 5306 481 4746
f 2269 4746 354
f 4761 2367 414
f 541 5307 4761
f 5307 537 4760
f 2367 4760 410
f 4748 2276 362
f 489 5308 4748
f 5308 485 4747
f 2276 4747 358
f 4762 2374 418
f 545 5309 4762
f 5309 541 4761
f 2374 4761 414
f 4749 2283 366
f 493 5310 4749
f 5310 489 4748
f 2283 4748 362
f 4763 2381 422
f 549 5311 4763
f 5311 545 4762
f 2381 4762 418
f 4750 2290 370
f 497 5312 4750
f 5312 493 4749
f 2290 4749 366
f 4770 2653 449
f 578 5313 4770
f 5313 701 4771
f 2653 4771 574
f 4799 2633 566
f 693 5314 4799
f 5314 689 4798
f 2633 4798 562
f 4786 2542 514
f 641 5315 4786
f 5315 637 4785
f 2542 4785 510
f 4773 2451 462
f 589 5316 4773
f 5316 585 4772
f 2451 4772 458
f 4800 2640 570
f 697 5317 4800
f 5317 693 4799
f 2640 4799 566
f 4787 2549 518
f 645 5318 4787
f 5318 641 4786
f 2549 4786 514
f 4774 2458 466
f 593 5319 4774
f 5319 589 4773
f 2458 4773 462
f 4771 2647 574
f 701 5320 4771
f 5320 697 4800
f 2647 4800 570
f 4788 2556 522
f 649 5321 4788
f 5321 645 4787
f 2556 4787 518
f 4775 2465 470
f 597 5322 4775
f 5322 593 4774
f 2465 4774 466
f 4801 2658 582
f 709 5323 4801
f 5323 706 4802
f 2658 4802 577
f 4789 2563 526
f 653 5324 4789
f 5324 649 4788
f 2563 4788 522
f 4776 2472 474
f 601 5325 4776
f 5325 597 4775
f 2472 4775 470
f 4772 2444 458
f 585 5326 4772
f 5326 581 4769
f 2444 4769 454
f 4790 2570 530
f 657 5327 4790
f 5327 653 4789
f 2570 4789 526
f 4777 2479 478
f 605 5328 4777
f 5328 601 4776
f 2479 4776 474
f 4791 2577 534
f 661 5329 4791
f 5329 657 4790
f 2577 4790 530
f 4778 2486 482
f 609 5330 4778
f 5330 605 4777
f 2486 4777 478
f 4792 2584 538
f 665 5331 4792
f 5331 661 4791
f 2584 4791 534
f 4779 2493 486
f 613 5332 4779
f 5332 609 4778
f 2493 4778 482
f 4793 2591 542
f 669 5333 4793
f 5333 665 4792
f 2591 4792 538
f 4780 2500 490
f 617 5334 4780
f 5334 613 4779
f 2500 4779 486
f 4794 2598 546
f 673 5335 4794
f 5335 669 4793
f 2598 4793 542
f 4781 2507 494
f 621 5336 4781
f 5336 617 4780
f 2507 4780 490
f 4795 2605 550
f 677 5337 4795
f 5337 673 4794
f 2605 4794 546
f 4782 2514 498
f 625 5338 4782
f 5338 621 4781
f 2514 4781 494
f 4796 2612 554
f 681 5339 4796
f 5339 677 4795
f 2612 4795 550
f 4783 2521 502
f 629 5340 4783
f 5340 625 4782
f 2521 4782 498
f 4797 2619 558
f 685 5341 4797
f 5341 681 4796
f 2619 4796 554
f 4784 2528 506
f 633 5342 4784
f 5342 629 4783
f 2528 4783 502
f 4798 2626 562
f 689 5343 4798
f 5343 685 4797
f 2626 4797 558
f 4785 2535 510
f 637 5344 4785
f 5344 633 4784
f 2535 4784 506
f 4807 2689 598
f 725 5345 4807
f 5345 721 4806
f 2689 4806 594
f 4833 2882 710
f 34 5346 4833
f 5346 33 4834
f 2882 4834 705
f 4821 2787 654
f 781 5347 4821
f 5347 777 4820
f 2787 4820 650
f 4808 2696 602
f 729 5348 4808
f 5348 725 4807
f 2696 4807 598
f 4804 2668 586
f 713 5349 4804
f 5349 709 4801
f 2668 4801 582
f 4822 2794 658
f 785 5350 4822
f 5350 781 4821
f 2794 4821 654
f 4809 2703 606
f 733 5351 4809
f 5351 729 4808
f 2703 4808 602
f 4823 2801 662
f 789 5352 4823
f 5352 785 4822
f 2801 4822 658
f 4810 2710 610
f 737 5353 4810
f 5353 733 4809
f 2710 4809 606
f 4824 2808 666
f 793 5354 4824
f 5354 789 4823
f 2808 4823 662
f 4811 2717 614
f 741 5355 4811
f 5355 737 4810
f 2717 4810 610
f 4825 2815 670
f 797 5356 4825
f 5356 793 4824
f 2815 4824 666
f 4812 2724 618
f 745 5357 4812
f 5357 741 4811
f 2724 4811 614
f 4826 2822 674
f 801 5358 4826
f 5358 797 4825
f 2822 4825 670
f 4813 2731 622
f 749 5359 4813
f 5359 745 4812
f 2731 4812 618
f 4827 2829 678
f 805 5360 4827
f 5360 801 4826
f 2829 4826 674
f 4814 2738 626
f 753 5361 4814
f 5361 749 4813
f 2738 4813 622
f 4828 2836 682
f 809 5362 4828
f 5362 805 4827
f 2836 4827 678
f 4815 2745 630
f 757 5363 4815
f 5363 753 4814
f 2745 4814 626
f 4829 2843 686
f 813 5364 4829
f 5364 809 4828
f 2843 4828 682
f 4816 2752 634
f 761 5365 4816
f 5365 757 4815
f 2752 4815 630
f 4830 2850 690
f 817 5366 4830
f 5366 813 4829
f 2850 4829 686
f 4817 2759 638
f 765 5367 4817
f 5367 761 4816
f 2759 4816 634
f 4802 2877 577
f 706 5368 4802
f 5368 829 4803
f 2877 4803 702
f 4831 2857 694
f 821 5369 4831
f 5369 817 4830
f 2857 4830 690
f 4818 2766 642
f 769 5370 4818
f 5370 765 4817
f 2766 4817 638
f 4805 2675 590
f 717 5371 4805
f 5371 713 4804
f 2675 4804 586
f 4832 2864 698
f 825 5372 4832
f 5372 821 4831
f 2864 4831 694
f 4819 2773 646
f 773 5373 4819
f 5373 769 4818
f 2773 4818 642
f 4806 2682 594
f 721 5374 4806
f 5374 717 4805
f 2682 4805 590
f 4803 2871 702
f 829 5375 4803
f 5375 825 4832
f 2871 4832 698
f 4820 2780 650
f 777 5376 4820
f 5376 773 4819
f 2780 4819 646
f 4842 2934 738
f 41 5377 4842
f 5377 40 4841
f 2934 4841 734
f 4856 3032 794
f 55 5378 4856
f 5378 54 4855
f 3032 4855 790
f 4843 2941 742
f 42 5379 4843
f 5379 41 4842
f 2941 4842 738
f 4857 3039 798
f 56 5380 4857
f 5380 55 4856
f 3039 4856 794
f 4844 2948 746
f 43 5381 4844
f 5381 42 4843
f 2948 4843 742
f 4858 3046 802
f 57 5382 4858
f 5382 56 4857
f 3046 4857 798
f 4845 2955 750
f 44 5383 4845
f 5383 43 4844
f 2955 4844 746
f 4859 3053 806
f 58 5384 4859
f 5384 57 4858
f 3053 4858 802
f 4846 2962 754
f 45 5385 4846
f 5385 44 4845
f 2962 4845 750
f 4860 3060 810
f 59 5386 4860
f 5386 58 4859
f 3060 4859 806
f 4847 2969 758
f 46 5387 4847
f 5387 45 4846
f 2969 4846 754
f 4861 3067 814
f 60 5388 4861
f 5388 59 4860
f 3067 4860 810
f 4848 2976 762
f 47 5389 4848
f 5389 46 4847
f 2976 4847 758
f 4862 3074 818
f 61 5390 4862
f 5390 60 4861
f 3074 4861 814
f 4849 2983 766
f 48 5391 4849
f 5391 47 4848
f 2983 4848 762
f 4834 3101 705
f 33 5392 4834
f 5392 64 4835
f 3101 4835 830
f 4863 3081 822
f 62 5393 4863
f 5393 61 4862
f 3081 4862 818
f 4850 2990 770
f 49 5394 4850
f 5394 48 4849
f 2990 4849 766
f 4837 2899 718
f 36 5395 4837
f 5395 35 4836
f 2899 4836 714
f 4864 3088 826
f 63 5396 4864
f 5396 62 4863
f 3088 4863 822
f 4851 2997 774
f 50 5397 4851
f 5397 49 4850
f 2997 4850 770
f 4838 2906 722
f 37 5398 4838
f 5398 36 4837
f 2906 4837 718
f 4835 3095 830
f 64 5399 4835
f 5399 63 4864
f 3095 4864 826
f 4852 3004 778
f 51 5400 4852
f 5400 50 4851
f 3004 4851 774
f 4839 2913 726
f 38 5401 4839
f 5401 37 4838
f 2913 4838 722
f 4865 3106 838
f 4865 1857 5402
f 1857 4866 5402
f 5402 833 3106
f 4853 3011 782
f 52 5403 4853
f 5403 51 4852
f 3011 4852 778
f 4840 2920 730
f 39 5404 4840
f 5404 38 4839
f 2920 4839 726
f 4836 2892 714
f 35 5405 4836
f 5405 34 4833
f 2892 4833 710
f 4854 3018 786
f 53 5406 4854
f 5406 52 4853
f 3018 4853 782
f 4841 2927 734
f 40 5407 4841
f 5407 39 4840
f 2927 4840 730
f 4855 3025 790
f 54 5408 4855
f 5408 53 4854
f 3025 4854 786
f 4889 3179 878
f 4889 1867 5409
f 1867 4887 5409
f 5409 874 3179
f 934 5410 3277
f 186 5410 4917
f 1881 4915 5410
f 5410 930 3277
f 4891 3186 882
f 173 5411 4891
f 5411 172 4889
f 5411 878 3186
f 4919 3284 938
f 187 5412 4919
f 1882 4917 5412
f 3284 4917 934
f 886 5413 3193
f 174 5413 4893
f 5413 173 4891
f 3193 4891 882
f 4921 3291 942
f 188 5414 4921
f 1883 4919 5414
f 3291 4919 938
f 890 5415 3200
f 175 5415 4895
f 1870 4893 5415
f 5415 886 3200
f 4923 3298 946
f 189 5416 4923
f 1884 4921 5416
f 5416 942 3298
f 894 5417 3207
f 176 5417 4897
f 5417 175 4895
f 3207 4895 890
f 4866 3325 833
f 4866 1888 5418
f 1888 4870 5418
f 3325 4870 958
f 4925 3305 950
f 190 5419 4925
f 1885 4923 5419
f 3305 4923 946
f 898 5420 3214
f 4899 1872 5420
f 1872 4897 5420
f 5420 894 3214
f 846 5421 3123
f 4873 1859 5421
f 1859 4871 5421
f 5421 842 3123
f 4927 3312 954
f 191 5422 4927
f 1886 4925 5422
f 3312 4925 950
f 902 5423 3221
f 178 5423 4901
f 1873 4899 5423
f 3221 4899 898
f 4875 3130 850
f 4875 1860 5424
f 1860 4873 5424
f 3130 4873 846
f 4870 3319 958
f 192 5425 4870
f 1887 4927 5425
f 5425 954 3319
f 906 5426 3228
f 4903 1874 5426
f 1874 4901 5426
f 5426 902 3228
f 854 5427 3137
f 4877 1861 5427
f 1861 4875 5427
f 5427 850 3137
f 3338 4929 965
f 3338 4930 5428
f 5428 1089 3554
f 5428 1094 4929
f 4905 3235 910
f 4905 1875 5429
f 1875 4903 5429
f 5429 906 3235
f 858 5430 3144
f 4879 1862 5430
f 1862 4877 5430
f 5430 854 3144
f 4869 1825 34
f 837 5431 4869
f 5431 834 4867
f 1825 4867 33
f 914 5432 3242
f 4907 1876 5432
f 1876 4905 5432
f 5432 910 3242
f 862 5433 3151
f 4881 1863 5433
f 1863 4879 5433
f 5433 858 3151
f 4909 3249 918
f 4909 1877 5434
f 1877 4907 5434
f 5434 914 3249
f 866 5435 3158
f 4883 1864 5435
f 1864 4881 5435
f 5435 862 3158
f 4911 3256 922
f 183 5436 4911
f 1878 4909 5436
f 5436 918 3256
f 4885 3165 870
f 4885 1865 5437
f 1865 4883 5437
f 5437 866 3165
f 4913 3263 926
f 184 5438 4913
f 1879 4911 5438
f 5438 922 3263
f 874 5439 3172
f 4887 1866 5439
f 1866 4885 5439
f 5439 870 3172
f 4915 3270 930
f 4915 1880 5440
f 1880 4913 5440
f 5440 926 3270
f 4894 1837 46
f 885 5441 4894
f 5441 881 4892
f 1837 4892 45
f 4922 1851 60
f 941 5442 4922
f 5442 937 4920
f 1851 4920 59
f 4896 1838 47
f 889 5443 4896
f 5443 885 4894
f 1838 4894 46
f 4867 1856 33
f 834 5444 4867
f 5444 957 4868
f 1856 4868 64
f 4924 1852 61
f 945 5445 4924
f 5445 941 4922
f 1852 4922 60
f 4898 1839 48
f 893 5446 4898
f 5446 889 4896
f 1839 4896 47
f 4872 1826 35
f 841 5447 4872
f 5447 837 4869
f 1826 4869 34
f 4926 1853 62
f 949 5448 4926
f 5448 945 4924
f 1853 4924 61
f 4900 1840 49
f 897 5449 4900
f 5449 893 4898
f 1840 4898 48
f 4874 1827 36
f 845 5450 4874
f 5450 841 4872
f 1827 4872 35
f 4928 1854 63
f 953 5451 4928
f 5451 949 4926
f 1854 4926 62
f 4902 1841 50
f 901 5452 4902
f 5452 897 4900
f 1841 4900 49
f 4876 1828 37
f 849 5453 4876
f 5453 845 4874
f 1828 4874 36
f 4868 1855 64
f 957 5454 4868
f 5454 953 4928
f 1855 4928 63
f 4904 1842 51
f 905 5455 4904
f 5455 901 4902
f 1842 4902 50
f 4878 1829 38
f 853 5456 4878
f 5456 849 4876
f 1829 4876 37
f 4871 3116 842
f 163 5457 4871
f 1858 4865 5457
f 5457 838 3116
f 4906 1843 52
f 909 5458 4906
f 5458 905 4904
f 1843 4904 51
f 4880 1830 39
f 857 5459 4880
f 5459 853 4878
f 1830 4878 38
f 4908 1844 53
f 913 5460 4908
f 5460 909 4906
f 1844 4906 52
f 4882 1831 40
f 861 5461 4882
f 5461 857 4880
f 1831 4880 39
f 4910 1845 54
f 917 5462 4910
f 5462 913 4908
f 1845 4908 53
f 4884 1832 41
f 865 5463 4884
f 5463 861 4882
f 1832 4882 40
f 4912 1846 55
f 921 5464 4912
f 5464 917 4910
f 1846 4910 54
f 4886 1833 42
f 869 5465 4886
f 5465 865 4884
f 1833 4884 41
f 4914 1847 56
f 925 5466 4914
f 5466 921 4912
f 1847 4912 55
f 4888 1834 43
f 873 5467 4888
f 5467 869 4886
f 1834 4886 42
f 4916 1848 57
f 929 5468 4916
f 5468 925 4914
f 1848 4914 56
f 4890 1835 44
f 877 5469 4890
f 5469 873 4888
f 1835 4888 43
f 4918 1849 58
f 933 5470 4918
f 5470 929 4916
f 1849 4916 57
f 4892 1836 45
f 881 5471 4892
f 5471 877 4890
f 1836 4890 44
f 4920 1850 59
f 937 5472 4920
f 5472 933 4918
f 1850 4918 58
f 1752 1922 89
f 1752 1921 5473
f 5473 120 1912
f 5473 121 1922
f 1739 1924 76
f 1739 1923 5474
f 5474 107 1899
f 5474 108 1924
f 1753 1925 90
f 1753 1922 5475
f 5475 121 1913
f 5475 122 1925
f 1740 1926 77
f 1740 1924 5476
f 5476 108 1900
f 5476 109 1926
f 1754 1927 91
f 1754 1925 5477
f 5477 122 1914
f 5477 123 1927
f 1741 1928 78
f 1741 1926 5478
f 5478 109 1901
f 5478 110 1928
f 1755 1929 92
f 1755 1927 5479
f 5479 123 1915
f 5479 124 1929
f 1742 1930 79
f 1742 1928 5480
f 5480 110 1902
f 5480 111 1930
f 1729 1932 66
f 1729 1931 5481
f 5481 97 1889
f 5481 98 1932
f 1756 1933 93
f 92 5482 1756
f 5482 124 1916
f 5482 125 1933
f 1743 1934 80
f 79 5483 1743
f 5483 111 1903
f 5483 112 1934
f 1730 1935 67
f 1730 1932 5484
f 5484 98 1890
f 5484 99 1935
f 1757 1936 94
f 93 5485 1757
f 5485 125 1917
f 5485 126 1936
f 1744 1937 81
f 1744 1934 5486
f 5486 112 1904
f 5486 113 1937
f 1731 1938 68
f 1731 1935 5487
f 5487 99 1891
f 5487 100 1938
f 1758 1939 95
f 94 5488 1758
f 5488 126 1918
f 5488 127 1939
f 1745 1940 82
f 1745 1937 5489
f 5489 113 1905
f 5489 114 1940
f 1732 1941 69
f 68 5490 1732
f 5490 100 1892
f 5490 101 1941
f 1759 1942 96
f 95 5491 1759
f 5491 127 1919
f 5491 128 1942
f 83 5492 1943
f 1746 1940 5492
f 5492 114 1906
f 5492 115 1943
f 70 5493 1944
f 1733 1941 5493
f 5493 101 1893
f 5493 102 1944
f 1760 1931 65
f 1760 1942 5494
f 5494 128 1920
f 5494 97 1931
f 1747 1945 84
f 1747 1943 5495
f 5495 115 1907
f 5495 116 1945
f 1734 1946 71
f 1734 1944 5496
f 5496 102 1894
f 5496 103 1946
f 1748 1947 85
f 84 5497 1748
f 5497 116 1908
f 5497 117 1947
f 1735 1948 72
f 1735 1946 5498
f 5498 103 1895
f 5498 104 1948
f 86 5499 1949
f 1749 1947 5499
f 5499 117 1909
f 5499 118 1949
f 1736 1950 73
f 1736 1948 5500
f 5500 104 1896
f 5500 105 1950
f 1750 1951 87
f 1750 1949 5501
f 5501 118 1910
f 5501 119 1951
f 1737 1952 74
f 1737 1950 5502
f 5502 105 1897
f 5502 106 1952
f 1751 1921 88
f 1751 1951 5503
f 5503 119 1911
f 5503 120 1921
f 75 5504 1923
f 1738 1952 5504
f 5504 106 1898
f 5504 107 1923
f 3471 4971 1041
f 3471 4969 5505
f 5505 1166 3690
f 5505 1170 4971
f 3380 4945 989
f 3380 4943 5506
f 5506 1114 3599
f 5506 1118 4945
f 3478 4973 1045
f 3478 4971 5507
f 5507 1170 3697
f 5507 1174 4973
f 3387 4947 993
f 3387 4945 5508
f 5508 1118 3606
f 5508 1122 4947
f 3485 4975 1049
f 3485 4973 5509
f 5509 1174 3704
f 5509 1178 4975
f 3394 4949 997
f 3394 4947 5510
f 5510 1122 3613
f 5510 1126 4949
f 3492 4977 1053
f 3492 4975 5511
f 5511 1178 3711
f 5511 1182 4977
f 3401 4951 1001
f 3401 4949 5512
f 5512 1126 3620
f 5512 1130 4951
f 3499 4979 1057
f 3499 4977 5513
f 5513 1182 3718
f 5513 1186 4979
f 3408 4953 1005
f 3408 4951 5514
f 5514 1130 3627
f 5514 1134 4953
f 3506 4981 1061
f 3506 4979 5515
f 5515 1186 3725
f 5515 1190 4981
f 3415 4955 1009
f 3415 4953 5516
f 5516 1134 3634
f 5516 1138 4955
f 3513 4983 1065
f 3513 4981 5517
f 5517 1190 3732
f 5517 1194 4983
f 3422 4957 1013
f 3422 4955 5518
f 5518 1138 3641
f 5518 1142 4957
f 3520 4985 1069
f 3520 4983 5519
f 5519 1194 3739
f 5519 1198 4985
f 3429 4959 1017
f 3429 4957 5520
f 5520 1142 3648
f 5520 1146 4959
f 3527 4987 1073
f 3527 4985 5521
f 5521 1198 3746
f 5521 1202 4987
f 3436 4961 1021
f 3436 4959 5522
f 5522 1146 3655
f 5522 1150 4961
f 3552 4930 962
f 3552 4933 5523
f 5523 1214 3773
f 5523 1089 4930
f 3534 4989 1077
f 3534 4987 5524
f 5524 1202 3753
f 5524 1206 4989
f 3443 4963 1025
f 3443 4961 5525
f 5525 1150 3662
f 5525 1154 4963
f 3352 4937 973
f 3352 4935 5526
f 5526 1098 3571
f 5526 1102 4937
f 3541 4991 1081
f 3541 4989 5527
f 5527 1206 3760
f 5527 1210 4991
f 3450 4965 1029
f 3450 4963 5528
f 5528 1154 3669
f 5528 1158 4965
f 3359 4939 977
f 3359 4937 5529
f 5529 1102 3578
f 5529 1106 4939
f 3548 4933 1085
f 3548 4991 5530
f 5530 1210 3767
f 5530 1214 4933
f 3457 4967 1033
f 3457 4965 5531
f 5531 1158 3676
f 5531 1162 4967
f 3366 4941 981
f 3366 4939 5532
f 5532 1106 3585
f 5532 1110 4941
f 3562 4993 1093
f 3562 4994 5533
f 5533 1217 3778
f 5533 1222 4993
f 3464 4969 1037
f 3464 4967 5534
f 5534 1162 3683
f 5534 1166 4969
f 3373 4943 985
f 3373 4941 5535
f 5535 1110 3592
f 5535 1114 4943
f 3345 4935 969
f 3345 4929 5536
f 5536 1094 3564
f 5536 1098 4935
f 1910 4976 119
f 1910 4974 5537
f 5537 1046 3480
f 5537 1050 4976
f 1897 4950 106
f 1897 4948 5538
f 5538 994 3389
f 5538 998 4950
f 1911 4978 120
f 1911 4976 5539
f 5539 1050 3487
f 5539 1054 4978
f 1898 4952 107
f 1898 4950 5540
f 5540 998 3396
f 5540 1002 4952
f 1912 4980 121
f 1912 4978 5541
f 5541 1054 3494
f 5541 1058 4980
f 1899 4954 108
f 1899 4952 5542
f 5542 1002 3403
f 5542 1006 4954
f 1913 4982 122
f 1913 4980 5543
f 5543 1058 3501
f 5543 1062 4982
f 1900 4956 109
f 1900 4954 5544
f 5544 1006 3410
f 5544 1010 4956
f 1914 4984 123
f 1914 4982 5545
f 5545 1062 3508
f 5545 1066 4984
f 1901 4958 110
f 1901 4956 5546
f 5546 1010 3417
f 5546 1014 4958
f 1915 4986 124
f 1915 4984 5547
f 5547 1066 3515
f 5547 1070 4986
f 1902 4960 111
f 1902 4958 5548
f 5548 1014 3424
f 5548 1018 4960
f 1889 4931 98
f 1889 4932 5549
f 5549 961 3330
f 5549 966 4931
f 1916 4988 125
f 1916 4986 5550
f 5550 1070 3522
f 5550 1074 4988
f 1903 4962 112
f 1903 4960 5551
f 5551 1018 3431
f 5551 1022 4962
f 1890 4936 99
f 1890 4931 5552
f 5552 966 3340
f 5552 970 4936
f 1917 4990 126
f 1917 4988 5553
f 5553 1074 3529
f 5553 1078 4990
f 1904 4964 113
f 1904 4962 5554
f 5554 1022 3438
f 5554 1026 4964
f 1891 4938 100
f 1891 4936 5555
f 5555 970 3347
f 5555 974 4938
f 1918 4992 127
f 1918 4990 5556
f 5556 1078 3536
f 5556 1082 4992
f 1905 4966 114
f 1905 4964 5557
f 5557 1026 3445
f 5557 1030 4966
f 1892 4940 101
f 1892 4938 5558
f 5558 974 3354
f 5558 978 4940
f 1919 4934 128
f 1919 4992 5559
f 5559 1082 3543
f 5559 1086 4934
f 1906 4968 115
f 1906 4966 5560
f 5560 1030 3452
f 5560 1034 4968
f 1893 4942 102
f 1893 4940 5561
f 5561 978 3361
f 5561 982 4942
f 1920 4932 97
f 1920 4934 5562
f 5562 1086 3549
f 5562 961 4932
f 1907 4970 116
f 1907 4968 5563
f 5563 1034 3459
f 5563 1038 4970
f 1894 4944 103
f 1894 4942 5564
f 5564 982 3368
f 5564 986 4944
f 1908 4972 117
f 1908 4970 5565
f 5565 1038 3466
f 5565 1042 4972
f 1895 4946 104
f 1895 4944 5566
f 5566 986 3375
f 5566 990 4946
f 1909 4974 118
f 1909 4972 5567
f 5567 1042 3473
f 5567 1046 4974
f 1896 4948 105
f 1896 4946 5568
f 5568 990 3382
f 5568 994 4948
f 3737 5020 1193
f 3737 5019 5569
f 5569 1318 3956
f 5569 1322 5020
f 3646 5007 1141
f 3646 5006 5570
f 5570 1266 3865
f 5570 1270 5007
f 3744 5021 1197
f 3744 5020 5571
f 5571 1322 3963
f 5571 1326 5021
f 3653 5008 1145
f 3653 5007 5572
f 5572 1270 3872
f 5572 1274 5008
f 3751 5022 1201
f 3751 5021 5573
f 5573 1326 3970
f 5573 1330 5022
f 3660 5009 1149
f 3660 5008 5574
f 5574 1274 3879
f 5574 1278 5009
f 3776 4994 1090
f 3776 4995 5575
f 5575 1342 3997
f 5575 1217 4994
f 3758 5023 1205
f 3758 5022 5576
f 5576 1330 3977
f 5576 1334 5023
f 3667 5010 1153
f 3667 5009 5577
f 5577 1278 3886
f 5577 1282 5010
f 3576 4997 1101
f 3576 4996 5578
f 5578 1226 3795
f 5578 1230 4997
f 3765 5024 1209
f 3765 5023 5579
f 5579 1334 3984
f 5579 1338 5024
f 3674 5011 1157
f 3674 5010 5580
f 5580 1282 3893
f 5580 1286 5011
f 3583 4998 1105
f 3583 4997 5581
f 5581 1230 3802
f 5581 1234 4998
f 3772 4995 1213
f 3772 5024 5582
f 5582 1338 3991
f 5582 1342 4995
f 3681 5012 1161
f 3681 5011 5583
f 5583 1286 3900
f 5583 1290 5012
f 3590 4999 1109
f 3590 4998 5584
f 5584 1234 3809
f 5584 1238 4999
f 3786 5025 1221
f 3786 5026 5585
f 5585 1345 4002
f 5585 1350 5025
f 3688 5013 1165
f 3688 5012 5586
f 5586 1290 3907
f 5586 1294 5013
f 3597 5000 1113
f 3597 4999 5587
f 5587 1238 3816
f 5587 1242 5000
f 3569 4996 1097
f 3569 4993 5588
f 5588 1222 3788
f 5588 1226 4996
f 3695 5014 1169
f 3695 5013 5589
f 5589 1294 3914
f 5589 1298 5014
f 3604 5001 1117
f 3604 5000 5590
f 5590 1242 3823
f 5590 1246 5001
f 3702 5015 1173
f 3702 5014 5591
f 5591 1298 3921
f 5591 1302 5015
f 3611 5002 1121
f 3611 5001 5592
f 5592 1246 3830
f 5592 1250 5002
f 3709 5016 1177
f 3709 5015 5593
f 5593 1302 3928
f 5593 1306 5016
f 3618 5003 1125
f 3618 5002 5594
f 5594 1250 3837
f 5594 1254 5003
f 3716 5017 1181
f 3716 5016 5595
f 5595 1306 3935
f 5595 1310 5017
f 3625 5004 1129
f 3625 5003 5596
f 5596 1254 3844
f 5596 1258 5004
f 3723 5018 1185
f 3723 5017 5597
f 5597 1310 3942
f 5597 1314 5018
f 3632 5005 1133
f 3632 5004 5598
f 5598 1258 3851
f 5598 1262 5005
f 3730 5019 1189
f 3730 5018 5599
f 5599 1314 3949
f 5599 1318 5019
f 3639 5006 1137
f 3639 5005 5600
f 5600 1262 3858
f 5600 1266 5006
f 4000 5026 1218
f 4000 5027 5601
f 5601 1470 4221
f 5601 1345 5026
f 3982 5055 1333
f 3982 5054 5602
f 5602 1458 4201
f 5602 1462 5055
f 3891 5042 1281
f 3891 5041 5603
f 5603 1406 4110
f 5603 1410 5042
f 3800 5029 1229
f 3800 5028 5604
f 5604 1354 4019
f 5604 1358 5029
f 3989 5056 1337
f 3989 5055 5605
f 5605 1462 4208
f 5605 1466 5056
f 3898 5043 1285
f 3898 5042 5606
f 5606 1410 4117
f 5606 1414 5043
f 3807 5030 1233
f 3807 5029 5607
f 5607 1358 4026
f 5607 1362 5030
f 3996 5027 1341
f 3996 5056 5608
f 5608 1466 4215
f 5608 1470 5027
f 3905 5044 1289
f 3905 5043 5609
f 5609 1414 4124
f 5609 1418 5044
f 3814 5031 1237
f 3814 5030 5610
f 5610 1362 4033
f 5610 1366 5031
f 4010 5057 1349
f 4010 5058 5611
f 5611 1473 4226
f 5611 1478 5057
f 3912 5045 1293
f 3912 5044 5612
f 5612 1418 4131
f 5612 1422 5045
f 3821 5032 1241
f 3821 5031 5613
f 5613 1366 4040
f 5613 1370 5032
f 3793 5028 1225
f 3793 5025 5614
f 5614 1350 4012
f 5614 1354 5028
f 3919 5046 1297
f 3919 5045 5615
f 5615 1422 4138
f 5615 1426 5046
f 3828 5033 1245
f 3828 5032 5616
f 5616 1370 4047
f 5616 1374 5033
f 3926 5047 1301
f 3926 5046 5617
f 5617 1426 4145
f 5617 1430 5047
f 3835 5034 1249
f 3835 5033 5618
f 5618 1374 4054
f 5618 1378 5034
f 3933 5048 1305
f 3933 5047 5619
f 5619 1430 4152
f 5619 1434 5048
f 3842 5035 1253
f 3842 5034 5620
f 5620 1378 4061
f 5620 1382 5035
f 3940 5049 1309
f 3940 5048 5621
f 5621 1434 4159
f 5621 1438 5049
f 3849 5036 1257
f 3849 5035 5622
f 5622 1382 4068
f 5622 1386 5036
f 3947 5050 1313
f 3947 5049 5623
f 5623 1438 4166
f 5623 1442 5050
f 3856 5037 1261
f 3856 5036 5624
f 5624 1386 4075
f 5624 1390 5037
f 3954 5051 1317
f 3954 5050 5625
f 5625 1442 4173
f 5625 1446 5051
f 3863 5038 1265
f 3863 5037 5626
f 5626 1390 4082
f 5626 1394 5038
f 3961 5052 1321
f 3961 5051 5627
f 5627 1446 4180
f 5627 1450 5052
f 3870 5039 1269
f 3870 5038 5628
f 5628 1394 4089
f 5628 1398 5039
f 3968 5053 1325
f 3968 5052 5629
f 5629 1450 4187
f 5629 1454 5053
f 3877 5040 1273
f 3877 5039 5630
f 5630 1398 4096
f 5630 1402 5040
f 3975 5054 1329
f 3975 5053 5631
f 5631 1454 4194
f 5631 1458 5054
f 3884 5041 1277
f 3884 5040 5632
f 5632 1402 4103
f 5632 1406 5041
f 4038 5063 1365
f 4038 5062 5633
f 5633 1490 4257
f 5633 1494 5063
f 4234 5089 1477
f 4234 5090 5634
f 5634 129 1953
f 5634 130 5089
f 4136 5077 1421
f 4136 5076 5635
f 5635 1546 4355
f 5635 1550 5077
f 4045 5064 1369
f 4045 5063 5636
f 5636 1494 4264
f 5636 1498 5064
f 4017 5060 1353
f 4017 5057 5637
f 5637 1478 4236
f 5637 1482 5060
f 4143 5078 1425
f 4143 5077 5638
f 5638 1550 4362
f 5638 1554 5078
f 4052 5065 1373
f 4052 5064 5639
f 5639 1498 4271
f 5639 1502 5065
f 4150 5079 1429
f 4150 5078 5640
f 5640 1554 4369
f 5640 1558 5079
f 4059 5066 1377
f 4059 5065 5641
f 5641 1502 4278
f 5641 1506 5066
f 4157 5080 1433
f 4157 5079 5642
f 5642 1558 4376
f 5642 1562 5080
f 4066 5067 1381
f 4066 5066 5643
f 5643 1506 4285
f 5643 1510 5067
f 4164 5081 1437
f 4164 5080 5644
f 5644 1562 4383
f 5644 1566 5081
f 4073 5068 1385
f 4073 5067 5645
f 5645 1510 4292
f 5645 1514 5068
f 4171 5082 1441
f 4171 5081 5646
f 5646 1566 4390
f 5646 1570 5082
f 4080 5069 1389
f 4080 5068 5647
f 5647 1514 4299
f 5647 1518 5069
f 4178 5083 1445
f 4178 5082 5648
f 5648 1570 4397
f 5648 1574 5083
f 4087 5070 1393
f 4087 5069 5649
f 5649 1518 4306
f 5649 1522 5070
f 4185 5084 1449
f 4185 5083 5650
f 5650 1574 4404
f 5650 1578 5084
f 4094 5071 1397
f 4094 5070 5651
f 5651 1522 4313
f 5651 1526 5071
f 4192 5085 1453
f 4192 5084 5652
f 5652 1578 4411
f 5652 1582 5085
f 4101 5072 1401
f 4101 5071 5653
f 5653 1526 4320
f 5653 1530 5072
f 4199 5086 1457
f 4199 5085 5654
f 5654 1582 4418
f 5654 1586 5086
f 4108 5073 1405
f 4108 5072 5655
f 5655 1530 4327
f 5655 1534 5073
f 4224 5058 1346
f 4224 5059 5656
f 5656 1598 4445
f 5656 1473 5058
f 4206 5087 1461
f 4206 5086 5657
f 5657 1586 4425
f 5657 1590 5087
f 4115 5074 1409
f 4115 5073 5658
f 5658 1534 4334
f 5658 1538 5074
f 4024 5061 1357
f 4024 5060 5659
f 5659 1482 4243
f 5659 1486 5061
f 4213 5088 1465
f 4213 5087 5660
f 5660 1590 4432
f 5660 1594 5088
f 4122 5075 1413
f 4122 5074 5661
f 5661 1538 4341
f 5661 1542 5075
f 4031 5062 1361
f 4031 5061 5662
f 5662 1486 4250
f 5662 1490 5062
f 4220 5059 1469
f 4220 5088 5663
f 5663 1594 4439
f 5663 1598 5059
f 4129 5076 1417
f 4129 5075 5664
f 5664 1542 4348
f 5664 1546 5076
f 4283 5098 1505
f 4283 5097 5665
f 5665 136 1960
f 5665 137 5098
f 4381 5112 1561
f 4381 5111 5666
f 5666 150 1974
f 5666 151 5112
f 4290 5099 1509
f 4290 5098 5667
f 5667 137 1961
f 5667 138 5099
f 4388 5113 1565
f 4388 5112 5668
f 5668 151 1975
f 5668 152 5113
f 4297 5100 1513
f 4297 5099 5669
f 5669 138 1962
f 5669 139 5100
f 4395 5114 1569
f 4395 5113 5670
f 5670 152 1976
f 5670 153 5114
f 4304 5101 1517
f 4304 5100 5671
f 5671 139 1963
f 5671 140 5101
f 4402 5115 1573
f 4402 5114 5672
f 5672 153 1977
f 5672 154 5115
f 4311 5102 1521
f 4311 5101 5673
f 5673 140 1964
f 5673 141 5102
f 4409 5116 1577
f 4409 5115 5674
f 5674 154 1978
f 5674 155 5116
f 4318 5103 1525
f 4318 5102 5675
f 5675 141 1965
f 5675 142 5103
f 4416 5117 1581
f 4416 5116 5676
f 5676 155 1979
f 5676 156 5117
f 4325 5104 1529
f 4325 5103 5677
f 5677 142 1966
f 5677 143 5104
f 4423 5118 1585
f 4423 5117 5678
f 5678 156 1980
f 5678 157 5118
f 4332 5105 1533
f 4332 5104 5679
f 5679 143 1967
f 5679 144 5105
f 4448 5090 1474
f 4448 5091 5680
f 5680 160 1984
f 5680 129 5090
f 4430 5119 1589
f 4430 5118 5681
f 5681 157 1981
f 5681 158 5119
f 4339 5106 1537
f 4339 5105 5682
f 5682 144 1968
f 5682 145 5106
f 4248 5093 1485
f 4248 5092 5683
f 5683 131 1955
f 5683 132 5093
f 4437 5120 1593
f 4437 5119 5684
f 5684 158 1982
f 5684 159 5120
f 4346 5107 1541
f 4346 5106 5685
f 5685 145 1969
f 5685 146 5107
f 4255 5094 1489
f 4255 5093 5686
f 5686 132 1956
f 5686 133 5094
f 4444 5091 1597
f 4444 5120 5687
f 5687 159 1983
f 5687 160 5091
f 4353 5108 1545
f 4353 5107 5688
f 5688 146 1970
f 5688 147 5108
f 4262 5095 1493
f 4262 5094 5689
f 5689 133 1957
f 5689 134 5095
f 4458 5121 1605
f 1602 5690 4458
f 5122 1857 5690
f 5121 1857 162
f 4360 5109 1549
f 4360 5108 5691
f 5691 147 1971
f 5691 148 5109
f 4269 5096 1497
f 4269 5095 5692
f 5692 134 1958
f 5692 135 5096
f 4241 5092 1481
f 4241 5089 5693
f 5693 130 1954
f 5693 131 5092
f 4367 5110 1553
f 4367 5109 5694
f 5694 148 1972
f 5694 149 5110
f 4276 5097 1501
f 4276 5096 5695
f 5695 135 1959
f 5695 136 5097
f 4374 5111 1557
f 4374 5110 5696
f 5696 149 1973
f 5696 150 5111
f 1645 5697 5145
f 1641 5697 4528
f 5697 171 1867
f 5697 172 5145
f 4626 5173 1701
f 4626 5171 5698
f 5698 185 1881
f 5698 186 5173
f 4535 5147 1649
f 4535 5145 5699
f 5145 1868 5699
f 5699 173 5147
f 4633 5175 1705
f 4633 5173 5700
f 5700 186 1882
f 5700 187 5175
f 4542 5149 1653
f 1649 5701 4542
f 5147 1869 5701
f 5701 174 5149
f 4640 5177 1709
f 1705 5702 4640
f 5702 187 1883
f 5702 188 5177
f 4549 5151 1657
f 4549 5149 5703
f 5703 174 1870
f 5703 175 5151
f 4647 5179 1713
f 4647 5177 5704
f 5704 188 1884
f 5704 189 5179
f 4556 5153 1661
f 1657 5705 4556
f 5151 1871 5705
f 5705 176 5153
f 4672 5122 1602
f 4672 5125 5706
f 5706 192 1888
f 5706 161 5122
f 1717 5707 5181
f 1713 5707 4654
f 5707 189 1885
f 5707 190 5181
f 4563 5155 1665
f 1661 5708 4563
f 5153 1872 5708
f 5708 177 5155
f 4472 5129 1613
f 1609 5709 4472
f 5127 1859 5709
f 5709 164 5129
f 4661 5183 1721
f 1717 5710 4661
f 5710 190 1886
f 5710 191 5183
f 4570 5157 1669
f 1665 5711 4570
f 5155 1873 5711
f 5711 178 5157
f 4479 5131 1617
f 1613 5712 4479
f 5129 1860 5712
f 5712 165 5131
f 4668 5125 1725
f 4668 5183 5713
f 5713 191 1887
f 5713 192 5125
f 4577 5159 1673
f 4577 5157 5714
f 5157 1874 5714
f 5714 179 5159
f 4486 5133 1621
f 1617 5715 4486
f 5715 165 1861
f 5715 166 5133
f 4584 5161 1677
f 1673 5716 4584
f 5716 179 1875
f 5716 180 5161
f 4493 5135 1625
f 1621 5717 4493
f 5133 1862 5717
f 5717 167 5135
f 4465 5127 1609
f 4465 5121 5718
f 5121 1858 5718
f 5718 163 5127
f 4591 5163 1681
f 4591 5161 5719
f 5719 180 1876
f 5719 181 5163
f 4500 5137 1629
f 4500 5135 5720
f 5720 167 1863
f 5720 168 5137
f 4598 5165 1685
f 4598 5163 5721
f 5721 181 1877
f 5721 182 5165
f 4507 5139 1633
f 1629 5722 4507
f 5137 1864 5722
f 5722 169 5139
f 4605 5167 1689
f 1685 5723 4605
f 5723 182 1878
f 5723 183 5167
f 4514 5141 1637
f 4514 5139 5724
f 5139 1865 5724
f 5724 170 5141
f 4612 5169 1693
f 4612 5167 5725
f 5725 183 1879
f 5725 184 5169
f 4521 5143 1641
f 1637 5726 4521
f 5726 170 1866
f 5726 171 5143
f 4619 5171 1697
f 4619 5169 5727
f 5727 184 1880
f 5727 185 5171
f 1965 5150 142
f 1965 5148 5728
f 5728 1650 4537
f 5728 1654 5150
f 1979 5178 156
f 1979 5176 5729
f 5729 1706 4635
f 5729 1710 5178
f 1966 5152 143
f 1966 5150 5730
f 5730 1654 4544
f 5730 1658 5152
f 1953 5123 130
f 1953 5124 5731
f 5731 1601 4450
f 5731 1606 5123
f 1980 5180 157
f 1980 5178 5732
f 5732 1710 4642
f 5732 1714 5180
f 1967 5154 144
f 1967 5152 5733
f 5733 1658 4551
f 5733 1662 5154
f 1954 5128 131
f 1954 5123 5734
f 5734 1606 4460
f 5734 1610 5128
f 1981 5182 158
f 1981 5180 5735
f 5735 1714 4649
f 5735 1718 5182
f 1968 5156 145
f 1968 5154 5736
f 5736 1662 4558
f 5736 1666 5156
f 1955 5130 132
f 1955 5128 5737
f 5737 1610 4467
f 5737 1614 5130
f 1982 5184 159
f 1982 5182 5738
f 5738 1718 4656
f 5738 1722 5184
f 1969 5158 146
f 1969 5156 5739
f 5739 1666 4565
f 5739 1670 5158
f 1956 5132 133
f 1956 5130 5740
f 5740 1614 4474
f 5740 1618 5132
f 1983 5126 160
f 1983 5184 5741
f 5741 1722 4663
f 5741 1726 5126
f 1970 5160 147
f 1970 5158 5742
f 5742 1670 4572
f 5742 1674 5160
f 1957 5134 134
f 1957 5132 5743
f 5743 1618 4481
f 5743 1622 5134
f 1984 5124 129
f 1984 5126 5744
f 5744 1726 4669
f 5744 1601 5124
f 1971 5162 148
f 1971 5160 5745
f 5745 1674 4579
f 5745 1678 5162
f 1958 5136 135
f 1958 5134 5746
f 5746 1622 4488
f 5746 1626 5136
f 1972 5164 149
f 1972 5162 5747
f 5747 1678 4586
f 5747 1682 5164
f 1959 5138 136
f 1959 5136 5748
f 5748 1626 4495
f 5748 1630 5138
f 1973 5166 150
f 1973 5164 5749
f 5749 1682 4593
f 5749 1686 5166
f 1960 5140 137
f 1960 5138 5750
f 5750 1630 4502
f 5750 1634 5140
f 1974 5168 151
f 1974 5166 5751
f 5751 1686 4600
f 5751 1690 5168
f 1961 5142 138
f 1961 5140 5752
f 5752 1634 4509
f 5752 1638 5142
f 1975 5170 152
f 1975 5168 5753
f 5753 1690 4607
f 5753 1694 5170
f 1962 5144 139
f 1962 5142 5754
f 5754 1638 4516
f 5754 1642 5144
f 1976 5172 153
f 1976 5170 5755
f 5755 1694 4614
f 5755 1698 5172
f 1963 5146 140
f 1963 5144 5756
f 5756 1642 4523
f 5756 1646 5146
f 1977 5174 154
f 1977 5172 5757
f 5757 1698 4621
f 5757 1702 5174
f 1964 5148 141
f 1964 5146 5758
f 5758 1646 4530
f 5758 1650 5148
f 1978 5176 155
f 1978 5174 5759
f 5759 1702 4628
f 5759 1706 5176
f 198 5760 1985
f 193 5760 1986
f 1987 1988 5760
f 1985 1988 200
f 200 5761 1989
f 195 5761 1988
f 1990 1991 5761
f 1989 1991 199
f 199 5762 1992
f 196 5762 1991
f 1993 1994 5762
f 1992 1994 197
f 202 5763 1995
f 198 5763 1996
f 1985 1997 5763
f 1995 1997 204
f 204 5764 1998
f 200 5764 1997
f 1989 1999 5764
f 1998 1999 203
f 203 5765 2000
f 199 5765 1999
f 1992 2001 5765
f 2000 2001 201
f 206 5766 2002
f 202 5766 2003
f 1995 2004 5766
f 2002 2004 208
f 208 5767 2005
f 204 5767 2004
f 1998 2006 5767
f 2005 2006 207
f 207 5768 2007
f 203 5768 2006
f 2000 2008 5768
f 2007 2008 205
f 210 5769 2009
f 206 5769 2010
f 2002 2011 5769
f 2009 2011 212
f 212 5770 2012
f 208 5770 2011
f 2005 2013 5770
f 2012 2013 211
f 211 5771 2014
f 207 5771 2013
f 2007 2015 5771
f 2014 2015 209
f 214 5772 2016
f 210 5772 2017
f 2009 2018 5772
f 2016 2018 216
f 216 5773 2019
f 212 5773 2018
f 2012 2020 5773
f 2019 2020 215
f 215 5774 2021
f 211 5774 2020
f 2014 2022 5774
f 2021 2022 213
f 218 5775 2023
f 214 5775 2024
f 2016 2025 5775
f 2023 2025 220
f 2025 2026 220
f 216 5776 2025
f 2019 2027 5776
f 2026 2027 219
f 219 5777 2028
f 215 5777 2027
f 2021 2029 5777
f 2028 2029 217
f 222 5778 2030
f 218 5778 2031
f 2023 2032 5778
f 2030 2032 224
f 224 5779 2033
f 220 5779 2032
f 2026 2034 5779
f 2033 2034 223
f 223 5780 2035
f 219 5780 2034
f 2028 2036 5780
f 2035 2036 221
f 226 5781 2037
f 222 5781 2038
f 2030 2039 5781
f 2037 2039 228
f 228 5782 2040
f 224 5782 2039
f 2033 2041 5782
f 2040 2041 227
f 227 5783 2042
f 223 5783 2041
f 2035 2043 5783
f 2042 2043 225
f 230 5784 2044
f 226 5784 2045
f 2037 2046 5784
f 2044 2046 232
f 232 5785 2047
f 228 5785 2046
f 2040 2048 5785
f 2047 2048 231
f 231 5786 2049
f 227 5786 2048
f 2042 2050 5786
f 2049 2050 229
f 234 5787 2051
f 230 5787 2052
f 2044 2053 5787
f 2051 2053 236
f 236 5788 2054
f 232 5788 2053
f 2047 2055 5788
f 2054 2055 235
f 235 5789 2056
f 231 5789 2055
f 2049 2057 5789
f 2056 2057 233
f 238 5790 2058
f 234 5790 2059
f 2051 2060 5790
f 2058 2060 240
f 240 5791 2061
f 236 5791 2060
f 2054 2062 5791
f 2061 2062 239
f 239 5792 2063
f 235 5792 2062
f 2056 2064 5792
f 2063 2064 237
f 242 5793 2065
f 238 5793 2066
f 2058 2067 5793
f 2065 2067 244
f 244 5794 2068
f 240 5794 2067
f 2061 2069 5794
f 2068 2069 243
f 243 5795 2070
f 239 5795 2069
f 2063 2071 5795
f 2070 2071 241
f 246 5796 2072
f 242 5796 2073
f 2065 2074 5796
f 2072 2074 248
f 248 5797 2075
f 2074 2068 5797
f 2068 2076 5797
f 2075 2076 247
f 247 5798 2077
f 243 5798 2076
f 2070 2078 5798
f 2077 2078 245
f 250 5799 2079
f 246 5799 2080
f 2072 2081 5799
f 2079 2081 252
f 252 5800 2082
f 248 5800 2081
f 2075 2083 5800
f 2082 2083 251
f 251 5801 2084
f 247 5801 2083
f 2077 2085 5801
f 2084 2085 249
f 254 5802 2086
f 250 5802 2087
f 2079 2088 5802
f 2086 2088 256
f 256 5803 2089
f 252 5803 2088
f 2082 2090 5803
f 2089 2090 255
f 255 5804 2091
f 251 5804 2090
f 2084 2092 5804
f 2091 2092 253
f 258 5805 2093
f 254 5805 2094
f 2086 2095 5805
f 2093 2095 260
f 260 5806 2096
f 256 5806 2095
f 2089 2097 5806
f 2096 2097 259
f 259 5807 2098
f 255 5807 2097
f 2091 2099 5807
f 2098 2099 257
f 262 5808 2100
f 258 5808 2101
f 2093 2102 5808
f 2100 2102 264
f 264 5809 2103
f 260 5809 2102
f 2096 2104 5809
f 2103 2104 263
f 263 5810 2105
f 259 5810 2104
f 2098 2106 5810
f 2105 2106 261
f 266 5811 2107
f 262 5811 2108
f 2100 2109 5811
f 2107 2109 268
f 268 5812 2110
f 264 5812 2109
f 2103 2111 5812
f 2110 2111 267
f 267 5813 2112
f 263 5813 2111
f 2105 2113 5813
f 2112 2113 265
f 270 5814 2114
f 266 5814 2115
f 2107 2116 5814
f 2114 2116 272
f 272 5815 2117
f 268 5815 2116
f 2110 2118 5815
f 2117 2118 271
f 271 5816 2119
f 267 5816 2118
f 2112 2120 5816
f 2119 2120 269
f 274 5817 2121
f 270 5817 2122
f 2114 2123 5817
f 2121 2123 276
f 2123 2124 276
f 272 5818 2123
f 2117 2125 5818
f 2124 2125 275
f 275 5819 2126
f 271 5819 2125
f 2119 2127 5819
f 2126 2127 273
f 278 5820 2128
f 274 5820 2129
f 2121 2130 5820
f 2128 2130 280
f 280 5821 2131
f 276 5821 2130
f 2124 2132 5821
f 2131 2132 279
f 279 5822 2133
f 275 5822 2132
f 2126 2134 5822
f 2133 2134 277
f 282 5823 2135
f 278 5823 2136
f 2128 2137 5823
f 2135 2137 284
f 284 5824 2138
f 280 5824 2137
f 2131 2139 5824
f 2138 2139 283
f 283 5825 2140
f 279 5825 2139
f 2133 2141 5825
f 2140 2141 281
f 286 5826 2142
f 282 5826 2143
f 2135 2144 5826
f 2142 2144 288
f 288 5827 2145
f 284 5827 2144
f 2138 2146 5827
f 2145 2146 287
f 287 5828 2147
f 283 5828 2146
f 2140 2148 5828
f 2147 2148 285
f 290 5829 2149
f 286 5829 2150
f 2142 2151 5829
f 2149 2151 292
f 292 5830 2152
f 288 5830 2151
f 2145 2153 5830
f 2152 2153 291
f 291 5831 2154
f 287 5831 2153
f 2147 2155 5831
f 2154 2155 289
f 294 5832 2156
f 290 5832 2157
f 2149 2158 5832
f 2156 2158 296
f 296 5833 2159
f 292 5833 2158
f 2152 2160 5833
f 2159 2160 295
f 295 5834 2161
f 291 5834 2160
f 2154 2162 5834
f 2161 2162 293
f 298 5835 2163
f 294 5835 2164
f 2156 2165 5835
f 2163 2165 300
f 300 5836 2166
f 296 5836 2165
f 2159 2167 5836
f 2166 2167 299
f 299 5837 2168
f 295 5837 2167
f 2161 2169 5837
f 2168 2169 297
f 302 5838 2170
f 298 5838 2171
f 2163 2172 5838
f 2170 2172 304
f 304 5839 2173
f 300 5839 2172
f 2166 2174 5839
f 2173 2174 303
f 303 5840 2175
f 299 5840 2174
f 2168 2176 5840
f 2175 2176 301
f 306 5841 2177
f 302 5841 2178
f 2170 2179 5841
f 2177 2179 308
f 308 5842 2180
f 304 5842 2179
f 2173 2181 5842
f 2180 2181 307
f 307 5843 2182
f 303 5843 2181
f 2175 2183 5843
f 2182 2183 305
f 310 5844 2184
f 306 5844 2185
f 2177 2186 5844
f 2184 2186 312
f 312 5845 2187
f 308 5845 2186
f 2180 2188 5845
f 2187 2188 311
f 311 5846 2189
f 307 5846 2188
f 2182 2190 5846
f 2189 2190 309
f 314 5847 2191
f 310 5847 2192
f 2184 2193 5847
f 2191 2193 316
f 316 5848 2194
f 312 5848 2193
f 2187 2195 5848
f 2194 2195 315
f 315 5849 2196
f 311 5849 2195
f 2189 2197 5849
f 2196 2197 313
f 318 5850 2198
f 314 5850 2199
f 2191 2200 5850
f 2198 2200 320
f 320 5851 2201
f 316 5851 2200
f 2194 2202 5851
f 2201 2202 319
f 319 5852 2203
f 315 5852 2202
f 2196 2204 5852
f 2203 2204 317
f 193 5853 1987
f 318 5853 2205
f 2198 2206 5853
f 1987 2206 195
f 195 5854 1990
f 320 5854 2206
f 2201 2207 5854
f 1990 2207 196
f 196 5855 1993
f 319 5855 2207
f 2203 2208 5855
f 1993 2208 194
f 326 5856 2209
f 321 5856 2210
f 2211 2212 5856
f 2209 2212 328
f 328 5857 2213
f 323 5857 2212
f 2214 2215 5857
f 2213 2215 327
f 327 5858 2216
f 324 5858 2215
f 2217 2218 5858
f 2216 2218 325
f 330 5859 2219
f 326 5859 2220
f 2209 2221 5859
f 2219 2221 332
f 332 5860 2222
f 328 5860 2221
f 2213 2223 5860
f 2222 2223 331
f 331 5861 2224
f 327 5861 2223
f 2216 2225 5861
f 2224 2225 329
f 334 5862 2226
f 330 5862 2227
f 2219 2228 5862
f 2226 2228 336
f 336 5863 2229
f 332 5863 2228
f 2222 2230 5863
f 2229 2230 335
f 335 5864 2231
f 331 5864 2230
f 2224 2232 5864
f 2231 2232 333
f 338 5865 2233
f 334 5865 2234
f 2226 2235 5865
f 2233 2235 340
f 340 5866 2236
f 336 5866 2235
f 2229 2237 5866
f 2236 2237 339
f 339 5867 2238
f 335 5867 2237
f 2231 2239 5867
f 2238 2239 337
f 342 5868 2240
f 338 5868 2241
f 2233 2242 5868
f 2240 2242 344
f 344 5869 2243
f 340 5869 2242
f 2236 2244 5869
f 2243 2244 343
f 343 5870 2245
f 339 5870 2244
f 2238 2246 5870
f 2245 2246 341
f 346 5871 2247
f 342 5871 2248
f 2240 2249 5871
f 2247 2249 348
f 348 5872 2250
f 344 5872 2249
f 2243 2251 5872
f 2250 2251 347
f 347 5873 2252
f 343 5873 2251
f 2245 2253 5873
f 2252 2253 345
f 350 5874 2254
f 346 5874 2255
f 2247 2256 5874
f 2254 2256 352
f 352 5875 2257
f 348 5875 2256
f 2250 2258 5875
f 2257 2258 351
f 351 5876 2259
f 347 5876 2258
f 2252 2260 5876
f 2259 2260 349
f 354 5877 2261
f 350 5877 2262
f 2254 2263 5877
f 2261 2263 356
f 356 5878 2264
f 352 5878 2263
f 2257 2265 5878
f 2264 2265 355
f 355 5879 2266
f 351 5879 2265
f 2259 2267 5879
f 2266 2267 353
f 358 5880 2268
f 354 5880 2269
f 2261 2270 5880
f 2268 2270 360
f 360 5881 2271
f 356 5881 2270
f 2264 2272 5881
f 2271 2272 359
f 359 5882 2273
f 355 5882 2272
f 2266 2274 5882
f 2273 2274 357
f 362 5883 2275
f 358 5883 2276
f 2268 2277 5883
f 2275 2277 364
f 364 5884 2278
f 360 5884 2277
f 2271 2279 5884
f 2278 2279 363
f 363 5885 2280
f 359 5885 2279
f 2273 2281 5885
f 2280 2281 361
f 366 5886 2282
f 362 5886 2283
f 2275 2284 5886
f 2282 2284 368
f 368 5887 2285
f 364 5887 2284
f 2278 2286 5887
f 2285 2286 367
f 367 5888 2287
f 363 5888 2286
f 2280 2288 5888
f 2287 2288 365
f 370 5889 2289
f 366 5889 2290
f 2282 2291 5889
f 2289 2291 372
f 372 5890 2292
f 368 5890 2291
f 2285 2293 5890
f 2292 2293 371
f 371 5891 2294
f 367 5891 2293
f 2287 2295 5891
f 2294 2295 369
f 374 5892 2296
f 370 5892 2297
f 2289 2298 5892
f 2296 2298 376
f 376 5893 2299
f 372 5893 2298
f 2292 2300 5893
f 2299 2300 375
f 375 5894 2301
f 371 5894 2300
f 2294 2302 5894
f 2301 2302 373
f 378 5895 2303
f 374 5895 2304
f 2296 2305 5895
f 2303 2305 380
f 380 5896 2306
f 376 5896 2305
f 2299 2307 5896
f 2306 2307 379
f 379 5897 2308
f 375 5897 2307
f 2301 2309 5897
f 2308 2309 377
f 382 5898 2310
f 378 5898 2311
f 2303 2312 5898
f 2310 2312 384
f 384 5899 2313
f 380 5899 2312
f 2306 2314 5899
f 2313 2314 383
f 383 5900 2315
f 379 5900 2314
f 2308 2316 5900
f 2315 2316 381
f 386 5901 2317
f 382 5901 2318
f 2310 2319 5901
f 2317 2319 388
f 388 5902 2320
f 384 5902 2319
f 2313 2321 5902
f 2320 2321 387
f 387 5903 2322
f 383 5903 2321
f 2315 2323 5903
f 2322 2323 385
f 390 5904 2324
f 386 5904 2325
f 2317 2326 5904
f 2324 2326 392
f 392 5905 2327
f 388 5905 2326
f 2320 2328 5905
f 2327 2328 391
f 391 5906 2329
f 387 5906 2328
f 2322 2330 5906
f 2329 2330 389
f 394 5907 2331
f 390 5907 2332
f 2324 2333 5907
f 2331 2333 396
f 396 5908 2334
f 392 5908 2333
f 2327 2335 5908
f 2334 2335 395
f 395 5909 2336
f 391 5909 2335
f 2329 2337 5909
f 2336 2337 393
f 398 5910 2338
f 394 5910 2339
f 2331 2340 5910
f 2338 2340 400
f 400 5911 2341
f 396 5911 2340
f 2334 2342 5911
f 2341 2342 399
f 399 5912 2343
f 395 5912 2342
f 2336 2344 5912
f 2343 2344 397
f 402 5913 2345
f 398 5913 2346
f 2338 2347 5913
f 2345 2347 404
f 404 5914 2348
f 400 5914 2347
f 2341 2349 5914
f 2348 2349 403
f 403 5915 2350
f 399 5915 2349
f 2343 2351 5915
f 2350 2351 401
f 406 5916 2352
f 402 5916 2353
f 2345 2354 5916
f 2352 2354 408
f 408 5917 2355
f 404 5917 2354
f 2348 2356 5917
f 2355 2356 407
f 407 5918 2357
f 403 5918 2356
f 2350 2358 5918
f 2357 2358 405
f 410 5919 2359
f 406 5919 2360
f 2352 2361 5919
f 2359 2361 412
f 412 5920 2362
f 408 5920 2361
f 2355 2363 5920
f 2362 2363 411
f 411 5921 2364
f 407 5921 2363
f 2357 2365 5921
f 2364 2365 409
f 414 5922 2366
f 410 5922 2367
f 2359 2368 5922
f 2366 2368 416
f 416 5923 2369
f 412 5923 2368
f 2362 2370 5923
f 2369 2370 415
f 415 5924 2371
f 411 5924 2370
f 2364 2372 5924
f 2371 2372 413
f 418 5925 2373
f 414 5925 2374
f 2366 2375 5925
f 2373 2375 420
f 420 5926 2376
f 416 5926 2375
f 2369 2377 5926
f 2376 2377 419
f 419 5927 2378
f 415 5927 2377
f 2371 2379 5927
f 2378 2379 417
f 422 5928 2380
f 418 5928 2381
f 2373 2382 5928
f 2380 2382 424
f 424 5929 2383
f 420 5929 2382
f 2376 2384 5929
f 2383 2384 423
f 423 5930 2385
f 419 5930 2384
f 2378 2386 5930
f 2385 2386 421
f 426 5931 2387
f 422 5931 2388
f 2380 2389 5931
f 2387 2389 428
f 428 5932 2390
f 424 5932 2389
f 2383 2391 5932
f 2390 2391 427
f 427 5933 2392
f 423 5933 2391
f 2385 2393 5933
f 2392 2393 425
f 430 5934 2394
f 426 5934 2395
f 2387 2396 5934
f 2394 2396 432
f 432 5935 2397
f 428 5935 2396
f 2390 2398 5935
f 2397 2398 431
f 431 5936 2399
f 427 5936 2398
f 2392 2400 5936
f 2399 2400 429
f 434 5937 2401
f 430 5937 2402
f 2394 2403 5937
f 2401 2403 436
f 436 5938 2404
f 432 5938 2403
f 2397 2405 5938
f 2404 2405 435
f 435 5939 2406
f 431 5939 2405
f 2399 2407 5939
f 2406 2407 433
f 438 5940 2408
f 434 5940 2409
f 2401 2410 5940
f 2408 2410 440
f 440 5941 2411
f 436 5941 2410
f 2404 2412 5941
f 2411 2412 439
f 439 5942 2413
f 435 5942 2412
f 2406 2414 5942
f 2413 2414 437
f 442 5943 2415
f 438 5943 2416
f 2408 2417 5943
f 2415 2417 444
f 444 5944 2418
f 440 5944 2417
f 2411 2419 5944
f 2418 2419 443
f 443 5945 2420
f 439 5945 2419
f 2413 2421 5945
f 2420 2421 441
f 446 5946 2422
f 442 5946 2423
f 2415 2424 5946
f 2422 2424 448
f 448 5947 2425
f 444 5947 2424
f 2418 2426 5947
f 2425 2426 447
f 447 5948 2427
f 443 5948 2426
f 2420 2428 5948
f 2427 2428 445
f 321 5949 2211
f 446 5949 2429
f 2422 2430 5949
f 2211 2430 323
f 323 5950 2214
f 448 5950 2430
f 2425 2431 5950
f 2214 2431 324
f 324 5951 2217
f 447 5951 2431
f 2427 2432 5951
f 2217 2432 322
f 454 5952 2433
f 449 5952 2434
f 2435 2436 5952
f 2433 2436 456
f 456 5953 2437
f 451 5953 2436
f 2438 2439 5953
f 2437 2439 455
f 455 5954 2440
f 452 5954 2439
f 2441 2442 5954
f 2440 2442 453
f 458 5955 2443
f 454 5955 2444
f 2433 2445 5955
f 2443 2445 460
f 460 5956 2446
f 456 5956 2445
f 2437 2447 5956
f 2446 2447 459
f 459 5957 2448
f 455 5957 2447
f 2440 2449 5957
f 2448 2449 457
f 462 5958 2450
f 458 5958 2451
f 2443 2452 5958
f 2450 2452 464
f 464 5959 2453
f 460 5959 2452
f 2446 2454 5959
f 2453 2454 463
f 463 5960 2455
f 459 5960 2454
f 2448 2456 5960
f 2455 2456 461
f 466 5961 2457
f 462 5961 2458
f 2450 2459 5961
f 2457 2459 468
f 468 5962 2460
f 464 5962 2459
f 2453 2461 5962
f 2460 2461 467
f 467 5963 2462
f 463 5963 2461
f 2455 2463 5963
f 2462 2463 465
f 470 5964 2464
f 466 5964 2465
f 2457 2466 5964
f 2464 2466 472
f 472 5965 2467
f 468 5965 2466
f 2460 2468 5965
f 2467 2468 471
f 471 5966 2469
f 467 5966 2468
f 2462 2470 5966
f 2469 2470 469
f 474 5967 2471
f 470 5967 2472
f 2464 2473 5967
f 2471 2473 476
f 476 5968 2474
f 472 5968 2473
f 2467 2475 5968
f 2474 2475 475
f 475 5969 2476
f 471 5969 2475
f 2469 2477 5969
f 2476 2477 473
f 478 5970 2478
f 474 5970 2479
f 2471 2480 5970
f 2478 2480 480
f 480 5971 2481
f 476 5971 2480
f 2474 2482 5971
f 2481 2482 479
f 479 5972 2483
f 475 5972 2482
f 2476 2484 5972
f 2483 2484 477
f 482 5973 2485
f 478 5973 2486
f 2478 2487 5973
f 2485 2487 484
f 484 5974 2488
f 480 5974 2487
f 2481 2489 5974
f 2488 2489 483
f 483 5975 2490
f 479 5975 2489
f 2483 2491 5975
f 2490 2491 481
f 486 5976 2492
f 482 5976 2493
f 2485 2494 5976
f 2492 2494 488
f 488 5977 2495
f 484 5977 2494
f 2488 2496 5977
f 2495 2496 487
f 487 5978 2497
f 483 5978 2496
f 2490 2498 5978
f 2497 2498 485
f 490 5979 2499
f 486 5979 2500
f 2492 2501 5979
f 2499 2501 492
f 492 5980 2502
f 488 5980 2501
f 2495 2503 5980
f 2502 2503 491
f 491 5981 2504
f 487 5981 2503
f 2497 2505 5981
f 2504 2505 489
f 494 5982 2506
f 490 5982 2507
f 2499 2508 5982
f 2506 2508 496
f 496 5983 2509
f 492 5983 2508
f 2502 2510 5983
f 2509 2510 495
f 495 5984 2511
f 491 5984 2510
f 2504 2512 5984
f 2511 2512 493
f 498 5985 2513
f 494 5985 2514
f 2506 2515 5985
f 2513 2515 500
f 500 5986 2516
f 496 5986 2515
f 2509 2517 5986
f 5986 499 2516
f 499 5987 2518
f 495 5987 2517
f 2511 2519 5987
f 2518 2519 497
f 502 5988 2520
f 498 5988 2521
f 2513 2522 5988
f 2520 2522 504
f 504 5989 2523
f 500 5989 2522
f 2516 2524 5989
f 2523 2524 503
f 503 5990 2525
f 499 5990 2524
f 2518 2526 5990
f 2525 2526 501
f 506 5991 2527
f 502 5991 2528
f 2520 2529 5991
f 2527 2529 508
f 508 5992 2530
f 504 5992 2529
f 2523 2531 5992
f 2530 2531 507
f 507 5993 2532
f 503 5993 2531
f 2525 2533 5993
f 2532 2533 505
f 510 5994 2534
f 506 5994 2535
f 2527 2536 5994
f 2534 2536 512
f 512 5995 2537
f 508 5995 2536
f 2530 2538 5995
f 2537 2538 511
f 511 5996 2539
f 507 5996 2538
f 2532 2540 5996
f 2539 2540 509
f 514 5997 2541
f 510 5997 2542
f 2534 2543 5997
f 2541 2543 516
f 516 5998 2544
f 512 5998 2543
f 2537 2545 5998
f 2544 2545 515
f 515 5999 2546
f 511 5999 2545
f 2539 2547 5999
f 2546 2547 513
f 518 6000 2548
f 514 6000 2549
f 2541 2550 6000
f 2548 2550 520
f 520 6001 2551
f 516 6001 2550
f 2544 2552 6001
f 2551 2552 519
f 519 6002 2553
f 515 6002 2552
f 2546 2554 6002
f 2553 2554 517
f 522 6003 2555
f 518 6003 2556
f 2548 2557 6003
f 2555 2557 524
f 524 6004 2558
f 520 6004 2557
f 2551 2559 6004
f 2558 2559 523
f 523 6005 2560
f 519 6005 2559
f 2553 2561 6005
f 2560 2561 521
f 526 6006 2562
f 522 6006 2563
f 2555 2564 6006
f 2562 2564 528
f 528 6007 2565
f 524 6007 2564
f 2558 2566 6007
f 2565 2566 527
f 527 6008 2567
f 523 6008 2566
f 2560 2568 6008
f 2567 2568 525
f 530 6009 2569
f 526 6009 2570
f 2562 2571 6009
f 2569 2571 532
f 532 6010 2572
f 528 6010 2571
f 2565 2573 6010
f 2572 2573 531
f 531 6011 2574
f 527 6011 2573
f 2567 2575 6011
f 2574 2575 529
f 534 6012 2576
f 530 6012 2577
f 2569 2578 6012
f 2576 2578 536
f 536 6013 2579
f 532 6013 2578
f 2572 2580 6013
f 2579 2580 535
f 535 6014 2581
f 531 6014 2580
f 2574 2582 6014
f 2581 2582 533
f 538 6015 2583
f 534 6015 2584
f 2576 2585 6015
f 2583 2585 540
f 540 6016 2586
f 536 6016 2585
f 2579 2587 6016
f 2586 2587 539
f 539 6017 2588
f 535 6017 2587
f 2581 2589 6017
f 2588 2589 537
f 542 6018 2590
f 538 6018 2591
f 2583 2592 6018
f 2590 2592 544
f 544 6019 2593
f 540 6019 2592
f 2586 2594 6019
f 2593 2594 543
f 543 6020 2595
f 539 6020 2594
f 2588 2596 6020
f 2595 2596 541
f 546 6021 2597
f 542 6021 2598
f 2590 2599 6021
f 2597 2599 548
f 548 6022 2600
f 544 6022 2599
f 2593 2601 6022
f 2600 2601 547
f 547 6023 2602
f 543 6023 2601
f 2595 2603 6023
f 2602 2603 545
f 550 6024 2604
f 546 6024 2605
f 2597 2606 6024
f 2604 2606 552
f 552 6025 2607
f 548 6025 2606
f 2600 2608 6025
f 2607 2608 551
f 551 6026 2609
f 547 6026 2608
f 2602 2610 6026
f 2609 2610 549
f 554 6027 2611
f 550 6027 2612
f 2604 2613 6027
f 2611 2613 556
f 556 6028 2614
f 552 6028 2613
f 2607 2615 6028
f 2614 2615 555
f 555 6029 2616
f 551 6029 2615
f 2609 2617 6029
f 2616 2617 553
f 558 6030 2618
f 554 6030 2619
f 2611 2620 6030
f 2618 2620 560
f 560 6031 2621
f 556 6031 2620
f 2614 2622 6031
f 2621 2622 559
f 559 6032 2623
f 555 6032 2622
f 2616 2624 6032
f 2623 2624 557
f 562 6033 2625
f 558 6033 2626
f 2618 2627 6033
f 2625 2627 564
f 564 6034 2628
f 560 6034 2627
f 2621 2629 6034
f 2628 2629 563
f 563 6035 2630
f 559 6035 2629
f 2623 2631 6035
f 2630 2631 561
f 566 6036 2632
f 562 6036 2633
f 2625 2634 6036
f 2632 2634 568
f 568 6037 2635
f 564 6037 2634
f 2628 2636 6037
f 2635 2636 567
f 567 6038 2637
f 563 6038 2636
f 2630 2638 6038
f 2637 2638 565
f 570 6039 2639
f 566 6039 2640
f 2632 2641 6039
f 2639 2641 572
f 572 6040 2642
f 568 6040 2641
f 2635 2643 6040
f 2642 2643 571
f 571 6041 2644
f 567 6041 2643
f 2637 2645 6041
f 2644 2645 569
f 574 6042 2646
f 570 6042 2647
f 2639 2648 6042
f 2646 2648 576
f 576 6043 2649
f 572 6043 2648
f 2642 2650 6043
f 2649 2650 575
f 575 6044 2651
f 571 6044 2650
f 2644 2652 6044
f 2651 2652 573
f 449 6045 2435
f 574 6045 2653
f 2646 2654 6045
f 2435 2654 451
f 451 6046 2438
f 576 6046 2654
f 2649 2655 6046
f 2438 2655 452
f 452 6047 2441
f 575 6047 2655
f 2651 2656 6047
f 2441 2656 450
f 582 6048 2657
f 577 6048 2658
f 2659 2660 6048
f 2657 2660 584
f 584 6049 2661
f 579 6049 2660
f 2662 2663 6049
f 2661 2663 583
f 583 6050 2664
f 580 6050 2663
f 2665 2666 6050
f 2664 2666 581
f 586 6051 2667
f 582 6051 2668
f 2657 2669 6051
f 2667 2669 588
f 588 6052 2670
f 584 6052 2669
f 2661 2671 6052
f 2670 2671 587
f 587 6053 2672
f 583 6053 2671
f 2664 2673 6053
f 2672 2673 585
f 590 6054 2674
f 586 6054 2675
f 2667 2676 6054
f 2674 2676 592
f 592 6055 2677
f 588 6055 2676
f 2670 2678 6055
f 2677 2678 591
f 591 6056 2679
f 587 6056 2678
f 2672 2680 6056
f 2679 2680 589
f 594 6057 2681
f 590 6057 2682
f 2674 2683 6057
f 2681 2683 596
f 596 6058 2684
f 592 6058 2683
f 2677 2685 6058
f 2684 2685 595
f 595 6059 2686
f 591 6059 2685
f 2679 2687 6059
f 2686 2687 593
f 598 6060 2688
f 594 6060 2689
f 2681 2690 6060
f 2688 2690 600
f 600 6061 2691
f 596 6061 2690
f 2684 2692 6061
f 2691 2692 599
f 599 6062 2693
f 595 6062 2692
f 2686 2694 6062
f 2693 2694 597
f 602 6063 2695
f 598 6063 2696
f 2688 2697 6063
f 2695 2697 604
f 604 6064 2698
f 600 6064 2697
f 2691 2699 6064
f 2698 2699 603
f 603 6065 2700
f 599 6065 2699
f 2693 2701 6065
f 2700 2701 601
f 606 6066 2702
f 602 6066 2703
f 2695 2704 6066
f 2702 2704 608
f 608 6067 2705
f 604 6067 2704
f 2698 2706 6067
f 2705 2706 607
f 607 6068 2707
f 603 6068 2706
f 2700 2708 6068
f 2707 2708 605
f 610 6069 2709
f 606 6069 2710
f 2702 2711 6069
f 2709 2711 612
f 612 6070 2712
f 608 6070 2711
f 2705 2713 6070
f 2712 2713 611
f 611 6071 2714
f 607 6071 2713
f 2707 2715 6071
f 2714 2715 609
f 614 6072 2716
f 610 6072 2717
f 2709 2718 6072
f 2716 2718 616
f 616 6073 2719
f 612 6073 2718
f 2712 2720 6073
f 2719 2720 615
f 615 6074 2721
f 611 6074 2720
f 2714 2722 6074
f 2721 2722 613
f 618 6075 2723
f 614 6075 2724
f 2716 2725 6075
f 2723 2725 620
f 620 6076 2726
f 616 6076 2725
f 2719 2727 6076
f 2726 2727 619
f 619 6077 2728
f 615 6077 2727
f 2721 2729 6077
f 2728 2729 617
f 622 6078 2730
f 618 6078 2731
f 2723 2732 6078
f 2730 2732 624
f 624 6079 2733
f 620 6079 2732
f 2726 2734 6079
f 2733 2734 623
f 623 6080 2735
f 619 6080 2734
f 2728 2736 6080
f 2735 2736 621
f 626 6081 2737
f 622 6081 2738
f 2730 2739 6081
f 2737 2739 628
f 628 6082 2740
f 624 6082 2739
f 2733 2741 6082
f 2740 2741 627
f 627 6083 2742
f 623 6083 2741
f 2735 2743 6083
f 2742 2743 625
f 630 6084 2744
f 626 6084 2745
f 2737 2746 6084
f 2744 2746 632
f 632 6085 2747
f 628 6085 2746
f 2740 2748 6085
f 2747 2748 631
f 631 6086 2749
f 627 6086 2748
f 2742 2750 6086
f 2749 2750 629
f 634 6087 2751
f 630 6087 2752
f 2744 2753 6087
f 2751 2753 636
f 636 6088 2754
f 632 6088 2753
f 2747 2755 6088
f 2754 2755 635
f 635 6089 2756
f 631 6089 2755
f 2749 2757 6089
f 2756 2757 633
f 638 6090 2758
f 634 6090 2759
f 2751 2760 6090
f 2758 2760 640
f 640 6091 2761
f 636 6091 2760
f 2754 2762 6091
f 2761 2762 639
f 639 6092 2763
f 635 6092 2762
f 2756 2764 6092
f 2763 2764 637
f 642 6093 2765
f 638 6093 2766
f 2758 2767 6093
f 2765 2767 644
f 644 6094 2768
f 640 6094 2767
f 2761 2769 6094
f 2768 2769 643
f 643 6095 2770
f 639 6095 2769
f 2763 2771 6095
f 2770 2771 641
f 646 6096 2772
f 642 6096 2773
f 2765 2774 6096
f 2772 2774 648
f 648 6097 2775
f 644 6097 2774
f 2768 2776 6097
f 2775 2776 647
f 647 6098 2777
f 643 6098 2776
f 2770 2778 6098
f 2777 2778 645
f 650 6099 2779
f 646 6099 2780
f 2772 2781 6099
f 2779 2781 652
f 652 6100 2782
f 648 6100 2781
f 2775 2783 6100
f 2782 2783 651
f 651 6101 2784
f 647 6101 2783
f 2777 2785 6101
f 2784 2785 649
f 654 6102 2786
f 650 6102 2787
f 2779 2788 6102
f 2786 2788 656
f 656 6103 2789
f 652 6103 2788
f 2782 2790 6103
f 2789 2790 655
f 655 6104 2791
f 651 6104 2790
f 2784 2792 6104
f 2791 2792 653
f 658 6105 2793
f 654 6105 2794
f 2786 2795 6105
f 2793 2795 660
f 660 6106 2796
f 656 6106 2795
f 2789 2797 6106
f 2796 2797 659
f 659 6107 2798
f 655 6107 2797
f 2791 2799 6107
f 2798 2799 657
f 662 6108 2800
f 658 6108 2801
f 2793 2802 6108
f 2800 2802 664
f 664 6109 2803
f 660 6109 2802
f 2796 2804 6109
f 2803 2804 663
f 663 6110 2805
f 659 6110 2804
f 2798 2806 6110
f 2805 2806 661
f 666 6111 2807
f 662 6111 2808
f 2800 2809 6111
f 2807 2809 668
f 668 6112 2810
f 664 6112 2809
f 2803 2811 6112
f 2810 2811 667
f 667 6113 2812
f 663 6113 2811
f 2805 2813 6113
f 2812 2813 665
f 670 6114 2814
f 666 6114 2815
f 2807 2816 6114
f 2814 2816 672
f 672 6115 2817
f 668 6115 2816
f 2810 2818 6115
f 2817 2818 671
f 671 6116 2819
f 667 6116 2818
f 2812 2820 6116
f 2819 2820 669
f 674 6117 2821
f 670 6117 2822
f 2814 2823 6117
f 2821 2823 676
f 676 6118 2824
f 672 6118 2823
f 2817 2825 6118
f 2824 2825 675
f 675 6119 2826
f 671 6119 2825
f 2819 2827 6119
f 2826 2827 673
f 678 6120 2828
f 674 6120 2829
f 2821 2830 6120
f 2828 2830 680
f 680 6121 2831
f 676 6121 2830
f 2824 2832 6121
f 2831 2832 679
f 679 6122 2833
f 675 6122 2832
f 2826 2834 6122
f 2833 2834 677
f 682 6123 2835
f 678 6123 2836
f 2828 2837 6123
f 2835 2837 684
f 684 6124 2838
f 680 6124 2837
f 2831 2839 6124
f 2838 2839 683
f 683 6125 2840
f 679 6125 2839
f 2833 2841 6125
f 2840 2841 681
f 686 6126 2842
f 682 6126 2843
f 2835 2844 6126
f 2842 2844 688
f 688 6127 2845
f 684 6127 2844
f 2838 2846 6127
f 2845 2846 687
f 687 6128 2847
f 683 6128 2846
f 2840 2848 6128
f 2847 2848 685
f 690 6129 2849
f 686 6129 2850
f 2842 2851 6129
f 2849 2851 692
f 692 6130 2852
f 688 6130 2851
f 2845 2853 6130
f 2852 2853 691
f 691 6131 2854
f 687 6131 2853
f 2847 2855 6131
f 2854 2855 689
f 694 6132 2856
f 690 6132 2857
f 2849 2858 6132
f 2856 2858 696
f 696 6133 2859
f 692 6133 2858
f 2852 2860 6133
f 2859 2860 695
f 695 6134 2861
f 691 6134 2860
f 2854 2862 6134
f 2861 2862 693
f 698 6135 2863
f 694 6135 2864
f 2856 2865 6135
f 2863 2865 700
f 700 6136 2866
f 696 6136 2865
f 2859 2867 6136
f 2866 2867 699
f 699 6137 2868
f 695 6137 2867
f 2861 2869 6137
f 2868 2869 697
f 702 6138 2870
f 698 6138 2871
f 2863 2872 6138
f 2870 2872 704
f 704 6139 2873
f 700 6139 2872
f 2866 2874 6139
f 2873 2874 703
f 703 6140 2875
f 699 6140 2874
f 2868 2876 6140
f 2875 2876 701
f 577 6141 2659
f 702 6141 2877
f 2870 2878 6141
f 2659 2878 579
f 579 6142 2662
f 704 6142 2878
f 2873 2879 6142
f 2662 2879 580
f 580 6143 2665
f 703 6143 2879
f 2875 2880 6143
f 2665 2880 578
f 710 6144 2881
f 705 6144 2882
f 2883 2884 6144
f 2881 2884 712
f 712 6145 2885
f 707 6145 2884
f 2886 2887 6145
f 2885 2887 711
f 711 6146 2888
f 708 6146 2887
f 2889 2890 6146
f 2888 2890 709
f 714 6147 2891
f 710 6147 2892
f 2881 2893 6147
f 2891 2893 716
f 716 6148 2894
f 712 6148 2893
f 2885 2895 6148
f 2894 2895 715
f 715 6149 2896
f 711 6149 2895
f 2888 2897 6149
f 2896 2897 713
f 718 6150 2898
f 714 6150 2899
f 2891 2900 6150
f 2898 2900 720
f 720 6151 2901
f 716 6151 2900
f 2894 2902 6151
f 2901 2902 719
f 719 6152 2903
f 715 6152 2902
f 2896 2904 6152
f 2903 2904 717
f 722 6153 2905
f 718 6153 2906
f 2898 2907 6153
f 2905 2907 724
f 724 6154 2908
f 720 6154 2907
f 2901 2909 6154
f 2908 2909 723
f 723 6155 2910
f 719 6155 2909
f 2903 2911 6155
f 2910 2911 721
f 726 6156 2912
f 722 6156 2913
f 2905 2914 6156
f 2912 2914 728
f 728 6157 2915
f 724 6157 2914
f 2908 2916 6157
f 2915 2916 727
f 727 6158 2917
f 723 6158 2916
f 2910 2918 6158
f 2917 2918 725
f 730 6159 2919
f 726 6159 2920
f 2912 2921 6159
f 2919 2921 732
f 732 6160 2922
f 728 6160 2921
f 2915 2923 6160
f 2922 2923 731
f 731 6161 2924
f 727 6161 2923
f 2917 2925 6161
f 2924 2925 729
f 734 6162 2926
f 730 6162 2927
f 2919 2928 6162
f 2926 2928 736
f 736 6163 2929
f 732 6163 2928
f 2922 2930 6163
f 2929 2930 735
f 735 6164 2931
f 731 6164 2930
f 2924 2932 6164
f 2931 2932 733
f 738 6165 2933
f 734 6165 2934
f 2926 2935 6165
f 2933 2935 740
f 740 6166 2936
f 736 6166 2935
f 2929 2937 6166
f 2936 2937 739
f 739 6167 2938
f 735 6167 2937
f 2931 2939 6167
f 2938 2939 737
f 742 6168 2940
f 738 6168 2941
f 2933 2942 6168
f 2940 2942 744
f 744 6169 2943
f 740 6169 2942
f 2936 2944 6169
f 2943 2944 743
f 743 6170 2945
f 739 6170 2944
f 2938 2946 6170
f 2945 2946 741
f 746 6171 2947
f 742 6171 2948
f 2940 2949 6171
f 2947 2949 748
f 748 6172 2950
f 744 6172 2949
f 2943 2951 6172
f 2950 2951 747
f 747 6173 2952
f 743 6173 2951
f 2945 2953 6173
f 2952 2953 745
f 750 6174 2954
f 746 6174 2955
f 2947 2956 6174
f 2954 2956 752
f 752 6175 2957
f 748 6175 2956
f 2950 2958 6175
f 2957 2958 751
f 751 6176 2959
f 747 6176 2958
f 2952 2960 6176
f 2959 2960 749
f 754 6177 2961
f 750 6177 2962
f 2954 2963 6177
f 2961 2963 756
f 756 6178 2964
f 752 6178 2963
f 2957 2965 6178
f 2964 2965 755
f 755 6179 2966
f 751 6179 2965
f 2959 2967 6179
f 2966 2967 753
f 758 6180 2968
f 754 6180 2969
f 2961 2970 6180
f 2968 2970 760
f 760 6181 2971
f 756 6181 2970
f 2964 2972 6181
f 2971 2972 759
f 759 6182 2973
f 755 6182 2972
f 2966 2974 6182
f 2973 2974 757
f 762 6183 2975
f 758 6183 2976
f 2968 2977 6183
f 2975 2977 764
f 764 6184 2978
f 760 6184 2977
f 2971 2979 6184
f 2978 2979 763
f 763 6185 2980
f 759 6185 2979
f 2973 2981 6185
f 2980 2981 761
f 766 6186 2982
f 762 6186 2983
f 2975 2984 6186
f 2982 2984 768
f 768 6187 2985
f 764 6187 2984
f 2978 2986 6187
f 2985 2986 767
f 767 6188 2987
f 763 6188 2986
f 2980 2988 6188
f 2987 2988 765
f 770 6189 2989
f 766 6189 2990
f 2982 2991 6189
f 2989 2991 772
f 772 6190 2992
f 768 6190 2991
f 2985 2993 6190
f 2992 2993 771
f 771 6191 2994
f 767 6191 2993
f 2987 2995 6191
f 2994 2995 769
f 774 6192 2996
f 770 6192 2997
f 2989 2998 6192
f 2996 2998 776
f 776 6193 2999
f 772 6193 2998
f 2992 3000 6193
f 2999 3000 775
f 775 6194 3001
f 771 6194 3000
f 2994 3002 6194
f 3001 3002 773
f 778 6195 3003
f 774 6195 3004
f 2996 3005 6195
f 3003 3005 780
f 780 6196 3006
f 776 6196 3005
f 2999 3007 6196
f 3006 3007 779
f 779 6197 3008
f 775 6197 3007
f 3001 3009 6197
f 3008 3009 777
f 782 6198 3010
f 778 6198 3011
f 3003 3012 6198
f 3010 3012 784
f 784 6199 3013
f 780 6199 3012
f 3006 3014 6199
f 3013 3014 783
f 783 6200 3015
f 779 6200 3014
f 3008 3016 6200
f 3015 3016 781
f 786 6201 3017
f 782 6201 3018
f 3010 3019 6201
f 3017 3019 788
f 788 6202 3020
f 784 6202 3019
f 3013 3021 6202
f 3020 3021 787
f 787 6203 3022
f 783 6203 3021
f 3015 3023 6203
f 3022 3023 785
f 790 6204 3024
f 786 6204 3025
f 3017 3026 6204
f 3024 3026 792
f 792 6205 3027
f 788 6205 3026
f 3020 3028 6205
f 3027 3028 791
f 791 6206 3029
f 787 6206 3028
f 3022 3030 6206
f 3029 3030 789
f 794 6207 3031
f 790 6207 3032
f 3024 3033 6207
f 3031 3033 796
f 796 6208 3034
f 792 6208 3033
f 3027 3035 6208
f 3034 3035 795
f 795 6209 3036
f 791 6209 3035
f 3029 3037 6209
f 3036 3037 793
f 798 6210 3038
f 794 6210 3039
f 3031 3040 6210
f 3038 3040 800
f 800 6211 3041
f 796 6211 3040
f 3034 3042 6211
f 3041 3042 799
f 799 6212 3043
f 795 6212 3042
f 3036 3044 6212
f 3043 3044 797
f 802 6213 3045
f 798 6213 3046
f 3038 3047 6213
f 3045 3047 804
f 804 6214 3048
f 800 6214 3047
f 3041 3049 6214
f 3048 3049 803
f 803 6215 3050
f 799 6215 3049
f 3043 3051 6215
f 3050 3051 801
f 806 6216 3052
f 802 6216 3053
f 3045 3054 6216
f 3052 3054 808
f 808 6217 3055
f 804 6217 3054
f 3048 3056 6217
f 3055 3056 807
f 807 6218 3057
f 803 6218 3056
f 3050 3058 6218
f 3057 3058 805
f 810 6219 3059
f 806 6219 3060
f 3052 3061 6219
f 3059 3061 812
f 812 6220 3062
f 808 6220 3061
f 3055 3063 6220
f 3062 3063 811
f 811 6221 3064
f 807 6221 3063
f 3057 3065 6221
f 3064 3065 809
f 814 6222 3066
f 810 6222 3067
f 3059 3068 6222
f 3066 3068 816
f 816 6223 3069
f 812 6223 3068
f 3062 3070 6223
f 3069 3070 815
f 815 6224 3071
f 811 6224 3070
f 3064 3072 6224
f 3071 3072 813
f 818 6225 3073
f 814 6225 3074
f 3066 3075 6225
f 3073 3075 820
f 820 6226 3076
f 816 6226 3075
f 3069 3077 6226
f 3076 3077 819
f 819 6227 3078
f 815 6227 3077
f 3071 3079 6227
f 3078 3079 817
f 822 6228 3080
f 818 6228 3081
f 3073 3082 6228
f 3080 3082 824
f 824 6229 3083
f 820 6229 3082
f 3076 3084 6229
f 3083 3084 823
f 823 6230 3085
f 819 6230 3084
f 3078 3086 6230
f 3085 3086 821
f 826 6231 3087
f 822 6231 3088
f 3080 3089 6231
f 3087 3089 828
f 828 6232 3090
f 824 6232 3089
f 3083 3091 6232
f 3090 3091 827
f 827 6233 3092
f 823 6233 3091
f 3085 3093 6233
f 3092 3093 825
f 830 6234 3094
f 826 6234 3095
f 3087 3096 6234
f 3094 3096 832
f 832 6235 3097
f 828 6235 3096
f 3090 3098 6235
f 3097 3098 831
f 831 6236 3099
f 827 6236 3098
f 3092 3100 6236
f 3099 3100 829
f 705 6237 2883
f 830 6237 3101
f 3094 3102 6237
f 2883 3102 707
f 707 6238 2886
f 832 6238 3102
f 3097 3103 6238
f 2886 3103 708
f 708 6239 2889
f 831 6239 3103
f 3099 3104 6239
f 2889 3104 706
f 838 6240 3105
f 833 6240 3106
f 3107 3108 6240
f 3105 3108 840
f 840 6241 3109
f 835 6241 3108
f 3110 3111 6241
f 3109 3111 839
f 839 6242 3112
f 836 6242 3111
f 3113 3114 6242
f 3112 3114 837
f 842 6243 3115
f 838 6243 3116
f 3105 3117 6243
f 3115 3117 844
f 844 6244 3118
f 840 6244 3117
f 3109 3119 6244
f 3118 3119 843
f 843 6245 3120
f 839 6245 3119
f 3112 3121 6245
f 3120 3121 841
f 846 6246 3122
f 842 6246 3123
f 3115 3124 6246
f 3122 3124 848
f 848 6247 3125
f 844 6247 3124
f 3118 3126 6247
f 3125 3126 847
f 847 6248 3127
f 843 6248 3126
f 3120 3128 6248
f 3127 3128 845
f 850 6249 3129
f 846 6249 3130
f 3122 3131 6249
f 3129 3131 852
f 852 6250 3132
f 848 6250 3131
f 3125 3133 6250
f 3132 3133 851
f 851 6251 3134
f 847 6251 3133
f 3127 3135 6251
f 3134 3135 849
f 854 6252 3136
f 850 6252 3137
f 3129 3138 6252
f 3136 3138 856
f 856 6253 3139
f 852 6253 3138
f 3132 3140 6253
f 3139 3140 855
f 855 6254 3141
f 851 6254 3140
f 3134 3142 6254
f 3141 3142 853
f 858 6255 3143
f 854 6255 3144
f 3136 3145 6255
f 3143 3145 860
f 860 6256 3146
f 856 6256 3145
f 3139 3147 6256
f 3146 3147 859
f 859 6257 3148
f 855 6257 3147
f 3141 3149 6257
f 3148 3149 857
f 862 6258 3150
f 858 6258 3151
f 3143 3152 6258
f 3150 3152 864
f 864 6259 3153
f 860 6259 3152
f 3146 3154 6259
f 3153 3154 863
f 863 6260 3155
f 859 6260 3154
f 3148 3156 6260
f 3155 3156 861
f 866 6261 3157
f 862 6261 3158
f 3150 3159 6261
f 3157 3159 868
f 868 6262 3160
f 864 6262 3159
f 3153 3161 6262
f 3160 3161 867
f 867 6263 3162
f 863 6263 3161
f 3155 3163 6263
f 3162 3163 865
f 870 6264 3164
f 866 6264 3165
f 3157 3166 6264
f 3164 3166 872
f 872 6265 3167
f 868 6265 3166
f 3160 3168 6265
f 3167 3168 871
f 871 6266 3169
f 867 6266 3168
f 3162 3170 6266
f 3169 3170 869
f 874 6267 3171
f 870 6267 3172
f 3164 3173 6267
f 3171 3173 876
f 876 6268 3174
f 872 6268 3173
f 3167 3175 6268
f 3174 3175 875
f 875 6269 3176
f 871 6269 3175
f 3169 3177 6269
f 3176 3177 873
f 878 6270 3178
f 874 6270 3179
f 3171 3180 6270
f 3178 3180 880
f 880 6271 3181
f 876 6271 3180
f 3174 3182 6271
f 3181 3182 879
f 879 6272 3183
f 875 6272 3182
f 3176 3184 6272
f 3183 3184 877
f 882 6273 3185
f 878 6273 3186
f 3178 3187 6273
f 3185 3187 884
f 884 6274 3188
f 880 6274 3187
f 3181 3189 6274
f 3188 3189 883
f 883 6275 3190
f 879 6275 3189
f 3183 3191 6275
f 3190 3191 881
f 886 6276 3192
f 882 6276 3193
f 3185 3194 6276
f 3192 3194 888
f 888 6277 3195
f 884 6277 3194
f 3188 3196 6277
f 3195 3196 887
f 887 6278 3197
f 883 6278 3196
f 3190 3198 6278
f 3197 3198 885
f 890 6279 3199
f 886 6279 3200
f 3192 3201 6279
f 3199 3201 892
f 892 6280 3202
f 888 6280 3201
f 3195 3203 6280
f 3202 3203 891
f 891 6281 3204
f 887 6281 3203
f 3197 3205 6281
f 3204 3205 889
f 894 6282 3206
f 890 6282 3207
f 3199 3208 6282
f 3206 3208 896
f 896 6283 3209
f 892 6283 3208
f 3202 3210 6283
f 3209 3210 895
f 895 6284 3211
f 891 6284 3210
f 3204 3212 6284
f 3211 3212 893
f 898 6285 3213
f 894 6285 3214
f 3206 3215 6285
f 3213 3215 900
f 900 6286 3216
f 896 6286 3215
f 3209 3217 6286
f 3216 3217 899
f 899 6287 3218
f 895 6287 3217
f 3211 3219 6287
f 3218 3219 897
f 902 6288 3220
f 898 6288 3221
f 3213 3222 6288
f 3220 3222 904
f 904 6289 3223
f 900 6289 3222
f 3216 3224 6289
f 3223 3224 903
f 903 6290 3225
f 899 6290 3224
f 3218 3226 6290
f 3225 3226 901
f 906 6291 3227
f 902 6291 3228
f 3220 3229 6291
f 3227 3229 908
f 908 6292 3230
f 904 6292 3229
f 3223 3231 6292
f 3230 3231 907
f 907 6293 3232
f 903 6293 3231
f 3225 3233 6293
f 3232 3233 905
f 910 6294 3234
f 906 6294 3235
f 3227 3236 6294
f 3234 3236 912
f 912 6295 3237
f 908 6295 3236
f 3230 3238 6295
f 3237 3238 911
f 911 6296 3239
f 907 6296 3238
f 3232 3240 6296
f 3239 3240 909
f 914 6297 3241
f 910 6297 3242
f 3234 3243 6297
f 3241 3243 916
f 916 6298 3244
f 912 6298 3243
f 3237 3245 6298
f 3244 3245 915
f 915 6299 3246
f 911 6299 3245
f 3239 3247 6299
f 3246 3247 913
f 918 6300 3248
f 914 6300 3249
f 3241 3250 6300
f 3248 3250 920
f 920 6301 3251
f 916 6301 3250
f 3244 3252 6301
f 3251 3252 919
f 919 6302 3253
f 915 6302 3252
f 3246 3254 6302
f 3253 3254 917
f 922 6303 3255
f 918 6303 3256
f 3248 3257 6303
f 3255 3257 924
f 924 6304 3258
f 920 6304 3257
f 3251 3259 6304
f 3258 3259 923
f 923 6305 3260
f 919 6305 3259
f 3253 3261 6305
f 3260 3261 921
f 926 6306 3262
f 922 6306 3263
f 3255 3264 6306
f 3262 3264 928
f 928 6307 3265
f 924 6307 3264
f 3258 3266 6307
f 3265 3266 927
f 927 6308 3267
f 923 6308 3266
f 3260 3268 6308
f 3267 3268 925
f 930 6309 3269
f 926 6309 3270
f 3262 3271 6309
f 3269 3271 932
f 932 6310 3272
f 928 6310 3271
f 3265 3273 6310
f 3272 3273 931
f 931 6311 3274
f 927 6311 3273
f 3267 3275 6311
f 3274 3275 929
f 934 6312 3276
f 930 6312 3277
f 3269 3278 6312
f 3276 3278 936
f 936 6313 3279
f 932 6313 3278
f 3272 3280 6313
f 3279 3280 935
f 935 6314 3281
f 931 6314 3280
f 3274 3282 6314
f 3281 3282 933
f 938 6315 3283
f 934 6315 3284
f 3276 3285 6315
f 3283 3285 940
f 940 6316 3286
f 936 6316 3285
f 3279 3287 6316
f 3286 3287 939
f 939 6317 3288
f 935 6317 3287
f 3281 3289 6317
f 3288 3289 937
f 942 6318 3290
f 938 6318 3291
f 3283 3292 6318
f 3290 3292 944
f 944 6319 3293
f 940 6319 3292
f 3286 3294 6319
f 3293 3294 943
f 943 6320 3295
f 939 6320 3294
f 3288 3296 6320
f 3295 3296 941
f 946 6321 3297
f 942 6321 3298
f 3290 3299 6321
f 3297 3299 948
f 948 6322 3300
f 944 6322 3299
f 3293 3301 6322
f 3300 3301 947
f 947 6323 3302
f 943 6323 3301
f 3295 3303 6323
f 3302 3303 945
f 950 6324 3304
f 946 6324 3305
f 3297 3306 6324
f 3304 3306 952
f 952 6325 3307
f 948 6325 3306
f 3300 3308 6325
f 3307 3308 951
f 951 6326 3309
f 947 6326 3308
f 3302 3310 6326
f 3309 3310 949
f 954 6327 3311
f 950 6327 3312
f 3304 3313 6327
f 3311 3313 956
f 956 6328 3314
f 952 6328 3313
f 3307 3315 6328
f 3314 3315 955
f 955 6329 3316
f 951 6329 3315
f 3309 3317 6329
f 3316 3317 953
f 958 6330 3318
f 954 6330 3319
f 3311 3320 6330
f 3318 3320 960
f 960 6331 3321
f 956 6331 3320
f 3314 3322 6331
f 3321 3322 959
f 959 6332 3323
f 955 6332 3322
f 3316 3324 6332
f 3323 3324 957
f 833 6333 3107
f 958 6333 3325
f 3318 3326 6333
f 3107 3326 835
f 835 6334 3110
f 960 6334 3326
f 3321 3327 6334
f 3110 3327 836
f 836 6335 3113
f 959 6335 3327
f 3323 3328 6335
f 3113 3328 834
f 3330 3329 966
f 3330 3331 6336
f 6336 963 3332
f 6336 968 3329
f 3332 3333 968
f 3332 3334 6337
f 6337 964 3335
f 6337 967 3333
f 3335 3336 967
f 3335 3337 6338
f 6338 962 3338
f 6338 965 3336
f 3340 3339 970
f 3340 3329 6339
f 6339 968 3341
f 6339 972 3339
f 3341 3342 972
f 3341 3333 6340
f 6340 967 3343
f 6340 971 3342
f 3343 3344 971
f 3343 3336 6341
f 6341 965 3345
f 6341 969 3344
f 3347 3346 974
f 3347 3339 6342
f 6342 972 3348
f 6342 976 3346
f 3348 3349 976
f 3348 3342 6343
f 6343 971 3350
f 6343 975 3349
f 3350 3351 975
f 3350 3344 6344
f 6344 969 3352
f 6344 973 3351
f 3354 3353 978
f 3354 3346 6345
f 6345 976 3355
f 6345 980 3353
f 3355 3356 980
f 3355 3349 6346
f 6346 975 3357
f 6346 979 3356
f 3357 3358 979
f 3357 3351 6347
f 6347 973 3359
f 6347 977 3358
f 3361 3360 982
f 3361 3353 6348
f 6348 980 3362
f 6348 984 3360
f 3362 3363 984
f 3362 3356 6349
f 6349 979 3364
f 6349 983 3363
f 3364 3365 983
f 3364 3358 6350
f 6350 977 3366
f 6350 981 3365
f 3368 3367 986
f 3368 3360 6351
f 6351 984 3369
f 6351 988 3367
f 3369 3370 988
f 3369 3363 6352
f 6352 983 3371
f 6352 987 3370
f 3371 3372 987
f 3371 3365 6353
f 6353 981 3373
f 6353 985 3372
f 3375 3374 990
f 3375 3367 6354
f 6354 988 3376
f 6354 992 3374
f 3376 3377 992
f 3376 3370 6355
f 6355 987 3378
f 6355 991 3377
f 3378 3379 991
f 3378 3372 6356
f 6356 985 3380
f 6356 989 3379
f 3382 3381 994
f 3382 3374 6357
f 6357 992 3383
f 6357 996 3381
f 3383 3384 996
f 3383 3377 6358
f 6358 991 3385
f 6358 995 3384
f 3385 3386 995
f 3385 3379 6359
f 6359 989 3387
f 6359 993 3386
f 3389 3388 998
f 3389 3381 6360
f 6360 996 3390
f 6360 1000 3388
f 3390 3391 1000
f 3390 3384 6361
f 6361 995 3392
f 6361 999 3391
f 3392 3393 999
f 3392 3386 6362
f 6362 993 3394
f 6362 997 3393
f 3396 3395 1002
f 3396 3388 6363
f 6363 1000 3397
f 6363 1004 3395
f 3397 3398 1004
f 3397 3391 6364
f 6364 999 3399
f 6364 1003 3398
f 3399 3400 1003
f 3399 3393 6365
f 6365 997 3401
f 6365 1001 3400
f 3403 3402 1006
f 3403 3395 6366
f 6366 1004 3404
f 6366 1008 3402
f 3404 3405 1008
f 3404 3398 6367
f 6367 1003 3406
f 6367 1007 3405
f 3406 3407 1007
f 3406 3400 6368
f 6368 1001 3408
f 6368 1005 3407
f 3410 3409 1010
f 3410 3402 6369
f 6369 1008 3411
f 6369 1012 3409
f 3411 3412 1012
f 3411 3405 6370
f 6370 1007 3413
f 6370 1011 3412
f 3413 3414 1011
f 3413 3407 6371
f 6371 1005 3415
f 6371 1009 3414
f 3417 3416 1014
f 3417 3409 6372
f 6372 1012 3418
f 6372 1016 3416
f 1016 6373 3419
f 3418 3412 6373
f 6373 1011 3420
f 6373 1015 3419
f 3420 3421 1015
f 3420 3414 6374
f 6374 1009 3422
f 6374 1013 3421
f 3424 3423 1018
f 3424 3416 6375
f 6375 1016 3425
f 6375 1020 3423
f 3425 3426 1020
f 3425 3419 6376
f 6376 1015 3427
f 6376 1019 3426
f 3427 3428 1019
f 3427 3421 6377
f 6377 1013 3429
f 6377 1017 3428
f 3431 3430 1022
f 3431 3423 6378
f 6378 1020 3432
f 6378 1024 3430
f 3432 3433 1024
f 3432 3426 6379
f 6379 1019 3434
f 6379 1023 3433
f 3434 3435 1023
f 3434 3428 6380
f 6380 1017 3436
f 6380 1021 3435
f 3438 3437 1026
f 3438 3430 6381
f 6381 1024 3439
f 6381 1028 3437
f 3439 3440 1028
f 3439 3433 6382
f 6382 1023 3441
f 6382 1027 3440
f 3441 3442 1027
f 3441 3435 6383
f 6383 1021 3443
f 6383 1025 3442
f 3445 3444 1030
f 3445 3437 6384
f 6384 1028 3446
f 6384 1032 3444
f 3446 3447 1032
f 3446 3440 6385
f 6385 1027 3448
f 6385 1031 3447
f 3448 3449 1031
f 3448 3442 6386
f 6386 1025 3450
f 6386 1029 3449
f 3452 3451 1034
f 3452 3444 6387
f 6387 1032 3453
f 6387 1036 3451
f 3453 3454 1036
f 3453 3447 6388
f 6388 1031 3455
f 6388 1035 3454
f 3455 3456 1035
f 3455 3449 6389
f 6389 1029 3457
f 6389 1033 3456
f 3459 3458 1038
f 3459 3451 6390
f 6390 1036 3460
f 6390 1040 3458
f 3460 3461 1040
f 3460 3454 6391
f 6391 1035 3462
f 6391 1039 3461
f 3462 3463 1039
f 3462 3456 6392
f 6392 1033 3464
f 6392 1037 3463
f 3466 3465 1042
f 3466 3458 6393
f 6393 1040 3467
f 6393 1044 3465
f 3467 3468 1044
f 3467 3461 6394
f 6394 1039 3469
f 6394 1043 3468
f 3469 3470 1043
f 3469 3463 6395
f 6395 1037 3471
f 6395 1041 3470
f 3473 3472 1046
f 3473 3465 6396
f 6396 1044 3474
f 6396 1048 3472
f 3474 3475 1048
f 3474 3468 6397
f 6397 1043 3476
f 6397 1047 3475
f 3476 3477 1047
f 3476 3470 6398
f 6398 1041 3478
f 6398 1045 3477
f 3480 3479 1050
f 3480 3472 6399
f 6399 1048 3481
f 6399 1052 3479
f 3481 3482 1052
f 3481 3475 6400
f 6400 1047 3483
f 6400 1051 3482
f 3483 3484 1051
f 3483 3477 6401
f 6401 1045 3485
f 6401 1049 3484
f 3487 3486 1054
f 3487 3479 6402
f 6402 1052 3488
f 6402 1056 3486
f 3488 3489 1056
f 3488 3482 6403
f 6403 1051 3490
f 6403 1055 3489
f 3490 3491 1055
f 3490 3484 6404
f 6404 1049 3492
f 6404 1053 3491
f 3494 3493 1058
f 3494 3486 6405
f 6405 1056 3495
f 6405 1060 3493
f 3495 3496 1060
f 3495 3489 6406
f 6406 1055 3497
f 6406 1059 3496
f 3497 3498 1059
f 3497 3491 6407
f 6407 1053 3499
f 6407 1057 3498
f 3501 3500 1062
f 3501 3493 6408
f 6408 1060 3502
f 6408 1064 3500
f 3502 3503 1064
f 3502 3496 6409
f 6409 1059 3504
f 6409 1063 3503
f 3504 3505 1063
f 3504 3498 6410
f 6410 1057 3506
f 6410 1061 3505
f 3508 3507 1066
f 3508 3500 6411
f 6411 1064 3509
f 6411 1068 3507
f 3509 3510 1068
f 3509 3503 6412
f 6412 1063 3511
f 6412 1067 3510
f 3511 3512 1067
f 3511 3505 6413
f 6413 1061 3513
f 6413 1065 3512
f 3515 3514 1070
f 3515 3507 6414
f 6414 1068 3516
f 6414 1072 3514
f 3516 3517 1072
f 3516 3510 6415
f 6415 1067 3518
f 6415 1071 3517
f 3518 3519 1071
f 3518 3512 6416
f 6416 1065 3520
f 6416 1069 3519
f 3522 3521 1074
f 3522 3514 6417
f 6417 1072 3523
f 6417 1076 3521
f 3523 3524 1076
f 3523 3517 6418
f 6418 1071 3525
f 6418 1075 3524
f 3525 3526 1075
f 3525 3519 6419
f 6419 1069 3527
f 6419 1073 3526
f 3529 3528 1078
f 3529 3521 6420
f 6420 1076 3530
f 6420 1080 3528
f 3530 3531 1080
f 3530 3524 6421
f 6421 1075 3532
f 6421 1079 3531
f 3532 3533 1079
f 3532 3526 6422
f 6422 1073 3534
f 6422 1077 3533
f 3536 3535 1082
f 3536 3528 6423
f 6423 1080 3537
f 6423 1084 3535
f 3537 3538 1084
f 3537 3531 6424
f 6424 1079 3539
f 6424 1083 3538
f 3539 3540 1083
f 3539 3533 6425
f 6425 1077 3541
f 6425 1081 3540
f 3543 3542 1086
f 3543 3535 6426
f 6426 1084 3544
f 6426 1088 3542
f 3544 3545 1088
f 3544 3538 6427
f 6427 1083 3546
f 6427 1087 3545
f 3546 3547 1087
f 3546 3540 6428
f 6428 1081 3548
f 6428 1085 3547
f 3549 3331 961
f 3549 3542 6429
f 6429 1088 3550
f 6429 963 3331
f 3550 3334 963
f 3550 3545 6430
f 6430 1087 3551
f 6430 964 3334
f 3551 3337 964
f 3551 3547 6431
f 6431 1085 3552
f 6431 962 3337
f 3554 3553 1094
f 3554 3555 6432
f 6432 1091 3556
f 6432 1096 3553
f 3556 3557 1096
f 3556 3558 6433
f 6433 1092 3559
f 6433 1095 3557
f 3559 3560 1095
f 3559 3561 6434
f 6434 1090 3562
f 6434 1093 3560
f 3564 3563 1098
f 3564 3553 6435
f 6435 1096 3565
f 6435 1100 3563
f 3565 3566 1100
f 3565 3557 6436
f 6436 1095 3567
f 6436 1099 3566
f 3567 3568 1099
f 3567 3560 6437
f 6437 1093 3569
f 6437 1097 3568
f 3571 3570 1102
f 3571 3563 6438
f 6438 1100 3572
f 6438 1104 3570
f 3572 3573 1104
f 3572 3566 6439
f 6439 1099 3574
f 6439 1103 3573
f 3574 3575 1103
f 3574 3568 6440
f 6440 1097 3576
f 6440 1101 3575
f 3578 3577 1106
f 3578 3570 6441
f 6441 1104 3579
f 6441 1108 3577
f 3579 3580 1108
f 3579 3573 6442
f 6442 1103 3581
f 6442 1107 3580
f 3581 3582 1107
f 3581 3575 6443
f 6443 1101 3583
f 6443 1105 3582
f 3585 3584 1110
f 3585 3577 6444
f 6444 1108 3586
f 6444 1112 3584
f 3586 3587 1112
f 3586 3580 6445
f 6445 1107 3588
f 6445 1111 3587
f 3588 3589 1111
f 3588 3582 6446
f 6446 1105 3590
f 6446 1109 3589
f 3592 3591 1114
f 3592 3584 6447
f 6447 1112 3593
f 6447 1116 3591
f 3593 3594 1116
f 3593 3587 6448
f 6448 1111 3595
f 6448 1115 3594
f 3595 3596 1115
f 3595 3589 6449
f 6449 1109 3597
f 6449 1113 3596
f 3599 3598 1118
f 3599 3591 6450
f 6450 1116 3600
f 6450 1120 3598
f 3600 3601 1120
f 3600 3594 6451
f 6451 1115 3602
f 6451 1119 3601
f 3602 3603 1119
f 3602 3596 6452
f 6452 1113 3604
f 6452 1117 3603
f 3606 3605 1122
f 3606 3598 6453
f 6453 1120 3607
f 6453 1124 3605
f 3607 3608 1124
f 3607 3601 6454
f 6454 1119 3609
f 6454 1123 3608
f 3609 3610 1123
f 3609 3603 6455
f 6455 1117 3611
f 6455 1121 3610
f 3613 3612 1126
f 3613 3605 6456
f 6456 1124 3614
f 6456 1128 3612
f 3614 3615 1128
f 3614 3608 6457
f 6457 1123 3616
f 6457 1127 3615
f 3616 3617 1127
f 3616 3610 6458
f 6458 1121 3618
f 6458 1125 3617
f 3620 3619 1130
f 3620 3612 6459
f 6459 1128 3621
f 6459 1132 3619
f 3621 3622 1132
f 3621 3615 6460
f 6460 1127 3623
f 6460 1131 3622
f 3623 3624 1131
f 3623 3617 6461
f 6461 1125 3625
f 6461 1129 3624
f 3627 3626 1134
f 3627 3619 6462
f 6462 1132 3628
f 6462 1136 3626
f 3628 3629 1136
f 3628 3622 6463
f 6463 1131 3630
f 6463 1135 3629
f 3630 3631 1135
f 3630 3624 6464
f 6464 1129 3632
f 6464 1133 3631
f 3634 3633 1138
f 3634 3626 6465
f 6465 1136 3635
f 6465 1140 3633
f 3635 3636 1140
f 3635 3629 6466
f 6466 1135 3637
f 6466 1139 3636
f 3637 3638 1139
f 3637 3631 6467
f 6467 1133 3639
f 6467 1137 3638
f 3641 3640 1142
f 3641 3633 6468
f 6468 1140 3642
f 6468 1144 3640
f 3642 3643 1144
f 3642 3636 6469
f 6469 1139 3644
f 6469 1143 3643
f 3644 3645 1143
f 3644 3638 6470
f 6470 1137 3646
f 6470 1141 3645
f 3648 3647 1146
f 3648 3640 6471
f 6471 1144 3649
f 6471 1148 3647
f 3649 3650 1148
f 3649 3643 6472
f 6472 1143 3651
f 6472 1147 3650
f 3651 3652 1147
f 3651 3645 6473
f 6473 1141 3653
f 6473 1145 3652
f 3655 3654 1150
f 3655 3647 6474
f 6474 1148 3656
f 6474 1152 3654
f 3656 3657 1152
f 3656 3650 6475
f 6475 1147 3658
f 6475 1151 3657
f 3658 3659 1151
f 3658 3652 6476
f 6476 1145 3660
f 6476 1149 3659
f 3662 3661 1154
f 3662 3654 6477
f 6477 1152 3663
f 6477 1156 3661
f 3663 3664 1156
f 3663 3657 6478
f 6478 1151 3665
f 6478 1155 3664
f 3665 3666 1155
f 3665 3659 6479
f 6479 1149 3667
f 6479 1153 3666
f 3669 3668 1158
f 3669 3661 6480
f 6480 1156 3670
f 6480 1160 3668
f 3670 3671 1160
f 3670 3664 6481
f 6481 1155 3672
f 6481 1159 3671
f 3672 3673 1159
f 3672 3666 6482
f 6482 1153 3674
f 6482 1157 3673
f 3676 3675 1162
f 3676 3668 6483
f 6483 1160 3677
f 6483 1164 3675
f 3677 3678 1164
f 3677 3671 6484
f 6484 1159 3679
f 6484 1163 3678
f 3679 3680 1163
f 3679 3673 6485
f 6485 1157 3681
f 6485 1161 3680
f 3683 3682 1166
f 3683 3675 6486
f 6486 1164 3684
f 6486 1168 3682
f 3684 3685 1168
f 3684 3678 6487
f 6487 1163 3686
f 6487 1167 3685
f 3686 3687 1167
f 3686 3680 6488
f 6488 1161 3688
f 6488 1165 3687
f 3690 3689 1170
f 3690 3682 6489
f 6489 1168 3691
f 6489 1172 3689
f 3691 3692 1172
f 3691 3685 6490
f 6490 1167 3693
f 6490 1171 3692
f 3693 3694 1171
f 3693 3687 6491
f 6491 1165 3695
f 6491 1169 3694
f 3697 3696 1174
f 3697 3689 6492
f 6492 1172 3698
f 6492 1176 3696
f 3698 3699 1176
f 3698 3692 6493
f 6493 1171 3700
f 6493 1175 3699
f 3700 3701 1175
f 3700 3694 6494
f 6494 1169 3702
f 6494 1173 3701
f 3704 3703 1178
f 3704 3696 6495
f 6495 1176 3705
f 6495 1180 3703
f 3705 3706 1180
f 3705 3699 6496
f 6496 1175 3707
f 6496 1179 3706
f 3707 3708 1179
f 3707 3701 6497
f 6497 1173 3709
f 6497 1177 3708
f 3711 3710 1182
f 3711 3703 6498
f 6498 1180 3712
f 6498 1184 3710
f 3712 3713 1184
f 3712 3706 6499
f 6499 1179 3714
f 6499 1183 3713
f 3714 3715 1183
f 3714 3708 6500
f 6500 1177 3716
f 6500 1181 3715
f 3718 3717 1186
f 3718 3710 6501
f 6501 1184 3719
f 6501 1188 3717
f 3719 3720 1188
f 3719 3713 6502
f 6502 1183 3721
f 6502 1187 3720
f 3721 3722 1187
f 3721 3715 6503
f 6503 1181 3723
f 6503 1185 3722
f 3725 3724 1190
f 3725 3717 6504
f 6504 1188 3726
f 6504 1192 3724
f 3726 3727 1192
f 3726 3720 6505
f 6505 1187 3728
f 6505 1191 3727
f 3728 3729 1191
f 3728 3722 6506
f 6506 1185 3730
f 6506 1189 3729
f 3732 3731 1194
f 3732 3724 6507
f 6507 1192 3733
f 6507 1196 3731
f 3733 3734 1196
f 3733 3727 6508
f 6508 1191 3735
f 6508 1195 3734
f 3735 3736 1195
f 3735 3729 6509
f 6509 1189 3737
f 6509 1193 3736
f 3739 3738 1198
f 3739 3731 6510
f 6510 1196 3740
f 6510 1200 3738
f 3740 3741 1200
f 3740 3734 6511
f 6511 1195 3742
f 6511 1199 3741
f 3742 3743 1199
f 3742 3736 6512
f 6512 1193 3744
f 6512 1197 3743
f 3746 3745 1202
f 3746 3738 6513
f 6513 1200 3747
f 6513 1204 3745
f 3747 3748 1204
f 3747 3741 6514
f 6514 1199 3749
f 6514 1203 3748
f 3749 3750 1203
f 3749 3743 6515
f 6515 1197 3751
f 6515 1201 3750
f 3753 3752 1206
f 3753 3745 6516
f 6516 1204 3754
f 6516 1208 3752
f 3754 3755 1208
f 3754 3748 6517
f 6517 1203 3756
f 6517 1207 3755
f 3756 3757 1207
f 3756 3750 6518
f 6518 1201 3758
f 6518 1205 3757
f 3760 3759 1210
f 3760 3752 6519
f 6519 1208 3761
f 6519 1212 3759
f 3761 3762 1212
f 3761 3755 6520
f 6520 1207 3763
f 6520 1211 3762
f 3763 3764 1211
f 3763 3757 6521
f 6521 1205 3765
f 6521 1209 3764
f 3767 3766 1214
f 3767 3759 6522
f 6522 1212 3768
f 6522 1216 3766
f 3768 3769 1216
f 3768 3762 6523
f 6523 1211 3770
f 6523 1215 3769
f 3770 3771 1215
f 3770 3764 6524
f 6524 1209 3772
f 6524 1213 3771
f 3773 3555 1089
f 3773 3766 6525
f 6525 1216 3774
f 6525 1091 3555
f 3774 3558 1091
f 3774 3769 6526
f 6526 1215 3775
f 6526 1092 3558
f 3775 3561 1092
f 3775 3771 6527
f 6527 1213 3776
f 6527 1090 3561
f 3778 3777 1222
f 3778 3779 6528
f 6528 1219 3780
f 6528 1224 3777
f 3780 3781 1224
f 3780 3782 6529
f 6529 1220 3783
f 6529 1223 3781
f 3783 3784 1223
f 3783 3785 6530
f 6530 1218 3786
f 6530 1221 3784
f 3788 3787 1226
f 3788 3777 6531
f 6531 1224 3789
f 6531 1228 3787
f 3789 3790 1228
f 3789 3781 6532
f 6532 1223 3791
f 6532 1227 3790
f 3791 3792 1227
f 3791 3784 6533
f 6533 1221 3793
f 6533 1225 3792
f 3795 3794 1230
f 3795 3787 6534
f 6534 1228 3796
f 6534 1232 3794
f 3796 3797 1232
f 3796 3790 6535
f 6535 1227 3798
f 6535 1231 3797
f 3798 3799 1231
f 3798 3792 6536
f 6536 1225 3800
f 6536 1229 3799
f 3802 3801 1234
f 3802 3794 6537
f 6537 1232 3803
f 6537 1236 3801
f 3803 3804 1236
f 3803 3797 6538
f 6538 1231 3805
f 6538 1235 3804
f 3805 3806 1235
f 3805 3799 6539
f 6539 1229 3807
f 6539 1233 3806
f 3809 3808 1238
f 3809 3801 6540
f 6540 1236 3810
f 6540 1240 3808
f 3810 3811 1240
f 3810 3804 6541
f 6541 1235 3812
f 6541 1239 3811
f 3812 3813 1239
f 3812 3806 6542
f 6542 1233 3814
f 6542 1237 3813
f 3816 3815 1242
f 3816 3808 6543
f 6543 1240 3817
f 6543 1244 3815
f 3817 3818 1244
f 3817 3811 6544
f 6544 1239 3819
f 6544 1243 3818
f 3819 3820 1243
f 3819 3813 6545
f 6545 1237 3821
f 6545 1241 3820
f 3823 3822 1246
f 3823 3815 6546
f 6546 1244 3824
f 6546 1248 3822
f 3824 3825 1248
f 3824 3818 6547
f 6547 1243 3826
f 6547 1247 3825
f 3826 3827 1247
f 3826 3820 6548
f 6548 1241 3828
f 6548 1245 3827
f 3830 3829 1250
f 3830 3822 6549
f 6549 1248 3831
f 6549 1252 3829
f 3831 3832 1252
f 3831 3825 6550
f 6550 1247 3833
f 6550 1251 3832
f 3833 3834 1251
f 3833 3827 6551
f 6551 1245 3835
f 6551 1249 3834
f 3837 3836 1254
f 3837 3829 6552
f 6552 1252 3838
f 6552 1256 3836
f 3838 3839 1256
f 3838 3832 6553
f 6553 1251 3840
f 6553 1255 3839
f 3840 3841 1255
f 3840 3834 6554
f 6554 1249 3842
f 6554 1253 3841
f 3844 3843 1258
f 3844 3836 6555
f 6555 1256 3845
f 6555 1260 3843
f 3845 3846 1260
f 3845 3839 6556
f 6556 1255 3847
f 6556 1259 3846
f 3847 3848 1259
f 3847 3841 6557
f 6557 1253 3849
f 6557 1257 3848
f 3851 3850 1262
f 3851 3843 6558
f 6558 1260 3852
f 6558 1264 3850
f 3852 3853 1264
f 3852 3846 6559
f 6559 1259 3854
f 6559 1263 3853
f 3854 3855 1263
f 3854 3848 6560
f 6560 1257 3856
f 6560 1261 3855
f 3858 3857 1266
f 3858 3850 6561
f 6561 1264 3859
f 6561 1268 3857
f 3859 3860 1268
f 3859 3853 6562
f 6562 1263 3861
f 6562 1267 3860
f 3861 3862 1267
f 3861 3855 6563
f 6563 1261 3863
f 6563 1265 3862
f 3865 3864 1270
f 3865 3857 6564
f 6564 1268 3866
f 6564 1272 3864
f 3866 3867 1272
f 3866 3860 6565
f 6565 1267 3868
f 6565 1271 3867
f 3868 3869 1271
f 3868 3862 6566
f 6566 1265 3870
f 6566 1269 3869
f 3872 3871 1274
f 3872 3864 6567
f 6567 1272 3873
f 6567 1276 3871
f 3873 3874 1276
f 3873 3867 6568
f 6568 1271 3875
f 6568 1275 3874
f 3875 3876 1275
f 3875 3869 6569
f 6569 1269 3877
f 6569 1273 3876
f 3879 3878 1278
f 3879 3871 6570
f 6570 1276 3880
f 6570 1280 3878
f 3880 3881 1280
f 3880 3874 6571
f 6571 1275 3882
f 6571 1279 3881
f 3882 3883 1279
f 3882 3876 6572
f 6572 1273 3884
f 6572 1277 3883
f 3886 3885 1282
f 3886 3878 6573
f 6573 1280 3887
f 6573 1284 3885
f 3887 3888 1284
f 3887 3881 6574
f 6574 1279 3889
f 6574 1283 3888
f 3889 3890 1283
f 3889 3883 6575
f 6575 1277 3891
f 6575 1281 3890
f 3893 3892 1286
f 3893 3885 6576
f 6576 1284 3894
f 6576 1288 3892
f 3894 3895 1288
f 3894 3888 6577
f 6577 1283 3896
f 6577 1287 3895
f 3896 3897 1287
f 3896 3890 6578
f 6578 1281 3898
f 6578 1285 3897
f 3900 3899 1290
f 3900 3892 6579
f 6579 1288 3901
f 6579 1292 3899
f 3901 3902 1292
f 3901 3895 6580
f 6580 1287 3903
f 6580 1291 3902
f 3903 3904 1291
f 3903 3897 6581
f 6581 1285 3905
f 6581 1289 3904
f 3907 3906 1294
f 3907 3899 6582
f 6582 1292 3908
f 6582 1296 3906
f 3908 3909 1296
f 3908 3902 6583
f 6583 1291 3910
f 6583 1295 3909
f 3910 3911 1295
f 3910 3904 6584
f 6584 1289 3912
f 6584 1293 3911
f 3914 3913 1298
f 3914 3906 6585
f 6585 1296 3915
f 6585 1300 3913
f 3915 3916 1300
f 3915 3909 6586
f 6586 1295 3917
f 6586 1299 3916
f 3917 3918 1299
f 3917 3911 6587
f 6587 1293 3919
f 6587 1297 3918
f 3921 3920 1302
f 3921 3913 6588
f 6588 1300 3922
f 6588 1304 3920
f 3922 3923 1304
f 3922 3916 6589
f 6589 1299 3924
f 6589 1303 3923
f 3924 3925 1303
f 3924 3918 6590
f 6590 1297 3926
f 6590 1301 3925
f 3928 3927 1306
f 3928 3920 6591
f 6591 1304 3929
f 6591 1308 3927
f 3929 3930 1308
f 3929 3923 6592
f 6592 1303 3931
f 6592 1307 3930
f 3931 3932 1307
f 3931 3925 6593
f 6593 1301 3933
f 6593 1305 3932
f 3935 3934 1310
f 3935 3927 6594
f 6594 1308 3936
f 6594 1312 3934
f 3936 3937 1312
f 3936 3930 6595
f 6595 1307 3938
f 6595 1311 3937
f 3938 3939 1311
f 3938 3932 6596
f 6596 1305 3940
f 6596 1309 3939
f 3942 3941 1314
f 3942 3934 6597
f 6597 1312 3943
f 6597 1316 3941
f 3943 3944 1316
f 3943 3937 6598
f 6598 1311 3945
f 6598 1315 3944
f 3945 3946 1315
f 3945 3939 6599
f 6599 1309 3947
f 6599 1313 3946
f 3949 3948 1318
f 3949 3941 6600
f 6600 1316 3950
f 6600 1320 3948
f 3950 3951 1320
f 3950 3944 6601
f 6601 1315 3952
f 6601 1319 3951
f 3952 3953 1319
f 3952 3946 6602
f 6602 1313 3954
f 6602 1317 3953
f 3956 3955 1322
f 3956 3948 6603
f 6603 1320 3957
f 6603 1324 3955
f 3957 3958 1324
f 3957 3951 6604
f 6604 1319 3959
f 6604 1323 3958
f 3959 3960 1323
f 3959 3953 6605
f 6605 1317 3961
f 6605 1321 3960
f 3963 3962 1326
f 3963 3955 6606
f 6606 1324 3964
f 6606 1328 3962
f 3964 3965 1328
f 3964 3958 6607
f 6607 1323 3966
f 6607 1327 3965
f 3966 3967 1327
f 3966 3960 6608
f 6608 1321 3968
f 6608 1325 3967
f 3970 3969 1330
f 3970 3962 6609
f 6609 1328 3971
f 6609 1332 3969
f 3971 3972 1332
f 3971 3965 6610
f 6610 1327 3973
f 6610 1331 3972
f 3973 3974 1331
f 3973 3967 6611
f 6611 1325 3975
f 6611 1329 3974
f 3977 3976 1334
f 3977 3969 6612
f 6612 1332 3978
f 3976 3978 1336
f 3978 3979 1336
f 3978 3972 6613
f 6613 1331 3980
f 6613 1335 3979
f 3980 3981 1335
f 3980 3974 6614
f 6614 1329 3982
f 6614 1333 3981
f 3984 3983 1338
f 3984 3976 6615
f 6615 1336 3985
f 6615 1340 3983
f 3985 3986 1340
f 3985 3979 6616
f 6616 1335 3987
f 6616 1339 3986
f 3987 3988 1339
f 3987 3981 6617
f 6617 1333 3989
f 6617 1337 3988
f 3991 3990 1342
f 3991 3983 6618
f 6618 1340 3992
f 6618 1344 3990
f 3992 3993 1344
f 3992 3986 6619
f 6619 1339 3994
f 6619 1343 3993
f 3994 3995 1343
f 3994 3988 6620
f 6620 1337 3996
f 6620 1341 3995
f 3997 3779 1217
f 3997 3990 6621
f 6621 1344 3998
f 6621 1219 3779
f 3998 3782 1219
f 3998 3993 6622
f 6622 1343 3999
f 6622 1220 3782
f 3999 3785 1220
f 3999 3995 6623
f 6623 1341 4000
f 6623 1218 3785
f 4002 4001 1350
f 4002 4003 6624
f 6624 1347 4004
f 6624 1352 4001
f 4004 4005 1352
f 4004 4006 6625
f 6625 1348 4007
f 6625 1351 4005
f 4007 4008 1351
f 4007 4009 6626
f 6626 1346 4010
f 6626 1349 4008
f 4012 4011 1354
f 4012 4001 6627
f 6627 1352 4013
f 6627 1356 4011
f 4013 4014 1356
f 4013 4005 6628
f 6628 1351 4015
f 6628 1355 4014
f 4015 4016 1355
f 4015 4008 6629
f 6629 1349 4017
f 6629 1353 4016
f 4019 4018 1358
f 4019 4011 6630
f 6630 1356 4020
f 6630 1360 4018
f 4020 4021 1360
f 4020 4014 6631
f 6631 1355 4022
f 6631 1359 4021
f 4022 4023 1359
f 4022 4016 6632
f 6632 1353 4024
f 6632 1357 4023
f 4026 4025 1362
f 4026 4018 6633
f 6633 1360 4027
f 6633 1364 4025
f 4027 4028 1364
f 4027 4021 6634
f 6634 1359 4029
f 6634 1363 4028
f 4029 4030 1363
f 4029 4023 6635
f 6635 1357 4031
f 6635 1361 4030
f 4033 4032 1366
f 4033 4025 6636
f 6636 1364 4034
f 6636 1368 4032
f 4034 4035 1368
f 4034 4028 6637
f 6637 1363 4036
f 6637 1367 4035
f 4036 4037 1367
f 4036 4030 6638
f 6638 1361 4038
f 6638 1365 4037
f 4040 4039 1370
f 4040 4032 6639
f 6639 1368 4041
f 6639 1372 4039
f 4041 4042 1372
f 4041 4035 6640
f 6640 1367 4043
f 6640 1371 4042
f 4043 4044 1371
f 4043 4037 6641
f 6641 1365 4045
f 6641 1369 4044
f 4047 4046 1374
f 4047 4039 6642
f 6642 1372 4048
f 6642 1376 4046
f 4048 4049 1376
f 4048 4042 6643
f 6643 1371 4050
f 6643 1375 4049
f 4050 4051 1375
f 4050 4044 6644
f 6644 1369 4052
f 6644 1373 4051
f 4054 4053 1378
f 4054 4046 6645
f 6645 1376 4055
f 6645 1380 4053
f 4055 4056 1380
f 4055 4049 6646
f 6646 1375 4057
f 6646 1379 4056
f 4057 4058 1379
f 4057 4051 6647
f 6647 1373 4059
f 6647 1377 4058
f 4061 4060 1382
f 4061 4053 6648
f 6648 1380 4062
f 6648 1384 4060
f 4062 4063 1384
f 4062 4056 6649
f 6649 1379 4064
f 6649 1383 4063
f 4064 4065 1383
f 4064 4058 6650
f 6650 1377 4066
f 6650 1381 4065
f 4068 4067 1386
f 4068 4060 6651
f 6651 1384 4069
f 6651 1388 4067
f 4069 4070 1388
f 4069 4063 6652
f 6652 1383 4071
f 6652 1387 4070
f 4071 4072 1387
f 4071 4065 6653
f 6653 1381 4073
f 6653 1385 4072
f 4075 4074 1390
f 4075 4067 6654
f 6654 1388 4076
f 6654 1392 4074
f 4076 4077 1392
f 4076 4070 6655
f 6655 1387 4078
f 6655 1391 4077
f 4078 4079 1391
f 4078 4072 6656
f 6656 1385 4080
f 6656 1389 4079
f 4082 4081 1394
f 4082 4074 6657
f 6657 1392 4083
f 6657 1396 4081
f 4083 4084 1396
f 4083 4077 6658
f 6658 1391 4085
f 6658 1395 4084
f 4085 4086 1395
f 4085 4079 6659
f 6659 1389 4087
f 6659 1393 4086
f 4089 4088 1398
f 4089 4081 6660
f 6660 1396 4090
f 6660 1400 4088
f 4090 4091 1400
f 4090 4084 6661
f 6661 1395 4092
f 6661 1399 4091
f 4092 4093 1399
f 4092 4086 6662
f 6662 1393 4094
f 6662 1397 4093
f 4096 4095 1402
f 4096 4088 6663
f 6663 1400 4097
f 6663 1404 4095
f 4097 4098 1404
f 4097 4091 6664
f 6664 1399 4099
f 6664 1403 4098
f 4099 4100 1403
f 4099 4093 6665
f 6665 1397 4101
f 6665 1401 4100
f 4103 4102 1406
f 4103 4095 6666
f 6666 1404 4104
f 6666 1408 4102
f 4104 4105 1408
f 4104 4098 6667
f 6667 1403 4106
f 6667 1407 4105
f 4106 4107 1407
f 4106 4100 6668
f 6668 1401 4108
f 6668 1405 4107
f 4110 4109 1410
f 4110 4102 6669
f 6669 1408 4111
f 6669 1412 4109
f 4111 4112 1412
f 4111 4105 6670
f 6670 1407 4113
f 6670 1411 4112
f 4113 4114 1411
f 4113 4107 6671
f 6671 1405 4115
f 6671 1409 4114
f 4117 4116 1414
f 4117 4109 6672
f 6672 1412 4118
f 6672 1416 4116
f 4118 4119 1416
f 4118 4112 6673
f 6673 1411 4120
f 6673 1415 4119
f 4120 4121 1415
f 4120 4114 6674
f 6674 1409 4122
f 6674 1413 4121
f 4124 4123 1418
f 4124 4116 6675
f 6675 1416 4125
f 6675 1420 4123
f 4125 4126 1420
f 4125 4119 6676
f 6676 1415 4127
f 6676 1419 4126
f 4127 4128 1419
f 4127 4121 6677
f 6677 1413 4129
f 6677 1417 4128
f 4131 4130 1422
f 4131 4123 6678
f 6678 1420 4132
f 6678 1424 4130
f 4132 4133 1424
f 4132 4126 6679
f 6679 1419 4134
f 6679 1423 4133
f 4134 4135 1423
f 4134 4128 6680
f 6680 1417 4136
f 6680 1421 4135
f 4138 4137 1426
f 4138 4130 6681
f 6681 1424 4139
f 6681 1428 4137
f 4139 4140 1428
f 4139 4133 6682
f 6682 1423 4141
f 6682 1427 4140
f 4141 4142 1427
f 4141 4135 6683
f 6683 1421 4143
f 6683 1425 4142
f 4145 4144 1430
f 4145 4137 6684
f 6684 1428 4146
f 6684 1432 4144
f 4146 4147 1432
f 4146 4140 6685
f 6685 1427 4148
f 6685 1431 4147
f 4148 4149 1431
f 4148 4142 6686
f 6686 1425 4150
f 6686 1429 4149
f 4152 4151 1434
f 4152 4144 6687
f 6687 1432 4153
f 6687 1436 4151
f 4153 4154 1436
f 4153 4147 6688
f 6688 1431 4155
f 6688 1435 4154
f 4155 4156 1435
f 4155 4149 6689
f 6689 1429 4157
f 6689 1433 4156
f 4159 4158 1438
f 4159 4151 6690
f 6690 1436 4160
f 6690 1440 4158
f 4160 4161 1440
f 4160 4154 6691
f 6691 1435 4162
f 6691 1439 4161
f 4162 4163 1439
f 4162 4156 6692
f 6692 1433 4164
f 6692 1437 4163
f 4166 4165 1442
f 4166 4158 6693
f 6693 1440 4167
f 6693 1444 4165
f 4167 4168 1444
f 4167 4161 6694
f 6694 1439 4169
f 6694 1443 4168
f 4169 4170 1443
f 4169 4163 6695
f 6695 1437 4171
f 6695 1441 4170
f 4173 4172 1446
f 4173 4165 6696
f 6696 1444 4174
f 6696 1448 4172
f 4174 4175 1448
f 4174 4168 6697
f 6697 1443 4176
f 6697 1447 4175
f 4176 4177 1447
f 4176 4170 6698
f 6698 1441 4178
f 6698 1445 4177
f 4180 4179 1450
f 4180 4172 6699
f 6699 1448 4181
f 6699 1452 4179
f 4181 4182 1452
f 4181 4175 6700
f 6700 1447 4183
f 6700 1451 4182
f 4183 4184 1451
f 4183 4177 6701
f 6701 1445 4185
f 6701 1449 4184
f 4187 4186 1454
f 4187 4179 6702
f 6702 1452 4188
f 6702 1456 4186
f 4188 4189 1456
f 4188 4182 6703
f 6703 1451 4190
f 6703 1455 4189
f 4190 4191 1455
f 4190 4184 6704
f 6704 1449 4192
f 6704 1453 4191
f 4194 4193 1458
f 4194 4186 6705
f 6705 1456 4195
f 6705 1460 4193
f 4195 4196 1460
f 4195 4189 6706
f 6706 1455 4197
f 6706 1459 4196
f 4197 4198 1459
f 4197 4191 6707
f 6707 1453 4199
f 6707 1457 4198
f 4201 4200 1462
f 4201 4193 6708
f 6708 1460 4202
f 6708 1464 4200
f 4202 4203 1464
f 4202 4196 6709
f 6709 1459 4204
f 6709 1463 4203
f 4204 4205 1463
f 4204 4198 6710
f 6710 1457 4206
f 6710 1461 4205
f 4208 4207 1466
f 4208 4200 6711
f 6711 1464 4209
f 6711 1468 4207
f 4209 4210 1468
f 4209 4203 6712
f 6712 1463 4211
f 6712 1467 4210
f 4211 4212 1467
f 4211 4205 6713
f 6713 1461 4213
f 6713 1465 4212
f 4215 4214 1470
f 4215 4207 6714
f 6714 1468 4216
f 6714 1472 4214
f 4216 4217 1472
f 4216 4210 6715
f 6715 1467 4218
f 6715 1471 4217
f 4218 4219 1471
f 4218 4212 6716
f 6716 1465 4220
f 6716 1469 4219
f 4221 4003 1345
f 4221 4214 6717
f 6717 1472 4222
f 6717 1347 4003
f 4222 4006 1347
f 4222 4217 6718
f 6718 1471 4223
f 6718 1348 4006
f 4223 4009 1348
f 4223 4219 6719
f 6719 1469 4224
f 6719 1346 4009
f 4226 4225 1478
f 4226 4227 6720
f 6720 1475 4228
f 6720 1480 4225
f 4228 4229 1480
f 4228 4230 6721
f 6721 1476 4231
f 6721 1479 4229
f 4231 4232 1479
f 4231 4233 6722
f 6722 1474 4234
f 6722 1477 4232
f 4236 4235 1482
f 4236 4225 6723
f 6723 1480 4237
f 6723 1484 4235
f 4237 4238 1484
f 4237 4229 6724
f 6724 1479 4239
f 6724 1483 4238
f 4239 4240 1483
f 4239 4232 6725
f 6725 1477 4241
f 6725 1481 4240
f 4243 4242 1486
f 4243 4235 6726
f 6726 1484 4244
f 6726 1488 4242
f 4244 4245 1488
f 4244 4238 6727
f 6727 1483 4246
f 6727 1487 4245
f 4246 4247 1487
f 4246 4240 6728
f 6728 1481 4248
f 6728 1485 4247
f 4250 4249 1490
f 4250 4242 6729
f 6729 1488 4251
f 6729 1492 4249
f 4251 4252 1492
f 4251 4245 6730
f 6730 1487 4253
f 6730 1491 4252
f 4253 4254 1491
f 4253 4247 6731
f 6731 1485 4255
f 6731 1489 4254
f 4257 4256 1494
f 4257 4249 6732
f 6732 1492 4258
f 6732 1496 4256
f 4258 4259 1496
f 4258 4252 6733
f 6733 1491 4260
f 6733 1495 4259
f 4260 4261 1495
f 4260 4254 6734
f 6734 1489 4262
f 6734 1493 4261
f 4264 4263 1498
f 4264 4256 6735
f 6735 1496 4265
f 6735 1500 4263
f 4265 4266 1500
f 4265 4259 6736
f 6736 1495 4267
f 6736 1499 4266
f 4267 4268 1499
f 4267 4261 6737
f 6737 1493 4269
f 6737 1497 4268
f 4271 4270 1502
f 4271 4263 6738
f 6738 1500 4272
f 6738 1504 4270
f 4272 4273 1504
f 4272 4266 6739
f 6739 1499 4274
f 6739 1503 4273
f 4274 4275 1503
f 4274 4268 6740
f 6740 1497 4276
f 6740 1501 4275
f 4278 4277 1506
f 4278 4270 6741
f 6741 1504 4279
f 6741 1508 4277
f 4279 4280 1508
f 4279 4273 6742
f 6742 1503 4281
f 6742 1507 4280
f 4281 4282 1507
f 4281 4275 6743
f 6743 1501 4283
f 6743 1505 4282
f 4285 4284 1510
f 4285 4277 6744
f 6744 1508 4286
f 6744 1512 4284
f 4286 4287 1512
f 4286 4280 6745
f 6745 1507 4288
f 6745 1511 4287
f 4288 4289 1511
f 4288 4282 6746
f 6746 1505 4290
f 6746 1509 4289
f 4292 4291 1514
f 4292 4284 6747
f 6747 1512 4293
f 6747 1516 4291
f 4293 4294 1516
f 4293 4287 6748
f 6748 1511 4295
f 6748 1515 4294
f 4295 4296 1515
f 4295 4289 6749
f 6749 1509 4297
f 6749 1513 4296
f 4299 4298 1518
f 4299 4291 6750
f 6750 1516 4300
f 6750 1520 4298
f 4300 4301 1520
f 4300 4294 6751
f 6751 1515 4302
f 6751 1519 4301
f 4302 4303 1519
f 4302 4296 6752
f 6752 1513 4304
f 6752 1517 4303
f 4306 4305 1522
f 4306 4298 6753
f 6753 1520 4307
f 6753 1524 4305
f 4307 4308 1524
f 4307 4301 6754
f 6754 1519 4309
f 6754 1523 4308
f 4309 4310 1523
f 4309 4303 6755
f 6755 1517 4311
f 6755 1521 4310
f 4313 4312 1526
f 4313 4305 6756
f 6756 1524 4314
f 6756 1528 4312
f 4314 4315 1528
f 4314 4308 6757
f 6757 1523 4316
f 6757 1527 4315
f 4316 4317 1527
f 4316 4310 6758
f 6758 1521 4318
f 6758 1525 4317
f 4320 4319 1530
f 4320 4312 6759
f 6759 1528 4321
f 6759 1532 4319
f 4321 4322 1532
f 4321 4315 6760
f 6760 1527 4323
f 6760 1531 4322
f 4323 4324 1531
f 4323 4317 6761
f 6761 1525 4325
f 6761 1529 4324
f 4327 4326 1534
f 4327 4319 6762
f 6762 1532 4328
f 6762 1536 4326
f 4328 4329 1536
f 4328 4322 6763
f 6763 1531 4330
f 6763 1535 4329
f 4330 4331 1535
f 4330 4324 6764
f 6764 1529 4332
f 6764 1533 4331
f 4334 4333 1538
f 4334 4326 6765
f 6765 1536 4335
f 6765 1540 4333
f 4335 4336 1540
f 4335 4329 6766
f 6766 1535 4337
f 6766 1539 4336
f 4337 4338 1539
f 4337 4331 6767
f 6767 1533 4339
f 6767 1537 4338
f 4341 4340 1542
f 4341 4333 6768
f 6768 1540 4342
f 6768 1544 4340
f 4342 4343 1544
f 4342 4336 6769
f 6769 1539 4344
f 6769 1543 4343
f 4344 4345 1543
f 4344 4338 6770
f 6770 1537 4346
f 6770 1541 4345
f 4348 4347 1546
f 4348 4340 6771
f 6771 1544 4349
f 6771 1548 4347
f 4349 4350 1548
f 4349 4343 6772
f 6772 1543 4351
f 6772 1547 4350
f 4351 4352 1547
f 4351 4345 6773
f 6773 1541 4353
f 6773 1545 4352
f 4355 4354 1550
f 4355 4347 6774
f 6774 1548 4356
f 6774 1552 4354
f 4356 4357 1552
f 4356 4350 6775
f 6775 1547 4358
f 6775 1551 4357
f 4358 4359 1551
f 4358 4352 6776
f 6776 1545 4360
f 6776 1549 4359
f 4362 4361 1554
f 4362 4354 6777
f 6777 1552 4363
f 6777 1556 4361
f 4363 4364 1556
f 4363 4357 6778
f 6778 1551 4365
f 6778 1555 4364
f 4365 4366 1555
f 4365 4359 6779
f 6779 1549 4367
f 6779 1553 4366
f 4369 4368 1558
f 4369 4361 6780
f 6780 1556 4370
f 6780 1560 4368
f 4370 4371 1560
f 4370 4364 6781
f 6781 1555 4372
f 6781 1559 4371
f 4372 4373 1559
f 4372 4366 6782
f 6782 1553 4374
f 6782 1557 4373
f 4376 4375 1562
f 4376 4368 6783
f 6783 1560 4377
f 6783 1564 4375
f 4377 4378 1564
f 4377 4371 6784
f 6784 1559 4379
f 6784 1563 4378
f 4379 4380 1563
f 4379 4373 6785
f 6785 1557 4381
f 6785 1561 4380
f 4383 4382 1566
f 4383 4375 6786
f 6786 1564 4384
f 6786 1568 4382
f 4384 4385 1568
f 4384 4378 6787
f 6787 1563 4386
f 6787 1567 4385
f 4386 4387 1567
f 4386 4380 6788
f 6788 1561 4388
f 6788 1565 4387
f 4390 4389 1570
f 4390 4382 6789
f 6789 1568 4391
f 6789 1572 4389
f 4391 4392 1572
f 4391 4385 6790
f 6790 1567 4393
f 6790 1571 4392
f 4393 4394 1571
f 4393 4387 6791
f 6791 1565 4395
f 6791 1569 4394
f 4397 4396 1574
f 4397 4389 6792
f 6792 1572 4398
f 6792 1576 4396
f 4398 4399 1576
f 4398 4392 6793
f 6793 1571 4400
f 6793 1575 4399
f 4400 4401 1575
f 4400 4394 6794
f 6794 1569 4402
f 6794 1573 4401
f 4404 4403 1578
f 4404 4396 6795
f 6795 1576 4405
f 6795 1580 4403
f 4405 4406 1580
f 4405 4399 6796
f 6796 1575 4407
f 6796 1579 4406
f 4407 4408 1579
f 4407 4401 6797
f 6797 1573 4409
f 6797 1577 4408
f 4411 4410 1582
f 4411 4403 6798
f 6798 1580 4412
f 6798 1584 4410
f 4412 4413 1584
f 4412 4406 6799
f 6799 1579 4414
f 6799 1583 4413
f 4414 4415 1583
f 4414 4408 6800
f 6800 1577 4416
f 6800 1581 4415
f 4418 4417 1586
f 4418 4410 6801
f 6801 1584 4419
f 6801 1588 4417
f 4419 4420 1588
f 4419 4413 6802
f 6802 1583 4421
f 6802 1587 4420
f 4421 4422 1587
f 4421 4415 6803
f 6803 1581 4423
f 6803 1585 4422
f 4425 4424 1590
f 4425 4417 6804
f 6804 1588 4426
f 6804 1592 4424
f 4426 4427 1592
f 4426 4420 6805
f 6805 1587 4428
f 6805 1591 4427
f 4428 4429 1591
f 4428 4422 6806
f 6806 1585 4430
f 6806 1589 4429
f 4432 4431 1594
f 4432 4424 6807
f 6807 1592 4433
f 6807 1596 4431
f 4433 4434 1596
f 4433 4427 6808
f 6808 1591 4435
f 6808 1595 4434
f 4435 4436 1595
f 4435 4429 6809
f 6809 1589 4437
f 6809 1593 4436
f 4439 4438 1598
f 4439 4431 6810
f 6810 1596 4440
f 6810 1600 4438
f 4440 4441 1600
f 4440 4434 6811
f 6811 1595 4442
f 6811 1599 4441
f 4442 4443 1599
f 4442 4436 6812
f 6812 1593 4444
f 6812 1597 4443
f 4445 4227 1473
f 4445 4438 6813
f 6813 1600 4446
f 6813 1475 4227
f 4446 4230 1475
f 4446 4441 6814
f 6814 1599 4447
f 6814 1476 4230
f 4447 4233 1476
f 4447 4443 6815
f 6815 1597 4448
f 6815 1474 4233
f 4450 4449 1606
f 4450 4451 6816
f 6816 1603 4452
f 6816 1608 4449
f 4452 4453 1608
f 4452 4454 6817
f 6817 1604 4455
f 6817 1607 4453
f 4455 4456 1607
f 4455 4457 6818
f 6818 1602 4458
f 6818 1605 4456
f 4460 4459 1610
f 4460 4449 6819
f 6819 1608 4461
f 6819 1612 4459
f 4461 4462 1612
f 4461 4453 6820
f 6820 1607 4463
f 6820 1611 4462
f 4463 4464 1611
f 4463 4456 6821
f 6821 1605 4465
f 6821 1609 4464
f 4467 4466 1614
f 4467 4459 6822
f 6822 1612 4468
f 6822 1616 4466
f 4468 4469 1616
f 4468 4462 6823
f 6823 1611 4470
f 6823 1615 4469
f 4470 4471 1615
f 4470 4464 6824
f 6824 1609 4472
f 6824 1613 4471
f 4474 4473 1618
f 4474 4466 6825
f 6825 1616 4475
f 6825 1620 4473
f 4475 4476 1620
f 4475 4469 6826
f 6826 1615 4477
f 6826 1619 4476
f 4477 4478 1619
f 4477 4471 6827
f 6827 1613 4479
f 6827 1617 4478
f 4481 4480 1622
f 4481 4473 6828
f 6828 1620 4482
f 6828 1624 4480
f 4482 4483 1624
f 4482 4476 6829
f 6829 1619 4484
f 6829 1623 4483
f 4484 4485 1623
f 4484 4478 6830
f 6830 1617 4486
f 6830 1621 4485
f 4488 4487 1626
f 4488 4480 6831
f 6831 1624 4489
f 6831 1628 4487
f 4489 4490 1628
f 4489 4483 6832
f 6832 1623 4491
f 6832 1627 4490
f 4491 4492 1627
f 4491 4485 6833
f 6833 1621 4493
f 6833 1625 4492
f 4495 4494 1630
f 4495 4487 6834
f 6834 1628 4496
f 6834 1632 4494
f 4496 4497 1632
f 4496 4490 6835
f 6835 1627 4498
f 6835 1631 4497
f 4498 4499 1631
f 4498 4492 6836
f 6836 1625 4500
f 6836 1629 4499
f 4502 4501 1634
f 4502 4494 6837
f 6837 1632 4503
f 6837 1636 4501
f 4503 4504 1636
f 4503 4497 6838
f 6838 1631 4505
f 6838 1635 4504
f 4505 4506 1635
f 4505 4499 6839
f 6839 1629 4507
f 6839 1633 4506
f 4509 4508 1638
f 4509 4501 6840
f 6840 1636 4510
f 6840 1640 4508
f 4510 4511 1640
f 4510 4504 6841
f 6841 1635 4512
f 6841 1639 4511
f 4512 4513 1639
f 4512 4506 6842
f 6842 1633 4514
f 6842 1637 4513
f 4516 4515 1642
f 4516 4508 6843
f 6843 1640 4517
f 6843 1644 4515
f 4517 4518 1644
f 4517 4511 6844
f 6844 1639 4519
f 6844 1643 4518
f 4519 4520 1643
f 4519 4513 6845
f 6845 1637 4521
f 6845 1641 4520
f 4523 4522 1646
f 4523 4515 6846
f 6846 1644 4524
f 6846 1648 4522
f 4524 4525 1648
f 4524 4518 6847
f 6847 1643 4526
f 6847 1647 4525
f 4526 4527 1647
f 4526 4520 6848
f 6848 1641 4528
f 6848 1645 4527
f 4530 4529 1650
f 4530 4522 6849
f 6849 1648 4531
f 6849 1652 4529
f 4531 4532 1652
f 4531 4525 6850
f 6850 1647 4533
f 6850 1651 4532
f 4533 4534 1651
f 4533 4527 6851
f 6851 1645 4535
f 6851 1649 4534
f 4537 4536 1654
f 4537 4529 6852
f 6852 1652 4538
f 6852 1656 4536
f 4538 4539 1656
f 4538 4532 6853
f 6853 1651 4540
f 6853 1655 4539
f 4540 4541 1655
f 4540 4534 6854
f 4534 4542 6854
f 6854 1653 4541
f 4544 4543 1658
f 4544 4536 6855
f 6855 1656 4545
f 6855 1660 4543
f 4545 4546 1660
f 4545 4539 6856
f 6856 1655 4547
f 6856 1659 4546
f 4547 4548 1659
f 4547 4541 6857
f 6857 1653 4549
f 6857 1657 4548
f 4551 4550 1662
f 4551 4543 6858
f 6858 1660 4552
f 6858 1664 4550
f 4552 4553 1664
f 4552 4546 6859
f 6859 1659 4554
f 6859 1663 4553
f 4554 4555 1663
f 4554 4548 6860
f 6860 1657 4556
f 6860 1661 4555
f 4558 4557 1666
f 4558 4550 6861
f 6861 1664 4559
f 6861 1668 4557
f 4559 4560 1668
f 4559 4553 6862
f 6862 1663 4561
f 6862 1667 4560
f 4561 4562 1667
f 4561 4555 6863
f 6863 1661 4563
f 6863 1665 4562
f 4565 4564 1670
f 4565 4557 6864
f 6864 1668 4566
f 6864 1672 4564
f 4566 4567 1672
f 4566 4560 6865
f 6865 1667 4568
f 6865 1671 4567
f 4568 4569 1671
f 4568 4562 6866
f 6866 1665 4570
f 6866 1669 4569
f 4572 4571 1674
f 4572 4564 6867
f 6867 1672 4573
f 6867 1676 4571
f 4573 4574 1676
f 4573 4567 6868
f 6868 1671 4575
f 6868 1675 4574
f 4575 4576 1675
f 4575 4569 6869
f 6869 1669 4577
f 6869 1673 4576
f 4579 4578 1678
f 4579 4571 6870
f 6870 1676 4580
f 6870 1680 4578
f 4580 4581 1680
f 4580 4574 6871
f 6871 1675 4582
f 6871 1679 4581
f 4582 4583 1679
f 4582 4576 6872
f 6872 1673 4584
f 6872 1677 4583
f 4586 4585 1682
f 4586 4578 6873
f 6873 1680 4587
f 6873 1684 4585
f 4587 4588 1684
f 4587 4581 6874
f 6874 1679 4589
f 6874 1683 4588
f 4589 4590 1683
f 4589 4583 6875
f 6875 1677 4591
f 6875 1681 4590
f 4593 4592 1686
f 4593 4585 6876
f 6876 1684 4594
f 6876 1688 4592
f 4594 4595 1688
f 4594 4588 6877
f 6877 1683 4596
f 6877 1687 4595
f 4596 4597 1687
f 4596 4590 6878
f 6878 1681 4598
f 6878 1685 4597
f 4600 4599 1690
f 4600 4592 6879
f 6879 1688 4601
f 6879 1692 4599
f 4601 4602 1692
f 4601 4595 6880
f 6880 1687 4603
f 6880 1691 4602
f 4603 4604 1691
f 4603 4597 6881
f 6881 1685 4605
f 6881 1689 4604
f 4607 4606 1694
f 4607 4599 6882
f 6882 1692 4608
f 6882 1696 4606
f 4608 4609 1696
f 4608 4602 6883
f 6883 1691 4610
f 6883 1695 4609
f 4610 4611 1695
f 4610 4604 6884
f 6884 1689 4612
f 6884 1693 4611
f 4614 4613 1698
f 4614 4606 6885
f 6885 1696 4615
f 6885 1700 4613
f 4615 4616 1700
f 4615 4609 6886
f 6886 1695 4617
f 6886 1699 4616
f 4617 4618 1699
f 4617 4611 6887
f 6887 1693 4619
f 6887 1697 4618
f 4621 4620 1702
f 4621 4613 6888
f 6888 1700 4622
f 6888 1704 4620
f 4622 4623 1704
f 4622 4616 6889
f 6889 1699 4624
f 6889 1703 4623
f 4624 4625 1703
f 4624 4618 6890
f 6890 1697 4626
f 6890 1701 4625
f 4628 4627 1706
f 4628 4620 6891
f 6891 1704 4629
f 6891 1708 4627
f 4629 4630 1708
f 4629 4623 6892
f 6892 1703 4631
f 6892 1707 4630
f 4631 4632 1707
f 4631 4625 6893
f 6893 1701 4633
f 6893 1705 4632
f 4635 4634 1710
f 4635 4627 6894
f 6894 1708 4636
f 6894 1712 4634
f 4636 4637 1712
f 4636 4630 6895
f 6895 1707 4638
f 6895 1711 4637
f 4638 4639 1711
f 4638 4632 6896
f 4632 4640 6896
f 6896 1709 4639
f 4642 4641 1714
f 4642 4634 6897
f 6897 1712 4643
f 6897 1716 4641
f 4643 4644 1716
f 4643 4637 6898
f 6898 1711 4645
f 6898 1715 4644
f 4645 4646 1715
f 4645 4639 6899
f 6899 1709 4647
f 6899 1713 4646
f 4649 4648 1718
f 4649 4641 6900
f 6900 1716 4650
f 6900 1720 4648
f 4650 4651 1720
f 4650 4644 6901
f 6901 1715 4652
f 6901 1719 4651
f 4652 4653 1719
f 4652 4646 6902
f 6902 1713 4654
f 6902 1717 4653
f 4656 4655 1722
f 4656 4648 6903
f 6903 1720 4657
f 6903 1724 4655
f 4657 4658 1724
f 4657 4651 6904
f 6904 1719 4659
f 6904 1723 4658
f 4659 4660 1723
f 4659 4653 6905
f 6905 1717 4661
f 6905 1721 4660
f 4663 4662 1726
f 4663 4655 6906
f 6906 1724 4664
f 6906 1728 4662
f 4664 4665 1728
f 4664 4658 6907
f 6907 1723 4666
f 6907 1727 4665
f 4666 4667 1727
f 4666 4660 6908
f 6908 1721 4668
f 6908 1725 4667
f 4669 4451 1601
f 4669 4662 6909
f 6909 1728 4670
f 6909 1603 4451
f 4670 4454 1603
f 4670 4665 6910
f 6910 1727 4671
f 6910 1604 4454
f 4671 4457 1604
f 4671 4667 6911
f 6911 1725 4672
f 6911 1602 4457
f 4673 1986 198
f 325 6912 4673
f 6912 322 4674
f 1986 4674 193
f 1794 5185 1752
f 25 1784 5185
f 5185 1784 24
f 1752 5185 1793
f 1796 5186 1739
f 12 1771 5186
f 5186 1771 11
f 5186 1795 75
f 1797 5187 1753
f 26 1785 5187
f 5187 1785 25
f 1753 5187 1794
f 1798 5188 1740
f 13 1772 5188
f 5188 1772 12
f 1740 5188 1796
f 1799 5189 1754
f 27 1786 5189
f 5189 1786 26
f 1754 5189 1797
f 1800 5190 1741
f 14 1773 5190
f 5190 1773 13
f 1741 5190 1798
f 92 1801 5191
f 28 1787 5191
f 5191 1787 27
f 1755 5191 1799
f 1802 5192 1742
f 15 1774 5192
f 5192 1774 14
f 1742 5192 1800
f 1804 5193 1729
f 2 1761 5193
f 5193 1761 1
f 1729 5193 1803
f 1805 5194 1756
f 29 1788 5194
f 5194 1788 28
f 1756 5194 1801
f 1806 5195 1743
f 16 1775 5195
f 5195 1775 15
f 1743 5195 1802
f 1807 5196 1730
f 3 1762 5196
f 5196 1762 2
f 1730 5196 1804
f 1808 5197 1757
f 30 1789 5197
f 5197 1789 29
f 1757 5197 1805
f 1809 5198 1744
f 17 1776 5198
f 5198 1776 16
f 1744 5198 1806
f 1810 5199 1731
f 4 1763 5199
f 5199 1763 3
f 5199 1807 67
f 1811 5200 1758
f 31 1790 5200
f 5200 1790 30
f 1758 5200 1808
f 1812 5201 1745
f 18 1777 5201
f 5201 1777 17
f 1745 5201 1809
f 1813 5202 1732
f 5 1764 5202
f 5202 1764 4
f 5202 1810 68
f 1814 5203 1759
f 32 1791 5203
f 5203 1791 31
f 1759 5203 1811
f 1815 5204 1746
f 19 1778 5204
f 5204 1778 18
f 1746 5204 1812
f 70 1816 5205
f 6 1765 5205
f 5205 1765 5
f 1733 5205 1813
f 1803 5206 1760
f 1 1792 5206
f 5206 1792 32
f 1760 5206 1814
f 1817 5207 1747
f 20 1779 5207
f 5207 1779 19
f 1747 5207 1815
f 71 1818 5208
f 7 1766 5208
f 5208 1766 6
f 1734 5208 1816
f 85 1819 5209
f 21 1780 5209
f 5209 1780 20
f 1748 5209 1817
f 1820 5210 1735
f 8 1767 5210
f 5210 1767 7
f 1735 5210 1818
f 86 1821 5211
f 22 1781 5211
f 5211 1781 21
f 1749 5211 1819
f 1822 5212 1736
f 9 1768 5212
f 5212 1768 8
f 1736 5212 1820
f 1823 5213 1750
f 23 1782 5213
f 5213 1782 22
f 1750 5213 1821
f 1824 5214 1737
f 10 1769 5214
f 5214 1769 9
f 1737 5214 1822
f 1793 5215 1751
f 24 1783 5215
f 5215 1783 23
f 1751 5215 1823
f 1795 5216 1738
f 11 1770 5216
f 5216 1770 10
f 1738 5216 1824
f 4715 5217 2122
f 401 2351 5217
f 5217 2351 397
f 2122 5217 4713
f 4689 5218 2031
f 349 2260 5218
f 5218 2260 345
f 2031 5218 4687
f 4717 5219 2129
f 405 2358 5219
f 5219 2358 401
f 2129 5219 4715
f 4691 5220 2038
f 353 2267 5220
f 5220 2267 349
f 2038 5220 4689
f 4719 5221 2136
f 409 2365 5221
f 5221 2365 405
f 2136 5221 4717
f 4693 5222 2045
f 357 2274 5222
f 5222 2274 353
f 2045 5222 4691
f 4721 5223 2143
f 413 2372 5223
f 5223 2372 409
f 2143 5223 4719
f 4695 5224 2052
f 361 2281 5224
f 5224 2281 357
f 2052 5224 4693
f 4723 5225 2150
f 417 2379 5225
f 5225 2379 413
f 2150 5225 4721
f 4697 5226 2059
f 365 2288 5226
f 5226 2288 361
f 2059 5226 4695
f 4725 5227 2157
f 421 2386 5227
f 5227 2386 417
f 2157 5227 4723
f 4699 5228 2066
f 369 2295 5228
f 5228 2295 365
f 2066 5228 4697
f 4727 5229 2164
f 425 2393 5229
f 5229 2393 421
f 2164 5229 4725
f 4701 5230 2073
f 373 2302 5230
f 5230 2302 369
f 2073 5230 4699
f 4729 5231 2171
f 429 2400 5231
f 5231 2400 425
f 2171 5231 4727
f 4703 5232 2080
f 377 2309 5232
f 5232 2309 373
f 2080 5232 4701
f 4731 5233 2178
f 433 2407 5233
f 5233 2407 429
f 2178 5233 4729
f 4705 5234 2087
f 381 2316 5234
f 5234 2316 377
f 2087 5234 4703
f 4674 5235 2205
f 322 2432 5235
f 5235 2432 445
f 2205 5235 4678
f 4733 5236 2185
f 437 2414 5236
f 5236 2414 433
f 2185 5236 4731
f 4707 5237 2094
f 385 2323 5237
f 5237 2323 381
f 2094 5237 4705
f 4681 5238 2003
f 333 2232 5238
f 5238 2232 329
f 2003 5238 4679
f 4735 5239 2192
f 441 2421 5239
f 5239 2421 437
f 2192 5239 4733
f 4709 5240 2101
f 389 2330 5240
f 5240 2330 385
f 2101 5240 4707
f 4683 5241 2010
f 337 2239 5241
f 5241 2239 333
f 2010 5241 4681
f 4678 5242 2199
f 445 2428 5242
f 5242 2428 441
f 2199 5242 4735
f 4711 5243 2108
f 393 2337 5243
f 5243 2337 389
f 2108 5243 4709
f 4685 5244 2017
f 341 2246 5244
f 5244 2246 337
f 2017 5244 4683
f 4737 5245 2210
f 453 2442 5245
f 5245 2442 450
f 2210 5245 4738
f 4713 5246 2115
f 397 2344 5246
f 5246 2344 393
f 2115 5246 4711
f 4687 5247 2024
f 345 2253 5247
f 5247 2253 341
f 2024 5247 4685
f 4677 5248 1761
f 197 1994 5248
f 5248 1994 194
f 1761 5248 4675
f 4720 5249 1782
f 281 2141 5249
f 5249 2141 277
f 1782 5249 4718
f 4694 5250 1769
f 229 2050 5250
f 5250 2050 225
f 1769 5250 4692
f 4722 5251 1783
f 285 2148 5251
f 5251 2148 281
f 1783 5251 4720
f 4696 5252 1770
f 233 2057 5252
f 5252 2057 229
f 1770 5252 4694
f 4724 5253 1784
f 289 2155 5253
f 5253 2155 285
f 1784 5253 4722
f 4698 5254 1771
f 237 2064 5254
f 5254 2064 233
f 1771 5254 4696
f 4726 5255 1785
f 293 2162 5255
f 5255 2162 289
f 1785 5255 4724
f 4700 5256 1772
f 241 2071 5256
f 5256 2071 237
f 1772 5256 4698
f 4728 5257 1786
f 297 2169 5257
f 5257 2169 293
f 1786 5257 4726
f 4702 5258 1773
f 245 2078 5258
f 5258 2078 241
f 1773 5258 4700
f 4730 5259 1787
f 301 2176 5259
f 5259 2176 297
f 1787 5259 4728
f 4704 5260 1774
f 249 2085 5260
f 5260 2085 245
f 1774 5260 4702
f 4675 5261 1792
f 194 2208 5261
f 5261 2208 317
f 1792 5261 4676
f 4732 5262 1788
f 305 2183 5262
f 5262 2183 301
f 1788 5262 4730
f 4706 5263 1775
f 253 2092 5263
f 5263 2092 249
f 1775 5263 4704
f 4680 5264 1762
f 201 2001 5264
f 5264 2001 197
f 1762 5264 4677
f 4734 5265 1789
f 309 2190 5265
f 5265 2190 305
f 1789 5265 4732
f 4708 5266 1776
f 257 2099 5266
f 5266 2099 253
f 1776 5266 4706
f 4682 5267 1763
f 205 2008 5267
f 5267 2008 201
f 1763 5267 4680
f 4736 5268 1790
f 313 2197 5268
f 5268 2197 309
f 1790 5268 4734
f 4710 5269 1777
f 261 2106 5269
f 5269 2106 257
f 1777 5269 4708
f 4684 5270 1764
f 209 2015 5270
f 5270 2015 205
f 1764 5270 4682
f 4676 5271 1791
f 317 2204 5271
f 5271 2204 313
f 1791 5271 4736
f 4712 5272 1778
f 265 2113 5272
f 5272 2113 261
f 1778 5272 4710
f 4686 5273 1765
f 213 2022 5273
f 5273 2022 209
f 1765 5273 4684
f 4679 5274 1996
f 329 2225 5274
f 5274 2225 325
f 1996 5274 4673
f 4714 5275 1779
f 269 2120 5275
f 5275 2120 265
f 1779 5275 4712
f 4688 5276 1766
f 217 2029 5276
f 5276 2029 213
f 1766 5276 4686
f 4716 5277 1780
f 273 2127 5277
f 5277 2127 269
f 1780 5277 4714
f 4690 5278 1767
f 221 2036 5278
f 5278 2036 217
f 1767 5278 4688
f 4718 5279 1781
f 277 2134 5279
f 5279 2134 273
f 1781 5279 4716
f 4692 5280 1768
f 225 2043 5280
f 5280 2043 221
f 1768 5280 4690
f 4764 5281 2388
f 553 2617 5281
f 5281 2617 549
f 2388 5281 4763
f 4751 5282 2297
f 501 2526 5282
f 5282 2526 497
f 2297 5282 4750
f 4765 5283 2395
f 557 2624 5283
f 5283 2624 553
f 2395 5283 4764
f 4752 5284 2304
f 505 2533 5284
f 5284 2533 501
f 2304 5284 4751
f 4766 5285 2402
f 561 2631 5285
f 5285 2631 557
f 2402 5285 4765
f 4753 5286 2311
f 509 2540 5286
f 5286 2540 505
f 2311 5286 4752
f 4738 5287 2429
f 450 2656 5287
f 5287 2656 573
f 2429 5287 4739
f 4767 5288 2409
f 565 2638 5288
f 5288 2638 561
f 2409 5288 4766
f 4754 5289 2318
f 513 2547 5289
f 5289 2547 509
f 2318 5289 4753
f 4741 5290 2227
f 461 2456 5290
f 5290 2456 457
f 2227 5290 4740
f 4768 5291 2416
f 569 2645 5291
f 5291 2645 565
f 2416 5291 4767
f 4755 5292 2325
f 517 2554 5292
f 5292 2554 513
f 2325 5292 4754
f 4742 5293 2234
f 465 2463 5293
f 5293 2463 461
f 2234 5293 4741
f 4739 5294 2423
f 573 2652 5294
f 5294 2652 569
f 2423 5294 4768
f 4756 5295 2332
f 521 2561 5295
f 5295 2561 517
f 2332 5295 4755
f 4743 5296 2241
f 469 2470 5296
f 5296 2470 465
f 2241 5296 4742
f 4769 5297 2434
f 581 2666 5297
f 5297 2666 578
f 2434 5297 4770
f 4757 5298 2339
f 525 2568 5298
f 5298 2568 521
f 2339 5298 4756
f 4744 5299 2248
f 473 2477 5299
f 5299 2477 469
f 2248 5299 4743
f 4740 5300 2220
f 457 2449 5300
f 5300 2449 453
f 2220 5300 4737
f 4758 5301 2346
f 529 2575 5301
f 5301 2575 525
f 2346 5301 4757
f 4745 5302 2255
f 477 2484 5302
f 5302 2484 473
f 2255 5302 4744
f 4759 5303 2353
f 533 2582 5303
f 5303 2582 529
f 2353 5303 4758
f 4746 5304 2262
f 481 2491 5304
f 5304 2491 477
f 2262 5304 4745
f 4760 5305 2360
f 537 2589 5305
f 5305 2589 533
f 2360 5305 4759
f 4747 5306 2269
f 485 2498 5306
f 5306 2498 481
f 2269 5306 4746
f 4761 5307 2367
f 541 2596 5307
f 5307 2596 537
f 2367 5307 4760
f 4748 5308 2276
f 489 2505 5308
f 5308 2505 485
f 2276 5308 4747
f 4762 5309 2374
f 545 2603 5309
f 5309 2603 541
f 2374 5309 4761
f 4749 5310 2283
f 493 2512 5310
f 5310 2512 489
f 2283 5310 4748
f 4763 5311 2381
f 549 2610 5311
f 5311 2610 545
f 2381 5311 4762
f 4750 5312 2290
f 497 2519 5312
f 5312 2519 493
f 2290 5312 4749
f 4770 5313 2653
f 578 2880 5313
f 5313 2880 701
f 2653 5313 4771
f 4799 5314 2633
f 693 2862 5314
f 5314 2862 689
f 2633 5314 4798
f 4786 5315 2542
f 641 2771 5315
f 5315 2771 637
f 2542 5315 4785
f 4773 5316 2451
f 589 2680 5316
f 5316 2680 585
f 2451 5316 4772
f 4800 5317 2640
f 697 2869 5317
f 5317 2869 693
f 2640 5317 4799
f 4787 5318 2549
f 645 2778 5318
f 5318 2778 641
f 2549 5318 4786
f 4774 5319 2458
f 593 2687 5319
f 5319 2687 589
f 2458 5319 4773
f 4771 5320 2647
f 701 2876 5320
f 5320 2876 697
f 2647 5320 4800
f 4788 5321 2556
f 649 2785 5321
f 5321 2785 645
f 2556 5321 4787
f 4775 5322 2465
f 597 2694 5322
f 5322 2694 593
f 2465 5322 4774
f 4801 5323 2658
f 709 2890 5323
f 5323 2890 706
f 2658 5323 4802
f 4789 5324 2563
f 653 2792 5324
f 5324 2792 649
f 2563 5324 4788
f 4776 5325 2472
f 601 2701 5325
f 5325 2701 597
f 2472 5325 4775
f 4772 5326 2444
f 585 2673 5326
f 5326 2673 581
f 2444 5326 4769
f 4790 5327 2570
f 657 2799 5327
f 5327 2799 653
f 2570 5327 4789
f 4777 5328 2479
f 605 2708 5328
f 5328 2708 601
f 2479 5328 4776
f 4791 5329 2577
f 661 2806 5329
f 5329 2806 657
f 2577 5329 4790
f 4778 5330 2486
f 609 2715 5330
f 5330 2715 605
f 2486 5330 4777
f 4792 5331 2584
f 665 2813 5331
f 5331 2813 661
f 2584 5331 4791
f 4779 5332 2493
f 613 2722 5332
f 5332 2722 609
f 2493 5332 4778
f 4793 5333 2591
f 669 2820 5333
f 5333 2820 665
f 2591 5333 4792
f 4780 5334 2500
f 617 2729 5334
f 5334 2729 613
f 2500 5334 4779
f 4794 5335 2598
f 673 2827 5335
f 5335 2827 669
f 2598 5335 4793
f 4781 5336 2507
f 621 2736 5336
f 5336 2736 617
f 2507 5336 4780
f 4795 5337 2605
f 677 2834 5337
f 5337 2834 673
f 2605 5337 4794
f 4782 5338 2514
f 625 2743 5338
f 5338 2743 621
f 2514 5338 4781
f 4796 5339 2612
f 681 2841 5339
f 5339 2841 677
f 2612 5339 4795
f 4783 5340 2521
f 629 2750 5340
f 5340 2750 625
f 2521 5340 4782
f 4797 5341 2619
f 685 2848 5341
f 5341 2848 681
f 2619 5341 4796
f 4784 5342 2528
f 633 2757 5342
f 5342 2757 629
f 2528 5342 4783
f 4798 5343 2626
f 689 2855 5343
f 5343 2855 685
f 2626 5343 4797
f 4785 5344 2535
f 637 2764 5344
f 5344 2764 633
f 2535 5344 4784
f 4807 5345 2689
f 725 2918 5345
f 5345 2918 721
f 2689 5345 4806
f 4833 5346 2882
f 34 1825 5346
f 5346 1825 33
f 2882 5346 4834
f 4821 5347 2787
f 781 3016 5347
f 5347 3016 777
f 2787 5347 4820
f 4808 5348 2696
f 729 2925 5348
f 5348 2925 725
f 2696 5348 4807
f 4804 5349 2668
f 713 2897 5349
f 5349 2897 709
f 2668 5349 4801
f 4822 5350 2794
f 785 3023 5350
f 5350 3023 781
f 2794 5350 4821
f 4809 5351 2703
f 733 2932 5351
f 5351 2932 729
f 2703 5351 4808
f 4823 5352 2801
f 789 3030 5352
f 5352 3030 785
f 2801 5352 4822
f 4810 5353 2710
f 737 2939 5353
f 5353 2939 733
f 2710 5353 4809
f 4824 5354 2808
f 793 3037 5354
f 5354 3037 789
f 2808 5354 4823
f 4811 5355 2717
f 741 2946 5355
f 5355 2946 737
f 2717 5355 4810
f 4825 5356 2815
f 797 3044 5356
f 5356 3044 793
f 2815 5356 4824
f 4812 5357 2724
f 745 2953 5357
f 5357 2953 741
f 2724 5357 4811
f 4826 5358 2822
f 801 3051 5358
f 5358 3051 797
f 2822 5358 4825
f 4813 5359 2731
f 749 2960 5359
f 5359 2960 745
f 2731 5359 4812
f 4827 5360 2829
f 805 3058 5360
f 5360 3058 801
f 2829 5360 4826
f 4814 5361 2738
f 753 2967 5361
f 5361 2967 749
f 2738 5361 4813
f 4828 5362 2836
f 809 3065 5362
f 5362 3065 805
f 2836 5362 4827
f 4815 5363 2745
f 757 2974 5363
f 5363 2974 753
f 2745 5363 4814
f 4829 5364 2843
f 813 3072 5364
f 5364 3072 809
f 2843 5364 4828
f 4816 5365 2752
f 761 2981 5365
f 5365 2981 757
f 2752 5365 4815
f 4830 5366 2850
f 817 3079 5366
f 5366 3079 813
f 2850 5366 4829
f 4817 5367 2759
f 765 2988 5367
f 5367 2988 761
f 2759 5367 4816
f 4802 5368 2877
f 706 3104 5368
f 5368 3104 829
f 2877 5368 4803
f 4831 5369 2857
f 821 3086 5369
f 5369 3086 817
f 2857 5369 4830
f 4818 5370 2766
f 769 2995 5370
f 5370 2995 765
f 2766 5370 4817
f 4805 5371 2675
f 717 2904 5371
f 5371 2904 713
f 2675 5371 4804
f 4832 5372 2864
f 825 3093 5372
f 5372 3093 821
f 2864 5372 4831
f 4819 5373 2773
f 773 3002 5373
f 5373 3002 769
f 2773 5373 4818
f 4806 5374 2682
f 721 2911 5374
f 5374 2911 717
f 2682 5374 4805
f 4803 5375 2871
f 829 3100 5375
f 5375 3100 825
f 2871 5375 4832
f 4820 5376 2780
f 777 3009 5376
f 5376 3009 773
f 2780 5376 4819
f 4842 5377 2934
f 41 1832 5377
f 5377 1832 40
f 2934 5377 4841
f 4856 5378 3032
f 55 1846 5378
f 5378 1846 54
f 3032 5378 4855
f 4843 5379 2941
f 42 1833 5379
f 5379 1833 41
f 2941 5379 4842
f 4857 5380 3039
f 56 1847 5380
f 5380 1847 55
f 3039 5380 4856
f 4844 5381 2948
f 43 1834 5381
f 5381 1834 42
f 2948 5381 4843
f 4858 5382 3046
f 57 1848 5382
f 5382 1848 56
f 3046 5382 4857
f 4845 5383 2955
f 44 1835 5383
f 5383 1835 43
f 2955 5383 4844
f 4859 5384 3053
f 58 1849 5384
f 5384 1849 57
f 3053 5384 4858
f 4846 5385 2962
f 45 1836 5385
f 5385 1836 44
f 2962 5385 4845
f 4860 5386 3060
f 59 1850 5386
f 5386 1850 58
f 3060 5386 4859
f 4847 5387 2969
f 46 1837 5387
f 5387 1837 45
f 2969 5387 4846
f 4861 5388 3067
f 60 1851 5388
f 5388 1851 59
f 3067 5388 4860
f 4848 5389 2976
f 47 1838 5389
f 5389 1838 46
f 2976 5389 4847
f 4862 5390 3074
f 61 1852 5390
f 5390 1852 60
f 3074 5390 4861
f 4849 5391 2983
f 48 1839 5391
f 5391 1839 47
f 2983 5391 4848
f 4834 5392 3101
f 33 1856 5392
f 5392 1856 64
f 3101 5392 4835
f 4863 5393 3081
f 62 1853 5393
f 5393 1853 61
f 3081 5393 4862
f 4850 5394 2990
f 49 1840 5394
f 5394 1840 48
f 2990 5394 4849
f 4837 5395 2899
f 36 1827 5395
f 5395 1827 35
f 2899 5395 4836
f 4864 5396 3088
f 63 1854 5396
f 5396 1854 62
f 3088 5396 4863
f 4851 5397 2997
f 50 1841 5397
f 5397 1841 49
f 2997 5397 4850
f 4838 5398 2906
f 37 1828 5398
f 5398 1828 36
f 2906 5398 4837
f 4835 5399 3095
f 64 1855 5399
f 5399 1855 63
f 3095 5399 4864
f 4852 5400 3004
f 51 1842 5400
f 5400 1842 50
f 3004 5400 4851
f 4839 5401 2913
f 38 1829 5401
f 5401 1829 37
f 2913 5401 4838
f 4865 5402 3106
f 4865 162 1857
f 1857 161 4866
f 5402 4866 833
f 4853 5403 3011
f 52 1843 5403
f 5403 1843 51
f 3011 5403 4852
f 4840 5404 2920
f 39 1830 5404
f 5404 1830 38
f 2920 5404 4839
f 4836 5405 2892
f 35 1826 5405
f 5405 1826 34
f 2892 5405 4833
f 4854 5406 3018
f 53 1844 5406
f 5406 1844 52
f 3018 5406 4853
f 4841 5407 2927
f 40 1831 5407
f 5407 1831 39
f 2927 5407 4840
f 4855 5408 3025
f 54 1845 5408
f 5408 1845 53
f 3025 5408 4854
f 4889 5409 3179
f 4889 172 1867
f 1867 171 4887
f 5409 4887 874
f 934 4917 5410
f 186 1881 5410
f 1881 185 4915
f 5410 4915 930
f 4891 5411 3186
f 173 1868 5411
f 5411 1868 172
f 5411 4889 878
f 4919 5412 3284
f 187 1882 5412
f 1882 186 4917
f 3284 5412 4917
f 886 4893 5413
f 174 1869 5413
f 5413 1869 173
f 3193 5413 4891
f 4921 5414 3291
f 188 1883 5414
f 1883 187 4919
f 3291 5414 4919
f 890 4895 5415
f 175 1870 5415
f 1870 174 4893
f 5415 4893 886
f 4923 5416 3298
f 189 1884 5416
f 1884 188 4921
f 5416 4921 942
f 894 4897 5417
f 176 1871 5417
f 5417 1871 175
f 3207 5417 4895
f 4866 5418 3325
f 4866 161 1888
f 1888 192 4870
f 3325 5418 4870
f 4925 5419 3305
f 190 1885 5419
f 1885 189 4923
f 3305 5419 4923
f 898 4899 5420
f 4899 177 1872
f 1872 176 4897
f 5420 4897 894
f 846 4873 5421
f 4873 164 1859
f 1859 163 4871
f 5421 4871 842
f 4927 5422 3312
f 191 1886 5422
f 1886 190 4925
f 3312 5422 4925
f 902 4901 5423
f 178 1873 5423
f 1873 177 4899
f 3221 5423 4899
f 4875 5424 3130
f 4875 165 1860
f 1860 164 4873
f 3130 5424 4873
f 4870 5425 3319
f 192 1887 5425
f 1887 191 4927
f 5425 4927 954
f 906 4903 5426
f 4903 179 1874
f 1874 178 4901
f 5426 4901 902
f 854 4877 5427
f 4877 166 1861
f 1861 165 4875
f 5427 4875 850
f 3338 5428 4929
f 3338 962 4930
f 5428 4930 1089
f 5428 3554 1094
f 4905 5429 3235
f 4905 180 1875
f 1875 179 4903
f 5429 4903 906
f 858 4879 5430
f 4879 167 1862
f 1862 166 4877
f 5430 4877 854
f 4869 5431 1825
f 837 3114 5431
f 5431 3114 834
f 1825 5431 4867
f 914 4907 5432
f 4907 181 1876
f 1876 180 4905
f 5432 4905 910
f 862 4881 5433
f 4881 168 1863
f 1863 167 4879
f 5433 4879 858
f 4909 5434 3249
f 4909 182 1877
f 1877 181 4907
f 5434 4907 914
f 866 4883 5435
f 4883 169 1864
f 1864 168 4881
f 5435 4881 862
f 4911 5436 3256
f 183 1878 5436
f 1878 182 4909
f 5436 4909 918
f 4885 5437 3165
f 4885 170 1865
f 1865 169 4883
f 5437 4883 866
f 4913 5438 3263
f 184 1879 5438
f 1879 183 4911
f 5438 4911 922
f 874 4887 5439
f 4887 171 1866
f 1866 170 4885
f 5439 4885 870
f 4915 5440 3270
f 4915 185 1880
f 1880 184 4913
f 5440 4913 926
f 4894 5441 1837
f 885 3198 5441
f 5441 3198 881
f 1837 5441 4892
f 4922 5442 1851
f 941 3296 5442
f 5442 3296 937
f 1851 5442 4920
f 4896 5443 1838
f 889 3205 5443
f 5443 3205 885
f 1838 5443 4894
f 4867 5444 1856
f 834 3328 5444
f 5444 3328 957
f 1856 5444 4868
f 4924 5445 1852
f 945 3303 5445
f 5445 3303 941
f 1852 5445 4922
f 4898 5446 1839
f 893 3212 5446
f 5446 3212 889
f 1839 5446 4896
f 4872 5447 1826
f 841 3121 5447
f 5447 3121 837
f 1826 5447 4869
f 4926 5448 1853
f 949 3310 5448
f 5448 3310 945
f 1853 5448 4924
f 4900 5449 1840
f 897 3219 5449
f 5449 3219 893
f 1840 5449 4898
f 4874 5450 1827
f 845 3128 5450
f 5450 3128 841
f 1827 5450 4872
f 4928 5451 1854
f 953 3317 5451
f 5451 3317 949
f 1854 5451 4926
f 4902 5452 1841
f 901 3226 5452
f 5452 3226 897
f 1841 5452 4900
f 4876 5453 1828
f 849 3135 5453
f 5453 3135 845
f 1828 5453 4874
f 4868 5454 1855
f 957 3324 5454
f 5454 3324 953
f 1855 5454 4928
f 4904 5455 1842
f 905 3233 5455
f 5455 3233 901
f 1842 5455 4902
f 4878 5456 1829
f 853 3142 5456
f 5456 3142 849
f 1829 5456 4876
f 4871 5457 3116
f 163 1858 5457
f 1858 162 4865
f 5457 4865 838
f 4906 5458 1843
f 909 3240 5458
f 5458 3240 905
f 1843 5458 4904
f 4880 5459 1830
f 857 3149 5459
f 5459 3149 853
f 1830 5459 4878
f 4908 5460 1844
f 913 3247 5460
f 5460 3247 909
f 1844 5460 4906
f 4882 5461 1831
f 861 3156 5461
f 5461 3156 857
f 1831 5461 4880
f 4910 5462 1845
f 917 3254 5462
f 5462 3254 913
f 1845 5462 4908
f 4884 5463 1832
f 865 3163 5463
f 5463 3163 861
f 1832 5463 4882
f 4912 5464 1846
f 921 3261 5464
f 5464 3261 917
f 1846 5464 4910
f 4886 5465 1833
f 869 3170 5465
f 5465 3170 865
f 1833 5465 4884
f 4914 5466 1847
f 925 3268 5466
f 5466 3268 921
f 1847 5466 4912
f 4888 5467 1834
f 873 3177 5467
f 5467 3177 869
f 1834 5467 4886
f 4916 5468 1848
f 929 3275 5468
f 5468 3275 925
f 1848 5468 4914
f 4890 5469 1835
f 877 3184 5469
f 5469 3184 873
f 1835 5469 4888
f 4918 5470 1849
f 933 3282 5470
f 5470 3282 929
f 1849 5470 4916
f 4892 5471 1836
f 881 3191 5471
f 5471 3191 877
f 1836 5471 4890
f 4920 5472 1850
f 937 3289 5472
f 5472 3289 933
f 1850 5472 4918
f 1752 5473 1922
f 1752 88 1921
f 5473 1921 120
f 5473 1912 121
f 1739 5474 1924
f 1739 75 1923
f 5474 1923 107
f 5474 1899 108
f 1753 5475 1925
f 1753 89 1922
f 5475 1922 121
f 5475 1913 122
f 1740 5476 1926
f 1740 76 1924
f 5476 1924 108
f 5476 1900 109
f 1754 5477 1927
f 1754 90 1925
f 5477 1925 122
f 5477 1914 123
f 1741 5478 1928
f 1741 77 1926
f 5478 1926 109
f 5478 1901 110
f 1755 5479 1929
f 1755 91 1927
f 5479 1927 123
f 5479 1915 124
f 1742 5480 1930
f 1742 78 1928
f 5480 1928 110
f 5480 1902 111
f 1729 5481 1932
f 1729 65 1931
f 5481 1931 97
f 5481 1889 98
f 1756 5482 1933
f 92 1929 5482
f 5482 1929 124
f 5482 1916 125
f 1743 5483 1934
f 79 1930 5483
f 5483 1930 111
f 5483 1903 112
f 1730 5484 1935
f 1730 66 1932
f 5484 1932 98
f 5484 1890 99
f 1757 5485 1936
f 93 1933 5485
f 5485 1933 125
f 5485 1917 126
f 1744 5486 1937
f 1744 80 1934
f 5486 1934 112
f 5486 1904 113
f 1731 5487 1938
f 1731 67 1935
f 5487 1935 99
f 5487 1891 100
f 1758 5488 1939
f 94 1936 5488
f 5488 1936 126
f 5488 1918 127
f 1745 5489 1940
f 1745 81 1937
f 5489 1937 113
f 5489 1905 114
f 1732 5490 1941
f 68 1938 5490
f 5490 1938 100
f 5490 1892 101
f 1759 5491 1942
f 95 1939 5491
f 5491 1939 127
f 5491 1919 128
f 83 1746 5492
f 1746 82 1940
f 5492 1940 114
f 5492 1906 115
f 70 1733 5493
f 1733 69 1941
f 5493 1941 101
f 5493 1893 102
f 1760 5494 1931
f 1760 96 1942
f 5494 1942 128
f 5494 1920 97
f 1747 5495 1945
f 1747 83 1943
f 5495 1943 115
f 5495 1907 116
f 1734 5496 1946
f 1734 70 1944
f 5496 1944 102
f 5496 1894 103
f 1748 5497 1947
f 84 1945 5497
f 5497 1945 116
f 5497 1908 117
f 1735 5498 1948
f 1735 71 1946
f 5498 1946 103
f 5498 1895 104
f 86 1749 5499
f 1749 85 1947
f 5499 1947 117
f 5499 1909 118
f 1736 5500 1950
f 1736 72 1948
f 5500 1948 104
f 5500 1896 105
f 1750 5501 1951
f 1750 86 1949
f 5501 1949 118
f 5501 1910 119
f 1737 5502 1952
f 1737 73 1950
f 5502 1950 105
f 5502 1897 106
f 1751 5503 1921
f 1751 87 1951
f 5503 1951 119
f 5503 1911 120
f 75 1738 5504
f 1738 74 1952
f 5504 1952 106
f 5504 1898 107
f 3471 5505 4971
f 3471 1037 4969
f 5505 4969 1166
f 5505 3690 1170
f 3380 5506 4945
f 3380 985 4943
f 5506 4943 1114
f 5506 3599 1118
f 3478 5507 4973
f 3478 1041 4971
f 5507 4971 1170
f 5507 3697 1174
f 3387 5508 4947
f 3387 989 4945
f 5508 4945 1118
f 5508 3606 1122
f 3485 5509 4975
f 3485 1045 4973
f 5509 4973 1174
f 5509 3704 1178
f 3394 5510 4949
f 3394 993 4947
f 5510 4947 1122
f 5510 3613 1126
f 3492 5511 4977
f 3492 1049 4975
f 5511 4975 1178
f 5511 3711 1182
f 3401 5512 4951
f 3401 997 4949
f 5512 4949 1126
f 5512 3620 1130
f 3499 5513 4979
f 3499 1053 4977
f 5513 4977 1182
f 5513 3718 1186
f 3408 5514 4953
f 3408 1001 4951
f 5514 4951 1130
f 5514 3627 1134
f 3506 5515 4981
f 3506 1057 4979
f 5515 4979 1186
f 5515 3725 1190
f 3415 5516 4955
f 3415 1005 4953
f 5516 4953 1134
f 5516 3634 1138
f 3513 5517 4983
f 3513 1061 4981
f 5517 4981 1190
f 5517 3732 1194
f 3422 5518 4957
f 3422 1009 4955
f 5518 4955 1138
f 5518 3641 1142
f 3520 5519 4985
f 3520 1065 4983
f 5519 4983 1194
f 5519 3739 1198
f 3429 5520 4959
f 3429 1013 4957
f 5520 4957 1142
f 5520 3648 1146
f 3527 5521 4987
f 3527 1069 4985
f 5521 4985 1198
f 5521 3746 1202
f 3436 5522 4961
f 3436 1017 4959
f 5522 4959 1146
f 5522 3655 1150
f 3552 5523 4930
f 3552 1085 4933
f 5523 4933 1214
f 5523 3773 1089
f 3534 5524 4989
f 3534 1073 4987
f 5524 4987 1202
f 5524 3753 1206
f 3443 5525 4963
f 3443 1021 4961
f 5525 4961 1150
f 5525 3662 1154
f 3352 5526 4937
f 3352 969 4935
f 5526 4935 1098
f 5526 3571 1102
f 3541 5527 4991
f 3541 1077 4989
f 5527 4989 1206
f 5527 3760 1210
f 3450 5528 4965
f 3450 1025 4963
f 5528 4963 1154
f 5528 3669 1158
f 3359 5529 4939
f 3359 973 4937
f 5529 4937 1102
f 5529 3578 1106
f 3548 5530 4933
f 3548 1081 4991
f 5530 4991 1210
f 5530 3767 1214
f 3457 5531 4967
f 3457 1029 4965
f 5531 4965 1158
f 5531 3676 1162
f 3366 5532 4941
f 3366 977 4939
f 5532 4939 1106
f 5532 3585 1110
f 3562 5533 4993
f 3562 1090 4994
f 5533 4994 1217
f 5533 3778 1222
f 3464 5534 4969
f 3464 1033 4967
f 5534 4967 1162
f 5534 3683 1166
f 3373 5535 4943
f 3373 981 4941
f 5535 4941 1110
f 5535 3592 1114
f 3345 5536 4935
f 3345 965 4929
f 5536 4929 1094
f 5536 3564 1098
f 1910 5537 4976
f 1910 118 4974
f 5537 4974 1046
f 5537 3480 1050
f 1897 5538 4950
f 1897 105 4948
f 5538 4948 994
f 5538 3389 998
f 1911 5539 4978
f 1911 119 4976
f 5539 4976 1050
f 5539 3487 1054
f 1898 5540 4952
f 1898 106 4950
f 5540 4950 998
f 5540 3396 1002
f 1912 5541 4980
f 1912 120 4978
f 5541 4978 1054
f 5541 3494 1058
f 1899 5542 4954
f 1899 107 4952
f 5542 4952 1002
f 5542 3403 1006
f 1913 5543 4982
f 1913 121 4980
f 5543 4980 1058
f 5543 3501 1062
f 1900 5544 4956
f 1900 108 4954
f 5544 4954 1006
f 5544 3410 1010
f 1914 5545 4984
f 1914 122 4982
f 5545 4982 1062
f 5545 3508 1066
f 1901 5546 4958
f 1901 109 4956
f 5546 4956 1010
f 5546 3417 1014
f 1915 5547 4986
f 1915 123 4984
f 5547 4984 1066
f 5547 3515 1070
f 1902 5548 4960
f 1902 110 4958
f 5548 4958 1014
f 5548 3424 1018
f 1889 5549 4931
f 1889 97 4932
f 5549 4932 961
f 5549 3330 966
f 1916 5550 4988
f 1916 124 4986
f 5550 4986 1070
f 5550 3522 1074
f 1903 5551 4962
f 1903 111 4960
f 5551 4960 1018
f 5551 3431 1022
f 1890 5552 4936
f 1890 98 4931
f 5552 4931 966
f 5552 3340 970
f 1917 5553 4990
f 1917 125 4988
f 5553 4988 1074
f 5553 3529 1078
f 1904 5554 4964
f 1904 112 4962
f 5554 4962 1022
f 5554 3438 1026
f 1891 5555 4938
f 1891 99 4936
f 5555 4936 970
f 5555 3347 974
f 1918 5556 4992
f 1918 126 4990
f 5556 4990 1078
f 5556 3536 1082
f 1905 5557 4966
f 1905 113 4964
f 5557 4964 1026
f 5557 3445 1030
f 1892 5558 4940
f 1892 100 4938
f 5558 4938 974
f 5558 3354 978
f 1919 5559 4934
f 1919 127 4992
f 5559 4992 1082
f 5559 3543 1086
f 1906 5560 4968
f 1906 114 4966
f 5560 4966 1030
f 5560 3452 1034
f 1893 5561 4942
f 1893 101 4940
f 5561 4940 978
f 5561 3361 982
f 1920 5562 4932
f 1920 128 4934
f 5562 4934 1086
f 5562 3549 961
f 1907 5563 4970
f 1907 115 4968
f 5563 4968 1034
f 5563 3459 1038
f 1894 5564 4944
f 1894 102 4942
f 5564 4942 982
f 5564 3368 986
f 1908 5565 4972
f 1908 116 4970
f 5565 4970 1038
f 5565 3466 1042
f 1895 5566 4946
f 1895 103 4944
f 5566 4944 986
f 5566 3375 990
f 1909 5567 4974
f 1909 117 4972
f 5567 4972 1042
f 5567 3473 1046
f 1896 5568 4948
f 1896 104 4946
f 5568 4946 990
f 5568 3382 994
f 3737 5569 5020
f 3737 1189 5019
f 5569 5019 1318
f 5569 3956 1322
f 3646 5570 5007
f 3646 1137 5006
f 5570 5006 1266
f 5570 3865 1270
f 3744 5571 5021
f 3744 1193 5020
f 5571 5020 1322
f 5571 3963 1326
f 3653 5572 5008
f 3653 1141 5007
f 5572 5007 1270
f 5572 3872 1274
f 3751 5573 5022
f 3751 1197 5021
f 5573 5021 1326
f 5573 3970 1330
f 3660 5574 5009
f 3660 1145 5008
f 5574 5008 1274
f 5574 3879 1278
f 3776 5575 4994
f 3776 1213 4995
f 5575 4995 1342
f 5575 3997 1217
f 3758 5576 5023
f 3758 1201 5022
f 5576 5022 1330
f 5576 3977 1334
f 3667 5577 5010
f 3667 1149 5009
f 5577 5009 1278
f 5577 3886 1282
f 3576 5578 4997
f 3576 1097 4996
f 5578 4996 1226
f 5578 3795 1230
f 3765 5579 5024
f 3765 1205 5023
f 5579 5023 1334
f 5579 3984 1338
f 3674 5580 5011
f 3674 1153 5010
f 5580 5010 1282
f 5580 3893 1286
f 3583 5581 4998
f 3583 1101 4997
f 5581 4997 1230
f 5581 3802 1234
f 3772 5582 4995
f 3772 1209 5024
f 5582 5024 1338
f 5582 3991 1342
f 3681 5583 5012
f 3681 1157 5011
f 5583 5011 1286
f 5583 3900 1290
f 3590 5584 4999
f 3590 1105 4998
f 5584 4998 1234
f 5584 3809 1238
f 3786 5585 5025
f 3786 1218 5026
f 5585 5026 1345
f 5585 4002 1350
f 3688 5586 5013
f 3688 1161 5012
f 5586 5012 1290
f 5586 3907 1294
f 3597 5587 5000
f 3597 1109 4999
f 5587 4999 1238
f 5587 3816 1242
f 3569 5588 4996
f 3569 1093 4993
f 5588 4993 1222
f 5588 3788 1226
f 3695 5589 5014
f 3695 1165 5013
f 5589 5013 1294
f 5589 3914 1298
f 3604 5590 5001
f 3604 1113 5000
f 5590 5000 1242
f 5590 3823 1246
f 3702 5591 5015
f 3702 1169 5014
f 5591 5014 1298
f 5591 3921 1302
f 3611 5592 5002
f 3611 1117 5001
f 5592 5001 1246
f 5592 3830 1250
f 3709 5593 5016
f 3709 1173 5015
f 5593 5015 1302
f 5593 3928 1306
f 3618 5594 5003
f 3618 1121 5002
f 5594 5002 1250
f 5594 3837 1254
f 3716 5595 5017
f 3716 1177 5016
f 5595 5016 1306
f 5595 3935 1310
f 3625 5596 5004
f 3625 1125 5003
f 5596 5003 1254
f 5596 3844 1258
f 3723 5597 5018
f 3723 1181 5017
f 5597 5017 1310
f 5597 3942 1314
f 3632 5598 5005
f 3632 1129 5004
f 5598 5004 1258
f 5598 3851 1262
f 3730 5599 5019
f 3730 1185 5018
f 5599 5018 1314
f 5599 3949 1318
f 3639 5600 5006
f 3639 1133 5005
f 5600 5005 1262
f 5600 3858 1266
f 4000 5601 5026
f 4000 1341 5027
f 5601 5027 1470
f 5601 4221 1345
f 3982 5602 5055
f 3982 1329 5054
f 5602 5054 1458
f 5602 4201 1462
f 3891 5603 5042
f 3891 1277 5041
f 5603 5041 1406
f 5603 4110 1410
f 3800 5604 5029
f 3800 1225 5028
f 5604 5028 1354
f 5604 4019 1358
f 3989 5605 5056
f 3989 1333 5055
f 5605 5055 1462
f 5605 4208 1466
f 3898 5606 5043
f 3898 1281 5042
f 5606 5042 1410
f 5606 4117 1414
f 3807 5607 5030
f 3807 1229 5029
f 5607 5029 1358
f 5607 4026 1362
f 3996 5608 5027
f 3996 1337 5056
f 5608 5056 1466
f 5608 4215 1470
f 3905 5609 5044
f 3905 1285 5043
f 5609 5043 1414
f 5609 4124 1418
f 3814 5610 5031
f 3814 1233 5030
f 5610 5030 1362
f 5610 4033 1366
f 4010 5611 5057
f 4010 1346 5058
f 5611 5058 1473
f 5611 4226 1478
f 3912 5612 5045
f 3912 1289 5044
f 5612 5044 1418
f 5612 4131 1422
f 3821 5613 5032
f 3821 1237 5031
f 5613 5031 1366
f 5613 4040 1370
f 3793 5614 5028
f 3793 1221 5025
f 5614 5025 1350
f 5614 4012 1354
f 3919 5615 5046
f 3919 1293 5045
f 5615 5045 1422
f 5615 4138 1426
f 3828 5616 5033
f 3828 1241 5032
f 5616 5032 1370
f 5616 4047 1374
f 3926 5617 5047
f 3926 1297 5046
f 5617 5046 1426
f 5617 4145 1430
f 3835 5618 5034
f 3835 1245 5033
f 5618 5033 1374
f 5618 4054 1378
f 3933 5619 5048
f 3933 1301 5047
f 5619 5047 1430
f 5619 4152 1434
f 3842 5620 5035
f 3842 1249 5034
f 5620 5034 1378
f 5620 4061 1382
f 3940 5621 5049
f 3940 1305 5048
f 5621 5048 1434
f 5621 4159 1438
f 3849 5622 5036
f 3849 1253 5035
f 5622 5035 1382
f 5622 4068 1386
f 3947 5623 5050
f 3947 1309 5049
f 5623 5049 1438
f 5623 4166 1442
f 3856 5624 5037
f 3856 1257 5036
f 5624 5036 1386
f 5624 4075 1390
f 3954 5625 5051
f 3954 1313 5050
f 5625 5050 1442
f 5625 4173 1446
f 3863 5626 5038
f 3863 1261 5037
f 5626 5037 1390
f 5626 4082 1394
f 3961 5627 5052
f 3961 1317 5051
f 5627 5051 1446
f 5627 4180 1450
f 3870 5628 5039
f 3870 1265 5038
f 5628 5038 1394
f 5628 4089 1398
f 3968 5629 5053
f 3968 1321 5052
f 5629 5052 1450
f 5629 4187 1454
f 3877 5630 5040
f 3877 1269 5039
f 5630 5039 1398
f 5630 4096 1402
f 3975 5631 5054
f 3975 1325 5053
f 5631 5053 1454
f 5631 4194 1458
f 3884 5632 5041
f 3884 1273 5040
f 5632 5040 1402
f 5632 4103 1406
f 4038 5633 5063
f 4038 1361 5062
f 5633 5062 1490
f 5633 4257 1494
f 4234 5634 5089
f 4234 1474 5090
f 5634 5090 129
f 5634 1953 130
f 4136 5635 5077
f 4136 1417 5076
f 5635 5076 1546
f 5635 4355 1550
f 4045 5636 5064
f 4045 1365 5063
f 5636 5063 1494
f 5636 4264 1498
f 4017 5637 5060
f 4017 1349 5057
f 5637 5057 1478
f 5637 4236 1482
f 4143 5638 5078
f 4143 1421 5077
f 5638 5077 1550
f 5638 4362 1554
f 4052 5639 5065
f 4052 1369 5064
f 5639 5064 1498
f 5639 4271 1502
f 4150 5640 5079
f 4150 1425 5078
f 5640 5078 1554
f 5640 4369 1558
f 4059 5641 5066
f 4059 1373 5065
f 5641 5065 1502
f 5641 4278 1506
f 4157 5642 5080
f 4157 1429 5079
f 5642 5079 1558
f 5642 4376 1562
f 4066 5643 5067
f 4066 1377 5066
f 5643 5066 1506
f 5643 4285 1510
f 4164 5644 5081
f 4164 1433 5080
f 5644 5080 1562
f 5644 4383 1566
f 4073 5645 5068
f 4073 1381 5067
f 5645 5067 1510
f 5645 4292 1514
f 4171 5646 5082
f 4171 1437 5081
f 5646 5081 1566
f 5646 4390 1570
f 4080 5647 5069
f 4080 1385 5068
f 5647 5068 1514
f 5647 4299 1518
f 4178 5648 5083
f 4178 1441 5082
f 5648 5082 1570
f 5648 4397 1574
f 4087 5649 5070
f 4087 1389 5069
f 5649 5069 1518
f 5649 4306 1522
f 4185 5650 5084
f 4185 1445 5083
f 5650 5083 1574
f 5650 4404 1578
f 4094 5651 5071
f 4094 1393 5070
f 5651 5070 1522
f 5651 4313 1526
f 4192 5652 5085
f 4192 1449 5084
f 5652 5084 1578
f 5652 4411 1582
f 4101 5653 5072
f 4101 1397 5071
f 5653 5071 1526
f 5653 4320 1530
f 4199 5654 5086
f 4199 1453 5085
f 5654 5085 1582
f 5654 4418 1586
f 4108 5655 5073
f 4108 1401 5072
f 5655 5072 1530
f 5655 4327 1534
f 4224 5656 5058
f 4224 1469 5059
f 5656 5059 1598
f 5656 4445 1473
f 4206 5657 5087
f 4206 1457 5086
f 5657 5086 1586
f 5657 4425 1590
f 4115 5658 5074
f 4115 1405 5073
f 5658 5073 1534
f 5658 4334 1538
f 4024 5659 5061
f 4024 1353 5060
f 5659 5060 1482
f 5659 4243 1486
f 4213 5660 5088
f 4213 1461 5087
f 5660 5087 1590
f 5660 4432 1594
f 4122 5661 5075
f 4122 1409 5074
f 5661 5074 1538
f 5661 4341 1542
f 4031 5662 5062
f 4031 1357 5061
f 5662 5061 1486
f 5662 4250 1490
f 4220 5663 5059
f 4220 1465 5088
f 5663 5088 1594
f 5663 4439 1598
f 4129 5664 5076
f 4129 1413 5075
f 5664 5075 1542
f 5664 4348 1546
f 4283 5665 5098
f 4283 1501 5097
f 5665 5097 136
f 5665 1960 137
f 4381 5666 5112
f 4381 1557 5111
f 5666 5111 150
f 5666 1974 151
f 4290 5667 5099
f 4290 1505 5098
f 5667 5098 137
f 5667 1961 138
f 4388 5668 5113
f 4388 1561 5112
f 5668 5112 151
f 5668 1975 152
f 4297 5669 5100
f 4297 1509 5099
f 5669 5099 138
f 5669 1962 139
f 4395 5670 5114
f 4395 1565 5113
f 5670 5113 152
f 5670 1976 153
f 4304 5671 5101
f 4304 1513 5100
f 5671 5100 139
f 5671 1963 140
f 4402 5672 5115
f 4402 1569 5114
f 5672 5114 153
f 5672 1977 154
f 4311 5673 5102
f 4311 1517 5101
f 5673 5101 140
f 5673 1964 141
f 4409 5674 5116
f 4409 1573 5115
f 5674 5115 154
f 5674 1978 155
f 4318 5675 5103
f 4318 1521 5102
f 5675 5102 141
f 5675 1965 142
f 4416 5676 5117
f 4416 1577 5116
f 5676 5116 155
f 5676 1979 156
f 4325 5677 5104
f 4325 1525 5103
f 5677 5103 142
f 5677 1966 143
f 4423 5678 5118
f 4423 1581 5117
f 5678 5117 156
f 5678 1980 157
f 4332 5679 5105
f 4332 1529 5104
f 5679 5104 143
f 5679 1967 144
f 4448 5680 5090
f 4448 1597 5091
f 5680 5091 160
f 5680 1984 129
f 4430 5681 5119
f 4430 1585 5118
f 5681 5118 157
f 5681 1981 158
f 4339 5682 5106
f 4339 1533 5105
f 5682 5105 144
f 5682 1968 145
f 4248 5683 5093
f 4248 1481 5092
f 5683 5092 131
f 5683 1955 132
f 4437 5684 5120
f 4437 1589 5119
f 5684 5119 158
f 5684 1982 159
f 4346 5685 5107
f 4346 1537 5106
f 5685 5106 145
f 5685 1969 146
f 4255 5686 5094
f 4255 1485 5093
f 5686 5093 132
f 5686 1956 133
f 4444 5687 5091
f 4444 1593 5120
f 5687 5120 159
f 5687 1983 160
f 4353 5688 5108
f 4353 1541 5107
f 5688 5107 146
f 5688 1970 147
f 4262 5689 5095
f 4262 1489 5094
f 5689 5094 133
f 5689 1957 134
f 4458 5690 5121
f 1602 5122 5690
f 5122 161 1857
f 5121 5690 1857
f 4360 5691 5109
f 4360 1545 5108
f 5691 5108 147
f 5691 1971 148
f 4269 5692 5096
f 4269 1493 5095
f 5692 5095 134
f 5692 1958 135
f 4241 5693 5092
f 4241 1477 5089
f 5693 5089 130
f 5693 1954 131
f 4367 5694 5110
f 4367 1549 5109
f 5694 5109 148
f 5694 1972 149
f 4276 5695 5097
f 4276 1497 5096
f 5695 5096 135
f 5695 1959 136
f 4374 5696 5111
f 4374 1553 5110
f 5696 5110 149
f 5696 1973 150
f 1645 4528 5697
f 1641 5143 5697
f 5697 5143 171
f 5697 1867 172
f 4626 5698 5173
f 4626 1697 5171
f 5698 5171 185
f 5698 1881 186
f 4535 5699 5147
f 4535 1645 5145
f 5145 172 1868
f 5699 1868 173
f 4633 5700 5175
f 4633 1701 5173
f 5700 5173 186
f 5700 1882 187
f 4542 5701 5149
f 1649 5147 5701
f 5147 173 1869
f 5701 1869 174
f 4640 5702 5177
f 1705 5175 5702
f 5702 5175 187
f 5702 1883 188
f 4549 5703 5151
f 4549 1653 5149
f 5703 5149 174
f 5703 1870 175
f 4647 5704 5179
f 4647 1709 5177
f 5704 5177 188
f 5704 1884 189
f 4556 5705 5153
f 1657 5151 5705
f 5151 175 1871
f 5705 1871 176
f 4672 5706 5122
f 4672 1725 5125
f 5706 5125 192
f 5706 1888 161
f 1717 4654 5707
f 1713 5179 5707
f 5707 5179 189
f 5707 1885 190
f 4563 5708 5155
f 1661 5153 5708
f 5153 176 1872
f 5708 1872 177
f 4472 5709 5129
f 1609 5127 5709
f 5127 163 1859
f 5709 1859 164
f 4661 5710 5183
f 1717 5181 5710
f 5710 5181 190
f 5710 1886 191
f 4570 5711 5157
f 1665 5155 5711
f 5155 177 1873
f 5711 1873 178
f 4479 5712 5131
f 1613 5129 5712
f 5129 164 1860
f 5712 1860 165
f 4668 5713 5125
f 4668 1721 5183
f 5713 5183 191
f 5713 1887 192
f 4577 5714 5159
f 4577 1669 5157
f 5157 178 1874
f 5714 1874 179
f 4486 5715 5133
f 1617 5131 5715
f 5715 5131 165
f 5715 1861 166
f 4584 5716 5161
f 1673 5159 5716
f 5716 5159 179
f 5716 1875 180
f 4493 5717 5135
f 1621 5133 5717
f 5133 166 1862
f 5717 1862 167
f 4465 5718 5127
f 4465 1605 5121
f 5121 162 1858
f 5718 1858 163
f 4591 5719 5163
f 4591 1677 5161
f 5719 5161 180
f 5719 1876 181
f 4500 5720 5137
f 4500 1625 5135
f 5720 5135 167
f 5720 1863 168
f 4598 5721 5165
f 4598 1681 5163
f 5721 5163 181
f 5721 1877 182
f 4507 5722 5139
f 1629 5137 5722
f 5137 168 1864
f 5722 1864 169
f 4605 5723 5167
f 1685 5165 5723
f 5723 5165 182
f 5723 1878 183
f 4514 5724 5141
f 4514 1633 5139
f 5139 169 1865
f 5724 1865 170
f 4612 5725 5169
f 4612 1689 5167
f 5725 5167 183
f 5725 1879 184
f 4521 5726 5143
f 1637 5141 5726
f 5726 5141 170
f 5726 1866 171
f 4619 5727 5171
f 4619 1693 5169
f 5727 5169 184
f 5727 1880 185
f 1965 5728 5150
f 1965 141 5148
f 5728 5148 1650
f 5728 4537 1654
f 1979 5729 5178
f 1979 155 5176
f 5729 5176 1706
f 5729 4635 1710
f 1966 5730 5152
f 1966 142 5150
f 5730 5150 1654
f 5730 4544 1658
f 1953 5731 5123
f 1953 129 5124
f 5731 5124 1601
f 5731 4450 1606
f 1980 5732 5180
f 1980 156 5178
f 5732 5178 1710
f 5732 4642 1714
f 1967 5733 5154
f 1967 143 5152
f 5733 5152 1658
f 5733 4551 1662
f 1954 5734 5128
f 1954 130 5123
f 5734 5123 1606
f 5734 4460 1610
f 1981 5735 5182
f 1981 157 5180
f 5735 5180 1714
f 5735 4649 1718
f 1968 5736 5156
f 1968 144 5154
f 5736 5154 1662
f 5736 4558 1666
f 1955 5737 5130
f 1955 131 5128
f 5737 5128 1610
f 5737 4467 1614
f 1982 5738 5184
f 1982 158 5182
f 5738 5182 1718
f 5738 4656 1722
f 1969 5739 5158
f 1969 145 5156
f 5739 5156 1666
f 5739 4565 1670
f 1956 5740 5132
f 1956 132 5130
f 5740 5130 1614
f 5740 4474 1618
f 1983 5741 5126
f 1983 159 5184
f 5741 5184 1722
f 5741 4663 1726
f 1970 5742 5160
f 1970 146 5158
f 5742 5158 1670
f 5742 4572 1674
f 1957 5743 5134
f 1957 133 5132
f 5743 5132 1618
f 5743 4481 1622
f 1984 5744 5124
f 1984 160 5126
f 5744 5126 1726
f 5744 4669 1601
f 1971 5745 5162
f 1971 147 5160
f 5745 5160 1674
f 5745 4579 1678
f 1958 5746 5136
f 1958 134 5134
f 5746 5134 1622
f 5746 4488 1626
f 1972 5747 5164
f 1972 148 5162
f 5747 5162 1678
f 5747 4586 1682
f 1959 5748 5138
f 1959 135 5136
f 5748 5136 1626
f 5748 4495 1630
f 1973 5749 5166
f 1973 149 5164
f 5749 5164 1682
f 5749 4593 1686
f 1960 5750 5140
f 1960 136 5138
f 5750 5138 1630
f 5750 4502 1634
f 1974 5751 5168
f 1974 150 5166
f 5751 5166 1686
f 5751 4600 1690
f 1961 5752 5142
f 1961 137 5140
f 5752 5140 1634
f 5752 4509 1638
f 1975 5753 5170
f 1975 151 5168
f 5753 5168 1690
f 5753 4607 1694
f 1962 5754 5144
f 1962 138 5142
f 5754 5142 1638
f 5754 4516 1642
f 1976 5755 5172
f 1976 152 5170
f 5755 5170 1694
f 5755 4614 1698
f 1963 5756 5146
f 1963 139 5144
f 5756 5144 1642
f 5756 4523 1646
f 1977 5757 5174
f 1977 153 5172
f 5757 5172 1698
f 5757 4621 1702
f 1964 5758 5148
f 1964 140 5146
f 5758 5146 1646
f 5758 4530 1650
f 1978 5759 5176
f 1978 154 5174
f 5759 5174 1702
f 5759 4628 1706
f 198 1986 5760
f 193 1987 5760
f 1987 195 1988
f 1985 5760 1988
f 200 1988 5761
f 195 1990 5761
f 1990 196 1991
f 1989 5761 1991
f 199 1991 5762
f 196 1993 5762
f 1993 194 1994
f 1992 5762 1994
f 202 1996 5763
f 198 1985 5763
f 1985 200 1997
f 1995 5763 1997
f 204 1997 5764
f 200 1989 5764
f 1989 199 1999
f 1998 5764 1999
f 203 1999 5765
f 199 1992 5765
f 1992 197 2001
f 2000 5765 2001
f 206 2003 5766
f 202 1995 5766
f 1995 204 2004
f 2002 5766 2004
f 208 2004 5767
f 204 1998 5767
f 1998 203 2006
f 2005 5767 2006
f 207 2006 5768
f 203 2000 5768
f 2000 201 2008
f 2007 5768 2008
f 210 2010 5769
f 206 2002 5769
f 2002 208 2011
f 2009 5769 2011
f 212 2011 5770
f 208 2005 5770
f 2005 207 2013
f 2012 5770 2013
f 211 2013 5771
f 207 2007 5771
f 2007 205 2015
f 2014 5771 2015
f 214 2017 5772
f 210 2009 5772
f 2009 212 2018
f 2016 5772 2018
f 216 2018 5773
f 212 2012 5773
f 2012 211 2020
f 2019 5773 2020
f 215 2020 5774
f 211 2014 5774
f 2014 209 2022
f 2021 5774 2022
f 218 2024 5775
f 214 2016 5775
f 2016 216 2025
f 2023 5775 2025
f 2025 5776 2026
f 216 2019 5776
f 2019 215 2027
f 2026 5776 2027
f 219 2027 5777
f 215 2021 5777
f 2021 213 2029
f 2028 5777 2029
f 222 2031 5778
f 218 2023 5778
f 2023 220 2032
f 2030 5778 2032
f 224 2032 5779
f 220 2026 5779
f 2026 219 2034
f 2033 5779 2034
f 223 2034 5780
f 219 2028 5780
f 2028 217 2036
f 2035 5780 2036
f 226 2038 5781
f 222 2030 5781
f 2030 224 2039
f 2037 5781 2039
f 228 2039 5782
f 224 2033 5782
f 2033 223 2041
f 2040 5782 2041
f 227 2041 5783
f 223 2035 5783
f 2035 221 2043
f 2042 5783 2043
f 230 2045 5784
f 226 2037 5784
f 2037 228 2046
f 2044 5784 2046
f 232 2046 5785
f 228 2040 5785
f 2040 227 2048
f 2047 5785 2048
f 231 2048 5786
f 227 2042 5786
f 2042 225 2050
f 2049 5786 2050
f 234 2052 5787
f 230 2044 5787
f 2044 232 2053
f 2051 5787 2053
f 236 2053 5788
f 232 2047 5788
f 2047 231 2055
f 2054 5788 2055
f 235 2055 5789
f 231 2049 5789
f 2049 229 2057
f 2056 5789 2057
f 238 2059 5790
f 234 2051 5790
f 2051 236 2060
f 2058 5790 2060
f 240 2060 5791
f 236 2054 5791
f 2054 235 2062
f 2061 5791 2062
f 239 2062 5792
f 235 2056 5792
f 2056 233 2064
f 2063 5792 2064
f 242 2066 5793
f 238 2058 5793
f 2058 240 2067
f 2065 5793 2067
f 244 2067 5794
f 240 2061 5794
f 2061 239 2069
f 2068 5794 2069
f 243 2069 5795
f 239 2063 5795
f 2063 237 2071
f 2070 5795 2071
f 246 2073 5796
f 242 2065 5796
f 2065 244 2074
f 2072 5796 2074
f 248 2074 5797
f 2074 244 2068
f 2068 243 2076
f 2075 5797 2076
f 247 2076 5798
f 243 2070 5798
f 2070 241 2078
f 2077 5798 2078
f 250 2080 5799
f 246 2072 5799
f 2072 248 2081
f 2079 5799 2081
f 252 2081 5800
f 248 2075 5800
f 2075 247 2083
f 2082 5800 2083
f 251 2083 5801
f 247 2077 5801
f 2077 245 2085
f 2084 5801 2085
f 254 2087 5802
f 250 2079 5802
f 2079 252 2088
f 2086 5802 2088
f 256 2088 5803
f 252 2082 5803
f 2082 251 2090
f 2089 5803 2090
f 255 2090 5804
f 251 2084 5804
f 2084 249 2092
f 2091 5804 2092
f 258 2094 5805
f 254 2086 5805
f 2086 256 2095
f 2093 5805 2095
f 260 2095 5806
f 256 2089 5806
f 2089 255 2097
f 2096 5806 2097
f 259 2097 5807
f 255 2091 5807
f 2091 253 2099
f 2098 5807 2099
f 262 2101 5808
f 258 2093 5808
f 2093 260 2102
f 2100 5808 2102
f 264 2102 5809
f 260 2096 5809
f 2096 259 2104
f 2103 5809 2104
f 263 2104 5810
f 259 2098 5810
f 2098 257 2106
f 2105 5810 2106
f 266 2108 5811
f 262 2100 5811
f 2100 264 2109
f 2107 5811 2109
f 268 2109 5812
f 264 2103 5812
f 2103 263 2111
f 2110 5812 2111
f 267 2111 5813
f 263 2105 5813
f 2105 261 2113
f 2112 5813 2113
f 270 2115 5814
f 266 2107 5814
f 2107 268 2116
f 2114 5814 2116
f 272 2116 5815
f 268 2110 5815
f 2110 267 2118
f 2117 5815 2118
f 271 2118 5816
f 267 2112 5816
f 2112 265 2120
f 2119 5816 2120
f 274 2122 5817
f 270 2114 5817
f 2114 272 2123
f 2121 5817 2123
f 2123 5818 2124
f 272 2117 5818
f 2117 271 2125
f 2124 5818 2125
f 275 2125 5819
f 271 2119 5819
f 2119 269 2127
f 2126 5819 2127
f 278 2129 5820
f 274 2121 5820
f 2121 276 2130
f 2128 5820 2130
f 280 2130 5821
f 276 2124 5821
f 2124 275 2132
f 2131 5821 2132
f 279 2132 5822
f 275 2126 5822
f 2126 273 2134
f 2133 5822 2134
f 282 2136 5823
f 278 2128 5823
f 2128 280 2137
f 2135 5823 2137
f 284 2137 5824
f 280 2131 5824
f 2131 279 2139
f 2138 5824 2139
f 283 2139 5825
f 279 2133 5825
f 2133 277 2141
f 2140 5825 2141
f 286 2143 5826
f 282 2135 5826
f 2135 284 2144
f 2142 5826 2144
f 288 2144 5827
f 284 2138 5827
f 2138 283 2146
f 2145 5827 2146
f 287 2146 5828
f 283 2140 5828
f 2140 281 2148
f 2147 5828 2148
f 290 2150 5829
f 286 2142 5829
f 2142 288 2151
f 2149 5829 2151
f 292 2151 5830
f 288 2145 5830
f 2145 287 2153
f 2152 5830 2153
f 291 2153 5831
f 287 2147 5831
f 2147 285 2155
f 2154 5831 2155
f 294 2157 5832
f 290 2149 5832
f 2149 292 2158
f 2156 5832 2158
f 296 2158 5833
f 292 2152 5833
f 2152 291 2160
f 2159 5833 2160
f 295 2160 5834
f 291 2154 5834
f 2154 289 2162
f 2161 5834 2162
f 298 2164 5835
f 294 2156 5835
f 2156 296 2165
f 2163 5835 2165
f 300 2165 5836
f 296 2159 5836
f 2159 295 2167
f 2166 5836 2167
f 299 2167 5837
f 295 2161 5837
f 2161 293 2169
f 2168 5837 2169
f 302 2171 5838
f 298 2163 5838
f 2163 300 2172
f 2170 5838 2172
f 304 2172 5839
f 300 2166 5839
f 2166 299 2174
f 2173 5839 2174
f 303 2174 5840
f 299 2168 5840
f 2168 297 2176
f 2175 5840 2176
f 306 2178 5841
f 302 2170 5841
f 2170 304 2179
f 2177 5841 2179
f 308 2179 5842
f 304 2173 5842
f 2173 303 2181
f 2180 5842 2181
f 307 2181 5843
f 303 2175 5843
f 2175 301 2183
f 2182 5843 2183
f 310 2185 5844
f 306 2177 5844
f 2177 308 2186
f 2184 5844 2186
f 312 2186 5845
f 308 2180 5845
f 2180 307 2188
f 2187 5845 2188
f 311 2188 5846
f 307 2182 5846
f 2182 305 2190
f 2189 5846 2190
f 314 2192 5847
f 310 2184 5847
f 2184 312 2193
f 2191 5847 2193
f 316 2193 5848
f 312 2187 5848
f 2187 311 2195
f 2194 5848 2195
f 315 2195 5849
f 311 2189 5849
f 2189 309 2197
f 2196 5849 2197
f 318 2199 5850
f 314 2191 5850
f 2191 316 2200
f 2198 5850 2200
f 320 2200 5851
f 316 2194 5851
f 2194 315 2202
f 2201 5851 2202
f 319 2202 5852
f 315 2196 5852
f 2196 313 2204
f 2203 5852 2204
f 193 2205 5853
f 318 2198 5853
f 2198 320 2206
f 1987 5853 2206
f 195 2206 5854
f 320 2201 5854
f 2201 319 2207
f 1990 5854 2207
f 196 2207 5855
f 319 2203 5855
f 2203 317 2208
f 1993 5855 2208
f 326 2210 5856
f 321 2211 5856
f 2211 323 2212
f 2209 5856 2212
f 328 2212 5857
f 323 2214 5857
f 2214 324 2215
f 2213 5857 2215
f 327 2215 5858
f 324 2217 5858
f 2217 322 2218
f 2216 5858 2218
f 330 2220 5859
f 326 2209 5859
f 2209 328 2221
f 2219 5859 2221
f 332 2221 5860
f 328 2213 5860
f 2213 327 2223
f 2222 5860 2223
f 331 2223 5861
f 327 2216 5861
f 2216 325 2225
f 2224 5861 2225
f 334 2227 5862
f 330 2219 5862
f 2219 332 2228
f 2226 5862 2228
f 336 2228 5863
f 332 2222 5863
f 2222 331 2230
f 2229 5863 2230
f 335 2230 5864
f 331 2224 5864
f 2224 329 2232
f 2231 5864 2232
f 338 2234 5865
f 334 2226 5865
f 2226 336 2235
f 2233 5865 2235
f 340 2235 5866
f 336 2229 5866
f 2229 335 2237
f 2236 5866 2237
f 339 2237 5867
f 335 2231 5867
f 2231 333 2239
f 2238 5867 2239
f 342 2241 5868
f 338 2233 5868
f 2233 340 2242
f 2240 5868 2242
f 344 2242 5869
f 340 2236 5869
f 2236 339 2244
f 2243 5869 2244
f 343 2244 5870
f 339 2238 5870
f 2238 337 2246
f 2245 5870 2246
f 346 2248 5871
f 342 2240 5871
f 2240 344 2249
f 2247 5871 2249
f 348 2249 5872
f 344 2243 5872
f 2243 343 2251
f 2250 5872 2251
f 347 2251 5873
f 343 2245 5873
f 2245 341 2253
f 2252 5873 2253
f 350 2255 5874
f 346 2247 5874
f 2247 348 2256
f 2254 5874 2256
f 352 2256 5875
f 348 2250 5875
f 2250 347 2258
f 2257 5875 2258
f 351 2258 5876
f 347 2252 5876
f 2252 345 2260
f 2259 5876 2260
f 354 2262 5877
f 350 2254 5877
f 2254 352 2263
f 2261 5877 2263
f 356 2263 5878
f 352 2257 5878
f 2257 351 2265
f 2264 5878 2265
f 355 2265 5879
f 351 2259 5879
f 2259 349 2267
f 2266 5879 2267
f 358 2269 5880
f 354 2261 5880
f 2261 356 2270
f 2268 5880 2270
f 360 2270 5881
f 356 2264 5881
f 2264 355 2272
f 2271 5881 2272
f 359 2272 5882
f 355 2266 5882
f 2266 353 2274
f 2273 5882 2274
f 362 2276 5883
f 358 2268 5883
f 2268 360 2277
f 2275 5883 2277
f 364 2277 5884
f 360 2271 5884
f 2271 359 2279
f 2278 5884 2279
f 363 2279 5885
f 359 2273 5885
f 2273 357 2281
f 2280 5885 2281
f 366 2283 5886
f 362 2275 5886
f 2275 364 2284
f 2282 5886 2284
f 368 2284 5887
f 364 2278 5887
f 2278 363 2286
f 2285 5887 2286
f 367 2286 5888
f 363 2280 5888
f 2280 361 2288
f 2287 5888 2288
f 370 2290 5889
f 366 2282 5889
f 2282 368 2291
f 2289 5889 2291
f 372 2291 5890
f 368 2285 5890
f 2285 367 2293
f 2292 5890 2293
f 371 2293 5891
f 367 2287 5891
f 2287 365 2295
f 2294 5891 2295
f 374 2297 5892
f 370 2289 5892
f 2289 372 2298
f 2296 5892 2298
f 376 2298 5893
f 372 2292 5893
f 2292 371 2300
f 2299 5893 2300
f 375 2300 5894
f 371 2294 5894
f 2294 369 2302
f 2301 5894 2302
f 378 2304 5895
f 374 2296 5895
f 2296 376 2305
f 2303 5895 2305
f 380 2305 5896
f 376 2299 5896
f 2299 375 2307
f 2306 5896 2307
f 379 2307 5897
f 375 2301 5897
f 2301 373 2309
f 2308 5897 2309
f 382 2311 5898
f 378 2303 5898
f 2303 380 2312
f 2310 5898 2312
f 384 2312 5899
f 380 2306 5899
f 2306 379 2314
f 2313 5899 2314
f 383 2314 5900
f 379 2308 5900
f 2308 377 2316
f 2315 5900 2316
f 386 2318 5901
f 382 2310 5901
f 2310 384 2319
f 2317 5901 2319
f 388 2319 5902
f 384 2313 5902
f 2313 383 2321
f 2320 5902 2321
f 387 2321 5903
f 383 2315 5903
f 2315 381 2323
f 2322 5903 2323
f 390 2325 5904
f 386 2317 5904
f 2317 388 2326
f 2324 5904 2326
f 392 2326 5905
f 388 2320 5905
f 2320 387 2328
f 2327 5905 2328
f 391 2328 5906
f 387 2322 5906
f 2322 385 2330
f 2329 5906 2330
f 394 2332 5907
f 390 2324 5907
f 2324 392 2333
f 2331 5907 2333
f 396 2333 5908
f 392 2327 5908
f 2327 391 2335
f 2334 5908 2335
f 395 2335 5909
f 391 2329 5909
f 2329 389 2337
f 2336 5909 2337
f 398 2339 5910
f 394 2331 5910
f 2331 396 2340
f 2338 5910 2340
f 400 2340 5911
f 396 2334 5911
f 2334 395 2342
f 2341 5911 2342
f 399 2342 5912
f 395 2336 5912
f 2336 393 2344
f 2343 5912 2344
f 402 2346 5913
f 398 2338 5913
f 2338 400 2347
f 2345 5913 2347
f 404 2347 5914
f 400 2341 5914
f 2341 399 2349
f 2348 5914 2349
f 403 2349 5915
f 399 2343 5915
f 2343 397 2351
f 2350 5915 2351
f 406 2353 5916
f 402 2345 5916
f 2345 404 2354
f 2352 5916 2354
f 408 2354 5917
f 404 2348 5917
f 2348 403 2356
f 2355 5917 2356
f 407 2356 5918
f 403 2350 5918
f 2350 401 2358
f 2357 5918 2358
f 410 2360 5919
f 406 2352 5919
f 2352 408 2361
f 2359 5919 2361
f 412 2361 5920
f 408 2355 5920
f 2355 407 2363
f 2362 5920 2363
f 411 2363 5921
f 407 2357 5921
f 2357 405 2365
f 2364 5921 2365
f 414 2367 5922
f 410 2359 5922
f 2359 412 2368
f 2366 5922 2368
f 416 2368 5923
f 412 2362 5923
f 2362 411 2370
f 2369 5923 2370
f 415 2370 5924
f 411 2364 5924
f 2364 409 2372
f 2371 5924 2372
f 418 2374 5925
f 414 2366 5925
f 2366 416 2375
f 2373 5925 2375
f 420 2375 5926
f 416 2369 5926
f 2369 415 2377
f 2376 5926 2377
f 419 2377 5927
f 415 2371 5927
f 2371 413 2379
f 2378 5927 2379
f 422 2381 5928
f 418 2373 5928
f 2373 420 2382
f 2380 5928 2382
f 424 2382 5929
f 420 2376 5929
f 2376 419 2384
f 2383 5929 2384
f 423 2384 5930
f 419 2378 5930
f 2378 417 2386
f 2385 5930 2386
f 426 2388 5931
f 422 2380 5931
f 2380 424 2389
f 2387 5931 2389
f 428 2389 5932
f 424 2383 5932
f 2383 423 2391
f 2390 5932 2391
f 427 2391 5933
f 423 2385 5933
f 2385 421 2393
f 2392 5933 2393
f 430 2395 5934
f 426 2387 5934
f 2387 428 2396
f 2394 5934 2396
f 432 2396 5935
f 428 2390 5935
f 2390 427 2398
f 2397 5935 2398
f 431 2398 5936
f 427 2392 5936
f 2392 425 2400
f 2399 5936 2400
f 434 2402 5937
f 430 2394 5937
f 2394 432 2403
f 2401 5937 2403
f 436 2403 5938
f 432 2397 5938
f 2397 431 2405
f 2404 5938 2405
f 435 2405 5939
f 431 2399 5939
f 2399 429 2407
f 2406 5939 2407
f 438 2409 5940
f 434 2401 5940
f 2401 436 2410
f 2408 5940 2410
f 440 2410 5941
f 436 2404 5941
f 2404 435 2412
f 2411 5941 2412
f 439 2412 5942
f 435 2406 5942
f 2406 433 2414
f 2413 5942 2414
f 442 2416 5943
f 438 2408 5943
f 2408 440 2417
f 2415 5943 2417
f 444 2417 5944
f 440 2411 5944
f 2411 439 2419
f 2418 5944 2419
f 443 2419 5945
f 439 2413 5945
f 2413 437 2421
f 2420 5945 2421
f 446 2423 5946
f 442 2415 5946
f 2415 444 2424
f 2422 5946 2424
f 448 2424 5947
f 444 2418 5947
f 2418 443 2426
f 2425 5947 2426
f 447 2426 5948
f 443 2420 5948
f 2420 441 2428
f 2427 5948 2428
f 321 2429 5949
f 446 2422 5949
f 2422 448 2430
f 2211 5949 2430
f 323 2430 5950
f 448 2425 5950
f 2425 447 2431
f 2214 5950 2431
f 324 2431 5951
f 447 2427 5951
f 2427 445 2432
f 2217 5951 2432
f 454 2434 5952
f 449 2435 5952
f 2435 451 2436
f 2433 5952 2436
f 456 2436 5953
f 451 2438 5953
f 2438 452 2439
f 2437 5953 2439
f 455 2439 5954
f 452 2441 5954
f 2441 450 2442
f 2440 5954 2442
f 458 2444 5955
f 454 2433 5955
f 2433 456 2445
f 2443 5955 2445
f 460 2445 5956
f 456 2437 5956
f 2437 455 2447
f 2446 5956 2447
f 459 2447 5957
f 455 2440 5957
f 2440 453 2449
f 2448 5957 2449
f 462 2451 5958
f 458 2443 5958
f 2443 460 2452
f 2450 5958 2452
f 464 2452 5959
f 460 2446 5959
f 2446 459 2454
f 2453 5959 2454
f 463 2454 5960
f 459 2448 5960
f 2448 457 2456
f 2455 5960 2456
f 466 2458 5961
f 462 2450 5961
f 2450 464 2459
f 2457 5961 2459
f 468 2459 5962
f 464 2453 5962
f 2453 463 2461
f 2460 5962 2461
f 467 2461 5963
f 463 2455 5963
f 2455 461 2463
f 2462 5963 2463
f 470 2465 5964
f 466 2457 5964
f 2457 468 2466
f 2464 5964 2466
f 472 2466 5965
f 468 2460 5965
f 2460 467 2468
f 2467 5965 2468
f 471 2468 5966
f 467 2462 5966
f 2462 465 2470
f 2469 5966 2470
f 474 2472 5967
f 470 2464 5967
f 2464 472 2473
f 2471 5967 2473
f 476 2473 5968
f 472 2467 5968
f 2467 471 2475
f 2474 5968 2475
f 475 2475 5969
f 471 2469 5969
f 2469 469 2477
f 2476 5969 2477
f 478 2479 5970
f 474 2471 5970
f 2471 476 2480
f 2478 5970 2480
f 480 2480 5971
f 476 2474 5971
f 2474 475 2482
f 2481 5971 2482
f 479 2482 5972
f 475 2476 5972
f 2476 473 2484
f 2483 5972 2484
f 482 2486 5973
f 478 2478 5973
f 2478 480 2487
f 2485 5973 2487
f 484 2487 5974
f 480 2481 5974
f 2481 479 2489
f 2488 5974 2489
f 483 2489 5975
f 479 2483 5975
f 2483 477 2491
f 2490 5975 2491
f 486 2493 5976
f 482 2485 5976
f 2485 484 2494
f 2492 5976 2494
f 488 2494 5977
f 484 2488 5977
f 2488 483 2496
f 2495 5977 2496
f 487 2496 5978
f 483 2490 5978
f 2490 481 2498
f 2497 5978 2498
f 490 2500 5979
f 486 2492 5979
f 2492 488 2501
f 2499 5979 2501
f 492 2501 5980
f 488 2495 5980
f 2495 487 2503
f 2502 5980 2503
f 491 2503 5981
f 487 2497 5981
f 2497 485 2505
f 2504 5981 2505
f 494 2507 5982
f 490 2499 5982
f 2499 492 2508
f 2506 5982 2508
f 496 2508 5983
f 492 2502 5983
f 2502 491 2510
f 2509 5983 2510
f 495 2510 5984
f 491 2504 5984
f 2504 489 2512
f 2511 5984 2512
f 498 2514 5985
f 494 2506 5985
f 2506 496 2515
f 2513 5985 2515
f 500 2515 5986
f 496 2509 5986
f 2509 495 2517
f 5986 2517 499
f 499 2517 5987
f 495 2511 5987
f 2511 493 2519
f 2518 5987 2519
f 502 2521 5988
f 498 2513 5988
f 2513 500 2522
f 2520 5988 2522
f 504 2522 5989
f 500 2516 5989
f 2516 499 2524
f 2523 5989 2524
f 503 2524 5990
f 499 2518 5990
f 2518 497 2526
f 2525 5990 2526
f 506 2528 5991
f 502 2520 5991
f 2520 504 2529
f 2527 5991 2529
f 508 2529 5992
f 504 2523 5992
f 2523 503 2531
f 2530 5992 2531
f 507 2531 5993
f 503 2525 5993
f 2525 501 2533
f 2532 5993 2533
f 510 2535 5994
f 506 2527 5994
f 2527 508 2536
f 2534 5994 2536
f 512 2536 5995
f 508 2530 5995
f 2530 507 2538
f 2537 5995 2538
f 511 2538 5996
f 507 2532 5996
f 2532 505 2540
f 2539 5996 2540
f 514 2542 5997
f 510 2534 5997
f 2534 512 2543
f 2541 5997 2543
f 516 2543 5998
f 512 2537 5998
f 2537 511 2545
f 2544 5998 2545
f 515 2545 5999
f 511 2539 5999
f 2539 509 2547
f 2546 5999 2547
f 518 2549 6000
f 514 2541 6000
f 2541 516 2550
f 2548 6000 2550
f 520 2550 6001
f 516 2544 6001
f 2544 515 2552
f 2551 6001 2552
f 519 2552 6002
f 515 2546 6002
f 2546 513 2554
f 2553 6002 2554
f 522 2556 6003
f 518 2548 6003
f 2548 520 2557
f 2555 6003 2557
f 524 2557 6004
f 520 2551 6004
f 2551 519 2559
f 2558 6004 2559
f 523 2559 6005
f 519 2553 6005
f 2553 517 2561
f 2560 6005 2561
f 526 2563 6006
f 522 2555 6006
f 2555 524 2564
f 2562 6006 2564
f 528 2564 6007
f 524 2558 6007
f 2558 523 2566
f 2565 6007 2566
f 527 2566 6008
f 523 2560 6008
f 2560 521 2568
f 2567 6008 2568
f 530 2570 6009
f 526 2562 6009
f 2562 528 2571
f 2569 6009 2571
f 532 2571 6010
f 528 2565 6010
f 2565 527 2573
f 2572 6010 2573
f 531 2573 6011
f 527 2567 6011
f 2567 525 2575
f 2574 6011 2575
f 534 2577 6012
f 530 2569 6012
f 2569 532 2578
f 2576 6012 2578
f 536 2578 6013
f 532 2572 6013
f 2572 531 2580
f 2579 6013 2580
f 535 2580 6014
f 531 2574 6014
f 2574 529 2582
f 2581 6014 2582
f 538 2584 6015
f 534 2576 6015
f 2576 536 2585
f 2583 6015 2585
f 540 2585 6016
f 536 2579 6016
f 2579 535 2587
f 2586 6016 2587
f 539 2587 6017
f 535 2581 6017
f 2581 533 2589
f 2588 6017 2589
f 542 2591 6018
f 538 2583 6018
f 2583 540 2592
f 2590 6018 2592
f 544 2592 6019
f 540 2586 6019
f 2586 539 2594
f 2593 6019 2594
f 543 2594 6020
f 539 2588 6020
f 2588 537 2596
f 2595 6020 2596
f 546 2598 6021
f 542 2590 6021
f 2590 544 2599
f 2597 6021 2599
f 548 2599 6022
f 544 2593 6022
f 2593 543 2601
f 2600 6022 2601
f 547 2601 6023
f 543 2595 6023
f 2595 541 2603
f 2602 6023 2603
f 550 2605 6024
f 546 2597 6024
f 2597 548 2606
f 2604 6024 2606
f 552 2606 6025
f 548 2600 6025
f 2600 547 2608
f 2607 6025 2608
f 551 2608 6026
f 547 2602 6026
f 2602 545 2610
f 2609 6026 2610
f 554 2612 6027
f 550 2604 6027
f 2604 552 2613
f 2611 6027 2613
f 556 2613 6028
f 552 2607 6028
f 2607 551 2615
f 2614 6028 2615
f 555 2615 6029
f 551 2609 6029
f 2609 549 2617
f 2616 6029 2617
f 558 2619 6030
f 554 2611 6030
f 2611 556 2620
f 2618 6030 2620
f 560 2620 6031
f 556 2614 6031
f 2614 555 2622
f 2621 6031 2622
f 559 2622 6032
f 555 2616 6032
f 2616 553 2624
f 2623 6032 2624
f 562 2626 6033
f 558 2618 6033
f 2618 560 2627
f 2625 6033 2627
f 564 2627 6034
f 560 2621 6034
f 2621 559 2629
f 2628 6034 2629
f 563 2629 6035
f 559 2623 6035
f 2623 557 2631
f 2630 6035 2631
f 566 2633 6036
f 562 2625 6036
f 2625 564 2634
f 2632 6036 2634
f 568 2634 6037
f 564 2628 6037
f 2628 563 2636
f 2635 6037 2636
f 567 2636 6038
f 563 2630 6038
f 2630 561 2638
f 2637 6038 2638
f 570 2640 6039
f 566 2632 6039
f 2632 568 2641
f 2639 6039 2641
f 572 2641 6040
f 568 2635 6040
f 2635 567 2643
f 2642 6040 2643
f 571 2643 6041
f 567 2637 6041
f 2637 565 2645
f 2644 6041 2645
f 574 2647 6042
f 570 2639 6042
f 2639 572 2648
f 2646 6042 2648
f 576 2648 6043
f 572 2642 6043
f 2642 571 2650
f 2649 6043 2650
f 575 2650 6044
f 571 2644 6044
f 2644 569 2652
f 2651 6044 2652
f 449 2653 6045
f 574 2646 6045
f 2646 576 2654
f 2435 6045 2654
f 451 2654 6046
f 576 2649 6046
f 2649 575 2655
f 2438 6046 2655
f 452 2655 6047
f 575 2651 6047
f 2651 573 2656
f 2441 6047 2656
f 582 2658 6048
f 577 2659 6048
f 2659 579 2660
f 2657 6048 2660
f 584 2660 6049
f 579 2662 6049
f 2662 580 2663
f 2661 6049 2663
f 583 2663 6050
f 580 2665 6050
f 2665 578 2666
f 2664 6050 2666
f 586 2668 6051
f 582 2657 6051
f 2657 584 2669
f 2667 6051 2669
f 588 2669 6052
f 584 2661 6052
f 2661 583 2671
f 2670 6052 2671
f 587 2671 6053
f 583 2664 6053
f 2664 581 2673
f 2672 6053 2673
f 590 2675 6054
f 586 2667 6054
f 2667 588 2676
f 2674 6054 2676
f 592 2676 6055
f 588 2670 6055
f 2670 587 2678
f 2677 6055 2678
f 591 2678 6056
f 587 2672 6056
f 2672 585 2680
f 2679 6056 2680
f 594 2682 6057
f 590 2674 6057
f 2674 592 2683
f 2681 6057 2683
f 596 2683 6058
f 592 2677 6058
f 2677 591 2685
f 2684 6058 2685
f 595 2685 6059
f 591 2679 6059
f 2679 589 2687
f 2686 6059 2687
f 598 2689 6060
f 594 2681 6060
f 2681 596 2690
f 2688 6060 2690
f 600 2690 6061
f 596 2684 6061
f 2684 595 2692
f 2691 6061 2692
f 599 2692 6062
f 595 2686 6062
f 2686 593 2694
f 2693 6062 2694
f 602 2696 6063
f 598 2688 6063
f 2688 600 2697
f 2695 6063 2697
f 604 2697 6064
f 600 2691 6064
f 2691 599 2699
f 2698 6064 2699
f 603 2699 6065
f 599 2693 6065
f 2693 597 2701
f 2700 6065 2701
f 606 2703 6066
f 602 2695 6066
f 2695 604 2704
f 2702 6066 2704
f 608 2704 6067
f 604 2698 6067
f 2698 603 2706
f 2705 6067 2706
f 607 2706 6068
f 603 2700 6068
f 2700 601 2708
f 2707 6068 2708
f 610 2710 6069
f 606 2702 6069
f 2702 608 2711
f 2709 6069 2711
f 612 2711 6070
f 608 2705 6070
f 2705 607 2713
f 2712 6070 2713
f 611 2713 6071
f 607 2707 6071
f 2707 605 2715
f 2714 6071 2715
f 614 2717 6072
f 610 2709 6072
f 2709 612 2718
f 2716 6072 2718
f 616 2718 6073
f 612 2712 6073
f 2712 611 2720
f 2719 6073 2720
f 615 2720 6074
f 611 2714 6074
f 2714 609 2722
f 2721 6074 2722
f 618 2724 6075
f 614 2716 6075
f 2716 616 2725
f 2723 6075 2725
f 620 2725 6076
f 616 2719 6076
f 2719 615 2727
f 2726 6076 2727
f 619 2727 6077
f 615 2721 6077
f 2721 613 2729
f 2728 6077 2729
f 622 2731 6078
f 618 2723 6078
f 2723 620 2732
f 2730 6078 2732
f 624 2732 6079
f 620 2726 6079
f 2726 619 2734
f 2733 6079 2734
f 623 2734 6080
f 619 2728 6080
f 2728 617 2736
f 2735 6080 2736
f 626 2738 6081
f 622 2730 6081
f 2730 624 2739
f 2737 6081 2739
f 628 2739 6082
f 624 2733 6082
f 2733 623 2741
f 2740 6082 2741
f 627 2741 6083
f 623 2735 6083
f 2735 621 2743
f 2742 6083 2743
f 630 2745 6084
f 626 2737 6084
f 2737 628 2746
f 2744 6084 2746
f 632 2746 6085
f 628 2740 6085
f 2740 627 2748
f 2747 6085 2748
f 631 2748 6086
f 627 2742 6086
f 2742 625 2750
f 2749 6086 2750
f 634 2752 6087
f 630 2744 6087
f 2744 632 2753
f 2751 6087 2753
f 636 2753 6088
f 632 2747 6088
f 2747 631 2755
f 2754 6088 2755
f 635 2755 6089
f 631 2749 6089
f 2749 629 2757
f 2756 6089 2757
f 638 2759 6090
f 634 2751 6090
f 2751 636 2760
f 2758 6090 2760
f 640 2760 6091
f 636 2754 6091
f 2754 635 2762
f 2761 6091 2762
f 639 2762 6092
f 635 2756 6092
f 2756 633 2764
f 2763 6092 2764
f 642 2766 6093
f 638 2758 6093
f 2758 640 2767
f 2765 6093 2767
f 644 2767 6094
f 640 2761 6094
f 2761 639 2769
f 2768 6094 2769
f 643 2769 6095
f 639 2763 6095
f 2763 637 2771
f 2770 6095 2771
f 646 2773 6096
f 642 2765 6096
f 2765 644 2774
f 2772 6096 2774
f 648 2774 6097
f 644 2768 6097
f 2768 643 2776
f 2775 6097 2776
f 647 2776 6098
f 643 2770 6098
f 2770 641 2778
f 2777 6098 2778
f 650 2780 6099
f 646 2772 6099
f 2772 648 2781
f 2779 6099 2781
f 652 2781 6100
f 648 2775 6100
f 2775 647 2783
f 2782 6100 2783
f 651 2783 6101
f 647 2777 6101
f 2777 645 2785
f 2784 6101 2785
f 654 2787 6102
f 650 2779 6102
f 2779 652 2788
f 2786 6102 2788
f 656 2788 6103
f 652 2782 6103
f 2782 651 2790
f 2789 6103 2790
f 655 2790 6104
f 651 2784 6104
f 2784 649 2792
f 2791 6104 2792
f 658 2794 6105
f 654 2786 6105
f 2786 656 2795
f 2793 6105 2795
f 660 2795 6106
f 656 2789 6106
f 2789 655 2797
f 2796 6106 2797
f 659 2797 6107
f 655 2791 6107
f 2791 653 2799
f 2798 6107 2799
f 662 2801 6108
f 658 2793 6108
f 2793 660 2802
f 2800 6108 2802
f 664 2802 6109
f 660 2796 6109
f 2796 659 2804
f 2803 6109 2804
f 663 2804 6110
f 659 2798 6110
f 2798 657 2806
f 2805 6110 2806
f 666 2808 6111
f 662 2800 6111
f 2800 664 2809
f 2807 6111 2809
f 668 2809 6112
f 664 2803 6112
f 2803 663 2811
f 2810 6112 2811
f 667 2811 6113
f 663 2805 6113
f 2805 661 2813
f 2812 6113 2813
f 670 2815 6114
f 666 2807 6114
f 2807 668 2816
f 2814 6114 2816
f 672 2816 6115
f 668 2810 6115
f 2810 667 2818
f 2817 6115 2818
f 671 2818 6116
f 667 2812 6116
f 2812 665 2820
f 2819 6116 2820
f 674 2822 6117
f 670 2814 6117
f 2814 672 2823
f 2821 6117 2823
f 676 2823 6118
f 672 2817 6118
f 2817 671 2825
f 2824 6118 2825
f 675 2825 6119
f 671 2819 6119
f 2819 669 2827
f 2826 6119 2827
f 678 2829 6120
f 674 2821 6120
f 2821 676 2830
f 2828 6120 2830
f 680 2830 6121
f 676 2824 6121
f 2824 675 2832
f 2831 6121 2832
f 679 2832 6122
f 675 2826 6122
f 2826 673 2834
f 2833 6122 2834
f 682 2836 6123
f 678 2828 6123
f 2828 680 2837
f 2835 6123 2837
f 684 2837 6124
f 680 2831 6124
f 2831 679 2839
f 2838 6124 2839
f 683 2839 6125
f 679 2833 6125
f 2833 677 2841
f 2840 6125 2841
f 686 2843 6126
f 682 2835 6126
f 2835 684 2844
f 2842 6126 2844
f 688 2844 6127
f 684 2838 6127
f 2838 683 2846
f 2845 6127 2846
f 687 2846 6128
f 683 2840 6128
f 2840 681 2848
f 2847 6128 2848
f 690 2850 6129
f 686 2842 6129
f 2842 688 2851
f 2849 6129 2851
f 692 2851 6130
f 688 2845 6130
f 2845 687 2853
f 2852 6130 2853
f 691 2853 6131
f 687 2847 6131
f 2847 685 2855
f 2854 6131 2855
f 694 2857 6132
f 690 2849 6132
f 2849 692 2858
f 2856 6132 2858
f 696 2858 6133
f 692 2852 6133
f 2852 691 2860
f 2859 6133 2860
f 695 2860 6134
f 691 2854 6134
f 2854 689 2862
f 2861 6134 2862
f 698 2864 6135
f 694 2856 6135
f 2856 696 2865
f 2863 6135 2865
f 700 2865 6136
f 696 2859 6136
f 2859 695 2867
f 2866 6136 2867
f 699 2867 6137
f 695 2861 6137
f 2861 693 2869
f 2868 6137 2869
f 702 2871 6138
f 698 2863 6138
f 2863 700 2872
f 2870 6138 2872
f 704 2872 6139
f 700 2866 6139
f 2866 699 2874
f 2873 6139 2874
f 703 2874 6140
f 699 2868 6140
f 2868 697 2876
f 2875 6140 2876
f 577 2877 6141
f 702 2870 6141
f 2870 704 2878
f 2659 6141 2878
f 579 2878 6142
f 704 2873 6142
f 2873 703 2879
f 2662 6142 2879
f 580 2879 6143
f 703 2875 6143
f 2875 701 2880
f 2665 6143 2880
f 710 2882 6144
f 705 2883 6144
f 2883 707 2884
f 2881 6144 2884
f 712 2884 6145
f 707 2886 6145
f 2886 708 2887
f 2885 6145 2887
f 711 2887 6146
f 708 2889 6146
f 2889 706 2890
f 2888 6146 2890
f 714 2892 6147
f 710 2881 6147
f 2881 712 2893
f 2891 6147 2893
f 716 2893 6148
f 712 2885 6148
f 2885 711 2895
f 2894 6148 2895
f 715 2895 6149
f 711 2888 6149
f 2888 709 2897
f 2896 6149 2897
f 718 2899 6150
f 714 2891 6150
f 2891 716 2900
f 2898 6150 2900
f 720 2900 6151
f 716 2894 6151
f 2894 715 2902
f 2901 6151 2902
f 719 2902 6152
f 715 2896 6152
f 2896 713 2904
f 2903 6152 2904
f 722 2906 6153
f 718 2898 6153
f 2898 720 2907
f 2905 6153 2907
f 724 2907 6154
f 720 2901 6154
f 2901 719 2909
f 2908 6154 2909
f 723 2909 6155
f 719 2903 6155
f 2903 717 2911
f 2910 6155 2911
f 726 2913 6156
f 722 2905 6156
f 2905 724 2914
f 2912 6156 2914
f 728 2914 6157
f 724 2908 6157
f 2908 723 2916
f 2915 6157 2916
f 727 2916 6158
f 723 2910 6158
f 2910 721 2918
f 2917 6158 2918
f 730 2920 6159
f 726 2912 6159
f 2912 728 2921
f 2919 6159 2921
f 732 2921 6160
f 728 2915 6160
f 2915 727 2923
f 2922 6160 2923
f 731 2923 6161
f 727 2917 6161
f 2917 725 2925
f 2924 6161 2925
f 734 2927 6162
f 730 2919 6162
f 2919 732 2928
f 2926 6162 2928
f 736 2928 6163
f 732 2922 6163
f 2922 731 2930
f 2929 6163 2930
f 735 2930 6164
f 731 2924 6164
f 2924 729 2932
f 2931 6164 2932
f 738 2934 6165
f 734 2926 6165
f 2926 736 2935
f 2933 6165 2935
f 740 2935 6166
f 736 2929 6166
f 2929 735 2937
f 2936 6166 2937
f 739 2937 6167
f 735 2931 6167
f 2931 733 2939
f 2938 6167 2939
f 742 2941 6168
f 738 2933 6168
f 2933 740 2942
f 2940 6168 2942
f 744 2942 6169
f 740 2936 6169
f 2936 739 2944
f 2943 6169 2944
f 743 2944 6170
f 739 2938 6170
f 2938 737 2946
f 2945 6170 2946
f 746 2948 6171
f 742 2940 6171
f 2940 744 2949
f 2947 6171 2949
f 748 2949 6172
f 744 2943 6172
f 2943 743 2951
f 2950 6172 2951
f 747 2951 6173
f 743 2945 6173
f 2945 741 2953
f 2952 6173 2953
f 750 2955 6174
f 746 2947 6174
f 2947 748 2956
f 2954 6174 2956
f 752 2956 6175
f 748 2950 6175
f 2950 747 2958
f 2957 6175 2958
f 751 2958 6176
f 747 2952 6176
f 2952 745 2960
f 2959 6176 2960
f 754 2962 6177
f 750 2954 6177
f 2954 752 2963
f 2961 6177 2963
f 756 2963 6178
f 752 2957 6178
f 2957 751 2965
f 2964 6178 2965
f 755 2965 6179
f 751 2959 6179
f 2959 749 2967
f 2966 6179 2967
f 758 2969 6180
f 754 2961 6180
f 2961 756 2970
f 2968 6180 2970
f 760 2970 6181
f 756 2964 6181
f 2964 755 2972
f 2971 6181 2972
f 759 2972 6182
f 755 2966 6182
f 2966 753 2974
f 2973 6182 2974
f 762 2976 6183
f 758 2968 6183
f 2968 760 2977
f 2975 6183 2977
f 764 2977 6184
f 760 2971 6184
f 2971 759 2979
f 2978 6184 2979
f 763 2979 6185
f 759 2973 6185
f 2973 757 2981
f 2980 6185 2981
f 766 2983 6186
f 762 2975 6186
f 2975 764 2984
f 2982 6186 2984
f 768 2984 6187
f 764 2978 6187
f 2978 763 2986
f 2985 6187 2986
f 767 2986 6188
f 763 2980 6188
f 2980 761 2988
f 2987 6188 2988
f 770 2990 6189
f 766 2982 6189
f 2982 768 2991
f 2989 6189 2991
f 772 2991 6190
f 768 2985 6190
f 2985 767 2993
f 2992 6190 2993
f 771 2993 6191
f 767 2987 6191
f 2987 765 2995
f 2994 6191 2995
f 774 2997 6192
f 770 2989 6192
f 2989 772 2998
f 2996 6192 2998
f 776 2998 6193
f 772 2992 6193
f 2992 771 3000
f 2999 6193 3000
f 775 3000 6194
f 771 2994 6194
f 2994 769 3002
f 3001 6194 3002
f 778 3004 6195
f 774 2996 6195
f 2996 776 3005
f 3003 6195 3005
f 780 3005 6196
f 776 2999 6196
f 2999 775 3007
f 3006 6196 3007
f 779 3007 6197
f 775 3001 6197
f 3001 773 3009
f 3008 6197 3009
f 782 3011 6198
f 778 3003 6198
f 3003 780 3012
f 3010 6198 3012
f 784 3012 6199
f 780 3006 6199
f 3006 779 3014
f 3013 6199 3014
f 783 3014 6200
f 779 3008 6200
f 3008 777 3016
f 3015 6200 3016
f 786 3018 6201
f 782 3010 6201
f 3010 784 3019
f 3017 6201 3019
f 788 3019 6202
f 784 3013 6202
f 3013 783 3021
f 3020 6202 3021
f 787 3021 6203
f 783 3015 6203
f 3015 781 3023
f 3022 6203 3023
f 790 3025 6204
f 786 3017 6204
f 3017 788 3026
f 3024 6204 3026
f 792 3026 6205
f 788 3020 6205
f 3020 787 3028
f 3027 6205 3028
f 791 3028 6206
f 787 3022 6206
f 3022 785 3030
f 3029 6206 3030
f 794 3032 6207
f 790 3024 6207
f 3024 792 3033
f 3031 6207 3033
f 796 3033 6208
f 792 3027 6208
f 3027 791 3035
f 3034 6208 3035
f 795 3035 6209
f 791 3029 6209
f 3029 789 3037
f 3036 6209 3037
f 798 3039 6210
f 794 3031 6210
f 3031 796 3040
f 3038 6210 3040
f 800 3040 6211
f 796 3034 6211
f 3034 795 3042
f 3041 6211 3042
f 799 3042 6212
f 795 3036 6212
f 3036 793 3044
f 3043 6212 3044
f 802 3046 6213
f 798 3038 6213
f 3038 800 3047
f 3045 6213 3047
f 804 3047 6214
f 800 3041 6214
f 3041 799 3049
f 3048 6214 3049
f 803 3049 6215
f 799 3043 6215
f 3043 797 3051
f 3050 6215 3051
f 806 3053 6216
f 802 3045 6216
f 3045 804 3054
f 3052 6216 3054
f 808 3054 6217
f 804 3048 6217
f 3048 803 3056
f 3055 6217 3056
f 807 3056 6218
f 803 3050 6218
f 3050 801 3058
f 3057 6218 3058
f 810 3060 6219
f 806 3052 6219
f 3052 808 3061
f 3059 6219 3061
f 812 3061 6220
f 808 3055 6220
f 3055 807 3063
f 3062 6220 3063
f 811 3063 6221
f 807 3057 6221
f 3057 805 3065
f 3064 6221 3065
f 814 3067 6222
f 810 3059 6222
f 3059 812 3068
f 3066 6222 3068
f 816 3068 6223
f 812 3062 6223
f 3062 811 3070
f 3069 6223 3070
f 815 3070 6224
f 811 3064 6224
f 3064 809 3072
f 3071 6224 3072
f 818 3074 6225
f 814 3066 6225
f 3066 816 3075
f 3073 6225 3075
f 820 3075 6226
f 816 3069 6226
f 3069 815 3077
f 3076 6226 3077
f 819 3077 6227
f 815 3071 6227
f 3071 813 3079
f 3078 6227 3079
f 822 3081 6228
f 818 3073 6228
f 3073 820 3082
f 3080 6228 3082
f 824 3082 6229
f 820 3076 6229
f 3076 819 3084
f 3083 6229 3084
f 823 3084 6230
f 819 3078 6230
f 3078 817 3086
f 3085 6230 3086
f 826 3088 6231
f 822 3080 6231
f 3080 824 3089
f 3087 6231 3089
f 828 3089 6232
f 824 3083 6232
f 3083 823 3091
f 3090 6232 3091
f 827 3091 6233
f 823 3085 6233
f 3085 821 3093
f 3092 6233 3093
f 830 3095 6234
f 826 3087 6234
f 3087 828 3096
f 3094 6234 3096
f 832 3096 6235
f 828 3090 6235
f 3090 827 3098
f 3097 6235 3098
f 831 3098 6236
f 827 3092 6236
f 3092 825 3100
f 3099 6236 3100
f 705 3101 6237
f 830 3094 6237
f 3094 832 3102
f 2883 6237 3102
f 707 3102 6238
f 832 3097 6238
f 3097 831 3103
f 2886 6238 3103
f 708 3103 6239
f 831 3099 6239
f 3099 829 3104
f 2889 6239 3104
f 838 3106 6240
f 833 3107 6240
f 3107 835 3108
f 3105 6240 3108
f 840 3108 6241
f 835 3110 6241
f 3110 836 3111
f 3109 6241 3111
f 839 3111 6242
f 836 3113 6242
f 3113 834 3114
f 3112 6242 3114
f 842 3116 6243
f 838 3105 6243
f 3105 840 3117
f 3115 6243 3117
f 844 3117 6244
f 840 3109 6244
f 3109 839 3119
f 3118 6244 3119
f 843 3119 6245
f 839 3112 6245
f 3112 837 3121
f 3120 6245 3121
f 846 3123 6246
f 842 3115 6246
f 3115 844 3124
f 3122 6246 3124
f 848 3124 6247
f 844 3118 6247
f 3118 843 3126
f 3125 6247 3126
f 847 3126 6248
f 843 3120 6248
f 3120 841 3128
f 3127 6248 3128
f 850 3130 6249
f 846 3122 6249
f 3122 848 3131
f 3129 6249 3131
f 852 3131 6250
f 848 3125 6250
f 3125 847 3133
f 3132 6250 3133
f 851 3133 6251
f 847 3127 6251
f 3127 845 3135
f 3134 6251 3135
f 854 3137 6252
f 850 3129 6252
f 3129 852 3138
f 3136 6252 3138
f 856 3138 6253
f 852 3132 6253
f 3132 851 3140
f 3139 6253 3140
f 855 3140 6254
f 851 3134 6254
f 3134 849 3142
f 3141 6254 3142
f 858 3144 6255
f 854 3136 6255
f 3136 856 3145
f 3143 6255 3145
f 860 3145 6256
f 856 3139 6256
f 3139 855 3147
f 3146 6256 3147
f 859 3147 6257
f 855 3141 6257
f 3141 853 3149
f 3148 6257 3149
f 862 3151 6258
f 858 3143 6258
f 3143 860 3152
f 3150 6258 3152
f 864 3152 6259
f 860 3146 6259
f 3146 859 3154
f 3153 6259 3154
f 863 3154 6260
f 859 3148 6260
f 3148 857 3156
f 3155 6260 3156
f 866 3158 6261
f 862 3150 6261
f 3150 864 3159
f 3157 6261 3159
f 868 3159 6262
f 864 3153 6262
f 3153 863 3161
f 3160 6262 3161
f 867 3161 6263
f 863 3155 6263
f 3155 861 3163
f 3162 6263 3163
f 870 3165 6264
f 866 3157 6264
f 3157 868 3166
f 3164 6264 3166
f 872 3166 6265
f 868 3160 6265
f 3160 867 3168
f 3167 6265 3168
f 871 3168 6266
f 867 3162 6266
f 3162 865 3170
f 3169 6266 3170
f 874 3172 6267
f 870 3164 6267
f 3164 872 3173
f 3171 6267 3173
f 876 3173 6268
f 872 3167 6268
f 3167 871 3175
f 3174 6268 3175
f 875 3175 6269
f 871 3169 6269
f 3169 869 3177
f 3176 6269 3177
f 878 3179 6270
f 874 3171 6270
f 3171 876 3180
f 3178 6270 3180
f 880 3180 6271
f 876 3174 6271
f 3174 875 3182
f 3181 6271 3182
f 879 3182 6272
f 875 3176 6272
f 3176 873 3184
f 3183 6272 3184
f 882 3186 6273
f 878 3178 6273
f 3178 880 3187
f 3185 6273 3187
f 884 3187 6274
f 880 3181 6274
f 3181 879 3189
f 3188 6274 3189
f 883 3189 6275
f 879 3183 6275
f 3183 877 3191
f 3190 6275 3191
f 886 3193 6276
f 882 3185 6276
f 3185 884 3194
f 3192 6276 3194
f 888 3194 6277
f 884 3188 6277
f 3188 883 3196
f 3195 6277 3196
f 887 3196 6278
f 883 3190 6278
f 3190 881 3198
f 3197 6278 3198
f 890 3200 6279
f 886 3192 6279
f 3192 888 3201
f 3199 6279 3201
f 892 3201 6280
f 888 3195 6280
f 3195 887 3203
f 3202 6280 3203
f 891 3203 6281
f 887 3197 6281
f 3197 885 3205
f 3204 6281 3205
f 894 3207 6282
f 890 3199 6282
f 3199 892 3208
f 3206 6282 3208
f 896 3208 6283
f 892 3202 6283
f 3202 891 3210
f 3209 6283 3210
f 895 3210 6284
f 891 3204 6284
f 3204 889 3212
f 3211 6284 3212
f 898 3214 6285
f 894 3206 6285
f 3206 896 3215
f 3213 6285 3215
f 900 3215 6286
f 896 3209 6286
f 3209 895 3217
f 3216 6286 3217
f 899 3217 6287
f 895 3211 6287
f 3211 893 3219
f 3218 6287 3219
f 902 3221 6288
f 898 3213 6288
f 3213 900 3222
f 3220 6288 3222
f 904 3222 6289
f 900 3216 6289
f 3216 899 3224
f 3223 6289 3224
f 903 3224 6290
f 899 3218 6290
f 3218 897 3226
f 3225 6290 3226
f 906 3228 6291
f 902 3220 6291
f 3220 904 3229
f 3227 6291 3229
f 908 3229 6292
f 904 3223 6292
f 3223 903 3231
f 3230 6292 3231
f 907 3231 6293
f 903 3225 6293
f 3225 901 3233
f 3232 6293 3233
f 910 3235 6294
f 906 3227 6294
f 3227 908 3236
f 3234 6294 3236
f 912 3236 6295
f 908 3230 6295
f 3230 907 3238
f 3237 6295 3238
f 911 3238 6296
f 907 3232 6296
f 3232 905 3240
f 3239 6296 3240
f 914 3242 6297
f 910 3234 6297
f 3234 912 3243
f 3241 6297 3243
f 916 3243 6298
f 912 3237 6298
f 3237 911 3245
f 3244 6298 3245
f 915 3245 6299
f 911 3239 6299
f 3239 909 3247
f 3246 6299 3247
f 918 3249 6300
f 914 3241 6300
f 3241 916 3250
f 3248 6300 3250
f 920 3250 6301
f 916 3244 6301
f 3244 915 3252
f 3251 6301 3252
f 919 3252 6302
f 915 3246 6302
f 3246 913 3254
f 3253 6302 3254
f 922 3256 6303
f 918 3248 6303
f 3248 920 3257
f 3255 6303 3257
f 924 3257 6304
f 920 3251 6304
f 3251 919 3259
f 3258 6304 3259
f 923 3259 6305
f 919 3253 6305
f 3253 917 3261
f 3260 6305 3261
f 926 3263 6306
f 922 3255 6306
f 3255 924 3264
f 3262 6306 3264
f 928 3264 6307
f 924 3258 6307
f 3258 923 3266
f 3265 6307 3266
f 927 3266 6308
f 923 3260 6308
f 3260 921 3268
f 3267 6308 3268
f 930 3270 6309
f 926 3262 6309
f 3262 928 3271
f 3269 6309 3271
f 932 3271 6310
f 928 3265 6310
f 3265 927 3273
f 3272 6310 3273
f 931 3273 6311
f 927 3267 6311
f 3267 925 3275
f 3274 6311 3275
f 934 3277 6312
f 930 3269 6312
f 3269 932 3278
f 3276 6312 3278
f 936 3278 6313
f 932 3272 6313
f 3272 931 3280
f 3279 6313 3280
f 935 3280 6314
f 931 3274 6314
f 3274 929 3282
f 3281 6314 3282
f 938 3284 6315
f 934 3276 6315
f 3276 936 3285
f 3283 6315 3285
f 940 3285 6316
f 936 3279 6316
f 3279 935 3287
f 3286 6316 3287
f 939 3287 6317
f 935 3281 6317
f 3281 933 3289
f 3288 6317 3289
f 942 3291 6318
f 938 3283 6318
f 3283 940 3292
f 3290 6318 3292
f 944 3292 6319
f 940 3286 6319
f 3286 939 3294
f 3293 6319 3294
f 943 3294 6320
f 939 3288 6320
f 3288 937 3296
f 3295 6320 3296
f 946 3298 6321
f 942 3290 6321
f 3290 944 3299
f 3297 6321 3299
f 948 3299 6322
f 944 3293 6322
f 3293 943 3301
f 3300 6322 3301
f 947 3301 6323
f 943 3295 6323
f 3295 941 3303
f 3302 6323 3303
f 950 3305 6324
f 946 3297 6324
f 3297 948 3306
f 3304 6324 3306
f 952 3306 6325
f 948 3300 6325
f 3300 947 3308
f 3307 6325 3308
f 951 3308 6326
f 947 3302 6326
f 3302 945 3310
f 3309 6326 3310
f 954 3312 6327
f 950 3304 6327
f 3304 952 3313
f 3311 6327 3313
f 956 3313 6328
f 952 3307 6328
f 3307 951 3315
f 3314 6328 3315
f 955 3315 6329
f 951 3309 6329
f 3309 949 3317
f 3316 6329 3317
f 958 3319 6330
f 954 3311 6330
f 3311 956 3320
f 3318 6330 3320
f 960 3320 6331
f 956 3314 6331
f 3314 955 3322
f 3321 6331 3322
f 959 3322 6332
f 955 3316 6332
f 3316 953 3324
f 3323 6332 3324
f 833 3325 6333
f 958 3318 6333
f 3318 960 3326
f 3107 6333 3326
f 835 3326 6334
f 960 3321 6334
f 3321 959 3327
f 3110 6334 3327
f 836 3327 6335
f 959 3323 6335
f 3323 957 3328
f 3113 6335 3328
f 3330 6336 3329
f 3330 961 3331
f 6336 3331 963
f 6336 3332 968
f 3332 6337 3333
f 3332 963 3334
f 6337 3334 964
f 6337 3335 967
f 3335 6338 3336
f 3335 964 3337
f 6338 3337 962
f 6338 3338 965
f 3340 6339 3339
f 3340 966 3329
f 6339 3329 968
f 6339 3341 972
f 3341 6340 3342
f 3341 968 3333
f 6340 3333 967
f 6340 3343 971
f 3343 6341 3344
f 3343 967 3336
f 6341 3336 965
f 6341 3345 969
f 3347 6342 3346
f 3347 970 3339
f 6342 3339 972
f 6342 3348 976
f 3348 6343 3349
f 3348 972 3342
f 6343 3342 971
f 6343 3350 975
f 3350 6344 3351
f 3350 971 3344
f 6344 3344 969
f 6344 3352 973
f 3354 6345 3353
f 3354 974 3346
f 6345 3346 976
f 6345 3355 980
f 3355 6346 3356
f 3355 976 3349
f 6346 3349 975
f 6346 3357 979
f 3357 6347 3358
f 3357 975 3351
f 6347 3351 973
f 6347 3359 977
f 3361 6348 3360
f 3361 978 3353
f 6348 3353 980
f 6348 3362 984
f 3362 6349 3363
f 3362 980 3356
f 6349 3356 979
f 6349 3364 983
f 3364 6350 3365
f 3364 979 3358
f 6350 3358 977
f 6350 3366 981
f 3368 6351 3367
f 3368 982 3360
f 6351 3360 984
f 6351 3369 988
f 3369 6352 3370
f 3369 984 3363
f 6352 3363 983
f 6352 3371 987
f 3371 6353 3372
f 3371 983 3365
f 6353 3365 981
f 6353 3373 985
f 3375 6354 3374
f 3375 986 3367
f 6354 3367 988
f 6354 3376 992
f 3376 6355 3377
f 3376 988 3370
f 6355 3370 987
f 6355 3378 991
f 3378 6356 3379
f 3378 987 3372
f 6356 3372 985
f 6356 3380 989
f 3382 6357 3381
f 3382 990 3374
f 6357 3374 992
f 6357 3383 996
f 3383 6358 3384
f 3383 992 3377
f 6358 3377 991
f 6358 3385 995
f 3385 6359 3386
f 3385 991 3379
f 6359 3379 989
f 6359 3387 993
f 3389 6360 3388
f 3389 994 3381
f 6360 3381 996
f 6360 3390 1000
f 3390 6361 3391
f 3390 996 3384
f 6361 3384 995
f 6361 3392 999
f 3392 6362 3393
f 3392 995 3386
f 6362 3386 993
f 6362 3394 997
f 3396 6363 3395
f 3396 998 3388
f 6363 3388 1000
f 6363 3397 1004
f 3397 6364 3398
f 3397 1000 3391
f 6364 3391 999
f 6364 3399 1003
f 3399 6365 3400
f 3399 999 3393
f 6365 3393 997
f 6365 3401 1001
f 3403 6366 3402
f 3403 1002 3395
f 6366 3395 1004
f 6366 3404 1008
f 3404 6367 3405
f 3404 1004 3398
f 6367 3398 1003
f 6367 3406 1007
f 3406 6368 3407
f 3406 1003 3400
f 6368 3400 1001
f 6368 3408 1005
f 3410 6369 3409
f 3410 1006 3402
f 6369 3402 1008
f 6369 3411 1012
f 3411 6370 3412
f 3411 1008 3405
f 6370 3405 1007
f 6370 3413 1011
f 3413 6371 3414
f 3413 1007 3407
f 6371 3407 1005
f 6371 3415 1009
f 3417 6372 3416
f 3417 1010 3409
f 6372 3409 1012
f 6372 3418 1016
f 1016 3418 6373
f 3418 1012 3412
f 6373 3412 1011
f 6373 3420 1015
f 3420 6374 3421
f 3420 1011 3414
f 6374 3414 1009
f 6374 3422 1013
f 3424 6375 3423
f 3424 1014 3416
f 6375 3416 1016
f 6375 3425 1020
f 3425 6376 3426
f 3425 1016 3419
f 6376 3419 1015
f 6376 3427 1019
f 3427 6377 3428
f 3427 1015 3421
f 6377 3421 1013
f 6377 3429 1017
f 3431 6378 3430
f 3431 1018 3423
f 6378 3423 1020
f 6378 3432 1024
f 3432 6379 3433
f 3432 1020 3426
f 6379 3426 1019
f 6379 3434 1023
f 3434 6380 3435
f 3434 1019 3428
f 6380 3428 1017
f 6380 3436 1021
f 3438 6381 3437
f 3438 1022 3430
f 6381 3430 1024
f 6381 3439 1028
f 3439 6382 3440
f 3439 1024 3433
f 6382 3433 1023
f 6382 3441 1027
f 3441 6383 3442
f 3441 1023 3435
f 6383 3435 1021
f 6383 3443 1025
f 3445 6384 3444
f 3445 1026 3437
f 6384 3437 1028
f 6384 3446 1032
f 3446 6385 3447
f 3446 1028 3440
f 6385 3440 1027
f 6385 3448 1031
f 3448 6386 3449
f 3448 1027 3442
f 6386 3442 1025
f 6386 3450 1029
f 3452 6387 3451
f 3452 1030 3444
f 6387 3444 1032
f 6387 3453 1036
f 3453 6388 3454
f 3453 1032 3447
f 6388 3447 1031
f 6388 3455 1035
f 3455 6389 3456
f 3455 1031 3449
f 6389 3449 1029
f 6389 3457 1033
f 3459 6390 3458
f 3459 1034 3451
f 6390 3451 1036
f 6390 3460 1040
f 3460 6391 3461
f 3460 1036 3454
f 6391 3454 1035
f 6391 3462 1039
f 3462 6392 3463
f 3462 1035 3456
f 6392 3456 1033
f 6392 3464 1037
f 3466 6393 3465
f 3466 1038 3458
f 6393 3458 1040
f 6393 3467 1044
f 3467 6394 3468
f 3467 1040 3461
f 6394 3461 1039
f 6394 3469 1043
f 3469 6395 3470
f 3469 1039 3463
f 6395 3463 1037
f 6395 3471 1041
f 3473 6396 3472
f 3473 1042 3465
f 6396 3465 1044
f 6396 3474 1048
f 3474 6397 3475
f 3474 1044 3468
f 6397 3468 1043
f 6397 3476 1047
f 3476 6398 3477
f 3476 1043 3470
f 6398 3470 1041
f 6398 3478 1045
f 3480 6399 3479
f 3480 1046 3472
f 6399 3472 1048
f 6399 3481 1052
f 3481 6400 3482
f 3481 1048 3475
f 6400 3475 1047
f 6400 3483 1051
f 3483 6401 3484
f 3483 1047 3477
f 6401 3477 1045
f 6401 3485 1049
f 3487 6402 3486
f 3487 1050 3479
f 6402 3479 1052
f 6402 3488 1056
f 3488 6403 3489
f 3488 1052 3482
f 6403 3482 1051
f 6403 3490 1055
f 3490 6404 3491
f 3490 1051 3484
f 6404 3484 1049
f 6404 3492 1053
f 3494 6405 3493
f 3494 1054 3486
f 6405 3486 1056
f 6405 3495 1060
f 3495 6406 3496
f 3495 1056 3489
f 6406 3489 1055
f 6406 3497 1059
f 3497 6407 3498
f 3497 1055 3491
f 6407 3491 1053
f 6407 3499 1057
f 3501 6408 3500
f 3501 1058 3493
f 6408 3493 1060
f 6408 3502 1064
f 3502 6409 3503
f 3502 1060 3496
f 6409 3496 1059
f 6409 3504 1063
f 3504 6410 3505
f 3504 1059 3498
f 6410 3498 1057
f 6410 3506 1061
f 3508 6411 3507
f 3508 1062 3500
f 6411 3500 1064
f 6411 3509 1068
f 3509 6412 3510
f 3509 1064 3503
f 6412 3503 1063
f 6412 3511 1067
f 3511 6413 3512
f 3511 1063 3505
f 6413 3505 1061
f 6413 3513 1065
f 3515 6414 3514
f 3515 1066 3507
f 6414 3507 1068
f 6414 3516 1072
f 3516 6415 3517
f 3516 1068 3510
f 6415 3510 1067
f 6415 3518 1071
f 3518 6416 3519
f 3518 1067 3512
f 6416 3512 1065
f 6416 3520 1069
f 3522 6417 3521
f 3522 1070 3514
f 6417 3514 1072
f 6417 3523 1076
f 3523 6418 3524
f 3523 1072 3517
f 6418 3517 1071
f 6418 3525 1075
f 3525 6419 3526
f 3525 1071 3519
f 6419 3519 1069
f 6419 3527 1073
f 3529 6420 3528
f 3529 1074 3521
f 6420 3521 1076
f 6420 3530 1080
f 3530 6421 3531
f 3530 1076 3524
f 6421 3524 1075
f 6421 3532 1079
f 3532 6422 3533
f 3532 1075 3526
f 6422 3526 1073
f 6422 3534 1077
f 3536 6423 3535
f 3536 1078 3528
f 6423 3528 1080
f 6423 3537 1084
f 3537 6424 3538
f 3537 1080 3531
f 6424 3531 1079
f 6424 3539 1083
f 3539 6425 3540
f 3539 1079 3533
f 6425 3533 1077
f 6425 3541 1081
f 3543 6426 3542
f 3543 1082 3535
f 6426 3535 1084
f 6426 3544 1088
f 3544 6427 3545
f 3544 1084 3538
f 6427 3538 1083
f 6427 3546 1087
f 3546 6428 3547
f 3546 1083 3540
f 6428 3540 1081
f 6428 3548 1085
f 3549 6429 3331
f 3549 1086 3542
f 6429 3542 1088
f 6429 3550 963
f 3550 6430 3334
f 3550 1088 3545
f 6430 3545 1087
f 6430 3551 964
f 3551 6431 3337
f 3551 1087 3547
f 6431 3547 1085
f 6431 3552 962
f 3554 6432 3553
f 3554 1089 3555
f 6432 3555 1091
f 6432 3556 1096
f 3556 6433 3557
f 3556 1091 3558
f 6433 3558 1092
f 6433 3559 1095
f 3559 6434 3560
f 3559 1092 3561
f 6434 3561 1090
f 6434 3562 1093
f 3564 6435 3563
f 3564 1094 3553
f 6435 3553 1096
f 6435 3565 1100
f 3565 6436 3566
f 3565 1096 3557
f 6436 3557 1095
f 6436 3567 1099
f 3567 6437 3568
f 3567 1095 3560
f 6437 3560 1093
f 6437 3569 1097
f 3571 6438 3570
f 3571 1098 3563
f 6438 3563 1100
f 6438 3572 1104
f 3572 6439 3573
f 3572 1100 3566
f 6439 3566 1099
f 6439 3574 1103
f 3574 6440 3575
f 3574 1099 3568
f 6440 3568 1097
f 6440 3576 1101
f 3578 6441 3577
f 3578 1102 3570
f 6441 3570 1104
f 6441 3579 1108
f 3579 6442 3580
f 3579 1104 3573
f 6442 3573 1103
f 6442 3581 1107
f 3581 6443 3582
f 3581 1103 3575
f 6443 3575 1101
f 6443 3583 1105
f 3585 6444 3584
f 3585 1106 3577
f 6444 3577 1108
f 6444 3586 1112
f 3586 6445 3587
f 3586 1108 3580
f 6445 3580 1107
f 6445 3588 1111
f 3588 6446 3589
f 3588 1107 3582
f 6446 3582 1105
f 6446 3590 1109
f 3592 6447 3591
f 3592 1110 3584
f 6447 3584 1112
f 6447 3593 1116
f 3593 6448 3594
f 3593 1112 3587
f 6448 3587 1111
f 6448 3595 1115
f 3595 6449 3596
f 3595 1111 3589
f 6449 3589 1109
f 6449 3597 1113
f 3599 6450 3598
f 3599 1114 3591
f 6450 3591 1116
f 6450 3600 1120
f 3600 6451 3601
f 3600 1116 3594
f 6451 3594 1115
f 6451 3602 1119
f 3602 6452 3603
f 3602 1115 3596
f 6452 3596 1113
f 6452 3604 1117
f 3606 6453 3605
f 3606 1118 3598
f 6453 3598 1120
f 6453 3607 1124
f 3607 6454 3608
f 3607 1120 3601
f 6454 3601 1119
f 6454 3609 1123
f 3609 6455 3610
f 3609 1119 3603
f 6455 3603 1117
f 6455 3611 1121
f 3613 6456 3612
f 3613 1122 3605
f 6456 3605 1124
f 6456 3614 1128
f 3614 6457 3615
f 3614 1124 3608
f 6457 3608 1123
f 6457 3616 1127
f 3616 6458 3617
f 3616 1123 3610
f 6458 3610 1121
f 6458 3618 1125
f 3620 6459 3619
f 3620 1126 3612
f 6459 3612 1128
f 6459 3621 1132
f 3621 6460 3622
f 3621 1128 3615
f 6460 3615 1127
f 6460 3623 1131
f 3623 6461 3624
f 3623 1127 3617
f 6461 3617 1125
f 6461 3625 1129
f 3627 6462 3626
f 3627 1130 3619
f 6462 3619 1132
f 6462 3628 1136
f 3628 6463 3629
f 3628 1132 3622
f 6463 3622 1131
f 6463 3630 1135
f 3630 6464 3631
f 3630 1131 3624
f 6464 3624 1129
f 6464 3632 1133
f 3634 6465 3633
f 3634 1134 3626
f 6465 3626 1136
f 6465 3635 1140
f 3635 6466 3636
f 3635 1136 3629
f 6466 3629 1135
f 6466 3637 1139
f 3637 6467 3638
f 3637 1135 3631
f 6467 3631 1133
f 6467 3639 1137
f 3641 6468 3640
f 3641 1138 3633
f 6468 3633 1140
f 6468 3642 1144
f 3642 6469 3643
f 3642 1140 3636
f 6469 3636 1139
f 6469 3644 1143
f 3644 6470 3645
f 3644 1139 3638
f 6470 3638 1137
f 6470 3646 1141
f 3648 6471 3647
f 3648 1142 3640
f 6471 3640 1144
f 6471 3649 1148
f 3649 6472 3650
f 3649 1144 3643
f 6472 3643 1143
f 6472 3651 1147
f 3651 6473 3652
f 3651 1143 3645
f 6473 3645 1141
f 6473 3653 1145
f 3655 6474 3654
f 3655 1146 3647
f 6474 3647 1148
f 6474 3656 1152
f 3656 6475 3657
f 3656 1148 3650
f 6475 3650 1147
f 6475 3658 1151
f 3658 6476 3659
f 3658 1147 3652
f 6476 3652 1145
f 6476 3660 1149
f 3662 6477 3661
f 3662 1150 3654
f 6477 3654 1152
f 6477 3663 1156
f 3663 6478 3664
f 3663 1152 3657
f 6478 3657 1151
f 6478 3665 1155
f 3665 6479 3666
f 3665 1151 3659
f 6479 3659 1149
f 6479 3667 1153
f 3669 6480 3668
f 3669 1154 3661
f 6480 3661 1156
f 6480 3670 1160
f 3670 6481 3671
f 3670 1156 3664
f 6481 3664 1155
f 6481 3672 1159
f 3672 6482 3673
f 3672 1155 3666
f 6482 3666 1153
f 6482 3674 1157
f 3676 6483 3675
f 3676 1158 3668
f 6483 3668 1160
f 6483 3677 1164
f 3677 6484 3678
f 3677 1160 3671
f 6484 3671 1159
f 6484 3679 1163
f 3679 6485 3680
f 3679 1159 3673
f 6485 3673 1157
f 6485 3681 1161
f 3683 6486 3682
f 3683 1162 3675
f 6486 3675 1164
f 6486 3684 1168
f 3684 6487 3685
f 3684 1164 3678
f 6487 3678 1163
f 6487 3686 1167
f 3686 6488 3687
f 3686 1163 3680
f 6488 3680 1161
f 6488 3688 1165
f 3690 6489 3689
f 3690 1166 3682
f 6489 3682 1168
f 6489 3691 1172
f 3691 6490 3692
f 3691 1168 3685
f 6490 3685 1167
f 6490 3693 1171
f 3693 6491 3694
f 3693 1167 3687
f 6491 3687 1165
f 6491 3695 1169
f 3697 6492 3696
f 3697 1170 3689
f 6492 3689 1172
f 6492 3698 1176
f 3698 6493 3699
f 3698 1172 3692
f 6493 3692 1171
f 6493 3700 1175
f 3700 6494 3701
f 3700 1171 3694
f 6494 3694 1169
f 6494 3702 1173
f 3704 6495 3703
f 3704 1174 3696
f 6495 3696 1176
f 6495 3705 1180
f 3705 6496 3706
f 3705 1176 3699
f 6496 3699 1175
f 6496 3707 1179
f 3707 6497 3708
f 3707 1175 3701
f 6497 3701 1173
f 6497 3709 1177
f 3711 6498 3710
f 3711 1178 3703
f 6498 3703 1180
f 6498 3712 1184
f 3712 6499 3713
f 3712 1180 3706
f 6499 3706 1179
f 6499 3714 1183
f 3714 6500 3715
f 3714 1179 3708
f 6500 3708 1177
f 6500 3716 1181
f 3718 6501 3717
f 3718 1182 3710
f 6501 3710 1184
f 6501 3719 1188
f 3719 6502 3720
f 3719 1184 3713
f 6502 3713 1183
f 6502 3721 1187
f 3721 6503 3722
f 3721 1183 3715
f 6503 3715 1181
f 6503 3723 1185
f 3725 6504 3724
f 3725 1186 3717
f 6504 3717 1188
f 6504 3726 1192
f 3726 6505 3727
f 3726 1188 3720
f 6505 3720 1187
f 6505 3728 1191
f 3728 6506 3729
f 3728 1187 3722
f 6506 3722 1185
f 6506 3730 1189
f 3732 6507 3731
f 3732 1190 3724
f 6507 3724 1192
f 6507 3733 1196
f 3733 6508 3734
f 3733 1192 3727
f 6508 3727 1191
f 6508 3735 1195
f 3735 6509 3736
f 3735 1191 3729
f 6509 3729 1189
f 6509 3737 1193
f 3739 6510 3738
f 3739 1194 3731
f 6510 3731 1196
f 6510 3740 1200
f 3740 6511 3741
f 3740 1196 3734
f 6511 3734 1195
f 6511 3742 1199
f 3742 6512 3743
f 3742 1195 3736
f 6512 3736 1193
f 6512 3744 1197
f 3746 6513 3745
f 3746 1198 3738
f 6513 3738 1200
f 6513 3747 1204
f 3747 6514 3748
f 3747 1200 3741
f 6514 3741 1199
f 6514 3749 1203
f 3749 6515 3750
f 3749 1199 3743
f 6515 3743 1197
f 6515 3751 1201
f 3753 6516 3752
f 3753 1202 3745
f 6516 3745 1204
f 6516 3754 1208
f 3754 6517 3755
f 3754 1204 3748
f 6517 3748 1203
f 6517 3756 1207
f 3756 6518 3757
f 3756 1203 3750
f 6518 3750 1201
f 6518 3758 1205
f 3760 6519 3759
f 3760 1206 3752
f 6519 3752 1208
f 6519 3761 1212
f 3761 6520 3762
f 3761 1208 3755
f 6520 3755 1207
f 6520 3763 1211
f 3763 6521 3764
f 3763 1207 3757
f 6521 3757 1205
f 6521 3765 1209
f 3767 6522 3766
f 3767 1210 3759
f 6522 3759 1212
f 6522 3768 1216
f 3768 6523 3769
f 3768 1212 3762
f 6523 3762 1211
f 6523 3770 1215
f 3770 6524 3771
f 3770 1211 3764
f 6524 3764 1209
f 6524 3772 1213
f 3773 6525 3555
f 3773 1214 3766
f 6525 3766 1216
f 6525 3774 1091
f 3774 6526 3558
f 3774 1216 3769
f 6526 3769 1215
f 6526 3775 1092
f 3775 6527 3561
f 3775 1215 3771
f 6527 3771 1213
f 6527 3776 1090
f 3778 6528 3777
f 3778 1217 3779
f 6528 3779 1219
f 6528 3780 1224
f 3780 6529 3781
f 3780 1219 3782
f 6529 3782 1220
f 6529 3783 1223
f 3783 6530 3784
f 3783 1220 3785
f 6530 3785 1218
f 6530 3786 1221
f 3788 6531 3787
f 3788 1222 3777
f 6531 3777 1224
f 6531 3789 1228
f 3789 6532 3790
f 3789 1224 3781
f 6532 3781 1223
f 6532 3791 1227
f 3791 6533 3792
f 3791 1223 3784
f 6533 3784 1221
f 6533 3793 1225
f 3795 6534 3794
f 3795 1226 3787
f 6534 3787 1228
f 6534 3796 1232
f 3796 6535 3797
f 3796 1228 3790
f 6535 3790 1227
f 6535 3798 1231
f 3798 6536 3799
f 3798 1227 3792
f 6536 3792 1225
f 6536 3800 1229
f 3802 6537 3801
f 3802 1230 3794
f 6537 3794 1232
f 6537 3803 1236
f 3803 6538 3804
f 3803 1232 3797
f 6538 3797 1231
f 6538 3805 1235
f 3805 6539 3806
f 3805 1231 3799
f 6539 3799 1229
f 6539 3807 1233
f 3809 6540 3808
f 3809 1234 3801
f 6540 3801 1236
f 6540 3810 1240
f 3810 6541 3811
f 3810 1236 3804
f 6541 3804 1235
f 6541 3812 1239
f 3812 6542 3813
f 3812 1235 3806
f 6542 3806 1233
f 6542 3814 1237
f 3816 6543 3815
f 3816 1238 3808
f 6543 3808 1240
f 6543 3817 1244
f 3817 6544 3818
f 3817 1240 3811
f 6544 3811 1239
f 6544 3819 1243
f 3819 6545 3820
f 3819 1239 3813
f 6545 3813 1237
f 6545 3821 1241
f 3823 6546 3822
f 3823 1242 3815
f 6546 3815 1244
f 6546 3824 1248
f 3824 6547 3825
f 3824 1244 3818
f 6547 3818 1243
f 6547 3826 1247
f 3826 6548 3827
f 3826 1243 3820
f 6548 3820 1241
f 6548 3828 1245
f 3830 6549 3829
f 3830 1246 3822
f 6549 3822 1248
f 6549 3831 1252
f 3831 6550 3832
f 3831 1248 3825
f 6550 3825 1247
f 6550 3833 1251
f 3833 6551 3834
f 3833 1247 3827
f 6551 3827 1245
f 6551 3835 1249
f 3837 6552 3836
f 3837 1250 3829
f 6552 3829 1252
f 6552 3838 1256
f 3838 6553 3839
f 3838 1252 3832
f 6553 3832 1251
f 6553 3840 1255
f 3840 6554 3841
f 3840 1251 3834
f 6554 3834 1249
f 6554 3842 1253
f 3844 6555 3843
f 3844 1254 3836
f 6555 3836 1256
f 6555 3845 1260
f 3845 6556 3846
f 3845 1256 3839
f 6556 3839 1255
f 6556 3847 1259
f 3847 6557 3848
f 3847 1255 3841
f 6557 3841 1253
f 6557 3849 1257
f 3851 6558 3850
f 3851 1258 3843
f 6558 3843 1260
f 6558 3852 1264
f 3852 6559 3853
f 3852 1260 3846
f 6559 3846 1259
f 6559 3854 1263
f 3854 6560 3855
f 3854 1259 3848
f 6560 3848 1257
f 6560 3856 1261
f 3858 6561 3857
f 3858 1262 3850
f 6561 3850 1264
f 6561 3859 1268
f 3859 6562 3860
f 3859 1264 3853
f 6562 3853 1263
f 6562 3861 1267
f 3861 6563 3862
f 3861 1263 3855
f 6563 3855 1261
f 6563 3863 1265
f 3865 6564 3864
f 3865 1266 3857
f 6564 3857 1268
f 6564 3866 1272
f 3866 6565 3867
f 3866 1268 3860
f 6565 3860 1267
f 6565 3868 1271
f 3868 6566 3869
f 3868 1267 3862
f 6566 3862 1265
f 6566 3870 1269
f 3872 6567 3871
f 3872 1270 3864
f 6567 3864 1272
f 6567 3873 1276
f 3873 6568 3874
f 3873 1272 3867
f 6568 3867 1271
f 6568 3875 1275
f 3875 6569 3876
f 3875 1271 3869
f 6569 3869 1269
f 6569 3877 1273
f 3879 6570 3878
f 3879 1274 3871
f 6570 3871 1276
f 6570 3880 1280
f 3880 6571 3881
f 3880 1276 3874
f 6571 3874 1275
f 6571 3882 1279
f 3882 6572 3883
f 3882 1275 3876
f 6572 3876 1273
f 6572 3884 1277
f 3886 6573 3885
f 3886 1278 3878
f 6573 3878 1280
f 6573 3887 1284
f 3887 6574 3888
f 3887 1280 3881
f 6574 3881 1279
f 6574 3889 1283
f 3889 6575 3890
f 3889 1279 3883
f 6575 3883 1277
f 6575 3891 1281
f 3893 6576 3892
f 3893 1282 3885
f 6576 3885 1284
f 6576 3894 1288
f 3894 6577 3895
f 3894 1284 3888
f 6577 3888 1283
f 6577 3896 1287
f 3896 6578 3897
f 3896 1283 3890
f 6578 3890 1281
f 6578 3898 1285
f 3900 6579 3899
f 3900 1286 3892
f 6579 3892 1288
f 6579 3901 1292
f 3901 6580 3902
f 3901 1288 3895
f 6580 3895 1287
f 6580 3903 1291
f 3903 6581 3904
f 3903 1287 3897
f 6581 3897 1285
f 6581 3905 1289
f 3907 6582 3906
f 3907 1290 3899
f 6582 3899 1292
f 6582 3908 1296
f 3908 6583 3909
f 3908 1292 3902
f 6583 3902 1291
f 6583 3910 1295
f 3910 6584 3911
f 3910 1291 3904
f 6584 3904 1289
f 6584 3912 1293
f 3914 6585 3913
f 3914 1294 3906
f 6585 3906 1296
f 6585 3915 1300
f 3915 6586 3916
f 3915 1296 3909
f 6586 3909 1295
f 6586 3917 1299
f 3917 6587 3918
f 3917 1295 3911
f 6587 3911 1293
f 6587 3919 1297
f 3921 6588 3920
f 3921 1298 3913
f 6588 3913 1300
f 6588 3922 1304
f 3922 6589 3923
f 3922 1300 3916
f 6589 3916 1299
f 6589 3924 1303
f 3924 6590 3925
f 3924 1299 3918
f 6590 3918 1297
f 6590 3926 1301
f 3928 6591 3927
f 3928 1302 3920
f 6591 3920 1304
f 6591 3929 1308
f 3929 6592 3930
f 3929 1304 3923
f 6592 3923 1303
f 6592 3931 1307
f 3931 6593 3932
f 3931 1303 3925
f 6593 3925 1301
f 6593 3933 1305
f 3935 6594 3934
f 3935 1306 3927
f 6594 3927 1308
f 6594 3936 1312
f 3936 6595 3937
f 3936 1308 3930
f 6595 3930 1307
f 6595 3938 1311
f 3938 6596 3939
f 3938 1307 3932
f 6596 3932 1305
f 6596 3940 1309
f 3942 6597 3941
f 3942 1310 3934
f 6597 3934 1312
f 6597 3943 1316
f 3943 6598 3944
f 3943 1312 3937
f 6598 3937 1311
f 6598 3945 1315
f 3945 6599 3946
f 3945 1311 3939
f 6599 3939 1309
f 6599 3947 1313
f 3949 6600 3948
f 3949 1314 3941
f 6600 3941 1316
f 6600 3950 1320
f 3950 6601 3951
f 3950 1316 3944
f 6601 3944 1315
f 6601 3952 1319
f 3952 6602 3953
f 3952 1315 3946
f 6602 3946 1313
f 6602 3954 1317
f 3956 6603 3955
f 3956 1318 3948
f 6603 3948 1320
f 6603 3957 1324
f 3957 6604 3958
f 3957 1320 3951
f 6604 3951 1319
f 6604 3959 1323
f 3959 6605 3960
f 3959 1319 3953
f 6605 3953 1317
f 6605 3961 1321
f 3963 6606 3962
f 3963 1322 3955
f 6606 3955 1324
f 6606 3964 1328
f 3964 6607 3965
f 3964 1324 3958
f 6607 3958 1323
f 6607 3966 1327
f 3966 6608 3967
f 3966 1323 3960
f 6608 3960 1321
f 6608 3968 1325
f 3970 6609 3969
f 3970 1326 3962
f 6609 3962 1328
f 6609 3971 1332
f 3971 6610 3972
f 3971 1328 3965
f 6610 3965 1327
f 6610 3973 1331
f 3973 6611 3974
f 3973 1327 3967
f 6611 3967 1325
f 6611 3975 1329
f 3977 6612 3976
f 3977 1330 3969
f 6612 3969 1332
f 3976 6612 3978
f 3978 6613 3979
f 3978 1332 3972
f 6613 3972 1331
f 6613 3980 1335
f 3980 6614 3981
f 3980 1331 3974
f 6614 3974 1329
f 6614 3982 1333
f 3984 6615 3983
f 3984 1334 3976
f 6615 3976 1336
f 6615 3985 1340
f 3985 6616 3986
f 3985 1336 3979
f 6616 3979 1335
f 6616 3987 1339
f 3987 6617 3988
f 3987 1335 3981
f 6617 3981 1333
f 6617 3989 1337
f 3991 6618 3990
f 3991 1338 3983
f 6618 3983 1340
f 6618 3992 1344
f 3992 6619 3993
f 3992 1340 3986
f 6619 3986 1339
f 6619 3994 1343
f 3994 6620 3995
f 3994 1339 3988
f 6620 3988 1337
f 6620 3996 1341
f 3997 6621 3779
f 3997 1342 3990
f 6621 3990 1344
f 6621 3998 1219
f 3998 6622 3782
f 3998 1344 3993
f 6622 3993 1343
f 6622 3999 1220
f 3999 6623 3785
f 3999 1343 3995
f 6623 3995 1341
f 6623 4000 1218
f 4002 6624 4001
f 4002 1345 4003
f 6624 4003 1347
f 6624 4004 1352
f 4004 6625 4005
f 4004 1347 4006
f 6625 4006 1348
f 6625 4007 1351
f 4007 6626 4008
f 4007 1348 4009
f 6626 4009 1346
f 6626 4010 1349
f 4012 6627 4011
f 4012 1350 4001
f 6627 4001 1352
f 6627 4013 1356
f 4013 6628 4014
f 4013 1352 4005
f 6628 4005 1351
f 6628 4015 1355
f 4015 6629 4016
f 4015 1351 4008
f 6629 4008 1349
f 6629 4017 1353
f 4019 6630 4018
f 4019 1354 4011
f 6630 4011 1356
f 6630 4020 1360
f 4020 6631 4021
f 4020 1356 4014
f 6631 4014 1355
f 6631 4022 1359
f 4022 6632 4023
f 4022 1355 4016
f 6632 4016 1353
f 6632 4024 1357
f 4026 6633 4025
f 4026 1358 4018
f 6633 4018 1360
f 6633 4027 1364
f 4027 6634 4028
f 4027 1360 4021
f 6634 4021 1359
f 6634 4029 1363
f 4029 6635 4030
f 4029 1359 4023
f 6635 4023 1357
f 6635 4031 1361
f 4033 6636 4032
f 4033 1362 4025
f 6636 4025 1364
f 6636 4034 1368
f 4034 6637 4035
f 4034 1364 4028
f 6637 4028 1363
f 6637 4036 1367
f 4036 6638 4037
f 4036 1363 4030
f 6638 4030 1361
f 6638 4038 1365
f 4040 6639 4039
f 4040 1366 4032
f 6639 4032 1368
f 6639 4041 1372
f 4041 6640 4042
f 4041 1368 4035
f 6640 4035 1367
f 6640 4043 1371
f 4043 6641 4044
f 4043 1367 4037
f 6641 4037 1365
f 6641 4045 1369
f 4047 6642 4046
f 4047 1370 4039
f 6642 4039 1372
f 6642 4048 1376
f 4048 6643 4049
f 4048 1372 4042
f 6643 4042 1371
f 6643 4050 1375
f 4050 6644 4051
f 4050 1371 4044
f 6644 4044 1369
f 6644 4052 1373
f 4054 6645 4053
f 4054 1374 4046
f 6645 4046 1376
f 6645 4055 1380
f 4055 6646 4056
f 4055 1376 4049
f 6646 4049 1375
f 6646 4057 1379
f 4057 6647 4058
f 4057 1375 4051
f 6647 4051 1373
f 6647 4059 1377
f 4061 6648 4060
f 4061 1378 4053
f 6648 4053 1380
f 6648 4062 1384
f 4062 6649 4063
f 4062 1380 4056
f 6649 4056 1379
f 6649 4064 1383
f 4064 6650 4065
f 4064 1379 4058
f 6650 4058 1377
f 6650 4066 1381
f 4068 6651 4067
f 4068 1382 4060
f 6651 4060 1384
f 6651 4069 1388
f 4069 6652 4070
f 4069 1384 4063
f 6652 4063 1383
f 6652 4071 1387
f 4071 6653 4072
f 4071 1383 4065
f 6653 4065 1381
f 6653 4073 1385
f 4075 6654 4074
f 4075 1386 4067
f 6654 4067 1388
f 6654 4076 1392
f 4076 6655 4077
f 4076 1388 4070
f 6655 4070 1387
f 6655 4078 1391
f 4078 6656 4079
f 4078 1387 4072
f 6656 4072 1385
f 6656 4080 1389
f 4082 6657 4081
f 4082 1390 4074
f 6657 4074 1392
f 6657 4083 1396
f 4083 6658 4084
f 4083 1392 4077
f 6658 4077 1391
f 6658 4085 1395
f 4085 6659 4086
f 4085 1391 4079
f 6659 4079 1389
f 6659 4087 1393
f 4089 6660 4088
f 4089 1394 4081
f 6660 4081 1396
f 6660 4090 1400
f 4090 6661 4091
f 4090 1396 4084
f 6661 4084 1395
f 6661 4092 1399
f 4092 6662 4093
f 4092 1395 4086
f 6662 4086 1393
f 6662 4094 1397
f 4096 6663 4095
f 4096 1398 4088
f 6663 4088 1400
f 6663 4097 1404
f 4097 6664 4098
f 4097 1400 4091
f 6664 4091 1399
f 6664 4099 1403
f 4099 6665 4100
f 4099 1399 4093
f 6665 4093 1397
f 6665 4101 1401
f 4103 6666 4102
f 4103 1402 4095
f 6666 4095 1404
f 6666 4104 1408
f 4104 6667 4105
f 4104 1404 4098
f 6667 4098 1403
f 6667 4106 1407
f 4106 6668 4107
f 4106 1403 4100
f 6668 4100 1401
f 6668 4108 1405
f 4110 6669 4109
f 4110 1406 4102
f 6669 4102 1408
f 6669 4111 1412
f 4111 6670 4112
f 4111 1408 4105
f 6670 4105 1407
f 6670 4113 1411
f 4113 6671 4114
f 4113 1407 4107
f 6671 4107 1405
f 6671 4115 1409
f 4117 6672 4116
f 4117 1410 4109
f 6672 4109 1412
f 6672 4118 1416
f 4118 6673 4119
f 4118 1412 4112
f 6673 4112 1411
f 6673 4120 1415
f 4120 6674 4121
f 4120 1411 4114
f 6674 4114 1409
f 6674 4122 1413
f 4124 6675 4123
f 4124 1414 4116
f 6675 4116 1416
f 6675 4125 1420
f 4125 6676 4126
f 4125 1416 4119
f 6676 4119 1415
f 6676 4127 1419
f 4127 6677 4128
f 4127 1415 4121
f 6677 4121 1413
f 6677 4129 1417
f 4131 6678 4130
f 4131 1418 4123
f 6678 4123 1420
f 6678 4132 1424
f 4132 6679 4133
f 4132 1420 4126
f 6679 4126 1419
f 6679 4134 1423
f 4134 6680 4135
f 4134 1419 4128
f 6680 4128 1417
f 6680 4136 1421
f 4138 6681 4137
f 4138 1422 4130
f 6681 4130 1424
f 6681 4139 1428
f 4139 6682 4140
f 4139 1424 4133
f 6682 4133 1423
f 6682 4141 1427
f 4141 6683 4142
f 4141 1423 4135
f 6683 4135 1421
f 6683 4143 1425
f 4145 6684 4144
f 4145 1426 4137
f 6684 4137 1428
f 6684 4146 1432
f 4146 6685 4147
f 4146 1428 4140
f 6685 4140 1427
f 6685 4148 1431
f 4148 6686 4149
f 4148 1427 4142
f 6686 4142 1425
f 6686 4150 1429
f 4152 6687 4151
f 4152 1430 4144
f 6687 4144 1432
f 6687 4153 1436
f 4153 6688 4154
f 4153 1432 4147
f 6688 4147 1431
f 6688 4155 1435
f 4155 6689 4156
f 4155 1431 4149
f 6689 4149 1429
f 6689 4157 1433
f 4159 6690 4158
f 4159 1434 4151
f 6690 4151 1436
f 6690 4160 1440
f 4160 6691 4161
f 4160 1436 4154
f 6691 4154 1435
f 6691 4162 1439
f 4162 6692 4163
f 4162 1435 4156
f 6692 4156 1433
f 6692 4164 1437
f 4166 6693 4165
f 4166 1438 4158
f 6693 4158 1440
f 6693 4167 1444
f 4167 6694 4168
f 4167 1440 4161
f 6694 4161 1439
f 6694 4169 1443
f 4169 6695 4170
f 4169 1439 4163
f 6695 4163 1437
f 6695 4171 1441
f 4173 6696 4172
f 4173 1442 4165
f 6696 4165 1444
f 6696 4174 1448
f 4174 6697 4175
f 4174 1444 4168
f 6697 4168 1443
f 6697 4176 1447
f 4176 6698 4177
f 4176 1443 4170
f 6698 4170 1441
f 6698 4178 1445
f 4180 6699 4179
f 4180 1446 4172
f 6699 4172 1448
f 6699 4181 1452
f 4181 6700 4182
f 4181 1448 4175
f 6700 4175 1447
f 6700 4183 1451
f 4183 6701 4184
f 4183 1447 4177
f 6701 4177 1445
f 6701 4185 1449
f 4187 6702 4186
f 4187 1450 4179
f 6702 4179 1452
f 6702 4188 1456
f 4188 6703 4189
f 4188 1452 4182
f 6703 4182 1451
f 6703 4190 1455
f 4190 6704 4191
f 4190 1451 4184
f 6704 4184 1449
f 6704 4192 1453
f 4194 6705 4193
f 4194 1454 4186
f 6705 4186 1456
f 6705 4195 1460
f 4195 6706 4196
f 4195 1456 4189
f 6706 4189 1455
f 6706 4197 1459
f 4197 6707 4198
f 4197 1455 4191
f 6707 4191 1453
f 6707 4199 1457
f 4201 6708 4200
f 4201 1458 4193
f 6708 4193 1460
f 6708 4202 1464
f 4202 6709 4203
f 4202 1460 4196
f 6709 4196 1459
f 6709 4204 1463
f 4204 6710 4205
f 4204 1459 4198
f 6710 4198 1457
f 6710 4206 1461
f 4208 6711 4207
f 4208 1462 4200
f 6711 4200 1464
f 6711 4209 1468
f 4209 6712 4210
f 4209 1464 4203
f 6712 4203 1463
f 6712 4211 1467
f 4211 6713 4212
f 4211 1463 4205
f 6713 4205 1461
f 6713 4213 1465
f 4215 6714 4214
f 4215 1466 4207
f 6714 4207 1468
f 6714 4216 1472
f 4216 6715 4217
f 4216 1468 4210
f 6715 4210 1467
f 6715 4218 1471
f 4218 6716 4219
f 4218 1467 4212
f 6716 4212 1465
f 6716 4220 1469
f 4221 6717 4003
f 4221 1470 4214
f 6717 4214 1472
f 6717 4222 1347
f 4222 6718 4006
f 4222 1472 4217
f 6718 4217 1471
f 6718 4223 1348
f 4223 6719 4009
f 4223 1471 4219
f 6719 4219 1469
f 6719 4224 1346
f 4226 6720 4225
f 4226 1473 4227
f 6720 4227 1475
f 6720 4228 1480
f 4228 6721 4229
f 4228 1475 4230
f 6721 4230 1476
f 6721 4231 1479
f 4231 6722 4232
f 4231 1476 4233
f 6722 4233 1474
f 6722 4234 1477
f 4236 6723 4235
f 4236 1478 4225
f 6723 4225 1480
f 6723 4237 1484
f 4237 6724 4238
f 4237 1480 4229
f 6724 4229 1479
f 6724 4239 1483
f 4239 6725 4240
f 4239 1479 4232
f 6725 4232 1477
f 6725 4241 1481
f 4243 6726 4242
f 4243 1482 4235
f 6726 4235 1484
f 6726 4244 1488
f 4244 6727 4245
f 4244 1484 4238
f 6727 4238 1483
f 6727 4246 1487
f 4246 6728 4247
f 4246 1483 4240
f 6728 4240 1481
f 6728 4248 1485
f 4250 6729 4249
f 4250 1486 4242
f 6729 4242 1488
f 6729 4251 1492
f 4251 6730 4252
f 4251 1488 4245
f 6730 4245 1487
f 6730 4253 1491
f 4253 6731 4254
f 4253 1487 4247
f 6731 4247 1485
f 6731 4255 1489
f 4257 6732 4256
f 4257 1490 4249
f 6732 4249 1492
f 6732 4258 1496
f 4258 6733 4259
f 4258 1492 4252
f 6733 4252 1491
f 6733 4260 1495
f 4260 6734 4261
f 4260 1491 4254
f 6734 4254 1489
f 6734 4262 1493
f 4264 6735 4263
f 4264 1494 4256
f 6735 4256 1496
f 6735 4265 1500
f 4265 6736 4266
f 4265 1496 4259
f 6736 4259 1495
f 6736 4267 1499
f 4267 6737 4268
f 4267 1495 4261
f 6737 4261 1493
f 6737 4269 1497
f 4271 6738 4270
f 4271 1498 4263
f 6738 4263 1500
f 6738 4272 1504
f 4272 6739 4273
f 4272 1500 4266
f 6739 4266 1499
f 6739 4274 1503
f 4274 6740 4275
f 4274 1499 4268
f 6740 4268 1497
f 6740 4276 1501
f 4278 6741 4277
f 4278 1502 4270
f 6741 4270 1504
f 6741 4279 1508
f 4279 6742 4280
f 4279 1504 4273
f 6742 4273 1503
f 6742 4281 1507
f 4281 6743 4282
f 4281 1503 4275
f 6743 4275 1501
f 6743 4283 1505
f 4285 6744 4284
f 4285 1506 4277
f 6744 4277 1508
f 6744 4286 1512
f 4286 6745 4287
f 4286 1508 4280
f 6745 4280 1507
f 6745 4288 1511
f 4288 6746 4289
f 4288 1507 4282
f 6746 4282 1505
f 6746 4290 1509
f 4292 6747 4291
f 4292 1510 4284
f 6747 4284 1512
f 6747 4293 1516
f 4293 6748 4294
f 4293 1512 4287
f 6748 4287 1511
f 6748 4295 1515
f 4295 6749 4296
f 4295 1511 4289
f 6749 4289 1509
f 6749 4297 1513
f 4299 6750 4298
f 4299 1514 4291
f 6750 4291 1516
f 6750 4300 1520
f 4300 6751 4301
f 4300 1516 4294
f 6751 4294 1515
f 6751 4302 1519
f 4302 6752 4303
f 4302 1515 4296
f 6752 4296 1513
f 6752 4304 1517
f 4306 6753 4305
f 4306 1518 4298
f 6753 4298 1520
f 6753 4307 1524
f 4307 6754 4308
f 4307 1520 4301
f 6754 4301 1519
f 6754 4309 1523
f 4309 6755 4310
f 4309 1519 4303
f 6755 4303 1517
f 6755 4311 1521
f 4313 6756 4312
f 4313 1522 4305
f 6756 4305 1524
f 6756 4314 1528
f 4314 6757 4315
f 4314 1524 4308
f 6757 4308 1523
f 6757 4316 1527
f 4316 6758 4317
f 4316 1523 4310
f 6758 4310 1521
f 6758 4318 1525
f 4320 6759 4319
f 4320 1526 4312
f 6759 4312 1528
f 6759 4321 1532
f 4321 6760 4322
f 4321 1528 4315
f 6760 4315 1527
f 6760 4323 1531
f 4323 6761 4324
f 4323 1527 4317
f 6761 4317 1525
f 6761 4325 1529
f 4327 6762 4326
f 4327 1530 4319
f 6762 4319 1532
f 6762 4328 1536
f 4328 6763 4329
f 4328 1532 4322
f 6763 4322 1531
f 6763 4330 1535
f 4330 6764 4331
f 4330 1531 4324
f 6764 4324 1529
f 6764 4332 1533
f 4334 6765 4333
f 4334 1534 4326
f 6765 4326 1536
f 6765 4335 1540
f 4335 6766 4336
f 4335 1536 4329
f 6766 4329 1535
f 6766 4337 1539
f 4337 6767 4338
f 4337 1535 4331
f 6767 4331 1533
f 6767 4339 1537
f 4341 6768 4340
f 4341 1538 4333
f 6768 4333 1540
f 6768 4342 1544
f 4342 6769 4343
f 4342 1540 4336
f 6769 4336 1539
f 6769 4344 1543
f 4344 6770 4345
f 4344 1539 4338
f 6770 4338 1537
f 6770 4346 1541
f 4348 6771 4347
f 4348 1542 4340
f 6771 4340 1544
f 6771 4349 1548
f 4349 6772 4350
f 4349 1544 4343
f 6772 4343 1543
f 6772 4351 1547
f 4351 6773 4352
f 4351 1543 4345
f 6773 4345 1541
f 6773 4353 1545
f 4355 6774 4354
f 4355 1546 4347
f 6774 4347 1548
f 6774 4356 1552
f 4356 6775 4357
f 4356 1548 4350
f 6775 4350 1547
f 6775 4358 1551
f 4358 6776 4359
f 4358 1547 4352
f 6776 4352 1545
f 6776 4360 1549
f 4362 6777 4361
f 4362 1550 4354
f 6777 4354 1552
f 6777 4363 1556
f 4363 6778 4364
f 4363 1552 4357
f 6778 4357 1551
f 6778 4365 1555
f 4365 6779 4366
f 4365 1551 4359
f 6779 4359 1549
f 6779 4367 1553
f 4369 6780 4368
f 4369 1554 4361
f 6780 4361 1556
f 6780 4370 1560
f 4370 6781 4371
f 4370 1556 4364
f 6781 4364 1555
f 6781 4372 1559
f 4372 6782 4373
f 4372 1555 4366
f 6782 4366 1553
f 6782 4374 1557
f 4376 6783 4375
f 4376 1558 4368
f 6783 4368 1560
f 6783 4377 1564
f 4377 6784 4378
f 4377 1560 4371
f 6784 4371 1559
f 6784 4379 1563
f 4379 6785 4380
f 4379 1559 4373
f 6785 4373 1557
f 6785 4381 1561
f 4383 6786 4382
f 4383 1562 4375
f 6786 4375 1564
f 6786 4384 1568
f 4384 6787 4385
f 4384 1564 4378
f 6787 4378 1563
f 6787 4386 1567
f 4386 6788 4387
f 4386 1563 4380
f 6788 4380 1561
f 6788 4388 1565
f 4390 6789 4389
f 4390 1566 4382
f 6789 4382 1568
f 6789 4391 1572
f 4391 6790 4392
f 4391 1568 4385
f 6790 4385 1567
f 6790 4393 1571
f 4393 6791 4394
f 4393 1567 4387
f 6791 4387 1565
f 6791 4395 1569
f 4397 6792 4396
f 4397 1570 4389
f 6792 4389 1572
f 6792 4398 1576
f 4398 6793 4399
f 4398 1572 4392
f 6793 4392 1571
f 6793 4400 1575
f 4400 6794 4401
f 4400 1571 4394
f 6794 4394 1569
f 6794 4402 1573
f 4404 6795 4403
f 4404 1574 4396
f 6795 4396 1576
f 6795 4405 1580
f 4405 6796 4406
f 4405 1576 4399
f 6796 4399 1575
f 6796 4407 1579
f 4407 6797 4408
f 4407 1575 4401
f 6797 4401 1573
f 6797 4409 1577
f 4411 6798 4410
f 4411 1578 4403
f 6798 4403 1580
f 6798 4412 1584
f 4412 6799 4413
f 4412 1580 4406
f 6799 4406 1579
f 6799 4414 1583
f 4414 6800 4415
f 4414 1579 4408
f 6800 4408 1577
f 6800 4416 1581
f 4418 6801 4417
f 4418 1582 4410
f 6801 4410 1584
f 6801 4419 1588
f 4419 6802 4420
f 4419 1584 4413
f 6802 4413 1583
f 6802 4421 1587
f 4421 6803 4422
f 4421 1583 4415
f 6803 4415 1581
f 6803 4423 1585
f 4425 6804 4424
f 4425 1586 4417
f 6804 4417 1588
f 6804 4426 1592
f 4426 6805 4427
f 4426 1588 4420
f 6805 4420 1587
f 6805 4428 1591
f 4428 6806 4429
f 4428 1587 4422
f 6806 4422 1585
f 6806 4430 1589
f 4432 6807 4431
f 4432 1590 4424
f 6807 4424 1592
f 6807 4433 1596
f 4433 6808 4434
f 4433 1592 4427
f 6808 4427 1591
f 6808 4435 1595
f 4435 6809 4436
f 4435 1591 4429
f 6809 4429 1589
f 6809 4437 1593
f 4439 6810 4438
f 4439 1594 4431
f 6810 4431 1596
f 6810 4440 1600
f 4440 6811 4441
f 4440 1596 4434
f 6811 4434 1595
f 6811 4442 1599
f 4442 6812 4443
f 4442 1595 4436
f 6812 4436 1593
f 6812 4444 1597
f 4445 6813 4227
f 4445 1598 4438
f 6813 4438 1600
f 6813 4446 1475
f 4446 6814 4230
f 4446 1600 4441
f 6814 4441 1599
f 6814 4447 1476
f 4447 6815 4233
f 4447 1599 4443
f 6815 4443 1597
f 6815 4448 1474
f 4450 6816 4449
f 4450 1601 4451
f 6816 4451 1603
f 6816 4452 1608
f 4452 6817 4453
f 4452 1603 4454
f 6817 4454 1604
f 6817 4455 1607
f 4455 6818 4456
f 4455 1604 4457
f 6818 4457 1602
f 6818 4458 1605
f 4460 6819 4459
f 4460 1606 4449
f 6819 4449 1608
f 6819 4461 1612
f 4461 6820 4462
f 4461 1608 4453
f 6820 4453 1607
f 6820 4463 1611
f 4463 6821 4464
f 4463 1607 4456
f 6821 4456 1605
f 6821 4465 1609
f 4467 6822 4466
f 4467 1610 4459
f 6822 4459 1612
f 6822 4468 1616
f 4468 6823 4469
f 4468 1612 4462
f 6823 4462 1611
f 6823 4470 1615
f 4470 6824 4471
f 4470 1611 4464
f 6824 4464 1609
f 6824 4472 1613
f 4474 6825 4473
f 4474 1614 4466
f 6825 4466 1616
f 6825 4475 1620
f 4475 6826 4476
f 4475 1616 4469
f 6826 4469 1615
f 6826 4477 1619
f 4477 6827 4478
f 4477 1615 4471
f 6827 4471 1613
f 6827 4479 1617
f 4481 6828 4480
f 4481 1618 4473
f 6828 4473 1620
f 6828 4482 1624
f 4482 6829 4483
f 4482 1620 4476
f 6829 4476 1619
f 6829 4484 1623
f 4484 6830 4485
f 4484 1619 4478
f 6830 4478 1617
f 6830 4486 1621
f 4488 6831 4487
f 4488 1622 4480
f 6831 4480 1624
f 6831 4489 1628
f 4489 6832 4490
f 4489 1624 4483
f 6832 4483 1623
f 6832 4491 1627
f 4491 6833 4492
f 4491 1623 4485
f 6833 4485 1621
f 6833 4493 1625
f 4495 6834 4494
f 4495 1626 4487
f 6834 4487 1628
f 6834 4496 1632
f 4496 6835 4497
f 4496 1628 4490
f 6835 4490 1627
f 6835 4498 1631
f 4498 6836 4499
f 4498 1627 4492
f 6836 4492 1625
f 6836 4500 1629
f 4502 6837 4501
f 4502 1630 4494
f 6837 4494 1632
f 6837 4503 1636
f 4503 6838 4504
f 4503 1632 4497
f 6838 4497 1631
f 6838 4505 1635
f 4505 6839 4506
f 4505 1631 4499
f 6839 4499 1629
f 6839 4507 1633
f 4509 6840 4508
f 4509 1634 4501
f 6840 4501 1636
f 6840 4510 1640
f 4510 6841 4511
f 4510 1636 4504
f 6841 4504 1635
f 6841 4512 1639
f 4512 6842 4513
f 4512 1635 4506
f 6842 4506 1633
f 6842 4514 1637
f 4516 6843 4515
f 4516 1638 4508
f 6843 4508 1640
f 6843 4517 1644
f 4517 6844 4518
f 4517 1640 4511
f 6844 4511 1639
f 6844 4519 1643
f 4519 6845 4520
f 4519 1639 4513
f 6845 4513 1637
f 6845 4521 1641
f 4523 6846 4522
f 4523 1642 4515
f 6846 4515 1644
f 6846 4524 1648
f 4524 6847 4525
f 4524 1644 4518
f 6847 4518 1643
f 6847 4526 1647
f 4526 6848 4527
f 4526 1643 4520
f 6848 4520 1641
f 6848 4528 1645
f 4530 6849 4529
f 4530 1646 4522
f 6849 4522 1648
f 6849 4531 1652
f 4531 6850 4532
f 4531 1648 4525
f 6850 4525 1647
f 6850 4533 1651
f 4533 6851 4534
f 4533 1647 4527
f 6851 4527 1645
f 6851 4535 1649
f 4537 6852 4536
f 4537 1650 4529
f 6852 4529 1652
f 6852 4538 1656
f 4538 6853 4539
f 4538 1652 4532
f 6853 4532 1651
f 6853 4540 1655
f 4540 6854 4541
f 4540 1651 4534
f 4534 1649 4542
f 6854 4542 1653
f 4544 6855 4543
f 4544 1654 4536
f 6855 4536 1656
f 6855 4545 1660
f 4545 6856 4546
f 4545 1656 4539
f 6856 4539 1655
f 6856 4547 1659
f 4547 6857 4548
f 4547 1655 4541
f 6857 4541 1653
f 6857 4549 1657
f 4551 6858 4550
f 4551 1658 4543
f 6858 4543 1660
f 6858 4552 1664
f 4552 6859 4553
f 4552 1660 4546
f 6859 4546 1659
f 6859 4554 1663
f 4554 6860 4555
f 4554 1659 4548
f 6860 4548 1657
f 6860 4556 1661
f 4558 6861 4557
f 4558 1662 4550
f 6861 4550 1664
f 6861 4559 1668
f 4559 6862 4560
f 4559 1664 4553
f 6862 4553 1663
f 6862 4561 1667
f 4561 6863 4562
f 4561 1663 4555
f 6863 4555 1661
f 6863 4563 1665
f 4565 6864 4564
f 4565 1666 4557
f 6864 4557 1668
f 6864 4566 1672
f 4566 6865 4567
f 4566 1668 4560
f 6865 4560 1667
f 6865 4568 1671
f 4568 6866 4569
f 4568 1667 4562
f 6866 4562 1665
f 6866 4570 1669
f 4572 6867 4571
f 4572 1670 4564
f 6867 4564 1672
f 6867 4573 1676
f 4573 6868 4574
f 4573 1672 4567
f 6868 4567 1671
f 6868 4575 1675
f 4575 6869 4576
f 4575 1671 4569
f 6869 4569 1669
f 6869 4577 1673
f 4579 6870 4578
f 4579 1674 4571
f 6870 4571 1676
f 6870 4580 1680
f 4580 6871 4581
f 4580 1676 4574
f 6871 4574 1675
f 6871 4582 1679
f 4582 6872 4583
f 4582 1675 4576
f 6872 4576 1673
f 6872 4584 1677
f 4586 6873 4585
f 4586 1678 4578
f 6873 4578 1680
f 6873 4587 1684
f 4587 6874 4588
f 4587 1680 4581
f 6874 4581 1679
f 6874 4589 1683
f 4589 6875 4590
f 4589 1679 4583
f 6875 4583 1677
f 6875 4591 1681
f 4593 6876 4592
f 4593 1682 4585
f 6876 4585 1684
f 6876 4594 1688
f 4594 6877 4595
f 4594 1684 4588
f 6877 4588 1683
f 6877 4596 1687
f 4596 6878 4597
f 4596 1683 4590
f 6878 4590 1681
f 6878 4598 1685
f 4600 6879 4599
f 4600 1686 4592
f 6879 4592 1688
f 6879 4601 1692
f 4601 6880 4602
f 4601 1688 4595
f 6880 4595 1687
f 6880 4603 1691
f 4603 6881 4604
f 4603 1687 4597
f 6881 4597 1685
f 6881 4605 1689
f 4607 6882 4606
f 4607 1690 4599
f 6882 4599 1692
f 6882 4608 1696
f 4608 6883 4609
f 4608 1692 4602
f 6883 4602 1691
f 6883 4610 1695
f 4610 6884 4611
f 4610 1691 4604
f 6884 4604 1689
f 6884 4612 1693
f 4614 6885 4613
f 4614 1694 4606
f 6885 4606 1696
f 6885 4615 1700
f 4615 6886 4616
f 4615 1696 4609
f 6886 4609 1695
f 6886 4617 1699
f 4617 6887 4618
f 4617 1695 4611
f 6887 4611 1693
f 6887 4619 1697
f 4621 6888 4620
f 4621 1698 4613
f 6888 4613 1700
f 6888 4622 1704
f 4622 6889 4623
f 4622 1700 4616
f 6889 4616 1699
f 6889 4624 1703
f 4624 6890 4625
f 4624 1699 4618
f 6890 4618 1697
f 6890 4626 1701
f 4628 6891 4627
f 4628 1702 4620
f 6891 4620 1704
f 6891 4629 1708
f 4629 6892 4630
f 4629 1704 4623
f 6892 4623 1703
f 6892 4631 1707
f 4631 6893 4632
f 4631 1703 4625
f 6893 4625 1701
f 6893 4633 1705
f 4635 6894 4634
f 4635 1706 4627
f 6894 4627 1708
f 6894 4636 1712
f 4636 6895 4637
f 4636 1708 4630
f 6895 4630 1707
f 6895 4638 1711
f 4638 6896 4639
f 4638 1707 4632
f 4632 1705 4640
f 6896 4640 1709
f 4642 6897 4641
f 4642 1710 4634
f 6897 4634 1712
f 6897 4643 1716
f 4643 6898 4644
f 4643 1712 4637
f 6898 4637 1711
f 6898 4645 1715
f 4645 6899 4646
f 4645 1711 4639
f 6899 4639 1709
f 6899 4647 1713
f 4649 6900 4648
f 4649 1714 4641
f 6900 4641 1716
f 6900 4650 1720
f 4650 6901 4651
f 4650 1716 4644
f 6901 4644 1715
f 6901 4652 1719
f 4652 6902 4653
f 4652 1715 4646
f 6902 4646 1713
f 6902 4654 1717
f 4656 6903 4655
f 4656 1718 4648
f 6903 4648 1720
f 6903 4657 1724
f 4657 6904 4658
f 4657 1720 4651
f 6904 4651 1719
f 6904 4659 1723
f 4659 6905 4660
f 4659 1719 4653
f 6905 4653 1717
f 6905 4661 1721
f 4663 6906 4662
f 4663 1722 4655
f 6906 4655 1724
f 6906 4664 1728
f 4664 6907 4665
f 4664 1724 4658
f 6907 4658 1723
f 6907 4666 1727
f 4666 6908 4667
f 4666 1723 4660
f 6908 4660 1721
f 6908 4668 1725
f 4669 6909 4451
f 4669 1726 4662
f 6909 4662 1728
f 6909 4670 1603
f 4670 6910 4454
f 4670 1728 4665
f 6910 4665 1727
f 6910 4671 1604
f 4671 6911 4457
f 4671 1727 4667
f 6911 4667 1725
f 6911 4672 1602
f 4673 6912 1986
f 325 2218 6912
f 6912 2218 322
f 1986 6912 4674
