# vtk DataFile Version 2.0
ftet_output_attempt_0, Created by Gmsh 4.13.1 
ASCII
DATASET UNSTRUCTURED_GRID
POINTS 1015 double
-0.197044 -0.00574073 1.01006
-0.196476 0.0124373 0.986294
-0.194759 -0.0260155 0.981129
-0.192705 -0.00829659 0.957898
-0.192622 -0.0423294 1.007
-0.193177 0.0382553 1.01351
-0.190071 0.0320038 1.04257
-0.19046 -0.0211599 1.04762
-0.190126 0.0501316 0.982899
-0.188535 0.0247926 0.946919
-0.187489 -0.0579573 0.978658
-0.18353 -0.0643851 1.03372
-0.186786 -0.0368653 0.947597
-0.18515 0.0604713 1.03192
-0.18261 0.0278139 1.07
-0.18171 -0.0190177 0.924766
-0.183516 0.07254819999999999 1.00235
0.0284437 0.132157 0.9003640000000001
-0.180011 -0.0797871 1.01312
-0.178473 -0.0513407 1.06733
-0.178183 0.0657756 0.946059
-0.177879 0.00322787 1.08602
-0.17389 0.0883874 1.03024
-0.176108 0.08566070000000001 0.975484
-0.173777 0.06828670000000001 1.06432
-0.17507 0.00437792 0.9084179999999999
-0.174746 -0.0767859 0.949535
-0.173915 0.0482748 0.919706
-0.170209 -0.0585466 0.918554
-0.1718 -0.0954131 0.981546
-0.169647 -0.0327212 1.09605
-0.167621 -0.09933699999999999 1.03172
-0.170692 -0.0817749 1.05643
-0.165235 0.090515 0.940782
-0.165445 0.0417276 1.09989
-0.162912 -0.0394192 0.895114
-0.162114 0.111169 1.01786
-0.158799 -0.117098 1.00525
-0.158406 -0.108625 0.954346
-0.154786 0.07167469999999999 0.900058
-0.156373 0.103224 1.06241
-0.156177 -0.0828676 1.08831
0.0180923 -0.00245281 1.16925
-0.153304 -0.099144 0.924476
-0.156362 0.0280895 0.882082
-0.156076 0.114181 0.960145
-0.151928 0.0847497 1.09388
-0.160319 0.0157895 1.1148
-0.15332 -0.0557995 1.11182
-0.152401 0.124813 0.987331
-0.153502 -0.0163725 1.12378
-0.14577 0.12678 1.04059
-0.149722 -0.0778896 0.896966
-0.148156 0.0992411 0.9147149999999999
-0.148453 -0.122918 1.04279
-0.14574 -0.130425 0.973261
-0.14278 0.0648907 1.12059
-0.142087 0.00662641 1.13773
-0.138647 -0.0461218 0.866405
-0.137676 -0.118209 1.07809
-0.13375 -0.144971 1.0068
-0.135244 0.0612412 0.869124
-0.135075 -0.0334119 1.14096
-0.134263 -0.129321 0.934772
-0.130602 0.113576 0.904547
-0.128055 -0.104387 1.10873
-0.128809 0.134851 1.06501
-0.127816 0.0186319 0.849789
-0.124992 0.149851 1.02997
0.0668267 -0.112071 1.02587
-0.127404 0.148411 0.973664
-0.132897 0.132374 0.938172
-0.129749 -0.07066409999999999 1.13174
-0.12448 0.0949228 1.12097
-0.123498 0.119848 1.09722
-0.129014 0.0902834 0.880236
-0.125454 0.0421717 1.14742
-0.121377 -0.144745 1.0577
-0.119574 -0.108376 0.885611
-0.116339 -0.07914300000000001 0.860663
-0.117676 -0.0194269 1.15829
0.06872010000000001 -0.06874130000000001 1.02337
-0.115869 -0.1525 0.951888
-0.115082 -0.134385 1.08798
-0.110417 0.0583151 0.846096
-0.104088 0.147675 0.920115
0.0662671 -0.0730642 1.11002
-0.108278 0.123624 0.8899359999999999
-0.109776 0.0712671 1.1487
-0.111627 0.16263 1.00599
-0.105971 -0.148709 0.924579
-0.103268 0.09478789999999999 0.860096
-0.109224 0.157482 0.952503
-0.109344 -0.055654 1.1556
-0.109291 -0.026599 0.836757
0.0688922 -0.0227118 1.0234
-0.101428 0.152314 1.07452
-0.102987 -0.164775 1.03462
0.0689843 -0.0203704 1.11293
-0.100817 0.0179743 1.16986
-0.105074 -0.0579489 0.8422770000000001
-0.0975017 0.106155 1.13571
-0.0976281 -0.116897 1.12641
-0.0969296 0.0363033 0.830843
-0.09574009999999999 0.128692 1.11578
-0.09386709999999999 0.167941 1.04416
-0.09525110000000001 -0.160067 1.06581
-0.0890121 0.17607 0.996108
-0.0889689 -0.145412 1.10012
-0.0907449 0.00910152 0.823798
-0.089327 -0.108074 0.8601259999999999
-0.08639239999999999 -0.0259213 1.17671
-0.0907361 0.0490012 1.16941
-0.0823617 -0.09694659999999999 1.15189
-0.0835732 -0.172423 0.952244
-0.0778416 -0.160019 0.91403
-0.08431950000000001 0.123659 0.870517
0.06910860000000001 0.0235644 1.02331
-0.0852521 -0.177542 0.987069
-0.0860722 -0.0747414 0.837843
-0.0835798 0.0709991 0.834771
-0.0805251 0.176027 0.961073
-0.0753291 0.0730199 1.16826
-0.0781298 -0.0568005 1.17324
-0.07030210000000001 -0.0268674 0.8163010000000001
-0.0727163 0.153747 1.10088
-0.0705851 0.166033 0.9194830000000001
-0.07511039999999999 -0.162559 1.08356
-0.07748670000000001 0.148084 0.894353
-0.075042 0.102451 0.8479100000000001
-0.070869 -0.145759 0.886651
-0.0606168 0.133975 1.13253
0.0630709 0.0237238 1.121
0.06998210000000001 0.0713709 1.02116
-0.0652044 -0.137864 1.12621
-0.0652875 0.00609645 1.18743
-0.06534180000000001 -0.116737 0.85393
-0.0651299 0.0382683 1.18359
-0.06596109999999999 -0.183337 1.03181
0.0695252 0.114424 1.01945
-0.0587978 0.188253 1.00777
-0.0621835 -0.187224 1.00431
-0.0598054 0.179498 1.05655
-0.0601891 -0.0776329 0.827703
-0.0603609 0.0108944 0.811153
-0.0610562 0.0511115 0.818229
-0.0592768 0.100495 1.16027
-0.0577286 -0.119186 1.14736
-0.0476433 -0.170309 1.08814
-0.0528722 0.0863539 0.82942
-0.0561694 -0.17972 1.05957
-0.051956 -0.188333 0.971815
-0.0437006 0.189717 1.03245
-0.045066 -0.155073 1.11418
-0.0485255 0.122931 0.852414
-0.0467111 0.184096 0.945951
-0.0411482 -0.0486924 0.811962
-0.0453262 0.0629497 1.18269
-0.0396668 -0.156961 0.886359
-0.0393472 -0.102803 1.16494
-0.0454812 0.191221 0.981948
-0.0434073 0.169939 0.90889
-0.043059 -0.0265102 1.19214
-0.0343331 0.149041 0.874399
-0.039311 0.172818 1.08737
-0.0359183 -0.10312 0.834465
-0.0389161 -0.0154593 0.8056950000000001
-0.0314098 -0.135359 0.858889
-0.03068 0.0569059 0.812262
-0.0230856 0.195948 1.00353
-0.0289669 0.11742 1.15699
-0.0259358 -0.070664 1.1837
-0.0324788 0.0166403 1.19546
-0.0250426 -0.182311 1.07175
-0.0244442 0.152657 1.12348
-0.0243276 0.185893 1.06199
-0.025417 -0.195735 0.999494
-0.0233742 -0.192849 1.0349
-0.021988 0.0224247 0.80364
-0.0179073 0.125287 0.847532
-0.0174534 -0.192289 0.958807
-0.00479886 0.1951 1.02969
-0.00970682 0.0849167 1.1791
-0.0126697 0.171272 0.90217
-0.0136567 -0.0585263 0.810735
-0.0124334 -0.164447 1.10914
-0.0123184 0.0449005 1.1932
-0.012171 0.194354 0.967787
-0.00416165 -0.1128 0.837045
-0.0128135 0.08406139999999999 0.820675
-0.009425279999999999 -0.113907 1.16195
-0.0108842 -0.0181977 0.802246
-0.0055272 0.171854 1.09748
-0.00751415 -0.0244323 1.19726
-0.00751473 -0.182929 0.925774
-0.00873695 -0.145784 0.8663149999999999
0.00764582 0.154974 1.12279
-0.00505199 0.188132 0.940222
-0.00605772 -0.166968 0.894281
0.00526455 -0.195857 0.976373
-0.00108967 0.120236 1.15753
0.00322153 0.00960045 1.19876
0.00442314 -0.0487095 1.19263
0.00409681 0.153198 0.8748010000000001
0.00634095 -0.089876 1.17675
0.00377268 0.0462712 0.806761
0.0120979 -0.08580749999999999 0.821501
0.008402160000000001 -0.196533 1.01615
0.0182364 -0.0229983 0.803287
0.00952187 0.197161 1.00211
0.0138835 0.0785506 0.818296
0.0144277 -0.189293 1.05421
0.0181728 0.172679 0.905484
0.017747 0.0574046 1.18928
0.0183853 -0.0520155 0.809182
0.0243794 0.130736 1.14684
0.0268708 -0.186178 0.93982
0.022754 0.188081 1.05563
0.0241321 0.009766159999999999 0.802867
0.0274579 0.141503 0.864286
0.0333539 0.193006 1.02412
0.0278476 0.170839 1.09544
0.0211175 -0.125072 1.1522
0.0259944 0.0909124 1.1744
0.0265337 -0.169976 1.09735
0.0281057 -0.121185 0.8457440000000001
0.0285733 -0.149034 0.872934
0.0272257 0.192823 0.967687
0.0277696 0.117171 0.842608
0.0265269 -0.0328515 1.19426
0.0335123 0.0265558 1.19413
0.0301008 -0.173657 0.91066
0.0382119 -0.0706473 1.18146
0.0306153 -0.149235 1.12637
0.0340502 -0.194395 1.00133
0.036904 -0.191657 0.97023
0.0386773 -0.009341210000000001 1.1948
0.0393724 0.180693 0.930656
0.0419655 -0.080154 0.823437
0.0359156 0.151315 1.12229
0.0462909 0.0657547 0.818585
0.0504003 -0.0511284 0.814947
0.0462354 -0.179395 1.06856
0.0480123 0.0984857 0.834704
0.0479153 -0.106396 1.16025
0.0512853 0.0274127 0.810068
0.0517622 0.159202 0.894818
0.0555337 -0.186544 1.03293
0.0538551 0.106544 1.1582
0.0581286 -0.188578 0.996219
0.0566116 0.176172 1.06906
0.0557398 0.0689727 1.17747
0.0573296 -0.135193 1.13278
0.0544794 -0.0231341 0.810429
0.0537745 0.135608 0.8661489999999999
0.0638558 0.0428723 1.18299
0.0620276 0.183936 1.03577
0.0633377 0.181622 0.955537
0.0592276 -0.0392836 1.18534
0.0653355 -0.0746081 1.17176
0.0643854 0.159912 1.09671
0.0598869 0.131521 1.1353
0.0615804 -0.0994848 0.8399720000000001
0.06692869999999999 -0.150884 0.8910940000000001
0.0662169 -0.178197 0.946686
0.0629532 -0.167354 0.915859
0.0667174 0.185709 0.995502
0.0693597 -0.121969 0.860264
0.0726094 0.00760959 1.18458
0.07393 0.00982735 0.816035
0.0712406 -0.17528 1.05664
0.065997 -0.160812 1.09419
0.0740068 0.109552 0.852434
0.0747534 0.0797046 0.834522
0.0764832 -0.107958 1.14746
0.07770290000000001 0.139388 1.11689
0.0785151 0.16619 0.927579
0.0821336 0.109355 1.14323
-0.0692386 -0.112027 1.01928
0.0824616 0.049293 0.826456
-0.06916079999999999 -0.0685103 1.02302
0.0837855 0.13101 0.877711
0.0902428 -0.0280629 1.17443
0.0850494 -0.177216 0.9818480000000001
0.0858439 0.0712431 1.1639
0.0886974 -0.09417059999999999 0.849986
0.0846462 0.166127 1.06512
0.0841795 -0.0485324 0.827094
0.09679740000000001 -0.155805 1.07329
0.09034449999999999 -0.159176 0.925693
0.0907575 -0.173762 1.02291
0.0880334 0.147896 0.902762
0.0886377 -0.140919 1.10666
0.091984 -0.0176559 0.825089
0.0928524 -0.0560804 1.166
0.09711119999999999 -0.166706 0.958191
0.103552 0.109286 0.871567
-0.0640135 -0.0648068 1.10954
0.09909 0.16984 1.017
0.0988348 0.14718 1.08735
0.0984341 0.167895 0.967082
0.101741 -0.0870953 1.14593
0.0991398 -0.117437 1.12465
-0.0692058 -0.0225234 1.02327
0.09912070000000001 0.08864610000000001 0.853143
0.09840359999999999 0.0159679 0.828531
-0.06728679999999999 -0.0223363 1.11289
0.106698 0.0394571 1.16233
0.109038 0.147244 0.926063
-0.069051 0.0233405 1.02326
0.104254 0.0049601 1.16862
0.109042 -0.142074 0.916526
0.106256 -0.0751098 0.850646
0.109938 0.155225 1.05286
0.109667 -0.127277 0.895776
0.114061 -0.132821 1.09168
0.107779 0.117233 1.1174
0.106835 0.0875961 1.14191
0.113098 -0.161357 0.988849
0.108871 -0.102877 0.870673
0.117022 -0.153798 1.04035
0.118258 0.0561105 0.851285
0.122462 -0.0345821 1.15185
-0.0676307 0.0223793 1.11459
0.123458 0.153856 0.99432
0.120842 0.116674 0.89572
0.127447 -0.0462321 0.855625
0.125378 0.150502 1.02421
0.126816 -0.105125 1.10949
0.125639 0.0194061 0.848028
0.126601 0.131676 1.07526
0.130866 -0.0750242 1.12809
0.129675 -0.144214 0.963012
0.130316 -0.107497 0.897182
0.128241 0.112207 1.10022
0.13053 0.134422 0.937666
0.134274 0.08448120000000001 0.881763
0.132713 0.0550874 1.1362
0.133463 0.08372930000000001 1.11965
-0.0693197 0.0697858 1.02309
0.138031 0.138832 0.974738
0.136625 -0.00998313 0.857008
0.137232 -0.1234 0.929576
0.137873 -0.137954 1.03071
0.138652 0.0211438 1.13983
0.14133 -0.116852 1.07349
0.138856 -0.0767827 0.881798
0.144454 -0.0108439 1.13492
0.145394 0.108219 0.921319
0.145702 0.125488 1.0446
0.143442 -0.135394 0.994272
0.150159 0.118726 0.951537
0.148972 -0.122759 0.958507
0.147177 0.0220634 0.8695000000000001
0.151174 -0.0406619 0.879045
-0.0661041 0.06563670000000001 1.11053
0.150984 -0.042722 1.12048
0.153301 -0.0852091 0.908936
0.15231 -0.079067 1.09809
0.152514 0.12487 1.01097
0.156569 0.0428322 0.887026
0.151653 0.0795642 1.09873
0.15233 0.100932 1.07518
0.152706 0.0495316 1.11553
0.157549 -0.110721 1.04339
0.161405 0.112583 0.985341
0.159243 -0.0991874 0.938402
0.164986 0.0227007 1.10658
0.164407 -0.062383 0.909852
0.165035 0.0107461 0.891598
0.163722 -0.109902 1.00988
0.164874 -0.10517 0.973375
-0.07074709999999999 0.116624 1.02128
0.168077 -0.0219586 0.898188
-0.0230191 -0.111691 1.02267
0.1695 0.09043180000000001 1.04564
0.170402 -0.0799252 1.05986
0.169596 -0.0486798 1.08896
0.169761 -0.0100433 1.10085
0.171887 0.0617426 1.07545
0.170829 0.0897352 0.958279
0.17526 0.0382842 0.917206
0.174149 -0.0890792 1.02625
0.175888 0.08927110000000001 1.00576
0.178568 -0.0550284 1.06399
0.178455 -0.0841533 0.994321
0.177604 -0.045852 0.926667
0.18038 0.00134042 0.9194059999999999
-0.0233231 -0.0685597 1.02338
0.182493 -0.06536550000000001 0.962368
0.183813 0.0660435 1.02903
0.184754 0.06386890000000001 0.972592
-0.0215224 -0.0677813 1.11253
0.181131 0.0189997 1.07665
0.185327 -0.0115875 1.06739
0.187442 -0.0569883 1.02419
0.189076 -0.0557189 0.9894230000000001
0.187934 -0.0265032 0.945512
-0.0231956 -0.0227209 1.02341
0.187953 0.0343805 0.950234
0.189335 0.0558718 0.9997239999999999
0.190471 -0.025241 1.04533
0.190041 0.00455927 0.946715
0.19087 0.0279549 1.04207
-0.0228851 -0.0224447 1.11322
0.194877 0.0213692 0.977193
0.195928 -0.0190878 0.985521
0.196257 -0.0117637 1.01736
0.196377 0.0183429 1.00786
-0.023205 0.023441 1.02343
-0.136488 -0.0897278 0.959105
-0.137417 -0.094684 1.00321
-0.133363 -0.0886265 1.04503
-0.131192 -0.0451037 0.910614
-0.138079 -0.0474896 0.953701
-0.138679 -0.0429539 1.00545
-0.137285 -0.0417672 1.04551
-0.133777 -0.0427961 1.09397
-0.137311 0.00106473 0.905683
-0.13649 -0.00281191 0.961328
-0.136966 0.00328072 1.00137
-0.136048 0.00285461 1.04731
-0.138354 -0.00281654 1.09109
-0.133704 0.0473439 0.911182
-0.141618 0.0422468 0.950614
-0.137729 0.0446331 1.00123
-0.130724 0.0459664 1.04519
-0.131637 0.0474272 1.0909
-0.13988 0.0842466 0.9561730000000001
-0.141188 0.0914942 1.0022
-0.134464 0.0861541 1.0423
-0.0886851 -0.13369 0.95824
-0.0927728 -0.138663 1.00302
-0.0928152 -0.134808 1.03995
-0.0865591 -0.08877549999999999 0.908202
-0.0899827 -0.0914556 0.955124
-0.0927835 -0.0926439 0.999393
-0.0902251 -0.0922861 1.04776
-0.0937296 -0.0875451 1.09086
-0.08842179999999999 -0.0454851 0.8611490000000001
-0.0890904 -0.0489328 0.910104
-0.09072330000000001 -0.0446106 0.955233
-0.0912964 -0.0450666 1.00051
-0.0906218 -0.0444787 1.04571
-0.0929982 -0.0452795 1.09459
-0.092402 -0.0448248 1.1359
-0.0912457 0.00102518 0.861629
-0.0938874 0.00297852 0.905917
-0.09207220000000001 0.000181192 0.954481
-0.0916082 0.000529519 1.0003
-0.09124359999999999 0.000144009 1.04604
-0.0932963 0.000341402 1.09524
-0.08916449999999999 -0.00396172 1.13901
-0.0858995 0.0453037 0.864468
-0.0923749 0.0462403 0.908325
-0.09161130000000001 0.04506 0.9550650000000001
-0.09156789999999999 0.0460991 0.99982
-0.090124 0.0454253 1.04554
-0.0932914 0.0456302 1.09346
-0.08712549999999999 0.0476269 1.13716
-0.089117 0.09187389999999999 0.903027
-0.09317830000000001 0.0900927 0.952505
-0.0939367 0.09233329999999999 0.999511
-0.0936753 0.093857 1.04521
-0.0931365 0.095084 1.09264
-0.090541 0.136356 0.956759
-0.0931099 0.140047 0.9936120000000001
-0.09056930000000001 0.133519 1.04596
-0.0458296 -0.136835 0.914087
-0.04733 -0.14531 0.958876
-0.0475352 -0.135583 0.999039
-0.0410173 -0.135683 1.04223
-0.0450377 -0.135309 1.08691
-0.0440645 -0.0872814 0.863944
-0.043096 -0.09920569999999999 0.909322
-0.0454082 -0.08695360000000001 0.95417
-0.0459464 -0.09011420000000001 0.999761
-0.0481309 -0.0929977 1.04694
-0.0414511 -0.0931115 1.09272
-0.0392286 -0.08969489999999999 1.13572
-0.0419422 -0.0461073 0.866639
-0.0453091 -0.0414381 0.909005
-0.0461377 -0.0451738 0.953753
-0.0463072 -0.0455672 1.00002
-0.0461144 -0.0456606 1.04642
-0.0448738 -0.0448007 1.09052
-0.0456032 -0.0422538 1.13499
-0.044669 -2.01084e-05 0.863082
-0.0464052 0.000720753 0.908012
-0.0463498 0.000323305 0.953677
-0.0461825 0.000373946 1.00008
-0.0462294 0.000363659 1.04646
-0.0458369 0.000358015 1.09151
-0.0452263 0.00114052 1.13519
-0.0395047 0.043245 0.860161
-0.0456171 0.0452574 0.908714
-0.0461022 0.0431113 0.9537600000000001
-0.04624 0.046518 1.00007
-0.0461789 0.046365 1.04642
-0.0456257 0.0453374 1.09113
-0.0455822 0.0465507 1.13387
-0.0430666 0.09383229999999999 0.859669
-0.0437942 0.09529029999999999 0.9072789999999999
-0.0455825 0.09223389999999999 1.00088
-0.0459718 0.0922569 1.04611
-0.0467877 0.0924552 1.092
-0.0468436 0.0881165 1.13078
-0.0447691 0.137509 0.911087
-0.0449521 0.13895 0.955655
-0.0471626 0.133436 1.00181
-0.0455551 0.139789 1.04865
-0.0439741 0.136419 1.08914
-0.00136683 -0.138923 0.911053
-0.00141485 -0.13464 0.954952
-0.000259196 -0.136312 1.00057
0.00208349 -0.133173 1.04597
-0.00217226 -0.135107 1.08949
-0.000119782 -0.09226769999999999 0.910574
-0.000286176 -0.0905492 0.953558
-0.000301939 -0.090389 0.9998050000000001
-0.000140199 -0.0900382 1.04588
-0.000744975 -0.0912182 1.09269
0.0008701200000000001 -0.0866045 1.13718
0.00208556 -0.0399926 0.865295
0.000274846 -0.0447976 0.908779
-0.000216982 -0.0458738 0.95331
-0.000102535 -0.0457183 1.00006
-6.28005e-05 -0.0456974 1.04648
0.000153477 -0.0451702 1.09145
7.77769e-05 -0.0438934 1.13456
-0.00017652 0.0013849 0.864575
-2.3466e-05 0.000515137 0.9082249999999999
-0.000125869 0.000346838 0.9536289999999999
-8.710489999999999e-05 0.000360801 1.00012
-2.19824e-05 0.000360313 1.04646
-1.40037e-05 0.000289398 1.09162
-0.000461351 -0.000586087 1.13649
0.000746164 0.0459669 0.862718
-0.000582731 0.0469842 0.907685
-4.79816e-05 0.0465781 0.953691
-8.29558e-05 0.0465403 1.00015
-9.31231e-05 0.0465578 1.04652
-0.000416619 0.0464359 1.09149
0.00119742 0.0463186 1.13701
-0.000725071 0.0896265 0.852746
-0.000353299 0.0955295 0.90847
0.00194917 0.0931086 0.954353
0.000719569 0.09205770000000001 1.00049
1.16112e-05 0.0925314 1.04689
-0.00436588 0.09495339999999999 1.09537
-0.00322807 0.0858487 1.14084
-0.0028222 0.137408 0.908929
0.000835565 0.133393 0.9512659999999999
0.0058996 0.135457 1.00361
0.00259651 0.140302 1.04415
8.208280000000001e-05 0.137366 1.09433
0.0420861 -0.134121 0.910813
0.0446446 -0.136685 0.951285
0.0413669 -0.13739 0.9988089999999999
0.0473614 -0.137926 1.04265
0.0478152 -0.129258 1.09761
0.0414369 -0.0869007 0.8618400000000001
0.0439486 -0.09257 0.906516
0.045101 -0.0899345 0.953751
0.0466433 -0.0920636 0.999903
0.0454266 -0.0902163 1.04614
0.0450088 -0.09084830000000001 1.08811
0.0399319 -0.0849926 1.14326
0.0437007 -0.0436039 0.86605
0.0454055 -0.0452508 0.909169
0.0459119 -0.0457014 0.953611
0.0459709 -0.0457686 1.0001
0.0459143 -0.0458072 1.04645
0.0465339 -0.0456144 1.09259
0.043652 -0.04763 1.14021
0.0474874 -0.00406592 0.8655
0.0460547 0.000278136 0.908193
0.0459739 0.00020529 0.953666
0.0460444 0.000366294 1.00012
0.0460857 0.000267414 1.04656
0.0456784 0.00053096 1.09197
0.0424171 -0.00398287 1.13489
0.0501135 0.0531848 0.858744
0.0457095 0.0461331 0.90776
0.0458274 0.0459848 0.95308
0.045697 0.046292 0.999887
0.0460299 0.046518 1.04615
0.0462038 0.0477851 1.09407
0.0443652 0.0528569 1.13942
0.0461847 0.0927825 0.86591
0.0422278 0.09093999999999999 0.907905
0.0482535 0.09245299999999999 0.954946
0.0464831 0.0924019 0.998609
0.0479608 0.093502 1.04747
0.0445493 0.09195780000000001 1.09259
0.0425248 0.09174889999999999 1.13505
-0.0225878 0.023134 1.11231
0.0448639 0.133189 0.957002
0.0476622 0.139521 1.0009
0.0479284 0.13211 1.04381
0.0397689 0.135386 1.09413
0.0912568 -0.134593 0.952414
0.0900483 -0.136422 1.04245
0.0926285 -0.0897715 0.910235
0.0924533 -0.0918828 0.953155
0.0898106 -0.0927077 1.00067
0.0930898 -0.09370149999999999 1.04578
0.0951442 -0.0914039 1.09132
0.0878847 -0.0442277 0.862614
0.0927325 -0.0473479 0.907662
0.09031699999999999 -0.0449463 0.954714
0.0905865 -0.0457257 1.0005
0.0911822 -0.0458452 1.04673
0.0900958 -0.0467808 1.09311
0.0931799 -0.040028 1.13404
0.0897872 -0.00164071 0.861355
0.09114849999999999 -0.00120921 0.908193
0.0909272 -6.94754e-06 0.953718
0.0909393 0.000205321 1.00019
0.09109299999999999 -1.81147e-05 1.04637
0.0906933 -0.00498554 1.09182
0.08905689999999999 0.000520981 1.14016
0.0908385 0.0517949 0.864826
0.0933262 0.0435497 0.906791
0.0913235 0.0471887 0.956348
0.0914975 0.0463429 0.999189
0.0893523 0.0471784 1.04797
0.0885552 0.0457494 1.09018
0.0980153 0.0423581 1.13055
0.08791939999999999 0.100761 0.9052829999999999
0.09096079999999999 0.09280430000000001 0.947229
0.0906542 0.0922495 1.05182
0.09282079999999999 0.0937249 1.09524
0.0874316 0.135974 0.944263
0.0899264 0.138641 1.00419
0.0950112 0.132635 1.04523
0.132303 -0.0898041 0.957014
0.139909 -0.0883998 0.999463
0.134404 -0.0893651 1.04554
0.136925 -0.0393267 0.9136879999999999
0.134015 -0.0477282 0.955372
0.136348 -0.0450552 1.00226
0.135275 -0.0479447 1.04764
0.137733 -0.00154856 0.910341
0.132585 -8.27747e-05 0.9550999999999999
0.137001 -0.00121643 1.00041
0.135162 -0.00230025 1.04677
0.137267 0.0426277 0.956942
0.136353 0.0395208 0.999329
0.129419 0.0482153 1.09537
0.131937 0.0897054 0.962031
0.144531 0.0907131 0.998712
0.132429 0.0934637 1.0374
-0.0229309 0.0691962 1.02344
-0.0234651 0.0667905 1.1112
-0.0215494 0.114596 1.02127
-0.112441 -0.068066 1.02236
-0.113015 -0.0211652 1.02382
-0.111876 0.0233333 1.02315
-0.112312 0.06697110000000001 1.022
0.0228043 -0.111711 1.02248
0.0229244 -0.0680968 1.02304
0.0259821 -0.0731972 1.11401
0.0229603 -0.0226997 1.02329
0.0224415 -0.0229937 1.1128
0.0229487 0.0234113 1.02328
0.0220749 0.0236066 1.11305
0.0234201 0.0694941 1.02332
0.0195379 0.0695702 1.11294
0.0244649 0.113275 1.02329
0.112572 -0.0686216 1.02345
0.112097 -0.0233754 1.02377
0.113181 0.0246276 1.02516
0.113325 0.0714883 1.01835
0.065553 -0.109947 0.9334209999999999
0.06970949999999999 -0.112119 0.974091
0.0655042 -0.0660893 0.889537
0.0681961 -0.0681991 0.931439
0.0683199 -0.068477 0.97702
0.06864339999999999 -0.0233721 0.887872
0.0685883 -0.0229822 0.931186
0.0682074 -0.0226454 0.977122
0.0667995 0.0225473 0.88178
0.0687782 0.0228946 0.930768
0.06838379999999999 0.0231193 0.976986
0.0673723 0.0715223 0.889818
0.06813569999999999 0.0687879 0.9302
0.0653297 0.0662802 0.975339
0.063427 0.116404 0.926492
0.0708338 0.11985 0.973275
-0.026692 -0.13402 1.14335
-0.0680542 -0.106363 0.931455
-0.06613520000000001 -0.113303 0.980062
-0.067164 -0.06015 0.883433
-0.0661524 -0.0677538 0.933898
-0.0685461 -0.06771199999999999 0.977522
-0.06884079999999999 -0.0223118 0.887579
-0.06885330000000001 -0.0218943 0.931297
-0.0687985 -0.022334 0.977307
-0.0670892 0.0251022 0.883825
-0.0694403 0.0229556 0.930945
-0.06898020000000001 0.0228145 0.977209
-0.0661255 0.0631321 0.8907659999999999
-0.0654632 0.0684704 0.933986
-0.06893489999999999 0.071295 0.975332
-0.0630361 0.107825 0.937046
-0.0714722 0.114423 0.9775470000000001
0.0984289 0.09868209999999999 1.02105
-0.0207512 -0.114576 0.936571
-0.0246701 -0.112087 0.976523
-0.0170538 -0.0712277 0.887971
-0.0235682 -0.0683589 0.93033
-0.0229924 -0.0674776 0.976903
-0.0220679 -0.0213858 0.886471
-0.022943 -0.0219183 0.931225
-0.0231203 -0.0225586 0.976903
-0.0222048 0.0230831 0.886781
-0.0230366 0.0231111 0.930995
-0.0230518 0.0230625 0.976975
-0.0260976 0.0677709 0.882999
-0.024265 0.07246909999999999 0.931457
-0.0244566 0.0699858 0.975478
-0.0219209 0.115056 0.932289
-0.0169599 0.116782 0.977619
-0.109851 -0.0656294 0.93523
-0.112965 -0.06537279999999999 0.980579
-0.112265 -0.0223306 0.930114
-0.116132 -0.0230884 0.9799639999999999
-0.118663 0.0192209 0.9337800000000001
-0.11471 0.022731 0.977922
-0.111531 0.0644054 0.934677
-0.117942 0.0665911 0.977417
0.0216884 -0.111937 0.931397
0.022106 -0.113553 0.976467
0.0211664 -0.064397 0.884215
0.0225354 -0.0681495 0.931024
0.0228361 -0.06818399999999999 0.9767940000000001
0.0229711 -0.0218213 0.88693
0.0228746 -0.0225388 0.931185
0.0228671 -0.0226899 0.976878
0.0232785 0.0239297 0.887067
0.0228242 0.0233999 0.930878
0.0228681 0.0233195 0.976832
0.0197843 0.07154679999999999 0.884185
0.0226215 0.06962889999999999 0.930949
0.0231533 0.0692217 0.9768520000000001
0.0237503 0.115065 0.932997
0.0224254 0.113604 0.977947
0.110083 -0.0649237 0.935033
0.1116 -0.0684896 0.978313
0.112772 -0.0225025 0.932456
0.111527 -0.0231888 0.977843
0.113344 0.0206896 0.931934
0.112098 0.0218713 0.977732
0.111789 0.0623998 0.936187
0.119846 0.06593739999999999 0.9809330000000001
0.00151267 0.0160673 0.832187
0.06497890000000001 -0.113348 1.06975
0.0688252 -0.06876110000000001 1.06844
0.0683256 -0.0234888 1.06921
0.0689444 0.02248 1.07121
0.0687763 0.0682439 1.06695
-0.07226970000000001 -0.121814 1.07126
-0.0680028 -0.06477090000000001 1.06816
-0.0689567 -0.0221707 1.06941
-0.06893870000000001 0.0229591 1.06944
-0.0690533 0.06922200000000001 1.06876
-0.0662007 0.112161 1.06594
-0.0223039 -0.111284 1.0659
-0.022737 -0.0683926 1.06887
-0.0228917 -0.0224584 1.06876
-0.0230327 0.0232578 1.06889
-0.0235801 0.0697801 1.06932
-0.0225175 0.115249 1.06895
-0.111422 -0.0633721 1.06584
-0.114795 -0.021635 1.06941
-0.11009 0.0661253 1.0653
0.0223386 -0.109379 1.0664
0.0227604 -0.06782539999999999 1.06875
0.0230042 -0.0228669 1.06962
0.0229999 0.0236217 1.06925
0.0225035 0.06992619999999999 1.06981
0.0202274 0.112085 1.06944
0.112117 -0.0654453 1.06715
0.111912 0.0210427 1.06765
-0.0666239 -0.0692382 1.14277
0.115654 -0.112524 0.981035
-0.100981 0.0227372 1.12688
-0.111937 -0.0220024 0.888342
-0.113757 -0.113954 1.02687
0.114637 -0.0232376 0.8861560000000001
-0.158619 0.0268576 0.975683
0.0241598 -0.164906 1.04005
-0.047069 0.0629255 0.837935
0.114634 -0.0233527 1.1122
-0.014759 -0.0250983 0.837771
0.0154663 -0.119481 0.896482
-0.119797 -0.0212888 1.10735
-0.110862 0.0356725 0.878318
-0.0218819 0.160799 0.964835
-0.161939 0.0407165 1.0267
-0.0151595 -0.112093 0.885718
0.0274321 -0.008277059999999999 0.837809
-0.112923 0.120907 1.01493
0.113824 -0.103647 1.01609
0.0223401 -0.0362826 0.831707
-0.0191616 -0.00293074 1.16753
0.0151416 -0.162173 0.964607
0.112513 0.0166777 0.884587
0.171062 0.0118362 1.01833
-0.0366632 0.118416 1.11255
-0.0295481 0.169037 0.996835
-0.007814379999999999 0.0223489 1.166
-0.00832448 -0.167886 0.985691
-0.167573 0.0194424 1.00102
-0.168732 -0.0307336 1.0242
-0.00936263 -0.113556 1.12191
0.0172326 0.108782 1.12033
0.0407699 -0.112328 1.12326
-0.121703 0.00935739 0.881552
-0.00392107 -0.166542 1.02276
0.121455 0.00454496 1.11933
0.0036296 0.167714 0.984801
-0.0329752 -0.164335 1.01263
-0.0174819 0.155661 0.932813
-0.114831 -0.111847 0.956355
0.0432592 -0.116531 0.881061
-0.0688035 0.0288228 0.846127
0.158285 0.0417641 0.937383
-0.151209 0.0253816 0.919939
0.070703 0.15472 0.981587
0.071743 0.148827 1.02724
-0.0434725 -0.0246623 0.83756
0.0280916 0.167599 1.001
-0.040147 0.0269917 1.16656
0.073745 0.0302093 0.851216
-0.116787 0.113538 0.972953
0.156057 0.0664835 0.976669
0.0678016 -0.10468 1.11478
-0.0148796 0.0383432 0.834534
-0.147317 -0.029172 0.9731340000000001
0.120601 -0.118625 1.04019
0.09419470000000001 -0.124356 1.07359
-0.166094 -0.0191115 0.990932
0.0151493 -0.0611118 0.842375
0.155399 -0.0175977 0.938262
-0.07335120000000001 -0.151757 0.976344
0.119472 0.102268 1.06904
0.0747642 -0.119149 0.90349
0.0170467 0.171302 1.02946
0.0534304 -0.163641 0.974839
0.0705234 -0.138535 1.01754
0.0704552 0.0550855 1.11873
0.0694887 0.0912592 1.11757
-0.06822060000000001 -0.14031 1.02227
-0.0673417 -0.0933374 1.11853
-0.0711165 0.0998179 1.11936
-0.0198931 -0.143836 1.02632
-0.0217012 0.143844 1.01917
0.107911 -0.0380721 0.838136
0.07916960000000001 0.0967211 0.876263
0.0928566 0.0743984 0.9147149999999999
-0.0726646 0.140427 0.931333
-0.12033 -0.0954865 0.928251
-0.119839 0.09555569999999999 0.930391
0.0151831 -0.09575400000000001 0.878404
0.0225771 0.145164 0.974319
0.120044 -0.09454220000000001 0.928239
0.120576 -0.0526886 0.885074
0.12105 0.049888 0.883451
0.120902 0.09733360000000001 0.9319499999999999
0.168944 0.0677421 0.923142
0.0668924 -0.143871 1.07082
0.0689835 0.0985782 1.07368
0.069615 0.140254 1.07103
-0.0714656 0.141764 1.07291
-0.0197154 -0.140458 1.06742
-0.124015 -0.0903395 1.07509
-0.122357 0.09737270000000001 1.07038
0.0317811 -0.14179 1.07476
0.0279516 0.138445 1.0671
-0.0183204 -0.150061 1.12771
-0.142424 0.0662798 1.02416
-0.0422688 -0.119389 1.11712
0.133695 -0.0213551 1.08889
0.100796 0.0679718 1.11137
0.149979 -0.0695129 1.02801
-0.142424 -0.0684621 0.926459
-0.142594 -0.068379 0.982829
-0.033738 -0.181023 0.9285600000000001
-0.142557 0.06924039999999999 0.928756
-0.0960654 -0.115007 0.933096
-0.0934166 -0.0737598 0.882751
-0.0977098 0.0680615 0.875872
-0.0984175 0.117519 0.928323
-0.0403465 0.0994352 0.961719
0.0157863 0.112867 0.8778820000000001
0.129503 -0.0809602 1.08537
0.101698 -0.11632 0.926582
0.09751410000000001 -0.0740007 0.879857
0.100924 0.119244 0.925841
0.137932 -0.0691044 0.929121
0.141822 -0.0654651 0.977227
0.143989 -0.0248836 0.974147
0.144482 0.0201624 0.976203
0.144375 0.0695791 0.935688
0.156356 0.0544641 1.05366
-0.143445 -0.0686654 1.06677
-0.137065 0.0225342 1.07255
-0.142723 0.0685962 1.06867
-0.0980471 0.120288 1.07205
0.0493167 0.119071 1.07062
-0.0495721 -0.117094 0.882984
0.0705925 -0.07408770000000001 0.85994
0.0767719 -0.07263459999999999 1.13935
0.07077749999999999 -0.0225557 0.8579329999999999
0.06994590000000001 -0.0259001 1.14171
0.07169730000000001 0.07663540000000001 1.13837
0.0655433 0.117968 1.09456
-0.07327119999999999 -0.117531 0.900655
-0.06475740000000001 -0.0226594 0.858828
-0.06932869999999999 0.0213945 1.15326
-0.0730239 0.07461569999999999 1.13854
-0.0738254 0.12002 0.905562
-0.0711415 0.121841 1.09682
-0.0230573 -0.116428 1.09558
-0.019592 -0.0660901 1.14124
-0.0238552 -0.0243871 1.14516
-0.117721 -0.07717980000000001 0.902021
-0.121442 0.07374169999999999 0.903796
-0.121044 0.0781982 1.09309
-0.118805 0.115262 1.04768
0.0203816 -0.112049 1.09876
0.0222704 -0.0223697 1.14601
0.0294209 0.0247178 0.85359
0.0239644 0.0228044 1.14471
0.0221104 0.07364420000000001 1.14186
0.122372 -0.0737602 0.90509
0.12122 0.0762536 0.90812
0.111783 0.116968 0.9572850000000001
0.119378 0.118101 1.00746
-0.0234819 -0.0516675 0.839361
0.165448 0.042655 0.987897
-0.044573 0.119061 0.885202
0.0221494 0.15176 0.93271
0.167306 -0.0123183 0.998402
0.0225912 -0.0417013 1.16567
0.0190928 0.0500538 0.835948
0.130164 0.0310885 1.04969
-0.0202899 0.0571833 1.16217
0.008052170000000001 0.164919 0.9574780000000001
0.0160112 -0.158689 0.937035
0.008441570000000001 -0.157546 1.06919
-0.107403 -0.117365 1.06679
-0.116979 0.0455725 1.11934
-0.00533007 -0.0273539 1.16828
0.0535262 0.148714 0.932437
0.117349 -0.116847 0.950265
-0.0569541 0.158284 0.984074
0.159143 -0.0287685 1.05754
0.116894 -0.105522 1.06805
-0.101677 0.0718784 1.11739
-0.161341 -0.0197408 0.9475749999999999
0.0591479 0.114957 0.88978
0.164716 -0.0426526 0.979401
-0.139704 -0.0236402 0.888368
-0.0667175 0.151214 1.01717
0.048147 0.0184691 1.16101
-0.0333618 -0.167981 1.04109
0.162073 -0.0628465 1.00372
0.07727150000000001 -0.09827230000000001 0.88245
-0.10755 -0.0636482 1.1138
0.0769031 0.0270891 1.15598
-0.157935 0.06751790000000001 0.988326
0.0509489 -0.0179861 1.16374
-0.0282831 0.00347988 0.831332
0.00872647 -0.06584520000000001 1.15795
0.146663 -0.06443840000000001 1.07105
0.0307271 0.0474647 1.16273
-0.044722 -0.0368054 1.16596
-0.0120073 0.159746 1.06509
0.154081 0.0693476 1.01388
-0.0593127 -0.08331479999999999 1.16994
0.000315468 -0.177849 1.08623
0.0437786 -0.157643 0.930748
0.0378977 0.193686 0.997012
-0.0198502 -0.0510794 1.16495
-0.129972 -0.0150144 0.851262
-0.157124 0.0380876 1.05893
-0.158267 0.00682625 0.94067
0.0918003 0.120393 1.08381
0.028725 0.07693990000000001 0.845623
-0.11101 -0.163198 1.00155
0.0349707 0.160528 1.04934
0.0984322 0.07773620000000001 0.88332
0.115966 -0.133461 1.0135
0.100347 0.13663 0.977505
-0.0512886 -0.0592499 1.18233
-0.0477464 0.0720075 1.15514
0.158509 -0.000659853 1.07198
-0.109474 -0.0860001 1.14086
-0.00795919 0.138428 1.14141
-0.06427670000000001 -0.0624477 0.849988
-0.162556 -0.00754339 0.887556
-0.0965274 -0.125224 0.881062
-0.0216272 -0.0800245 0.8196909999999999
-0.0372643 0.08928469999999999 1.17316
0.0216048 0.0989988 0.829468
0.06979440000000001 0.0892583 1.16264
0.09082270000000001 0.09334679999999999 0.986729
-0.00792232 -0.07883130000000001 0.853687
0.101451 0.0217496 1.10165
0.139452 0.0386353 0.9127459999999999
0.110476 0.0701726 1.0682
-0.147536 0.0411659 1.1253

CELLS 4730 23650
4 211 952 792 820
4 1006 506 170 550
4 285 970 899 913
4 595 261 248 277
4 743 582 991 589
4 967 230 255 978
4 238 568 287 241
4 202 955 162 193
4 997 986 785 979
4 234 249 558 247
4 266 256 220 833
4 233 881 222 816
4 640 368 386 389
4 361 1013 338 847
4 139 635 634 831
4 393 403 999 948
4 944 956 597 746
4 181 822 811 169
4 819 423 418 728
4 785 486 986 926
4 178 756 191 218
4 818 567 222 244
4 707 133 673 631
4 707 133 631 139
4 324 327 634 940
4 942 647 837 828
4 881 883 816 925
4 378 347 884 356
4 600 261 239 817
4 96 910 66 467
4 326 859 608 341
4 326 608 790 341
4 824 155 197 161
4 1009 687 630 624
4 1009 687 624 625
4 381 387 643 369
4 381 643 1012 369
4 508 155 161 126
4 975 191 178 756
4 191 975 178 166
4 191 795 975 166
4 191 756 975 795
4 939 633 689 996
4 939 633 630 689
4 341 615 305 293
4 238 865 225 561
4 238 225 865 188
4 607 315 960 328
4 146 856 101 131
4 380 650 905 837
4 380 837 905 871
4 192 555 164 980
4 174 555 164 192
4 144 827 103 109
4 153 472 925 876
4 153 876 925 516
4 438 65 83 102
4 652 673 631 707
4 652 635 707 631
4 139 635 631 707
4 172 834 137 157
4 595 277 248 1008
4 830 300 996 633
4 804 637 350 786
4 906 1013 652 673
4 906 948 1013 673
4 652 1013 631 673
4 1011 760 132 627
4 553 554 655 669
4 274 302 838 301
4 336 304 321 994
4 900 335 325 308
4 205 947 756 218
4 218 205 947 245
4 288 842 315 320
4 367 821 347 344
4 344 821 649 367
4 554 217 221 993
4 554 849 217 993
4 352 350 371 786
4 786 637 350 371
4 636 371 786 352
4 371 637 636 786
4 34 909 24 46
4 34 988 24 909
4 358 345 977 376
4 366 636 867 342
4 345 897 358 977
4 991 240 243 273
4 589 991 243 273
4 589 273 582 991
4 396 397 964 406
4 396 964 397 389
4 11 412 32 31
4 399 828 871 381
4 978 251 588 936
4 905 828 1012 871
4 344 628 307 337
4 687 592 1009 591
4 687 1009 630 591
4 591 592 1009 689
4 32 11 19 416
4 32 11 416 412
4 508 862 126 507
4 171 986 997 202
4 646 948 648 672
4 784 948 646 672
4 508 706 895 509
4 895 509 706 503
4 175 142 510 164
4 164 980 510 175
4 152 142 510 175
4 175 858 510 152
4 403 906 379 390
4 1005 188 1010 165
4 974 916 581 621
4 66 467 68 96
4 158 512 198 195
4 270 288 320 602
4 174 196 555 192
4 310 621 344 347
4 344 307 628 621
4 310 344 621 307
4 467 66 68 931
4 821 621 347 344
4 431 992 55 82
4 344 628 821 621
4 622 305 835 279
4 835 582 682 622
4 835 808 615 305
4 835 615 808 682
4 600 880 221 599
4 721 723 547 546
4 721 503 547 723
4 881 925 816 516
4 925 153 516 881
4 776 464 930 458
4 967 935 978 588
4 966 466 68 89
4 878 40 909 46
4 907 48 19 41
4 417 907 48 19
4 416 19 30 7
4 417 30 19 48
4 417 416 907 19
4 417 416 19 30
4 988 13 6 24
4 988 14 24 6
4 758 607 566 757
4 838 607 757 566
4 838 607 566 86
4 414 840 419 962
4 12 840 414 962
4 727 840 419 414
4 341 790 373 643
4 373 353 643 369
4 341 808 643 353
4 341 808 790 643
4 17 219 203 246
4 17 246 203 212
4 49 429 36 45
4 836 45 428 429
4 428 429 45 23
4 49 836 429 45
4 139 707 634 635
4 1009 707 634 139
4 632 885 317 853
4 941 710 523 480
4 710 1010 941 523
4 480 941 710 473
4 710 473 941 1010
4 935 666 132 581
4 935 132 967 581
4 78 110 892 1004
4 78 892 434 1004
4 919 110 1004 892
4 919 892 1004 434
4 54 411 60 37
4 55 411 37 60
4 411 432 789 60
4 55 432 411 60
4 411 54 60 789
4 282 614 294 916
4 85 64 894 71
4 223 248 1008 595
4 215 261 248 595
4 159 204 190 522
4 190 222 522 204
4 417 48 50 30
4 312 868 346 326
4 312 868 899 346
4 312 899 319 346
4 242 559 879 872
4 872 757 559 879
4 879 757 559 777
4 189 501 544 179
4 189 149 501 179
4 453 699 827 494
4 453 702 699 494
4 772 505 773 504
4 772 548 773 549
4 772 505 549 773
4 215 595 817 261
4 852 972 628 917
4 51 40 931 66
4 878 40 66 931
4 918 600 275 260
4 428 45 33 23
4 405 904 406 408
4 295 289 264 601
4 295 601 264 850
4 144 832 124 166
4 838 567 86 662
4 838 86 566 662
4 555 196 239 221
4 599 993 221 250
4 345 841 638 364
4 74 40 878 46
4 74 40 66 878
4 859 293 608 341
4 859 608 293 287
4 989 419 418 728
4 728 726 419 418
4 874 873 635 990
4 948 379 361 649
4 755 940 651 650
4 365 651 940 650
4 252 818 222 244
4 274 818 252 244
4 274 818 838 252
4 784 627 760 1011
4 241 805 208 214
4 301 607 331 328
4 870 861 629 938
4 629 630 686 861
4 870 861 630 629
4 600 260 221 239
4 600 260 874 221
4 338 632 334 847
4 238 206 1010 844
4 238 1010 865 844
4 331 884 914 356
4 358 884 897 331
4 897 613 331 884
4 884 356 377 378
4 906 981 673 652
4 282 268 310 621
4 282 621 974 268
4 855 297 785 479
4 904 645 945 809
4 307 317 628 284
4 307 628 317 337
4 292 838 560 252
4 872 271 292 560
4 948 379 649 367
4 363 649 379 367
4 393 379 948 367
4 380 837 871 391
4 317 277 853 917
4 156 166 795 191
4 300 308 335 633
4 349 635 940 652
4 349 635 327 940
4 349 940 327 359
4 324 327 298 634
4 310 322 621 347
4 322 621 347 794
4 282 322 621 310
4 282 614 621 322
4 614 621 322 794
4 996 300 634 324
4 349 635 652 847
4 652 635 631 847
4 349 847 330 635
4 330 847 990 635
4 847 631 990 635
4 345 343 841 364
4 276 633 300 257
4 830 956 597 866
4 343 804 841 364
4 343 841 804 995
4 961 464 355 458
4 124 439 100 119
4 866 944 956 597
4 124 119 1002 439
4 307 972 628 621
4 268 307 621 972
4 467 803 966 372
4 31 411 54 37
4 31 411 412 54
4 411 412 54 789
4 689 1009 996 634
4 71 45 53 428
4 71 45 428 836
4 164 980 511 510
4 164 142 510 875
4 164 511 875 510
4 685 582 583 743
4 685 743 590 589
4 685 582 743 589
4 168 145 144 839
4 145 793 839 168
4 338 847 334 361
4 316 338 317 632
4 334 632 338 316
4 632 317 885 338
4 544 537 991 743
4 375 906 390 379
4 906 981 652 375
4 906 981 375 390
4 487 795 713 480
4 480 795 713 523
4 487 795 530 713
4 713 795 530 523
4 649 1013 338 361
4 649 338 885 337
4 649 885 338 1013
4 628 337 649 885
4 649 627 885 1013
4 628 885 649 627
4 110 919 130 136
4 130 110 1004 919
4 130 912 136 919
4 743 582 537 991
4 582 934 537 947
4 582 934 740 537
4 582 740 743 537
4 991 582 537 947
4 403 390 981 906
4 970 562 603 676
4 775 774 443 444
4 444 763 774 443
4 444 764 763 443
4 274 914 838 567
4 994 869 622 321
4 623 869 622 994
4 685 994 623 622
4 360 321 869 336
4 891 82 63 90
4 447 819 446 788
4 825 63 891 82
4 120 453 84 103
4 508 126 121 155
4 862 126 121 508
4 213 812 201 186
4 590 963 896 17
4 301 838 274 914
4 622 304 321 273
4 417 48 62 50
4 417 48 72 62
4 417 72 971 62
4 797 50 417 62
4 301 914 331 607
4 301 607 838 914
4 623 808 869 1012
4 346 368 937 357
4 70 836 803 49
4 70 836 466 803
4 1012 353 869 360
4 447 696 440 788
4 447 788 440 726
4 447 697 726 440
4 447 440 696 697
4 362 906 847 652
4 861 686 685 623
4 629 861 686 685
4 861 754 686 623
4 360 869 1012 938
4 360 938 1012 871
4 938 871 360 336
4 980 554 555 773
4 980 554 221 555
4 589 991 228 243
4 555 782 554 880
4 555 554 221 880
4 623 1012 869 938
4 650 754 870 905
4 553 554 858 655
4 922 856 506 355
4 457 427 458 776
4 765 908 458 457
4 457 766 776 458
4 437 438 762 763
4 403 809 981 400
4 299 260 874 990
4 383 651 380 837
4 275 990 260 299
4 990 918 275 260
4 260 918 874 990
4 831 250 874 286
4 874 635 831 286
4 300 298 634 324
4 380 351 650 365
4 106 762 433 953
4 106 433 762 854
4 762 108 106 127
4 127 106 762 150
4 94 439 100 124
4 958 799 509 508
4 508 723 799 509
4 364 638 382 370
4 370 637 638 382
4 869 329 622 321
4 622 329 305 321
4 605 749 804 786
4 804 786 749 637
4 804 670 749 605
4 978 251 255 588
4 967 978 255 588
4 255 588 972 967
4 107 958 121 160
4 902 385 637 371
4 206 1005 844 184
4 844 1005 941 184
4 834 998 157 949
4 624 623 752 683
4 624 623 683 686
4 624 752 623 754
4 624 754 623 686
4 68 466 70 89
4 68 466 803 70
4 381 828 643 387
4 164 555 511 980
4 555 810 511 773
4 174 555 511 164
4 980 555 511 773
4 174 511 555 810
4 869 353 321 360
4 869 329 321 353
4 816 881 222 190
4 768 471 472 762
4 477 471 768 762
4 478 768 472 762
4 366 342 867 357
4 365 340 351 939
4 650 939 365 351
4 574 573 662 664
4 574 98 86 573
4 292 288 842 315
4 215 595 248 223
4 755 630 1009 650
4 970 899 603 319
4 650 630 1009 939
4 245 240 947 279
4 510 509 655 372
4 655 509 503 372
4 915 568 805 241
4 947 802 756 218
4 947 245 802 218
4 329 305 341 808
4 947 802 245 835
4 788 439 413 58
4 58 100 439 79
4 58 439 892 79
4 788 439 58 94
4 74 464 104 73
4 538 545 744 743
4 744 545 590 743
4 632 761 873 631
4 847 631 1013 632
4 632 873 990 631
4 847 631 632 990
4 1013 626 631 673
4 631 626 761 133
4 631 673 626 133
4 98 794 620 621
4 620 794 1011 621
4 620 621 1011 132
4 821 1011 794 621
4 438 478 762 763
4 477 768 478 762
4 763 478 762 477
4 346 368 868 937
4 477 768 769 478
4 763 769 478 477
4 746 545 546 722
4 552 722 551 746
4 746 722 551 545
4 552 746 546 722
4 149 793 145 168
4 189 149 168 793
4 737 568 523 575
4 915 575 802 568
4 915 802 805 568
4 523 568 805 802
4 523 568 802 575
4 557 733 732 513
4 518 732 733 513
4 557 563 732 733
4 622 835 582 279
4 947 240 991 279
4 279 240 991 273
4 835 947 582 279
4 622 279 582 273
4 530 802 756 947
4 348 380 870 905
4 348 380 905 871
4 348 351 870 380
4 198 226 512 231
4 195 512 198 226
4 796 226 556 512
4 195 226 796 512
4 231 556 226 512
4 881 153 516 185
4 153 185 876 516
4 153 876 185 148
4 865 826 226 225
4 444 485 297 763
4 444 485 763 764
4 444 485 306 297
4 764 485 306 444
4 198 194 512 158
4 737 530 575 523
4 737 530 740 575
4 414 726 727 441
4 727 726 419 448
4 414 726 419 727
4 727 726 448 441
4 984 289 265 263
4 425 791 424 729
4 425 973 731 424
4 425 973 424 791
4 731 424 729 425
4 948 626 1013 673
4 948 673 672 626
4 784 672 626 948
4 784 626 1013 948
4 544 896 545 743
4 620 580 132 760
4 871 828 1012 381
4 601 264 850 557
4 318 601 295 850
4 295 601 332 311
4 984 557 850 264
4 992 854 118 432
4 564 733 563 675
4 733 557 563 675
4 564 733 675 558
4 886 977 376 384
4 886 384 642 977
4 638 886 977 376
4 384 642 945 886
4 886 642 638 977
4 129 943 154 116
4 510 554 655 858
4 980 554 773 510
4 776 878 464 463
4 910 464 878 463
4 776 464 766 463
4 766 464 767 463
4 910 464 463 767
4 318 332 295 601
4 425 973 882 731
4 973 731 429 882
4 659 882 429 731
4 845 402 406 397
4 904 402 405 406
4 524 710 711 481
4 524 713 481 714
4 977 959 384 642
4 590 686 591 744
4 590 688 591 686
4 590 688 746 591
4 370 637 350 804
4 83 108 106 762
4 285 267 913 262
4 285 970 913 267
4 667 592 669 593
4 139 593 592 133
4 593 669 139 592
4 842 606 757 607
4 758 757 606 607
4 607 960 842 606
4 607 783 960 606
4 758 606 783 607
4 229 42 193 201
4 331 294 914 301
4 6 814 0 5
4 5 1 814 0
4 824 551 183 212
4 944 551 824 212
4 197 824 183 212
4 944 824 197 212
4 1009 133 673 707
4 1009 133 625 673
4 673 1009 755 625
4 457 339 659 463
4 457 463 659 776
4 457 776 766 463
4 302 315 607 328
4 292 560 271 252
4 271 560 233 252
4 376 638 382 364
4 199 813 176 207
4 290 851 249 247
4 290 249 850 283
4 763 478 485 297
4 763 485 478 769
4 297 478 485 392
4 485 769 392 478
4 884 999 367 378
4 884 977 377 358
4 852 632 627 761
4 632 627 761 1013
4 632 885 627 1013
4 632 627 885 852
4 282 322 294 614
4 708 468 801 512
4 517 801 708 474
4 708 801 468 474
4 54 953 412 59
4 54 789 412 953
4 54 77 953 59
4 259 232 567 244
4 54 77 789 953
4 702 495 699 494
4 716 495 719 494
4 702 495 494 719
4 132 972 628 852
4 976 946 529 955
4 28 35 887 52
4 223 200 215 817
4 223 215 595 817
4 508 824 799 552
4 508 824 552 722
4 508 723 552 799
4 836 462 731 461
4 706 704 462 461
4 567 522 222 204
4 193 162 806 955
4 162 979 806 955
4 986 955 979 162
4 986 955 162 202
4 35 413 414 887
4 887 35 28 414
4 887 724 413 414
4 414 413 726 724
4 414 413 35 726
4 54 59 412 31
4 153 472 108 134
4 387 845 373 386
4 387 845 386 397
4 816 190 222 522
4 420 840 727 415
4 657 727 415 420
4 77 60 433 97
4 789 60 433 77
4 624 686 584 687
4 687 630 686 591
4 624 686 687 630
4 754 623 938 1012
4 754 1012 752 623
4 905 754 938 1012
4 647 1012 752 754
4 647 754 905 1012
4 591 1009 630 689
4 688 689 591 630
4 688 633 689 630
4 558 249 850 851
4 290 318 851 995
4 940 340 939 996
4 940 939 1009 996
4 811 553 822 849
4 723 866 552 799
4 510 554 773 655
4 183 163 203 551
4 551 163 203 896
4 551 507 163 943
4 723 655 858 509
4 723 553 799 811
4 723 866 799 553
4 723 553 858 655
4 99 787 921 452
4 843 888 415 4
4 787 921 452 323
4 147 479 855 113
4 38 43 410 63
4 410 63 43 863
4 38 63 410 55
4 410 825 55 63
4 410 63 863 825
4 185 516 224 983
4 374 519 709 476
4 374 709 470 476
4 106 97 433 854
4 374 519 514 709
4 38 29 55 410
4 858 723 509 811
4 723 655 503 547
4 553 723 858 811
4 723 655 509 503
4 553 655 723 547
4 262 561 238 225
4 111 80 445 93
4 977 377 358 376
4 115 158 468 889
4 115 469 889 468
4 518 517 711 735
4 735 517 711 524
4 608 287 859 312
4 690 883 816 881
4 360 938 336 869
4 17 212 944 246
4 237 212 246 944
4 17 944 956 246
4 237 944 246 956
4 423 44 27 39
4 986 955 976 529
4 487 975 795 832
4 487 832 795 480
4 730 428 731 461
4 836 428 864 461
4 836 731 428 461
4 730 461 864 428
4 447 728 448 700
4 438 83 108 102
4 728 700 454 455
4 447 700 454 728
4 728 455 448 700
4 884 367 347 378
4 821 347 794 884
4 884 821 347 367
4 42 581 967 974
4 719 545 720 538
4 719 720 545 502
4 836 462 429 731
4 62 80 93 445
4 803 429 462 659
4 836 462 803 429
4 855 785 113 479
4 37 18 411 29
4 1000 65 438 102
4 877 65 438 971
4 423 829 27 44
4 829 25 27 44
4 31 411 37 18
4 206 238 1010 188
4 4 888 415 11
4 704 731 462 461
4 704 455 731 461
4 456 731 462 704
4 575 934 682 835
4 575 915 835 682
4 71 92 465 85
4 565 606 69 81
4 565 757 69 606
4 565 757 606 758
4 565 758 606 81
4 426 800 988 882
4 424 20 27 9
4 424 890 27 20
4 423 27 424 890
4 423 27 829 424
4 424 829 9 27
4 804 637 749 670
4 749 670 641 611
4 605 670 749 611
4 749 637 641 670
4 280 278 476 477
4 477 374 476 388
4 136 473 165 119
4 555 773 554 782
4 782 548 549 773
4 555 782 549 773
4 510 504 372 655
4 510 773 504 655
4 510 372 504 767
4 510 767 504 773
4 146 170 506 131
4 152 811 509 140
4 966 509 140 152
4 107 958 140 509
4 140 811 509 958
4 823 470 151 141
4 27 9 25 829
4 829 9 25 989
4 294 914 614 322
4 614 322 914 794
4 322 356 914 794
4 807 513 194 180
4 655 554 773 548
4 782 773 554 548
4 655 554 548 669
4 548 669 554 782
4 36 429 23 45
4 198 231 512 194
4 813 151 469 180
4 710 473 1010 801
4 710 865 801 1010
4 114 82 992 431
4 667 669 548 593
4 473 1010 801 165
4 781 548 782 593
4 593 782 669 548
4 193 42 229 955
4 229 955 42 946
4 272 589 228 243
4 115 468 158 130
4 985 266 833 227
4 833 266 866 227
4 266 227 257 866
4 404 529 536 927
4 536 664 933 529
4 536 529 933 955
4 536 927 529 955
4 719 495 720 502
4 702 495 719 502
4 702 502 703 495
4 703 502 720 495
4 594 761 632 852
4 918 632 594 873
4 594 761 873 632
4 594 852 632 853
4 594 918 853 632
4 524 713 710 481
4 713 480 710 481
4 524 710 713 523
4 713 710 480 523
4 369 353 643 1012
4 1012 643 808 353
4 991 279 273 582
4 589 273 622 582
4 589 273 860 622
4 323 765 458 499
4 355 323 458 499
4 499 355 766 458
4 443 656 280 437
4 656 774 437 443
4 774 763 437 443
4 387 828 399 381
4 832 941 795 480
4 428 23 33 20
4 428 890 20 33
4 428 890 424 20
4 424 791 20 9
4 840 415 843 888
4 977 884 897 358
4 791 814 843 420
4 688 633 597 689
4 688 689 597 591
4 596 493 323 492
4 500 596 323 499
4 596 492 323 499
4 500 493 323 596
4 447 699 700 488
4 700 495 699 454
4 447 700 699 454
4 781 586 593 761
4 761 586 593 133
4 733 557 675 558
4 675 558 557 850
4 733 558 807 557
4 557 807 850 558
4 675 557 601 850
4 836 731 429 428
4 973 23 429 428
4 428 429 973 731
4 832 941 480 1002
4 565 69 660 564
4 79 439 892 119
4 661 564 565 660
4 565 81 69 564
4 79 439 119 100
4 190 522 816 159
4 147 479 159 816
4 690 816 159 190
4 159 816 479 522
4 919 115 130 468
4 232 574 976 946
4 259 232 258 574
4 232 946 258 574
4 232 567 574 259
4 232 574 567 976
4 536 664 535 666
4 581 580 664 666
4 666 580 664 535
4 38 29 410 26
4 291 900 325 308
4 825 431 55 82
4 165 1010 801 188
4 331 914 294 322
4 331 356 914 322
4 78 928 434 892
4 428 33 53 890
4 929 864 460 64
4 87 64 460 894
4 64 87 460 75
4 64 460 929 75
4 64 864 460 894
4 58 413 965 35
4 12 414 10 26
4 38 410 43 26
4 551 163 507 183
4 824 183 551 507
4 824 507 161 183
4 183 163 507 161
4 877 59 41 32
4 907 32 877 41
4 519 388 712 476
4 476 483 388 712
4 519 388 526 712
4 313 635 286 298
4 313 635 298 327
4 831 286 635 298
4 831 635 634 298
4 298 327 635 634
4 672 626 625 117
4 673 625 672 626
4 673 625 626 133
4 424 428 20 973
4 909 882 988 24
4 702 719 501 502
4 671 641 645 642
4 646 648 645 672
4 738 569 570 735
4 339 504 372 463
4 766 504 463 767
4 767 372 504 463
4 207 247 234 792
4 813 558 234 850
4 624 752 754 647
4 753 755 647 624
4 670 638 783 606
4 670 642 612 783
4 670 638 642 783
4 447 696 788 446
4 544 228 896 991
4 544 896 743 991
4 926 486 529 392
4 986 529 486 927
4 986 486 529 926
4 404 529 927 486
4 507 128 126 161
4 523 530 802 795
4 523 805 795 802
4 109 94 920 446
4 523 530 575 802
4 349 847 652 362
4 349 330 847 362
4 914 613 607 86
4 586 117 626 760
4 619 117 760 626
4 964 640 902 641
4 641 749 751 640
4 641 902 749 640
4 641 640 751 903
4 964 640 641 903
4 424 419 989 728
4 424 989 419 791
4 729 791 424 419
4 424 419 728 729
4 276 956 257 237
4 257 956 866 237
4 552 723 722 546
4 508 723 722 552
4 339 462 372 503
4 893 798 454 929
4 503 704 462 706
4 987 446 94 109
4 518 733 709 513
4 709 514 733 519
4 259 916 574 258
4 258 946 974 574
4 258 574 974 916
4 670 886 641 642
4 641 642 886 945
4 646 945 642 645
4 909 40 430 24
4 24 430 22 40
4 735 562 563 732
4 732 563 674 562
4 674 563 677 562
4 562 735 563 677
4 431 432 118 846
4 431 692 432 846
4 431 692 436 432
4 520 519 374 388
4 520 661 660 519
4 128 862 923 507
4 121 155 958 508
4 183 203 212 551
4 551 896 943 163
4 704 462 339 503
4 551 17 203 212
4 456 462 339 704
4 497 339 503 704
4 184 805 214 191
4 552 944 824 950
4 475 474 711 708
4 508 722 705 507
4 518 711 517 708
4 711 474 517 708
4 475 711 518 708
4 283 264 249 850
4 850 264 249 235
4 302 607 315 292
4 292 842 607 315
4 302 838 607 292
4 862 705 507 508
4 70 836 71 92
4 92 465 836 71
4 520 777 521 768
4 769 521 768 520
4 520 778 521 777
4 769 778 521 520
4 670 783 612 606
4 758 612 606 81
4 81 606 670 612
4 758 612 783 606
4 574 98 573 664
4 581 580 98 664
4 1006 506 146 170
4 574 98 664 581
4 660 558 514 733
4 519 564 660 733
4 519 733 660 514
4 660 558 733 564
4 719 743 545 538
4 544 545 719 743
4 719 537 743 538
4 544 743 719 537
4 475 711 712 518
4 482 711 712 475
4 750 643 752 644
4 845 828 643 644
4 845 644 643 750
4 644 643 752 1012
4 744 591 590 746
4 744 545 546 746
4 744 746 590 545
4 744 746 546 591
4 457 766 339 463
4 766 504 339 463
4 498 339 457 766
4 980 217 554 849
4 980 217 221 554
4 175 217 980 849
4 192 217 221 980
4 192 980 175 217
4 764 444 775 443
4 764 775 450 443
4 764 444 451 775
4 51 40 430 931
4 849 833 553 822
4 24 909 40 46
4 878 40 931 430
4 555 239 196 817
4 458 930 961 464
4 519 736 661 564
4 776 930 464 878
4 519 736 526 661
4 863 434 78 928
4 550 1001 170 200
4 966 107 466 89
4 362 847 906 361
4 363 379 649 361
4 365 651 359 940
4 365 940 359 340
4 105 510 152 142
4 49 429 51 36
4 875 924 767 511
4 125 511 924 875
4 571 681 95 611
4 95 612 81 611
4 81 612 670 611
4 95 611 671 612
4 174 1001 555 196
4 192 196 555 221
4 661 571 663 572
4 572 95 81 571
4 131 856 810 506
4 417 774 907 416
4 417 775 774 416
4 422 30 416 417
4 665 578 117 579
4 834 500 998 949
4 913 676 899 608
4 543 812 978 949
4 550 506 654 998
4 921 493 834 135
4 57 80 452 99
4 99 111 80 452
4 57 908 47 1014
4 123 445 785 1000
4 452 486 979 445
4 87 116 460 91
4 87 923 460 116
4 387 643 369 373
4 1007 544 228 179
4 228 544 896 179
4 101 464 104 856
4 224 560 879 932
4 992 97 433 60
4 163 943 507 128
4 288 602 270 872
4 288 602 842 320
4 970 314 603 848
4 120 827 453 103
4 149 154 501 179
4 119 1002 165 143
4 945 959 642 384
4 370 637 382 385
4 370 371 637 385
4 370 637 371 350
4 131 511 924 125
4 85 465 894 862
4 365 651 383 359
4 56 427 1014 34
4 88 459 922 122
4 639 354 868 790
4 497 701 704 496
4 129 154 501 149
4 129 149 501 120
4 525 735 711 524
4 525 738 735 524
4 538 744 539 741
4 313 635 299 286
4 313 635 330 299
4 335 633 996 300
4 91 120 893 84
4 91 84 893 61
4 272 273 589 243
4 272 589 963 254
4 897 607 960 328
4 299 990 874 635
4 299 635 874 286
4 147 159 479 113
4 294 614 914 916
4 275 239 600 261
4 853 632 918 275
4 275 260 600 239
4 919 468 691 115
4 987 67 819 446
4 435 441 694 724
4 325 629 291 281
4 335 870 348 351
4 325 296 629 281
4 74 464 930 878
4 74 464 910 104
4 862 923 507 705
4 986 529 927 955
4 772 771 541 542
4 853 632 316 317
4 375 349 652 362
4 312 899 608 285
4 365 383 651 380
4 1009 687 133 592
4 1009 133 139 592
4 715 525 526 712
4 571 570 678 736
4 490 698 489 715
4 28 962 414 35
4 744 741 583 584
4 35 52 413 887
4 686 583 683 584
4 584 686 583 744
4 887 414 28 26
4 50 422 47 57
4 1003 829 25 989
4 1003 726 418 962
4 482 483 712 715
4 715 698 482 483
4 368 937 901 639
4 751 618 617 681
4 751 753 617 618
4 684 753 618 617
4 299 635 330 990
4 325 296 994 629
4 781 548 593 667
4 781 586 667 593
4 611 641 751 671
4 751 618 671 645
4 751 641 645 671
4 366 371 636 352
4 213 230 978 255
4 213 251 255 978
4 994 629 860 685
4 304 622 860 273
4 443 280 763 437
4 437 477 280 763
4 443 280 484 763
4 296 629 860 994
4 78 434 863 891
4 456 455 731 704
4 456 455 729 731
4 701 455 729 456
4 704 455 701 456
4 363 649 338 361
4 363 338 649 337
4 760 780 587 586
4 781 586 761 587
4 652 940 359 651
4 652 940 349 359
4 585 625 117 684
4 518 519 709 733
4 712 709 518 519
4 366 352 636 342
4 518 736 519 733
4 541 542 780 781
4 781 587 780 586
4 106 77 433 97
4 905 647 1012 828
4 644 1012 647 828
4 309 449 701 490
4 314 603 319 970
4 999 393 367 378
4 999 948 367 393
4 745 592 547 667
4 292 842 757 607
4 721 653 547 503
4 497 653 721 503
4 345 638 977 376
4 345 364 638 376
4 76 459 112 99
4 372 706 503 462
4 372 509 706 466
4 372 706 462 466
4 372 509 503 706
4 88 112 459 122
4 112 459 921 99
4 682 616 683 576
4 682 623 583 683
4 682 616 623 683
4 608 859 326 312
4 608 285 287 312
4 146 131 506 856
4 712 525 526 736
4 712 736 519 518
4 146 922 998 122
4 712 526 519 736
4 653 548 547 655
4 667 547 548 669
4 655 669 548 547
4 368 868 639 354
4 258 974 268 282
4 236 974 268 258
4 313 349 330 635
4 313 327 349 635
4 538 717 539 720
4 720 717 496 495
4 945 969 641 964
4 188 801 865 1010
4 629 994 861 685
4 685 861 623 994
4 127 153 472 108
4 127 472 153 148
4 498 653 497 339
4 895 503 721 723
4 723 509 895 503
4 316 632 853 275
4 863 928 724 434
4 724 441 725 435
4 301 302 838 607
4 301 328 302 607
4 87 460 75 91
4 75 91 460 893
4 75 893 460 929
4 153 134 690 883
4 929 730 460 864
4 136 110 473 119
4 126 507 862 128
4 92 465 85 862
4 782 669 554 599
4 553 669 599 554
4 880 554 599 782
4 899 603 319 937
4 312 608 868 326
4 85 923 87 128
4 85 862 923 128
4 133 625 626 117
4 585 117 133 586
4 585 625 133 117
4 133 117 626 586
4 195 226 225 865
4 188 865 195 225
4 763 477 280 484
4 763 769 477 484
4 477 769 388 484
4 42 536 806 812
4 591 689 747 592
4 747 598 689 597
4 591 747 689 597
4 747 689 598 592
4 987 788 94 446
4 94 446 439 920
4 788 439 94 446
4 380 650 870 905
4 696 439 788 446
4 920 439 696 446
4 308 300 276 633
4 655 504 372 503
4 339 372 504 503
4 653 504 503 339
4 653 504 655 503
4 541 653 667 540
4 667 548 547 653
4 95 618 619 671
4 619 672 618 117
4 831 993 599 250
4 599 250 874 831
4 123 445 1000 93
4 123 111 445 93
4 809 646 959 999
4 346 868 368 354
4 368 354 639 373
4 368 639 386 373
4 775 657 443 416
4 450 775 421 657
4 775 416 421 657
4 450 657 443 775
4 772 548 504 773
4 655 773 504 548
4 307 628 972 284
4 653 504 548 655
4 525 714 738 524
4 738 532 531 714
4 906 375 652 362
4 524 738 531 714
4 795 802 756 530
4 795 802 191 756
4 721 496 718 497
4 540 718 721 539
4 736 571 661 564
4 571 736 678 564
4 571 81 564 678
4 771 765 491 492
4 639 748 937 901
4 498 765 771 499
4 499 765 771 492
4 59 32 412 31
4 520 519 660 374
4 660 514 515 374
4 660 519 514 374
4 520 660 515 374
4 1009 139 689 592
4 360 1012 381 871
4 689 139 634 598
4 592 139 689 598
4 1009 139 634 689
4 659 882 731 425
4 659 429 462 731
4 456 425 659 731
4 456 731 659 462
4 145 793 827 839
4 975 530 487 795
4 756 530 975 795
4 756 530 839 975
4 975 530 839 487
4 895 706 704 503
4 303 449 657 450
4 450 657 658 449
4 309 449 450 658
4 955 933 536 42
4 725 442 441 727
4 725 442 695 441
4 698 441 442 727
4 698 448 727 449
4 701 449 729 448
4 538 545 720 744
4 538 744 720 539
4 744 545 720 546
4 562 796 556 732
4 716 713 531 488
4 488 713 531 714
4 716 488 531 717
4 498 339 766 504
4 205 178 218 756
4 498 504 653 339
4 498 504 766 772
4 837 650 905 647
4 647 754 650 905
4 755 650 837 647
4 828 644 845 904
4 870 325 629 900
4 725 436 442 656
4 725 436 695 442
4 656 280 436 442
4 442 695 280 436
4 338 632 847 1013
4 1007 544 179 189
4 334 632 990 847
4 334 990 632 316
4 274 567 818 244
4 259 567 274 244
4 815 421 6 7
4 301 914 274 259
4 301 914 259 294
4 133 593 592 667
4 133 586 593 667
4 133 586 667 585
4 265 289 984 264
4 557 601 264 289
4 984 557 264 289
4 844 941 523 795
4 184 844 214 805
4 844 523 805 795
4 184 844 805 795
4 844 184 941 795
4 472 108 762 127
4 127 762 472 150
4 745 667 585 592
4 133 667 592 585
4 745 585 687 592
4 687 585 133 592
4 618 117 625 684
4 684 625 618 753
4 618 672 625 117
4 776 766 464 458
4 171 202 204 976
4 171 159 522 204
4 541 586 667 781
4 541 781 780 586
4 541 780 665 586
4 586 117 760 579
4 586 579 780 665
4 586 665 117 579
4 760 579 780 586
4 826 562 561 865
4 826 562 970 561
4 561 865 562 734
4 561 562 970 676
4 561 562 676 734
4 759 580 98 620
4 573 613 759 98
4 759 613 620 98
4 666 588 132 587
4 132 588 852 587
4 668 595 588 587
4 700 489 488 717
4 700 495 496 717
4 725 442 415 656
4 725 415 442 727
4 656 442 415 657
4 657 415 727 442
4 906 1013 847 652
4 652 631 1013 847
4 49 836 803 429
4 538 583 743 744
4 538 740 743 583
4 538 583 741 740
4 538 741 583 744
4 844 734 865 561
4 963 688 17 590
4 982 479 159 113
4 982 986 785 997
4 668 588 666 587
4 543 668 666 542
4 543 588 666 668
4 954 787 57 908
4 565 778 566 758
4 572 573 778 758
4 788 439 440 413
4 572 778 565 758
4 1003 418 726 788
4 778 573 566 758
4 566 758 86 607
4 758 86 613 573
4 566 86 758 573
4 758 613 86 607
4 8 791 1 9
4 520 388 661 519
4 424 20 791 973
4 661 527 526 388
4 519 661 526 388
4 520 388 527 661
4 770 528 535 404
4 664 779 528 535
4 738 531 576 737
4 737 531 576 740
4 576 740 531 741
4 572 663 95 571
4 663 578 579 95
4 276 246 291 956
4 291 688 956 246
4 541 665 409 540
4 665 534 409 533
4 801 468 158 512
4 180 813 151 176
4 801 158 468 912
4 914 356 884 794
4 538 717 741 539
4 741 532 717 531
4 538 717 531 741
4 919 473 693 474
4 801 473 912 474
4 710 474 473 801
4 892 919 473 693
4 710 473 474 693
4 540 665 742 585
4 540 667 585 745
4 500 654 543 596
4 500 812 596 543
4 949 543 812 500
4 500 949 543 654
4 500 998 949 654
4 779 579 663 534
4 8 814 1 791
4 425 791 814 973
4 780 579 534 665
4 680 681 617 577
4 577 683 684 617
4 819 798 447 446
4 799 553 822 811
4 801 195 512 158
4 818 567 838 662
4 932 662 818 566
4 491 303 490 398
4 398 483 484 303
4 800 5 814 6
4 409 490 491 309
4 498 309 497 409
4 1014 57 908 954
4 467 966 803 68
4 966 466 803 68
4 869 808 353 1012
4 193 172 806 162
4 921 493 135 452
4 199 216 807 235
4 984 850 557 807
4 820 514 792 813
4 9 791 1 3
4 550 506 170 1001
4 174 1001 810 555
4 160 799 187 811
4 172 812 186 201
4 199 813 180 176
4 199 813 234 235
4 558 813 807 850
4 199 813 235 807
4 940 996 1009 634
4 551 17 896 203
4 425 973 814 800
4 4 415 843 815
4 42 933 581 974
4 955 933 42 946
4 560 252 818 233
4 222 567 818 522
4 814 0 815 6
4 67 798 819 446
4 4 0 843 2
4 700 496 703 455
4 704 701 455 496
4 703 704 455 496
4 176 207 820 177
4 822 209 227 187
4 176 141 177 823
4 823 138 141 177
4 823 968 471 854
4 857 515 968 820
4 176 177 820 823
4 508 507 126 161
4 144 487 827 109
4 849 554 858 553
4 482 714 715 525
4 482 711 525 712
4 896 228 254 589
4 17 254 219 246
4 482 525 715 712
4 257 300 266 830
4 689 830 634 996
4 786 352 350 332
4 539 717 496 720
4 721 718 496 539
4 539 717 718 496
4 539 721 720 496
4 540 653 721 497
4 540 721 718 497
4 409 497 540 718
4 819 987 446 788
4 1003 418 788 819
4 831 286 298 256
4 230 42 236 201
4 209 227 833 822
4 967 581 42 935
4 236 42 229 201
4 821 794 347 621
4 746 597 688 956
4 688 956 246 17
4 804 851 786 995
4 172 834 157 186
4 172 834 186 812
4 164 511 174 125
4 234 813 199 207
4 4 815 11 415
4 7 11 4 815
4 832 156 166 795
4 903 645 945 904
4 397 845 964 406
4 205 168 178 839
4 839 178 205 756
4 178 144 839 168
4 809 407 401 945
4 814 8 1 5
4 799 187 155 160
4 799 824 950 552
4 791 420 843 419
4 296 860 629 281
4 373 387 643 845
4 845 386 639 373
4 607 960 315 842
4 960 320 345 315
4 917 277 284 317
4 917 317 284 628
4 7 815 416 11
4 21 416 30 7
4 467 931 68 803
4 6 0 815 7
4 3 1 2 843
4 989 791 962 419
4 3 843 2 12
4 843 1 2 0
4 791 1 3 843
4 791 843 3 962
4 214 238 844 206
4 241 844 238 568
4 389 640 845 386
4 151 470 823 813
4 114 118 151 846
4 114 431 118 846
4 1001 131 174 810
4 361 1013 948 649
4 4 843 0 815
4 814 843 815 0
4 980 858 175 849
4 181 220 217 849
4 855 883 479 147
4 211 820 207 177
4 211 820 792 207
4 632 853 852 885
4 736 735 525 570
4 525 570 735 738
4 525 739 570 738
4 853 277 595 917
4 739 532 577 738
4 577 741 532 742
4 744 584 539 741
4 539 741 584 742
4 438 478 297 855
4 961 464 856 355
4 101 464 856 961
4 57 422 797 50
4 280 476 388 477
4 280 483 484 388
4 280 388 484 477
4 280 483 388 476
4 553 669 598 599
4 490 398 715 533
4 409 533 490 718
4 712 483 388 526
4 483 715 398 526
4 715 483 712 526
4 715 489 532 714
4 718 532 489 717
4 739 533 663 578
4 742 533 578 665
4 715 532 533 739
4 715 739 526 525
4 541 667 665 540
4 541 586 665 667
4 540 667 665 585
4 667 586 665 585
4 398 533 534 663
4 527 526 398 663
4 553 866 747 723
4 723 866 747 552
4 742 533 718 532
4 540 742 718 539
4 744 584 745 539
4 744 591 546 745
4 736 571 526 661
4 571 663 739 526
4 661 571 526 663
4 95 578 579 117
4 95 117 619 618
4 325 629 994 938
4 325 870 629 938
4 348 325 336 938
4 348 870 325 938
4 325 994 336 938
4 518 732 563 733
4 518 736 563 735
4 518 563 732 735
4 518 733 563 736
4 314 898 603 848
4 848 603 674 898
4 524 569 738 735
4 524 734 569 735
4 524 569 734 737
4 524 569 737 738
4 738 576 741 577
4 738 531 532 741
4 738 576 531 741
4 738 741 532 577
4 262 267 913 561
4 245 205 947 240
4 765 764 450 491
4 272 963 589 860
4 716 531 530 740
4 716 537 538 740
4 716 537 740 530
4 716 531 740 538
4 585 742 578 665
4 585 684 117 578
4 585 578 117 665
4 527 779 663 534
4 527 663 398 534
4 718 717 489 496
4 700 489 717 496
4 491 303 309 490
4 309 449 303 450
4 491 309 303 450
4 309 303 449 490
4 498 309 339 497
4 498 339 309 457
4 388 483 484 398
4 388 483 398 526
4 388 398 527 526
4 491 398 490 409
4 409 534 398 533
4 491 398 409 534
4 490 409 398 533
4 434 919 691 891
4 892 439 440 693
4 696 440 439 693
4 447 446 699 696
4 91 116 460 129
4 893 460 129 91
4 893 702 129 460
4 465 894 862 705
4 708 469 468 889
4 501 544 502 719
4 508 507 824 722
4 518 735 711 525
4 518 735 525 736
4 712 711 525 518
4 712 525 736 518
4 715 714 532 525
4 525 532 739 738
4 525 714 532 738
4 715 532 739 525
4 539 532 718 717
4 539 532 717 741
4 742 532 718 539
4 539 741 742 532
4 540 665 533 742
4 665 533 409 540
4 540 533 718 742
4 409 533 718 540
4 744 546 720 539
4 539 546 720 721
4 744 745 546 539
4 541 548 781 667
4 541 653 548 667
4 680 570 681 577
4 739 577 570 738
4 52 928 413 887
4 887 413 724 928
4 577 741 742 584
4 577 584 684 683
4 1003 44 418 819
4 890 428 864 53
4 890 730 864 428
4 551 212 944 17
4 551 17 944 746
4 868 326 608 790
4 869 808 622 329
4 321 994 869 336
4 872 288 292 271
4 600 221 874 599
4 600 911 874 918
4 482 489 715 714
4 715 698 489 482
4 541 534 665 780
4 541 534 409 665
4 83 762 953 438
4 176 207 813 820
4 176 820 813 823
4 863 891 434 435
4 435 691 891 434
4 435 694 691 434
4 863 434 724 435
4 435 724 694 434
4 309 701 497 490
4 409 309 497 490
4 467 910 767 875
4 96 875 910 467
4 409 497 718 490
4 496 703 721 720
4 703 895 704 721
4 703 720 895 721
4 204 202 232 976
4 612 642 671 646
4 884 619 646 612
4 612 619 646 671
4 884 642 612 646
4 488 697 714 489
4 482 697 489 714
4 482 697 714 481
4 488 697 481 714
4 541 653 540 409
4 498 497 653 409
4 653 497 540 409
4 715 533 532 718
4 490 718 715 489
4 490 533 715 718
4 715 718 532 489
4 417 907 877 48
4 417 877 907 774
4 40 909 430 878
4 776 909 878 430
4 736 570 563 735
4 735 570 563 677
4 736 570 678 563
4 677 570 563 678
4 388 398 484 527
4 769 527 388 484
4 739 533 742 532
4 739 742 578 577
4 739 532 742 577
4 739 533 578 742
4 663 665 579 578
4 663 665 533 534
4 663 579 665 534
4 663 533 665 578
4 772 504 548 653
4 498 504 772 653
4 772 653 548 541
4 680 681 610 617
4 750 610 617 680
4 610 751 617 681
4 750 751 617 610
4 490 698 701 489
4 701 448 698 449
4 701 698 448 489
4 490 701 698 449
4 736 526 739 525
4 736 571 570 739
4 736 739 570 525
4 736 526 571 739
4 682 683 583 576
4 576 740 741 583
4 657 727 449 442
4 698 727 442 449
4 303 449 442 657
4 303 442 449 698
4 491 764 450 303
4 764 303 484 443
4 764 443 450 303
4 672 625 753 618
4 645 753 618 672
4 672 625 648 753
4 645 648 753 672
4 540 721 745 539
4 539 745 546 721
4 745 547 546 721
4 290 318 283 850
4 498 765 491 771
4 498 409 491 309
4 765 450 309 491
4 498 765 309 491
4 498 309 765 457
4 765 309 450 457
4 888 656 415 11
4 492 596 493 404
4 596 535 536 404
4 492 535 596 404
4 846 432 854 692
4 846 692 854 470
4 278 432 692 854
4 278 854 692 470
4 490 398 483 715
4 398 303 490 483
4 490 698 715 483
4 303 698 490 483
4 571 578 95 681
4 571 663 578 739
4 1000 102 438 855
4 571 578 663 95
4 497 339 704 456
4 309 701 456 497
4 339 309 456 497
4 497 704 701 456
4 715 533 398 526
4 526 533 663 739
4 715 533 526 739
4 398 533 663 526
4 700 455 701 496
4 700 701 489 496
4 700 448 489 701
4 700 455 448 701
4 527 663 779 572
4 661 572 663 527
4 932 516 233 816
4 779 534 780 579
4 779 534 535 780
4 779 780 580 579
4 779 780 535 580
4 491 398 484 303
4 491 303 484 764
4 770 484 764 491
4 52 78 863 43
4 52 863 887 43
4 550 200 223 817
4 550 200 817 1001
4 577 578 681 684
4 684 617 618 681
4 577 617 684 681
4 497 718 701 496
4 718 701 489 490
4 718 489 701 496
4 497 701 718 490
4 498 653 541 409
4 498 653 772 541
4 498 771 541 772
4 695 712 482 483
4 695 712 476 475
4 695 475 482 712
4 695 483 476 712
4 224 271 560 233
4 719 720 495 538
4 538 717 720 495
4 716 717 538 495
4 716 495 538 719
4 779 663 579 572
4 572 579 95 663
4 914 86 607 838
4 252 302 838 274
4 292 838 252 302
4 596 542 535 771
4 666 542 535 596
4 542 666 535 780
4 885 628 917 852
4 885 628 317 917
4 309 449 456 701
4 701 449 456 729
4 309 456 449 658
4 567 838 86 914
4 274 567 838 818
4 374 709 514 470
4 813 823 514 470
4 470 857 823 514
4 813 709 470 514
4 374 514 857 470
4 571 681 570 739
4 577 578 739 681
4 577 739 570 681
4 571 681 739 578
4 781 542 780 587
4 542 668 666 587
4 542 666 780 587
4 781 587 668 542
4 700 699 495 488
4 700 495 717 488
4 716 488 717 495
4 497 721 496 704
4 721 503 895 704
4 496 721 703 704
4 497 503 721 704
4 300 830 996 634
4 300 298 830 634
4 298 830 634 831
4 721 895 546 720
4 546 722 720 895
4 890 39 27 20
4 717 532 714 531
4 488 717 489 714
4 488 717 714 531
4 717 532 489 714
4 769 484 770 527
4 769 484 485 770
4 769 770 528 527
4 769 770 485 528
4 836 462 461 706
4 836 466 706 465
4 836 462 706 466
4 738 569 737 576
4 737 576 569 679
4 679 576 569 680
4 681 578 95 618
4 618 117 684 578
4 95 578 117 618
4 684 578 681 618
4 997 986 162 202
4 546 746 747 591
4 552 746 597 747
4 552 746 747 546
4 747 746 597 591
4 536 664 666 581
4 536 664 581 933
4 536 933 581 42
4 42 581 536 935
4 536 666 935 581
4 574 573 86 662
4 86 573 566 662
4 574 567 662 86
4 291 963 246 281
4 281 963 246 254
4 681 618 95 611
4 611 618 671 751
4 611 681 618 751
4 95 618 671 611
4 477 278 476 374
4 374 278 470 854
4 374 278 476 470
4 477 278 374 854
4 769 528 521 778
4 769 392 521 528
4 392 662 521 528
4 662 778 521 528
4 577 741 683 576
4 683 583 741 584
4 577 584 683 741
4 683 583 576 741
4 632 761 631 1013
4 1013 761 631 626
4 1013 626 627 761
4 771 409 534 491
4 541 409 534 771
4 498 491 409 771
4 498 771 409 541
4 404 529 664 536
4 404 528 535 664
4 404 529 528 664
4 404 664 535 536
4 516 881 233 816
4 185 224 516 881
4 932 224 233 516
4 541 780 542 771
4 541 534 780 771
4 771 542 535 780
4 771 780 535 534
4 778 527 572 661
4 520 778 565 661
4 520 527 778 661
4 778 572 565 661
4 404 486 392 529
4 485 486 392 404
4 404 528 529 392
4 485 528 404 392
4 752 643 616 808
4 752 643 808 1012
4 623 808 752 616
4 752 1012 808 623
4 897 884 783 613
4 914 794 884 613
4 738 576 577 680
4 738 570 680 577
4 569 576 738 680
4 569 570 680 738
4 695 441 482 694
4 694 697 441 482
4 716 699 495 494
4 716 495 699 488
4 487 716 699 488
4 487 699 716 494
4 779 535 770 528
4 527 770 779 534
4 527 779 770 528
4 779 770 535 534
4 98 132 621 620
4 98 580 132 620
4 581 580 132 98
4 581 132 621 98
4 423 44 39 61
4 423 929 61 39
4 44 423 798 61
4 798 61 423 929
4 944 950 237 197
4 944 237 212 197
4 937 333 603 319
4 314 603 898 333
4 314 319 603 333
4 333 867 603 898
4 937 867 603 333
4 888 840 725 414
4 725 840 727 414
4 43 863 887 410
4 410 887 724 863
4 410 724 887 414
4 482 489 697 698
4 482 698 697 441
4 726 35 962 1003
4 448 697 489 698
4 448 697 698 441
4 840 843 419 962
4 884 331 358 356
4 884 356 358 377
4 729 419 420 791
4 571 570 681 678
4 423 929 39 890
4 611 681 610 678
4 423 730 929 890
4 571 681 611 678
4 345 638 960 897
4 638 960 897 783
4 671 672 646 645
4 671 672 618 619
4 671 618 672 645
4 671 646 672 619
4 592 747 547 669
4 553 598 669 747
4 553 747 669 547
4 592 598 747 669
4 540 745 547 667
4 540 653 547 721
4 540 667 547 653
4 540 721 547 745
4 891 431 90 115
4 891 115 691 431
4 891 691 435 431
4 434 693 892 440
4 577 578 684 742
4 435 725 695 441
4 742 578 684 585
4 577 742 684 584
4 696 439 440 788
4 742 585 684 584
4 341 353 643 373
4 798 699 447 446
4 661 564 81 565
4 572 81 661 571
4 661 81 564 571
4 572 661 81 565
4 84 453 120 893
4 453 702 793 120
4 87 894 460 923
4 894 460 923 705
4 581 666 132 580
4 580 666 132 587
4 259 567 574 914
4 259 914 574 916
4 759 580 620 760
4 759 580 760 579
4 759 760 620 619
4 691 469 115 468
4 691 469 468 708
4 475 692 691 469
4 700 697 488 489
4 447 700 448 697
4 694 481 474 693
4 447 697 488 700
4 700 489 448 697
4 303 483 484 280
4 443 303 280 442
4 442 483 303 280
4 443 484 280 303
4 144 145 827 839
4 491 534 770 398
4 527 770 534 398
4 527 484 770 398
4 491 770 484 398
4 282 621 614 916
4 685 743 583 590
4 744 583 743 590
4 796 801 195 512
4 590 686 744 583
4 686 685 583 590
4 734 523 1010 710
4 524 737 523 713
4 713 531 737 530
4 713 737 523 530
4 524 531 737 713
4 624 755 647 754
4 755 650 647 754
4 755 754 630 650
4 624 754 630 755
4 544 210 991 947
4 544 947 991 537
4 680 570 610 681
4 681 570 610 678
4 677 570 678 610
4 677 610 680 570
4 670 642 641 671
4 670 611 612 671
4 670 671 641 611
4 670 671 612 642
4 896 544 943 179
4 572 579 759 95
4 572 612 95 759
4 759 612 95 619
4 778 572 527 779
4 778 528 779 527
4 778 572 779 573
4 778 528 573 779
4 491 771 770 534
4 492 771 770 491
4 771 535 770 534
4 492 535 770 771
4 574 916 86 98
4 86 914 613 614
4 86 614 613 98
4 664 580 98 573
4 573 580 98 759
4 664 573 779 580
4 810 924 131 511
4 810 505 924 511
4 556 826 263 226
4 766 765 458 457
4 499 765 458 766
4 498 765 499 766
4 498 765 766 457
4 889 512 513 194
4 708 513 889 512
4 951 732 512 513
4 732 513 708 512
4 596 536 493 404
4 404 493 927 536
4 536 493 927 806
4 806 536 493 812
4 812 536 493 596
4 740 682 583 576
4 575 682 740 576
4 740 582 583 682
4 575 934 740 682
4 517 708 801 512
4 517 801 796 512
4 732 512 708 517
4 517 796 732 512
4 714 711 481 524
4 525 711 714 524
4 482 714 525 711
4 482 481 714 711
4 590 746 688 17
4 58 965 1003 35
4 753 647 752 624
4 644 753 752 617
4 617 753 752 624
4 644 647 752 753
4 761 760 587 586
4 627 760 761 626
4 761 760 586 626
4 627 760 587 761
4 311 601 674 289
4 311 898 674 601
4 786 675 318 851
4 540 742 539 745
4 970 603 899 676
4 540 742 745 585
4 539 742 584 745
4 745 742 584 585
4 449 448 727 729
4 729 420 419 727
4 729 448 727 419
4 449 420 729 727
4 304 994 860 622
4 304 321 994 622
4 764 451 450 775
4 450 422 775 451
4 765 451 450 764
4 765 451 908 450
4 325 629 900 291
4 224 879 516 932
4 879 777 516 932
4 76 99 787 459
4 76 57 787 99
4 57 452 787 99
4 584 687 686 591
4 744 584 591 745
4 584 686 744 591
4 584 745 687 591
4 572 779 759 579
4 779 759 580 573
4 572 759 779 573
4 779 580 759 579
4 339 372 462 463
4 659 339 462 463
4 463 803 462 659
4 594 587 668 781
4 594 781 761 587
4 594 587 595 668
4 594 761 852 587
4 7 0 815 4
4 772 542 541 781
4 772 541 548 781
4 772 781 548 549
4 772 542 781 549
4 768 521 516 777
4 925 521 516 768
4 816 925 521 516
4 777 932 521 516
4 516 521 816 932
4 366 867 636 901
4 901 748 867 636
4 339 456 309 457
4 309 456 658 457
4 457 658 659 456
4 457 339 456 659
4 702 502 501 460
4 460 502 501 943
4 871 938 1012 905
4 487 446 827 109
4 487 920 696 446
4 487 696 699 446
4 487 446 699 827
4 94 100 439 58
4 58 788 94 987
4 680 576 577 683
4 680 683 577 617
4 680 616 683 617
4 680 616 576 683
4 396 945 395 407
4 395 945 401 407
4 695 698 483 482
4 695 442 698 441
4 695 441 698 482
4 695 442 483 698
4 658 449 729 456
4 658 449 420 729
4 658 729 425 456
4 658 420 425 729
4 619 117 579 760
4 95 117 579 619
4 759 579 760 619
4 759 579 619 95
4 101 922 856 146
4 836 706 461 465
4 836 465 461 894
4 465 461 894 705
4 465 461 705 706
4 709 514 513 733
4 813 514 807 513
4 813 514 513 709
4 733 514 513 807
4 950 227 237 197
4 950 197 187 227
4 877 412 59 32
4 907 877 412 774
4 46 427 909 930
4 776 427 930 909
4 910 464 767 924
4 602 842 757 872
4 918 873 990 632
4 136 912 130 167
4 919 912 473 474
4 824 161 197 183
4 880 554 221 599
4 112 459 122 921
4 817 200 215 1001
4 919 473 136 110
4 788 1003 987 58
4 263 289 848 556
4 556 848 674 289
4 292 838 757 560
4 292 872 560 757
4 561 676 970 913
4 267 970 913 561
4 274 914 567 259
4 272 860 589 273
4 853 595 852 917
4 260 918 600 874
4 435 441 695 694
4 438 762 478 855
4 83 108 762 438
4 438 478 763 297
4 971 297 445 785
4 971 445 1000 785
4 453 702 120 893
4 458 766 464 355
4 459 961 922 355
4 961 459 922 88
4 104 464 910 924
4 475 691 708 469
4 474 710 693 481
4 975 487 839 144
4 888 725 415 656
4 52 413 928 58
4 788 1003 965 726
4 417 48 877 72
4 907 48 41 877
4 56 930 427 46
4 796 556 732 512
4 523 734 1010 844
4 955 529 933 946
4 934 530 947 802
4 995 786 318 851
4 937 748 603 867
4 607 897 960 783
4 870 754 861 938
4 1013 885 338 632
4 324 996 940 634
4 362 361 334 847
4 508 155 799 824
4 799 197 155 187
4 799 155 197 824
4 799 552 950 866
4 811 799 187 822
4 184 156 795 191
4 181 220 849 209
4 74 464 878 910
4 391 942 405 400
4 405 942 408 400
4 405 942 904 408
4 214 191 805 208
4 856 924 464 104
4 195 226 865 796
4 796 865 195 801
4 267 826 561 225
4 796 826 226 865
4 57 797 80 62
4 26 29 410 888
4 10 888 29 26
4 125 924 104 96
4 125 924 96 875
4 942 809 408 400
4 400 403 809 408
4 144 975 166 178
4 178 975 839 144
4 324 940 340 359
4 839 537 947 793
4 928 78 863 52
4 982 113 785 479
4 59 65 877 41
4 181 849 822 209
4 220 833 849 209
4 980 554 858 849
4 169 181 822 209
4 869 808 329 353
4 152 509 811 858
4 864 461 894 836
4 64 864 894 71
4 233 224 881 516
4 560 233 818 932
4 932 522 222 818
4 233 816 222 932
4 932 522 816 222
4 899 868 609 937
4 891 431 82 90
4 178 756 839 975
4 903 945 406 904
4 232 229 946 202
4 91 61 893 75
4 84 61 798 893
4 406 945 396 407
4 904 399 405 402
4 822 866 950 227
4 833 227 866 822
4 407 809 408 945
4 608 293 287 915
4 893 61 929 75
4 947 205 210 240
4 312 608 899 868
4 870 380 351 650
4 405 942 391 399
4 405 942 399 904
4 946 933 974 574
4 42 974 236 229
4 236 974 258 229
4 42 946 974 229
4 172 806 812 201
4 193 806 172 201
4 834 806 493 812
4 186 182 949 157
4 641 969 902 964
4 389 385 902 371
4 348 938 336 871
4 598 833 553 993
4 993 256 220 217
4 849 220 217 993
4 292 288 872 842
4 74 910 66 96
4 575 802 934 835
4 835 802 934 947
4 822 187 227 950
4 245 253 802 218
4 835 802 245 253
4 959 378 377 394
4 884 642 959 977
4 194 512 951 231
4 194 216 231 951
4 896 203 179 163
4 943 896 179 163
4 324 327 940 359
4 885 317 628 337
4 983 516 224 952
4 879 559 242 792
4 211 224 952 983
4 242 792 952 879
4 224 879 952 516
4 59 83 77 953
4 65 877 438 83
4 106 953 433 77
4 208 802 191 805
4 992 141 854 138
4 834 949 157 186
4 834 949 186 812
4 120 893 129 91
4 56 427 954 1014
4 88 459 76 954
4 76 787 954 459
4 1014 954 908 427
4 76 787 57 954
4 87 128 923 116
4 929 53 64 75
4 368 901 937 357
4 77 433 789 953
4 257 830 266 866
4 130 912 919 468
4 193 229 202 955
4 806 955 536 42
4 202 955 229 946
4 12 3 843 962
4 245 835 269 279
4 193 955 806 42
4 396 964 945 406
4 266 298 256 831
4 276 246 956 237
4 939 870 630 900
4 184 795 805 191
4 795 805 191 802
4 172 806 162 135
4 137 834 172 135
4 135 979 806 162
4 172 806 834 812
4 71 465 894 85
4 283 295 850 318
4 851 558 675 850
4 977 884 783 897
4 154 501 179 943
4 223 182 550 949
4 949 213 223 182
4 74 930 46 878
4 332 957 311 601
4 352 342 957 636
4 786 957 332 601
4 786 352 332 957
4 192 175 980 164
4 79 892 110 119
4 368 937 639 868
4 899 868 937 346
4 176 813 151 823
4 10 843 2 4
4 10 843 12 2
4 998 921 500 834
4 853 277 261 595
4 155 799 958 508
4 335 939 870 351
4 967 268 255 230
4 236 230 268 967
4 935 978 812 42
4 236 967 42 230
4 939 633 335 900
4 411 888 29 18
4 10 888 18 29
4 594 817 595 600
4 275 853 277 261
4 34 988 427 908
4 199 807 216 180
4 199 180 813 807
4 830 996 689 633
4 51 430 803 931
4 67 44 798 61
4 233 252 818 222
4 233 222 818 932
4 180 151 469 889
4 207 820 792 813
4 175 217 849 181
4 175 858 152 181
4 377 394 384 959
4 384 394 401 959
4 884 999 959 646
4 884 959 378 377
4 999 959 378 884
4 290 270 851 247
4 290 851 270 602
4 345 638 841 960
4 111 135 162 979
4 188 1010 206 1005
4 844 1010 523 941
4 459 88 961 954
4 954 427 56 930
4 855 108 134 102
4 108 472 762 855
4 3 12 15 962
4 296 860 272 304
4 305 269 835 279
4 128 943 507 923
4 460 943 129 116
4 116 943 923 460
4 293 615 305 835
4 915 835 615 293
4 253 835 293 269
4 253 835 915 293
4 860 963 629 281
4 640 639 845 386
4 969 385 389 396
4 964 396 969 389
4 331 897 358 328
4 358 897 345 328
4 275 261 600 918
4 275 853 261 918
4 904 647 942 828
4 904 402 828 399
4 226 826 267 225
4 83 953 877 438
4 59 953 412 877
4 904 809 945 408
4 904 942 809 408
4 800 5 6 13
4 882 425 800 973
4 74 104 910 96
4 322 347 356 794
4 1003 965 58 788
4 58 965 413 788
4 346 357 937 333
4 105 510 966 152
4 105 152 966 140
4 213 812 978 230
4 42 978 230 967
4 211 968 177 173
4 211 968 820 177
4 823 968 177 820
4 144 827 145 103
4 144 975 487 832
4 173 177 150 968
4 968 177 150 138
4 823 177 968 138
4 140 169 811 160
4 169 152 140 811
4 811 152 858 181
4 790 354 326 341
4 224 242 879 271
4 952 242 224 211
4 224 242 952 879
4 814 1 843 0
4 791 1 843 814
4 638 886 376 382
4 641 945 886 969
4 376 395 382 886
4 969 385 382 637
4 395 382 969 385
4 969 886 637 382
4 969 395 886 382
4 395 945 969 886
4 556 848 263 826
4 826 970 267 561
4 602 842 320 960
4 602 320 841 960
4 314 848 970 267
4 88 922 101 122
4 88 961 73 101
4 101 961 922 88
4 56 930 961 954
4 143 941 165 1005
4 143 165 941 1002
4 941 165 1010 473
4 1005 165 1010 941
4 863 63 43 78
4 216 850 235 264
4 216 235 850 807
4 555 817 600 239
4 555 196 1001 817
4 957 867 636 342
4 957 898 311 601
4 957 342 898 867
4 417 971 797 62
4 417 971 72 877
4 629 994 938 861
4 909 24 430 882
4 213 251 978 223
4 223 1008 936 595
4 108 472 855 134
4 883 134 855 472
4 255 972 307 268
4 255 967 972 268
4 838 818 560 252
4 234 249 850 558
4 234 792 247 558
4 731 973 428 424
4 16 23 973 8
4 825 82 891 431
4 863 63 891 825
4 809 403 999 394
4 403 401 809 407
4 403 809 401 394
4 42 806 201 812
4 884 948 367 999
4 854 138 141 823
4 211 792 242 247
4 952 792 242 211
4 960 315 345 328
4 897 960 345 328
4 960 320 315 842
4 314 898 342 333
4 314 342 898 311
4 333 867 898 342
4 849 833 822 209
4 285 913 608 287
4 568 844 805 241
4 13 882 16 22
4 992 141 118 854
4 285 312 899 319
4 963 896 254 589
4 963 254 896 17
4 333 357 867 342
4 975 166 795 832
4 232 946 976 202
4 204 522 976 567
4 234 249 235 850
4 234 813 850 235
4 850 813 807 235
4 121 155 160 958
4 155 160 958 799
4 963 688 246 17
4 893 61 798 929
4 893 84 453 798
4 282 916 974 621
4 890 39 20 33
4 423 27 890 39
4 834 806 172 135
4 493 452 486 979
4 834 493 806 135
4 258 916 974 282
4 71 465 836 894
4 864 836 894 71
4 335 308 900 633
4 939 870 351 650
4 335 870 939 900
4 147 855 102 113
4 102 855 147 134
4 171 522 976 204
4 810 856 131 924
4 237 257 227 866
4 950 866 237 227
4 918 853 261 595
4 918 261 600 595
4 817 261 595 600
4 950 197 799 187
4 799 824 197 950
4 799 950 187 822
4 999 809 646 948
4 403 393 999 394
4 57 50 797 62
4 791 8 20 9
4 973 23 20 8
4 973 20 791 8
4 910 931 878 66
4 467 931 910 66
4 101 856 104 131
4 131 924 856 104
4 158 512 889 194
4 428 23 20 973
4 318 350 332 786
4 786 318 601 332
4 123 979 111 162
4 32 907 19 41
4 1001 196 215 817
4 509 966 107 466
4 140 509 966 107
4 831 993 256 598
4 266 831 256 598
4 993 833 849 220
4 329 808 341 353
4 977 384 377 376
4 638 977 642 783
4 638 977 783 897
4 487 920 446 109
4 832 920 487 109
4 144 124 832 109
4 144 832 487 109
4 900 633 291 688
4 291 629 688 963
4 291 633 956 688
4 291 963 688 246
4 944 956 746 17
4 78 52 928 79
4 85 894 87 923
4 258 229 974 946
4 232 229 258 946
4 890 33 53 39
4 1000 113 102 855
4 67 798 44 819
4 1003 67 44 819
4 1003 418 989 962
4 1003 989 418 829
4 134 147 690 883
4 223 251 978 936
4 543 936 949 978
4 827 494 839 793
4 168 947 189 793
4 646 945 959 642
4 959 809 401 945
4 469 470 846 151
4 151 141 846 118
4 823 151 176 141
4 846 470 141 151
4 74 910 878 66
4 607 613 331 897
4 383 837 380 391
4 981 648 837 942
4 290 851 850 249
4 290 851 318 850
4 928 863 887 52
4 997 986 979 162
4 806 493 979 135
4 885 317 337 338
4 948 403 809 906
4 192 980 221 555
4 400 837 383 391
4 400 383 981 390
4 383 981 651 837
4 383 981 837 400
4 988 800 6 13
4 123 785 982 1000
4 10 414 888 26
4 801 195 158 167
4 204 567 976 232
4 28 962 12 414
4 28 414 12 26
4 28 15 12 962
4 105 966 107 140
4 185 516 983 876
4 876 516 983 952
4 211 952 968 173
4 346 333 937 319
4 899 937 319 346
4 263 231 984 556
4 340 939 335 351
4 900 870 325 335
4 14 421 7 6
4 14 421 6 988
4 421 6 800 814
4 13 16 800 5
4 13 882 800 16
4 341 615 790 808
4 346 326 868 354
4 140 811 958 160
4 799 811 160 958
4 116 943 163 128
4 116 943 128 923
4 114 992 118 431
4 992 432 118 431
4 180 807 216 194
4 180 889 513 194
4 180 469 513 889
4 180 807 513 813
4 863 78 891 63
4 63 90 78 891
4 56 88 76 954
4 56 88 961 73
4 56 88 954 961
4 814 843 420 815
4 702 893 129 120
4 885 852 917 853
4 961 856 922 355
4 311 289 848 314
4 848 898 674 311
4 970 676 899 913
4 919 891 90 115
4 919 115 691 891
4 793 702 501 120
4 894 923 862 705
4 887 928 724 863
4 929 890 864 53
4 929 730 864 890
4 937 748 867 901
4 905 754 870 938
4 607 838 757 292
4 292 842 872 757
4 918 873 594 911
4 874 918 873 990
4 911 599 874 873
4 911 873 874 918
4 910 924 767 875
4 875 96 910 924
4 46 930 909 878
4 776 930 878 909
4 56 1014 954 76
4 76 954 57 1014
4 253 915 805 241
4 835 575 802 915
4 253 802 805 915
4 845 402 904 406
4 964 845 640 903
4 387 845 397 402
4 7 416 19 11
4 70 836 45 71
4 70 45 836 49
4 142 96 875 125
4 54 77 60 789
4 245 269 835 253
4 209 985 833 227
4 209 833 985 220
4 929 864 64 53
4 48 65 877 72
4 48 65 41 877
4 926 522 529 976
4 926 522 976 171
4 171 202 976 986
4 785 986 486 979
4 982 785 926 479
4 272 963 281 254
4 860 296 272 281
4 969 385 637 902
4 969 385 902 389
4 395 969 396 385
4 969 389 902 964
4 214 844 184 206
4 206 1010 844 1005
4 307 972 255 284
4 9 989 791 3
4 3 962 15 989
4 3 791 962 989
4 1003 67 819 987
4 819 1003 987 788
4 16 8 814 5
4 16 8 973 814
4 800 16 973 814
4 16 5 814 800
4 882 973 800 16
4 116 943 154 163
4 42 967 236 974
4 236 967 268 974
4 1006 182 949 550
4 936 223 550 949
4 949 213 978 223
4 186 182 213 949
4 558 249 851 247
4 813 792 234 558
4 800 6 421 988
4 424 989 9 829
4 424 9 989 791
4 832 124 156 1002
4 265 984 231 264
4 216 984 850 264
4 264 231 216 984
4 216 850 984 807
4 245 947 835 279
4 291 629 963 281
4 291 629 900 688
4 316 990 275 299
4 189 793 947 544
4 839 947 168 793
4 285 899 970 319
4 267 319 970 314
4 362 379 361 906
4 991 1007 243 240
4 991 1007 228 243
4 544 1007 228 991
4 991 240 947 210
4 238 913 561 262
4 879 872 560 271
4 400 390 981 403
4 334 847 990 330
4 945 401 959 384
4 225 826 561 865
4 44 418 829 1003
4 945 964 641 903
4 964 903 945 406
4 90 115 431 114
4 508 155 824 161
4 508 507 161 824
4 816 881 190 690
4 931 66 68 51
4 49 51 803 68
4 68 51 803 931
4 400 942 837 391
4 981 942 837 400
4 21 416 7 421
4 304 860 272 273
4 379 375 906 362
4 59 877 65 83
4 59 953 877 83
4 432 992 55 431
4 63 55 82 825
4 825 432 55 431
4 120 145 827 103
4 21 421 908 422
4 121 465 466 92
4 121 465 958 466
4 121 958 107 466
4 131 924 104 125
4 973 791 814 8
4 343 804 350 995
4 841 804 638 364
4 438 108 855 102
4 108 855 762 438
4 993 217 250 256
4 993 217 221 250
4 860 622 994 685
4 296 994 304 336
4 296 994 860 304
4 479 159 926 982
4 171 159 926 522
4 185 876 983 173
4 173 876 952 968
4 42 933 974 946
4 807 951 216 194
4 216 807 984 951
4 244 567 222 204
4 12 843 840 962
4 285 899 608 913
4 846 432 118 854
4 846 141 854 118
4 846 854 141 470
4 173 968 150 148
4 272 281 963 860
4 282 916 294 258
4 411 18 11 888
4 150 97 854 138
4 175 858 181 849
4 343 995 350 320
4 602 320 995 841
4 804 786 350 995
4 999 393 378 394
4 999 378 959 394
4 947 839 205 756
4 995 786 350 318
4 263 314 267 848
4 826 848 267 970
4 263 848 267 826
4 186 949 213 812
4 411 18 31 11
4 253 835 802 915
4 348 905 938 871
4 28 15 962 35
4 837 828 871 391
4 871 399 391 828
4 238 865 561 844
4 17 746 688 956
4 120 149 793 145
4 259 294 916 258
4 362 330 847 334
4 383 981 390 375
4 71 53 64 864
4 288 872 842 602
4 10 888 4 18
4 18 888 4 11
4 365 940 340 939
4 650 939 940 365
4 797 445 80 62
4 957 352 636 786
4 275 632 918 990
4 275 853 316 277
4 316 632 275 990
4 976 946 955 202
4 986 202 976 955
4 982 986 997 171
4 171 982 926 159
4 194 512 513 951
4 807 513 951 194
4 10 888 843 4
4 10 840 843 888
4 10 840 12 843
4 10 840 888 414
4 885 317 853 917
4 853 317 316 277
4 929 53 39 890
4 945 395 969 396
4 300 996 340 324
4 320 995 350 318
4 633 830 300 257
4 68 70 803 49
4 874 250 260 286
4 845 387 643 828
4 387 828 845 402
4 99 111 452 135
4 921 135 99 452
4 834 949 812 500
4 393 403 948 379
4 34 988 908 14
4 89 92 107 466
4 88 459 112 76
4 381 828 1012 643
4 381 1012 360 369
4 345 841 343 320
4 345 841 320 960
4 820 952 515 968
4 211 952 820 968
4 952 515 792 820
4 883 472 925 153
4 153 881 925 883
4 153 134 883 472
4 266 298 830 300
4 266 830 298 831
4 945 969 964 396
4 379 403 948 906
4 403 809 999 948
4 397 964 845 389
4 397 389 845 386
4 406 845 903 904
4 185 173 148 876
4 148 876 173 968
4 472 148 968 876
4 812 213 978 949
4 949 936 223 978
4 24 882 13 22
4 884 347 794 356
4 148 127 472 150
4 762 472 150 471
4 123 979 162 997
4 123 785 979 997
4 368 639 901 640
4 961 56 73 930
4 270 872 271 288
4 49 51 429 803
4 232 567 244 204
4 189 793 544 501
4 189 149 793 501
4 42 935 978 967
4 967 132 972 621
4 855 883 147 134
4 856 922 506 146
4 146 101 922 122
4 875 142 510 105
4 823 968 857 471
4 823 857 968 820
4 109 94 124 920
4 832 124 920 109
4 14 421 908 21
4 34 908 21 14
4 14 988 908 421
4 332 957 342 311
4 957 898 342 311
4 344 337 649 628
4 344 628 649 821
4 844 1010 941 1005
4 341 354 373 790
4 639 354 790 373
4 896 219 254 228
4 621 967 974 268
4 621 972 967 268
4 1000 65 971 438
4 877 65 971 72
4 345 638 897 977
4 982 171 926 986
4 105 68 966 467
4 941 184 1005 156
4 143 941 1005 156
4 299 286 874 260
4 78 928 892 79
4 78 79 892 110
4 901 357 368 366
4 828 904 845 402
4 938 869 994 336
4 85 862 894 923
4 163 154 179 943
4 1006 949 182 157
4 1006 998 157 122
4 949 998 157 1006
4 805 241 844 214
4 241 844 214 238
4 823 854 470 141
4 809 999 959 394
4 383 652 981 375
4 383 375 359 652
4 837 828 391 942
4 837 828 905 871
4 595 1008 917 277
4 917 628 284 972
4 588 917 284 972
4 882 800 988 13
4 882 13 988 24
4 320 318 290 995
4 290 995 851 602
4 968 472 150 148
4 472 150 471 968
4 808 615 305 341
4 285 319 970 267
4 407 408 809 403
4 389 636 371 902
4 389 640 902 964
4 855 1000 113 785
4 121 92 466 107
4 295 601 311 289
4 294 916 914 259
4 971 1000 438 855
4 72 93 1000 445
4 72 1000 971 445
4 813 792 207 234
4 28 887 43 52
4 97 992 854 138
4 399 942 391 828
4 904 942 399 828
4 224 560 932 233
4 96 467 68 105
4 400 809 981 942
4 242 270 247 559
4 851 270 559 247
4 792 559 242 247
4 558 851 559 247
4 124 143 1002 119
4 920 124 1002 439
4 119 892 473 1002
4 119 1002 473 165
4 119 439 892 1002
4 335 633 939 996
4 324 340 940 996
4 310 307 621 268
4 44 1003 829 25
4 332 342 957 352
4 944 197 824 950
4 96 924 104 910
4 866 830 266 598
4 833 256 993 598
4 833 266 598 866
4 266 256 833 598
4 266 598 830 831
4 78 1004 434 891
4 919 1004 891 434
4 130 1004 90 919
4 361 847 906 1013
4 920 124 832 1002
4 919 115 90 130
4 293 305 269 835
4 377 959 384 977
4 231 951 216 984
4 188 167 195 801
4 188 801 195 865
4 367 821 649 884
4 468 130 912 158
4 92 121 465 862
4 114 151 889 469
4 114 846 151 469
4 114 431 846 469
4 115 469 431 114
4 115 889 469 114
4 50 21 422 30
4 550 998 1006 506
4 182 1006 170 550
4 1006 998 550 949
4 882 909 988 426
4 263 826 267 226
4 72 65 971 1000
4 290 270 320 602
4 602 841 995 804
4 806 493 927 979
4 135 452 493 979
4 801 167 158 912
4 130 167 912 158
4 1008 277 284 917
4 67 446 987 109
4 854 968 150 138
4 823 968 854 138
4 203 17 896 219
4 44 423 819 798
4 44 423 418 819
4 819 798 728 447
4 96 105 875 467
4 164 511 125 875
4 140 958 107 160
4 831 250 286 256
4 831 993 250 256
4 35 962 1003 15
4 1003 962 989 15
4 921 137 998 122
4 921 459 122 998
4 407 945 408 406
4 32 416 19 907
4 32 416 907 412
4 387 828 402 399
4 369 353 1012 360
4 314 289 848 263
4 169 811 160 187
4 169 187 209 822
4 169 152 811 181
4 607 897 331 328
4 83 762 106 953
4 364 638 370 804
4 804 637 638 370
4 1006 998 146 506
4 276 633 257 956
4 633 956 830 257
4 125 131 511 174
4 174 810 131 511
4 870 325 335 348
4 325 296 336 994
4 285 913 287 262
4 295 850 264 283
4 334 990 299 330
4 334 299 990 316
4 868 354 326 790
4 348 905 870 938
4 904 945 406 408
4 1000 785 982 113
4 122 157 137 998
4 146 506 998 922
4 122 998 459 922
4 55 411 29 37
4 9 15 989 3
4 913 287 238 568
4 366 389 636 371
4 179 219 203 896
4 622 273 321 279
4 120 793 453 827
4 120 793 827 145
4 105 89 966 68
4 636 640 902 389
4 368 640 366 389
4 905 647 828 837
4 34 427 909 46
4 46 34 427 56
4 883 816 925 478
4 62 93 72 445
4 971 72 445 62
4 1000 785 855 971
4 797 971 445 62
4 78 1004 891 90
4 919 1004 90 891
4 821 628 1011 621
4 384 945 395 886
4 395 886 376 384
4 507 163 128 161
4 649 821 1011 884
4 649 628 1011 821
4 340 300 335 996
4 340 335 939 996
4 58 413 35 52
4 58 892 413 928
4 58 79 892 928
4 272 589 254 228
4 501 149 793 120
4 97 854 992 433
4 124 143 156 1002
4 1002 941 143 156
4 1002 941 473 165
4 191 756 802 218
4 208 218 191 802
4 383 652 359 651
4 375 652 349 359
4 882 430 22 24
4 51 430 40 36
4 320 343 995 841
4 939 689 1009 996
4 182 223 550 200
4 182 200 550 170
4 276 956 291 633
4 308 291 633 276
4 291 633 900 308
4 830 956 866 257
4 237 944 956 866
4 944 866 237 950
4 992 432 55 60
4 70 836 92 466
4 92 466 836 465
4 70 92 89 466
4 985 833 266 220
4 256 993 220 833
4 94 439 124 920
4 802 253 208 218
4 253 802 208 805
4 253 805 208 241
4 35 413 965 726
4 808 835 682 622
4 343 370 804 364
4 370 804 350 343
4 67 798 103 84
4 84 453 798 103
4 84 798 61 67
4 67 798 446 103
4 24 988 34 14
4 34 988 909 427
4 147 690 816 159
4 147 816 690 883
4 1007 210 544 189
4 189 947 210 544
4 544 210 1007 991
4 832 156 795 941
4 832 941 1002 156
4 230 812 201 213
4 506 549 810 1001
4 231 265 263 984
4 866 822 950 799
4 866 822 799 553
4 1008 251 588 284
4 936 251 588 1008
4 223 251 936 1008
4 588 255 972 284
4 106 97 854 150
4 951 231 556 984
4 242 872 271 270
4 99 135 921 137
4 112 921 137 99
4 112 122 137 921
4 955 806 536 927
4 955 979 806 927
4 955 927 986 979
4 87 64 894 85
4 311 289 674 848
4 311 898 314 848
4 142 105 875 96
4 238 865 1010 188
4 947 530 537 839
4 36 430 40 22
4 129 501 154 943
4 21 422 908 47
4 50 422 21 47
4 514 857 823 820
4 823 820 813 514
4 811 187 169 822
4 849 822 811 181
4 1003 989 25 15
4 832 166 156 124
4 144 975 832 166
4 947 189 205 168
4 947 210 205 189
4 947 168 205 839
4 25 15 989 9
4 588 284 251 255
4 640 366 389 636
4 366 640 901 636
4 640 386 368 639
4 964 640 845 389
4 125 875 142 164
4 929 53 75 39
4 929 75 61 39
4 253 287 293 915
4 253 241 287 915
4 146 998 1006 122
4 211 983 952 173
4 173 876 983 952
4 58 413 892 439
4 83 953 106 77
4 262 267 561 225
4 153 472 876 148
4 879 560 224 271
4 43 887 26 410
4 28 26 43 887
4 137 998 157 834
4 137 921 998 834
4 34 908 1014 47
4 21 908 34 47
4 126 862 85 128
4 230 42 201 812
4 883 816 479 147
4 101 464 961 73
4 74 464 73 930
4 961 930 73 464
4 104 464 101 73
4 71 428 53 864
4 71 428 864 836
4 932 521 522 662
4 818 567 662 522
4 932 522 818 662
4 42 230 978 812
4 506 131 1001 810
4 123 111 979 445
4 979 785 123 445
4 997 982 123 785
4 640 901 368 366
4 590 17 896 545
4 743 896 545 590
4 411 412 789 656
4 411 31 412 11
4 411 656 11 412
4 815 416 11 415
4 11 656 415 416
4 656 657 415 416
4 657 416 815 415
4 657 420 815 421
4 421 814 420 815
4 658 420 657 421
4 658 420 421 426
4 800 814 420 421
4 420 425 800 426
4 659 425 658 426
4 426 882 659 425
4 426 882 425 800
4 659 430 429 882
4 51 429 430 36
4 51 430 429 803
4 803 430 429 659
4 433 60 432 992
4 433 432 854 992
4 789 60 432 433
4 278 433 432 854
4 789 433 432 278
4 437 278 789 436
4 656 436 437 789
4 437 280 278 436
4 656 436 280 437
4 443 280 656 442
4 656 442 657 443
4 303 443 657 442
4 444 297 445 971
4 971 785 855 297
4 797 444 445 971
4 444 306 445 297
4 797 306 445 444
4 452 797 451 306
4 452 57 451 797
4 57 787 452 451
4 452 306 451 323
4 787 323 452 451
4 459 787 458 323
4 954 787 458 459
4 459 323 458 355
4 459 961 355 458
4 459 954 961 458
4 803 463 462 372
4 966 803 466 372
4 374 854 470 471
4 470 823 471 854
4 374 857 471 470
4 470 823 857 471
4 855 478 297 479
4 883 855 479 478
4 479 816 478 392
4 883 478 479 816
4 297 478 392 479
4 306 485 486 297
4 297 392 485 486
4 306 404 486 485
4 492 404 493 306
4 492 306 493 323
4 500 323 355 499
4 500 499 654 596
4 500 355 654 499
4 654 506 505 355
4 810 856 505 506
4 355 505 856 506
4 510 509 372 966
4 966 510 509 152
4 152 509 858 510
4 510 858 655 509
4 374 514 515 857
4 857 515 820 514
4 820 792 514 515
4 515 558 514 660
4 816 392 522 521
4 392 662 522 521
4 661 663 526 527
4 392 529 662 528
4 664 529 528 662
4 666 536 596 535
4 543 542 666 596
4 543 596 654 542
4 543 542 654 668
4 550 654 549 668
4 550 549 506 1001
4 550 654 506 549
4 550 817 668 549
4 550 817 549 1001
4 247 792 559 558
4 515 559 792 558
4 851 558 559 69
4 660 559 558 69
4 818 838 566 662
4 585 665 117 586
4 594 852 595 587
4 594 853 918 595
4 817 595 668 594
4 594 852 853 595
4 598 553 599 993
4 669 599 139 598
4 598 831 993 599
4 993 553 599 554
4 139 599 831 598
4 320 290 602 995
4 602 995 851 804
4 602 851 69 804
4 81 606 69 605
4 605 69 804 606
4 804 670 605 606
4 81 606 605 670
4 614 794 914 613
4 98 794 614 613
4 627 852 132 628
4 628 1011 132 627
4 885 628 852 627
4 1009 133 707 139
4 940 673 707 1009
4 707 940 634 635
4 940 327 634 635
4 804 638 637 670
4 638 637 886 382
4 670 637 886 638
4 948 673 648 672
4 809 648 646 948
4 403 981 809 906
4 981 906 648 809
4 906 648 673 981
4 652 940 651 673
4 652 981 673 651
4 383 651 981 652
4 55 29 411 410
4 55 411 432 825
4 410 725 411 436
4 410 888 29 411
4 410 725 888 411
4 12 840 10 414
4 888 415 725 840
4 725 415 727 840
4 840 415 420 843
4 420 843 419 840
4 989 419 962 418
4 418 726 419 962
4 829 989 418 728
4 423 728 424 829
4 423 730 424 728
4 423 890 424 730
4 435 436 825 431
4 825 436 435 410
4 435 436 692 695
4 435 436 695 725
4 724 440 441 694
4 726 724 440 441
4 694 440 441 697
4 726 440 697 441
4 447 728 726 448
4 447 697 448 726
4 798 454 699 453
4 893 798 453 454
4 453 699 702 454
4 453 893 454 702
4 454 455 730 728
4 700 703 454 455
4 454 730 455 703
4 730 461 460 864
4 864 461 460 894
4 730 703 460 461
4 703 705 460 461
4 894 461 460 705
4 465 958 466 706
4 469 470 151 813
4 469 470 692 846
4 469 709 470 813
4 469 470 709 692
4 691 475 474 694
4 475 474 708 691
4 694 475 474 711
4 695 476 692 475
4 475 692 709 476
4 475 712 476 709
4 696 693 480 481
4 710 480 693 481
4 713 696 480 481
4 694 481 482 711
4 694 481 697 482
4 487 696 488 699
4 487 696 713 488
4 487 713 716 488
4 700 496 495 703
4 703 495 720 496
4 702 501 120 129
4 702 719 793 501
4 703 720 502 705
4 703 705 895 720
4 722 705 720 895
4 722 720 705 502
4 958 799 811 509
4 508 895 723 509
4 958 706 508 509
4 509 723 799 811
4 517 865 796 801
4 710 801 865 517
4 710 1010 734 865
4 734 710 865 517
4 518 732 708 517
4 518 735 732 517
4 524 523 734 710
4 524 737 734 523
4 716 531 713 530
4 737 531 740 530
4 716 538 537 719
4 538 740 537 743
4 544 943 502 545
4 544 896 943 545
4 546 720 722 545
4 895 723 721 546
4 745 547 747 546
4 747 547 723 546
4 552 824 551 722
4 552 551 824 944
4 552 944 746 551
4 557 951 556 984
4 263 984 289 556
4 557 556 951 732
4 557 289 984 556
4 557 289 556 674
4 557 732 674 556
4 736 733 563 564
4 564 675 563 678
4 736 563 678 564
4 737 569 734 568
4 568 676 569 734
4 568 679 569 676
4 568 737 569 679
4 735 677 569 570
4 677 680 569 570
4 737 740 576 575
4 737 679 575 576
4 679 682 575 576
4 582 740 583 743
4 682 582 583 685
4 684 585 687 584
4 584 585 687 745
4 590 685 589 963
4 590 896 963 589
4 743 896 590 589
4 860 685 963 589
4 745 592 591 747
4 745 592 687 591
4 597 598 830 866
4 866 597 598 747
4 597 598 689 830
4 786 675 601 318
4 674 603 604 898
4 674 604 603 677
4 604 603 867 898
4 604 603 748 867
4 677 604 603 748
4 605 604 786 675
4 605 678 604 675
4 605 604 749 786
4 605 678 749 604
4 679 608 609 676
4 676 609 899 608
4 899 608 609 868
4 790 868 609 608
4 679 790 609 608
4 609 680 677 610
4 609 748 610 677
4 609 748 750 610
4 609 610 750 680
4 611 678 610 749
4 611 749 610 751
4 611 681 751 610
4 679 616 615 682
4 679 615 616 790
4 808 615 790 616
4 808 615 616 682
4 750 617 616 680
4 750 616 617 752
4 617 616 683 752
4 682 685 623 622
4 869 622 808 623
4 623 869 994 938
4 861 938 623 994
4 684 624 625 753
4 684 687 625 624
4 753 625 755 624
4 629 686 630 688
4 861 630 686 754
4 870 629 630 900
4 870 754 630 861
4 629 900 688 630
4 755 1009 630 624
4 902 636 371 637
4 749 636 637 786
4 902 636 637 749
4 639 640 748 901
4 750 640 748 639
4 644 643 1012 828
4 903 751 904 644
4 751 753 645 904
4 751 904 645 903
4 644 751 904 753
4 753 648 647 755
4 837 647 942 648
4 904 647 753 648
4 942 648 647 904
4 755 837 648 647
4 755 673 651 940
4 755 650 651 837
4 940 1009 755 673
4 380 651 650 837
4 365 380 651 650
4 814 6 815 421
4 775 422 421 416
4 908 422 421 450
4 7 421 14 21
4 988 909 427 426
4 988 427 908 426
4 426 427 908 457
4 426 427 776 909
4 953 437 877 438
4 438 762 953 437
4 774 877 437 438
4 774 437 763 438
4 150 854 471 968
4 854 762 150 471
4 472 876 968 471
4 472 768 876 471
4 763 485 769 484
4 764 484 485 763
4 770 485 764 484
4 492 770 764 491
4 492 764 765 491
4 498 772 499 771
4 498 772 766 499
4 766 504 767 505
4 772 504 766 505
4 773 504 505 767
4 510 767 773 511
4 875 511 767 510
4 980 773 511 510
4 952 515 876 516
4 968 876 952 515
4 876 768 516 515
4 952 879 515 516
4 515 777 516 879
4 768 777 516 515
4 769 527 528 778
4 549 782 781 548
4 242 879 271 872
4 872 757 879 560
4 560 757 879 777
4 778 565 566 777
4 565 757 566 777
4 565 758 566 757
4 572 573 758 759
4 760 579 580 780
4 781 782 594 593
4 594 781 593 761
4 594 761 593 873
4 911 593 594 782
4 911 873 594 593
4 600 880 599 782
4 600 782 599 911
4 221 250 874 599
4 600 599 874 911
4 758 612 613 783
4 759 612 613 758
4 783 613 884 612
4 759 620 613 612
4 612 619 620 884
4 884 620 784 619
4 619 784 760 620
4 784 626 760 627
4 784 626 627 1013
4 884 959 377 977
4 977 884 642 783
4 784 646 948 884
4 999 646 884 948
4 948 1013 361 906
4 817 239 196 215
4 16 882 429 22
4 22 429 430 882
4 22 429 36 430
4 791 419 843 962
4 991 210 1007 240
4 22 36 429 16
4 137 921 834 135
4 622 305 279 321
4 622 835 305 808
4 379 906 948 361
4 750 845 640 639
4 395 401 945 384
4 90 431 82 114
4 16 429 973 23
4 16 973 429 882
4 23 429 36 16
4 126 92 85 862
4 126 121 92 862
4 410 411 55 825
4 912 473 136 919
4 557 601 289 674
4 675 850 601 318
4 557 601 674 675
4 851 318 850 675
4 851 675 558 69
4 602 851 559 69
4 602 757 559 872
4 602 69 559 757
4 848 674 603 562
4 848 562 603 970
4 674 677 603 562
4 676 562 603 677
4 674 563 604 677
4 675 563 604 674
4 678 563 604 675
4 677 563 604 678
4 564 69 675 605
4 564 675 678 605
4 564 81 69 605
4 564 81 605 678
4 608 568 287 913
4 568 608 676 913
4 608 915 287 568
4 568 608 679 676
4 568 915 679 608
4 679 609 569 676
4 676 677 609 569
4 609 569 677 680
4 679 569 609 680
4 571 81 678 611
4 571 95 81 611
4 572 81 612 758
4 572 612 81 95
4 572 612 759 758
4 759 573 758 613
4 86 98 613 573
4 574 916 914 86
4 916 914 86 614
4 86 614 98 916
4 915 682 615 835
4 915 679 615 682
4 679 682 915 575
4 679 576 680 616
4 679 616 682 576
4 916 621 98 581
4 974 621 581 967
4 581 132 967 621
4 685 622 582 589
4 682 582 685 622
4 682 685 583 623
4 686 623 683 583
4 686 583 685 623
4 624 686 683 584
4 684 584 624 683
4 684 584 687 624
4 684 585 625 687
4 687 585 625 133
4 761 626 586 133
4 627 587 760 132
4 627 587 132 852
4 852 587 761 627
4 852 588 972 917
4 132 588 972 852
4 132 967 972 588
4 629 685 963 860
4 629 685 686 590
4 629 688 963 590
4 685 590 629 963
4 629 686 688 590
4 688 630 591 686
4 631 761 593 133
4 631 593 139 133
4 873 761 593 631
4 631 635 139 593
4 830 633 597 956
4 688 597 633 956
4 597 830 689 633
4 689 598 634 830
4 831 598 830 634
4 139 634 598 831
4 873 599 635 593
4 139 599 635 831
4 874 599 635 873
4 874 635 599 831
4 469 846 692 431
4 691 431 469 692
4 691 469 431 115
4 919 474 693 434
4 434 691 474 694
4 434 919 474 691
4 434 693 694 474
4 434 919 892 693
4 435 692 691 475
4 435 694 475 691
4 435 695 692 475
4 435 695 475 694
4 436 692 476 278
4 695 436 692 476
4 436 278 476 280
4 436 695 280 476
4 437 477 278 280
4 437 433 278 477
4 437 762 433 477
4 437 763 762 477
4 920 1002 693 439
4 696 920 480 693
4 693 1002 920 480
4 1002 439 892 693
4 920 1002 832 480
4 920 439 693 696
4 693 481 440 694
4 696 440 693 481
4 694 481 440 697
4 697 440 696 481
4 442 483 280 695
4 303 442 698 483
4 443 484 764 763
4 306 486 445 297
4 486 785 979 445
4 297 486 445 785
4 306 486 452 445
4 447 697 696 488
4 447 699 488 696
4 303 698 449 490
4 492 764 306 451
4 492 451 765 764
4 492 306 323 451
4 323 492 451 765
4 452 306 323 493
4 452 323 921 493
4 793 453 827 494
4 793 702 453 494
4 702 699 495 454
4 700 703 495 454
4 702 703 454 495
4 459 323 355 500
4 459 500 921 323
4 998 921 459 500
4 998 500 459 922
4 459 355 922 500
4 702 460 703 502
4 702 501 129 460
4 460 501 129 943
4 703 705 502 460
4 943 502 923 460
4 705 502 460 923
4 703 704 895 461
4 703 705 461 895
4 895 705 461 706
4 706 704 461 895
4 856 505 464 924
4 766 505 464 355
4 766 464 505 767
4 355 505 464 856
4 924 505 464 767
4 465 706 705 508
4 862 121 465 508
4 465 705 862 508
4 465 706 508 958
4 121 958 465 508
4 958 509 107 466
4 958 509 466 706
4 966 509 372 466
4 875 105 510 467
4 467 767 372 510
4 467 372 966 510
4 105 966 510 467
4 467 875 767 510
4 468 512 889 158
4 708 889 468 512
4 813 469 513 180
4 708 469 889 513
4 469 813 513 709
4 709 469 708 513
4 374 515 471 857
4 857 968 515 471
4 968 515 471 876
4 471 768 876 515
4 768 515 471 374
4 472 768 925 876
4 876 925 516 768
4 710 474 801 517
4 711 474 710 517
4 475 709 708 518
4 475 709 518 712
4 712 519 476 709
4 388 519 374 476
4 477 374 520 768
4 477 374 388 520
4 477 769 768 520
4 477 388 769 520
4 478 768 521 925
4 769 768 521 478
4 816 521 925 478
4 478 392 816 521
4 478 392 521 769
4 479 522 816 392
4 479 522 926 159
4 479 522 392 926
4 480 941 795 523
4 485 528 392 769
4 485 528 770 404
4 927 486 986 979
4 487 716 713 530
4 487 494 716 530
4 492 535 404 770
4 596 771 535 492
4 839 537 793 494
4 839 530 537 494
4 716 719 537 494
4 793 719 494 537
4 596 771 499 542
4 772 542 499 771
4 654 596 499 542
4 654 499 772 542
4 544 793 719 501
4 179 501 544 943
4 544 502 943 501
4 544 545 502 719
4 722 720 502 545
4 722 545 502 507
4 723 895 722 546
4 653 655 547 503
4 654 772 505 549
4 506 549 505 810
4 506 654 505 549
4 810 773 549 505
4 551 943 545 507
4 824 507 551 722
4 811 553 849 858
4 849 811 858 181
4 980 858 510 175
4 980 858 554 510
4 410 825 863 435
4 410 436 435 725
4 863 891 435 825
4 410 724 725 435
4 410 863 724 435
4 825 411 432 436
4 825 410 411 436
4 411 436 789 432
4 411 436 656 789
4 411 436 725 656
4 656 412 789 437
4 953 789 412 437
4 953 437 412 877
4 774 412 437 877
4 656 412 437 774
4 892 413 440 439
4 726 413 440 724
4 928 440 892 413
4 724 413 440 928
4 788 413 440 726
4 724 725 441 414
4 414 724 726 441
4 725 727 441 414
4 656 443 657 416
4 656 443 416 774
4 416 774 443 775
4 417 444 774 775
4 417 444 797 971
4 417 971 774 444
4 417 774 971 877
4 797 444 417 775
4 451 444 797 775
4 819 418 788 728
4 728 418 788 726
4 447 788 726 728
4 448 726 419 728
4 729 728 448 419
4 657 727 420 449
4 658 657 420 449
4 450 658 657 421
4 450 421 775 422
4 457 421 658 450
4 451 422 908 450
4 57 422 451 797
4 451 908 422 57
4 454 798 423 929
4 819 728 788 447
4 454 728 423 798
4 454 730 423 728
4 454 929 423 730
4 424 729 728 455
4 730 455 424 728
4 731 455 729 424
4 730 424 455 731
4 456 731 729 425
4 659 658 425 456
4 457 421 908 426
4 457 659 658 426
4 457 427 776 426
4 457 776 659 426
4 457 427 908 458
4 458 787 954 908
4 954 458 908 427
4 961 930 458 954
4 776 930 427 458
4 458 427 954 930
4 910 463 878 931
4 931 430 803 463
4 463 430 803 659
4 776 430 463 659
4 776 430 878 463
4 931 878 430 463
4 796 226 826 556
4 951 512 556 231
4 951 556 512 732
4 984 807 557 951
4 951 807 557 513
4 557 732 951 513
4 733 807 513 557
4 733 514 807 558
4 813 514 792 558
4 558 514 807 813
4 515 792 514 558
4 515 559 558 660
4 515 559 879 792
4 952 792 515 879
4 515 777 879 559
4 515 559 660 777
4 560 777 879 932
4 844 734 1010 865
4 517 562 796 865
4 517 796 562 732
4 517 865 734 562
4 517 562 735 732
4 517 734 735 562
4 736 564 519 733
4 519 564 661 660
4 520 660 565 777
4 520 565 660 661
4 520 565 778 777
4 777 566 521 932
4 932 521 662 566
4 778 566 521 777
4 662 778 566 521
4 976 662 567 522
4 805 523 844 568
4 523 734 844 568
4 523 737 734 568
4 662 573 778 528
4 664 573 662 528
4 664 573 528 779
4 574 529 664 662
4 574 662 976 529
4 976 574 529 946
4 946 529 933 574
4 574 664 529 933
4 575 530 934 802
4 575 530 740 934
4 664 580 779 535
4 580 666 780 535
4 543 666 588 935
4 543 936 978 588
4 543 935 588 978
4 543 978 812 935
4 543 588 668 936
4 991 228 896 589
4 582 279 947 991
4 991 896 743 589
4 590 17 545 746
4 745 747 591 546
4 745 547 592 747
4 667 592 547 669
4 549 668 781 594
4 549 594 781 782
4 549 817 668 594
4 549 594 782 817
4 817 594 782 600
4 550 936 668 817
4 936 595 668 817
4 223 817 595 936
4 550 223 936 817
4 552 597 746 944
4 552 866 944 950
4 552 597 866 747
4 552 944 866 597
4 553 598 866 833
4 553 598 747 866
4 833 822 866 553
4 553 849 993 833
4 553 993 849 554
4 599 993 554 221
4 555 782 880 600
4 555 880 221 600
4 555 221 239 600
4 604 867 636 957
4 957 898 604 867
4 604 867 748 636
4 957 786 636 604
4 749 636 786 604
4 604 748 749 636
4 841 960 638 606
4 804 638 670 606
4 960 783 638 606
4 841 638 804 606
4 790 639 609 868
4 937 609 639 868
4 609 748 937 639
4 609 750 748 639
4 790 639 750 609
4 610 748 640 749
4 750 748 640 610
4 751 749 610 640
4 750 751 610 640
4 611 749 751 641
4 783 884 642 612
4 331 613 914 884
4 790 616 750 643
4 808 616 790 643
4 750 643 616 752
4 750 644 617 751
4 750 752 617 644
4 751 617 753 644
4 751 645 753 618
4 884 784 646 619
4 619 784 646 672
4 620 1011 794 884
4 784 884 1011 620
4 821 794 1011 884
4 753 625 648 755
4 673 625 648 672
4 673 648 625 755
4 906 673 648 948
4 784 948 1013 649
4 784 1013 627 649
4 628 627 649 1011
4 784 649 627 1011
4 650 754 630 870
4 630 870 939 650
4 755 650 1009 940
4 940 650 1009 939
4 652 673 707 940
4 357 867 937 333
4 357 867 901 937
4 357 867 366 901
4 153 881 883 690
4 845 644 903 904
4 964 845 903 406
4 101 856 922 961
4 26 887 414 410
4 26 888 410 414
4 410 888 725 414
4 410 725 724 414
4 411 656 888 11
4 411 725 888 656
4 11 656 416 412
4 907 774 412 416
4 656 774 416 412
4 1003 35 965 726
4 726 414 962 35
4 788 965 413 726
4 414 962 419 726
4 727 840 420 419
4 815 843 420 415
4 657 420 415 815
4 657 416 421 815
4 421 815 416 7
4 422 21 421 416
4 416 21 30 422
4 50 30 422 417
4 775 422 416 417
4 797 422 417 50
4 451 422 775 797
4 797 422 775 417
4 44 423 829 418
4 418 728 423 829
4 424 989 829 728
4 425 729 420 791
4 425 791 420 814
4 800 420 814 425
4 658 425 420 426
4 420 800 421 426
4 426 988 800 421
4 988 908 421 426
4 457 658 421 426
4 57 422 47 908
4 890 428 424 730
4 730 428 424 731
4 426 776 659 882
4 426 909 776 882
4 882 909 776 430
4 882 430 776 659
4 825 891 435 431
4 435 436 431 692
4 435 692 431 691
4 825 431 436 432
4 789 278 432 436
4 436 432 692 278
4 437 433 789 278
4 953 433 789 437
4 953 762 433 437
4 477 433 278 854
4 477 762 433 854
4 434 440 892 928
4 724 928 440 434
4 434 440 724 694
4 434 693 440 694
4 971 438 774 444
4 971 297 855 438
4 444 774 763 438
4 444 297 971 438
4 971 438 877 774
4 444 763 297 438
4 448 726 697 441
4 698 448 441 727
4 303 443 450 657
4 797 444 451 306
4 764 444 306 451
4 452 306 445 797
4 452 445 80 797
4 452 797 80 57
4 452 80 445 111
4 798 699 446 453
4 453 699 446 827
4 798 454 447 699
4 798 423 819 728
4 447 798 728 454
4 455 728 448 729
4 701 455 448 729
4 457 908 421 450
4 309 658 450 457
4 765 450 908 457
4 451 908 787 458
4 787 451 57 908
4 765 451 458 908
4 787 451 458 323
4 323 451 458 765
4 99 459 921 787
4 459 921 787 323
4 929 893 460 454
4 893 460 454 702
4 454 460 929 730
4 454 703 460 730
4 702 460 454 703
4 730 731 455 461
4 730 461 455 703
4 703 461 455 704
4 456 339 462 659
4 836 462 466 803
4 803 462 466 372
4 467 463 803 372
4 467 463 910 931
4 467 910 463 767
4 467 463 931 803
4 467 463 372 767
4 919 468 474 691
4 801 912 468 474
4 919 912 474 468
4 691 474 708 468
4 475 692 469 709
4 475 469 708 709
4 278 692 476 470
4 709 470 476 692
4 477 854 374 471
4 477 471 762 854
4 477 374 768 471
4 762 472 478 855
4 883 925 472 478
4 883 855 478 472
4 478 768 925 472
4 693 473 1002 480
4 1002 892 473 693
4 1002 480 473 941
4 710 480 473 693
4 694 481 711 474
4 711 710 474 481
4 694 475 711 482
4 695 482 475 694
4 695 483 280 476
4 297 392 785 479
4 297 392 486 785
4 926 785 392 479
4 785 486 926 392
4 982 785 986 926
4 487 920 832 480
4 487 920 480 696
4 487 696 480 713
4 488 696 713 481
4 488 697 696 481
4 488 713 714 481
4 492 485 764 770
4 492 485 306 764
4 492 485 404 306
4 492 770 404 485
4 306 493 486 404
4 306 486 493 452
4 927 493 486 979
4 404 493 486 927
4 487 827 699 494
4 144 827 487 839
4 487 530 839 494
4 827 487 839 494
4 323 492 765 499
4 596 492 499 771
4 921 323 500 493
4 921 493 500 834
4 834 812 493 500
4 500 493 596 812
4 793 494 719 702
4 497 653 503 339
4 499 355 505 766
4 772 505 766 499
4 499 654 505 355
4 654 499 505 772
4 922 506 998 500
4 500 355 506 654
4 922 355 506 500
4 500 654 506 998
4 943 502 507 923
4 705 502 923 507
4 722 502 705 507
4 545 943 502 507
4 508 895 706 705
4 508 895 705 722
4 508 895 722 723
4 511 505 924 767
4 511 773 505 767
4 810 505 856 924
4 810 505 511 773
4 518 513 708 732
4 518 709 708 513
4 520 515 768 374
4 520 515 777 768
4 520 660 777 515
4 932 521 816 522
4 524 711 710 517
4 524 710 734 517
4 524 734 735 517
4 769 388 527 520
4 769 527 778 520
4 986 926 529 976
4 392 529 522 662
4 926 171 976 986
4 926 522 392 529
4 976 662 522 529
4 524 713 714 531
4 524 531 738 737
4 494 537 716 530
4 947 530 839 756
4 934 530 537 947
4 934 530 740 537
4 716 717 531 538
4 538 741 531 740
4 543 536 812 596
4 543 536 596 666
4 935 543 536 812
4 543 666 935 536
4 812 935 42 536
4 947 793 537 544
4 544 719 793 537
4 654 772 549 542
4 668 654 549 542
4 549 668 542 781
4 543 668 654 550
4 654 949 543 550
4 936 949 550 543
4 998 550 949 654
4 543 936 668 550
4 551 545 722 507
4 551 896 545 943
4 551 17 545 896
4 551 17 746 545
4 747 546 723 552
4 553 547 723 747
4 553 669 655 547
4 817 555 549 1001
4 555 773 549 810
4 1001 549 810 555
4 555 782 817 549
4 555 600 817 782
4 556 848 826 562
4 848 562 970 826
4 556 732 674 562
4 556 674 848 562
4 557 563 674 732
4 557 563 675 674
4 660 69 558 564
4 564 69 558 675
4 565 559 660 69
4 777 559 660 565
4 565 757 777 559
4 565 559 69 757
4 560 818 566 932
4 777 566 932 560
4 838 566 560 818
4 560 757 777 566
4 560 838 757 566
4 238 844 561 568
4 568 734 844 561
4 568 676 734 561
4 568 913 561 238
4 568 913 676 561
4 735 734 569 562
4 734 562 676 569
4 562 677 569 735
4 676 562 677 569
4 572 81 758 565
4 662 573 566 778
4 574 662 567 976
4 574 914 567 86
4 568 679 575 737
4 568 679 915 575
4 974 933 581 574
4 574 664 933 581
4 574 916 98 581
4 974 581 916 574
4 835 934 582 947
4 835 934 682 582
4 682 934 740 582
4 580 666 587 780
4 760 780 580 587
4 760 587 580 132
4 935 666 588 132
4 935 588 967 132
4 685 860 622 589
4 595 1008 588 917
4 587 595 588 852
4 936 1008 588 595
4 936 588 668 595
4 1008 917 284 588
4 852 588 917 595
4 746 688 597 591
4 592 669 139 598
4 593 599 139 669
4 593 599 669 782
4 911 782 599 593
4 911 599 873 593
4 593 599 635 139
4 600 911 594 782
4 918 595 600 594
4 600 918 594 911
4 675 601 674 604
4 957 604 898 601
4 786 604 957 601
4 674 898 604 601
4 786 604 601 675
4 605 675 851 69
4 605 851 786 804
4 605 675 786 851
4 605 69 851 804
4 602 69 757 606
4 602 841 804 606
4 602 804 69 606
4 602 842 960 606
4 602 606 757 842
4 602 960 841 606
4 676 677 603 609
4 899 603 937 609
4 676 609 603 899
4 609 603 748 677
4 609 748 603 937
4 677 604 748 610
4 677 678 604 610
4 749 678 610 604
4 610 748 749 604
4 678 81 605 611
4 605 678 611 749
4 81 670 605 611
4 758 783 613 607
4 607 897 783 613
4 607 613 914 331
4 915 293 615 608
4 915 615 679 608
4 341 293 608 615
4 341 608 790 615
4 679 615 790 608
4 679 680 609 616
4 679 616 609 790
4 609 750 616 680
4 790 616 609 750
4 95 671 619 612
4 759 619 620 612
4 612 620 613 884
4 98 613 620 794
4 884 794 620 613
4 98 621 614 794
4 916 614 98 621
4 305 622 808 329
4 623 622 808 682
4 623 616 682 808
4 752 623 616 683
4 684 683 624 617
4 617 752 683 624
4 684 624 753 617
4 619 626 672 117
4 619 626 760 784
4 619 672 626 784
4 620 760 132 1011
4 784 1011 760 620
4 132 628 972 621
4 628 132 1011 621
4 938 754 861 623
4 624 630 754 686
4 1009 687 625 133
4 755 1009 624 625
4 900 633 688 630
4 939 633 900 630
4 939 689 630 1009
4 1009 940 634 707
4 990 873 635 631
4 631 635 593 873
4 652 635 940 707
4 749 748 640 636
4 901 640 748 636
4 902 636 749 640
4 641 969 637 902
4 641 902 637 749
4 670 637 641 886
4 641 886 637 969
4 670 886 642 638
4 790 639 643 750
4 639 790 643 373
4 373 845 643 639
4 845 750 643 639
4 750 644 751 640
4 644 845 640 750
4 845 644 640 903
4 751 644 903 640
4 641 903 751 645
4 945 645 641 642
4 945 903 641 645
4 646 945 645 809
4 646 959 945 809
4 671 645 646 642
4 884 959 642 646
4 644 1012 752 647
4 644 647 904 828
4 644 647 753 904
4 904 645 648 753
4 904 648 645 809
4 645 648 646 809
4 942 809 648 904
4 948 906 809 648
4 884 649 367 948
4 784 884 649 1011
4 784 948 649 884
4 755 981 648 837
4 673 648 755 981
4 981 755 651 837
4 981 755 673 651
4 211 792 247 207
4 1014 427 908 34
4 827 446 103 109
4 67 103 446 109
4 798 103 453 446
4 453 446 103 827
4 74 930 73 46
4 73 930 56 46
4 52 58 928 79
4 170 506 131 1001
4 254 246 17 963
4 179 896 228 219
4 942 648 809 981
4 445 452 111 979
4 165 801 167 188
4 562 826 796 865
4 562 796 826 556
4 42 806 193 201
4 260 250 874 221
4 854 762 106 150
4 184 156 941 795
4 428 45 53 33
4 568 915 287 241
4 215 817 239 261
4 907 412 877 32
4 363 344 649 367
4 363 649 344 337
4 896 254 219 17
4 110 892 473 119
4 919 473 110 892
4 105 107 966 89
4 809 959 401 394
4 136 912 167 165
4 136 473 912 165
4 801 473 165 912
4 912 801 167 165
4 913 287 262 238
4 231 263 226 556
4 242 270 559 872
4 872 270 559 602
4 851 559 270 602
4 111 135 979 452

CELL_TYPES 4730
10
10
10
10
10
10
10
10
10
10
10
10
10
10
10
10
10
10
10
10
10
10
10
10
10
10
10
10
10
10
10
10
10
10
10
10
10
10
10
10
10
10
10
10
10
10
10
10
10
10
10
10
10
10
10
10
10
10
10
10
10
10
10
10
10
10
10
10
10
10
10
10
10
10
10
10
10
10
10
10
10
10
10
10
10
10
10
10
10
10
10
10
10
10
10
10
10
10
10
10
10
10
10
10
10
10
10
10
10
10
10
10
10
10
10
10
10
10
10
10
10
10
10
10
10
10
10
10
10
10
10
10
10
10
10
10
10
10
10
10
10
10
10
10
10
10
10
10
10
10
10
10
10
10
10
10
10
10
10
10
10
10
10
10
10
10
10
10
10
10
10
10
10
10
10
10
10
10
10
10
10
10
10
10
10
10
10
10
10
10
10
10
10
10
10
10
10
10
10
10
10
10
10
10
10
10
10
10
10
10
10
10
10
10
10
10
10
10
10
10
10
10
10
10
10
10
10
10
10
10
10
10
10
10
10
10
10
10
10
10
10
10
10
10
10
10
10
10
10
10
10
10
10
10
10
10
10
10
10
10
10
10
10
10
10
10
10
10
10
10
10
10
10
10
10
10
10
10
10
10
10
10
10
10
10
10
10
10
10
10
10
10
10
10
10
10
10
10
10
10
10
10
10
10
10
10
10
10
10
10
10
10
10
10
10
10
10
10
10
10
10
10
10
10
10
10
10
10
10
10
10
10
10
10
10
10
10
10
10
10
10
10
10
10
10
10
10
10
10
10
10
10
10
10
10
10
10
10
10
10
10
10
10
10
10
10
10
10
10
10
10
10
10
10
10
10
10
10
10
10
10
10
10
10
10
10
10
10
10
10
10
10
10
10
10
10
10
10
10
10
10
10
10
10
10
10
10
10
10
10
10
10
10
10
10
10
10
10
10
10
10
10
10
10
10
10
10
10
10
10
10
10
10
10
10
10
10
10
10
10
10
10
10
10
10
10
10
10
10
10
10
10
10
10
10
10
10
10
10
10
10
10
10
10
10
10
10
10
10
10
10
10
10
10
10
10
10
10
10
10
10
10
10
10
10
10
10
10
10
10
10
10
10
10
10
10
10
10
10
10
10
10
10
10
10
10
10
10
10
10
10
10
10
10
10
10
10
10
10
10
10
10
10
10
10
10
10
10
10
10
10
10
10
10
10
10
10
10
10
10
10
10
10
10
10
10
10
10
10
10
10
10
10
10
10
10
10
10
10
10
10
10
10
10
10
10
10
10
10
10
10
10
10
10
10
10
10
10
10
10
10
10
10
10
10
10
10
10
10
10
10
10
10
10
10
10
10
10
10
10
10
10
10
10
10
10
10
10
10
10
10
10
10
10
10
10
10
10
10
10
10
10
10
10
10
10
10
10
10
10
10
10
10
10
10
10
10
10
10
10
10
10
10
10
10
10
10
10
10
10
10
10
10
10
10
10
10
10
10
10
10
10
10
10
10
10
10
10
10
10
10
10
10
10
10
10
10
10
10
10
10
10
10
10
10
10
10
10
10
10
10
10
10
10
10
10
10
10
10
10
10
10
10
10
10
10
10
10
10
10
10
10
10
10
10
10
10
10
10
10
10
10
10
10
10
10
10
10
10
10
10
10
10
10
10
10
10
10
10
10
10
10
10
10
10
10
10
10
10
10
10
10
10
10
10
10
10
10
10
10
10
10
10
10
10
10
10
10
10
10
10
10
10
10
10
10
10
10
10
10
10
10
10
10
10
10
10
10
10
10
10
10
10
10
10
10
10
10
10
10
10
10
10
10
10
10
10
10
10
10
10
10
10
10
10
10
10
10
10
10
10
10
10
10
10
10
10
10
10
10
10
10
10
10
10
10
10
10
10
10
10
10
10
10
10
10
10
10
10
10
10
10
10
10
10
10
10
10
10
10
10
10
10
10
10
10
10
10
10
10
10
10
10
10
10
10
10
10
10
10
10
10
10
10
10
10
10
10
10
10
10
10
10
10
10
10
10
10
10
10
10
10
10
10
10
10
10
10
10
10
10
10
10
10
10
10
10
10
10
10
10
10
10
10
10
10
10
10
10
10
10
10
10
10
10
10
10
10
10
10
10
10
10
10
10
10
10
10
10
10
10
10
10
10
10
10
10
10
10
10
10
10
10
10
10
10
10
10
10
10
10
10
10
10
10
10
10
10
10
10
10
10
10
10
10
10
10
10
10
10
10
10
10
10
10
10
10
10
10
10
10
10
10
10
10
10
10
10
10
10
10
10
10
10
10
10
10
10
10
10
10
10
10
10
10
10
10
10
10
10
10
10
10
10
10
10
10
10
10
10
10
10
10
10
10
10
10
10
10
10
10
10
10
10
10
10
10
10
10
10
10
10
10
10
10
10
10
10
10
10
10
10
10
10
10
10
10
10
10
10
10
10
10
10
10
10
10
10
10
10
10
10
10
10
10
10
10
10
10
10
10
10
10
10
10
10
10
10
10
10
10
10
10
10
10
10
10
10
10
10
10
10
10
10
10
10
10
10
10
10
10
10
10
10
10
10
10
10
10
10
10
10
10
10
10
10
10
10
10
10
10
10
10
10
10
10
10
10
10
10
10
10
10
10
10
10
10
10
10
10
10
10
10
10
10
10
10
10
10
10
10
10
10
10
10
10
10
10
10
10
10
10
10
10
10
10
10
10
10
10
10
10
10
10
10
10
10
10
10
10
10
10
10
10
10
10
10
10
10
10
10
10
10
10
10
10
10
10
10
10
10
10
10
10
10
10
10
10
10
10
10
10
10
10
10
10
10
10
10
10
10
10
10
10
10
10
10
10
10
10
10
10
10
10
10
10
10
10
10
10
10
10
10
10
10
10
10
10
10
10
10
10
10
10
10
10
10
10
10
10
10
10
10
10
10
10
10
10
10
10
10
10
10
10
10
10
10
10
10
10
10
10
10
10
10
10
10
10
10
10
10
10
10
10
10
10
10
10
10
10
10
10
10
10
10
10
10
10
10
10
10
10
10
10
10
10
10
10
10
10
10
10
10
10
10
10
10
10
10
10
10
10
10
10
10
10
10
10
10
10
10
10
10
10
10
10
10
10
10
10
10
10
10
10
10
10
10
10
10
10
10
10
10
10
10
10
10
10
10
10
10
10
10
10
10
10
10
10
10
10
10
10
10
10
10
10
10
10
10
10
10
10
10
10
10
10
10
10
10
10
10
10
10
10
10
10
10
10
10
10
10
10
10
10
10
10
10
10
10
10
10
10
10
10
10
10
10
10
10
10
10
10
10
10
10
10
10
10
10
10
10
10
10
10
10
10
10
10
10
10
10
10
10
10
10
10
10
10
10
10
10
10
10
10
10
10
10
10
10
10
10
10
10
10
10
10
10
10
10
10
10
10
10
10
10
10
10
10
10
10
10
10
10
10
10
10
10
10
10
10
10
10
10
10
10
10
10
10
10
10
10
10
10
10
10
10
10
10
10
10
10
10
10
10
10
10
10
10
10
10
10
10
10
10
10
10
10
10
10
10
10
10
10
10
10
10
10
10
10
10
10
10
10
10
10
10
10
10
10
10
10
10
10
10
10
10
10
10
10
10
10
10
10
10
10
10
10
10
10
10
10
10
10
10
10
10
10
10
10
10
10
10
10
10
10
10
10
10
10
10
10
10
10
10
10
10
10
10
10
10
10
10
10
10
10
10
10
10
10
10
10
10
10
10
10
10
10
10
10
10
10
10
10
10
10
10
10
10
10
10
10
10
10
10
10
10
10
10
10
10
10
10
10
10
10
10
10
10
10
10
10
10
10
10
10
10
10
10
10
10
10
10
10
10
10
10
10
10
10
10
10
10
10
10
10
10
10
10
10
10
10
10
10
10
10
10
10
10
10
10
10
10
10
10
10
10
10
10
10
10
10
10
10
10
10
10
10
10
10
10
10
10
10
10
10
10
10
10
10
10
10
10
10
10
10
10
10
10
10
10
10
10
10
10
10
10
10
10
10
10
10
10
10
10
10
10
10
10
10
10
10
10
10
10
10
10
10
10
10
10
10
10
10
10
10
10
10
10
10
10
10
10
10
10
10
10
10
10
10
10
10
10
10
10
10
10
10
10
10
10
10
10
10
10
10
10
10
10
10
10
10
10
10
10
10
10
10
10
10
10
10
10
10
10
10
10
10
10
10
10
10
10
10
10
10
10
10
10
10
10
10
10
10
10
10
10
10
10
10
10
10
10
10
10
10
10
10
10
10
10
10
10
10
10
10
10
10
10
10
10
10
10
10
10
10
10
10
10
10
10
10
10
10
10
10
10
10
10
10
10
10
10
10
10
10
10
10
10
10
10
10
10
10
10
10
10
10
10
10
10
10
10
10
10
10
10
10
10
10
10
10
10
10
10
10
10
10
10
10
10
10
10
10
10
10
10
10
10
10
10
10
10
10
10
10
10
10
10
10
10
10
10
10
10
10
10
10
10
10
10
10
10
10
10
10
10
10
10
10
10
10
10
10
10
10
10
10
10
10
10
10
10
10
10
10
10
10
10
10
10
10
10
10
10
10
10
10
10
10
10
10
10
10
10
10
10
10
10
10
10
10
10
10
10
10
10
10
10
10
10
10
10
10
10
10
10
10
10
10
10
10
10
10
10
10
10
10
10
10
10
10
10
10
10
10
10
10
10
10
10
10
10
10
10
10
10
10
10
10
10
10
10
10
10
10
10
10
10
10
10
10
10
10
10
10
10
10
10
10
10
10
10
10
10
10
10
10
10
10
10
10
10
10
10
10
10
10
10
10
10
10
10
10
10
10
10
10
10
10
10
10
10
10
10
10
10
10
10
10
10
10
10
10
10
10
10
10
10
10
10
10
10
10
10
10
10
10
10
10
10
10
10
10
10
10
10
10
10
10
10
10
10
10
10
10
10
10
10
10
10
10
10
10
10
10
10
10
10
10
10
10
10
10
10
10
10
10
10
10
10
10
10
10
10
10
10
10
10
10
10
10
10
10
10
10
10
10
10
10
10
10
10
10
10
10
10
10
10
10
10
10
10
10
10
10
10
10
10
10
10
10
10
10
10
10
10
10
10
10
10
10
10
10
10
10
10
10
10
10
10
10
10
10
10
10
10
10
10
10
10
10
10
10
10
10
10
10
10
10
10
10
10
10
10
10
10
10
10
10
10
10
10
10
10
10
10
10
10
10
10
10
10
10
10
10
10
10
10
10
10
10
10
10
10
10
10
10
10
10
10
10
10
10
10
10
10
10
10
10
10
10
10
10
10
10
10
10
10
10
10
10
10
10
10
10
10
10
10
10
10
10
10
10
10
10
10
10
10
10
10
10
10
10
10
10
10
10
10
10
10
10
10
10
10
10
10
10
10
10
10
10
10
10
10
10
10
10
10
10
10
10
10
10
10
10
10
10
10
10
10
10
10
10
10
10
10
10
10
10
10
10
10
10
10
10
10
10
10
10
10
10
10
10
10
10
10
10
10
10
10
10
10
10
10
10
10
10
10
10
10
10
10
10
10
10
10
10
10
10
10
10
10
10
10
10
10
10
10
10
10
10
10
10
10
10
10
10
10
10
10
10
10
10
10
10
10
10
10
10
10
10
10
10
10
10
10
10
10
10
10
10
10
10
10
10
10
10
10
10
10
10
10
10
10
10
10
10
10
10
10
10
10
10
10
10
10
10
10
10
10
10
10
10
10
10
10
10
10
10
10
10
10
10
10
10
10
10
10
10
10
10
10
10
10
10
10
10
10
10
10
10
10
10
10
10
10
10
10
10
10
10
10
10
10
10
10
10
10
10
10
10
10
10
10
10
10
10
10
10
10
10
10
10
10
10
10
10
10
10
10
10
10
10
10
10
10
10
10
10
10
10
10
10
10
10
10
10
10
10
10
10
10
10
10
10
10
10
10
10
10
10
10
10
10
10
10
10
10
10
10
10
10
10
10
10
10
10
10
10
10
10
10
10
10
10
10
10
10
10
10
10
10
10
10
10
10
10
10
10
10
10
10
10
10
10
10
10
10
10
10
10
10
10
10
10
10
10
10
10
10
10
10
10
10
10
10
10
10
10
10
10
10
10
10
10
10
10
10
10
10
10
10
10
10
10
10
10
10
10
10
10
10
10
10
10
10
10
10
10
10
10
10
10
10
10
10
10
10
10
10
10
10
10
10
10
10
10
10
10
10
10
10
10
10
10
10
10
10
10
10
10
10
10
10
10
10
10
10
10
10
10
10
10
10
10
10
10
10
10
10
10
10
10
10
10
10
10
10
10
10
10
10
10
10
10
10
10
10
10
10
10
10
10
10
10
10
10
10
10
10
10
10
10
10
10
10
10
10
10
10
10
10
10
10
10
10
10
10
10
10
10
10
10
10
10
10
10
10
10
10
10
10
10
10
10
10
10
10
10
10
10
10
10
10
10
10
10
10
10
10
10
10
10
10
10
10
10
10
10
10
10
10
10
10
10
10
10
10
10
10
10
10
10
10
10
10
10
10
10
10
10
10
10
10
10
10
10
10
10
10
10
10
10
10
10
10
10
10
10
10
10
10
10
10
10
10
10
10
10
10
10
10
10
10
10
10
10
10
10
10
10
10
10
10
10
10
10
10
10
10
10
10
10
10
10
10
10
10
10
10
10
10
10
10
10
10
10
10
10
10
10
10
10
10
10
10
10
10
10
10
10
10
10
10
10
10
10
10
10
10
10
10
10
10
10
10
10
10
10
10
10
10
10
10
10
10
10
10
10
10
10
10
10
10
10
10
10
10
10
10
10
10
10
10
10
10
10
10
10
10
10
10
10
10
10
10
10
10
10
10
10
10
10
10
10
10
10
10
10
10
10
10
10
10
10
10
10
10
10
10
10
10
10
10
10
10
10
10
10
10
10
10
10
10
10
10
10
10
10
10
10
10
10
10
10
10
10
10
10
10
10
10
10
10
10
10
10
10
10
10
10
10
10
10
10
10
10
10
10
10
10
10
10
10
10
10
10
10
10
10
10
10
10
10
10
10
10
10
10
10
10
10
10
10
10
10
10
10
10
10
10
10
10
10
10
10
10
10
10
10
10
10
10
10
10
10
10
10
10
10
10
10
10
10
10
10
10
10
10
10
10
10
10
10
10
10
10
10
10
10
10
10
10
10
10
10
10
10
10
10
10
10
10
10
10
10
10
10
10
10
10
10
10
10
10
10
10
10
10
10
10
10
10
10
10
10
10
10
10
10
10
10
10
10
10
10
10
10
10
10
10
10
10
10
10
10
10
10
10
10
10
10
10
10
10
10
10
10
10
10
10
10
10
10
10
10
10
10
10
10
10
10
10
10
10
10
10
10
10
10
10
10
10
10
10
10
10
10
10
10
10
10
10
10
10
10
10
10
10
10
10
10
10
10
10
10
10
10
10
10
10
10
10
10
10
10
10
10
10
10
10
10
10
10
10
10
10
10
10
10
10
10
10
10
10
10
10
10
10
10
10
10
10
10
10
10
10
10
10
10
10
10
10
10
10
10
10
10
10
10
10
10
10
10
10
10
10
10
10
10
10
10
10
10
10
10
10
10
10
10
10
10
10
10
10
10
10
10
10
10
10
10
10
10
10
10
10
10
10
10
10
10
10
10
10
10
10
10
10
10
10
10
10
10
10
10
10
10
10
10
10
10
10
10
10
10
10
10
10
10
10
10
10
10
10
10
10
10
10
10
10
10
10
10
10
10
10
10
10
10
10
10
10
10
10
10
10
10
10
10
10
10
10
10
10
10
10
10
10
10
10
10
10
10
10
10
10
10
10
10
10
10
10
10
10
10
10
10
10
10
10
10
10
10
10
10
10
10
10
10
10
10
10
10
10
10
10
10
10
10
10
10
10
10
10
10
10
10
10
10
10
10
10
10
10
10
10
10
10
10
10
10
10
10
10
10
10
10
10
10
10
10
10
10
10
10
10
10
10
10
10
10
10
10
10
10
10
10
10
10
10
10
10
10
10
10
10
10
10
10
10
10
10
10
10
10
10
10
10
10
10
10
10
10
10
10
10
10
10
10
10
10
10
10
10
10
10
10
10
10
10
10
10
10
10
10
10
10
10
10
10
10
10
10
10
10
10
10
10
10
10
10
10
10
10
10
10
10
10
10
10
10
10
10
10
10
10
10
10
10
10
10
10
10
10
10
10
10
10
10
10
10
10
10
10
10
10
10
10
10
10
10
10
10
10
10
10
10
10
10
10
10
10
10
10
10
10
10
10
10
10
10
10
10
10
10
10
10
10
10
10
10
10
10
10
10
10
10
10
10
10
10
10
10
10
10
10
10
10
10
10
10
10
10
10
10
10
10
10
10
10
10
10
10
10
10
10
10
10
10
10
10
10
10
10
10
10
10
10
10
10
10
10
10
10
10
10
10
10
10
10
10
10
10
10
10
10
10
10
10
10
10
10
10
10
10
10
10
10
10
10
10
10
10
10
10
10
10
10
10
10
10
10
10
10
10
10
10
10
10
10
10
10
10
10
10
10
10
10
10
10
10
10
10
10
10
10
10
10
10
10
10
10
10
10
10
10
10
10
10
10
10
10
10
10
10
10
10
10
10
10
10
10
10
10
10
10
10
10
10
10
10
10
10
10
10
10
10
10
10
10
10
10
10
10
10
10
10
10
10
10
10
10
10
10
10
10
10
10
10
10
10
10
10
10
10
10
10
10
10
10
10
10
10
10
10
10
10
10
10
10
10
10
10
10
10
10
10
10
10
10
10
10
10
10
10
10
10
10
10
10
10
10
10
10
10
10
10
10
10
10
10
10
10
10
10
10
10
10
10
10
10
10
10
10
10
10
10
10
10
10
10
10
10
10
10
10
10
10
10
10
10
10
10
10
10
10
10
10
10
10
10
10
10
10
10
10
10
10
10
10
10
10
10
10
10
10
10
10
10
10
10
10
10
10
10
10
10
10
10
10
10
10
10
10
10
10
10
10
10
10
10
10
10
10
10
10
10
10
10
10
10
10
10
10
10
10
10
10
10
10
10
10
10
10
10
10
10
10
10
10
10
10
10
10
10
10
10
10
10
10
10
10
10
10
10
10
10
10
10
10
10
10
10
10
10
10
10
10
10
10
10
10
10
10
10
10
10
10
10
10
10
10
10
10
10
10
10
10
10
10
10
10
10
10
10
10
10
10
10
10
10
10
10
10
10
10
10
10
10
10
10
10
10
10
10
10
10
10
10
10
10
10
10
10
10
10
10
10
10
10
10
10
10
10
10
10
10
10
10
10
10
10
10
10
10
10
10
10
10
10
10
10
10
10
10
10
10
10
10
10
10
10
10
10
10
10
10
10
10
10
10
10
10
10
10
10
10
10
10
10
10
10
10
10
10
10
10
10
10
10
10
10
10
10
10
10
10
10
10
10
10
10
10
10
10
10
10
10
10
10
10
10
10
10
10
10
10
10
10
10
10
10
10
10
10
10
10
10
10
10
10
10
10
10
10
10
10
10
10
10
10
10
10
10
10
10
10
10
10
10
10
10
10
10
10
10
10
10
10
10
10
10
10
10
10
10
10
10
10
10
10
10
10
10
10
10
10
10
10
10
10
10
10
10
10
10
10
10
10
10
10
10
10
10
10
10
10
10
10
10
10
10
10
10
10
10
10
10
10
10
10
10
10
10
10
10
10
10
10
10
10
10
10
10
10
10
10
10
10
10
10
10
10
10
10
10
10
10
10
10
10
10
10
10
10
10
10
10
10
10
10
10
10
10
10
10
10
10
10
10
10
10
10
10
10
10
10
10
10
10
10
10
10
10
10
10
10
10
10
10
10
10
10
10
10
10
10
10
10
10
10
10
10
10
10
10
10
10
10
10
10
10
10
10
10
10
10
10
10
10
10
10
10
10
10
10
10
10
10
10
10
10
10
10
10
10
10
10
10
10
10
10
10
10
10
10
10
10
10
10
10
10
10
10
10
10
10
10
10
10
10
10
10
10
10
10
10
10
10
10
10
10
10
10
10
10
10
10
10
10
10
10
10
10
10
10
10
10
10
10
10
10
10
10
10
10
10
10
10
10
10
10
10
10
10
10
10
10
10
10
10
10
10
10
10
10
10
10
10
10
10
10
10
10
10
10
10
10
10
10
10
10
10
10
10
10
10
10
10
10
10
10
10
10
10
10
10
10
10
10
10
10
10
10
10
10
10
10
10
10
10
10
10
10
10
10
10
10
10
10
10
10
10
10
10
10
10
10
10
10
10
10
10
10
10
10
10
10
10
10
10
10
10
10
10
10
10
10
10
10
10
10
10
10
10
10
10
10
10
10
10
10
10
10
10
10
10
10
10
10
10
10
10
10
10
10
10
10
10
10
10
10
10
10
10
10
10
10
10
10
10
10
10
10
10
10
10
10
10
10
10
10
10
10
10
10
10
10
10
10
10
10
10
10
10
10
10
10
10
10
10
10
10
10
10
10
10
10
10
10
10
10
10
10
10
10
10
10
10
10
10
10
10
10
10
10
10
10
10
10
10
10
10
10
10
10
10
10
10
10
10
10
10
10
10
10
10
10
10
10
10
10
10
10
10
10
10
10
10
10
10
10
10
10
10
10
10
10
10
10
10
10
10
10
10
10
10
10
10
10
10
10
10
10
10
10
10
10
10
10
10
10
10
10
10
10
10
10
10
