# vtk DataFile Version 2.0
ftet_output_attempt_0, Created by Gmsh 4.13.1 
ASCII
DATASET UNSTRUCTURED_GRID
POINTS 999 double
-0.197044 -0.00574073 0.010059
-0.196427 0.0132088 -0.0135962
-0.194933 -0.024008 -0.0197166
-0.192705 -0.00829659 -0.0421016
-0.192622 -0.0423294 0.00700084
-0.192115 0.0416285 0.0176658
-0.191282 0.0244866 0.042141
-0.18998 -0.0228412 0.0487344
-0.190494 0.0483478 -0.0187587
-0.188854 0.025548 -0.0515938
-0.188379 -0.0558762 -0.0191667
-0.18572 -0.0565451 0.0359209
-0.184442 -0.038497 -0.0591829
-0.182276 0.0225128 0.0726523
-0.181512 -0.0189788 -0.0757603
-0.18178 0.076627 -0.00609994
-0.180011 -0.0797871 0.0131197
-0.175947 -0.0555847 0.0704549
-0.178183 0.0657756 -0.0539412
-0.178731 -0.000813621 0.08436879999999999
-0.174496 0.0877752 0.0285078
-0.176108 0.08566070000000001 -0.0245161
-0.175464 0.064632 0.0635312
-0.17507 0.00437792 -0.09158189999999999
-0.17396 -0.0763171 -0.0537685
-0.174724 0.0468417 -0.079391
-0.171576 -0.057758 -0.0790597
-0.1718 -0.0954131 -0.0184538
-0.167694 0.0573034 0.08742179999999999
-0.17077 -0.0326763 0.094094
-0.16824 -0.0986876 0.030449
0.023733 0.133265 -0.09866809999999999
-0.16874 -0.08374180000000001 0.0592464
-0.165101 0.0893694 -0.061292
-0.162912 -0.0394192 -0.104886
-0.162114 0.111169 0.0178611
-0.159391 -0.116245 0.00555898
-0.158406 -0.108625 -0.0456536
-0.157151 0.0705959 -0.0968769
-0.156847 0.10305 0.0614706
-0.156177 -0.0828676 0.0883149
-0.153191 -0.0992994 -0.0755569
-0.155457 0.0281157 -0.119108
-0.154914 0.114781 -0.0425597
-0.151198 0.0860508 0.0938682
-0.157196 0.0221368 0.118116
-0.154443 -0.0562035 0.110081
-0.153412 0.123173 -0.0155643
-0.153519 -0.0170289 0.123656
-0.146668 0.126088 0.0395634
-0.149794 -0.07768700000000001 -0.103075
-0.149991 -0.120973 0.0429016
-0.143483 -0.133092 -0.025569
-0.143786 0.062657 0.12057
-0.142164 0.00708471 0.137632
-0.138278 -0.0468822 -0.133713
-0.143531 -0.112708 0.0756998
-0.135576 -0.143073 0.0103408
-0.133121 0.0622286 -0.132675
-0.135075 -0.0334118 0.140956
-0.133465 -0.128778 -0.0679603
-0.132708 0.108934 -0.09800830000000001
-0.128211 -0.104207 0.108708
-0.128901 0.135058 0.064355
-0.130929 0.0188593 -0.147505
-0.130001 0.145285 0.0310479
-0.128068 0.147632 -0.0276066
-0.12914 0.135799 -0.0622181
-0.129448 -0.0733499 0.130496
-0.127044 -0.112511 -0.101478
-0.125643 0.0865479 0.126093
-0.124198 0.11846 0.098022
-0.124491 0.094155 -0.121566
-0.12417 0.0451513 0.147637
-0.12122 -0.145171 0.0568974
-0.121238 -0.08325829999999999 -0.132506
-0.117577 -0.0198246 0.158314
-0.115317 -0.152876 -0.0483021
-0.115082 -0.134385 0.08797919999999999
-0.109542 0.0594951 -0.154069
-0.104195 0.148314 -0.07855769999999999
-0.109227 0.124672 -0.107817
-0.108416 0.07273590000000001 0.149008
-0.111742 -0.161167 -0.022137
-0.107731 0.158006 -0.0492142
-0.109522 -0.0550513 0.155686
-0.109208 -0.0272468 -0.163199
0.0666481 -0.116588 0.0266473
-0.104513 0.149684 0.07553
-0.103167 -0.165219 0.0318834
-0.09856239999999999 0.102072 -0.138068
0.0690725 -0.0690499 0.0235044
-0.096634 0.0172069 0.172342
-0.10481 -0.0630648 -0.155914
-0.095497 0.100959 0.141096
-0.09741859999999999 -0.117181 0.126322
-0.100409 -0.139962 -0.09693110000000001
-0.0983549 0.0365455 -0.168254
-0.0957402 0.128692 0.115783
-0.0993353 0.164101 0.0468714
-0.09162430000000001 -0.161854 0.0665174
-0.0890121 0.17607 -0.0038922
-0.0881794 -0.146375 0.0994288
-0.0907449 0.00910152 -0.176202
-0.09207890000000001 -0.104881 -0.140528
-0.08837830000000001 -0.0267717 0.175624
-0.0863768 0.175357 0.0273642
-0.0901536 0.0492918 0.169643
-0.0810198 -0.0968782 0.152693
-0.0813561 -0.173738 -0.0468004
-0.0825598 -0.161287 -0.0787163
-0.0783243 0.125453 -0.131538
0.06747740000000001 -0.06801169999999999 0.114745
-0.0845562 -0.177954 -0.0121699
-0.0826205 -0.0744591 -0.164142
-0.0853927 0.0703493 -0.164556
-0.0783918 0.176926 -0.0391203
-0.07430290000000001 0.0746585 0.168006
-0.0781297 -0.0568005 0.173237
-0.0751759 -0.0269771 -0.181668
-0.0726952 0.153702 0.100969
-0.0660403 0.169056 -0.07801329999999999
-0.076348 0.148956 -0.105223
-0.0768194 0.166148 0.0743144
-0.0719684 -0.145964 -0.11238
-0.0696922 0.133087 0.128832
0.0692873 -0.0227614 0.023468
0.0677542 -0.0247264 0.116292
-0.0672305 -0.138327 0.124513
-0.0666216 0.00482065 0.186994
-0.0638439 -0.119129 -0.144782
-0.0654406 0.0384564 0.183432
-0.0643292 -0.183496 0.0340082
0.06929059999999999 0.0234626 0.0234467
-0.0606279 0.18774 0.00424156
-0.06269180000000001 -0.187059 0.00420403
-0.0598054 0.179498 0.056548
0.0685658 0.0214409 0.113463
-0.0593701 -0.0796854 -0.171662
-0.0576635 0.0108445 -0.189744
0.0695505 0.0699212 0.0219107
-0.0580566 0.052384 -0.182414
-0.0592768 0.100495 0.160268
-0.0593497 -0.117595 0.147965
-0.054457 -0.178004 -0.06616900000000001
-0.0548865 -0.167632 0.0890565
-0.0606646 0.0931394 -0.164177
-0.0554806 -0.179782 0.0600465
-0.0539224 -0.187415 -0.030559
0.0697405 0.116901 0.0201458
-0.0470264 0.188987 0.0323554
-0.0499628 -0.153406 0.114382
-0.047706 0.123674 -0.147241
-0.0467111 0.184096 -0.0540487
-0.0445025 -0.0477757 -0.187516
-0.0449858 0.0626674 0.182877
-0.0441712 -0.153761 -0.116332
-0.0436875 -0.169867 -0.0910999
-0.0399728 -0.09910389999999999 0.167022
-0.0423217 0.191811 -0.0195785
-0.041648 -0.0282588 0.1922
-0.0401642 0.149639 -0.123035
-0.0352576 0.176108 0.08242190000000001
-0.0374296 -0.0963556 -0.16924
-0.035899 -0.0127576 -0.195131
-0.0257737 0.106123 -0.165529
-0.0314098 -0.135359 -0.141111
-0.03068 0.0569059 -0.187738
-0.024783 0.195738 0.00353022
-0.029035 0.11738 0.157014
-0.0259356 -0.0706639 0.183698
-0.0313317 0.0164424 0.195677
-0.0250426 -0.182311 0.07175339999999999
-0.0244443 0.152657 0.123476
-0.0276812 -0.137174 0.140165
-0.0239228 0.185908 0.062097
-0.023478 -0.19584 -0.00593891
-0.0233742 -0.192849 0.0349021
-0.0177781 0.0216634 -0.196926
-0.0179073 0.125287 -0.152468
-0.0174534 -0.192289 -0.0411931
-0.0096232 0.194599 0.0318831
-0.0164974 0.08271870000000001 0.179671
-0.0154952 0.170374 -0.0990533
-0.0136567 -0.0585263 -0.189265
-0.0124334 -0.164447 0.109137
-0.0111001 0.0452735 0.193183
-0.012171 0.194354 -0.0322126
-0.00999095 -0.109394 -0.165108
-0.0152325 0.0842031 -0.179045
-0.00752121 -0.117447 0.159534
-0.00453865 -0.0151542 -0.198317
-0.00763665 0.173537 0.0943972
-0.011129 -0.0219652 0.197369
-0.00847727 -0.182635 -0.0749302
-0.00383423 -0.145308 -0.134398
0.00406697 0.155963 0.121635
-0.00505199 0.188132 -0.0597781
-0.008277730000000001 -0.168496 -0.103205
-0.00122683 -0.195871 -0.0243275
0.00195961 0.113091 -0.162787
-0.00108968 0.120236 0.157535
0.000601046 0.00923129 0.198823
0.00126053 -0.0426348 0.194128
0.00409681 0.153198 -0.125199
0.003286 -0.147479 0.131978
0.0068247 -0.091681 0.175818
0.00722114 0.0435808 -0.193764
0.0103212 -0.0848864 -0.179073
0.008402160000000001 -0.196533 0.0161462
0.00696271 0.197266 -0.000375233
0.014112 0.0766215 -0.182535
0.0162717 -0.188341 0.05717
0.0189687 -0.0244469 0.196462
0.0166709 0.173128 -0.0940173
0.0177471 0.0574045 0.189278
0.0208929 -0.0473983 -0.191782
0.0211043 0.131034 0.147091
0.0215135 -0.188465 -0.0547923
0.0225281 0.00119373 -0.197601
0.022754 0.188081 0.0556255
0.0266938 0.142367 -0.134952
0.0301177 0.193781 0.0223963
0.0271836 0.171069 0.0952394
0.022921 -0.124869 0.15211
0.0268364 0.091498 0.173946
0.0270261 0.00406075 0.196975
0.0259988 -0.170578 0.0964593
0.0247568 -0.119446 -0.156167
0.0285733 -0.149034 -0.127066
0.0297434 0.192786 -0.0304128
0.0313602 -0.173784 -0.08865820000000001
0.0278289 -0.0733166 0.182305
0.0378061 -0.146809 0.127241
0.0361383 -0.193944 0.0049006
0.0371694 -0.191981 -0.0270388
0.0393724 0.180693 -0.06934419999999999
0.0388561 -0.080625 -0.177058
0.0409408 0.151086 0.120968
0.0446621 0.0646514 -0.182236
0.0472978 -0.178014 0.07129679999999999
0.0476354 0.09935040000000001 -0.164876
0.0502492 -0.0995139 0.163939
0.0496618 0.0269442 -0.190437
0.0495266 0.159958 -0.105156
0.0563154 -0.186251 0.0333652
0.0547882 0.107873 0.156936
0.0609766 -0.187589 -0.00565287
0.0556122 0.176786 0.0683539
0.0521564 0.0678676 0.179032
0.0573296 -0.135193 0.132782
0.0577238 -0.0201667 -0.188917
0.0557136 0.135489 -0.133208
0.0600289 0.03795 0.18535
0.0604114 0.184439 0.0359446
0.0612893 0.182856 -0.0420892
0.0634343 -0.0336865 0.185044
0.0690904 -0.070662 0.171964
0.0638987 0.161266 0.09478
0.0599681 0.131514 0.135271
0.06274250000000001 -0.096176 -0.16157
0.06579989999999999 -0.149645 -0.11133
0.0661511 -0.178754 -0.0515101
0.0627495 -0.168211 -0.0824915
0.0665158 0.185863 -0.00158214
0.0668226 -0.124772 -0.138479
0.07458529999999999 0.00620414 0.183863
0.07123549999999999 0.0112087 -0.184928
0.07214039999999999 -0.174151 0.0590321
0.0647295 -0.161304 0.0941848
0.07370309999999999 0.106843 -0.149641
0.0748577 0.07974489999999999 -0.165414
0.07651479999999999 -0.109361 0.146365
0.0777028 0.139388 0.116894
0.0785151 0.16619 -0.0724211
0.0844664 0.106977 0.143651
0.0824616 0.049293 -0.173544
0.0837855 0.13101 -0.122289
0.0846383 -0.0228501 0.17798
0.0847046 -0.177441 -0.0175149
0.0810477 0.0755118 0.164445
0.0818226 0.168043 0.0637737
0.0843184 -0.0504602 -0.172295
0.0905836 -0.159586 0.0730678
0.0905999 -0.15867 -0.0751264
0.0907159 -0.1738 0.0227887
0.08977830000000001 0.14824 -0.09510830000000001
0.091208 -0.136503 0.110402
0.100049 -0.0203364 -0.170066
0.0928523 -0.0560803 0.166002
0.09828199999999999 -0.165672 -0.0432573
0.0971963 0.11133 -0.131662
0.0972954 -0.116171 -0.127308
0.0982676 0.170537 0.0142576
0.09760439999999999 0.148055 0.087227
0.0987174 0.167873 -0.0322191
0.101472 -0.0850544 0.147384
0.0995134 -0.123642 0.118154
0.10067 0.08634360000000001 -0.147174
0.09731620000000001 0.0170916 -0.17197
0.104568 0.0420771 0.163071
0.106044 0.150497 -0.071496
0.110653 6.55888e-05 0.164549
0.10884 -0.0753849 -0.147383
0.109301 0.155208 0.054247
0.109667 -0.127277 -0.104224
0.116508 -0.13009 0.09262239999999999
0.108396 0.116558 0.117493
0.108636 0.08374330000000001 0.142824
0.113098 -0.161357 -0.0111515
0.119062 -0.09568889999999999 -0.125869
0.117022 -0.153798 0.040345
0.11756 0.151794 -0.0459429
0.111392 0.0540205 -0.154737
0.120244 -0.0342008 0.153776
0.123681 0.153559 -0.009651959999999999
0.120746 0.115017 -0.106208
0.124011 -0.0490659 -0.146471
0.123321 -0.14125 0.0618916
0.125248 0.150553 0.0245864
0.128469 -0.106061 0.106533
0.125727 0.0225539 -0.15143
0.127527 0.131349 0.0742112
0.132654 -0.06640260000000001 0.131009
0.126495 -0.14535 -0.0428473
0.133318 -0.104774 -0.101704
0.130556 0.112452 0.0968195
0.129994 0.133734 -0.064981
0.134274 0.08448120000000001 -0.118237
0.132931 0.0561217 0.135549
0.134645 0.0839598 0.118188
0.138765 0.137636 -0.0278836
0.135504 -0.0144895 -0.143693
0.137232 -0.1234 -0.07042379999999999
0.137873 -0.137954 0.0307112
0.138652 0.0211438 0.139826
0.142908 -0.115235 0.0729228
0.143044 -0.0755678 -0.113795
0.143631 -0.0134343 0.135591
0.145394 0.108219 -0.07868070000000001
0.1472 0.124452 0.0425475
0.143549 -0.135267 -0.00612808
0.150179 0.11908 -0.0474569
0.150915 -0.120172 -0.0418448
0.149824 -0.04251 -0.121997
0.152148 -0.041869 0.119329
0.15232 -0.0809807 0.0965424
0.152738 0.124328 0.0131207
0.153661 0.0409866 -0.117684
0.157312 0.0737172 -0.0943654
0.154255 0.0726536 0.1001
0.155432 0.0964135 0.0746435
0.152493 0.048349 0.116346
0.156916 -0.11101 0.044959
0.161405 0.112583 -0.0146586
0.162744 -0.0935541 -0.0612581
0.163437 0.0249448 0.108534
0.163878 0.00604137 -0.110608
0.161578 -0.112933 0.00998399
0.166385 -0.102986 -0.0257452
0.170615 -0.0249472 -0.0966834
0.17052 0.0895402 0.0433497
0.17036 -0.08055710000000001 0.0591982
0.170811 -0.049469 0.08619739999999999
0.171055 -0.0081151 0.0987862
0.171214 -0.0726136 -0.0666302
0.171695 0.0625463 0.07516150000000001
0.170662 0.08962050000000001 -0.0426186
0.17526 0.0382842 -0.08279359999999999
0.174884 -0.08752409999999999 0.0266036
0.175832 0.089388 0.00565243
0.178146 -0.0569381 0.063386
0.177716 -0.0856339 -0.00589886
0.176229 -0.0452681 -0.0770497
0.178957 0.0586769 -0.0593779
0.18038 0.00134042 -0.0805941
0.181725 -0.0646188 -0.0422236
0.18288 0.0698476 0.024962
0.184084 0.0669257 -0.0243775
0.180991 0.0192796 0.0768876
0.18476 -0.0141254 0.0683788
0.188448 -0.0541356 0.0225328
0.187909 -0.0579406 -0.017224
0.188304 -0.0246448 -0.0539813
0.188318 0.0335034 -0.0490029
0.189734 0.0543601 0.00104126
0.190471 -0.025241 0.0453337
0.190389 0.00555784 -0.0519289
0.191754 0.0238736 0.0403788
0.194665 0.0226588 -0.0232319
0.195665 -0.0192715 -0.0178804
0.195962 -0.0135524 0.0195334
0.196377 0.0183429 0.007858489999999999
-0.136786 -0.0890254 -0.042022
-0.138735 -0.0938692 0.00325677
-0.134476 -0.0882922 0.047257
-0.132202 -0.0454917 -0.09180199999999999
-0.136107 -0.0448005 -0.0433569
-0.138829 -0.0449692 0.00261244
-0.138326 -0.0434889 0.0464782
-0.1341 -0.0432127 0.092664
-0.1373 0.00278472 -0.0920656
-0.135604 -0.0005013110000000001 -0.041439
-0.137125 0.00281457 0.00163211
-0.137909 0.00201571 0.0442078
-0.140778 0.0027848 0.0941847
-0.134015 0.0439459 -0.08822099999999999
-0.139669 0.0457857 -0.0476039
-0.137743 0.0437671 0.000804075
-0.132027 0.0467497 0.0456177
-0.135318 0.0451012 0.0876271
-0.137642 0.08804679999999999 -0.0453764
-0.141084 0.0915716 0.00113091
-0.136804 0.0882859 0.0442644
-0.0896416 -0.13558 -0.044468
-0.0931516 -0.138866 0.00344249
-0.0918254 -0.136543 0.0411879
-0.0899681 -0.0957046 -0.087727
-0.0914799 -0.09166349999999999 -0.0457789
-0.0932933 -0.0926357 -8.10007e-05
-0.0912405 -0.0919121 0.04752
-0.09225460000000001 -0.08953990000000001 0.09242640000000001
-0.0883365 -0.0428992 -0.140293
-0.0910262 -0.0424984 -0.0895794
-0.0924015 -0.0457731 -0.0462092
-0.09228459999999999 -0.0457944 -8.58762e-05
-0.0925962 -0.0458461 0.0468381
-0.0936805 -0.044804 0.0942852
-0.0917972 -0.0454959 0.136323
-0.090527 0.000923242 -0.14149
-0.09480329999999999 -0.00151724 -0.0906926
-0.0924519 0.000300053 -0.0462563
-0.09260119999999999 0.000343121 0.000153106
-0.09257990000000001 0.000380175 0.0467074
-0.09460789999999999 0.00132647 0.09266779999999999
-0.090363 -0.00220981 0.139568
-0.0903626 0.0462889 -0.13552
-0.0930309 0.0412754 -0.09078600000000001
-0.09260119999999999 0.0465522 -0.0464767
-0.09254569999999999 0.0465118 0.000152212
-0.09260119999999999 0.0465522 0.0467829
-0.0928504 0.0442892 0.0939275
-0.0896879 0.0446635 0.135304
-0.0951534 0.0942857 -0.09402679999999999
-0.09016109999999999 0.0915503 -0.0482039
-0.0928099 0.09271459999999999 -0.000623827
-0.0925834 0.0928932 0.0456082
-0.09222959999999999 0.0940723 0.09382210000000001
-0.092034 0.139715 -0.00452335
-0.089988 0.133848 0.0466272
-0.0462101 -0.138038 -0.0890281
-0.0457754 -0.139944 -0.0455387
-0.0443794 -0.135929 -0.000364866
-0.0418666 -0.134679 0.0440822
-0.0469272 -0.135983 0.0872232
-0.0422317 -0.08959019999999999 -0.137687
-0.0449665 -0.08970350000000001 -0.09245440000000001
-0.0484515 -0.0906324 -0.0485849
-0.0463734 -0.0919329 3.68283e-05
-0.0471985 -0.0926029 0.0468008
-0.0435156 -0.09262910000000001 0.0959044
-0.0450113 -0.09011950000000001 0.136804
-0.0449771 -0.0449799 -0.13479
-0.0471039 -0.0469116 -0.09403739999999999
-0.0463473 -0.045866 -0.0464767
-0.0463473 -0.045866 0.000153106
-0.0463473 -0.045866 0.0467829
-0.0463633 -0.0459304 0.0930819
-0.0460625 -0.0478896 0.134182
-0.044357 0.00177663 -0.139717
-0.0464409 0.000288711 -0.0930912
-0.0463394 0.000342571 -0.0464735
-0.0463472 0.000343114 0.000153269
-0.0463473 0.000343121 0.0467829
-0.0463473 0.000343121 0.0934127
-0.045992 -0.0018326 0.135927
-0.0433469 0.0439757 -0.14112
-0.0463034 0.0465597 -0.0931265
-0.0463473 0.0465522 -0.0464767
-0.0463473 0.0465522 0.000153106
-0.046335 0.0465394 0.0467217
-0.0454796 0.0456382 0.0922618
-0.0453612 0.0472418 0.136816
-0.0436298 0.09501569999999999 -0.13484
-0.0413413 0.0943363 -0.09103609999999999
-0.0461485 0.092764 -0.0463734
-0.0463509 0.09250269999999999 0.000110347
-0.0463473 0.0927613 0.0467829
-0.0462295 0.0915832 0.0917441
-0.045455 0.0897168 0.134039
-0.0431063 0.137211 -0.0905999
-0.0473094 0.138951 -0.0441266
-0.0459369 0.134789 -0.00144649
-0.0460291 0.140185 0.0494304
-0.0449569 0.13296 0.0935874
0.000443073 -0.137181 -0.0906043
-0.00234236 -0.137596 -0.0471077
0.00176305 -0.134219 0.000201337
0.000327286 -0.133563 0.045799
-0.00212847 -0.137639 0.0921477
0.00380433 -0.0885378 -0.136389
-0.00321339 -0.0925073 -0.0931877
-0.000268712 -0.09203119999999999 -0.0465192
-9.344900000000001e-05 -0.09207509999999999 0.000153106
-8.522590000000001e-05 -0.09177689999999999 0.0467623
-0.000427482 -0.0919798 0.09215230000000001
-0.00367691 -0.0897758 0.138579
0.00172449 -0.0449757 -0.137046
-9.344900000000001e-05 -0.045866 -0.09310649999999999
-9.344900000000001e-05 -0.045866 -0.0464767
-9.344900000000001e-05 -0.045866 0.000153106
-9.334110000000001e-05 -0.0458499 0.0467826
-9.344900000000001e-05 -0.045866 0.0934127
0.00228148 -0.0464315 0.137225
0.00131452 -0.00181758 -0.137941
-7.23434e-05 0.000311285 -0.09301039999999999
-9.344900000000001e-05 0.000343121 -0.0464767
-9.344900000000001e-05 0.000343121 0.000153106
-9.344900000000001e-05 0.000343121 0.0467829
-7.36418e-05 0.000348946 0.0932901
0.00117322 0.0007185820000000001 0.137837
-0.00223322 0.0467328 -0.135283
-9.344900000000001e-05 0.0465522 -0.09310649999999999
-9.344900000000001e-05 0.0465522 -0.0464767
-9.395639999999999e-05 0.0465191 0.000153006
-9.344900000000001e-05 0.0465522 0.0467829
-9.344900000000001e-05 0.0465522 0.0934127
-0.000168297 0.0493786 0.137555
-0.000327761 0.0878424 -0.143292
0.000970158 0.0948199 -0.09282840000000001
-9.344900000000001e-05 0.0927613 -0.0464767
-0.000130964 0.0921516 0.000146384
-0.000169155 0.0924532 0.0469551
-0.00325648 0.09594569999999999 0.0956943
-0.00199607 0.0895975 0.141791
-0.00401642 0.137349 -0.0904906
0.0013525 0.135072 -0.04823
0.00232301 0.134454 0.00391693
0.00191651 0.139247 0.0458412
0.00233199 0.135904 0.095003
0.0416283 -0.131819 -0.0961299
0.0432211 -0.136533 -0.0473928
0.0426066 -0.136019 0.000614132
0.0447114 -0.140275 0.0473763
0.042337 -0.134413 0.0919634
0.0458123 -0.0923504 -0.134935
0.0495619 -0.08934549999999999 -0.0912818
0.0460971 -0.0919436 -0.046397
0.0471615 -0.0934821 0.000491777
0.0457678 -0.092098 0.0471467
0.0441524 -0.09130489999999999 0.09270879999999999
0.051163 -0.095012 0.134265
0.0468981 -0.043656 -0.135335
0.0461769 -0.0456726 -0.09280679999999999
0.0461604 -0.045866 -0.0464767
0.0461196 -0.0458698 0.000153149
0.0460305 -0.0458585 0.0467573
0.0456532 -0.0458875 0.0930136
0.0445405 -0.0451088 0.139258
0.0471734 -0.00309833 -0.138584
0.0461604 0.000343121 -0.09310649999999999
0.0461604 0.000343121 -0.0464767
0.0461606 0.000344341 0.000151219
0.0461374 0.000348971 0.0467763
0.0458697 -0.000140216 0.0926865
0.0456346 0.00312478 0.135468
0.045648 0.0428989 -0.134783
0.0461245 0.0464734 -0.09280960000000001
0.0461604 0.0465522 -0.0464767
0.0461617 0.0465416 -4.7052e-05
0.0462198 0.0466126 0.0466043
0.0460366 0.0464361 0.0932394
0.0470637 0.0462083 0.139819
0.0445355 0.0882802 -0.136846
0.045229 0.0925754 -0.09253459999999999
0.0482355 0.0923524 -0.044862
0.0464044 0.0924445 -0.0012816
0.0477964 0.09376080000000001 0.0479809
0.0439714 0.0922288 0.09303549999999999
0.0428113 0.134044 -0.0440887
0.0480099 0.137761 -0.000666508
0.0492219 0.137007 0.0444077
0.0424027 0.135686 0.0928175
0.0892791 -0.134066 -0.0464805
0.09126919999999999 -0.137209 0.00161614
0.09064469999999999 -0.135566 0.0415775
0.0926728 -0.08919390000000001 -0.0916931
0.0913139 -0.0923644 -0.0463329
0.0897145 -0.0951207 0.0012187
0.092435 -0.0937289 0.043529
0.09417059999999999 -0.098699 0.0892178
0.0873448 -0.046492 -0.138053
0.0914807 -0.0459832 -0.0928659
0.09244140000000001 -0.0458805 -0.0464852
0.0920337 -0.045808 8.3359e-05
0.09070010000000001 -0.0450816 0.0457562
0.0909223 -0.0468284 0.09127250000000001
0.0922525 -0.0454267 0.136022
0.09228980000000001 -0.00329544 -0.138954
0.0913151 -0.00188043 -0.0935071
0.0924143 0.000343121 -0.0464767
0.0922608 0.000340743 0.000114177
0.0919548 0.000387107 0.0466899
0.0942088 -0.00428325 0.09202689999999999
0.0904302 0.0015327 0.139107
0.08696329999999999 0.0446026 -0.13875
0.09193560000000001 0.0458861 -0.09340660000000001
0.09228889999999999 0.0486522 -0.044906
0.0922951 0.0465732 -0.000933343
0.0926949 0.0466014 0.0462003
0.0928542 0.0499894 0.090373
0.0909697 0.0452523 0.137013
0.0874404 0.0954212 -0.0927907
0.0908191 0.09116290000000001 -0.0532345
0.0913264 0.09350899999999999 0.047593
0.091201 0.0920306 0.089562
0.08538419999999999 0.134777 -0.0522569
0.0904982 0.14127 0.00127712
0.132163 -0.09007519999999999 -0.0439039
0.136711 -0.0906402 0.00130861
0.135463 -0.093462 0.0403292
0.13968 -0.0456327 -0.0482598
0.136602 -0.0450407 0.000321417
0.136319 -0.0483525 0.0488779
0.136934 -0.0443947 0.0877749
0.139665 0.00290101 -0.0933988
0.135022 0.000707638 -0.0457298
0.136214 -0.000201346 -0.000764331
0.136635 -0.00131018 0.0462083
0.139311 0.00323767 0.0904828
0.133105 0.0429943 -0.0894247
0.139343 0.0449911 -0.0456451
0.135807 0.0408014 -0.000612452
0.140497 0.0501671 0.0413655
0.135529 0.0460807 0.0929735
0.132724 0.09136130000000001 -0.0386834
0.143505 0.0919288 -0.00166865
0.133375 0.09539690000000001 0.0439853
-0.06838229999999999 -0.111795 0.0198469
-0.06931470000000001 -0.06883259999999999 0.0233673
-0.06944110000000001 -0.0227489 0.0234482
-0.06746149999999999 -0.0207654 0.112917
-0.0692937 0.0234353 0.0234379
-0.0668975 0.0205298 0.112791
-0.0692638 0.06958110000000001 0.023253
-0.0652991 0.0650715 0.109954
-0.07064330000000001 0.116863 0.0214617
-0.022396 -0.111886 0.0230422
-0.0233288 -0.068995 0.0234657
-0.0224222 -0.0689095 0.112717
-0.0232201 -0.0227613 0.0234516
-0.0226476 -0.023036 0.112479
-0.0232183 0.0234414 0.0234617
-0.0227812 0.0234997 0.112671
-0.0232249 0.069297 0.0234934
-0.0231428 0.06793100000000001 0.113327
-0.022816 0.112008 0.0243171
0.0655592 -0.109091 -0.06682250000000001
0.0701466 -0.11204 -0.0250589
0.0669717 -0.0735143 -0.1137
0.0695002 -0.06822159999999999 -0.06915979999999999
0.06900829999999999 -0.0691671 -0.0229829
0.0695581 -0.0225637 -0.117656
0.06898459999999999 -0.0229906 -0.06975190000000001
0.0692224 -0.0227565 -0.023184
0.06905260000000001 0.0222057 -0.115291
0.06921629999999999 0.0233815 -0.0696402
0.06909170000000001 0.0235936 -0.0231723
0.06491570000000001 0.06565650000000001 -0.111252
0.06892180000000001 0.06928860000000001 -0.0704032
0.0658135 0.06608609999999999 -0.0256834
0.0640423 0.114012 -0.0715658
0.06858259999999999 0.122727 -0.0265246
-0.113226 -0.0691166 0.0214756
-0.11372 -0.0219788 0.0235847
-0.112869 0.0232289 0.0232879
-0.112017 0.0667673 0.0229442
-0.0676669 -0.107127 -0.07020849999999999
-0.0647113 -0.114836 -0.0210971
-0.0632103 -0.06801740000000001 -0.120666
-0.0720229 -0.06800009999999999 -0.06749049999999999
-0.0695723 -0.0687565 -0.0230802
-0.06611309999999999 -0.0172255 -0.114146
-0.0692077 -0.0225227 -0.0688888
-0.0693341 -0.0227175 -0.023062
-0.0701455 0.0229396 -0.114831
-0.0695621 0.022672 -0.06922739999999999
-0.0694434 0.0234127 -0.0231164
-0.0683058 0.0726651 -0.110772
-0.07068820000000001 0.07108730000000001 -0.0734631
-0.06925480000000001 0.06925389999999999 -0.0235596
-0.0639922 0.111924 -0.0649242
-0.06939090000000001 0.112407 -0.0240032
-0.0222837 -0.114792 -0.06852569999999999
-0.0240861 -0.112717 -0.0247226
-0.0219898 -0.06795089999999999 -0.112125
-0.0236655 -0.06853289999999999 -0.0696562
-0.0234562 -0.0688738 -0.0233969
-0.0225357 -0.0224025 -0.113793
-0.023342 -0.0229078 -0.06990689999999999
-0.0232244 -0.0227584 -0.0231714
-0.0229039 0.0229586 -0.114354
-0.023219 0.0234272 -0.0696562
-0.0232185 0.0234504 -0.0231548
-0.0251721 0.0695176 -0.116511
-0.022525 0.06990349999999999 -0.0695197
-0.0231562 0.06978529999999999 -0.0231531
-0.0226003 0.115086 -0.0682059
-0.0181072 0.121023 -0.0224723
0.0230653 -0.111193 0.0235614
0.0230967 -0.06884800000000001 0.0234792
0.0253127 -0.07187590000000001 0.116919
0.0230137 -0.0227484 0.0234612
0.0251862 -0.0226795 0.113576
0.0230395 0.0234525 0.0234296
0.0229536 0.024132 0.115375
0.0233017 0.0695181 0.0234421
0.0195449 0.07014430000000001 0.113909
0.0230335 0.112705 0.023468
0.0658721 -0.109991 0.06647119999999999
0.0685462 -0.069343 0.0687864
0.06868539999999999 -0.023265 0.0694616
0.07047829999999999 0.0230108 0.07028570000000001
0.069128 0.06804739999999999 0.067539
0.112385 -0.0689908 0.0233795
0.111496 -0.0230192 0.0234267
0.113351 0.0228875 0.0228808
0.114665 0.0697793 0.018843
-0.00146767 0.0219971 -0.169043
-0.108575 -0.06531339999999999 -0.0668924
-0.112616 -0.0668113 -0.0199997
-0.113535 -0.0218129 -0.07003040000000001
-0.114826 -0.0223991 -0.0215343
-0.117073 0.0216342 -0.06547509999999999
-0.114746 0.0234371 -0.0223931
-0.11116 0.0653897 -0.063837
-0.117032 0.0690236 -0.02392
-0.0711256 -0.117552 0.07310990000000001
-0.06868050000000001 -0.06974760000000001 0.070715
-0.0697427 -0.0225885 0.0699014
-0.06957969999999999 0.02319 0.0699086
-0.0698405 0.068953 0.0702426
-0.06554599999999999 0.111214 0.06563099999999999
-0.0229965 -0.111367 0.0667886
-0.0230882 -0.0688068 0.06981900000000001
-0.023206 -0.0227662 0.0697977
-0.0230823 0.0233099 0.06967420000000001
-0.023296 0.0696915 0.070003
-0.0227518 0.120257 0.07160519999999999
0.0216143 -0.110225 -0.0725596
0.0225521 -0.111458 -0.0234386
0.0237144 -0.0650887 -0.115606
0.0230219 -0.0705446 -0.0719344
0.0230952 -0.06890309999999999 -0.0231887
0.0234406 -0.0225818 -0.112513
0.0230301 -0.022741 -0.06974519999999999
0.0230258 -0.0227606 -0.0231606
0.0229943 0.0223372 -0.112327
0.0230213 0.0234116 -0.06950190000000001
0.0230195 0.0234409 -0.0231709
0.0232925 0.0722254 -0.115313
0.0232712 0.0698893 -0.0693873
0.0230071 0.0694458 -0.0232377
0.025872 0.116643 -0.0682599
0.0236347 0.112049 -0.0225644
0.110898 -0.06386409999999999 -0.0662551
0.113192 -0.0685412 -0.0223166
0.11452 -0.0228809 -0.0701548
0.113047 -0.0228772 -0.0235392
0.113758 0.0226205 -0.069061
0.11309 0.0227231 -0.0232342
0.109638 0.0641723 -0.0650237
0.120423 0.06741030000000001 -0.0211309
-0.110514 -0.0633982 0.0652383
-0.115613 -0.0207606 0.0693048
-0.112562 0.0212064 0.0694867
-0.109058 0.06514739999999999 0.0660758
0.0218233 -0.113932 0.06803910000000001
0.0226264 -0.0687455 0.0698037
0.022909 -0.0228201 0.06975480000000001
0.0230501 0.0234278 0.06988469999999999
0.0225062 0.06989670000000001 0.0701063
0.0234804 0.114152 0.0679968
0.0896188 -0.0959045 -0.148371
0.110414 -0.06467050000000001 0.0641004
0.112412 -0.022847 0.0699931
0.113516 0.0237541 0.0669997
0.06831189999999999 0.132309 -0.0986964
-0.0674916 -0.0691329 0.143758
0.113825 -0.114125 -0.0210138
-0.115253 -0.0198178 -0.11252
0.0175169 0.0231837 0.163419
-0.113955 -0.113319 0.0279317
0.115108 -0.0256721 -0.113633
-0.158796 0.0271194 -0.0244348
-0.120759 0.0321995 0.113496
0.0231719 -0.16573 0.0370058
-0.0348968 -0.164492 -0.0182387
0.11685 -0.029954 0.112824
-0.0218385 0.116139 -0.115625
0.00998831 -0.119931 -0.116826
-0.116228 -0.0175961 0.109673
-0.110153 0.0329901 -0.120118
-0.0244801 0.160864 -0.0363665
-0.161056 0.0402223 0.0287897
0.0154399 -0.102455 0.118649
-0.113749 0.120301 0.0124745
0.116009 -0.109696 0.0147008
0.0240566 -0.16434 -0.03565
0.116081 0.0157536 -0.115829
0.09505570000000001 -0.0762602 -0.121396
0.169198 0.0100498 0.017762
-0.0270555 0.165132 -0.00550863
0.110163 0.0383752 0.117924
-0.0113088 -0.112811 0.121715
-0.167765 -0.0311482 0.0246036
0.166699 0.0384647 0.0145258
-0.00945263 -0.163503 0.0163721
0.00649154 0.163446 -0.0165877
-0.0452903 -0.164631 0.0138993
-0.0184135 0.154191 -0.0679213
-0.115435 -0.112311 -0.0443572
-0.0680231 0.030997 -0.156052
0.0320271 -0.00788897 0.163062
0.166223 -0.00673696 -0.0286018
-0.155474 0.0259791 -0.0748825
0.0374894 0.11096 -0.117534
0.0653803 0.155075 -0.0203523
0.0735063 0.151486 0.0305072
-0.0436502 -0.0262705 -0.162903
0.0275438 0.166208 0.00122922
0.0288681 -0.0371287 0.168976
-0.036457 0.0306937 -0.168205
0.154451 -0.0199056 -0.0715763
0.166485 -0.0355354 -0.0274921
-0.114761 0.112929 -0.0300228
0.156566 0.0663045 -0.0200679
0.0703212 -0.108585 0.107838
-0.0126796 0.11953 0.126032
0.0968537 -0.1228 0.0718201
-0.1571 -0.019868 0.0688638
-0.0456706 -0.1125 -0.115045
-0.165396 -0.019025 -0.009349029999999999
0.0257405 -0.0695592 -0.152145
-0.0674454 -0.155756 -0.0197144
0.111325 0.10625 0.0679724
-0.0167476 -0.00198469 -0.166125
0.0753944 -0.115803 -0.0993966
0.124683 0.0888906 0.0873787
-0.0719336 -0.114355 0.105569
0.0533633 -0.160408 -0.0256979
0.0725325 0.0570803 0.11713
0.0671582 0.0915714 0.117413
-0.0648765 -0.140234 0.0288465
-0.06821000000000001 0.100076 0.115546
-0.0224646 0.142459 0.0196668
0.07173300000000001 -0.138623 -0.0761829
0.0704188 0.0947778 -0.120438
-0.0687661 -0.136966 -0.0693042
-0.0696676 0.143735 -0.0675847
-0.0201594 -0.142022 -0.0713597
0.0247006 0.146303 0.0235392
0.0679054 -0.140411 0.072522
0.0697092 0.09773560000000001 0.07254190000000001
-0.121347 -0.09509570000000001 -0.0729276
-0.11992 0.09778480000000001 -0.0712508
0.0237273 -0.138225 -0.07297670000000001
0.0251723 -0.0974309 -0.107927
0.123972 -0.09328880000000001 -0.0744821
0.115519 0.049751 -0.119775
0.118307 0.101494 -0.0696166
-0.121442 -0.0898481 0.07186770000000001
-0.121526 0.0964478 0.0718916
-0.142872 -0.07230200000000001 0.0226462
-0.142129 0.06699049999999999 0.0245503
-0.0880012 -0.0730967 0.119762
-0.0963102 0.020566 0.120323
-0.0428838 -0.120288 0.117672
0.0449635 0.115141 0.116621
0.143481 -0.0263436 0.0248725
-0.140799 -0.0695886 -0.0735301
-0.140013 -0.06975729999999999 -0.021573
-0.142068 -0.0211799 -0.0688283
-0.142242 0.069378 -0.0704707
-0.0975318 -0.117113 -0.0716736
-0.0978372 -0.116024 -0.0230669
-0.0976621 0.120573 -0.0756554
0.0104315 0.114043 -0.126154
0.100127 -0.114901 -0.07614029999999999
0.09513439999999999 0.0792496 -0.120138
0.0992027 0.120941 -0.07324029999999999
0.142923 -0.068802 -0.0709379
0.152626 -0.0688748 -0.0214073
0.145562 0.0195115 -0.023842
0.142462 0.0709853 -0.0669438
-0.139673 -0.0661267 0.0702773
-0.142715 0.0227231 0.07228469999999999
-0.14398 0.06950240000000001 0.07068489999999999
-0.09807200000000001 0.120531 0.0728483
0.137437 -0.0778411 0.0709105
0.068689 -0.0718029 0.144423
0.07045 -0.0252258 0.145092
0.06903620000000001 0.0264277 0.141605
0.0664829 0.118006 0.09412089999999999
-0.0704234 -0.118733 -0.101066
-0.06502429999999999 -0.0230358 -0.14206
-0.0702802 0.0733022 0.140343
-0.0699224 0.113405 -0.0971355
-0.0739137 0.122148 0.0944593
-0.0197498 -0.0257505 0.145867
-0.0193324 0.0218981 -0.147328
-0.0229029 0.0217824 0.147212
-0.116604 -0.07774209999999999 -0.09790980000000001
-0.118831 -0.0737647 0.0957932
-0.114677 0.0702494 -0.0985697
-0.121044 0.0720454 0.0950083
-0.115596 0.116172 0.0457431
0.0239707 0.0223474 -0.149779
0.0240975 0.0704345 0.141131
0.118984 0.0233801 0.09569419999999999
0.119892 0.0778604 -0.0923129
0.115003 0.120736 -0.0450279
0.118606 0.114032 0.00230168
-0.0246738 -0.0519629 -0.164526
-0.0495176 0.123217 -0.114089
0.0210021 0.15351 -0.0692996
-0.0284081 0.0700789 -0.15152
-0.00317725 0.166879 0.0150279
0.171189 -0.0351163 0.009186919999999999
0.157585 0.0169696 -0.0643261
0.0655029 -0.0332167 -0.156364
0.0221368 0.0553908 -0.156394
0.167607 0.0407513 -0.0379566
-0.0121404 0.0162939 0.172062
-0.0266173 0.0562985 0.161659
0.0114302 0.164242 -0.0439618
0.017393 -0.154942 0.069357
-0.10691 -0.117111 0.06541569999999999
0.0994699 -0.07066840000000001 0.118556
0.032148 0.00104105 -0.166356
-0.00796882 -0.0355928 0.171171
0.06991360000000001 0.0246797 -0.15499
0.052834 0.147295 -0.07110370000000001
0.115791 -0.117999 -0.0523545
0.118634 -0.0663366 -0.104926
-0.0588059 0.0220565 0.161648
-0.0589906 0.161995 -0.0163398
0.06867180000000001 -0.155205 0.0053626
-0.103296 -0.0567373 -0.116439
0.158418 -0.0343404 0.0594902
0.0681122 -0.153435 0.035542
0.114658 -0.102662 0.062085
-0.0670549 -0.00577751 0.16045
0.0721936 -0.00363402 -0.160437
-0.0657074 0.152879 0.0158218
0.0539741 0.0139784 0.163097
-0.0341423 -0.168261 0.03981
0.162599 -0.0647773 0.00777592
0.0460387 -0.163437 0.0171705
-0.153788 0.0667678 -0.0131353
0.0111427 -0.0630887 0.162522
0.0414216 0.163498 -0.0322635
0.153677 0.0265247 0.0644839
-0.0110945 0.0491431 -0.166374
-0.0451059 -0.0319604 0.164593
-0.0114 0.158281 0.064378
0.152932 0.06845030000000001 0.0125867
-0.0592948 -0.0812951 0.170942
-0.0194647 -0.140226 -0.110001
0.162714 -0.0468274 0.0335349
0.161261 -0.0504177 -0.102745
-0.000513386 -0.177919 0.0860766
0.038309 0.193667 -0.000872266
-0.0109174 -0.159621 0.0540209
-0.167411 0.0466251 -0.00106552
0.00813062 -0.0494895 -0.165521
-0.130624 -0.0156368 -0.14811
-0.158572 0.0379589 0.0575969
0.0472289 0.0402956 -0.163985
-0.0590282 0.06621299999999999 -0.147593
-0.0205345 -0.159346 0.0822539
0.0257159 -0.0905381 0.146749
-0.06618159999999999 -0.14895 0.0572482
0.182101 0.0427011 0.0574898
-0.0504033 -0.0579807 0.183017
-0.092972 0.149139 0.0224207
-0.107387 -0.08607679999999999 0.142392
-0.162557 -0.00746545 -0.112444
-0.0930869 -0.124013 -0.120231
0.06280380000000001 -0.06867959999999999 -0.175254
-0.0626514 0.050176 0.158519
-0.130296 0.148206 0.00233417
-0.09493989999999999 -0.0931404 -0.115095
0.137056 0.0519758 -0.133072
0.0992326 0.07984670000000001 0.116629
-0.106314 0.164447 -0.0245766
0.0905059 0.0954238 -0.0146252
-0.0889949 -0.0709709 -0.100169
0.119128 0.06875729999999999 0.0677875

CELLS 4655 23275
4 212 177 973 796
4 945 911 934 933
4 662 598 559 665
4 580 617 828 149
4 717 246 572 852
4 257 242 232 558
4 542 958 950 543
4 896 7 840 19
4 54 435 876 73
4 582 878 259 238
4 822 429 103 469
4 191 975 846 923
4 574 857 573 826
4 100 89 982 132
4 942 579 925 763
4 166 195 800 968
4 347 922 636 340
4 820 925 935 536
4 360 625 344 833
4 542 850 947 958
4 633 727 998 637
4 947 585 87 950
4 305 586 888 325
4 827 961 942 579
4 558 565 127 713
4 856 263 284 262
4 185 227 971 499
4 981 551 711 558
4 840 17 11 399
4 113 415 89 135
4 919 722 137 610
4 605 298 313 271
4 27 394 16 36
4 942 961 925 579
4 407 8 18 9
4 393 37 24 41
4 581 281 254 248
4 215 572 249 253
4 894 349 368 630
4 253 249 280 572
4 366 361 637 351
4 966 637 727 633
4 92 76 54 435
4 182 225 534 201
4 945 990 155 934
4 489 838 534 655
4 494 123 742 908
4 616 617 312 295
4 582 238 258 223
4 581 254 281 828
4 312 315 295 617
4 615 994 852 851
4 304 581 863 903
4 364 356 379 629
4 351 350 634 366
4 306 320 951 590
4 327 312 301 921
4 994 615 326 848
4 181 220 538 927
4 315 293 617 319
4 315 617 922 319
4 264 617 295 293
4 360 344 625 357
4 635 894 771 870
4 367 342 635 354
4 295 617 315 293
4 31 535 214 204
4 996 921 672 617
4 407 959 18 8
4 274 616 295 255
4 65 63 916 449
4 605 313 298 869
4 889 857 668 612
4 948 912 997 423
4 271 978 573 241
4 574 787 826 31
4 411 33 61 883
4 316 612 870 890
4 327 870 339 342
4 824 627 811 893
4 932 368 631 374
4 290 324 583 309
4 198 231 495 194
4 722 610 919 786
4 619 359 892 372
4 355 343 618 333
4 333 355 325 868
4 619 372 358 359
4 224 551 242 250
4 288 299 953 598
4 625 793 344 833
4 843 930 552 989
4 188 500 208 923
4 188 455 500 923
4 552 989 545 843
4 975 843 507 500
4 317 332 288 598
4 194 218 495 860
4 263 261 540 856
4 882 396 26 34
4 435 434 641 801
4 797 452 844 819
4 290 262 583 284
4 808 542 958 850
4 285 309 279 584
4 341 359 619 358
4 343 359 789 341
4 323 624 345 346
4 358 807 619 341
4 12 24 397 10
4 442 447 645 441
4 623 371 363 899
4 302 604 338 314
4 362 353 620 369
4 646 985 806 449
4 362 969 623 371
4 369 372 358 619
4 928 382 957 834
4 345 346 624 363
4 624 363 346 899
4 314 798 345 323
4 590 899 320 951
4 938 624 323 346
4 506 224 190 814
4 266 278 604 302
4 289 604 901 278
4 296 289 597 900
4 289 604 278 314
4 112 551 550 837
4 272 551 250 242
4 285 585 283 311
4 285 584 585 309
4 283 585 839 318
4 283 311 585 318
4 950 268 283 862
4 75 55 422 93
4 981 551 805 711
4 410 44 897 28
4 62 913 421 871
4 934 534 655 489
4 54 76 59 801
4 940 170 513 960
4 651 713 909 513
4 143 461 849 108
4 506 190 206 158
4 651 520 909 713
4 875 461 788 108
4 583 309 584 279
4 711 112 558 551
4 85 76 428 59
4 421 737 738 460
4 30 395 32 51
4 46 48 400 29
4 906 854 489 645
4 32 56 51 395
4 40 46 400 17
4 395 56 51 937
4 46 400 48 59
4 46 59 68 400
4 40 68 400 46
4 48 405 19 45
4 85 428 76 105
4 62 95 421 875
4 62 875 986 95
4 30 16 394 36
4 30 395 873 32
4 144 451 858 109
4 144 451 148 860
4 75 992 422 948
4 124 450 96 110
4 414 77 83 821
4 144 451 860 450
4 231 541 262 263
4 860 194 198 495
4 156 450 157 198
4 109 77 83 414
4 144 148 451 109
4 156 157 450 124
4 109 844 148 451
4 124 157 450 110
4 968 495 198 195
4 968 860 495 841
4 130 841 455 104
4 931 963 728 521
4 790 55 396 34
4 69 912 992 75
4 904 417 997 992
4 93 422 104 114
4 130 450 156 166
4 130 124 156 450
4 904 450 96 124
4 86 93 422 55
4 27 24 393 37
4 802 429 430 790
4 393 60 41 864
4 864 417 69 912
4 729 912 423 997
4 393 60 37 41
4 794 1 842 403
4 153 859 121 820
4 411 43 33 21
4 411 33 18 21
4 411 33 43 61
4 173 196 838 539
4 406 914 58 38
4 103 905 429 86
4 914 865 443 61
4 939 514 728 846
4 978 566 931 917
4 161 490 535 183
4 79 64 436 58
4 115 436 79 97
4 64 802 436 58
4 976 86 103 429
4 799 535 887 204
4 200 528 165 189
4 123 136 162 493
4 183 535 204 214
4 820 214 535 183
4 183 204 535 161
4 946 153 491 116
4 859 691 490 707
4 820 490 859 121
4 150 954 493 136
4 153 820 491 859
4 859 691 707 491
4 859 907 122 490
4 88 99 449 63
4 61 81 443 72
4 66 84 835 67
4 835 47 43 412
4 872 776 447 915
4 874 959 408 974
4 7 404 815 6
4 916 63 39 872
4 403 842 0 1
4 409 804 897 874
4 447 776 441 915
4 22 977 804 897
4 88 449 898 63
4 897 20 874 22
4 897 39 22 44
4 897 39 44 872
4 412 411 21 43
4 538 656 537 718
4 538 855 537 656
4 927 818 537 812
4 223 220 581 538
4 120 908 123 494
4 985 448 101 954
4 782 581 582 903
4 927 818 830 537
4 927 537 861 538
4 175 162 136 965
4 985 991 101 448
4 539 196 223 192
4 965 538 181 220
4 539 196 238 223
4 539 196 217 238
4 173 192 196 539
4 182 201 534 169
4 534 169 201 838
4 489 838 169 534
4 489 838 125 169
4 129 909 475 945
4 92 435 105 76
4 92 105 435 952
4 82 107 906 117
4 212 936 796 973
4 177 973 796 817
4 783 310 303 810
4 783 303 989 591
4 783 810 659 292
4 791 520 823 933
4 55 50 396 34
4 790 802 429 64
4 182 534 489 169
4 182 489 142 169
4 257 558 232 831
4 121 490 859 122
4 292 305 586 847
4 49 39 916 63
4 320 590 297 938
4 969 949 623 371
4 79 436 64 97
4 273 582 238 258
4 273 582 259 238
4 468 940 513 909
4 42 790 401 987
4 76 435 801 54
4 904 679 992 997
4 904 456 677 450
4 924 907 490 122
4 310 810 783 292
4 310 586 325 944
4 591 282 303 989
4 591 944 303 317
4 591 317 303 282
4 282 288 591 317
4 188 500 800 228
4 987 401 23 882
4 81 61 443 886
4 815 840 404 7
4 257 242 900 272
4 904 988 417 992
4 841 450 456 904
4 904 677 858 450
4 69 417 992 912
4 69 992 417 988
4 424 680 418 729
4 997 456 463 680
4 225 217 534 201
4 682 429 790 430
4 355 618 343 359
4 375 625 357 360
4 859 907 490 691
4 294 281 304 903
4 294 304 322 845
4 281 304 903 581
4 301 921 312 616
4 336 620 899 362
4 336 353 620 362
4 336 620 951 899
4 71 447 898 98
4 71 447 915 872
4 71 447 70 915
4 456 679 463 695
4 242 900 551 558
4 242 558 551 981
4 73 442 107 92
4 73 435 442 92
4 901 900 597 289
4 354 636 347 922
4 335 611 300 329
4 283 585 950 862
4 130 455 163 138
4 73 82 442 53
4 114 455 130 138
4 151 145 454 185
4 970 344 337 944
4 543 862 950 719
4 355 618 868 333
4 903 582 273 258
4 81 443 72 90
4 940 960 513 831
4 151 454 877 185
4 118 967 468 964
4 61 72 443 914
4 297 590 320 306
4 297 287 590 306
4 287 250 544 269
4 143 158 461 108
4 128 454 877 151
4 143 814 461 158
4 307 615 275 903
4 152 483 146 165
4 811 380 962 949
4 301 295 274 616
4 301 295 616 312
4 166 500 188 455
4 200 165 528 179
4 200 887 528 241
4 200 528 887 179
4 370 354 636 347
4 348 630 328 869
4 348 630 368 349
4 348 328 630 349
4 54 405 48 45
4 100 416 89 74
4 326 615 903 845
4 26 396 397 880
4 26 34 396 50
4 26 396 880 50
4 823 933 520 909
4 909 713 823 513
4 321 598 288 332
4 454 100 145 102
4 929 833 824 626
4 864 912 729 417
4 729 730 418 424
4 94 70 447 82
4 94 447 98 854
4 165 926 146 189
4 305 586 310 292
4 305 310 586 325
4 914 865 735 443
4 352 919 634 356
4 352 330 634 813
4 352 366 634 350
4 352 634 330 350
4 307 326 615 903
4 339 342 870 367
4 367 635 870 894
4 275 615 307 994
4 741 447 776 441
4 150 855 954 812
4 350 330 848 634
4 350 634 848 351
4 53 44 410 28
4 397 24 26 880
4 882 397 26 396
4 994 307 326 615
4 552 751 843 545
4 218 541 850 262
4 987 42 790 976
4 987 790 401 882
4 955 823 565 901
4 107 92 442 945
4 107 442 82 906
4 83 415 57 89
4 83 415 89 113
4 323 597 798 938
4 323 597 296 314
4 328 349 920 630
4 55 396 50 912
4 142 489 125 169
4 142 117 906 934
4 145 151 454 102
4 361 340 637 351
4 270 252 573 857
4 270 271 573 241
4 118 428 986 85
4 118 428 85 105
4 118 428 788 986
4 839 283 862 585
4 298 857 271 605
4 291 612 857 889
4 300 280 611 902
4 822 476 832 141
4 139 469 829 832
4 80 84 886 859
4 332 321 598 809
4 871 421 773 913
4 896 405 840 774
4 115 436 97 822
4 125 494 908 120
4 806 412 35 47
4 128 102 454 151
4 574 671 787 31
4 118 967 788 468
4 967 461 158 108
4 931 728 917 521
4 728 917 514 939
4 789 359 619 341
4 8 794 1 9
4 407 9 794 8
4 54 435 73 92
4 73 442 876 795
4 939 216 219 251
4 930 939 843 552
4 274 942 244 286
4 286 787 942 244
4 973 498 796 817
4 212 796 245 209
4 357 348 809 630
4 860 148 797 451
4 176 148 797 180
4 975 939 846 507
4 219 191 216 939
4 939 514 846 507
4 8 1 794 974
4 188 800 500 166
4 540 749 546 867
4 812 537 708 818
4 968 800 841 495
4 506 814 805 224
4 981 551 224 805
4 711 550 551 805
4 6 815 0 804
4 65 806 99 449
4 985 991 448 806
4 951 334 585 807
4 809 348 869 630
4 193 171 909 160
4 199 235 218 808
4 209 796 245 234
4 817 497 796 808
4 209 796 234 817
4 321 598 809 605
4 9 794 1 3
4 954 812 492 946
4 159 803 187 812
4 791 911 934 527
4 171 933 186 202
4 90 688 72 436
4 72 688 914 436
4 919 634 813 352
4 199 176 797 180
4 199 808 180 797
4 340 319 922 304
4 193 160 909 940
4 922 921 996 617
4 204 535 887 31
4 815 842 0 403
4 7 0 815 4
4 398 815 842 4
4 250 551 805 224
4 544 233 250 805
4 385 377 816 388
4 385 816 392 388
4 983 816 811 633
4 388 816 392 811
4 815 0 7 6
4 4 2 0 842
4 176 817 177 209
4 797 819 817 452
4 187 210 818 230
4 818 830 580 961
4 176 819 135 177
4 853 453 956 452
4 132 819 177 135
4 176 177 817 819
4 491 707 859 820
4 228 800 545 500
4 229 495 540 800
4 927 855 537 538
4 226 213 901 256
4 383 387 824 390
4 31 252 221 244
4 221 252 573 241
4 826 31 221 887
4 616 295 827 617
4 827 295 264 617
4 827 295 255 264
4 789 324 343 341
4 976 429 64 790
4 976 42 790 64
4 829 164 154 119
4 972 830 264 222
4 210 230 830 818
4 604 338 629 335
4 763 579 671 942
4 31 942 787 244
4 807 789 619 341
4 807 789 309 584
4 945 911 909 475
4 171 933 934 186
4 57 415 419 792
4 232 256 831 213
4 226 823 901 213
4 61 865 443 886
4 728 521 963 910
4 139 832 178 167
4 373 833 383 360
4 375 360 383 833
4 833 375 360 625
4 54 801 405 795
4 7 11 4 815
4 514 846 507 698
4 829 154 164 923
4 383 824 834 390
4 949 628 811 879
4 957 928 622 969
4 381 391 928 386
4 243 239 207 978
4 207 211 978 239
4 207 167 178 963
4 178 963 728 207
4 928 391 811 386
4 5 974 1 8
4 153 803 187 159
4 820 536 935 803
4 794 403 842 402
4 318 951 306 336
4 306 590 951 839
4 840 399 11 815
4 7 29 840 19
4 65 806 449 916
4 3 1 2 842
4 825 794 3 402
4 3 842 2 12
4 842 1 2 0
4 794 1 3 842
4 397 402 882 842
4 402 842 3 882
4 216 237 843 208
4 208 843 500 228
4 383 621 833 373
4 306 839 287 590
4 109 83 844 414
4 109 113 148 844
4 347 319 922 340
4 191 846 178 164
4 832 846 469 829
4 191 846 164 923
4 846 164 923 829
4 838 173 125 169
4 330 350 848 351
4 351 998 848 845
4 330 848 326 351
4 842 815 0 4
4 965 538 150 181
4 875 461 108 849
4 212 177 796 209
4 177 817 796 209
4 296 597 112 900
4 852 246 280 275
4 849 421 875 460
4 95 421 875 849
4 435 434 643 641
4 906 447 854 645
4 94 906 447 854
4 954 985 646 449
4 106 985 954 99
4 888 586 305 847
4 888 657 586 847
4 783 810 303 591
4 48 801 405 54
4 96 858 414 110
4 417 677 884 904
4 463 679 456 997
4 997 423 682 948
4 682 423 790 948
4 685 429 682 430
4 688 72 914 443
4 84 886 859 691
4 693 495 860 841
4 693 860 451 450
4 455 456 500 695
4 183 820 490 535
4 859 820 707 490
4 538 537 861 718
4 719 837 839 590
4 287 839 837 590
4 287 269 544 862
4 581 782 863 903
4 597 314 323 798
4 50 912 396 880
4 880 396 729 912
4 397 729 880 396
4 397 396 731 729
4 790 401 802 42
4 732 402 403 734
4 42 406 802 58
4 883 411 865 61
4 883 411 735 865
4 982 737 453 853
4 123 449 742 88
4 88 898 449 742
4 752 546 749 867
4 31 925 535 763
4 31 214 535 925
4 764 537 818 708
4 888 868 325 586
4 944 868 586 325
4 337 891 970 944
4 767 891 765 944
4 944 793 317 591
4 993 321 869 313
4 298 869 889 605
4 313 321 869 605
4 316 870 612 920
4 32 40 56 395
4 40 400 913 895
4 895 913 773 400
4 896 405 774 775
4 413 776 872 897
4 39 897 413 872
4 326 615 845 848
4 398 730 673 873
4 804 403 0 974
4 876 435 434 643
4 801 435 434 876
4 801 434 795 876
4 814 233 205 499
4 534 217 838 201
4 585 309 584 807
4 994 611 280 851
4 994 611 308 280
4 969 879 928 622
4 41 864 880 393
4 393 880 729 864
4 393 729 880 397
4 790 731 401 882
4 397 731 396 882
4 794 734 403 402
4 406 914 38 883
4 406 883 735 914
4 884 858 414 96
4 884 677 414 858
4 884 677 418 414
4 912 992 997 417
4 729 997 423 680
4 424 418 681 730
4 802 430 429 685
4 81 886 443 907
4 886 443 907 691
4 130 841 450 166
4 450 677 858 451
4 456 450 693 677
4 693 677 450 451
4 677 451 457 678
4 680 456 463 696
4 195 800 495 229
4 195 800 968 495
4 179 887 799 528
4 552 751 545 659
4 574 763 671 31
4 583 888 284 856
4 583 657 888 856
4 789 309 584 583
4 605 857 668 889
4 298 889 857 605
4 316 612 890 286
4 325 355 337 868
4 891 618 765 868
4 769 630 929 625
4 349 630 894 920
4 894 630 771 920
4 32 895 40 395
4 395 871 773 895
4 897 776 915 410
4 44 410 897 915
4 100 937 737 416
4 908 898 742 447
4 719 862 585 839
4 784 899 951 620
4 153 197 820 183
4 539 965 192 223
4 539 582 538 223
4 287 837 544 250
4 442 990 107 945
4 790 55 86 422
4 261 856 847 540
4 856 657 847 540
4 87 950 719 543
4 719 544 862 837
4 287 862 544 837
4 552 659 545 989
4 558 551 112 900
4 242 551 900 272
4 272 900 112 551
4 558 565 901 127
4 270 573 271 857
4 851 280 852 572
4 258 903 582 581
4 424 681 418 680
4 849 737 421 460
4 421 738 467 460
4 114 679 462 422
4 875 788 428 986
4 645 447 741 441
4 82 447 442 915
4 908 98 898 447
4 456 450 841 693
4 451 457 693 677
4 455 695 500 923
4 456 695 463 696
4 398 873 881 730
4 40 400 68 913
4 44 53 410 915
4 991 806 35 47
4 412 47 806 835
4 49 39 413 916
4 540 495 749 800
4 751 867 546 752
4 909 713 520 823
4 311 334 585 318
4 944 868 765 586
4 784 899 590 951
4 870 920 771 612
4 848 998 615 845
4 315 617 921 922
4 153 197 187 803
4 153 820 803 491
4 153 820 197 803
4 803 536 935 818
4 812 803 187 818
4 184 164 923 191
4 181 210 222 927
4 220 927 222 861
4 413 872 916 39
4 71 898 447 872
4 378 932 389 385
4 389 385 816 392
4 932 632 631 893
4 389 816 893 392
4 389 816 932 893
4 923 975 846 507
4 854 447 98 908
4 195 228 800 229
4 195 800 188 166
4 265 545 228 229
4 229 800 540 545
4 324 943 284 583
4 68 59 428 400
4 27 393 24 881
4 10 24 881 27
4 859 153 116 491
4 835 66 47 991
4 120 98 88 908
4 120 88 123 908
4 728 514 910 846
4 139 832 164 178
4 178 846 832 164
4 152 924 483 799
4 161 924 799 490
4 244 236 214 925
4 244 214 31 925
4 315 922 331 347
4 48 59 801 54
4 864 50 69 41
4 50 69 912 864
4 841 456 679 904
4 130 904 841 104
4 967 788 461 108
4 40 62 56 871
4 40 913 62 871
4 168 210 181 927
4 222 210 830 927
4 220 927 861 538
4 150 855 927 538
4 168 150 927 181
4 222 927 830 861
4 357 321 809 348
4 809 321 869 348
4 954 855 492 812
4 218 495 860 808
4 144 180 194 860
4 80 81 886 67
4 865 444 886 835
4 61 865 886 67
4 805 233 224 814
4 814 224 205 233
4 191 728 178 846
4 178 728 832 846
4 928 834 622 824
4 390 928 381 391
4 381 386 928 969
4 928 627 811 824
4 969 811 386 928
4 390 928 391 824
4 389 824 384 387
4 390 824 389 387
4 932 893 631 929
4 389 932 824 893
4 360 833 970 373
4 830 230 961 818
4 226 823 213 202
4 193 823 202 213
4 940 823 831 513
4 932 929 631 368
4 391 811 392 824
4 928 824 811 391
4 591 282 930 288
4 251 953 939 930
4 931 207 211 978
4 303 944 591 810
4 367 635 342 870
4 389 932 378 384
4 389 816 385 932
4 389 932 384 824
4 193 933 171 202
4 193 171 933 909
4 186 182 934 155
4 892 359 376 372
4 957 834 382 892
4 355 618 359 892
4 861 220 254 222
4 71 898 63 88
4 197 230 935 236
4 187 935 197 230
4 187 230 818 935
4 935 818 579 961
4 935 818 961 230
4 624 363 899 623
4 629 949 380 364
4 194 495 218 231
4 495 218 231 866
4 179 799 887 204
4 161 204 799 179
4 272 551 112 837
4 272 551 837 250
4 315 922 347 319
4 329 611 308 994
4 936 971 227 499
4 212 227 936 971
4 543 796 240 936
4 323 938 798 624
4 582 258 581 223
4 78 56 937 74
4 100 416 74 937
4 226 791 823 202
4 955 823 791 565
4 132 135 89 853
4 819 844 853 452
4 416 89 853 982
4 945 934 155 171
4 945 933 934 171
4 73 442 795 53
4 53 410 795 45
4 264 861 254 222
4 30 11 873 16
4 81 122 907 111
4 80 886 81 122
4 355 891 365 337
4 365 891 373 970
4 355 891 868 618
4 937 74 792 416
4 792 51 937 395
4 296 938 112 597
4 323 597 938 296
4 297 938 590 837
4 961 827 255 264
4 243 939 219 251
4 243 728 207 219
4 203 232 831 213
4 203 213 940 193
4 193 823 213 940
4 130 450 904 124
4 130 904 104 988
4 203 831 940 213
4 160 964 909 940
4 213 823 831 940
4 12 842 882 3
4 605 299 941 276
4 939 953 941 559
4 243 941 267 276
4 193 823 933 202
4 193 933 823 909
4 193 909 823 940
4 808 817 199 234
4 199 817 176 209
4 390 381 928 382
4 382 834 928 390
4 390 834 928 824
4 828 254 293 264
4 274 236 244 942
4 244 236 925 942
4 244 925 31 942
4 921 870 613 890
4 129 909 171 160
4 129 171 945 131
4 129 945 171 909
4 171 909 945 933
4 176 797 817 199
4 67 84 886 80
4 309 290 279 583
4 152 483 179 799
4 182 225 215 918
4 225 182 534 918
4 71 915 44 872
4 333 943 343 618
4 789 943 324 583
4 789 943 343 324
4 539 748 192 965
4 192 965 162 175
4 136 493 965 162
4 748 493 162 965
4 422 679 104 114
4 340 922 637 304
4 340 322 304 637
4 176 148 135 797
4 176 819 797 135
4 176 819 817 797
4 199 817 808 797
4 10 2 4 842
4 10 842 12 2
4 129 92 131 945
4 878 246 275 259
4 946 491 153 803
4 116 692 84 491
4 327 921 870 342
4 728 939 191 219
4 728 243 939 219
4 191 939 728 846
4 191 216 939 975
4 921 890 616 301
4 920 328 630 869
4 328 869 920 889
4 925 935 579 961
4 197 935 925 236
4 197 214 236 925
4 27 10 394 881
4 10 873 16 394
4 27 16 394 10
4 10 881 873 394
4 903 852 878 578
4 273 903 275 259
4 412 736 411 835
4 47 991 806 835
4 199 808 218 180
4 827 672 616 617
4 75 55 948 422
4 55 948 396 912
4 790 422 948 55
4 55 396 948 790
4 947 279 584 285
4 49 413 806 916
4 75 912 992 948
4 233 224 250 805
4 144 860 148 180
4 180 148 797 860
4 180 808 860 797
4 234 817 796 808
4 364 380 363 949
4 130 450 841 904
4 455 679 104 841
4 104 841 679 904
4 950 285 268 245
4 285 585 947 950
4 285 268 283 950
4 947 245 285 950
4 336 620 334 951
4 945 952 92 435
4 241 573 931 978
4 188 923 208 184
4 188 163 923 184
4 53 410 915 795
4 849 128 95 102
4 454 849 737 102
4 3 12 14 882
4 291 857 270 298
4 598 941 299 953
4 299 267 941 276
4 299 941 267 953
4 288 953 930 598
4 251 267 953 288
4 251 288 953 930
4 787 252 857 826
4 857 252 573 826
4 892 372 376 382
4 834 376 382 892
4 376 834 621 892
4 899 346 320 336
4 273 259 582 903
4 275 903 878 259
4 932 824 893 929
4 384 824 929 387
4 229 265 545 540
4 871 62 78 421
4 395 56 937 871
4 824 811 392 893
4 893 816 811 392
4 874 408 804 974
4 71 98 898 88
4 988 904 96 124
4 121 859 80 122
4 80 859 886 122
4 314 604 338 798
4 367 870 339 894
4 337 891 944 868
4 99 449 954 136
4 106 150 954 134
4 330 352 329 813
4 329 611 994 813
4 177 172 973 956
4 212 172 973 177
4 956 817 177 819
4 226 266 955 253
4 226 955 791 253
4 139 822 832 141
4 139 822 141 103
4 469 822 832 139
4 869 313 298 328
4 298 869 328 889
4 147 956 177 132
4 147 177 956 172
4 132 956 177 819
4 55 912 50 75
4 55 948 912 75
4 134 168 812 159
4 168 812 150 134
4 168 927 150 812
4 793 332 344 317
4 213 831 901 256
4 266 256 226 901
4 226 823 791 955
4 227 240 936 544
4 240 212 227 936
4 974 1 403 0
4 794 1 403 974
4 969 957 620 622
4 362 620 969 369
4 820 535 214 925
4 957 619 372 369
4 381 369 957 372
4 620 369 619 957
4 969 369 620 957
4 381 957 369 969
4 540 847 265 545
4 292 659 847 586
4 265 545 847 292
4 585 951 839 318
4 585 951 318 334
4 348 869 328 993
4 988 130 904 124
4 783 292 659 545
4 305 292 265 847
4 545 659 847 292
4 82 906 94 117
4 82 447 915 70
4 906 645 442 447
4 138 163 923 455
4 138 923 163 154
4 864 60 41 69
4 218 808 235 850
4 539 238 878 582
4 284 583 943 888
4 333 868 943 618
4 333 943 868 888
4 62 421 913 875
4 68 913 400 428
4 197 214 820 183
4 197 820 214 925
4 413 897 39 20
4 215 249 918 225
4 128 454 102 849
4 128 877 454 849
4 253 955 902 266
4 813 634 848 330
4 813 848 994 330
4 550 551 805 544
4 544 551 805 250
4 837 551 544 250
4 958 247 947 245
4 796 958 245 234
4 234 245 247 958
4 808 796 234 958
4 407 18 959 411
4 412 959 21 411
4 15 959 8 21
4 736 959 411 407
4 393 821 60 864
4 864 884 821 60
4 962 983 811 633
4 388 811 391 386
4 804 403 815 0
4 791 823 202 933
4 629 962 356 379
4 982 453 956 853
4 132 135 853 819
4 132 982 956 853
4 212 245 796 240
4 796 973 936 498
4 796 212 240 936
4 306 320 336 951
4 951 899 320 336
4 306 951 318 839
4 305 888 333 325
4 305 333 888 284
4 333 868 325 888
4 927 210 830 818
4 5 874 15 20
4 415 853 89 135
4 787 252 826 31
4 899 624 938 346
4 590 899 938 320
4 266 256 901 278
4 139 829 164 832
4 139 164 829 119
4 832 846 829 164
4 506 206 981 960
4 960 232 558 831
4 203 232 960 831
4 234 247 235 850
4 234 808 850 235
4 159 153 946 116
4 492 803 946 812
4 946 803 153 159
4 304 903 845 294
4 637 322 304 845
4 31 671 787 942
4 406 914 802 58
4 914 436 802 58
4 266 901 604 278
4 883 38 25 33
4 406 25 883 38
4 129 160 105 964
4 129 964 909 160
4 468 964 909 475
4 67 84 835 886
4 865 835 886 67
4 327 921 301 890
4 870 635 342 921
4 327 870 921 890
4 143 849 95 108
4 143 95 849 128
4 95 875 108 849
4 506 158 206 960
4 125 494 838 489
4 125 908 494 854
4 236 961 255 230
4 935 230 961 236
4 878 246 852 275
4 903 259 582 878
4 903 878 852 275
4 803 197 187 935
4 820 935 197 803
4 803 935 187 818
4 379 811 983 388
4 949 811 628 962
4 379 983 811 962
4 59 801 400 48
4 8 974 794 959
4 898 449 916 63
4 872 898 916 63
4 94 854 98 125
4 125 854 98 908
4 367 349 374 894
4 959 21 18 8
4 411 18 959 21
4 789 324 341 309
4 789 309 583 324
4 40 895 17 400
4 32 895 17 40
4 838 539 217 533
4 448 946 101 954
4 134 954 101 946
4 861 828 254 581
4 861 254 828 264
4 264 861 222 830
4 332 321 809 357
4 899 346 362 371
4 362 371 623 899
4 103 429 905 469
4 139 119 829 103
4 671 616 890 286
4 286 890 671 612
4 671 616 286 942
4 286 787 671 942
4 942 763 925 31
4 122 886 81 907
4 883 33 61 38
4 986 95 875 108
4 790 42 802 64
4 23 401 825 882
4 272 112 296 837
4 216 989 843 237
4 216 989 251 930
4 975 939 507 843
4 251 939 216 930
4 934 791 527 918
4 178 167 832 963
4 728 832 963 178
4 167 963 189 926
4 623 969 879 949
4 969 811 949 386
4 113 844 135 148
4 797 148 844 451
4 797 819 844 135
4 872 71 898 63
4 103 829 905 119
4 320 899 938 346
4 966 632 836 816
4 947 850 584 279
4 947 850 279 247
4 50 912 880 864
4 964 160 105 118
4 964 105 129 952
4 964 129 475 952
4 330 329 308 994
4 330 329 994 813
4 388 983 377 816
4 388 816 811 983
4 223 220 538 965
4 539 965 223 538
4 385 377 370 966
4 378 370 836 385
4 370 966 636 836
4 370 966 836 385
4 22 804 6 5
4 22 6 804 977
4 22 6 977 13
4 896 977 404 6
4 136 954 106 150
4 954 136 449 493
4 106 99 954 136
4 146 90 115 688
4 146 688 111 90
4 688 146 111 483
4 118 788 967 986
4 10 24 397 881
4 166 195 968 156
4 981 206 232 960
4 981 232 558 960
4 937 56 51 74
4 397 24 12 26
4 882 397 12 26
4 14 882 12 26
4 30 873 11 32
4 106 954 101 134
4 165 483 179 152
4 185 971 980 499
4 212 971 973 172
4 310 944 325 337
4 327 331 921 342
4 339 316 870 327
4 339 870 316 920
4 404 6 977 804
4 317 793 332 598
4 332 598 793 809
4 134 812 946 159
4 954 812 946 134
4 946 803 159 812
4 111 907 924 122
4 109 113 844 83
4 113 844 83 415
4 194 218 860 180
4 218 808 860 180
4 60 69 884 96
4 864 69 884 60
4 69 96 417 884
4 864 884 69 417
4 82 915 53 70
4 442 82 915 53
4 442 915 795 53
4 186 215 202 791
4 202 933 186 791
4 13 896 7 6
4 13 7 896 19
4 90 436 72 79
4 688 90 72 443
4 840 17 29 7
4 17 840 29 400
4 994 851 280 852
4 82 447 906 442
4 856 657 888 847
4 719 837 862 839
4 287 862 837 839
4 281 903 258 581
4 904 858 884 96
4 904 677 884 858
4 948 992 679 997
4 679 682 948 997
4 886 907 859 691
4 123 88 742 908
4 908 742 898 88
4 880 912 729 864
4 914 883 865 61
4 914 883 735 865
4 891 868 765 944
4 894 920 771 870
4 40 913 871 895
4 895 871 773 913
4 897 776 872 915
4 44 915 897 872
4 54 795 45 73
4 53 45 795 73
4 843 989 216 930
4 953 559 939 930
4 216 939 843 930
4 375 387 929 383
4 375 833 383 929
4 383 621 824 833
4 583 284 262 856
4 636 922 637 340
4 873 16 11 4
4 873 815 4 11
4 54 405 45 795
4 7 17 11 840
4 66 835 43 67
4 66 47 43 835
4 57 89 416 74
4 57 74 416 792
4 57 51 74 792
4 978 941 566 917
4 243 939 251 267
4 978 939 941 917
4 243 267 941 939
4 210 830 972 222
4 972 830 210 230
4 62 40 68 913
4 461 513 158 506
4 506 158 960 513
4 170 940 468 964
4 170 513 468 940
4 973 980 971 499
4 973 177 956 817
4 973 956 980 453
4 270 252 857 277
4 857 291 270 277
4 787 857 252 277
4 957 372 892 382
4 957 892 372 619
4 381 372 957 382
4 957 622 834 892
4 216 843 975 208
4 216 975 184 208
4 208 923 500 975
4 9 825 794 3
4 3 882 14 825
4 3 402 882 825
4 874 15 974 5
4 15 8 974 5
4 874 974 804 5
4 937 74 51 792
4 191 184 975 923
4 208 843 975 500
4 208 975 184 923
4 184 216 191 975
4 216 939 975 843
4 489 182 934 534
4 186 934 182 215
4 182 918 215 934
4 918 182 534 934
4 808 850 958 234
4 234 958 247 850
4 28 22 977 13
4 28 13 410 45
4 45 896 13 410
4 407 9 825 794
4 231 218 262 541
4 235 218 850 262
4 218 808 541 866
4 243 978 941 276
4 243 978 276 239
4 931 978 728 207
4 243 941 978 939
4 243 939 978 728
4 277 787 612 286
4 286 612 671 787
4 286 890 316 327
4 273 903 258 294
4 307 903 273 294
4 326 845 294 322
4 307 326 903 294
4 189 963 528 926
4 351 634 998 366
4 634 998 848 351
4 211 241 931 978
4 260 545 989 237
4 269 240 544 862
4 728 846 910 832
4 828 254 281 293
4 304 281 293 828
4 385 377 966 816
4 326 845 903 294
4 969 386 949 371
4 928 627 879 811
4 969 879 811 928
4 800 545 867 540
4 228 800 229 545
4 42 401 825 23
4 144 858 110 109
4 109 858 110 414
4 190 224 205 814
4 190 205 174 814
4 65 63 49 916
4 991 49 806 65
4 65 49 806 916
4 932 632 836 631
4 378 836 932 385
4 966 816 836 385
4 19 896 405 840
4 298 270 271 857
4 366 637 998 351
4 296 837 112 938
4 78 937 56 871
4 871 56 78 62
4 821 77 83 52
4 979 476 822 141
4 115 822 97 141
4 13 977 896 6
4 116 84 448 995
4 448 116 101 946
4 116 84 692 448
4 125 908 98 120
4 15 974 8 959
4 334 807 358 341
4 78 849 95 102
4 78 95 849 421
4 78 737 421 849
4 78 421 737 937
4 849 78 737 102
4 581 220 248 254
4 861 254 220 581
4 538 220 581 861
4 291 889 298 328
4 291 889 857 298
4 461 649 468 513
4 158 170 206 960
4 185 971 172 980
4 973 172 971 980
4 973 172 980 956
4 495 218 866 808
4 981 551 242 224
4 887 241 221 573
4 397 12 10 842
4 397 842 882 12
4 113 135 844 415
4 415 135 844 853
4 147 956 145 172
4 289 901 256 278
4 10 4 16 873
4 982 416 89 100
4 982 89 853 132
4 175 965 181 220
4 175 965 150 181
4 585 311 309 334
4 334 309 807 341
4 185 205 814 174
4 877 185 454 499
4 877 499 454 743
4 814 205 185 499
4 147 132 100 982
4 202 215 226 791
4 207 963 728 931
4 931 211 207 963
4 978 728 917 931
4 807 789 341 309
4 261 265 847 305
4 261 847 265 540
4 186 215 791 934
4 791 933 186 934
4 30 873 394 16
4 364 629 379 380
4 380 962 629 379
4 966 637 633 361
4 983 633 377 816
4 816 633 377 966
4 339 894 920 349
4 339 367 894 349
4 14 882 26 34
4 374 367 836 378
4 378 374 384 932
4 378 836 374 932
4 385 816 836 932
4 367 836 370 636
4 367 370 354 636
4 208 843 228 237
4 843 237 545 228
4 31 763 671 942
4 115 146 979 141
4 146 483 979 926
4 289 901 257 256
4 351 322 845 326
4 351 845 637 998
4 637 351 322 845
4 326 848 845 351
4 810 586 659 292
4 310 586 810 292
4 586 810 944 310
4 370 361 966 377
4 966 361 633 377
4 283 839 306 318
4 306 283 287 839
4 10 398 4 873
4 873 815 398 4
4 354 331 342 635
4 354 922 347 331
4 635 331 342 921
4 157 194 198 860
4 943 343 618 789
4 615 852 275 903
4 273 903 307 275
4 175 965 136 150
4 136 150 965 493
4 203 170 940 960
4 203 960 940 831
4 984 170 967 964
4 637 361 366 633
4 998 637 366 633
4 801 435 876 54
4 801 876 795 54
4 10 842 4 398
4 10 881 398 873
4 10 397 398 881
4 994 852 280 275
4 307 994 308 275
4 852 994 615 275
4 994 280 308 275
4 914 61 38 883
4 928 381 957 382
4 381 928 957 969
4 616 617 921 312
4 312 315 617 921
4 312 921 331 315
4 616 827 295 255
4 581 248 258 281
4 144 450 860 157
4 383 387 929 824
4 383 833 824 929
4 929 375 833 625
4 92 105 952 129
4 945 911 482 934
4 909 911 945 933
4 271 239 978 241
4 241 978 211 239
4 379 962 366 983
4 19 405 896 45
4 28 977 410 13
4 13 896 977 410
4 448 101 995 991
4 151 877 174 185
4 174 185 877 814
4 185 499 877 814
4 82 442 107 73
4 630 368 625 357
4 368 357 630 348
4 368 357 375 625
4 368 625 929 630
4 375 625 929 368
4 336 334 318 951
4 264 828 617 293
4 928 957 622 834
4 181 150 927 538
4 130 455 114 104
4 114 679 104 455
4 379 811 380 962
4 257 272 900 296
4 296 900 112 272
4 185 145 980 172
4 980 454 982 145
4 185 145 454 980
4 172 980 956 145
4 215 791 934 918
4 874 20 5 22
4 500 841 166 800
4 166 841 968 800
4 314 345 798 338
4 345 629 338 364
4 345 338 629 798
4 145 454 982 100
4 100 737 982 416
4 118 984 964 160
4 118 984 967 964
4 287 283 269 862
4 283 268 269 862
4 991 49 35 806
4 232 206 981 242
4 165 528 483 926
4 165 483 146 926
4 115 688 436 979
4 285 585 950 283
4 450 860 157 198
4 968 198 495 860
4 849 143 128 877
4 143 461 877 849
4 142 489 906 94
4 94 854 125 489
4 142 94 906 117
4 808 860 797 496
4 123 99 136 449
4 956 453 817 452
4 103 119 905 86
4 13 19 896 45
4 976 55 790 34
4 333 943 284 324
4 333 284 943 888
4 983 366 377 633
4 361 366 633 377
4 335 919 813 352
4 111 122 924 161
4 111 924 152 161
4 826 252 573 221
4 887 221 826 573
4 939 953 251 267
4 939 267 941 953
4 62 875 68 986
4 68 62 913 875
4 874 15 959 974
4 336 899 346 362
4 335 813 611 329
4 103 905 829 469
4 139 469 822 103
4 829 103 469 139
4 499 205 227 233
4 185 227 499 205
4 99 449 985 954
4 806 449 985 99
4 188 228 800 195
4 535 490 161 799
4 535 204 799 161
4 203 206 960 232
4 203 170 960 206
4 294 281 903 258
4 815 399 11 873
4 32 399 873 11
4 355 891 337 868
4 27 52 37 393
4 122 859 886 907
4 436 914 72 58
4 79 436 72 58
4 161 924 152 799
4 161 152 179 799
4 182 117 934 155
4 989 237 545 843
4 148 844 135 797
4 819 135 853 844
4 370 361 347 636
4 370 361 636 966
4 115 436 688 90
4 79 436 115 90
4 192 494 162 748
4 192 748 162 965
4 367 635 894 836
4 374 894 631 836
4 367 836 894 374
4 932 836 374 631
4 894 631 836 772
4 171 934 155 186
4 131 945 155 171
4 330 994 326 848
4 330 308 307 994
4 330 307 326 994
4 874 804 22 5
4 22 897 804 874
4 170 160 940 964
4 170 203 940 193
4 850 247 947 958
4 238 217 539 878
4 156 968 198 195
4 156 198 968 450
4 450 198 968 860
4 956 980 982 145
4 147 982 145 956
4 321 598 299 288
4 57 394 52 36
4 57 51 394 36
4 57 394 792 419
4 52 885 394 57
4 57 792 394 51
4 391 392 811 388
4 856 305 284 261
4 263 261 856 284
4 376 355 359 892
4 376 621 355 892
4 875 788 986 108
4 116 995 448 101
4 290 583 324 284
4 367 370 836 378
4 296 289 900 257
4 257 900 901 289
4 68 428 85 986
4 68 428 986 875
4 354 922 331 635
4 635 922 331 921
4 838 169 201 173
4 173 196 201 838
4 244 31 214 204
4 221 204 31 244
4 134 150 954 812
4 153 183 820 121
4 808 796 958 542
4 26 880 41 50
4 979 167 476 141
4 832 476 167 141
4 979 926 476 167
4 167 963 926 476
4 832 476 963 167
4 384 368 932 374
4 384 929 932 368
4 384 824 932 929
4 499 233 544 805
4 805 814 499 233
4 492 803 812 708
4 276 239 978 271
4 605 978 271 276
4 857 605 573 271
4 300 902 611 604
4 335 300 611 604
4 335 611 813 604
4 63 99 449 65
4 810 310 303 944
4 18 883 25 33
4 411 883 18 33
4 543 950 268 245
4 796 245 543 240
4 543 268 240 245
4 542 947 87 950
4 542 950 87 543
4 796 543 245 958
4 129 475 952 945
4 129 92 945 952
4 138 923 154 114
4 829 462 422 114
4 138 455 923 114
4 154 923 829 114
4 315 921 331 922
4 981 232 242 558
4 302 266 300 604
4 302 300 335 604
4 42 987 401 23
4 121 820 490 183
4 333 943 324 343
4 820 197 935 925
4 88 98 898 908
4 580 827 961 264
4 580 861 828 264
4 264 580 861 830
4 264 580 830 961
4 580 827 264 617
4 296 597 289 314
4 412 47 21 35
4 119 114 422 93
4 119 829 422 114
4 154 829 119 114
4 96 450 858 110
4 904 450 858 96
4 288 299 267 953
4 623 371 949 363
4 364 949 363 624
4 332 357 625 344
4 793 332 625 344
4 332 625 809 793
4 541 808 218 850
4 866 218 231 541
4 591 282 989 930
4 604 629 338 798
4 335 629 919 356
4 338 356 629 335
4 897 410 28 977
4 121 153 116 859
4 604 919 335 629
4 335 604 813 919
4 47 21 43 412
4 838 196 201 217
4 60 77 96 414
4 60 821 77 414
4 821 414 885 83
4 60 414 96 884
4 821 884 414 60
4 897 44 22 28
4 804 897 977 409
4 22 897 28 977
4 229 265 540 261
4 585 334 309 807
4 949 386 380 371
4 949 371 380 363
4 287 283 862 839
4 964 129 909 475
4 450 968 156 166
4 450 841 968 166
4 300 253 902 266
4 300 280 902 253
4 64 976 103 429
4 357 630 809 625
4 302 604 314 278
4 147 982 956 132
4 132 853 956 819
4 404 6 804 815
4 139 832 167 141
4 221 204 887 31
4 120 494 123 162
4 136 449 493 123
4 134 946 116 159
4 134 946 101 116
4 34 882 987 14
4 23 882 825 14
4 297 938 837 296
4 323 296 938 320
4 117 107 990 131
4 107 990 442 906
4 887 826 760 573
4 68 428 875 913
4 976 86 790 55
4 899 363 346 371
4 391 824 392 390
4 412 835 411 43
4 32 395 399 895
4 32 873 399 395
4 32 17 399 11
4 32 399 17 895
4 384 929 368 387
4 375 368 929 387
4 635 922 921 996
4 305 856 847 261
4 266 604 902 300
4 266 901 955 604
4 266 604 955 902
4 158 814 461 506
4 143 877 461 814
4 365 891 970 337
4 257 256 901 831
4 257 831 232 256
4 213 823 901 831
4 168 187 812 159
4 168 818 187 210
4 168 210 927 818
4 346 320 323 938
4 605 941 978 276
4 46 29 400 17
4 737 100 454 102
4 78 100 737 102
4 78 937 737 100
4 300 329 611 308
4 300 308 611 280
4 369 619 358 620
4 369 358 353 620
4 182 934 142 489
4 285 585 311 309
4 274 236 942 255
4 274 255 942 616
4 616 827 255 942
4 984 170 964 160
4 170 193 940 160
4 120 125 494 173
4 125 494 173 838
4 316 890 870 327
4 257 901 558 831
4 900 558 242 257
4 679 904 992 104
4 69 992 104 75
4 69 104 992 988
4 422 679 948 992
4 679 104 992 422
4 316 291 328 889
4 328 316 889 920
4 291 612 889 316
4 316 920 612 889
4 279 583 290 262
4 279 583 850 584
4 279 262 850 583
4 993 869 328 313
4 181 220 927 222
4 944 793 344 317
4 339 894 870 920
4 390 824 392 389
4 81 111 443 90
4 81 907 443 111
4 688 443 111 90
4 688 111 443 907
4 454 737 982 100
4 986 788 967 108
4 905 422 119 829
4 86 905 422 119
4 142 934 906 489
4 117 990 155 131
4 117 990 906 934
4 117 990 107 906
4 117 155 990 934
4 27 52 394 36
4 9 14 825 3
4 94 447 71 98
4 94 71 447 70
4 247 235 850 262
4 279 850 262 247
4 799 924 484 490
4 179 204 887 221
4 200 887 221 179
4 605 271 313 276
4 30 51 36 394
4 728 207 219 178
4 178 728 191 219
4 316 291 612 277
4 277 286 612 316
4 291 612 277 857
4 857 612 277 787
4 115 979 436 822
4 115 979 822 141
4 60 52 77 821
4 821 885 52 83
4 806 991 99 985
4 99 991 106 985
4 834 621 383 376
4 383 376 621 373
4 365 373 621 376
4 365 621 355 376
4 382 383 834 390
4 382 834 383 376
4 407 883 25 18
4 407 18 25 9
4 406 25 407 883
4 406 25 825 407
4 407 825 9 25
4 894 631 368 374
4 894 349 374 368
4 302 338 604 335
4 53 28 410 45
4 143 814 158 174
4 174 814 158 190
4 174 877 143 814
4 988 417 96 904
4 417 904 884 96
4 104 904 992 988
4 69 988 417 96
4 877 743 460 814
4 877 499 743 814
4 336 334 620 353
4 334 358 620 353
4 334 620 358 807
4 144 157 110 450
4 144 451 450 858
4 144 858 450 110
4 947 247 285 245
4 947 247 279 285
4 962 366 634 356
4 352 634 366 356
4 379 366 962 356
4 362 969 381 369
4 362 381 969 371
4 189 926 146 167
4 146 167 979 141
4 146 926 979 167
4 121 490 122 161
4 924 122 490 161
4 162 173 494 192
4 162 173 120 494
4 327 331 312 921
4 130 163 455 166
4 270 241 573 252
4 340 322 637 351
4 840 405 29 400
4 48 405 400 29
4 48 19 405 29
4 19 840 405 29
4 918 791 527 572
4 715 791 572 527
4 361 340 347 636
4 361 637 340 636
4 897 20 22 39
4 49 35 413 39
4 6 804 0 5
4 804 974 0 5
4 5 1 974 0
4 78 421 62 95
4 78 937 871 421
4 215 791 572 253
4 253 572 902 955
4 572 253 791 955
4 274 616 942 286
4 301 616 274 286
4 301 327 890 286
4 286 616 890 301
4 255 236 942 961
4 942 236 925 961
4 827 961 255 942
4 925 935 961 236
4 83 415 885 57
4 83 885 52 57
4 448 995 84 66
4 835 66 991 448
4 806 991 448 835
4 448 84 835 66
4 448 991 995 66
4 86 119 422 93
4 406 38 58 42
4 406 42 25 38
4 987 790 34 976
4 34 396 790 882
4 809 598 665 605
4 944 337 303 317
4 310 337 303 944
4 489 494 854 125
4 200 211 528 189
4 189 211 528 963
4 931 211 528 241
4 963 211 528 931
4 200 528 211 241
4 183 161 490 121
4 263 261 231 540
4 226 823 955 901
4 266 901 226 955
4 803 818 708 536
4 812 818 708 803
4 572 902 280 253
4 918 249 572 246
4 225 249 918 246
4 147 100 145 982
4 50 864 880 41
4 540 866 231 541
4 268 240 269 862
4 92 131 945 107
4 69 50 912 75
4 923 184 163 154
4 297 287 837 590
4 513 940 823 909
4 468 964 940 909
4 81 61 886 67
4 856 888 284 305
4 888 305 856 847
4 348 321 869 993
4 297 296 837 272
4 320 938 297 296
4 99 88 449 123
4 406 825 25 42
4 825 23 25 42
4 328 339 920 349
4 328 339 316 920
4 188 208 500 228
4 35 20 413 39
4 407 734 408 794
4 407 794 408 959
4 959 794 408 974
4 944 344 337 317
4 146 483 152 111
4 152 483 924 111
4 483 111 688 907
4 924 483 907 111
4 812 818 187 168
4 927 168 818 812
4 987 882 23 14
4 963 207 167 189
4 963 211 207 189
4 25 9 23 825
4 23 14 825 9
4 144 860 194 157
4 264 830 972 230
4 264 230 255 961
4 264 961 830 230
4 914 72 58 38
4 914 38 61 72
4 288 251 282 930
4 930 282 989 251
4 192 965 175 220
4 578 533 878 539
4 388 379 811 380
4 388 380 811 386
4 142 117 934 182
4 212 971 936 973
4 936 973 971 499
4 199 808 234 235
4 234 817 199 209
4 103 822 141 97
4 783 545 260 265
4 545 659 783 989
4 783 292 545 265
4 783 989 260 545
4 506 981 206 224
4 506 224 206 190
4 981 242 206 224
4 78 100 74 937
4 260 545 237 228
4 260 265 545 228
4 240 544 227 269
4 227 269 544 233
4 24 880 393 41
4 26 880 24 41
4 131 990 155 945
4 131 107 990 945
4 192 220 223 965
4 581 248 220 223
4 824 893 392 389
4 323 345 624 798
4 835 411 43 67
4 67 61 411 43
4 67 411 61 865
4 67 411 865 835
4 872 63 39 71
4 872 39 44 71
4 146 115 979 688
4 979 146 688 483
4 158 814 506 190
4 448 84 692 835
4 198 495 231 229
4 195 229 495 198
4 75 422 104 93
4 75 992 104 422
4 215 918 249 572
4 215 572 791 918
4 215 253 226 791
4 969 949 811 879
4 142 125 489 94
4 365 373 891 621
4 365 891 355 621
4 760 826 529 574
4 574 31 826 529
4 760 826 887 529
4 529 31 826 887
4 30 395 51 394
4 51 792 394 395
4 792 673 394 395
4 395 873 394 30
4 395 673 394 873
4 398 399 815 873
4 398 873 673 399
4 398 673 674 399
4 815 399 398 674
4 404 403 674 815
4 404 403 675 674
4 404 815 804 403
4 675 804 403 404
4 675 804 874 408
4 676 675 874 408
4 874 409 804 675
4 874 409 675 676
4 49 806 413 35
4 412 676 413 874
4 35 413 412 806
4 412 806 413 676
4 416 89 415 853
4 57 89 415 416
4 57 416 415 792
4 416 415 638 853
4 792 638 416 415
4 420 792 419 638
4 792 673 420 419
4 420 638 419 639
4 673 419 639 420
4 674 426 673 425
4 425 673 639 426
4 425 639 640 426
4 425 426 640 674
4 427 428 875 641
4 801 428 427 641
4 875 428 427 913
4 674 432 675 433
4 674 640 432 433
4 640 642 432 433
4 642 432 433 675
4 440 676 439 675
4 642 675 440 439
4 644 642 440 439
4 644 676 439 440
4 442 876 441 643
4 795 876 441 442
4 795 442 441 915
4 442 643 441 645
4 442 915 447 441
4 644 676 446 445
4 806 676 445 446
4 646 644 446 445
4 646 806 445 446
4 646 448 806 985
4 65 806 991 99
4 954 448 646 985
4 638 452 453 853
4 819 956 452 853
4 817 956 452 819
4 817 453 647 452
4 647 452 453 638
4 458 638 647 459
4 458 638 459 639
4 458 647 648 459
4 458 648 639 459
4 849 875 461 460
4 849 461 877 460
4 461 649 814 460
4 877 460 461 814
4 875 460 649 461
4 648 465 639 466
4 640 465 466 639
4 648 650 465 466
4 640 465 650 466
4 875 467 468 649
4 641 467 468 875
4 649 651 467 468
4 641 468 467 651
4 472 642 640 473
4 472 650 473 640
4 472 473 650 652
4 652 473 642 472
4 641 475 651 474
4 641 475 474 643
4 474 475 651 653
4 653 474 475 643
4 480 644 479 642
4 480 652 642 479
4 654 479 652 480
4 654 644 479 480
4 482 643 645 481
4 482 643 481 653
4 482 655 653 481
4 482 481 645 655
4 487 654 644 486
4 487 646 486 644
4 656 486 654 487
4 487 486 646 656
4 489 854 488 645
4 489 655 645 488
4 489 494 488 854
4 489 488 838 655
4 855 646 492 656
4 855 492 646 954
4 954 493 855 150
4 954 493 646 855
4 855 656 493 646
4 498 647 497 817
4 498 796 817 497
4 498 497 709 796
4 498 709 497 647
4 648 503 504 647
4 647 504 709 503
4 503 710 504 709
4 648 503 710 504
4 649 814 505 805
4 814 805 649 506
4 649 711 805 505
4 649 805 711 506
4 510 710 511 648
4 510 650 648 511
4 510 712 511 710
4 510 511 712 650
4 649 513 512 651
4 649 512 513 711
4 711 713 512 513
4 651 713 513 512
4 712 518 517 650
4 652 517 518 650
4 712 517 518 714
4 714 517 518 652
4 651 713 519 520
4 653 519 520 651
4 520 519 715 713
4 653 715 520 519
4 525 652 654 524
4 525 714 652 524
4 525 524 716 714
4 716 654 524 525
4 526 715 527 653
4 655 653 526 527
4 526 717 527 715
4 717 526 527 655
4 532 716 654 531
4 532 654 656 531
4 532 718 716 531
4 532 656 718 531
4 534 655 838 533
4 534 717 655 533
4 947 245 950 958
4 958 796 543 542
4 542 796 543 709
4 958 245 950 543
4 542 87 709 543
4 709 549 87 548
4 710 548 549 709
4 87 549 91 548
4 710 549 548 91
4 711 550 112 551
4 556 555 91 710
4 712 710 555 556
4 556 555 126 91
4 712 555 126 556
4 711 713 558 557
4 711 112 557 558
4 558 127 112 557
4 558 713 127 557
4 563 126 712 562
4 712 714 563 562
4 563 133 126 562
4 563 714 133 562
4 713 564 565 127
4 713 565 564 715
4 127 564 565 137
4 564 715 565 137
4 714 570 133 569
4 714 716 570 569
4 133 570 140 569
4 569 716 570 140
4 715 137 571 572
4 717 715 571 572
4 137 851 571 572
4 717 851 572 571
4 718 577 716 576
4 716 576 577 140
4 140 576 577 149
4 149 718 576 577
4 852 280 246 572
4 717 246 878 534
4 717 246 852 878
4 717 533 878 578
4 852 578 851 717
4 718 580 861 149
4 861 718 149 581
4 580 828 861 149
4 861 149 828 581
4 947 87 585 584
4 285 947 585 584
4 589 807 585 87
4 87 588 91 589
4 87 588 589 807
4 807 724 588 589
4 589 91 724 588
4 595 126 594 91
4 724 594 91 595
4 724 594 595 725
4 595 126 725 594
4 938 596 112 597
4 127 597 112 596
4 597 798 938 596
4 127 596 798 597
4 133 126 601 602
4 725 602 601 126
4 725 602 726 601
4 133 726 602 601
4 127 603 604 798
4 127 604 603 137
4 629 604 919 603
4 603 919 137 604
4 133 609 608 140
4 133 608 609 726
4 726 609 727 608
4 140 608 727 609
4 610 813 851 137
4 813 611 994 851
4 813 137 611 851
4 813 610 994 848
4 813 137 610 919
4 994 851 610 813
4 140 614 727 996
4 140 149 614 996
4 996 727 922 614
4 996 149 614 922
4 828 293 304 617
4 828 304 149 617
4 149 304 922 617
4 293 319 304 617
4 922 304 319 617
4 807 620 619 724
4 358 620 619 807
4 724 623 622 725
4 623 969 620 622
4 724 622 623 620
4 725 622 879 623
4 623 879 969 622
4 725 628 627 726
4 725 627 628 879
4 879 627 628 811
4 726 811 628 627
4 816 633 966 632
4 726 632 633 811
4 726 727 633 632
4 816 632 811 633
4 632 966 727 633
4 922 637 727 636
4 636 637 727 966
4 361 637 636 966
4 27 394 52 393
4 393 52 885 394
4 393 419 730 394
4 27 881 394 393
4 393 394 730 881
4 842 397 398 10
4 397 730 398 881
4 397 842 398 732
4 397 732 398 730
4 397 732 402 842
4 825 882 401 733
4 882 731 733 402
4 825 402 882 733
4 731 733 401 882
4 406 407 825 733
4 406 407 733 735
4 406 735 883 407
4 407 8 794 959
4 407 408 734 736
4 736 408 959 407
4 412 736 959 411
4 885 414 844 83
4 83 844 885 415
4 885 415 844 678
4 414 885 844 678
4 864 418 884 417
4 418 677 884 417
4 418 677 417 680
4 864 418 417 729
4 729 680 418 417
4 418 678 419 885
4 885 419 418 393
4 418 681 419 678
4 730 681 419 418
4 679 682 422 948
4 682 790 422 948
4 424 729 423 680
4 424 423 729 731
4 424 680 423 683
4 424 423 731 683
4 732 424 425 730
4 424 730 681 425
4 424 681 684 425
4 684 425 732 424
4 430 431 733 731
4 683 731 431 430
4 686 683 431 430
4 733 430 686 431
4 732 432 431 734
4 684 432 431 732
4 687 432 431 684
4 687 431 432 734
4 802 437 685 436
4 914 436 437 802
4 436 688 437 685
4 436 437 688 914
4 735 438 733 437
4 437 686 438 733
4 437 689 438 686
4 437 689 735 438
4 438 439 736 734
4 438 734 687 439
4 438 687 690 439
4 690 736 438 439
4 735 865 444 443
4 443 689 444 735
4 865 444 443 886
4 443 691 444 689
4 886 444 443 691
4 835 736 444 445
4 690 444 736 445
4 692 444 690 445
4 692 444 445 835
4 797 844 452 451
4 451 678 844 452
4 451 694 452 496
4 451 694 678 452
4 455 679 841 456
4 456 500 841 455
4 456 455 679 695
4 677 457 456 680
4 456 677 693 457
4 456 693 696 457
4 680 457 456 696
4 694 458 457 678
4 681 457 458 678
4 694 697 457 458
4 681 457 697 458
4 682 679 462 463
4 463 695 679 462
4 463 698 695 462
4 698 682 462 463
4 464 680 683 463
4 680 696 463 464
4 464 463 699 696
4 464 463 683 699
4 681 465 697 464
4 684 464 465 681
4 464 465 697 700
4 700 464 465 684
4 469 682 698 470
4 469 685 682 470
4 469 701 470 698
4 469 470 701 685
4 471 686 470 683
4 471 699 683 470
4 471 699 470 702
4 702 470 471 686
4 472 471 684 687
4 472 700 684 471
4 472 471 703 700
4 703 471 472 687
4 476 477 688 685
4 476 685 701 477
4 476 477 701 704
4 476 704 688 477
4 689 686 477 478
4 477 702 478 686
4 477 702 705 478
4 689 705 478 477
4 479 687 478 703
4 690 687 478 479
4 479 706 703 478
4 706 479 690 478
4 483 907 688 484
4 704 688 484 483
4 924 483 484 907
4 924 484 483 799
4 704 484 799 483
4 484 705 485 689
4 691 689 484 485
4 484 485 705 707
4 707 484 485 691
4 486 485 706 690
4 486 692 485 690
4 708 706 486 485
4 486 485 692 708
4 116 692 491 946
4 492 491 946 803
4 492 708 692 491
4 946 492 692 491
4 492 491 803 708
4 860 496 808 495
4 808 495 496 866
4 693 495 496 860
4 496 495 749 866
4 749 495 496 693
4 808 797 497 496
4 496 497 452 797
4 496 497 808 750
4 496 497 750 694
4 800 501 500 841
4 456 501 500 695
4 800 501 867 500
4 500 501 867 751
4 695 501 500 751
4 502 749 693 501
4 696 693 501 502
4 502 501 752 749
4 696 501 752 502
4 502 503 697 694
4 502 694 750 503
4 502 753 503 750
4 502 503 753 697
4 695 508 751 507
4 698 507 508 695
4 507 754 508 751
4 698 754 508 507
4 696 509 508 699
4 696 508 509 752
4 752 755 508 509
4 699 755 509 508
4 700 697 509 510
4 753 509 697 510
4 753 509 510 756
4 700 756 510 509
4 701 698 514 515
4 514 754 515 698
4 514 757 515 754
4 701 515 514 757
4 702 515 516 699
4 699 755 515 516
4 758 515 755 516
4 702 516 515 758
4 700 517 516 703
4 700 756 516 517
4 759 756 517 516
4 703 516 759 517
4 704 521 522 701
4 701 522 757 521
4 521 757 760 522
4 704 760 522 521
4 522 523 702 758
4 522 702 523 705
4 522 758 761 523
4 522 761 705 523
4 706 523 524 703
4 703 759 523 524
4 762 759 524 523
4 762 523 524 706
4 704 528 529 760
4 704 799 529 528
4 528 887 529 760
4 799 887 529 528
4 761 530 529 705
4 707 529 530 705
4 761 530 763 529
4 707 763 530 529
4 531 530 762 706
4 531 708 530 706
4 531 764 762 530
4 531 530 708 764
4 707 535 536 763
4 820 535 925 536
4 820 536 707 535
4 536 925 763 535
4 764 708 818 536
4 540 541 231 263
4 540 541 749 866
4 856 263 541 540
4 856 541 657 540
4 540 657 749 541
4 808 541 750 542
4 808 850 541 542
4 542 850 541 658
4 542 750 658 541
4 540 546 847 545
4 540 545 867 546
4 867 545 751 546
4 847 545 546 659
4 659 545 546 751
4 547 546 749 752
4 749 657 546 547
4 657 660 546 547
4 547 752 660 546
4 658 750 548 547
4 753 548 750 547
4 661 658 548 547
4 661 753 547 548
4 552 751 553 754
4 552 553 751 659
4 552 553 659 662
4 552 662 754 553
4 553 554 755 752
4 553 554 752 660
4 553 554 660 663
4 553 554 663 755
4 661 555 554 753
4 753 554 756 555
4 664 555 554 661
4 756 664 555 554
4 754 559 560 662
4 757 560 754 559
4 662 559 560 665
4 560 559 757 665
4 561 755 758 560
4 755 560 561 663
4 663 560 561 666
4 561 758 666 560
4 561 759 756 562
4 561 756 664 562
4 561 664 667 562
4 561 667 759 562
4 665 566 757 567
4 760 566 567 757
4 668 566 665 567
4 567 566 760 668
4 761 567 568 758
4 666 567 758 568
4 669 567 666 568
4 669 568 761 567
4 569 759 762 568
4 759 568 569 667
4 667 568 569 670
4 569 568 762 670
4 574 787 857 826
4 574 760 573 668
4 760 826 574 573
4 574 668 573 857
4 761 763 575 574
4 669 761 575 574
4 671 669 575 574
4 575 763 671 574
4 575 762 576 764
4 670 762 576 575
4 996 670 576 575
4 575 576 672 764
4 579 961 580 827
4 818 580 579 961
4 764 579 818 580
4 764 580 672 579
4 579 827 580 672
4 658 583 584 850
4 789 583 584 658
4 657 587 586 660
4 888 587 586 657
4 888 868 586 587
4 586 868 765 587
4 586 660 587 765
4 588 587 658 661
4 588 658 587 789
4 588 587 766 789
4 588 661 766 587
4 592 591 810 659
4 662 591 592 659
4 944 592 591 810
4 592 591 793 944
4 662 591 793 592
4 592 660 593 663
4 592 593 660 765
4 592 593 765 767
4 592 593 767 663
4 594 593 661 664
4 594 593 766 661
4 594 593 768 766
4 594 664 768 593
4 662 793 598 599
4 662 598 665 599
4 809 598 793 599
4 809 598 599 665
4 663 666 600 599
4 767 599 663 600
4 767 600 769 599
4 599 769 666 600
4 667 600 601 664
4 768 601 600 664
4 768 601 770 600
4 667 601 600 770
4 606 665 668 605
4 869 605 809 606
4 606 889 869 605
4 606 889 605 668
4 607 606 666 669
4 769 666 607 606
4 769 771 606 607
4 607 669 771 606
4 667 607 608 770
4 667 670 608 607
4 770 608 772 607
4 607 670 608 996
4 613 669 612 771
4 613 671 612 669
4 870 612 613 890
4 870 612 771 613
4 613 890 612 671
4 996 672 613 575
4 772 613 607 996
4 672 921 616 617
4 343 618 789 359
4 359 619 618 789
4 892 618 359 619
4 766 619 789 618
4 892 619 766 618
4 767 621 891 833
4 767 891 621 765
4 891 373 833 621
4 373 833 970 891
4 767 833 891 944
4 622 621 766 768
4 622 621 892 766
4 834 621 892 622
4 622 824 621 768
4 834 621 622 824
4 767 625 769 626
4 767 626 833 625
4 626 929 833 625
4 769 626 625 929
4 824 626 768 893
4 768 627 893 770
4 768 893 627 824
4 770 768 626 893
4 894 631 630 368
4 368 929 631 630
4 769 630 771 631
4 769 630 631 929
4 631 630 771 894
4 816 632 836 932
4 770 632 631 772
4 770 893 631 632
4 816 632 932 893
4 772 836 632 631
4 772 922 636 635
4 772 635 636 836
4 635 772 922 996
4 354 636 922 635
4 367 836 636 635
4 367 636 354 635
4 895 399 17 400
4 895 400 773 399
4 773 400 774 399
4 399 840 17 400
4 399 400 774 840
4 404 896 840 774
4 404 896 774 775
4 897 410 977 409
4 977 896 409 410
4 410 409 775 896
4 410 409 776 775
4 897 409 776 410
4 871 937 420 421
4 421 937 420 737
4 871 421 420 773
4 421 737 420 738
4 773 420 738 421
4 773 427 426 774
4 427 738 773 426
4 427 739 738 426
4 427 739 426 774
4 775 433 434 774
4 434 433 739 774
4 434 433 740 739
4 740 775 433 434
4 440 776 775 441
4 740 441 440 775
4 741 441 440 740
4 741 776 440 441
4 872 446 447 776
4 898 446 447 872
4 741 447 446 776
4 742 447 446 741
4 742 898 446 447
4 956 980 453 982
4 982 454 453 737
4 980 454 453 982
4 743 454 453 980
4 737 454 453 743
4 738 460 737 459
4 737 743 459 460
4 460 459 744 743
4 738 459 744 460
4 738 466 467 744
4 739 466 467 738
4 744 467 745 466
4 745 466 467 739
4 474 473 745 739
4 474 473 739 740
4 474 746 745 473
4 746 740 473 474
4 481 740 741 480
4 481 746 740 480
4 481 746 480 747
4 747 480 481 741
4 487 747 488 741
4 487 742 741 488
4 487 747 748 488
4 487 742 488 748
4 493 742 494 123
4 748 494 493 742
4 123 494 493 162
4 748 494 162 493
4 498 973 499 743
4 498 973 936 499
4 743 499 980 973
4 498 777 499 936
4 777 499 743 498
4 505 743 744 504
4 505 504 777 743
4 505 504 778 777
4 505 778 504 744
4 744 512 511 745
4 744 511 512 778
4 512 778 511 779
4 745 511 779 512
4 745 519 518 746
4 745 518 519 779
4 779 518 519 780
4 780 519 746 518
4 526 746 747 525
4 526 780 746 525
4 526 781 780 525
4 526 747 781 525
4 532 747 533 748
4 532 533 747 781
4 532 782 533 781
4 782 533 748 532
4 539 748 965 538
4 582 538 223 581
4 539 538 782 748
4 582 538 581 782
4 240 543 936 544
4 862 240 544 543
4 936 544 543 777
4 543 544 862 719
4 543 719 777 544
4 777 549 778 550
4 777 550 719 549
4 719 550 720 549
4 778 549 720 550
4 557 556 778 779
4 557 720 778 556
4 557 721 720 556
4 557 779 721 556
4 563 780 779 564
4 563 721 564 779
4 563 722 564 721
4 563 564 722 780
4 781 780 570 571
4 780 570 571 722
4 722 570 571 723
4 723 570 571 781
4 782 578 781 577
4 723 578 577 781
4 863 578 577 723
4 782 863 578 577
4 719 589 590 839
4 719 590 589 720
4 839 590 951 589
4 589 784 590 951
4 589 784 720 590
4 784 720 596 595
4 721 596 720 595
4 784 596 785 595
4 721 596 595 785
4 722 603 721 602
4 721 603 785 602
4 785 786 602 603
4 722 786 603 602
4 722 786 609 610
4 722 723 610 609
4 610 609 998 786
4 998 723 609 610
4 845 998 723 614
4 845 723 863 614
4 845 723 998 615
4 863 615 723 845
4 903 845 615 863
4 624 363 623 949
4 784 899 623 624
4 784 624 623 785
4 785 624 623 949
4 629 380 949 962
4 785 949 628 629
4 785 628 786 629
4 629 962 628 786
4 949 962 628 629
4 633 634 998 786
4 633 962 634 786
4 838 196 217 539
4 15 20 874 412
4 412 20 874 413
4 412 20 413 35
4 257 900 558 901
4 933 791 911 934
4 794 402 842 3
4 412 35 15 20
4 128 174 877 143
4 128 877 174 151
4 832 963 476 910
4 728 963 832 910
4 299 313 276 605
4 299 313 605 321
4 798 629 345 624
4 345 624 364 363
4 243 978 207 728
4 978 939 917 728
4 962 633 366 983
4 366 633 634 998
4 366 634 633 962
4 269 233 250 544
4 381 386 969 371
4 896 404 7 6
4 896 7 404 840
4 840 815 11 7
4 110 96 77 414
4 109 414 110 77
4 534 533 838 217
4 878 246 217 534
4 15 412 959 21
4 15 874 959 412
4 412 21 15 35
4 121 84 80 859
4 121 116 84 859
4 393 885 52 821
4 393 37 60 52
4 393 821 52 60
4 583 262 541 856
4 850 262 541 583
4 583 541 657 856
4 263 541 262 856
4 658 583 850 541
4 583 541 658 657
4 542 850 584 947
4 542 584 850 658
4 542 87 947 584
4 542 958 947 950
4 719 862 950 585
4 87 950 585 719
4 847 659 546 586
4 847 657 586 546
4 657 660 586 546
4 660 546 659 586
4 657 587 660 547
4 657 587 547 658
4 661 587 658 547
4 547 587 660 661
4 658 588 548 87
4 584 87 588 658
4 588 658 548 661
4 87 588 548 91
4 588 661 548 91
4 87 589 549 719
4 87 549 589 91
4 719 720 589 549
4 589 549 720 91
4 719 550 837 720
4 719 590 720 837
4 837 938 590 720
4 837 720 550 112
4 552 591 659 989
4 591 989 552 930
4 552 591 662 659
4 552 591 930 662
4 592 659 660 553
4 662 553 659 592
4 592 660 663 553
4 662 553 592 663
4 661 554 593 660
4 663 554 660 593
4 664 593 661 554
4 663 554 593 664
4 91 555 594 661
4 594 555 664 661
4 126 555 594 91
4 594 126 664 555
4 556 126 595 91
4 556 720 91 595
4 556 721 720 595
4 556 126 721 595
4 557 112 720 596
4 557 596 720 721
4 557 127 112 596
4 557 721 127 596
4 558 900 112 901
4 558 901 112 127
4 901 900 112 597
4 112 597 127 901
4 930 953 559 598
4 598 559 941 953
4 665 559 941 598
4 662 598 930 559
4 662 599 560 663
4 662 665 560 599
4 663 560 666 599
4 599 666 665 560
4 663 664 600 561
4 663 666 561 600
4 561 600 667 664
4 561 666 667 600
4 562 664 601 126
4 667 664 601 562
4 562 126 601 133
4 562 667 133 601
4 563 602 126 133
4 563 126 602 721
4 563 722 721 602
4 563 602 133 722
4 721 127 603 564
4 722 603 564 721
4 127 137 603 564
4 603 564 137 722
4 901 565 604 127
4 127 137 565 604
4 901 565 955 604
4 604 565 902 137
4 604 955 902 565
4 605 941 566 978
4 605 566 573 978
4 665 941 566 605
4 605 573 566 668
4 668 665 566 605
4 606 668 665 567
4 666 665 567 606
4 669 606 666 567
4 606 668 567 669
4 667 568 607 666
4 607 669 666 568
4 667 568 670 607
4 607 669 568 670
4 667 670 569 608
4 667 133 608 569
4 133 140 608 569
4 569 140 608 670
4 133 570 609 140
4 722 570 609 133
4 722 570 723 609
4 140 570 609 723
4 610 137 571 722
4 722 723 571 610
4 610 851 571 137
4 851 571 723 610
4 572 851 280 902
4 137 611 851 902
4 137 572 902 851
4 851 611 280 902
4 669 668 574 612
4 574 668 857 612
4 574 671 612 787
4 857 612 787 574
4 671 574 612 669
4 613 669 575 671
4 613 670 575 669
4 996 575 613 670
4 613 671 575 672
4 670 576 140 996
4 996 575 576 672
4 140 576 149 996
4 996 576 149 672
4 140 149 577 614
4 140 577 723 614
4 863 723 577 614
4 304 581 149 614
4 615 723 851 578
4 615 578 851 852
4 615 578 863 723
4 615 903 863 578
4 615 852 903 578
4 827 579 942 616
4 671 579 616 942
4 672 579 616 671
4 579 672 616 827
4 672 827 580 617
4 672 617 580 149
4 580 264 828 617
4 614 581 577 863
4 304 281 828 581
4 828 149 304 581
4 109 451 858 414
4 109 844 451 414
4 451 678 414 844
4 451 678 677 414
4 858 677 414 451
4 844 853 638 415
4 844 415 638 678
4 638 452 853 844
4 678 844 452 638
4 982 737 853 416
4 997 456 417 904
4 417 677 456 680
4 417 456 677 904
4 417 456 997 680
4 904 997 456 679
4 418 457 678 677
4 418 457 677 680
4 418 457 681 678
4 418 457 680 681
4 458 678 638 419
4 681 458 419 678
4 458 638 639 419
4 458 681 419 639
4 420 638 639 459
4 420 459 737 638
4 420 738 737 459
4 420 738 459 639
4 829 462 114 923
4 682 422 462 679
4 923 114 455 462
4 905 422 829 462
4 905 422 462 682
4 463 682 679 997
4 680 997 423 463
4 682 423 997 463
4 683 680 423 463
4 683 423 682 463
4 424 680 683 464
4 424 464 681 680
4 424 464 684 681
4 424 684 464 683
4 684 681 465 425
4 425 465 639 681
4 425 465 640 639
4 684 465 640 425
4 426 639 466 738
4 640 639 466 426
4 426 466 739 738
4 640 466 739 426
4 427 467 875 421
4 427 467 738 739
4 427 467 641 875
4 427 641 467 739
4 641 428 875 468
4 118 788 428 468
4 875 788 468 428
4 964 118 428 468
4 469 429 905 682
4 469 429 682 685
4 822 429 469 685
4 470 685 682 430
4 470 682 683 430
4 686 430 470 683
4 686 430 685 470
4 684 683 431 471
4 471 683 431 686
4 687 471 684 431
4 687 686 471 431
4 472 432 684 640
4 472 432 687 684
4 472 432 640 642
4 642 472 432 687
4 640 473 642 433
4 640 739 473 433
4 740 473 739 433
4 740 473 433 642
4 434 740 474 739
4 739 641 474 434
4 641 643 474 434
4 643 434 740 474
4 435 643 475 641
4 428 964 952 105
4 435 428 641 475
4 945 475 952 435
4 945 643 475 435
4 979 476 436 822
4 476 685 436 822
4 476 688 436 685
4 476 436 688 979
4 437 686 685 477
4 688 477 437 685
4 437 686 477 689
4 688 437 477 689
4 689 478 438 686
4 438 686 478 687
4 438 687 478 690
4 689 478 690 438
4 642 439 479 687
4 690 687 479 439
4 644 439 479 642
4 644 479 439 690
4 480 642 440 644
4 480 642 740 440
4 741 740 440 480
4 741 440 644 480
4 643 740 441 481
4 481 441 741 740
4 645 643 441 481
4 645 481 441 741
4 442 643 645 482
4 442 945 643 482
4 442 482 990 945
4 442 906 482 645
4 990 482 442 906
4 688 689 907 443
4 688 907 689 484
4 443 689 907 691
4 691 689 907 484
4 691 485 444 689
4 689 485 444 690
4 692 444 485 690
4 692 485 444 691
4 644 445 486 690
4 486 692 690 445
4 646 445 486 644
4 646 445 692 486
4 487 446 644 741
4 487 644 446 646
4 487 446 741 742
4 487 646 446 742
4 645 447 488 741
4 488 447 742 741
4 854 447 908 488
4 854 447 488 645
4 908 447 742 488
4 84 692 691 491
4 859 116 84 491
4 84 691 859 491
4 646 492 692 448
4 448 946 954 492
4 448 946 692 116
4 946 692 492 448
4 954 492 646 448
4 493 449 646 742
4 493 954 646 449
4 493 742 123 449
4 968 860 841 450
4 693 841 860 450
4 693 496 451 860
4 860 451 797 496
4 496 797 452 451
4 694 496 451 693
4 797 817 497 452
4 808 497 797 817
4 496 694 452 497
4 817 647 497 452
4 452 647 497 694
4 498 453 817 973
4 973 453 817 956
4 498 453 647 817
4 498 973 743 453
4 743 980 453 973
4 498 453 743 647
4 185 980 454 499
4 743 454 980 499
4 456 841 501 693
4 456 500 501 841
4 456 693 501 696
4 456 696 501 695
4 696 693 502 457
4 502 457 693 694
4 502 697 457 694
4 696 457 502 697
4 458 503 647 694
4 694 503 697 458
4 458 503 648 647
4 697 503 648 458
4 648 647 504 459
4 459 743 647 504
4 744 743 459 504
4 648 504 744 459
4 460 744 505 743
4 814 743 460 505
4 460 505 649 814
4 460 744 649 505
4 461 649 506 814
4 461 649 513 506
4 462 507 695 923
4 462 507 698 695
4 829 923 507 462
4 829 507 698 462
4 696 695 463 508
4 463 508 695 698
4 696 699 508 463
4 463 699 508 698
4 464 509 697 696
4 464 699 509 696
4 464 697 509 700
4 464 509 699 700
4 510 465 697 648
4 700 465 697 510
4 510 465 648 650
4 510 650 700 465
4 648 466 744 511
4 648 511 650 466
4 744 745 511 466
4 466 745 511 650
4 744 649 512 467
4 744 467 512 745
4 649 651 512 467
4 467 512 745 651
4 649 513 651 468
4 967 158 468 170
4 158 170 513 468
4 967 964 170 468
4 651 909 468 513
4 469 829 846 698
4 910 698 469 846
4 910 698 846 514
4 910 698 514 701
4 832 846 910 469
4 469 701 698 910
4 701 515 470 698
4 470 698 515 699
4 470 515 702 699
4 701 470 515 702
4 700 516 699 471
4 471 699 702 516
4 700 703 516 471
4 471 703 516 702
4 472 517 650 700
4 472 703 517 700
4 472 517 652 650
4 652 517 472 703
4 652 473 650 518
4 745 518 650 473
4 745 746 518 473
4 746 473 652 518
4 474 519 651 745
4 474 519 745 746
4 474 519 653 651
4 746 519 653 474
4 651 475 909 911
4 653 475 651 911
4 911 651 520 909
4 933 520 909 911
4 653 520 911 651
4 963 521 926 476
4 963 521 476 910
4 476 521 701 910
4 476 521 704 701
4 476 926 704 521
4 704 477 701 522
4 701 477 702 522
4 522 702 705 477
4 704 477 522 705
4 705 702 523 478
4 478 702 523 703
4 478 523 706 703
4 705 706 478 523
4 479 524 703 706
4 652 703 479 524
4 654 652 479 524
4 654 524 479 706
4 525 652 746 480
4 525 654 652 480
4 747 746 480 525
4 747 654 525 480
4 481 746 747 526
4 481 746 526 653
4 481 653 526 655
4 655 526 481 747
4 482 911 653 527
4 934 911 482 527
4 482 527 653 655
4 482 655 934 527
4 165 528 926 189
4 165 483 528 179
4 926 483 704 528
4 179 483 528 799
4 704 483 799 528
4 704 484 529 799
4 704 705 529 484
4 484 529 707 705
4 799 529 707 484
4 705 485 706 530
4 707 485 705 530
4 708 485 530 706
4 707 530 708 485
4 654 706 486 531
4 531 706 486 708
4 656 654 486 531
4 656 486 708 531
4 532 747 487 654
4 532 656 654 487
4 532 747 748 487
4 532 656 487 748
4 655 747 488 533
4 748 747 533 488
4 838 655 488 533
4 494 533 488 748
4 799 707 535 490
4 490 820 707 535
4 491 708 707 536
4 491 536 707 820
4 820 536 803 491
4 803 708 491 536
4 656 492 537 708
4 492 708 812 537
4 855 537 492 812
4 927 812 855 150
4 927 812 537 855
4 855 492 537 656
4 965 538 493 150
4 538 493 656 748
4 538 656 493 855
4 150 493 855 538
4 748 493 965 538
4 539 494 192 748
4 539 494 533 838
4 173 494 192 539
4 173 494 539 838
4 393 885 821 418
4 393 418 821 864
4 393 419 418 730
4 864 418 821 884
4 393 730 418 729
4 393 418 864 729
4 885 419 393 394
4 885 394 57 419
4 792 394 673 419
4 730 419 673 394
4 792 420 673 395
4 792 937 420 395
4 395 937 420 871
4 395 871 420 773
4 395 420 673 773
4 948 396 423 790
4 729 423 396 731
4 948 396 912 423
4 729 396 423 912
4 790 423 731 396
4 397 424 730 729
4 397 729 731 424
4 397 424 732 730
4 397 731 732 424
4 732 425 398 730
4 398 673 730 425
4 398 674 673 425
4 398 732 674 425
4 773 426 673 399
4 674 673 426 399
4 773 774 426 399
4 674 774 399 426
4 773 400 427 774
4 428 801 427 400
4 773 913 427 400
4 428 913 400 427
4 774 801 400 427
4 801 434 427 774
4 802 401 790 430
4 430 731 401 790
4 430 733 401 731
4 437 401 430 733
4 731 431 733 402
4 732 431 731 402
4 732 734 431 402
4 734 431 402 733
4 732 734 403 432
4 732 432 403 674
4 674 432 403 675
4 675 432 403 734
4 404 675 433 674
4 404 774 674 433
4 404 433 775 774
4 775 675 433 404
4 775 405 774 434
4 801 434 405 795
4 775 434 795 405
4 406 914 437 802
4 406 401 802 437
4 406 735 733 437
4 406 735 437 914
4 735 407 733 438
4 438 733 734 407
4 438 736 407 734
4 735 736 407 438
4 736 408 734 439
4 675 408 439 734
4 676 408 439 675
4 676 439 408 736
4 440 409 675 775
4 440 675 409 676
4 440 409 775 776
4 440 409 776 676
4 410 441 795 775
4 410 776 441 775
4 795 410 915 441
4 915 776 441 410
4 735 444 411 736
4 835 411 865 444
4 835 411 444 736
4 735 411 444 865
4 412 445 736 835
4 412 736 445 676
4 412 676 445 806
4 412 835 806 445
4 806 446 413 676
4 872 898 446 916
4 413 776 676 446
4 916 413 806 446
4 413 446 872 776
4 916 446 872 413
4 229 495 231 540
4 540 866 495 231
4 540 866 749 495
4 496 866 749 541
4 866 808 541 496
4 496 541 750 808
4 496 749 750 541
4 808 497 542 750
4 808 497 796 542
4 542 497 796 709
4 542 709 750 497
4 498 796 709 543
4 543 796 936 498
4 498 936 543 777
4 498 709 777 543
4 227 936 499 544
4 227 233 544 499
4 936 777 499 544
4 777 805 499 544
4 800 545 500 867
4 500 545 751 867
4 843 228 545 500
4 843 751 500 545
4 800 749 867 501
4 752 867 749 501
4 751 501 867 752
4 502 752 547 749
4 502 749 547 750
4 502 753 750 547
4 502 752 753 547
4 753 548 503 750
4 503 548 709 750
4 503 548 710 709
4 710 548 503 753
4 710 549 504 709
4 777 549 709 504
4 777 549 504 778
4 778 549 504 710
4 505 778 550 777
4 505 805 777 550
4 505 550 711 805
4 505 550 778 711
4 506 981 805 711
4 506 981 224 805
4 552 843 751 507
4 843 939 507 552
4 552 751 754 507
4 552 514 507 754
4 751 752 553 508
4 754 553 508 751
4 553 755 508 752
4 754 755 508 553
4 752 554 755 509
4 753 509 554 752
4 753 554 509 756
4 756 554 509 755
4 753 756 510 555
4 510 753 555 710
4 510 710 555 712
4 510 555 756 712
4 511 778 710 556
4 712 556 511 710
4 779 556 778 511
4 712 511 556 779
4 512 778 779 557
4 778 512 711 557
4 711 512 713 557
4 512 779 713 557
4 960 513 558 711
4 981 960 558 711
4 513 960 558 831
4 711 558 713 513
4 513 558 823 831
4 513 823 558 713
4 514 552 939 559
4 514 917 559 939
4 514 757 754 559
4 514 559 917 757
4 754 515 755 560
4 757 560 515 754
4 758 755 515 560
4 757 758 515 560
4 561 758 755 516
4 561 516 755 756
4 561 516 756 759
4 561 759 758 516
4 562 756 517 759
4 756 517 712 562
4 712 517 714 562
4 562 759 517 714
4 712 714 518 563
4 712 779 563 518
4 563 518 779 780
4 563 780 714 518
4 779 780 519 564
4 779 713 564 519
4 713 715 564 519
4 564 519 715 780
4 520 715 565 713
4 823 713 520 565
4 791 823 520 565
4 791 715 565 520
4 931 917 566 521
4 521 566 757 917
4 521 566 760 757
4 521 566 931 760
4 522 567 758 757
4 760 757 567 522
4 522 567 761 758
4 760 567 761 522
4 761 758 568 523
4 523 568 759 758
4 762 759 523 568
4 761 523 568 762
4 569 759 524 762
4 759 524 714 569
4 714 524 716 569
4 569 524 716 762
4 525 780 714 570
4 525 716 570 714
4 525 780 570 781
4 525 570 716 781
4 526 571 780 781
4 526 780 571 715
4 526 715 571 717
4 526 781 717 571
4 717 572 527 715
4 717 572 918 527
4 931 241 528 573
4 528 887 573 241
4 931 760 573 528
4 528 887 760 573
4 760 574 529 761
4 574 763 31 529
4 761 529 763 574
4 761 530 575 763
4 761 530 762 575
4 575 762 764 530
4 575 764 763 530
4 531 576 762 764
4 531 716 762 576
4 531 718 716 576
4 531 718 576 764
4 532 716 577 781
4 532 577 716 718
4 532 782 781 577
4 532 782 577 718
4 782 578 533 781
4 781 533 717 578
4 717 533 534 878
4 782 539 533 578
4 878 533 217 539
4 534 217 878 533
4 534 918 717 246
4 225 246 534 217
4 225 534 246 918
4 764 579 763 536
4 536 579 763 925
4 536 935 579 925
4 536 818 579 935
4 764 579 536 818
4 764 537 580 818
4 818 537 580 830
4 764 580 537 718
4 718 580 537 861
4 537 830 861 580
4 782 718 538 581
4 538 861 581 718
4 539 223 238 582
4 539 538 582 782
4 868 587 943 618
4 888 943 868 587
4 868 618 765 587
4 943 789 618 587
4 766 789 587 618
4 765 618 766 587
4 588 789 619 807
4 588 789 766 619
4 807 724 619 588
4 588 766 724 619
4 807 589 951 724
4 807 620 724 951
4 589 784 951 724
4 334 620 807 951
4 951 784 620 724
4 592 944 793 767
4 592 765 944 767
4 944 833 891 970
4 833 767 625 793
4 767 593 765 621
4 765 766 621 593
4 768 621 766 593
4 767 621 768 593
4 594 768 622 766
4 766 724 622 594
4 724 725 622 594
4 594 768 725 622
4 784 595 623 724
4 724 725 595 623
4 784 785 623 595
4 595 623 725 785
4 784 624 596 938
4 784 596 624 785
4 938 798 624 596
4 899 624 784 938
4 785 798 596 624
4 767 793 599 625
4 793 809 599 625
4 767 625 599 769
4 599 769 625 809
4 809 630 769 625
4 767 626 600 768
4 767 600 626 769
4 768 770 626 600
4 769 770 600 626
4 768 601 627 770
4 768 725 627 601
4 725 726 627 601
4 601 770 726 627
4 785 602 628 725
4 725 602 628 726
4 785 628 602 786
4 726 602 628 786
4 785 603 798 629
4 785 629 786 603
4 798 604 629 603
4 603 919 629 786
4 606 920 630 869
4 809 869 606 630
4 889 869 920 606
4 771 630 606 920
4 769 630 606 771
4 769 631 771 607
4 769 607 770 631
4 770 772 631 607
4 607 771 772 631
4 770 608 632 772
4 770 608 726 632
4 726 608 727 632
4 772 727 608 632
4 726 609 633 727
4 726 609 786 633
4 633 998 609 786
4 633 727 609 998
4 610 998 634 786
4 848 634 610 998
4 919 786 610 634
4 813 634 610 848
4 813 634 919 610
4 635 870 771 613
4 772 613 635 771
4 870 635 921 613
4 772 613 996 635
4 635 996 921 613
4 922 727 772 636
4 996 922 727 772
4 922 727 637 614
4 637 614 998 845
4 637 727 998 614
4 337 868 944 325
4 383 824 621 834
4 94 82 447 906
4 94 906 854 489
4 881 393 24 397
4 397 880 393 24
4 397 730 881 393
4 397 729 730 393
4 730 394 673 873
4 881 873 394 730
4 395 673 873 399
4 395 895 773 399
4 395 773 673 399
4 987 34 790 882
4 396 731 790 882
4 397 731 882 402
4 397 732 731 402
4 732 842 398 403
4 402 732 403 842
4 815 842 403 398
4 815 403 674 398
4 398 732 403 674
4 404 399 840 815
4 404 399 815 674
4 404 840 399 774
4 404 399 674 774
4 840 400 774 405
4 48 801 400 405
4 774 400 801 405
4 801 434 774 405
4 42 401 406 825
4 42 802 406 401
4 406 825 401 733
4 406 733 401 437
4 407 402 825 733
4 407 825 402 794
4 407 402 734 794
4 734 733 402 407
4 794 408 403 734
4 974 408 403 794
4 804 403 974 408
4 675 403 804 408
4 675 408 734 403
4 404 977 409 804
4 675 409 804 404
4 977 404 409 896
4 896 409 775 404
4 775 409 675 404
4 45 405 896 795
4 795 775 405 896
4 45 896 410 795
4 410 795 896 775
4 411 883 407 18
4 883 735 411 407
4 735 736 411 407
4 676 408 959 736
4 959 874 408 676
4 412 676 874 959
4 412 959 736 676
4 776 409 897 874
4 413 897 20 874
4 776 409 874 676
4 413 874 776 897
4 413 874 676 776
4 821 418 414 884
4 418 885 821 414
4 418 678 885 414
4 418 677 678 414
4 885 419 415 678
4 885 415 419 57
4 792 415 419 638
4 678 415 638 419
4 420 638 416 792
4 792 937 416 420
4 937 416 420 737
4 420 737 416 638
4 638 737 416 853
4 948 912 992 997
4 729 912 997 417
4 729 417 997 680
4 425 419 673 730
4 425 681 419 730
4 425 419 639 673
4 425 681 639 419
4 773 420 673 426
4 426 673 639 420
4 773 738 420 426
4 426 639 738 420
4 773 421 427 913
4 875 421 913 427
4 427 773 738 421
4 427 738 467 421
4 429 86 790 976
4 86 429 422 905
4 790 86 429 422
4 682 429 422 790
4 905 429 422 682
4 682 790 423 430
4 430 423 731 790
4 683 423 731 430
4 683 682 423 430
4 732 731 431 424
4 424 731 431 683
4 684 732 431 424
4 424 683 431 684
4 732 432 674 425
4 684 425 432 732
4 425 640 432 674
4 684 432 425 640
4 674 426 640 433
4 674 433 774 426
4 774 433 739 426
4 640 426 739 433
4 427 739 774 434
4 801 434 641 427
4 427 641 739 434
4 76 428 435 105
4 435 428 801 641
4 76 428 801 435
4 59 801 76 428
4 435 952 105 428
4 435 428 475 952
4 64 802 429 436
4 802 685 429 436
4 822 685 436 429
4 802 430 685 437
4 437 802 430 401
4 437 686 733 430
4 437 430 685 686
4 438 431 734 733
4 438 733 686 431
4 438 431 687 734
4 438 686 687 431
4 675 432 734 439
4 687 734 432 439
4 642 432 675 439
4 642 439 687 432
4 440 675 433 775
4 642 675 433 440
4 740 775 440 433
4 740 642 433 440
4 775 434 441 795
4 740 441 775 434
4 876 434 441 643
4 795 434 441 876
4 643 434 441 740
4 442 435 876 643
4 442 945 92 435
4 73 876 54 795
4 73 435 876 442
4 442 435 643 945
4 914 437 688 689
4 914 735 437 689
4 443 689 735 914
4 688 914 689 443
4 735 444 736 438
4 735 689 444 438
4 690 444 438 736
4 689 690 444 438
4 676 439 736 445
4 690 445 736 439
4 644 439 676 445
4 644 445 690 439
4 644 446 676 440
4 440 776 446 676
4 741 776 446 440
4 741 446 644 440
4 835 84 691 886
4 835 444 886 691
4 692 84 691 835
4 835 444 691 692
4 448 692 445 835
4 806 835 448 445
4 646 448 445 806
4 646 692 445 448
4 646 449 806 446
4 898 449 446 916
4 742 449 446 898
4 916 806 449 446
4 742 449 646 446
4 451 694 457 678
4 694 457 693 451
4 458 678 452 638
4 694 458 678 452
4 458 638 452 647
4 458 694 647 452
4 853 638 737 453
4 459 647 453 638
4 638 453 459 737
4 737 453 459 743
4 459 453 647 743
4 737 454 743 460
4 849 454 737 460
4 877 454 460 743
4 849 877 454 460
4 114 679 455 462
4 679 695 455 462
4 462 923 695 455
4 681 457 680 464
4 680 457 696 464
4 681 697 457 464
4 464 697 457 696
4 458 465 681 639
4 681 697 465 458
4 458 465 639 648
4 697 465 458 648
4 738 466 459 639
4 648 466 639 459
4 738 466 744 459
4 648 466 459 744
4 421 467 875 460
4 738 744 467 460
4 875 467 649 460
4 460 649 744 467
4 875 649 468 461
4 875 461 468 788
4 967 468 461 788
4 967 461 468 158
4 698 905 829 462
4 698 905 462 682
4 469 682 905 698
4 469 905 829 698
4 470 683 682 463
4 470 682 698 463
4 699 463 683 470
4 470 698 699 463
4 684 471 464 683
4 464 699 683 471
4 700 464 684 471
4 464 700 699 471
4 472 465 640 684
4 472 700 465 684
4 472 465 650 640
4 472 700 650 465
4 640 466 473 739
4 640 650 473 466
4 745 473 466 739
4 466 745 650 473
4 739 641 467 474
4 474 745 467 739
4 641 651 467 474
4 474 745 651 467
4 428 475 952 964
4 641 475 428 468
4 641 468 651 475
4 468 428 964 475
4 651 475 468 909
4 476 822 469 685
4 469 476 832 822
4 476 685 469 701
4 832 910 476 469
4 476 910 701 469
4 477 686 685 470
4 701 470 477 685
4 477 470 702 686
4 701 477 470 702
4 478 702 471 686
4 478 686 471 687
4 703 687 478 471
4 478 702 703 471
4 642 472 687 479
4 479 703 472 687
4 652 472 642 479
4 652 472 479 703
4 480 473 740 642
4 480 473 642 652
4 746 473 740 480
4 746 652 473 480
4 481 740 746 474
4 643 740 481 474
4 653 643 481 474
4 481 474 746 653
4 945 482 911 475
4 482 653 475 643
4 482 643 475 945
4 482 475 653 911
4 476 979 688 704
4 979 704 476 926
4 979 688 704 483
4 979 483 704 926
4 704 484 688 477
4 688 689 477 484
4 484 477 705 689
4 704 477 705 484
4 689 485 478 705
4 689 478 485 690
4 706 485 478 690
4 705 485 478 706
4 644 479 690 486
4 486 479 690 706
4 654 479 644 486
4 654 479 486 706
4 487 644 654 480
4 487 741 644 480
4 487 480 747 741
4 747 480 487 654
4 645 481 741 488
4 488 747 481 741
4 655 481 645 488
4 655 481 488 747
4 906 489 482 645
4 906 934 482 489
4 990 482 906 934
4 482 655 645 489
4 482 934 655 489
4 691 907 490 484
4 924 490 907 484
4 707 691 490 484
4 799 484 707 490
4 491 485 692 691
4 491 707 485 691
4 708 485 692 491
4 491 485 707 708
4 646 692 492 486
4 486 708 692 492
4 656 646 492 486
4 656 492 708 486
4 487 656 646 493
4 487 646 742 493
4 487 748 493 742
4 748 493 656 487
4 748 742 488 494
4 494 908 742 488
4 489 494 838 488
4 854 908 494 488
4 838 494 533 488
4 693 495 841 501
4 800 501 841 495
4 749 495 693 501
4 800 495 749 501
4 502 749 496 693
4 502 496 694 693
4 502 694 496 750
4 502 749 750 496
4 694 647 497 503
4 750 497 503 694
4 647 709 497 503
4 503 750 709 497
4 498 504 709 647
4 498 743 504 647
4 777 504 498 743
4 498 777 709 504
4 505 499 743 777
4 814 499 743 505
4 505 499 777 805
4 505 805 814 499
4 923 507 500 975
4 923 695 500 507
4 695 751 500 507
4 843 500 751 507
4 696 508 501 695
4 695 501 751 508
4 696 508 752 501
4 751 501 752 508
4 696 752 509 502
4 696 697 502 509
4 502 509 697 753
4 502 509 753 752
4 510 503 648 697
4 753 503 510 697
4 510 503 710 648
4 510 503 753 710
4 648 504 511 744
4 648 710 511 504
4 744 511 778 504
4 511 504 710 778
4 744 512 649 505
4 505 512 778 744
4 649 512 711 505
4 505 512 711 778
4 649 711 513 506
4 461 513 468 158
4 158 170 960 513
4 506 513 960 711
4 506 960 981 711
4 846 923 507 829
4 191 939 846 975
4 846 507 698 829
4 514 507 754 698
4 514 552 507 939
4 699 515 508 698
4 698 515 508 754
4 699 508 515 755
4 754 515 508 755
4 699 516 509 755
4 700 509 699 516
4 700 509 516 756
4 756 516 755 509
4 700 517 510 756
4 510 650 517 700
4 510 712 517 650
4 510 517 712 756
4 745 518 511 650
4 712 511 518 650
4 745 518 779 511
4 712 511 779 518
4 745 512 519 651
4 745 779 519 512
4 651 512 519 713
4 512 713 779 519
4 728 514 521 910
4 910 701 514 521
4 521 917 514 728
4 701 757 514 521
4 521 917 757 514
4 701 515 757 522
4 701 702 515 522
4 522 758 702 515
4 522 758 515 757
4 703 523 516 702
4 702 516 758 523
4 703 516 523 759
4 523 759 516 758
4 652 517 703 524
4 703 759 524 517
4 714 517 652 524
4 517 524 714 759
4 525 746 652 518
4 525 714 518 652
4 780 518 746 525
4 525 518 714 780
4 526 519 653 746
4 526 519 746 780
4 526 519 715 653
4 526 519 780 715
4 653 527 520 715
4 653 520 527 911
4 933 520 911 791
4 791 520 911 527
4 520 791 715 527
4 963 521 528 926
4 926 528 704 521
4 704 528 760 521
4 521 963 528 931
4 521 760 931 528
4 704 529 522 760
4 704 705 522 529
4 522 761 529 705
4 760 761 529 522
4 705 530 706 523
4 761 530 705 523
4 762 530 523 706
4 761 530 523 762
4 654 524 706 531
4 531 762 524 706
4 716 524 654 531
4 531 716 524 762
4 532 654 525 747
4 532 654 716 525
4 532 781 747 525
4 532 716 781 525
4 655 526 747 533
4 526 747 533 781
4 717 526 655 533
4 526 533 717 781
4 534 717 527 655
4 934 655 534 527
4 918 934 534 527
4 534 527 717 918
4 887 535 529 31
4 799 535 529 887
4 799 529 535 707
4 31 763 535 529
4 707 535 763 529
4 707 536 530 763
4 707 530 536 708
4 708 536 764 530
4 530 764 763 536
4 656 708 537 531
4 531 764 708 537
4 718 656 537 531
4 531 764 537 718
4 532 656 748 538
4 532 656 538 718
4 782 538 532 748
4 532 718 538 782
4 539 533 748 782
4 539 533 494 748
4 539 582 578 782
4 539 878 578 582
4 540 657 546 749
4 540 657 847 546
4 750 749 547 541
4 749 657 547 541
4 658 541 750 547
4 657 658 547 541
4 542 548 658 750
4 542 709 548 750
4 542 709 87 548
4 542 658 548 87
4 542 87 584 658
4 709 87 549 543
4 777 709 549 543
4 543 777 719 549
4 87 719 549 543
4 777 550 805 544
4 777 719 550 544
4 837 550 544 551
4 719 837 550 544
4 751 752 546 553
4 659 751 546 553
4 553 752 546 660
4 660 659 546 553
4 753 752 554 547
4 547 554 660 752
4 661 753 554 547
4 547 554 661 660
4 661 555 753 548
4 710 548 753 555
4 710 555 91 548
4 91 555 661 548
4 556 549 710 91
4 556 549 778 710
4 778 720 549 556
4 556 549 91 720
4 778 550 557 711
4 557 778 720 550
4 711 550 557 112
4 557 112 550 720
4 930 559 939 552
4 552 559 514 754
4 552 559 754 662
4 552 930 559 662
4 754 560 755 553
4 754 662 560 553
4 553 560 755 663
4 662 663 560 553
4 561 554 756 755
4 755 554 663 561
4 561 554 664 756
4 663 554 664 561
4 562 664 555 756
4 756 555 562 712
4 712 126 555 562
4 562 555 664 126
4 563 712 126 556
4 712 779 556 563
4 563 721 779 556
4 563 126 721 556
4 779 564 713 557
4 557 564 721 779
4 557 564 713 127
4 557 127 721 564
4 558 823 565 713
4 901 823 558 831
4 558 823 901 565
4 917 941 566 559
4 939 559 941 917
4 917 559 566 757
4 665 566 559 757
4 665 559 566 941
4 560 757 567 665
4 757 567 758 560
4 666 567 560 758
4 560 665 567 666
4 561 568 758 759
4 561 568 666 758
4 561 568 759 667
4 561 568 667 666
4 759 667 569 562
4 562 569 759 714
4 562 714 133 569
4 562 133 667 569
4 563 570 714 780
4 563 570 133 714
4 563 570 780 722
4 563 570 722 133
4 564 780 715 571
4 780 564 722 571
4 564 137 571 715
4 722 137 571 564
4 715 572 565 137
4 791 565 572 955
4 791 572 565 715
4 565 572 955 902
4 137 572 565 902
4 931 573 566 978
4 931 566 573 760
4 760 566 573 668
4 271 605 573 978
4 857 573 605 668
4 567 760 574 668
4 760 567 574 761
4 669 567 761 574
4 567 668 574 669
4 669 568 575 761
4 761 762 568 575
4 670 568 762 575
4 670 568 575 669
4 569 762 576 670
4 569 762 716 576
4 569 576 716 140
4 569 576 140 670
4 716 577 570 140
4 781 570 716 577
4 723 781 577 570
4 140 577 570 723
4 781 578 717 571
4 723 781 571 578
4 717 578 851 571
4 851 723 571 578
4 852 578 717 878
4 717 572 246 918
4 572 280 246 249
4 717 852 572 851
4 575 579 763 764
4 575 579 671 763
4 575 764 672 579
4 575 579 672 671
4 764 576 672 580
4 764 718 576 580
4 580 576 149 718
4 580 149 576 672
4 149 581 718 577
4 782 581 577 718
4 782 581 863 577
4 614 581 149 577
4 903 878 582 578
4 782 582 578 903
4 903 782 863 578
4 888 583 943 587
4 583 658 587 657
4 789 587 943 583
4 583 587 888 657
4 789 658 587 583
4 588 789 584 658
4 588 789 807 584
4 585 807 584 87
4 87 588 807 584
4 585 589 839 951
4 87 585 589 719
4 719 589 839 585
4 585 589 951 807
4 592 660 659 586
4 810 586 944 592
4 592 810 586 659
4 592 765 660 586
4 592 765 586 944
4 661 587 660 593
4 765 660 587 593
4 766 593 587 661
4 765 587 766 593
4 588 594 661 91
4 588 661 594 766
4 588 594 91 724
4 588 724 766 594
4 589 720 595 91
4 589 91 595 724
4 589 720 784 595
4 589 595 784 724
4 837 938 720 112
4 784 938 720 590
4 938 596 720 112
4 784 938 596 720
4 590 899 784 938
4 288 591 598 930
4 317 591 793 598
4 930 591 598 662
4 317 591 598 288
4 662 591 598 793
4 662 793 599 592
4 662 663 592 599
4 592 599 663 767
4 592 793 599 767
4 767 593 600 663
4 663 664 593 600
4 593 768 600 664
4 767 768 600 593
4 594 126 601 664
4 594 664 601 768
4 594 725 601 126
4 594 725 768 601
4 595 126 602 725
4 721 126 602 595
4 721 785 595 602
4 595 602 785 725
4 721 603 127 596
4 721 596 785 603
4 127 603 798 596
4 785 603 596 798
4 901 597 127 604
4 901 604 289 597
4 314 604 597 289
4 127 798 604 597
4 597 604 314 798
4 598 941 605 299
4 321 299 598 605
4 665 605 598 941
4 321 605 809 869
4 606 605 809 665
4 599 606 665 666
4 599 606 809 665
4 599 666 769 606
4 599 606 769 809
4 809 630 606 769
4 667 666 607 600
4 769 607 666 600
4 667 607 770 600
4 769 607 600 770
4 667 608 133 601
4 667 601 770 608
4 133 608 726 601
4 601 608 726 770
4 133 609 602 726
4 722 602 133 609
4 722 602 609 786
4 726 609 602 786
4 603 722 137 919
4 722 919 603 786
4 813 611 137 604
4 604 902 611 137
4 813 604 137 919
4 606 612 889 668
4 606 668 669 612
4 771 669 612 606
4 889 920 612 606
4 771 920 606 612
4 607 669 613 771
4 607 669 670 613
4 607 613 670 996
4 607 613 772 771
4 670 140 608 996
4 772 607 608 996
4 140 727 608 996
4 996 727 608 772
4 140 727 614 609
4 140 723 609 614
4 998 609 723 614
4 998 727 609 614
4 615 723 998 610
4 615 994 610 848
4 615 851 610 994
4 615 851 723 610
4 615 848 610 998
4 613 616 890 671
4 613 671 672 616
4 921 613 616 890
4 613 616 672 921
4 921 672 613 996
4 996 672 149 617
4 996 149 922 617
4 304 863 581 614
4 304 863 614 845
4 637 922 614 304
4 304 845 903 863
4 637 845 304 614
4 149 614 922 304
4 765 618 621 766
4 891 621 618 355
4 891 618 621 765
4 892 621 618 766
4 355 621 618 892
4 622 619 766 892
4 622 892 957 619
4 766 622 724 619
4 620 957 619 622
4 724 622 620 619
4 784 623 620 724
4 362 620 623 969
4 362 623 620 899
4 784 620 623 899
4 833 344 970 944
4 833 944 793 344
4 360 970 833 344
4 767 833 944 793
4 767 621 626 768
4 767 626 621 833
4 824 621 626 833
4 768 626 824 621
4 622 627 824 768
4 824 622 928 627
4 768 627 725 622
4 725 627 879 622
4 622 627 879 928
4 785 623 725 628
4 623 628 949 879
4 725 879 628 623
4 785 623 628 949
4 629 949 364 624
4 785 629 798 624
4 785 624 949 629
4 824 626 893 929
4 769 626 929 631
4 769 631 770 626
4 770 626 631 893
4 929 893 631 626
4 770 627 893 632
4 770 632 726 627
4 893 632 627 811
4 816 632 893 811
4 726 632 811 627
4 726 786 628 633
4 726 633 628 811
4 962 811 628 633
4 633 628 962 786
4 629 919 356 962
4 919 634 962 786
4 629 919 962 786
4 919 962 634 356
4 631 894 771 772
4 772 771 635 894
4 772 635 836 894
4 772 966 632 836
4 966 727 772 632
4 966 772 636 836
4 636 966 727 772
4 345 364 624 629
4 338 629 356 364
4 927 537 830 861
4 188 163 455 923
4 97 429 103 822
4 64 429 103 97
4 64 436 429 97
4 97 429 822 436
4 71 915 70 44
4 44 70 53 915
4 297 250 837 287
4 272 250 837 297
4 277 244 787 286
4 277 244 252 787
4 252 787 244 31
4 200 221 887 241
4 964 118 105 428
4 163 455 166 188
4 841 455 500 166
4 540 749 867 800
4 258 248 581 223
4 64 42 802 58
4 357 625 809 332
4 945 990 934 482
4 238 878 259 217
4 878 246 259 217
4 184 154 923 164
4 40 871 56 395
4 40 895 871 395
4 352 813 335 329
4 352 335 919 356
4 826 252 221 31
4 400 428 801 59
4 68 428 59 85
4 106 985 101 954
4 106 991 101 985
4 811 380 949 386
4 130 455 841 166
4 783 591 989 659
4 783 810 591 659
4 229 231 261 540
4 543 268 862 240
4 543 268 950 862

CELL_TYPES 4655
10
10
10
10
10
10
10
10
10
10
10
10
10
10
10
10
10
10
10
10
10
10
10
10
10
10
10
10
10
10
10
10
10
10
10
10
10
10
10
10
10
10
10
10
10
10
10
10
10
10
10
10
10
10
10
10
10
10
10
10
10
10
10
10
10
10
10
10
10
10
10
10
10
10
10
10
10
10
10
10
10
10
10
10
10
10
10
10
10
10
10
10
10
10
10
10
10
10
10
10
10
10
10
10
10
10
10
10
10
10
10
10
10
10
10
10
10
10
10
10
10
10
10
10
10
10
10
10
10
10
10
10
10
10
10
10
10
10
10
10
10
10
10
10
10
10
10
10
10
10
10
10
10
10
10
10
10
10
10
10
10
10
10
10
10
10
10
10
10
10
10
10
10
10
10
10
10
10
10
10
10
10
10
10
10
10
10
10
10
10
10
10
10
10
10
10
10
10
10
10
10
10
10
10
10
10
10
10
10
10
10
10
10
10
10
10
10
10
10
10
10
10
10
10
10
10
10
10
10
10
10
10
10
10
10
10
10
10
10
10
10
10
10
10
10
10
10
10
10
10
10
10
10
10
10
10
10
10
10
10
10
10
10
10
10
10
10
10
10
10
10
10
10
10
10
10
10
10
10
10
10
10
10
10
10
10
10
10
10
10
10
10
10
10
10
10
10
10
10
10
10
10
10
10
10
10
10
10
10
10
10
10
10
10
10
10
10
10
10
10
10
10
10
10
10
10
10
10
10
10
10
10
10
10
10
10
10
10
10
10
10
10
10
10
10
10
10
10
10
10
10
10
10
10
10
10
10
10
10
10
10
10
10
10
10
10
10
10
10
10
10
10
10
10
10
10
10
10
10
10
10
10
10
10
10
10
10
10
10
10
10
10
10
10
10
10
10
10
10
10
10
10
10
10
10
10
10
10
10
10
10
10
10
10
10
10
10
10
10
10
10
10
10
10
10
10
10
10
10
10
10
10
10
10
10
10
10
10
10
10
10
10
10
10
10
10
10
10
10
10
10
10
10
10
10
10
10
10
10
10
10
10
10
10
10
10
10
10
10
10
10
10
10
10
10
10
10
10
10
10
10
10
10
10
10
10
10
10
10
10
10
10
10
10
10
10
10
10
10
10
10
10
10
10
10
10
10
10
10
10
10
10
10
10
10
10
10
10
10
10
10
10
10
10
10
10
10
10
10
10
10
10
10
10
10
10
10
10
10
10
10
10
10
10
10
10
10
10
10
10
10
10
10
10
10
10
10
10
10
10
10
10
10
10
10
10
10
10
10
10
10
10
10
10
10
10
10
10
10
10
10
10
10
10
10
10
10
10
10
10
10
10
10
10
10
10
10
10
10
10
10
10
10
10
10
10
10
10
10
10
10
10
10
10
10
10
10
10
10
10
10
10
10
10
10
10
10
10
10
10
10
10
10
10
10
10
10
10
10
10
10
10
10
10
10
10
10
10
10
10
10
10
10
10
10
10
10
10
10
10
10
10
10
10
10
10
10
10
10
10
10
10
10
10
10
10
10
10
10
10
10
10
10
10
10
10
10
10
10
10
10
10
10
10
10
10
10
10
10
10
10
10
10
10
10
10
10
10
10
10
10
10
10
10
10
10
10
10
10
10
10
10
10
10
10
10
10
10
10
10
10
10
10
10
10
10
10
10
10
10
10
10
10
10
10
10
10
10
10
10
10
10
10
10
10
10
10
10
10
10
10
10
10
10
10
10
10
10
10
10
10
10
10
10
10
10
10
10
10
10
10
10
10
10
10
10
10
10
10
10
10
10
10
10
10
10
10
10
10
10
10
10
10
10
10
10
10
10
10
10
10
10
10
10
10
10
10
10
10
10
10
10
10
10
10
10
10
10
10
10
10
10
10
10
10
10
10
10
10
10
10
10
10
10
10
10
10
10
10
10
10
10
10
10
10
10
10
10
10
10
10
10
10
10
10
10
10
10
10
10
10
10
10
10
10
10
10
10
10
10
10
10
10
10
10
10
10
10
10
10
10
10
10
10
10
10
10
10
10
10
10
10
10
10
10
10
10
10
10
10
10
10
10
10
10
10
10
10
10
10
10
10
10
10
10
10
10
10
10
10
10
10
10
10
10
10
10
10
10
10
10
10
10
10
10
10
10
10
10
10
10
10
10
10
10
10
10
10
10
10
10
10
10
10
10
10
10
10
10
10
10
10
10
10
10
10
10
10
10
10
10
10
10
10
10
10
10
10
10
10
10
10
10
10
10
10
10
10
10
10
10
10
10
10
10
10
10
10
10
10
10
10
10
10
10
10
10
10
10
10
10
10
10
10
10
10
10
10
10
10
10
10
10
10
10
10
10
10
10
10
10
10
10
10
10
10
10
10
10
10
10
10
10
10
10
10
10
10
10
10
10
10
10
10
10
10
10
10
10
10
10
10
10
10
10
10
10
10
10
10
10
10
10
10
10
10
10
10
10
10
10
10
10
10
10
10
10
10
10
10
10
10
10
10
10
10
10
10
10
10
10
10
10
10
10
10
10
10
10
10
10
10
10
10
10
10
10
10
10
10
10
10
10
10
10
10
10
10
10
10
10
10
10
10
10
10
10
10
10
10
10
10
10
10
10
10
10
10
10
10
10
10
10
10
10
10
10
10
10
10
10
10
10
10
10
10
10
10
10
10
10
10
10
10
10
10
10
10
10
10
10
10
10
10
10
10
10
10
10
10
10
10
10
10
10
10
10
10
10
10
10
10
10
10
10
10
10
10
10
10
10
10
10
10
10
10
10
10
10
10
10
10
10
10
10
10
10
10
10
10
10
10
10
10
10
10
10
10
10
10
10
10
10
10
10
10
10
10
10
10
10
10
10
10
10
10
10
10
10
10
10
10
10
10
10
10
10
10
10
10
10
10
10
10
10
10
10
10
10
10
10
10
10
10
10
10
10
10
10
10
10
10
10
10
10
10
10
10
10
10
10
10
10
10
10
10
10
10
10
10
10
10
10
10
10
10
10
10
10
10
10
10
10
10
10
10
10
10
10
10
10
10
10
10
10
10
10
10
10
10
10
10
10
10
10
10
10
10
10
10
10
10
10
10
10
10
10
10
10
10
10
10
10
10
10
10
10
10
10
10
10
10
10
10
10
10
10
10
10
10
10
10
10
10
10
10
10
10
10
10
10
10
10
10
10
10
10
10
10
10
10
10
10
10
10
10
10
10
10
10
10
10
10
10
10
10
10
10
10
10
10
10
10
10
10
10
10
10
10
10
10
10
10
10
10
10
10
10
10
10
10
10
10
10
10
10
10
10
10
10
10
10
10
10
10
10
10
10
10
10
10
10
10
10
10
10
10
10
10
10
10
10
10
10
10
10
10
10
10
10
10
10
10
10
10
10
10
10
10
10
10
10
10
10
10
10
10
10
10
10
10
10
10
10
10
10
10
10
10
10
10
10
10
10
10
10
10
10
10
10
10
10
10
10
10
10
10
10
10
10
10
10
10
10
10
10
10
10
10
10
10
10
10
10
10
10
10
10
10
10
10
10
10
10
10
10
10
10
10
10
10
10
10
10
10
10
10
10
10
10
10
10
10
10
10
10
10
10
10
10
10
10
10
10
10
10
10
10
10
10
10
10
10
10
10
10
10
10
10
10
10
10
10
10
10
10
10
10
10
10
10
10
10
10
10
10
10
10
10
10
10
10
10
10
10
10
10
10
10
10
10
10
10
10
10
10
10
10
10
10
10
10
10
10
10
10
10
10
10
10
10
10
10
10
10
10
10
10
10
10
10
10
10
10
10
10
10
10
10
10
10
10
10
10
10
10
10
10
10
10
10
10
10
10
10
10
10
10
10
10
10
10
10
10
10
10
10
10
10
10
10
10
10
10
10
10
10
10
10
10
10
10
10
10
10
10
10
10
10
10
10
10
10
10
10
10
10
10
10
10
10
10
10
10
10
10
10
10
10
10
10
10
10
10
10
10
10
10
10
10
10
10
10
10
10
10
10
10
10
10
10
10
10
10
10
10
10
10
10
10
10
10
10
10
10
10
10
10
10
10
10
10
10
10
10
10
10
10
10
10
10
10
10
10
10
10
10
10
10
10
10
10
10
10
10
10
10
10
10
10
10
10
10
10
10
10
10
10
10
10
10
10
10
10
10
10
10
10
10
10
10
10
10
10
10
10
10
10
10
10
10
10
10
10
10
10
10
10
10
10
10
10
10
10
10
10
10
10
10
10
10
10
10
10
10
10
10
10
10
10
10
10
10
10
10
10
10
10
10
10
10
10
10
10
10
10
10
10
10
10
10
10
10
10
10
10
10
10
10
10
10
10
10
10
10
10
10
10
10
10
10
10
10
10
10
10
10
10
10
10
10
10
10
10
10
10
10
10
10
10
10
10
10
10
10
10
10
10
10
10
10
10
10
10
10
10
10
10
10
10
10
10
10
10
10
10
10
10
10
10
10
10
10
10
10
10
10
10
10
10
10
10
10
10
10
10
10
10
10
10
10
10
10
10
10
10
10
10
10
10
10
10
10
10
10
10
10
10
10
10
10
10
10
10
10
10
10
10
10
10
10
10
10
10
10
10
10
10
10
10
10
10
10
10
10
10
10
10
10
10
10
10
10
10
10
10
10
10
10
10
10
10
10
10
10
10
10
10
10
10
10
10
10
10
10
10
10
10
10
10
10
10
10
10
10
10
10
10
10
10
10
10
10
10
10
10
10
10
10
10
10
10
10
10
10
10
10
10
10
10
10
10
10
10
10
10
10
10
10
10
10
10
10
10
10
10
10
10
10
10
10
10
10
10
10
10
10
10
10
10
10
10
10
10
10
10
10
10
10
10
10
10
10
10
10
10
10
10
10
10
10
10
10
10
10
10
10
10
10
10
10
10
10
10
10
10
10
10
10
10
10
10
10
10
10
10
10
10
10
10
10
10
10
10
10
10
10
10
10
10
10
10
10
10
10
10
10
10
10
10
10
10
10
10
10
10
10
10
10
10
10
10
10
10
10
10
10
10
10
10
10
10
10
10
10
10
10
10
10
10
10
10
10
10
10
10
10
10
10
10
10
10
10
10
10
10
10
10
10
10
10
10
10
10
10
10
10
10
10
10
10
10
10
10
10
10
10
10
10
10
10
10
10
10
10
10
10
10
10
10
10
10
10
10
10
10
10
10
10
10
10
10
10
10
10
10
10
10
10
10
10
10
10
10
10
10
10
10
10
10
10
10
10
10
10
10
10
10
10
10
10
10
10
10
10
10
10
10
10
10
10
10
10
10
10
10
10
10
10
10
10
10
10
10
10
10
10
10
10
10
10
10
10
10
10
10
10
10
10
10
10
10
10
10
10
10
10
10
10
10
10
10
10
10
10
10
10
10
10
10
10
10
10
10
10
10
10
10
10
10
10
10
10
10
10
10
10
10
10
10
10
10
10
10
10
10
10
10
10
10
10
10
10
10
10
10
10
10
10
10
10
10
10
10
10
10
10
10
10
10
10
10
10
10
10
10
10
10
10
10
10
10
10
10
10
10
10
10
10
10
10
10
10
10
10
10
10
10
10
10
10
10
10
10
10
10
10
10
10
10
10
10
10
10
10
10
10
10
10
10
10
10
10
10
10
10
10
10
10
10
10
10
10
10
10
10
10
10
10
10
10
10
10
10
10
10
10
10
10
10
10
10
10
10
10
10
10
10
10
10
10
10
10
10
10
10
10
10
10
10
10
10
10
10
10
10
10
10
10
10
10
10
10
10
10
10
10
10
10
10
10
10
10
10
10
10
10
10
10
10
10
10
10
10
10
10
10
10
10
10
10
10
10
10
10
10
10
10
10
10
10
10
10
10
10
10
10
10
10
10
10
10
10
10
10
10
10
10
10
10
10
10
10
10
10
10
10
10
10
10
10
10
10
10
10
10
10
10
10
10
10
10
10
10
10
10
10
10
10
10
10
10
10
10
10
10
10
10
10
10
10
10
10
10
10
10
10
10
10
10
10
10
10
10
10
10
10
10
10
10
10
10
10
10
10
10
10
10
10
10
10
10
10
10
10
10
10
10
10
10
10
10
10
10
10
10
10
10
10
10
10
10
10
10
10
10
10
10
10
10
10
10
10
10
10
10
10
10
10
10
10
10
10
10
10
10
10
10
10
10
10
10
10
10
10
10
10
10
10
10
10
10
10
10
10
10
10
10
10
10
10
10
10
10
10
10
10
10
10
10
10
10
10
10
10
10
10
10
10
10
10
10
10
10
10
10
10
10
10
10
10
10
10
10
10
10
10
10
10
10
10
10
10
10
10
10
10
10
10
10
10
10
10
10
10
10
10
10
10
10
10
10
10
10
10
10
10
10
10
10
10
10
10
10
10
10
10
10
10
10
10
10
10
10
10
10
10
10
10
10
10
10
10
10
10
10
10
10
10
10
10
10
10
10
10
10
10
10
10
10
10
10
10
10
10
10
10
10
10
10
10
10
10
10
10
10
10
10
10
10
10
10
10
10
10
10
10
10
10
10
10
10
10
10
10
10
10
10
10
10
10
10
10
10
10
10
10
10
10
10
10
10
10
10
10
10
10
10
10
10
10
10
10
10
10
10
10
10
10
10
10
10
10
10
10
10
10
10
10
10
10
10
10
10
10
10
10
10
10
10
10
10
10
10
10
10
10
10
10
10
10
10
10
10
10
10
10
10
10
10
10
10
10
10
10
10
10
10
10
10
10
10
10
10
10
10
10
10
10
10
10
10
10
10
10
10
10
10
10
10
10
10
10
10
10
10
10
10
10
10
10
10
10
10
10
10
10
10
10
10
10
10
10
10
10
10
10
10
10
10
10
10
10
10
10
10
10
10
10
10
10
10
10
10
10
10
10
10
10
10
10
10
10
10
10
10
10
10
10
10
10
10
10
10
10
10
10
10
10
10
10
10
10
10
10
10
10
10
10
10
10
10
10
10
10
10
10
10
10
10
10
10
10
10
10
10
10
10
10
10
10
10
10
10
10
10
10
10
10
10
10
10
10
10
10
10
10
10
10
10
10
10
10
10
10
10
10
10
10
10
10
10
10
10
10
10
10
10
10
10
10
10
10
10
10
10
10
10
10
10
10
10
10
10
10
10
10
10
10
10
10
10
10
10
10
10
10
10
10
10
10
10
10
10
10
10
10
10
10
10
10
10
10
10
10
10
10
10
10
10
10
10
10
10
10
10
10
10
10
10
10
10
10
10
10
10
10
10
10
10
10
10
10
10
10
10
10
10
10
10
10
10
10
10
10
10
10
10
10
10
10
10
10
10
10
10
10
10
10
10
10
10
10
10
10
10
10
10
10
10
10
10
10
10
10
10
10
10
10
10
10
10
10
10
10
10
10
10
10
10
10
10
10
10
10
10
10
10
10
10
10
10
10
10
10
10
10
10
10
10
10
10
10
10
10
10
10
10
10
10
10
10
10
10
10
10
10
10
10
10
10
10
10
10
10
10
10
10
10
10
10
10
10
10
10
10
10
10
10
10
10
10
10
10
10
10
10
10
10
10
10
10
10
10
10
10
10
10
10
10
10
10
10
10
10
10
10
10
10
10
10
10
10
10
10
10
10
10
10
10
10
10
10
10
10
10
10
10
10
10
10
10
10
10
10
10
10
10
10
10
10
10
10
10
10
10
10
10
10
10
10
10
10
10
10
10
10
10
10
10
10
10
10
10
10
10
10
10
10
10
10
10
10
10
10
10
10
10
10
10
10
10
10
10
10
10
10
10
10
10
10
10
10
10
10
10
10
10
10
10
10
10
10
10
10
10
10
10
10
10
10
10
10
10
10
10
10
10
10
10
10
10
10
10
10
10
10
10
10
10
10
10
10
10
10
10
10
10
10
10
10
10
10
10
10
10
10
10
10
10
10
10
10
10
10
10
10
10
10
10
10
10
10
10
10
10
10
10
10
10
10
10
10
10
10
10
10
10
10
10
10
10
10
10
10
10
10
10
10
10
10
10
10
10
10
10
10
10
10
10
10
10
10
10
10
10
10
10
10
10
10
10
10
10
10
10
10
10
10
10
10
10
10
10
10
10
10
10
10
10
10
10
10
10
10
10
10
10
10
10
10
10
10
10
10
10
10
10
10
10
10
10
10
10
10
10
10
10
10
10
10
10
10
10
10
10
10
10
10
10
10
10
10
10
10
10
10
10
10
10
10
10
10
10
10
10
10
10
10
10
10
10
10
10
10
10
10
10
10
10
10
10
10
10
10
10
10
10
10
10
10
10
10
10
10
10
10
10
10
10
10
10
10
10
10
10
10
10
10
10
10
10
10
10
10
10
10
10
10
10
10
10
10
10
10
10
10
10
10
10
10
10
10
10
10
10
10
10
10
10
10
10
10
10
10
10
10
10
10
10
10
10
10
10
10
10
10
10
10
10
10
10
10
10
10
10
10
10
10
10
10
10
10
10
10
10
10
10
10
10
10
10
10
10
10
10
10
10
10
10
10
10
10
10
10
10
10
10
10
10
10
10
10
10
10
10
10
10
10
10
10
10
10
10
10
10
10
10
10
10
10
10
10
10
10
10
10
10
10
10
10
10
10
10
10
10
10
10
10
10
10
10
10
10
10
10
10
10
10
10
10
10
10
10
10
10
10
10
10
10
10
10
10
10
10
10
10
10
10
10
10
10
10
10
10
10
10
10
10
10
10
10
10
10
10
10
10
10
10
10
10
10
10
10
10
10
10
10
10
10
10
10
10
10
10
10
10
10
10
10
10
10
10
10
10
10
10
10
10
10
10
10
10
10
10
10
10
10
10
10
10
10
10
10
10
10
10
10
10
10
10
10
10
10
10
10
10
10
10
10
10
10
10
10
10
10
10
10
10
10
10
10
10
10
10
10
10
10
10
10
10
10
10
10
10
10
10
10
10
10
10
10
10
10
10
10
10
10
10
10
10
10
10
10
10
10
10
10
10
10
10
10
10
10
10
10
10
10
10
10
10
10
10
10
10
10
10
10
10
10
10
10
10
10
10
10
10
10
10
10
10
10
10
10
10
10
10
10
10
10
10
10
10
10
10
10
10
10
10
10
10
10
10
10
10
10
10
10
10
10
10
10
10
10
10
10
10
10
10
10
10
10
10
10
10
10
10
10
10
10
10
10
10
10
10
10
10
10
10
10
10
10
10
10
10
10
10
10
10
10
10
10
10
10
10
10
10
10
10
10
10
10
10
10
10
10
10
10
10
10
10
10
10
10
10
10
10
10
10
10
10
10
10
10
10
10
10
10
10
10
10
10
10
10
10
10
10
10
10
10
10
10
10
10
10
10
10
10
10
10
10
10
10
10
10
10
10
10
10
10
10
10
10
10
10
10
10
10
10
10
10
10
10
10
10
10
10
10
10
10
10
10
10
10
10
10
10
10
10
10
10
10
10
10
10
10
10
10
10
10
10
10
10
10
10
10
10
10
10
10
10
10
10
10
10
10
10
10
10
10
10
10
10
10
10
10
10
10
10
10
10
10
10
10
10
10
10
10
10
10
10
10
10
10
10
10
10
10
10
10
10
10
10
10
10
10
10
10
10
10
10
10
10
10
10
10
10
10
10
10
10
10
10
10
10
10
10
10
10
10
10
10
10
10
10
10
10
10
10
10
10
10
10
10
10
10
10
10
10
10
10
10
10
10
10
10
10
10
10
10
10
10
10
10
10
10
10
10
10
10
10
10
10
10
10
10
10
10
10
10
10
10
10
10
10
10
10
10
10
10
10
10
10
10
10
10
10
10
10
10
10
10
10
10
10
10
10
10
10
10
10
10
10
10
10
10
10
10
10
10
10
10
10
10
10
10
10
10
10
10
10
10
10
10
10
10
10
10
10
10
10
10
10
10
10
10
10
10
10
10
10
10
10
10
10
10
10
10
10
10
10
10
10
10
10
10
10
10
10
10
10
10
10
10
10
10
10
10
10
10
10
10
10
10
10
10
10
10
10
10
10
10
10
10
10
10
10
10
10
10
10
10
10
10
10
10
10
10
10
10
10
10
10
10
10
10
10
10
10
10
10
10
10
10
10
10
10
10
10
10
10
10
10
10
10
10
10
10
10
10
10
10
10
10
10
10
10
10
10
10
10
10
10
10
10
10
10
10
10
10
10
10
10
10
10
10
10
10
10
10
10
10
10
10
10
10
10
10
10
10
10
10
10
10
10
10
10
10
10
10
10
10
10
10
10
10
10
10
10
10
10
10
10
10
10
10
10
10
10
10
10
10
10
10
10
10
10
10
10
10
10
10
10
10
10
10
10
10
10
10
10
10
10
10
10
10
10
10
10
10
10
10
10
10
10
10
10
10
10
10
10
10
10
10
10
10
10
10
10
10
10
10
10
10
10
10
10
10
10
10
10
10
10
10
10
10
10
10
10
10
10
10
10
10
10
10
10
10
10
10
10
10
10
10
10
10
10
10
10
10
10
10
10
10
10
10
10
10
10
10
10
10
10
10
10
10
10
10
10
10
10
10
10
10
10
10
10
10
10
10
10
10
10
10
10
