# Blender 4.4.3
# www.blender.org
mtllib 10_ball.mtl
o Stripe.006
v 0.059919 -0.000066 0.840223
v 0.057250 0.000410 0.843533
v 0.065364 0.002344 0.845126
v 0.054266 -0.000999 0.835045
v 0.063029 0.000066 0.837286
v 0.067506 0.002435 0.843103
v 0.058224 -0.000831 0.831308
v 0.066459 0.000801 0.834837
v 0.069869 0.002941 0.841416
v 0.062590 0.000105 0.828190
v 0.070079 0.002111 0.832968
v 0.072362 0.003844 0.840129
v 0.067198 0.001772 0.825812
v 0.073749 0.003945 0.831752
v 0.074890 0.005107 0.839291
v 0.071869 0.004106 0.824264
v 0.077328 0.006233 0.831236
v 0.077355 0.006683 0.838936
v 0.076424 0.007018 0.823607
v 0.080679 0.008887 0.831439
v 0.079663 0.008511 0.839076
v 0.080688 0.010396 0.823866
v 0.083672 0.011804 0.832354
v 0.081725 0.010521 0.839706
v 0.084498 0.014109 0.825030
v 0.086193 0.014874 0.833945
v 0.083461 0.012635 0.840802
v 0.087707 0.018016 0.827056
v 0.088145 0.017978 0.836152
v 0.084806 0.014773 0.842322
v 0.090191 0.021966 0.829864
v 0.089453 0.020996 0.838889
v 0.085707 0.016851 0.844207
v 0.091856 0.025807 0.833348
v 0.090066 0.023812 0.842051
v 0.086129 0.018792 0.846386
v 0.092636 0.029392 0.837373
v 0.089962 0.026319 0.845517
v 0.086057 0.020518 0.848773
v 0.092503 0.032583 0.841784
v 0.089143 0.028420 0.849154
v 0.085493 0.021966 0.851278
v 0.091461 0.035257 0.846413
v 0.087642 0.030034 0.852822
v 0.084459 0.023078 0.853805
v 0.089551 0.037312 0.851081
v 0.085516 0.031100 0.856379
v 0.082995 0.023812 0.856255
v 0.086845 0.038668 0.855609
v 0.082847 0.031576 0.859690
v 0.081157 0.024139 0.858535
v 0.083448 0.039273 0.859822
v 0.079738 0.031444 0.862626
v 0.079015 0.024048 0.860558
v 0.079490 0.039105 0.863560
v 0.076307 0.030709 0.865076
v 0.076652 0.023542 0.862245
v 0.075124 0.038170 0.866678
v 0.072687 0.029399 0.866945
v 0.074158 0.022640 0.863533
v 0.070517 0.036503 0.869056
v 0.069017 0.027565 0.868161
v 0.071630 0.021377 0.864370
v 0.065846 0.034168 0.870603
v 0.065438 0.025277 0.868677
v 0.069165 0.019801 0.864726
v 0.061291 0.031256 0.871260
v 0.062088 0.022623 0.868474
v 0.066857 0.017973 0.864586
v 0.057026 0.027879 0.871002
v 0.059094 0.019705 0.867559
v 0.064795 0.015963 0.863955
v 0.053216 0.024165 0.869837
v 0.056573 0.016636 0.865967
v 0.063059 0.013848 0.862859
v 0.050008 0.020258 0.867812
v 0.054621 0.013532 0.863761
v 0.061714 0.011711 0.861339
v 0.047523 0.016308 0.865004
v 0.053313 0.010514 0.861024
v 0.060814 0.009632 0.859454
v 0.045859 0.012467 0.861520
v 0.052700 0.007698 0.857861
v 0.060391 0.007692 0.857276
v 0.045078 0.008882 0.857495
v 0.052805 0.005191 0.854395
v 0.060463 0.005965 0.854888
v 0.045211 0.005692 0.853083
v 0.053623 0.003090 0.850758
v 0.061027 0.004518 0.852383
v 0.046253 0.003017 0.848455
v 0.055124 0.001475 0.847091
v 0.062061 0.003406 0.849857
v 0.048164 0.000963 0.843787
v 0.041446 0.001888 0.840072
v 0.050869 -0.000393 0.839259
v 0.044628 0.000293 0.834747
v 0.038766 0.002443 0.830172
v 0.048622 -0.000419 0.829793
v 0.043204 0.001651 0.824667
v 0.053276 -0.000221 0.825398
v 0.048375 0.001871 0.819784
v 0.058410 0.000879 0.821732
v 0.054080 0.003093 0.815710
v 0.063828 0.002839 0.818935
v 0.060099 0.005271 0.812603
v 0.069320 0.005584 0.817116
v 0.066202 0.008321 0.810581
v 0.074677 0.009008 0.816343
v 0.072154 0.012126 0.809722
v 0.079691 0.012980 0.816647
v 0.077726 0.016539 0.810060
v 0.084171 0.017346 0.818016
v 0.082704 0.021391 0.811582
v 0.087944 0.021940 0.820398
v 0.086896 0.026496 0.814228
v 0.090865 0.026585 0.823700
v 0.090142 0.031656 0.817897
v 0.092823 0.031102 0.827796
v 0.092317 0.036675 0.822449
v 0.093741 0.035317 0.832529
v 0.093337 0.041359 0.827708
v 0.093584 0.039069 0.837717
v 0.093163 0.045528 0.833472
v 0.092359 0.042213 0.843160
v 0.091802 0.049022 0.839519
v 0.090112 0.044629 0.848649
v 0.089305 0.051706 0.845618
v 0.086931 0.046224 0.853973
v 0.085770 0.053478 0.851534
v 0.082936 0.046936 0.858927
v 0.081332 0.054270 0.857040
v 0.078283 0.046738 0.863322
v 0.076161 0.054050 0.861923
v 0.073148 0.045638 0.866988
v 0.070456 0.052828 0.865997
v 0.067731 0.043678 0.869785
v 0.064436 0.050650 0.869104
v 0.062238 0.040933 0.871605
v 0.058333 0.047600 0.871126
v 0.056789 0.037533 0.872350
v 0.052024 0.043938 0.871868
v 0.051513 0.033601 0.871965
v 0.047420 0.029019 0.870685
v 0.043892 0.024343 0.868375
v 0.040832 0.019927 0.865092
v 0.038580 0.015753 0.860984
v 0.037771 0.011287 0.856203
v 0.030984 0.014902 0.854004
v 0.037975 0.007448 0.851003
v 0.031373 0.010393 0.848235
v 0.039200 0.004304 0.845561
v 0.032734 0.006899 0.842187
v 0.027105 0.010704 0.838464
v 0.035230 0.004214 0.836088
v 0.029755 0.007854 0.831990
v 0.025230 0.012666 0.827933
v 0.033508 0.005973 0.825709
v 0.029056 0.010748 0.821530
v 0.038219 0.005133 0.819865
v 0.033861 0.009891 0.815571
v 0.043709 0.005366 0.814681
v 0.039458 0.010129 0.810285
v 0.049765 0.006664 0.810356
v 0.045632 0.011452 0.805876
v 0.056156 0.008976 0.807057
v 0.052148 0.013810 0.802513
v 0.062634 0.012214 0.804911
v 0.058754 0.017111 0.800324
v 0.068953 0.016253 0.804000
v 0.065196 0.021229 0.799395
v 0.074868 0.020937 0.804359
v 0.071227 0.026006 0.799761
v 0.080152 0.026088 0.805974
v 0.076614 0.031258 0.801408
v 0.084603 0.031507 0.808783
v 0.081152 0.036783 0.804272
v 0.088049 0.036986 0.812678
v 0.084666 0.042369 0.808244
v 0.090357 0.042314 0.817510
v 0.087020 0.047801 0.813170
v 0.091440 0.047286 0.823093
v 0.088124 0.052871 0.818862
v 0.091255 0.051712 0.829212
v 0.087935 0.057383 0.825101
v 0.089810 0.055421 0.835632
v 0.086462 0.061165 0.831647
v 0.087160 0.058271 0.842107
v 0.083760 0.064071 0.838249
v 0.083408 0.060152 0.848387
v 0.079934 0.065989 0.844652
v 0.078696 0.060992 0.854232
v 0.075130 0.066845 0.850611
v 0.073206 0.060759 0.859416
v 0.069533 0.066607 0.855897
v 0.067150 0.059461 0.863740
v 0.063358 0.065284 0.860306
v 0.060760 0.057149 0.867039
v 0.056842 0.062927 0.863669
v 0.054281 0.053911 0.869185
v 0.050236 0.059626 0.865858
v 0.047984 0.050134 0.870044
v 0.044084 0.055752 0.866825
v 0.036656 0.040111 0.868300
v 0.032357 0.045627 0.864992
v 0.032277 0.034510 0.865530
v 0.027666 0.039964 0.862096
v 0.028678 0.029102 0.861527
v 0.024101 0.034234 0.857983
v 0.025311 0.018843 0.850793
v 0.020793 0.023608 0.847049
v 0.025660 0.014413 0.844885
v 0.021055 0.019353 0.841081
v 0.017735 0.025024 0.836970
v 0.022528 0.015571 0.834535
v 0.019180 0.021315 0.830550
v 0.017189 0.027715 0.826663
v 0.021830 0.018465 0.824075
v 0.019685 0.025030 0.820564
v 0.025583 0.016584 0.817795
v 0.023220 0.023258 0.814648
v 0.030294 0.015744 0.811951
v 0.027658 0.022467 0.809143
v 0.035784 0.015978 0.806767
v 0.032829 0.022687 0.804259
v 0.041840 0.017275 0.802442
v 0.038534 0.023909 0.800186
v 0.048231 0.019587 0.799143
v 0.044554 0.026087 0.797078
v 0.054709 0.022825 0.796997
v 0.050657 0.029137 0.795056
v 0.061028 0.026864 0.796086
v 0.056609 0.032941 0.794198
v 0.066943 0.031549 0.796444
v 0.062180 0.037355 0.794536
v 0.072227 0.036700 0.798059
v 0.067158 0.042207 0.796057
v 0.076678 0.042119 0.800868
v 0.071350 0.047311 0.798703
v 0.080123 0.047598 0.804764
v 0.074596 0.052472 0.802373
v 0.082432 0.052926 0.809596
v 0.076771 0.057491 0.806924
v 0.083515 0.057898 0.815179
v 0.077791 0.062175 0.812183
v 0.083330 0.062324 0.821298
v 0.077617 0.066344 0.817947
v 0.081885 0.066033 0.827718
v 0.076256 0.069838 0.823995
v 0.079235 0.068883 0.834192
v 0.073760 0.072522 0.830094
v 0.075482 0.070764 0.840473
v 0.070225 0.074294 0.836010
v 0.070771 0.071604 0.846317
v 0.065786 0.075085 0.841515
v 0.065281 0.071371 0.851501
v 0.060615 0.074866 0.846399
v 0.059225 0.070073 0.855826
v 0.054910 0.073643 0.850472
v 0.052835 0.067761 0.859125
v 0.048891 0.071465 0.853580
v 0.046356 0.064523 0.861271
v 0.042788 0.068415 0.855601
v 0.040260 0.060477 0.862330
v 0.036829 0.064284 0.856694
v 0.028747 0.050701 0.860402
v 0.024181 0.045351 0.857445
v 0.020770 0.039692 0.853629
v 0.017586 0.029186 0.843079
v 0.015789 0.035248 0.838830
v 0.015283 0.041399 0.833745
v 0.015827 0.031208 0.832710
v 0.015406 0.037668 0.828465
v 0.016487 0.044154 0.824398
v 0.016631 0.034523 0.823023
v 0.017529 0.041480 0.819769
v 0.018878 0.032107 0.817534
v 0.019439 0.039425 0.815101
v 0.022059 0.030512 0.812209
v 0.022145 0.038069 0.810574
v 0.026054 0.029800 0.807255
v 0.025542 0.037463 0.806360
v 0.030708 0.029998 0.802860
v 0.029500 0.037631 0.802622
v 0.035842 0.031098 0.799194
v 0.033866 0.038567 0.799504
v 0.041259 0.033058 0.796397
v 0.038473 0.040234 0.797126
v 0.046752 0.035803 0.794578
v 0.043144 0.042568 0.795579
v 0.052108 0.039227 0.793805
v 0.047700 0.045480 0.794922
v 0.057123 0.043199 0.794109
v 0.051964 0.048858 0.795180
v 0.061602 0.047566 0.795478
v 0.055774 0.052571 0.796345
v 0.065376 0.052160 0.797860
v 0.058982 0.056478 0.798370
v 0.068297 0.056804 0.801162
v 0.061467 0.060428 0.801179
v 0.070254 0.061321 0.805258
v 0.063131 0.064269 0.804662
v 0.071172 0.065536 0.809991
v 0.063912 0.067854 0.808687
v 0.071015 0.069288 0.815179
v 0.063779 0.071045 0.813099
v 0.069790 0.072433 0.820622
v 0.062737 0.073719 0.817727
v 0.067544 0.074849 0.826110
v 0.060827 0.075774 0.822395
v 0.064362 0.076444 0.831435
v 0.058121 0.077130 0.826923
v 0.060368 0.077156 0.836389
v 0.054724 0.077736 0.831137
v 0.055714 0.076958 0.840784
v 0.050766 0.077567 0.834874
v 0.050580 0.075858 0.844450
v 0.046400 0.076632 0.837992
v 0.045162 0.073898 0.847247
v 0.041793 0.074965 0.840371
v 0.039670 0.071153 0.849067
v 0.037122 0.072631 0.841918
v 0.034301 0.067645 0.849892
v 0.032566 0.069719 0.842575
v 0.029233 0.063433 0.849715
v 0.028302 0.066341 0.842316
v 0.024737 0.059392 0.848033
v 0.024492 0.062627 0.841152
v 0.020984 0.055017 0.845499
v 0.021283 0.058720 0.839127
v 0.018149 0.050300 0.842439
v 0.018799 0.054771 0.836318
v 0.016300 0.045585 0.838735
v 0.017135 0.050929 0.832835
v 0.019537 0.055741 0.827293
v 0.016354 0.047344 0.828810
v 0.018924 0.052924 0.824131
v 0.022861 0.057945 0.819797
v 0.019029 0.050417 0.820665
v 0.022933 0.056218 0.817409
v 0.019847 0.048316 0.817028
v 0.023497 0.054771 0.814904
v 0.021348 0.046702 0.813360
v 0.024531 0.053659 0.812378
v 0.023474 0.045636 0.809803
v 0.025995 0.052925 0.809927
v 0.026143 0.045161 0.806492
v 0.027834 0.052597 0.807647
v 0.029253 0.045293 0.803556
v 0.029975 0.052688 0.805624
v 0.032683 0.046028 0.801106
v 0.032339 0.053195 0.803937
v 0.036303 0.047338 0.799237
v 0.034832 0.054097 0.802650
v 0.039973 0.049172 0.798022
v 0.037360 0.055360 0.801812
v 0.043552 0.051460 0.797505
v 0.039825 0.056936 0.801457
v 0.046903 0.054113 0.797709
v 0.042133 0.058764 0.801597
v 0.049896 0.057031 0.798623
v 0.044195 0.060774 0.802227
v 0.052417 0.060101 0.800215
v 0.045931 0.062888 0.803323
v 0.054369 0.063204 0.802421
v 0.047276 0.065026 0.804843
v 0.055677 0.066222 0.805158
v 0.048177 0.067105 0.806728
v 0.056290 0.069039 0.808321
v 0.048599 0.069045 0.808906
v 0.056185 0.071546 0.811787
v 0.048527 0.070772 0.811294
v 0.055367 0.073647 0.815424
v 0.047963 0.072219 0.813799
v 0.053866 0.075261 0.819091
v 0.046929 0.073331 0.816325
v 0.051740 0.076327 0.822649
v 0.045465 0.074065 0.818776
v 0.049071 0.076802 0.825959
v 0.043627 0.074392 0.821056
v 0.045961 0.076670 0.828896
v 0.041485 0.074301 0.823079
v 0.042531 0.075935 0.831346
v 0.039122 0.073795 0.824766
v 0.038911 0.074626 0.833214
v 0.036628 0.072893 0.826053
v 0.035241 0.072792 0.834430
v 0.034100 0.071630 0.826891
v 0.031662 0.070504 0.834946
v 0.031635 0.070054 0.827246
v 0.028311 0.067850 0.834743
v 0.029327 0.068226 0.827106
v 0.025318 0.064932 0.833828
v 0.027265 0.066216 0.826476
v 0.022797 0.061862 0.832237
v 0.025529 0.064102 0.825380
v 0.020845 0.058759 0.830030
v 0.024184 0.061964 0.823860
v 0.028484 0.064214 0.818239
v 0.023283 0.059885 0.821975
v 0.028008 0.063114 0.817242
v 0.027784 0.062089 0.816091
v 0.034103 0.065674 0.812726
v 0.041355 0.068870 0.811595
v 0.030414 0.059261 0.809667
v 0.029442 0.059434 0.810872
v 0.028667 0.059822 0.812168
v 0.028121 0.060410 0.813504
v 0.027823 0.061175 0.814828
v 0.029195 0.065344 0.819043
v 0.030113 0.066462 0.819622
v 0.031203 0.067524 0.819956
v 0.032424 0.068491 0.820030
v 0.033727 0.069324 0.819842
v 0.035064 0.069992 0.819399
v 0.036382 0.070469 0.818718
v 0.037631 0.070737 0.817826
v 0.038764 0.070785 0.816757
v 0.039736 0.070612 0.815551
v 0.040510 0.070224 0.814255
v 0.041057 0.069636 0.812919
v 0.041393 0.067957 0.810333
v 0.041170 0.066932 0.809181
v 0.040693 0.065832 0.808184
v 0.039983 0.064702 0.807380
v 0.039064 0.063584 0.806801
v 0.037974 0.062522 0.806468
v 0.036754 0.061555 0.806394
v 0.035450 0.060722 0.806582
v 0.034114 0.060054 0.807024
v 0.032796 0.059577 0.807705
v 0.031546 0.059309 0.808597
v 0.068480 0.006513 0.851927
v 0.063525 0.002672 0.847407
v 0.069254 0.006125 0.850631
v 0.074888 0.011062 0.853456
v 0.070226 0.005952 0.849425
v 0.071359 0.006000 0.848356
v 0.072608 0.006267 0.847464
v 0.073927 0.006744 0.846783
v 0.075263 0.007412 0.846340
v 0.076567 0.008246 0.846152
v 0.077787 0.009212 0.846227
v 0.078877 0.010275 0.846560
v 0.079795 0.011393 0.847139
v 0.080506 0.012523 0.847943
v 0.080982 0.013622 0.848940
v 0.081206 0.014648 0.850091
v 0.081168 0.015561 0.851354
v 0.080870 0.016326 0.852678
v 0.080323 0.016914 0.854014
v 0.079549 0.017302 0.855310
v 0.078577 0.017476 0.856515
v 0.077444 0.017427 0.857585
v 0.076195 0.017160 0.858477
v 0.074876 0.016683 0.859158
v 0.073540 0.016015 0.859600
v 0.072236 0.015181 0.859788
v 0.071016 0.014215 0.859714
v 0.069926 0.013152 0.859381
v 0.069008 0.012034 0.858802
v 0.068297 0.010904 0.857998
v 0.067820 0.009805 0.857001
v 0.067597 0.008779 0.855850
v 0.067635 0.007866 0.854587
v 0.067933 0.007101 0.853263
v 0.042605 0.040254 0.870729
v 0.044923 0.039963 0.871175
v 0.042789 0.040267 0.870773
v 0.042812 0.032874 0.870359
v 0.041258 0.034369 0.870105
v 0.041749 0.033752 0.870204
v 0.039885 0.027417 0.868098
v 0.038320 0.028733 0.867802
v 0.038984 0.028150 0.867968
v 0.035985 0.023451 0.864562
v 0.034268 0.024723 0.864170
v 0.034912 0.024317 0.864399
v 0.030100 0.022996 0.860111
v 0.031152 0.020958 0.859482
v 0.030151 0.022826 0.860043
v 0.043009 0.047332 0.869741
v 0.041357 0.046053 0.869552
v 0.041865 0.046679 0.869597
v 0.040080 0.052804 0.866880
v 0.038505 0.051508 0.866720
v 0.039180 0.052094 0.866831
v 0.025677 0.024413 0.856239
v 0.025355 0.022968 0.854752
v 0.025406 0.023966 0.855623
v 0.021572 0.028138 0.852342
v 0.021216 0.026770 0.850864
v 0.021376 0.027523 0.851714
v 0.036090 0.056596 0.862832
v 0.034506 0.055226 0.862710
v 0.035165 0.055651 0.862906
v 0.031032 0.058563 0.857302
v 0.030378 0.056626 0.858518
v 0.030451 0.056788 0.858451
v 0.025912 0.054917 0.854780
v 0.025456 0.056114 0.853026
v 0.025656 0.055300 0.854133
v 0.021756 0.050912 0.851261
v 0.021409 0.052156 0.849648
v 0.021570 0.051467 0.850578
v 0.018923 0.045271 0.848846
v 0.018629 0.046691 0.847229
v 0.018819 0.045865 0.848328
v 0.018825 0.033587 0.849397
v 0.018436 0.032232 0.847843
v 0.018706 0.032937 0.848932
v 0.017872 0.039368 0.847900
v 0.017261 0.039558 0.845610
v 0.017813 0.039347 0.847721
v 0.034443 0.042922 0.866757
v 0.034397 0.037263 0.867026
v 0.029832 0.037284 0.863901
v 0.030431 0.031790 0.863659
v 0.026269 0.031642 0.859817
v 0.030501 0.048201 0.862820
v 0.026339 0.048052 0.858979
v 0.025844 0.042624 0.859919
v 0.022373 0.042580 0.855612
v 0.022327 0.036921 0.855880
v 0.025806 0.037149 0.860184
v 0.029870 0.042758 0.863636
v 0.042063 0.042658 0.870314
v 0.039810 0.048640 0.868227
v 0.028221 0.023555 0.858561
v 0.023634 0.026317 0.854493
v 0.036301 0.053338 0.864723
v 0.032039 0.056080 0.860304
v 0.020126 0.031014 0.850989
v 0.018197 0.036977 0.848551
v 0.018237 0.041822 0.848322
v 0.020265 0.047959 0.850187
v 0.023840 0.052892 0.853222
v 0.028475 0.055952 0.857015
v 0.031784 0.023683 0.861851
v 0.036095 0.026762 0.865995
v 0.039669 0.031696 0.869030
v 0.042022 0.037813 0.870543
v 0.039198 0.043313 0.869063
v 0.039145 0.037013 0.869362
v 0.035490 0.031386 0.866824
v 0.031656 0.026678 0.863003
v 0.027024 0.026511 0.858726
v 0.035626 0.048814 0.865991
v 0.031808 0.053208 0.861683
v 0.022673 0.030938 0.854993
v 0.019633 0.036407 0.851346
v 0.027174 0.053042 0.857407
v 0.022809 0.048366 0.854160
v 0.019685 0.042707 0.851048
v 0.018779 0.039471 0.849617
v 0.021130 0.045616 0.852586
v 0.024887 0.050801 0.855776
v 0.029902 0.054821 0.859060
v 0.021031 0.033597 0.853155
v 0.024745 0.028625 0.856864
v 0.033726 0.051117 0.863934
v 0.037440 0.046144 0.867643
v 0.029697 0.024853 0.860519
v 0.033584 0.028940 0.865023
v 0.037341 0.034125 0.868213
v 0.040819 0.040203 0.869963
v 0.023996 0.039827 0.858019
v 0.028035 0.045400 0.861448
v 0.027984 0.034487 0.862002
v 0.032023 0.040060 0.865431
v 0.058523 0.000097 0.841839
v 0.062681 0.000959 0.842721
v 0.057105 -0.000721 0.837656
v 0.061426 -0.000076 0.838700
v 0.065319 0.001071 0.840229
v 0.060656 -0.000570 0.834303
v 0.064712 0.000360 0.835994
v 0.068230 0.001695 0.838151
v 0.064573 0.000270 0.831506
v 0.068254 0.001387 0.833825
v 0.071301 0.002806 0.836565
v 0.068707 0.001765 0.829372
v 0.071917 0.002966 0.832275
v 0.074415 0.004362 0.835534
v 0.072897 0.003859 0.827984
v 0.075559 0.005037 0.831405
v 0.077452 0.006304 0.835096
v 0.076984 0.006472 0.827394
v 0.079040 0.007520 0.831248
v 0.080295 0.008555 0.835268
v 0.080810 0.009502 0.827626
v 0.082228 0.010319 0.831809
v 0.082835 0.011031 0.836044
v 0.084228 0.012834 0.828671
v 0.084998 0.013328 0.833068
v 0.084974 0.013636 0.837394
v 0.087107 0.016339 0.830488
v 0.087245 0.016429 0.834976
v 0.086630 0.016269 0.839267
v 0.089336 0.019883 0.833008
v 0.088883 0.019505 0.837460
v 0.087740 0.018829 0.841589
v 0.090829 0.023329 0.836133
v 0.089848 0.022436 0.840424
v 0.088260 0.021219 0.844272
v 0.091529 0.026545 0.839744
v 0.090104 0.025111 0.843755
v 0.088171 0.023347 0.847213
v 0.091410 0.029408 0.843702
v 0.089640 0.027426 0.847323
v 0.087477 0.025129 0.850299
v 0.090475 0.031807 0.847855
v 0.088475 0.029292 0.850993
v 0.086203 0.026499 0.853411
v 0.088761 0.033650 0.852042
v 0.086653 0.030639 0.854623
v 0.084400 0.027403 0.856429
v 0.086334 0.034867 0.856105
v 0.084244 0.031413 0.858074
v 0.082135 0.027807 0.859238
v 0.083286 0.035410 0.859885
v 0.081340 0.031586 0.861212
v 0.079496 0.027695 0.861730
v 0.079735 0.035260 0.863238
v 0.078054 0.031150 0.863918
v 0.076586 0.027071 0.863809
v 0.075818 0.034420 0.866035
v 0.074512 0.030123 0.866088
v 0.073514 0.025960 0.865394
v 0.071685 0.032925 0.868169
v 0.070850 0.028543 0.867638
v 0.070400 0.024404 0.866426
v 0.067494 0.030830 0.869557
v 0.067208 0.026473 0.868508
v 0.067364 0.022462 0.866864
v 0.063407 0.028218 0.870147
v 0.063726 0.023990 0.868665
v 0.064521 0.020211 0.866691
v 0.059581 0.025188 0.869915
v 0.060539 0.021190 0.868103
v 0.061981 0.017735 0.865915
v 0.056163 0.021856 0.868870
v 0.057768 0.018182 0.866844
v 0.059842 0.015130 0.864565
v 0.053285 0.018351 0.867053
v 0.055521 0.015081 0.864936
v 0.058186 0.012497 0.862693
v 0.051056 0.014807 0.864534
v 0.053883 0.012005 0.862452
v 0.057076 0.009936 0.860370
v 0.049562 0.011361 0.861408
v 0.052918 0.009074 0.859488
v 0.056555 0.007546 0.857687
v 0.048862 0.008145 0.857797
v 0.052662 0.006399 0.856158
v 0.056644 0.005419 0.854746
v 0.048981 0.005282 0.853839
v 0.053126 0.004084 0.852590
v 0.057339 0.003637 0.851660
v 0.049916 0.002883 0.849686
v 0.054292 0.002217 0.848920
v 0.058612 0.002267 0.848548
v 0.051630 0.001040 0.845499
v 0.056114 0.000871 0.845290
v 0.044758 0.001247 0.841972
v 0.049423 0.000194 0.841494
v 0.047104 0.001907 0.846114
v 0.054058 -0.000177 0.841436
v 0.047716 -0.000236 0.837022
v 0.052489 -0.000792 0.837102
v 0.041635 0.001189 0.832457
v 0.046532 -0.000176 0.832212
v 0.042927 0.000983 0.837376
v 0.051430 -0.000898 0.832416
v 0.045872 0.000434 0.827202
v 0.050878 -0.000434 0.827514
v 0.055756 -0.000714 0.828330
v 0.050808 0.000643 0.822540
v 0.055795 0.000218 0.823464
v 0.060529 0.000309 0.824921
v 0.056254 0.001810 0.818651
v 0.061097 0.001755 0.820217
v 0.065566 0.002131 0.822322
v 0.062000 0.003889 0.815685
v 0.066578 0.004119 0.817898
v 0.070672 0.004683 0.820630
v 0.067825 0.006801 0.813755
v 0.072029 0.007219 0.816596
v 0.075652 0.007866 0.819912
v 0.073507 0.010432 0.812936
v 0.077239 0.010934 0.816360
v 0.080314 0.011559 0.820194
v 0.078826 0.014645 0.813258
v 0.082009 0.015124 0.817201
v 0.084479 0.015618 0.821467
v 0.083577 0.019277 0.814710
v 0.086156 0.019626 0.819085
v 0.087987 0.019889 0.823681
v 0.087579 0.024150 0.817237
v 0.089519 0.024267 0.821941
v 0.090702 0.024207 0.826752
v 0.090678 0.029076 0.820739
v 0.091970 0.028870 0.825658
v 0.092522 0.028406 0.830560
v 0.092754 0.033867 0.825084
v 0.093415 0.033257 0.830094
v 0.093375 0.032325 0.834960
v 0.093727 0.038338 0.830104
v 0.093797 0.037260 0.835078
v 0.093230 0.035814 0.839783
v 0.093561 0.042318 0.835606
v 0.093103 0.040725 0.840419
v 0.092091 0.038737 0.844843
v 0.092262 0.045653 0.841379
v 0.091359 0.043519 0.845912
v 0.090002 0.040983 0.849946
v 0.089879 0.048215 0.847201
v 0.088632 0.045534 0.851344
v 0.087045 0.042466 0.854896
v 0.086505 0.049907 0.852848
v 0.085026 0.046693 0.856508
v 0.083331 0.043128 0.859502
v 0.082268 0.050662 0.858104
v 0.080681 0.046951 0.861206
v 0.079004 0.042944 0.863588
v 0.077332 0.050452 0.862765
v 0.075764 0.046299 0.865256
v 0.074231 0.041921 0.866996
v 0.071886 0.049286 0.866654
v 0.070462 0.044762 0.868503
v 0.069195 0.040099 0.869596
v 0.066140 0.047206 0.869620
v 0.064981 0.042398 0.870822
v 0.064088 0.037547 0.871288
v 0.060314 0.044295 0.871550
v 0.059519 0.039301 0.872121
v 0.059097 0.034367 0.872003
v 0.054367 0.040738 0.872291
v 0.054054 0.035647 0.872282
v 0.054402 0.030679 0.871710
v 0.049339 0.031364 0.871441
v 0.050286 0.026592 0.870448
v 0.045609 0.026664 0.869661
v 0.046809 0.022311 0.868243
v 0.042293 0.022088 0.866845
v 0.044076 0.018022 0.865175
v 0.039553 0.017859 0.863133
v 0.042219 0.013865 0.861365
v 0.038012 0.013509 0.858662
v 0.041379 0.009915 0.856959
v 0.034273 0.013007 0.855230
v 0.037756 0.009268 0.853643
v 0.041531 0.006416 0.852135
v 0.034578 0.008778 0.849699
v 0.038456 0.005792 0.848301
v 0.042670 0.003493 0.847075
v 0.035877 0.005443 0.843926
v 0.040200 0.002998 0.842809
v 0.029801 0.008658 0.840361
v 0.033846 0.005448 0.839129
v 0.031907 0.008553 0.845232
v 0.038260 0.002880 0.838104
v 0.032386 0.005878 0.834044
v 0.036876 0.003209 0.833093
v 0.027362 0.010124 0.829946
v 0.031502 0.006787 0.828810
v 0.028285 0.009164 0.835218
v 0.036048 0.004042 0.827916
v 0.031170 0.008215 0.823574
v 0.035754 0.005420 0.822718
v 0.035951 0.007363 0.817644
v 0.040645 0.003223 0.822214
v 0.040880 0.005115 0.817177
v 0.046001 0.003450 0.817156
v 0.041521 0.007600 0.812383
v 0.046680 0.005884 0.812400
v 0.051910 0.004717 0.812936
v 0.047666 0.008916 0.807995
v 0.052934 0.007698 0.808570
v 0.058145 0.006973 0.809718
v 0.054150 0.011262 0.804648
v 0.059400 0.010486 0.805834
v 0.064466 0.010132 0.807623
v 0.060724 0.014548 0.802470
v 0.065829 0.014142 0.804298
v 0.070631 0.014072 0.806734
v 0.067135 0.018646 0.801546
v 0.071975 0.018525 0.804020
v 0.076402 0.018643 0.807084
v 0.073137 0.023400 0.801910
v 0.077602 0.023467 0.805012
v 0.081558 0.023669 0.808660
v 0.078499 0.028626 0.803548
v 0.082493 0.028777 0.807235
v 0.085900 0.028956 0.811401
v 0.083015 0.034125 0.806399
v 0.086460 0.034252 0.810603
v 0.089262 0.034302 0.815202
v 0.086511 0.039684 0.810351
v 0.089352 0.039682 0.814988
v 0.091515 0.039500 0.819916
v 0.088854 0.045090 0.815254
v 0.091056 0.044857 0.820221
v 0.092572 0.044352 0.825363
v 0.089953 0.050135 0.820919
v 0.091507 0.049579 0.826100
v 0.092391 0.048670 0.831333
v 0.089765 0.054626 0.827128
v 0.090688 0.053666 0.832400
v 0.090982 0.052289 0.837597
v 0.088299 0.058389 0.833642
v 0.088631 0.056961 0.838878
v 0.088396 0.055069 0.843915
v 0.085610 0.061281 0.840212
v 0.085414 0.059338 0.845287
v 0.084734 0.056904 0.850042
v 0.081802 0.063190 0.846584
v 0.081161 0.060705 0.851378
v 0.080137 0.057724 0.855745
v 0.077021 0.064042 0.852515
v 0.076036 0.061010 0.856919
v 0.074781 0.057496 0.860803
v 0.071451 0.063805 0.857775
v 0.070235 0.060241 0.861697
v 0.068872 0.056230 0.865022
v 0.065306 0.062489 0.862163
v 0.063981 0.058427 0.865527
v 0.062637 0.053974 0.868241
v 0.058822 0.060143 0.865510
v 0.057516 0.055639 0.868262
v 0.056316 0.050815 0.870335
v 0.052248 0.056857 0.867688
v 0.051089 0.052016 0.869792
v 0.049932 0.047086 0.871125
v 0.046038 0.053036 0.868606
v 0.033378 0.044287 0.865913
v 0.033311 0.035884 0.866313
v 0.028717 0.038626 0.863034
v 0.029546 0.030437 0.862656
v 0.025148 0.032929 0.858925
v 0.027998 0.016816 0.852502
v 0.022902 0.021107 0.848963
v 0.025388 0.016547 0.847970
v 0.028391 0.012277 0.846625
v 0.023207 0.016779 0.843031
v 0.026227 0.012459 0.841697
v 0.019225 0.022111 0.839054
v 0.021633 0.017361 0.837831
v 0.020789 0.021496 0.844220
v 0.024673 0.013016 0.836516
v 0.020691 0.018347 0.832540
v 0.023731 0.014001 0.831225
v 0.018009 0.024448 0.828585
v 0.020360 0.019775 0.827304
v 0.018302 0.023071 0.833782
v 0.023380 0.015455 0.825970
v 0.020594 0.021667 0.822267
v 0.023577 0.017399 0.820896
v 0.027188 0.013547 0.819598
v 0.024256 0.019832 0.816140
v 0.027829 0.016031 0.814804
v 0.031969 0.012694 0.813667
v 0.028853 0.019012 0.810438
v 0.032955 0.015727 0.809263
v 0.037539 0.012931 0.808407
v 0.034209 0.019240 0.805380
v 0.038755 0.016496 0.804486
v 0.043684 0.014248 0.804019
v 0.040118 0.020506 0.801160
v 0.045009 0.018309 0.800655
v 0.050168 0.016594 0.800672
v 0.046353 0.022762 0.797942
v 0.051475 0.021098 0.797920
v 0.056742 0.019879 0.798494
v 0.052674 0.025921 0.795847
v 0.057904 0.024754 0.796384
v 0.063153 0.023977 0.797570
v 0.058839 0.029862 0.794958
v 0.064050 0.029137 0.796106
v 0.069155 0.028731 0.797934
v 0.064610 0.034433 0.795308
v 0.069677 0.034078 0.797098
v 0.074517 0.033958 0.799572
v 0.069766 0.039459 0.796884
v 0.074568 0.039389 0.799320
v 0.079033 0.039456 0.802423
v 0.074108 0.044746 0.799625
v 0.078535 0.044864 0.802689
v 0.082529 0.045015 0.806375
v 0.077470 0.050091 0.803426
v 0.081427 0.050294 0.807074
v 0.084872 0.050421 0.811278
v 0.079723 0.055290 0.808140
v 0.083131 0.055469 0.812306
v 0.085971 0.055467 0.816943
v 0.080780 0.060141 0.813587
v 0.083582 0.060190 0.818185
v 0.085783 0.059957 0.823152
v 0.080599 0.064459 0.819557
v 0.082763 0.064277 0.824485
v 0.084317 0.063721 0.829666
v 0.079190 0.068078 0.825821
v 0.080706 0.067573 0.830964
v 0.081628 0.066613 0.836236
v 0.076604 0.070859 0.832139
v 0.077489 0.069950 0.837372
v 0.077820 0.068521 0.842608
v 0.072942 0.072694 0.838266
v 0.073236 0.071317 0.843464
v 0.073039 0.069374 0.848538
v 0.068345 0.073514 0.843969
v 0.068111 0.071622 0.849005
v 0.067469 0.069137 0.853799
v 0.062989 0.073286 0.849027
v 0.062310 0.070852 0.853782
v 0.061324 0.067820 0.858187
v 0.057080 0.072020 0.853246
v 0.056056 0.069039 0.857612
v 0.054840 0.065474 0.861534
v 0.050845 0.069764 0.856465
v 0.049591 0.066250 0.860348
v 0.048266 0.062189 0.863712
v 0.044524 0.066605 0.858559
v 0.043189 0.062594 0.861903
v 0.042149 0.058243 0.864723
v 0.038457 0.062451 0.859665
v 0.029607 0.049466 0.861665
v 0.025227 0.046708 0.858240
v 0.024985 0.043960 0.858758
v 0.021528 0.041173 0.854649
v 0.021504 0.038284 0.854786
v 0.019013 0.026314 0.845079
v 0.016523 0.032181 0.841042
v 0.017488 0.027125 0.840081
v 0.015358 0.038334 0.836341
v 0.015608 0.033202 0.835687
v 0.016599 0.028067 0.834849
v 0.015429 0.034419 0.830576
v 0.016362 0.029368 0.829708
v 0.015760 0.040923 0.826399
v 0.015887 0.036011 0.825763
v 0.015197 0.039474 0.831115
v 0.016728 0.031084 0.824803
v 0.016899 0.038000 0.821339
v 0.017631 0.033218 0.820271
v 0.019111 0.028521 0.818981
v 0.018988 0.035753 0.816236
v 0.020359 0.031203 0.814838
v 0.022486 0.026830 0.813334
v 0.021946 0.034271 0.811287
v 0.023964 0.030044 0.809674
v 0.026723 0.026074 0.808078
v 0.025659 0.033609 0.806680
v 0.028309 0.029785 0.804976
v 0.031659 0.026284 0.803417
v 0.029986 0.033793 0.802594
v 0.033227 0.030437 0.800926
v 0.037104 0.027451 0.799528
v 0.034759 0.034815 0.799186
v 0.038528 0.031975 0.797679
v 0.042851 0.029530 0.796562
v 0.039796 0.036638 0.796586
v 0.044009 0.034339 0.795360
v 0.048676 0.032441 0.794632
v 0.044902 0.039190 0.794894
v 0.049460 0.037438 0.794058
v 0.054358 0.036073 0.793812
v 0.049882 0.042373 0.794176
v 0.054671 0.041154 0.793822
v 0.059676 0.040286 0.794135
v 0.054544 0.046065 0.794459
v 0.059441 0.045343 0.794663
v 0.064428 0.044918 0.795587
v 0.058708 0.050125 0.795732
v 0.063587 0.049845 0.796547
v 0.068430 0.049790 0.798113
v 0.062216 0.054396 0.797946
v 0.066950 0.054487 0.799403
v 0.071529 0.054717 0.801616
v 0.064932 0.058714 0.801016
v 0.069401 0.059090 0.803120
v 0.073605 0.059508 0.805961
v 0.066752 0.062913 0.804824
v 0.070846 0.063477 0.807556
v 0.074578 0.063979 0.810981
v 0.067605 0.066832 0.809224
v 0.071229 0.067480 0.812540
v 0.074412 0.067958 0.816483
v 0.067460 0.070320 0.814047
v 0.070534 0.070945 0.817881
v 0.073113 0.071294 0.822256
v 0.066321 0.073244 0.819107
v 0.068790 0.073738 0.823373
v 0.070730 0.073856 0.828078
v 0.064232 0.075490 0.824210
v 0.066063 0.075753 0.828806
v 0.067355 0.075548 0.833725
v 0.061274 0.076972 0.829160
v 0.062458 0.076912 0.833970
v 0.063119 0.076303 0.838981
v 0.057561 0.077635 0.833766
v 0.058113 0.077171 0.838668
v 0.058182 0.076093 0.843642
v 0.053234 0.077451 0.837852
v 0.053195 0.076519 0.842718
v 0.052737 0.074926 0.847531
v 0.048461 0.076428 0.841261
v 0.047894 0.074981 0.845965
v 0.046990 0.072847 0.850497
v 0.043424 0.074606 0.843861
v 0.042412 0.072617 0.848284
v 0.041165 0.069936 0.852427
v 0.038318 0.072054 0.845552
v 0.036960 0.069508 0.849593
v 0.035452 0.066065 0.853402
v 0.033337 0.068860 0.846277
v 0.031712 0.065563 0.849970
v 0.028668 0.065137 0.846010
v 0.026902 0.061407 0.849035
v 0.024501 0.061118 0.844698
v 0.022757 0.057262 0.846841
v 0.020996 0.056875 0.842465
v 0.019441 0.052686 0.844025
v 0.018291 0.052548 0.839425
v 0.017116 0.047902 0.840726
v 0.016485 0.048324 0.835666
v 0.015670 0.043425 0.836350
v 0.018161 0.053408 0.830049
v 0.016631 0.049096 0.830880
v 0.017860 0.052827 0.834653
v 0.015619 0.044408 0.831234
v 0.017461 0.050191 0.826438
v 0.016306 0.045692 0.826642
v 0.020730 0.055517 0.821910
v 0.018886 0.051626 0.822428
v 0.019142 0.054301 0.825758
v 0.017580 0.047329 0.822480
v 0.020819 0.053390 0.818969
v 0.019350 0.049311 0.818859
v 0.018515 0.044929 0.818328
v 0.021513 0.051607 0.815883
v 0.020515 0.047444 0.815189
v 0.020229 0.043086 0.814140
v 0.022787 0.050238 0.812771
v 0.022338 0.046098 0.811559
v 0.022656 0.041869 0.810077
v 0.024591 0.049333 0.809753
v 0.024747 0.045323 0.808109
v 0.025704 0.041326 0.806297
v 0.026855 0.048930 0.806944
v 0.027650 0.045151 0.804970
v 0.029255 0.041477 0.802944
v 0.029494 0.049042 0.804452
v 0.030936 0.045586 0.802264
v 0.033172 0.042316 0.800147
v 0.032405 0.049666 0.802374
v 0.034478 0.046614 0.800094
v 0.037305 0.043812 0.798013
v 0.035476 0.050777 0.800788
v 0.038141 0.048193 0.798544
v 0.041496 0.045906 0.796625
v 0.038590 0.052333 0.799756
v 0.041783 0.050264 0.797674
v 0.045583 0.048519 0.796035
v 0.041627 0.054274 0.799318
v 0.045264 0.052747 0.797517
v 0.049409 0.051549 0.796267
v 0.044470 0.056526 0.799491
v 0.048451 0.055546 0.798079
v 0.052827 0.054881 0.797312
v 0.047009 0.059002 0.800267
v 0.051222 0.058554 0.799338
v 0.055706 0.058386 0.799129
v 0.049148 0.061606 0.801617
v 0.053469 0.061656 0.801246
v 0.057934 0.061929 0.801649
v 0.050805 0.064239 0.803490
v 0.055107 0.064731 0.803730
v 0.059428 0.065376 0.804774
v 0.051914 0.066800 0.805812
v 0.056072 0.067663 0.806694
v 0.060128 0.068592 0.808385
v 0.052435 0.069190 0.808495
v 0.056328 0.070337 0.810024
v 0.060009 0.071455 0.812343
v 0.052346 0.071317 0.811436
v 0.055864 0.072652 0.813593
v 0.059074 0.073854 0.816496
v 0.051651 0.073100 0.814522
v 0.054699 0.074519 0.817262
v 0.057360 0.075697 0.820684
v 0.050378 0.074470 0.817634
v 0.052876 0.075865 0.820892
v 0.054933 0.076914 0.824746
v 0.048574 0.075374 0.820652
v 0.050467 0.076640 0.824343
v 0.051885 0.077457 0.828526
v 0.046309 0.075777 0.823461
v 0.047564 0.076813 0.827482
v 0.048334 0.077306 0.831879
v 0.043671 0.075665 0.825953
v 0.044278 0.076377 0.830188
v 0.044417 0.076467 0.834677
v 0.040760 0.075042 0.828032
v 0.040736 0.075350 0.832358
v 0.040283 0.074971 0.836810
v 0.037689 0.073930 0.829617
v 0.037073 0.073770 0.833907
v 0.036093 0.072877 0.838199
v 0.034575 0.072374 0.830649
v 0.033431 0.071699 0.834777
v 0.032006 0.070265 0.838788
v 0.031538 0.070433 0.831087
v 0.029950 0.069216 0.834935
v 0.028180 0.067234 0.838556
v 0.028695 0.068181 0.830914
v 0.026763 0.066417 0.834373
v 0.024762 0.063903 0.837511
v 0.026155 0.065706 0.830138
v 0.023992 0.063409 0.833114
v 0.021883 0.060397 0.835694
v 0.024016 0.063101 0.828788
v 0.021745 0.060307 0.831206
v 0.019654 0.056854 0.833175
v 0.022360 0.060468 0.826916
v 0.020107 0.057232 0.828722
v 0.026275 0.063227 0.820918
v 0.023676 0.060912 0.822959
v 0.024804 0.063030 0.824670
v 0.021250 0.057907 0.824593
v 0.025590 0.061645 0.819483
v 0.023011 0.058893 0.820917
v 0.027806 0.062563 0.816718
v 0.028161 0.063640 0.817808
v 0.030419 0.064266 0.815319
v 0.038313 0.067670 0.811979
v 0.031842 0.061987 0.810838
v 0.031267 0.062089 0.811551
v 0.030809 0.062319 0.812317
v 0.030486 0.062666 0.813107
v 0.030310 0.063119 0.813891
v 0.030287 0.063659 0.814637
v 0.030701 0.064916 0.815908
v 0.031121 0.065584 0.816383
v 0.031664 0.066245 0.816726
v 0.032309 0.066874 0.816923
v 0.033031 0.067445 0.816967
v 0.033802 0.067938 0.816856
v 0.034592 0.068333 0.816594
v 0.035372 0.068615 0.816191
v 0.036111 0.068774 0.815664
v 0.036781 0.068802 0.815031
v 0.037356 0.068700 0.814318
v 0.037813 0.068470 0.813552
v 0.038137 0.068122 0.812762
v 0.038336 0.067130 0.811232
v 0.038204 0.066523 0.810551
v 0.037922 0.065873 0.809961
v 0.037501 0.065205 0.809486
v 0.036958 0.064544 0.809143
v 0.036314 0.063915 0.808946
v 0.035592 0.063343 0.808902
v 0.034821 0.062851 0.809014
v 0.034031 0.062456 0.809275
v 0.033251 0.062173 0.809678
v 0.032512 0.062015 0.810206
v 0.030682 0.056169 0.807042
v 0.032141 0.059360 0.808084
v 0.030933 0.059200 0.809079
v 0.032480 0.056554 0.805758
v 0.033443 0.059738 0.807287
v 0.034377 0.057240 0.804779
v 0.034789 0.060318 0.806717
v 0.036301 0.058202 0.804141
v 0.036127 0.061079 0.806397
v 0.038176 0.059401 0.803871
v 0.037407 0.061992 0.806340
v 0.039933 0.060792 0.803977
v 0.038578 0.063021 0.806546
v 0.041501 0.062321 0.804457
v 0.039596 0.064126 0.807009
v 0.042823 0.063930 0.805291
v 0.040422 0.065266 0.807710
v 0.043846 0.065556 0.806447
v 0.041024 0.066396 0.808623
v 0.044531 0.067138 0.807882
v 0.041379 0.067473 0.809712
v 0.044853 0.068614 0.809539
v 0.041473 0.068456 0.810936
v 0.044369 0.071030 0.813262
v 0.040874 0.069993 0.813596
v 0.041302 0.069307 0.812248
v 0.043582 0.071876 0.815185
v 0.040204 0.070488 0.814930
v 0.042468 0.072434 0.817049
v 0.039319 0.070773 0.816198
v 0.041069 0.072684 0.818784
v 0.038252 0.070836 0.817352
v 0.039439 0.072614 0.820323
v 0.037044 0.070676 0.818347
v 0.037641 0.072229 0.821607
v 0.035742 0.070299 0.819144
v 0.035744 0.071543 0.822587
v 0.034396 0.069718 0.819713
v 0.033820 0.070581 0.823224
v 0.033058 0.068957 0.820033
v 0.031945 0.069382 0.823495
v 0.031778 0.068044 0.820091
v 0.030188 0.067991 0.823388
v 0.030607 0.067016 0.819885
v 0.028620 0.066462 0.822909
v 0.029589 0.065910 0.819422
v 0.027298 0.064853 0.822075
v 0.028763 0.064770 0.818721
v 0.025323 0.058854 0.816009
v 0.027883 0.060729 0.814183
v 0.027712 0.061580 0.815495
v 0.025752 0.057753 0.814103
v 0.028311 0.060043 0.812834
v 0.026539 0.056907 0.812181
v 0.028981 0.059548 0.811500
v 0.027653 0.056349 0.810316
v 0.029866 0.059264 0.810232
v 0.029052 0.056099 0.808581
v 0.044798 0.069928 0.811356
v 0.025268 0.060168 0.817826
v 0.026352 0.065167 0.825984
v 0.028260 0.067239 0.826851
v 0.030456 0.069167 0.827238
v 0.032854 0.070877 0.827130
v 0.035363 0.072304 0.826531
v 0.037885 0.073392 0.825463
v 0.040325 0.074099 0.823969
v 0.042589 0.074399 0.822105
v 0.044588 0.074280 0.819943
v 0.046248 0.073747 0.817566
v 0.047503 0.072820 0.815065
v 0.048306 0.071534 0.812538
v 0.048625 0.069939 0.810080
v 0.048449 0.068097 0.807786
v 0.047784 0.066078 0.805744
v 0.046656 0.063959 0.804033
v 0.045108 0.061823 0.802719
v 0.043200 0.059751 0.801851
v 0.041004 0.057823 0.801465
v 0.038606 0.056112 0.801573
v 0.036098 0.054686 0.802172
v 0.033575 0.053598 0.803240
v 0.031135 0.052890 0.804734
v 0.028872 0.052590 0.806598
v 0.026872 0.052709 0.808760
v 0.025212 0.053243 0.811137
v 0.023957 0.054170 0.813637
v 0.023154 0.055456 0.816165
v 0.022835 0.057050 0.818623
v 0.019944 0.056741 0.837814
v 0.022804 0.060689 0.840243
v 0.026331 0.064517 0.841845
v 0.030387 0.068080 0.842560
v 0.034818 0.071240 0.842360
v 0.039454 0.073876 0.841253
v 0.044115 0.075886 0.839280
v 0.048624 0.077194 0.836519
v 0.052806 0.077748 0.833075
v 0.056501 0.077529 0.829080
v 0.059567 0.076543 0.824688
v 0.061886 0.074829 0.820068
v 0.063370 0.072453 0.815397
v 0.063960 0.069507 0.810855
v 0.063635 0.066103 0.806616
v 0.062406 0.062372 0.802844
v 0.060322 0.058457 0.799683
v 0.057461 0.054510 0.797254
v 0.053935 0.050681 0.795651
v 0.049879 0.047118 0.794937
v 0.045447 0.043958 0.795137
v 0.040812 0.041323 0.796244
v 0.036151 0.039312 0.798217
v 0.031642 0.038005 0.800978
v 0.027460 0.037450 0.804422
v 0.023765 0.037670 0.808417
v 0.020699 0.038656 0.812809
v 0.018379 0.040369 0.817429
v 0.016896 0.042745 0.822100
v 0.039778 0.066558 0.856208
v 0.045835 0.070043 0.854732
v 0.051926 0.072669 0.852155
v 0.057816 0.074378 0.848547
v 0.063280 0.075102 0.844047
v 0.068108 0.074815 0.838827
v 0.072114 0.073527 0.833089
v 0.075145 0.071288 0.827053
v 0.077083 0.068184 0.820950
v 0.077854 0.064334 0.815016
v 0.077429 0.059886 0.809478
v 0.075824 0.055011 0.804549
v 0.073100 0.049897 0.800418
v 0.069363 0.044739 0.797245
v 0.064756 0.039737 0.795151
v 0.059456 0.035082 0.794217
v 0.053666 0.030953 0.794479
v 0.047610 0.027510 0.795926
v 0.041519 0.024883 0.798503
v 0.035629 0.023175 0.802111
v 0.030164 0.022450 0.806611
v 0.025336 0.022737 0.811830
v 0.021330 0.024025 0.817569
v 0.018300 0.026264 0.823605
v 0.024928 0.035727 0.859157
v 0.031040 0.044163 0.864347
v 0.047015 0.057690 0.866488
v 0.053535 0.061387 0.864917
v 0.060127 0.064230 0.862127
v 0.066503 0.066079 0.858222
v 0.072417 0.066863 0.853351
v 0.077643 0.066553 0.847702
v 0.081979 0.065159 0.841491
v 0.085259 0.062735 0.834957
v 0.087357 0.059375 0.828351
v 0.088192 0.055208 0.821928
v 0.087732 0.050394 0.815934
v 0.085994 0.045117 0.810599
v 0.083046 0.039582 0.806128
v 0.079001 0.033999 0.802693
v 0.074014 0.028585 0.800427
v 0.068278 0.023546 0.799416
v 0.062011 0.019077 0.799699
v 0.055456 0.015350 0.801265
v 0.048863 0.012507 0.804055
v 0.042487 0.010657 0.807960
v 0.036573 0.009873 0.812831
v 0.031347 0.010184 0.818480
v 0.027011 0.011578 0.824691
v 0.031109 0.012445 0.851167
v 0.055279 0.045801 0.871689
v 0.061381 0.049227 0.870256
v 0.067471 0.051854 0.867679
v 0.073362 0.053562 0.864071
v 0.078826 0.054287 0.859571
v 0.083654 0.053999 0.854352
v 0.087660 0.052712 0.848614
v 0.090690 0.050473 0.842577
v 0.092628 0.047368 0.836474
v 0.093399 0.043518 0.830540
v 0.092974 0.039071 0.825002
v 0.091369 0.034196 0.820073
v 0.088646 0.029081 0.815943
v 0.084909 0.023924 0.812770
v 0.080301 0.018922 0.810676
v 0.075001 0.014267 0.809742
v 0.069212 0.010138 0.810003
v 0.063155 0.006694 0.811450
v 0.057065 0.004067 0.814027
v 0.051174 0.002359 0.817635
v 0.045710 0.001634 0.822135
v 0.040882 0.001922 0.827355
v 0.065408 0.004861 0.850998
v 0.062742 0.002989 0.848616
v 0.061487 0.003917 0.851117
v 0.066522 0.004302 0.849133
v 0.060416 0.001363 0.845530
v 0.064402 0.002456 0.846239
v 0.068786 0.006248 0.851252
v 0.071635 0.008037 0.851864
v 0.069671 0.005964 0.849984
v 0.067921 0.004053 0.847398
v 0.070738 0.005900 0.848830
v 0.072210 0.007934 0.851151
v 0.069551 0.004122 0.845859
v 0.071946 0.006060 0.847836
v 0.072879 0.007963 0.850518
v 0.071349 0.004507 0.844575
v 0.073248 0.006438 0.847038
v 0.073618 0.008121 0.849991
v 0.073246 0.005194 0.843595
v 0.074594 0.007018 0.846469
v 0.074398 0.008403 0.849588
v 0.075170 0.006155 0.842958
v 0.075932 0.007780 0.846149
v 0.075188 0.008798 0.849326
v 0.077046 0.007354 0.842688
v 0.077212 0.008692 0.846091
v 0.075959 0.009291 0.849215
v 0.078802 0.008745 0.842794
v 0.078383 0.009721 0.846298
v 0.076681 0.009863 0.849259
v 0.080371 0.010275 0.843274
v 0.079401 0.010826 0.846760
v 0.077326 0.010491 0.849456
v 0.081692 0.011883 0.844108
v 0.080227 0.011966 0.847462
v 0.077869 0.011152 0.849799
v 0.082715 0.013510 0.845264
v 0.080829 0.013096 0.848374
v 0.078289 0.011821 0.850274
v 0.083401 0.015092 0.846699
v 0.081184 0.014174 0.849464
v 0.078571 0.012471 0.850864
v 0.083722 0.016568 0.848356
v 0.081278 0.015157 0.850688
v 0.078703 0.013078 0.851545
v 0.083667 0.017882 0.850173
v 0.081107 0.016008 0.851999
v 0.078681 0.013618 0.852291
v 0.083238 0.018983 0.852079
v 0.080679 0.016694 0.853348
v 0.078504 0.014070 0.853075
v 0.082451 0.019829 0.854001
v 0.080009 0.017188 0.854682
v 0.078181 0.014418 0.853865
v 0.081337 0.020388 0.855866
v 0.079124 0.017473 0.855950
v 0.077723 0.014647 0.854631
v 0.079938 0.020637 0.857601
v 0.078057 0.017536 0.857104
v 0.077148 0.014750 0.855344
v 0.078309 0.020568 0.859140
v 0.076850 0.017376 0.858098
v 0.076478 0.014721 0.855977
v 0.076510 0.020183 0.860424
v 0.075548 0.016999 0.858895
v 0.075739 0.014563 0.856504
v 0.074613 0.019496 0.861404
v 0.074202 0.016418 0.859465
v 0.074960 0.014281 0.856907
v 0.072690 0.018535 0.862041
v 0.072863 0.015657 0.859785
v 0.074169 0.013886 0.857169
v 0.070814 0.017336 0.862311
v 0.071584 0.014745 0.859843
v 0.073398 0.013393 0.857280
v 0.069058 0.015945 0.862205
v 0.070412 0.013716 0.859636
v 0.072677 0.012821 0.857236
v 0.067489 0.014416 0.861725
v 0.069394 0.012610 0.859173
v 0.072032 0.012193 0.857039
v 0.066167 0.012807 0.860891
v 0.068568 0.011471 0.858472
v 0.071489 0.011532 0.856696
v 0.065144 0.011180 0.859735
v 0.067966 0.010340 0.857559
v 0.071068 0.010863 0.856221
v 0.070787 0.010213 0.855631
v 0.064459 0.009598 0.858300
v 0.067612 0.009263 0.856470
v 0.064137 0.008122 0.856643
v 0.067518 0.008280 0.855246
v 0.070655 0.009607 0.854950
v 0.064192 0.006808 0.854826
v 0.067688 0.007429 0.853935
v 0.070677 0.009067 0.854204
v 0.064621 0.005707 0.852920
v 0.068116 0.006743 0.852586
v 0.070853 0.008614 0.853420
v 0.071177 0.008266 0.852630
v 0.045620 0.004283 0.850785
v 0.060684 0.005203 0.853644
v 0.045030 0.007230 0.855327
v 0.060365 0.006797 0.856103
v 0.045355 0.010634 0.859566
v 0.060541 0.008640 0.858397
v 0.046584 0.014365 0.863338
v 0.061206 0.010659 0.860438
v 0.048668 0.018279 0.866500
v 0.062334 0.012777 0.862149
v 0.051529 0.022227 0.868928
v 0.063882 0.014914 0.863463
v 0.055055 0.026055 0.870531
v 0.065790 0.016986 0.864331
v 0.059112 0.029618 0.871246
v 0.067986 0.018914 0.864718
v 0.063543 0.032778 0.871045
v 0.070384 0.020624 0.864609
v 0.068178 0.035414 0.869938
v 0.072893 0.022051 0.864010
v 0.072840 0.037424 0.867966
v 0.075415 0.023139 0.862943
v 0.077348 0.038732 0.865204
v 0.077855 0.023846 0.861448
v 0.081530 0.039286 0.861760
v 0.080119 0.024146 0.859584
v 0.085225 0.039067 0.857765
v 0.082119 0.024027 0.857422
v 0.088291 0.038081 0.853373
v 0.083778 0.023494 0.855045
v 0.090611 0.036367 0.848753
v 0.085033 0.022566 0.852545
v 0.092094 0.033991 0.844082
v 0.085836 0.021281 0.850017
v 0.092684 0.031045 0.839540
v 0.086155 0.019686 0.847559
v 0.092359 0.027641 0.835302
v 0.085979 0.017844 0.845265
v 0.091131 0.023910 0.831529
v 0.085314 0.015824 0.843223
v 0.089046 0.019995 0.828368
v 0.084186 0.013706 0.841512
v 0.086186 0.016048 0.825939
v 0.082638 0.011570 0.840198
v 0.082660 0.012219 0.824337
v 0.080730 0.009498 0.839331
v 0.078603 0.008656 0.823622
v 0.078534 0.007569 0.838944
v 0.074172 0.005496 0.823822
v 0.076136 0.005859 0.839052
v 0.069536 0.002861 0.824930
v 0.073628 0.004433 0.839652
v 0.064875 0.000850 0.826902
v 0.071105 0.003345 0.840719
v 0.060366 -0.000457 0.829663
v 0.068665 0.002637 0.842213
v 0.056184 -0.001012 0.833108
v 0.066402 0.002337 0.844077
v 0.043083 0.040244 0.870834
v 0.043993 0.044109 0.870616
v 0.042087 0.046820 0.869629
v 0.042566 0.043543 0.870398
v 0.042695 0.040259 0.870751
v 0.041725 0.046544 0.869582
v 0.042427 0.041720 0.870554
v 0.041704 0.050237 0.868486
v 0.039374 0.052253 0.866849
v 0.040719 0.049567 0.868391
v 0.039016 0.051955 0.866809
v 0.040571 0.047814 0.868807
v 0.030126 0.022912 0.860079
v 0.027158 0.023764 0.857582
v 0.025454 0.024088 0.855767
v 0.027733 0.023072 0.857804
v 0.030272 0.022565 0.859958
v 0.025384 0.023768 0.855447
v 0.027840 0.021817 0.856901
v 0.022755 0.026843 0.853529
v 0.021418 0.027669 0.851867
v 0.023259 0.025471 0.853566
v 0.021334 0.027356 0.851531
v 0.023146 0.024625 0.852729
v 0.038188 0.054946 0.864975
v 0.035352 0.055838 0.862903
v 0.037299 0.054146 0.864976
v 0.035011 0.055535 0.862876
v 0.037301 0.052804 0.865555
v 0.033817 0.057735 0.860453
v 0.030541 0.057037 0.858309
v 0.032858 0.056543 0.860703
v 0.030413 0.056706 0.858485
v 0.033087 0.055872 0.861300
v 0.019533 0.031830 0.850227
v 0.018739 0.033079 0.849061
v 0.019839 0.030050 0.850152
v 0.018648 0.032787 0.848721
v 0.019629 0.029334 0.849218
v 0.017980 0.037907 0.848151
v 0.017843 0.039359 0.847813
v 0.018024 0.036072 0.848109
v 0.017730 0.039358 0.847433
v 0.017664 0.035443 0.846738
v 0.018775 0.046025 0.848114
v 0.017804 0.043517 0.846426
v 0.018083 0.042655 0.847803
v 0.018847 0.045735 0.848466
v 0.018423 0.043267 0.848430
v 0.021529 0.051620 0.850379
v 0.019837 0.049578 0.848299
v 0.019998 0.048838 0.849267
v 0.021611 0.051336 0.850744
v 0.020750 0.049245 0.850443
v 0.025615 0.055464 0.853921
v 0.023299 0.054356 0.851239
v 0.023481 0.053645 0.852224
v 0.025703 0.055196 0.854287
v 0.024552 0.053838 0.853659
v 0.027879 0.057421 0.854981
v 0.028015 0.056362 0.856236
v 0.029254 0.056378 0.857564
v 0.034760 0.024427 0.864358
v 0.031152 0.023248 0.861142
v 0.032573 0.023253 0.862273
v 0.035117 0.024143 0.864433
v 0.033776 0.022131 0.862376
v 0.038823 0.028289 0.867933
v 0.035551 0.025807 0.865376
v 0.037075 0.025972 0.866321
v 0.039177 0.027988 0.868004
v 0.038031 0.025215 0.866468
v 0.041616 0.033888 0.870179
v 0.039306 0.030402 0.868643
v 0.040558 0.030779 0.869278
v 0.041957 0.033582 0.870241
v 0.041494 0.029994 0.869408
v 0.041820 0.036368 0.870453
v 0.042505 0.036960 0.870706
v 0.043851 0.036035 0.870931
v 0.044762 0.031252 0.870579
v 0.048248 0.036649 0.871735
v 0.045112 0.048488 0.869952
v 0.048462 0.042088 0.871633
v 0.037900 0.041679 0.868730
v 0.040369 0.035494 0.869808
v 0.041499 0.026141 0.868272
v 0.037121 0.029849 0.867401
v 0.037990 0.021907 0.864830
v 0.033152 0.025535 0.863680
v 0.034903 0.018232 0.860404
v 0.026244 0.025287 0.857303
v 0.030906 0.017859 0.856727
v 0.025318 0.021172 0.853147
v 0.041690 0.054030 0.866913
v 0.033918 0.047191 0.865525
v 0.037789 0.058293 0.862640
v 0.030216 0.051968 0.861056
v 0.022026 0.029316 0.853467
v 0.020989 0.025461 0.849337
v 0.019150 0.034785 0.850218
v 0.017996 0.030977 0.845834
v 0.033964 0.061502 0.857154
v 0.027944 0.051887 0.858959
v 0.029966 0.061128 0.853478
v 0.025115 0.057559 0.850959
v 0.023468 0.046831 0.855879
v 0.021178 0.053350 0.847979
v 0.020183 0.041177 0.852369
v 0.018343 0.048214 0.845210
v 0.016621 0.042712 0.842147
v 0.016407 0.037273 0.842248
v 0.035523 0.041544 0.867574
v 0.035500 0.038654 0.867711
v 0.030982 0.035930 0.864747
v 0.031328 0.033147 0.864629
v 0.027421 0.030361 0.860694
v 0.031407 0.046926 0.863944
v 0.027482 0.049390 0.859704
v 0.026723 0.041296 0.861042
v 0.023245 0.043972 0.856557
v 0.023177 0.035568 0.856956
v 0.026703 0.038558 0.861175
v 0.028736 0.041363 0.862901
v 0.041886 0.044090 0.870087
v 0.039466 0.049905 0.867718
v 0.028986 0.023170 0.859142
v 0.024332 0.025404 0.855019
v 0.035772 0.054240 0.864014
v 0.031421 0.056456 0.859564
v 0.020590 0.029742 0.851367
v 0.018358 0.035546 0.848794
v 0.018005 0.040853 0.848013
v 0.019659 0.047086 0.849505
v 0.022958 0.052292 0.852317
v 0.027408 0.055667 0.856059
v 0.032835 0.023969 0.862824
v 0.037098 0.027355 0.866768
v 0.040443 0.032558 0.869530
v 0.042402 0.038774 0.870694
v 0.040448 0.044889 0.869362
v 0.037875 0.038589 0.868876
v 0.033811 0.032981 0.866208
v 0.030114 0.027879 0.862287
v 0.027842 0.027798 0.860189
v 0.037285 0.050375 0.866423
v 0.033354 0.054388 0.862278
v 0.023361 0.032622 0.856562
v 0.020158 0.038087 0.852516
v 0.026444 0.054140 0.855902
v 0.022190 0.049842 0.852490
v 0.019227 0.044180 0.849774
v 0.019182 0.041120 0.850322
v 0.018418 0.037917 0.848956
v 0.018443 0.040937 0.848814
v 0.019155 0.037915 0.850474
v 0.021932 0.047020 0.853369
v 0.020357 0.044192 0.851807
v 0.020591 0.047074 0.851094
v 0.021716 0.044071 0.854157
v 0.025989 0.051965 0.856589
v 0.023811 0.049613 0.854964
v 0.024235 0.052102 0.854187
v 0.025590 0.049418 0.857446
v 0.031232 0.055602 0.859837
v 0.028497 0.053975 0.858232
v 0.029011 0.055522 0.857787
v 0.030854 0.054060 0.860406
v 0.021644 0.035298 0.854573
v 0.020468 0.031990 0.851809
v 0.020281 0.034978 0.852243
v 0.021812 0.032235 0.854071
v 0.025490 0.030149 0.858413
v 0.024053 0.027189 0.855389
v 0.023669 0.029749 0.855926
v 0.025847 0.027525 0.857802
v 0.035328 0.052498 0.864426
v 0.032042 0.049648 0.863401
v 0.032766 0.052207 0.862843
v 0.034684 0.050000 0.865000
v 0.038913 0.047697 0.868006
v 0.035887 0.044499 0.867241
v 0.036541 0.047513 0.866855
v 0.038332 0.044754 0.868402
v 0.030679 0.025724 0.861804
v 0.028775 0.024048 0.859300
v 0.028323 0.025640 0.859629
v 0.030996 0.024128 0.861351
v 0.034542 0.030135 0.865962
v 0.032623 0.027768 0.864056
v 0.031941 0.030380 0.864368
v 0.035145 0.027586 0.865628
v 0.038255 0.035541 0.868839
v 0.036421 0.032728 0.867557
v 0.035815 0.035726 0.867657
v 0.038789 0.032614 0.868722
v 0.041590 0.041733 0.870181
v 0.039995 0.038580 0.869714
v 0.040021 0.041784 0.869562
v 0.041565 0.038713 0.870324
v 0.024888 0.041227 0.859004
v 0.023127 0.038413 0.857005
v 0.023149 0.041177 0.856873
v 0.024866 0.038487 0.859134
v 0.029196 0.046790 0.862158
v 0.026907 0.044014 0.860718
v 0.027164 0.046717 0.860282
v 0.028923 0.044085 0.862579
v 0.028876 0.035887 0.862986
v 0.027109 0.033081 0.860982
v 0.026860 0.035817 0.861126
v 0.029142 0.033153 0.862858
v 0.033179 0.041457 0.866135
v 0.030895 0.038674 0.864701
v 0.030917 0.041415 0.864570
v 0.033156 0.038693 0.866266
v 0.061496 0.001097 0.844092
v 0.055511 -0.000535 0.839502
v 0.063959 0.000950 0.841429
v 0.058826 -0.000732 0.835918
v 0.066747 0.001320 0.839133
v 0.062578 -0.000235 0.832828
v 0.069753 0.002192 0.837292
v 0.066623 0.000939 0.830350
v 0.072861 0.003532 0.835977
v 0.070805 0.002742 0.828581
v 0.075951 0.005289 0.835239
v 0.074964 0.005107 0.827587
v 0.078905 0.007396 0.835105
v 0.078939 0.007942 0.827407
v 0.081609 0.009771 0.835582
v 0.082579 0.011138 0.828049
v 0.083960 0.012323 0.836650
v 0.085742 0.014573 0.829487
v 0.085867 0.014955 0.838269
v 0.088308 0.018115 0.831665
v 0.087256 0.017564 0.840377
v 0.090179 0.021627 0.834502
v 0.088075 0.020052 0.842892
v 0.091281 0.024974 0.837886
v 0.088292 0.022321 0.845717
v 0.091573 0.028028 0.841689
v 0.087899 0.024286 0.848745
v 0.091043 0.030672 0.845764
v 0.086910 0.025869 0.851859
v 0.089712 0.032803 0.849954
v 0.085364 0.027012 0.854939
v 0.087631 0.034340 0.854099
v 0.083320 0.027669 0.857867
v 0.084881 0.035225 0.858039
v 0.080856 0.027815 0.860530
v 0.081566 0.035422 0.861623
v 0.078068 0.027446 0.862826
v 0.077813 0.034924 0.864713
v 0.075063 0.026574 0.864667
v 0.073769 0.033751 0.867191
v 0.071955 0.025234 0.865982
v 0.069587 0.031948 0.868960
v 0.068865 0.023477 0.866720
v 0.065428 0.029583 0.869954
v 0.065911 0.021370 0.866854
v 0.061452 0.026748 0.870134
v 0.063207 0.018995 0.866377
v 0.057813 0.023552 0.869492
v 0.060856 0.016442 0.865309
v 0.054649 0.020117 0.868054
v 0.058949 0.013811 0.863690
v 0.052083 0.016575 0.865876
v 0.057559 0.011201 0.861582
v 0.050213 0.013063 0.863039
v 0.056740 0.008714 0.859067
v 0.049111 0.009716 0.859655
v 0.056523 0.006445 0.856242
v 0.048819 0.006662 0.855852
v 0.056917 0.004480 0.853214
v 0.049349 0.004018 0.851777
v 0.057906 0.002896 0.850100
v 0.050679 0.001887 0.847587
v 0.059452 0.001754 0.847020
v 0.052760 0.000349 0.843442
v 0.043599 0.002279 0.844517
v 0.046135 0.000406 0.839466
v 0.049487 -0.000672 0.834665
v 0.039831 0.001921 0.835245
v 0.043655 0.000692 0.829767
v 0.053526 -0.000912 0.830298
v 0.048264 0.000418 0.824785
v 0.058098 -0.000306 0.826532
v 0.053480 0.001109 0.820489
v 0.063027 0.001124 0.823514
v 0.059103 0.002740 0.817045
v 0.068123 0.003321 0.821357
v 0.064917 0.005247 0.814585
v 0.073190 0.006203 0.820147
v 0.070698 0.008535 0.813204
v 0.078034 0.009657 0.819928
v 0.076225 0.012476 0.812954
v 0.082469 0.013552 0.820709
v 0.081284 0.016919 0.813846
v 0.086324 0.017738 0.822461
v 0.085682 0.021695 0.815845
v 0.089451 0.022053 0.825116
v 0.089250 0.026618 0.818873
v 0.091729 0.026332 0.828572
v 0.091849 0.031500 0.822816
v 0.093072 0.030411 0.832696
v 0.093382 0.036153 0.827521
v 0.093428 0.034132 0.837330
v 0.093787 0.040399 0.832808
v 0.092783 0.037353 0.842295
v 0.093051 0.044074 0.838473
v 0.091161 0.039951 0.847401
v 0.091201 0.047037 0.844298
v 0.088626 0.041824 0.852452
v 0.088308 0.049175 0.850061
v 0.085274 0.042902 0.857253
v 0.084484 0.050404 0.855538
v 0.081234 0.043142 0.861620
v 0.079876 0.050678 0.860521
v 0.076662 0.042536 0.865385
v 0.074660 0.049987 0.864816
v 0.071734 0.041106 0.868404
v 0.069037 0.048356 0.868260
v 0.066638 0.038908 0.870560
v 0.063223 0.045848 0.870720
v 0.061569 0.036027 0.871771
v 0.057408 0.042570 0.872092
v 0.056693 0.032581 0.871980
v 0.052265 0.028674 0.871199
v 0.048462 0.024464 0.869460
v 0.045342 0.020157 0.866810
v 0.043027 0.015924 0.863355
v 0.041672 0.011850 0.859226
v 0.041332 0.008099 0.854588
v 0.034335 0.010728 0.852501
v 0.041978 0.004876 0.849623
v 0.035088 0.007021 0.846833
v 0.036938 0.004058 0.841007
v 0.028944 0.010371 0.843515
v 0.030952 0.007156 0.837194
v 0.034090 0.004837 0.830941
v 0.025870 0.011453 0.833222
v 0.029134 0.009041 0.826720
v 0.038240 0.003503 0.824998
v 0.033449 0.007654 0.820539
v 0.038650 0.007345 0.814917
v 0.043241 0.003205 0.819591
v 0.048900 0.003956 0.814930
v 0.044536 0.008125 0.810069
v 0.055002 0.005725 0.811193
v 0.050881 0.009965 0.806183
v 0.061310 0.008446 0.808524
v 0.057442 0.012795 0.803407
v 0.067583 0.012013 0.807025
v 0.063966 0.016504 0.801848
v 0.073580 0.016290 0.806754
v 0.070202 0.020952 0.801567
v 0.079070 0.021111 0.807722
v 0.075911 0.025966 0.802573
v 0.083842 0.026293 0.809891
v 0.080874 0.031354 0.804828
v 0.087713 0.031635 0.813177
v 0.084900 0.036910 0.808246
v 0.090534 0.036932 0.817455
v 0.087833 0.042419 0.812695
v 0.092196 0.041981 0.822561
v 0.089562 0.047670 0.818005
v 0.092637 0.046588 0.828297
v 0.090020 0.052461 0.823970
v 0.091838 0.050576 0.834444
v 0.089189 0.056608 0.830362
v 0.089830 0.053791 0.840765
v 0.087102 0.059952 0.836936
v 0.086692 0.056110 0.847017
v 0.083838 0.062364 0.843438
v 0.082542 0.057444 0.852961
v 0.079522 0.063751 0.849620
v 0.077542 0.057741 0.858367
v 0.074322 0.064060 0.855242
v 0.071882 0.056991 0.863028
v 0.068436 0.063280 0.860089
v 0.065781 0.055221 0.866765
v 0.062091 0.061440 0.863976
v 0.059472 0.052501 0.869434
v 0.055530 0.058610 0.866751
v 0.053172 0.048960 0.870921
v 0.049031 0.054935 0.868309
v 0.034298 0.040085 0.866965
v 0.030031 0.034543 0.863837
v 0.028119 0.014386 0.849650
v 0.022937 0.018923 0.846154
v 0.023782 0.014797 0.839796
v 0.018967 0.024239 0.842189
v 0.019801 0.020128 0.835820
v 0.021888 0.016785 0.829246
v 0.017152 0.026161 0.831739
v 0.019160 0.022945 0.825418
v 0.025153 0.014373 0.822744
v 0.022299 0.020626 0.819165
v 0.029468 0.012986 0.816563
v 0.026448 0.019292 0.813222
v 0.034668 0.012676 0.810940
v 0.031449 0.018995 0.807815
v 0.040554 0.013457 0.806093
v 0.037108 0.019746 0.803154
v 0.046899 0.015297 0.802207
v 0.043210 0.021515 0.799417
v 0.053460 0.018126 0.799431
v 0.049518 0.024236 0.796748
v 0.059984 0.021836 0.797872
v 0.055791 0.027803 0.795249
v 0.066220 0.026283 0.797590
v 0.061788 0.032079 0.794978
v 0.071930 0.031298 0.798596
v 0.067278 0.036901 0.795946
v 0.076892 0.036686 0.800852
v 0.072050 0.042082 0.798114
v 0.080918 0.042241 0.804270
v 0.075921 0.047424 0.801401
v 0.083852 0.047751 0.808719
v 0.078742 0.052722 0.805679
v 0.085581 0.053002 0.814028
v 0.080404 0.057771 0.810785
v 0.086039 0.057793 0.819994
v 0.080845 0.062378 0.816521
v 0.085208 0.061940 0.826386
v 0.080046 0.066365 0.822668
v 0.083120 0.065283 0.832960
v 0.078038 0.069581 0.828989
v 0.079856 0.067695 0.839462
v 0.074900 0.071900 0.835241
v 0.075541 0.069082 0.845643
v 0.070750 0.073234 0.841185
v 0.070340 0.069392 0.851266
v 0.065750 0.073531 0.846591
v 0.064454 0.068611 0.856113
v 0.060090 0.072781 0.851252
v 0.058109 0.066771 0.859999
v 0.053989 0.071011 0.854989
v 0.051549 0.063942 0.862775
v 0.047680 0.068290 0.857658
v 0.045061 0.060251 0.864345
v 0.041419 0.064697 0.859184
v 0.030091 0.045484 0.863290
v 0.025762 0.039893 0.860123
v 0.016367 0.030123 0.837913
v 0.015215 0.036329 0.833407
v 0.015939 0.032662 0.827709
v 0.015563 0.042604 0.828854
v 0.016207 0.039383 0.823887
v 0.017789 0.029699 0.821884
v 0.017829 0.036786 0.818781
v 0.020682 0.027562 0.816122
v 0.020364 0.034913 0.813730
v 0.024506 0.026332 0.810644
v 0.023716 0.033835 0.808929
v 0.029115 0.026058 0.805662
v 0.027756 0.033595 0.804562
v 0.034331 0.026750 0.801366
v 0.032328 0.034201 0.800797
v 0.039954 0.028381 0.797922
v 0.037256 0.035630 0.797778
v 0.045768 0.030888 0.795462
v 0.042352 0.037828 0.795622
v 0.051549 0.034176 0.794080
v 0.047420 0.040709 0.794411
v 0.057076 0.038117 0.793831
v 0.052264 0.044164 0.794192
v 0.062135 0.042560 0.794723
v 0.056699 0.048059 0.794974
v 0.066533 0.047335 0.796721
v 0.060553 0.052244 0.796726
v 0.070100 0.052259 0.799750
v 0.063680 0.056560 0.799381
v 0.072700 0.057141 0.803693
v 0.065959 0.060839 0.802836
v 0.074232 0.061794 0.808398
v 0.067302 0.064917 0.806961
v 0.074638 0.066040 0.813685
v 0.067658 0.068639 0.811594
v 0.073902 0.069715 0.819349
v 0.067012 0.071860 0.816560
v 0.072052 0.072678 0.825175
v 0.065391 0.074457 0.821666
v 0.069159 0.074816 0.830937
v 0.062855 0.076331 0.826716
v 0.065335 0.076045 0.836415
v 0.059504 0.077408 0.831518
v 0.060727 0.076319 0.841397
v 0.055464 0.077649 0.835885
v 0.055510 0.075627 0.845693
v 0.050892 0.077042 0.839650
v 0.049887 0.073997 0.849137
v 0.045963 0.075613 0.842669
v 0.044074 0.071489 0.851597
v 0.040868 0.073415 0.844825
v 0.038288 0.068172 0.852998
v 0.035800 0.070533 0.846036
v 0.030951 0.067049 0.846273
v 0.026511 0.063159 0.845479
v 0.022657 0.059018 0.843689
v 0.019536 0.054711 0.841039
v 0.017273 0.050409 0.837635
v 0.015930 0.046319 0.833519
v 0.018812 0.055110 0.831681
v 0.017710 0.051763 0.828296
v 0.017418 0.048709 0.824493
v 0.020915 0.056685 0.823290
v 0.020698 0.054415 0.820465
v 0.017947 0.046065 0.820418
v 0.021091 0.052451 0.817437
v 0.019278 0.043933 0.816228
v 0.022080 0.050867 0.814323
v 0.021359 0.042396 0.812083
v 0.023626 0.049725 0.811243
v 0.024110 0.041512 0.808143
v 0.025671 0.049068 0.808315
v 0.027425 0.041315 0.804559
v 0.028134 0.048921 0.805652
v 0.031177 0.041812 0.801469
v 0.030922 0.049291 0.803356
v 0.035222 0.042985 0.798991
v 0.033927 0.050163 0.801515
v 0.039404 0.044789 0.797222
v 0.037035 0.051503 0.800200
v 0.043562 0.047153 0.796228
v 0.040125 0.053260 0.799462
v 0.047538 0.049989 0.796049
v 0.043079 0.055366 0.799328
v 0.051177 0.053185 0.796690
v 0.045784 0.057742 0.799805
v 0.054341 0.056620 0.798128
v 0.048134 0.060294 0.800873
v 0.056907 0.060161 0.800306
v 0.050041 0.062926 0.802492
v 0.058777 0.063673 0.803143
v 0.051431 0.065535 0.804600
v 0.059879 0.067020 0.806527
v 0.052250 0.068022 0.807115
v 0.060171 0.070075 0.810330
v 0.052467 0.070292 0.809940
v 0.059642 0.072718 0.814405
v 0.052073 0.072256 0.812968
v 0.058311 0.074850 0.818595
v 0.051084 0.073840 0.816082
v 0.056230 0.076387 0.822740
v 0.049538 0.074982 0.819162
v 0.053479 0.077271 0.826681
v 0.047494 0.075640 0.822090
v 0.050164 0.077469 0.830265
v 0.045031 0.075786 0.824753
v 0.046412 0.076971 0.833355
v 0.042243 0.075416 0.827049
v 0.042367 0.075798 0.835832
v 0.039237 0.074545 0.828890
v 0.038185 0.073994 0.837602
v 0.036130 0.073204 0.830205
v 0.034026 0.071630 0.838595
v 0.033039 0.071447 0.830943
v 0.030051 0.068795 0.838775
v 0.030085 0.069341 0.831077
v 0.026412 0.065598 0.838133
v 0.027381 0.066966 0.830600
v 0.023248 0.062163 0.836696
v 0.025030 0.064413 0.829532
v 0.020682 0.058622 0.834517
v 0.023123 0.061782 0.827913
v 0.021734 0.059172 0.825805
v 0.026741 0.064037 0.821541
v 0.025881 0.062424 0.820238
v 0.025375 0.060886 0.818683
v 0.029776 0.063681 0.815341
v 0.030015 0.064407 0.816076
v 0.038996 0.067657 0.811440
v 0.038881 0.068231 0.812324
v 0.031885 0.061412 0.810187
v 0.031166 0.061455 0.810965
v 0.030568 0.061647 0.811820
v 0.030116 0.061981 0.812720
v 0.029827 0.062443 0.813630
v 0.029712 0.063017 0.814515
v 0.030421 0.065170 0.816692
v 0.030978 0.065939 0.817165
v 0.031665 0.066685 0.817477
v 0.032456 0.067379 0.817616
v 0.033319 0.067995 0.817577
v 0.034222 0.068508 0.817361
v 0.035130 0.068900 0.816977
v 0.036008 0.069154 0.816439
v 0.036823 0.069262 0.815768
v 0.037543 0.069220 0.814990
v 0.038140 0.069028 0.814134
v 0.038592 0.068694 0.813234
v 0.038933 0.066994 0.810614
v 0.038693 0.066267 0.809879
v 0.038287 0.065504 0.809263
v 0.037730 0.064735 0.808790
v 0.037043 0.063989 0.808478
v 0.036253 0.063295 0.808339
v 0.035389 0.062680 0.808378
v 0.034486 0.062166 0.808593
v 0.033578 0.061775 0.808978
v 0.032700 0.061520 0.809515
v 0.029838 0.056087 0.807779
v 0.031562 0.056315 0.806359
v 0.033420 0.056854 0.805221
v 0.035341 0.057683 0.804409
v 0.037251 0.058769 0.803952
v 0.039077 0.060071 0.803870
v 0.040749 0.061540 0.804164
v 0.042203 0.063118 0.804825
v 0.043381 0.064744 0.805826
v 0.044240 0.066358 0.807128
v 0.044747 0.067895 0.808683
v 0.044881 0.069298 0.810430
v 0.044637 0.070513 0.812302
v 0.044026 0.071492 0.814227
v 0.043070 0.072198 0.816131
v 0.041807 0.072604 0.817941
v 0.040284 0.072695 0.819587
v 0.038560 0.072466 0.821007
v 0.036702 0.071927 0.822145
v 0.034781 0.071099 0.822958
v 0.032871 0.070013 0.823414
v 0.031044 0.068710 0.823497
v 0.029373 0.067242 0.823202
v 0.027919 0.065664 0.822542
v 0.025241 0.059483 0.816936
v 0.025484 0.058269 0.815064
v 0.026096 0.057290 0.813139
v 0.027051 0.056584 0.811235
v 0.028315 0.056177 0.809425
v 0.064964 0.005245 0.851955
v 0.065920 0.004538 0.850051
v 0.067184 0.004132 0.848241
v 0.070850 0.007709 0.852048
v 0.071447 0.007517 0.851192
v 0.068706 0.004042 0.846595
v 0.072167 0.007474 0.850414
v 0.070430 0.004270 0.845175
v 0.072982 0.007582 0.849743
v 0.072288 0.004809 0.844037
v 0.073860 0.007837 0.849205
v 0.074209 0.005638 0.843224
v 0.074768 0.008228 0.848821
v 0.076120 0.006724 0.842768
v 0.075671 0.008742 0.848605
v 0.077946 0.008026 0.842685
v 0.076535 0.009358 0.848566
v 0.079618 0.009495 0.842980
v 0.077325 0.010052 0.848705
v 0.081071 0.011072 0.843641
v 0.078012 0.010797 0.849018
v 0.082250 0.012699 0.844641
v 0.078569 0.011566 0.849491
v 0.083109 0.014313 0.845944
v 0.078975 0.012329 0.850106
v 0.083615 0.015850 0.847499
v 0.079214 0.013056 0.850841
v 0.083749 0.017253 0.849246
v 0.079278 0.013719 0.851667
v 0.083506 0.018468 0.851118
v 0.079163 0.014293 0.852552
v 0.082895 0.019447 0.853043
v 0.078874 0.014756 0.853462
v 0.081939 0.020153 0.854947
v 0.078422 0.015090 0.854362
v 0.080675 0.020559 0.856757
v 0.077825 0.015282 0.855217
v 0.079152 0.020650 0.858403
v 0.077105 0.015325 0.855996
v 0.077429 0.020421 0.859823
v 0.076290 0.015217 0.856667
v 0.075571 0.019882 0.860961
v 0.075412 0.014962 0.857205
v 0.073649 0.019054 0.861774
v 0.074504 0.014570 0.857589
v 0.071739 0.017967 0.862230
v 0.073601 0.014057 0.857805
v 0.069913 0.016665 0.862313
v 0.072738 0.013441 0.857844
v 0.068241 0.015197 0.862018
v 0.071947 0.012747 0.857704
v 0.066788 0.013619 0.861357
v 0.071260 0.012001 0.857392
v 0.065609 0.011992 0.860357
v 0.070703 0.011232 0.856919
v 0.064750 0.010379 0.859054
v 0.070297 0.010470 0.856303
v 0.070058 0.009743 0.855568
v 0.064244 0.008841 0.857499
v 0.064109 0.007438 0.855752
v 0.069994 0.009080 0.854743
v 0.064353 0.006224 0.853880
v 0.070109 0.008506 0.853858
v 0.070398 0.008043 0.852948
v 0.042822 0.043643 0.870444
v 0.042435 0.043407 0.870382
v 0.040924 0.049719 0.868416
v 0.040531 0.049391 0.868369
v 0.027786 0.023189 0.857944
v 0.027750 0.022843 0.857648
v 0.023319 0.025638 0.853755
v 0.023223 0.025291 0.853387
v 0.037491 0.054317 0.864987
v 0.037098 0.053988 0.864941
v 0.033025 0.056761 0.860660
v 0.032708 0.056432 0.860668
v 0.019886 0.030234 0.850327
v 0.019790 0.029889 0.849958
v 0.018059 0.036214 0.848230
v 0.017953 0.035962 0.847864
v 0.018024 0.042782 0.847557
v 0.018113 0.042536 0.847933
v 0.019957 0.048999 0.849064
v 0.020039 0.048668 0.849455
v 0.023435 0.053799 0.852017
v 0.023541 0.053501 0.852429
v 0.028008 0.056560 0.856034
v 0.028058 0.056262 0.856378
v 0.032434 0.023359 0.862235
v 0.032764 0.023044 0.862277
v 0.036874 0.026125 0.866268
v 0.037276 0.025809 0.866359
v 0.040376 0.030958 0.869242
v 0.040754 0.030609 0.869313
v 0.042380 0.037085 0.870680
v 0.042748 0.036823 0.870754
v 0.046299 0.033998 0.871261
v 0.046626 0.045375 0.870935
v 0.051141 0.038826 0.872125
v 0.042095 0.040237 0.870495
v 0.043178 0.028611 0.869582
v 0.039602 0.033978 0.869307
v 0.039758 0.023891 0.866678
v 0.036138 0.028638 0.866535
v 0.036269 0.020157 0.862745
v 0.032059 0.024756 0.862524
v 0.034360 0.015667 0.857876
v 0.027907 0.019542 0.855042
v 0.043481 0.051389 0.868607
v 0.039705 0.046368 0.868719
v 0.039778 0.056348 0.864909
v 0.036314 0.051519 0.865439
v 0.026620 0.028948 0.859316
v 0.023009 0.023137 0.851225
v 0.022464 0.033941 0.855580
v 0.019306 0.028095 0.847527
v 0.035786 0.059889 0.860110
v 0.032276 0.055071 0.861056
v 0.032666 0.063565 0.853674
v 0.027422 0.059274 0.852409
v 0.026715 0.050680 0.858208
v 0.023027 0.055594 0.849458
v 0.022557 0.045467 0.855032
v 0.019606 0.050874 0.846553
v 0.019622 0.039580 0.851432
v 0.017393 0.045433 0.843894
v 0.017068 0.034056 0.844217
v 0.015884 0.040406 0.839426
v 0.018770 0.042550 0.849253
v 0.018146 0.039399 0.848389
v 0.018719 0.036361 0.849545
v 0.021326 0.048471 0.851743
v 0.019870 0.045703 0.850410
v 0.020902 0.042658 0.853273
v 0.025275 0.053163 0.854999
v 0.023196 0.051052 0.853331
v 0.024494 0.048141 0.856677
v 0.030248 0.056100 0.858664
v 0.027725 0.054907 0.856856
v 0.029347 0.053001 0.859689
v 0.020853 0.036670 0.853557
v 0.019768 0.033313 0.850996
v 0.021180 0.030634 0.852589
v 0.024387 0.031366 0.857500
v 0.023020 0.028171 0.854427
v 0.025086 0.026193 0.856307
v 0.034387 0.053489 0.863409
v 0.031119 0.050837 0.862273
v 0.032971 0.048441 0.864501
v 0.038154 0.049056 0.867276
v 0.034894 0.045867 0.866421
v 0.036886 0.043115 0.868033
v 0.029215 0.026735 0.861012
v 0.027508 0.024592 0.858322
v 0.029993 0.023536 0.860220
v 0.032864 0.031667 0.865325
v 0.031024 0.029105 0.863382
v 0.034197 0.026519 0.864717
v 0.036837 0.037127 0.868317
v 0.034801 0.034340 0.866969
v 0.038008 0.031219 0.868123
v 0.041066 0.043302 0.869833
v 0.038940 0.040156 0.869269
v 0.041013 0.037114 0.870127
v 0.024035 0.042571 0.857849
v 0.022287 0.039769 0.855872
v 0.023991 0.037066 0.858112
v 0.028318 0.048092 0.860993
v 0.026043 0.045341 0.859554
v 0.027791 0.042692 0.861845
v 0.027756 0.037223 0.862115
v 0.025983 0.034400 0.860100
v 0.028267 0.031761 0.861844
v 0.032082 0.042818 0.865279
v 0.029785 0.040022 0.863837
v 0.032038 0.037313 0.865541
s 1
usemtl White
f 572 571 1
f 3 1731 572
f 1731 434 1361
f 571 1361 2
f 573 670 4
f 1 1732 573
f 1732 2 668
f 670 668 96
f 575 574 5
f 6 1733 575
f 1733 3 572
f 574 572 1
f 576 1513 7
f 5 1734 576
f 1734 1 573
f 1513 573 4
f 578 577 8
f 9 1735 578
f 1735 6 575
f 577 575 5
f 579 1511 10
f 8 1736 579
f 1736 5 576
f 1511 576 7
f 581 580 11
f 12 1737 581
f 1737 9 578
f 580 578 8
f 582 1509 13
f 11 1738 582
f 1738 8 579
f 1509 579 10
f 584 583 14
f 15 1739 584
f 1739 12 581
f 583 581 11
f 585 1507 16
f 14 1740 585
f 1740 11 582
f 1507 582 13
f 587 586 17
f 18 1741 587
f 1741 15 584
f 586 584 14
f 588 1505 19
f 17 1742 588
f 1742 14 585
f 1505 585 16
f 590 589 20
f 21 1743 590
f 1743 18 587
f 589 587 17
f 591 1503 22
f 20 1744 591
f 1744 17 588
f 1503 588 19
f 593 592 23
f 24 1745 593
f 1745 21 590
f 592 590 20
f 594 1501 25
f 23 1746 594
f 1746 20 591
f 1501 591 22
f 596 595 26
f 27 1747 596
f 1747 24 593
f 595 593 23
f 597 1499 28
f 26 1748 597
f 1748 23 594
f 1499 594 25
f 599 598 29
f 30 1749 599
f 1749 27 596
f 598 596 26
f 600 1497 31
f 29 1750 600
f 1750 26 597
f 1497 597 28
f 602 601 32
f 33 1751 602
f 1751 30 599
f 601 599 29
f 603 1495 34
f 32 1752 603
f 1752 29 600
f 1495 600 31
f 605 604 35
f 36 1753 605
f 1753 33 602
f 604 602 32
f 606 1493 37
f 35 1754 606
f 1754 32 603
f 1493 603 34
f 608 607 38
f 39 1755 608
f 1755 36 605
f 607 605 35
f 609 1491 40
f 38 1756 609
f 1756 35 606
f 1491 606 37
f 611 610 41
f 42 1757 611
f 1757 39 608
f 610 608 38
f 612 1489 43
f 41 1758 612
f 1758 38 609
f 1489 609 40
f 614 613 44
f 45 1759 614
f 1759 42 611
f 613 611 41
f 615 1487 46
f 44 1760 615
f 1760 41 612
f 1487 612 43
f 617 616 47
f 48 1761 617
f 1761 45 614
f 616 614 44
f 618 1485 49
f 47 1762 618
f 1762 44 615
f 1485 615 46
f 620 619 50
f 51 1763 620
f 1763 48 617
f 619 617 47
f 621 1483 52
f 50 1764 621
f 1764 47 618
f 1483 618 49
f 623 622 53
f 54 1765 623
f 1765 51 620
f 622 620 50
f 624 1481 55
f 53 1766 624
f 1766 50 621
f 1481 621 52
f 626 625 56
f 57 1767 626
f 1767 54 623
f 625 623 53
f 627 1479 58
f 56 1768 627
f 1768 53 624
f 1479 624 55
f 629 628 59
f 60 1769 629
f 1769 57 626
f 628 626 56
f 630 1477 61
f 59 1770 630
f 1770 56 627
f 1477 627 58
f 632 631 62
f 63 1771 632
f 1771 60 629
f 631 629 59
f 633 1475 64
f 62 1772 633
f 1772 59 630
f 1475 630 61
f 635 634 65
f 66 1773 635
f 1773 63 632
f 634 632 62
f 636 1473 67
f 65 1774 636
f 1774 62 633
f 1473 633 64
f 638 637 68
f 69 1775 638
f 1775 66 635
f 637 635 65
f 639 1471 70
f 68 1776 639
f 1776 65 636
f 1471 636 67
f 641 640 71
f 72 1777 641
f 1777 69 638
f 640 638 68
f 642 1469 73
f 71 1778 642
f 1778 68 639
f 1469 639 70
f 644 643 74
f 75 1779 644
f 1779 72 641
f 643 641 71
f 645 1467 76
f 74 1780 645
f 1780 71 642
f 1467 642 73
f 647 646 77
f 78 1781 647
f 1781 75 644
f 646 644 74
f 648 1465 79
f 77 1782 648
f 1782 74 645
f 1465 645 76
f 650 649 80
f 81 1783 650
f 1783 78 647
f 649 647 77
f 651 1463 82
f 80 1784 651
f 1784 77 648
f 1463 648 79
f 653 652 83
f 84 1785 653
f 1785 81 650
f 652 650 80
f 654 1461 85
f 83 1786 654
f 1786 80 651
f 1461 651 82
f 656 655 86
f 87 1787 656
f 1787 84 653
f 655 653 83
f 657 1459 88
f 86 1788 657
f 1788 83 654
f 1459 654 85
f 659 658 89
f 90 1789 659
f 1789 87 656
f 658 656 86
f 660 1457 91
f 89 1790 660
f 1790 86 657
f 1457 657 88
f 662 661 92
f 93 1791 662
f 1791 90 659
f 661 659 89
f 663 667 94
f 92 1792 663
f 1792 89 660
f 667 660 91
f 1361 664 2
f 434 1793 1361
f 1793 93 662
f 664 662 92
f 668 666 96
f 2 1794 668
f 1794 92 663
f 666 663 94
f 665 758 95
f 94 1795 665
f 1795 91 756
f 758 756 152
f 669 673 97
f 96 1796 669
f 1796 94 665
f 673 665 95
f 674 672 99
f 4 1797 674
f 1797 96 669
f 672 669 97
f 677 676 101
f 7 1800 677
f 1800 4 674
f 676 674 99
f 680 679 103
f 10 1802 680
f 1802 7 677
f 679 677 101
f 683 682 105
f 13 1804 683
f 1804 10 680
f 682 680 103
f 686 685 107
f 16 1806 686
f 1806 13 683
f 685 683 105
f 689 688 109
f 19 1808 689
f 1808 16 686
f 688 686 107
f 692 691 111
f 22 1810 692
f 1810 19 689
f 691 689 109
f 695 694 113
f 25 1812 695
f 1812 22 692
f 694 692 111
f 698 697 115
f 28 1814 698
f 1814 25 695
f 697 695 113
f 701 700 117
f 31 1816 701
f 1816 28 698
f 700 698 115
f 704 703 119
f 34 1818 704
f 1818 31 701
f 703 701 117
f 707 706 121
f 37 1820 707
f 1820 34 704
f 706 704 119
f 710 709 123
f 40 1822 710
f 1822 37 707
f 709 707 121
f 713 712 125
f 43 1824 713
f 1824 40 710
f 712 710 123
f 716 715 127
f 46 1826 716
f 1826 43 713
f 715 713 125
f 719 718 129
f 49 1828 719
f 1828 46 716
f 718 716 127
f 722 721 131
f 52 1830 722
f 1830 49 719
f 721 719 129
f 725 724 133
f 55 1832 725
f 1832 52 722
f 724 722 131
f 728 727 135
f 58 1834 728
f 1834 55 725
f 727 725 133
f 731 730 137
f 61 1836 731
f 1836 58 728
f 730 728 135
f 734 733 139
f 64 1838 734
f 1838 61 731
f 733 731 137
f 737 736 141
f 67 1840 737
f 1473 734 1840
f 1840 139 736
f 740 739 143
f 70 1842 740
f 1471 737 1842
f 1842 141 739
f 144 1843 741
f 742 1469 1843
f 1469 740 1843
f 1843 143 741
f 145 1844 743
f 744 1467 1844
f 1844 73 742
f 743 742 144
f 746 745 146
f 79 1845 746
f 1465 744 1845
f 1845 145 745
f 147 1846 747
f 748 1463 1846
f 1463 746 1846
f 1846 146 747
f 148 1847 749
f 750 1461 1847
f 1847 82 748
f 749 748 147
f 150 1848 752
f 753 1459 1848
f 1848 85 750
f 752 750 148
f 756 755 152
f 91 1850 756
f 1850 88 753
f 755 753 150
f 570 1902 1727
f 1730 1628 1902
f 1902 204 1627
f 1727 1627 515
f 569 1903 1723
f 518 1903 1726
f 1630 1629 1903
f 1723 1629 517
f 1722 1719 568
f 526 1958 1722
f 1310 1632 1958
f 1958 520 1719
f 1718 1715 567
f 525 1959 1718
f 1637 1634 1959
f 1959 522 1715
f 940 1033 274
f 273 1963 940
f 942 1031 1963
f 1963 336 1033
f 276 1964 1284
f 944 941 1964
f 941 940 1964
f 1964 274 1284
f 278 1966 1283
f 947 945 1966
f 945 944 1966
f 1966 276 1283
f 280 1968 1282
f 950 948 1968
f 948 947 1968
f 1968 278 1282
f 282 1970 1281
f 953 951 1970
f 951 950 1970
f 1970 280 1281
f 284 1972 1280
f 956 954 1972
f 954 953 1972
f 1972 282 1280
f 286 1974 1279
f 959 957 1974
f 957 956 1974
f 1974 284 1279
f 288 1976 1278
f 962 960 1976
f 960 959 1976
f 1976 286 1278
f 290 1978 1277
f 965 963 1978
f 963 962 1978
f 1978 288 1277
f 292 1980 1276
f 968 966 1980
f 966 965 1980
f 1980 290 1276
f 294 1982 1275
f 971 969 1982
f 969 968 1982
f 1982 292 1275
f 296 1984 1274
f 974 972 1984
f 972 971 1984
f 1984 294 1274
f 298 1986 1273
f 977 975 1986
f 975 974 1986
f 1986 296 1273
f 300 1988 1272
f 980 978 1988
f 978 977 1988
f 1988 298 1272
f 302 1990 1271
f 983 981 1990
f 981 980 1990
f 1990 300 1271
f 304 1992 1270
f 986 984 1992
f 984 983 1992
f 1992 302 1270
f 306 1994 1269
f 989 987 1994
f 987 986 1994
f 1994 304 1269
f 308 1996 1268
f 992 990 1996
f 990 989 1996
f 1996 306 1268
f 310 1998 1267
f 995 993 1998
f 993 992 1998
f 1998 308 1267
f 312 2000 1266
f 998 996 2000
f 996 995 2000
f 2000 310 1266
f 314 2002 1265
f 1001 999 2002
f 999 998 2002
f 2002 312 1265
f 316 2004 1264
f 1004 1002 2004
f 1002 1001 2004
f 2004 314 1264
f 318 2006 1263
f 1007 1005 2006
f 1005 1004 2006
f 2006 316 1263
f 320 2008 1262
f 1010 1008 2008
f 1008 1007 2008
f 2008 318 1262
f 322 2010 1261
f 1013 1011 2010
f 1011 1010 2010
f 2010 320 1261
f 324 2012 1260
f 1016 1014 2012
f 2012 321 1013
f 1260 1013 322
f 326 2013 1259
f 1018 1017 2013
f 2013 323 1016
f 1259 1016 324
f 1020 1258 328
f 327 2014 1020
f 2014 325 1018
f 1258 1018 326
f 1022 1257 330
f 329 2015 1022
f 1021 1020 2015
f 2015 328 1257
f 332 2016 1256
f 1024 1023 2016
f 2016 329 1022
f 1256 1022 330
f 1026 1030 334
f 333 2017 1026
f 2017 331 1024
f 1030 1024 332
f 1031 1029 336
f 271 2018 1031
f 1027 1026 2018
f 2018 334 1029
f 335 2019 1126
f 1028 1030 2019
f 1030 1124 2019
f 2019 397 1126
f 337 2020 1036
f 1032 1029 2020
f 1029 1028 2020
f 2020 335 1036
f 339 2021 1035
f 1037 1033 2021
f 1033 1032 2021
f 2021 337 1035
f 338 2022 1132
f 1034 1036 2022
f 1036 1130 2022
f 2022 400 1132
f 340 2023 1255
f 1038 1035 2023
f 1035 1034 2023
f 2023 338 1255
f 341 2024 1039
f 1040 1284 2024
f 1284 1037 2024
f 2024 339 1039
f 342 2025 1254
f 1041 1039 2025
f 1039 1038 2025
f 2025 340 1254
f 343 2026 1042
f 1043 1283 2026
f 1283 1040 2026
f 2026 341 1042
f 344 2027 1253
f 1044 1042 2027
f 1042 1041 2027
f 2027 342 1253
f 345 2028 1045
f 1046 1282 2028
f 1282 1043 2028
f 2028 343 1045
f 346 2029 1252
f 1047 1045 2029
f 1045 1044 2029
f 2029 344 1252
f 347 2030 1048
f 1049 1281 2030
f 1281 1046 2030
f 2030 345 1048
f 348 2031 1251
f 1050 1048 2031
f 1048 1047 2031
f 2031 346 1251
f 349 2032 1051
f 1052 1280 2032
f 1280 1049 2032
f 2032 347 1051
f 350 2033 1250
f 1053 1051 2033
f 1051 1050 2033
f 2033 348 1250
f 351 2034 1054
f 1055 1279 2034
f 1279 1052 2034
f 2034 349 1054
f 352 2035 1249
f 1056 1054 2035
f 1054 1053 2035
f 2035 350 1249
f 353 2036 1057
f 1058 1278 2036
f 1278 1055 2036
f 2036 351 1057
f 354 2037 1248
f 1059 1057 2037
f 1057 1056 2037
f 2037 352 1248
f 355 2038 1060
f 1061 1277 2038
f 1277 1058 2038
f 2038 353 1060
f 356 2039 1247
f 1062 1060 2039
f 1060 1059 2039
f 2039 354 1247
f 357 2040 1063
f 1064 1276 2040
f 1276 1061 2040
f 2040 355 1063
f 358 2041 1246
f 1065 1063 2041
f 1063 1062 2041
f 2041 356 1246
f 359 2042 1066
f 1067 1275 2042
f 1275 1064 2042
f 2042 357 1066
f 360 2043 1245
f 1068 1066 2043
f 1066 1065 2043
f 2043 358 1245
f 361 2044 1069
f 1070 1274 2044
f 1274 1067 2044
f 2044 359 1069
f 362 2045 1244
f 1071 1069 2045
f 1069 1068 2045
f 2045 360 1244
f 363 2046 1072
f 1073 1273 2046
f 1273 1070 2046
f 2046 361 1072
f 364 2047 1243
f 1074 1072 2047
f 1072 1071 2047
f 2047 362 1243
f 365 2048 1075
f 1076 1272 2048
f 1272 1073 2048
f 2048 363 1075
f 366 2049 1242
f 1077 1075 2049
f 1075 1074 2049
f 2049 364 1242
f 367 2050 1078
f 1079 1271 2050
f 1271 1076 2050
f 2050 365 1078
f 368 2051 1241
f 1080 1078 2051
f 1078 1077 2051
f 2051 366 1241
f 369 2052 1081
f 1082 1270 2052
f 1270 1079 2052
f 2052 367 1081
f 370 2053 1240
f 1083 1081 2053
f 1081 1080 2053
f 2053 368 1240
f 371 2054 1084
f 1085 1269 2054
f 1269 1082 2054
f 2054 369 1084
f 372 2055 1239
f 1086 1084 2055
f 1084 1083 2055
f 2055 370 1239
f 373 2056 1087
f 1088 1268 2056
f 1268 1085 2056
f 2056 371 1087
f 374 2057 1238
f 1089 1087 2057
f 1087 1086 2057
f 2057 372 1238
f 375 2058 1090
f 1091 1267 2058
f 1267 1088 2058
f 2058 373 1090
f 376 2059 1237
f 1092 1090 2059
f 1090 1089 2059
f 2059 374 1237
f 377 2060 1093
f 1094 1266 2060
f 1266 1091 2060
f 2060 375 1093
f 378 2061 1236
f 1095 1093 2061
f 1093 1092 2061
f 2061 376 1236
f 379 2062 1096
f 1097 1265 2062
f 1265 1094 2062
f 2062 377 1096
f 380 2063 1235
f 1098 1096 2063
f 1096 1095 2063
f 2063 378 1235
f 381 2064 1099
f 1100 1264 2064
f 1264 1097 2064
f 2064 379 1099
f 382 2065 1234
f 1101 1099 2065
f 1099 1098 2065
f 2065 380 1234
f 383 2066 1102
f 1103 1263 2066
f 1263 1100 2066
f 2066 381 1102
f 384 2067 1233
f 1104 1102 2067
f 1102 1101 2067
f 2067 382 1233
f 385 2068 1105
f 1106 1262 2068
f 1262 1103 2068
f 2068 383 1105
f 386 2069 1232
f 1107 1105 2069
f 1105 1104 2069
f 2069 384 1232
f 387 2070 1108
f 1109 1261 2070
f 1261 1106 2070
f 2070 385 1108
f 388 2071 1231
f 1110 1108 2071
f 1108 1107 2071
f 2071 386 1231
f 389 2072 1111
f 1112 1260 2072
f 1260 1109 2072
f 2072 387 1111
f 390 2073 1230
f 1113 1111 2073
f 1111 1110 2073
f 2073 388 1230
f 391 2074 1114
f 1115 1259 2074
f 1259 1112 2074
f 2074 389 1114
f 392 2075 1229
f 1116 1114 2075
f 1114 1113 2075
f 2075 390 1229
f 393 2076 1117
f 1118 1258 2076
f 1258 1115 2076
f 2076 391 1117
f 394 2077 1228
f 1119 1117 2077
f 1117 1116 2077
f 2077 392 1228
f 395 2078 1120
f 1121 1257 2078
f 1257 1118 2078
f 2078 393 1120
f 396 2079 1227
f 1122 1120 2079
f 1120 1119 2079
f 2079 394 1227
f 397 2080 1123
f 1124 1256 2080
f 1256 1121 2080
f 2080 395 1123
f 398 2081 1129
f 1125 1123 2081
f 1123 1122 2081
f 2081 396 1129
f 400 2082 1128
f 1130 1126 2082
f 1126 1125 2082
f 2082 398 1128
f 1127 1214 399
f 398 2083 1127
f 2083 396 1213
f 1214 1213 410
f 1131 1134 401
f 400 2084 1131
f 2084 398 1127
f 1134 1127 399
f 1226 1133 402
f 338 2085 1226
f 2085 400 1131
f 1133 1131 401
f 1142 1135 403
f 402 2086 1142
f 401 2086 1133
f 1135 1143 403
f 401 2087 1135
f 399 2087 1134
f 1136 1156 403
f 404 2088 1136
f 422 2088 1189
f 1155 1136 403
f 421 2089 1155
f 404 2089 1192
f 1166 1137 403
f 432 2090 1166
f 405 2090 1169
f 1137 1138 403
f 405 2091 1137
f 406 2091 1223
f 1138 1139 403
f 406 2092 1138
f 407 2092 1221
f 1139 1140 403
f 407 2093 1139
f 408 2093 1219
f 1140 1141 403
f 408 2094 1140
f 409 2094 1216
f 1141 1142 403
f 409 2095 1141
f 402 2095 1217
f 1143 1144 403
f 399 2096 1143
f 410 2096 1214
f 1144 1145 403
f 410 2097 1144
f 411 2097 1212
f 1145 1146 403
f 411 2098 1145
f 412 2098 1210
f 1146 1147 403
f 412 2099 1146
f 413 2099 1208
f 1147 1148 403
f 413 2100 1147
f 414 2100 1206
f 1148 1149 403
f 414 2101 1148
f 415 2101 1204
f 1149 1150 403
f 415 2102 1149
f 416 2102 1202
f 1150 1151 403
f 416 2103 1150
f 417 2103 1200
f 1151 1152 403
f 417 2104 1151
f 418 2104 1198
f 1152 1153 403
f 418 2105 1152
f 419 2105 1196
f 1153 1154 403
f 419 2106 1153
f 420 2106 1194
f 1154 1155 403
f 420 2107 1154
f 421 2107 1191
f 1156 1157 403
f 422 2108 1156
f 423 2108 1187
f 1157 1158 403
f 423 2109 1157
f 424 2109 1185
f 1158 1159 403
f 424 2110 1158
f 425 2110 1183
f 1159 1160 403
f 425 2111 1159
f 426 2111 1181
f 1160 1161 403
f 426 2112 1160
f 427 2112 1179
f 1161 1162 403
f 427 2113 1161
f 428 2113 1177
f 1162 1163 403
f 428 2114 1162
f 429 2114 1175
f 1163 1164 403
f 429 2115 1163
f 430 2115 1173
f 1164 1165 403
f 430 2116 1164
f 431 2116 1171
f 1165 1166 403
f 431 2117 1165
f 432 2117 1168
f 1167 1169 432
f 350 2118 1167
f 2118 348 1224
f 1169 1224 405
f 1170 1168 431
f 352 2119 1170
f 2119 350 1167
f 1168 1167 432
f 1172 1171 430
f 354 2120 1172
f 2120 352 1170
f 1171 1170 431
f 1174 1173 429
f 356 2121 1174
f 2121 354 1172
f 1173 1172 430
f 1176 1175 428
f 358 2122 1176
f 2122 356 1174
f 1175 1174 429
f 1178 1177 427
f 360 2123 1178
f 2123 358 1176
f 1177 1176 428
f 1180 1179 426
f 362 2124 1180
f 2124 360 1178
f 1179 1178 427
f 1182 1181 425
f 364 2125 1182
f 2125 362 1180
f 1181 1180 426
f 1184 1183 424
f 366 2126 1184
f 2126 364 1182
f 1183 1182 425
f 1186 1185 423
f 368 2127 1186
f 2127 366 1184
f 1185 1184 424
f 1188 1187 422
f 370 2128 1188
f 2128 368 1186
f 1187 1186 423
f 1225 1189 404
f 372 2129 1225
f 2129 370 1188
f 1189 1188 422
f 1190 1192 421
f 374 2130 1190
f 2130 372 1225
f 1192 1225 404
f 1193 1191 420
f 376 2131 1193
f 2131 374 1190
f 1191 1190 421
f 1195 1194 419
f 378 2132 1195
f 2132 376 1193
f 1194 1193 420
f 1197 1196 418
f 380 2133 1197
f 2133 378 1195
f 1196 1195 419
f 1199 1198 417
f 382 2134 1199
f 2134 380 1197
f 1198 1197 418
f 1201 1200 416
f 384 2135 1201
f 2135 382 1199
f 1200 1199 417
f 1203 1202 415
f 386 2136 1203
f 2136 384 1201
f 1202 1201 416
f 1205 1204 414
f 388 2137 1205
f 2137 386 1203
f 1204 1203 415
f 1207 1206 413
f 390 2138 1207
f 2138 388 1205
f 1206 1205 414
f 1209 1208 412
f 392 2139 1209
f 2139 390 1207
f 1208 1207 413
f 1211 1210 411
f 394 2140 1211
f 2140 392 1209
f 1210 1209 412
f 1213 1212 410
f 396 2141 1213
f 2141 394 1211
f 1212 1211 411
f 1215 1217 409
f 340 2142 1215
f 2142 338 1226
f 1217 1226 402
f 1218 1216 408
f 342 2143 1218
f 2143 340 1215
f 1216 1215 409
f 1220 1219 407
f 344 2144 1220
f 2144 342 1218
f 1219 1218 408
f 1222 1221 406
f 346 2145 1222
f 2145 344 1220
f 1221 1220 407
f 1224 1223 405
f 348 2146 1224
f 2146 346 1222
f 1223 1222 406
f 93 2147 1359
f 1357 1454 2147
f 1454 1453 2147
f 2147 90 1359
f 434 2148 1358
f 1360 1363 2148
f 1363 1357 2148
f 2148 93 1358
f 3 2149 1362
f 1366 1365 2149
f 1365 1360 2149
f 2149 434 1362
f 435 2150 1363
f 1456 1364 436
f 433 2150 1456
f 437 2151 1365
f 1364 1368 436
f 435 2151 1364
f 6 2152 1514
f 1369 1367 2152
f 1367 1366 2152
f 2152 3 1514
f 438 2153 1367
f 1368 1371 436
f 437 2153 1368
f 9 2154 1512
f 1372 1370 2154
f 1370 1369 2154
f 2154 6 1512
f 439 2155 1370
f 1371 1374 436
f 438 2155 1371
f 12 2156 1510
f 1375 1373 2156
f 1373 1372 2156
f 2156 9 1510
f 440 2157 1373
f 1374 1377 436
f 439 2157 1374
f 15 2158 1508
f 1378 1376 2158
f 1376 1375 2158
f 2158 12 1508
f 441 2159 1376
f 1377 1380 436
f 440 2159 1377
f 18 2160 1506
f 1381 1379 2160
f 1379 1378 2160
f 2160 15 1506
f 442 2161 1379
f 1380 1383 436
f 441 2161 1380
f 21 2162 1504
f 1384 1382 2162
f 1382 1381 2162
f 2162 18 1504
f 443 2163 1382
f 1383 1386 436
f 442 2163 1383
f 24 2164 1502
f 1387 1385 2164
f 1385 1384 2164
f 2164 21 1502
f 444 2165 1385
f 1386 1389 436
f 443 2165 1386
f 27 2166 1500
f 1390 1388 2166
f 1388 1387 2166
f 2166 24 1500
f 445 2167 1388
f 1389 1392 436
f 444 2167 1389
f 30 2168 1498
f 1393 1391 2168
f 1391 1390 2168
f 2168 27 1498
f 446 2169 1391
f 1392 1395 436
f 445 2169 1392
f 33 2170 1496
f 1396 1394 2170
f 1394 1393 2170
f 2170 30 1496
f 447 2171 1394
f 1395 1398 436
f 446 2171 1395
f 36 2172 1494
f 1399 1397 2172
f 1397 1396 2172
f 2172 33 1494
f 448 2173 1397
f 1398 1401 436
f 447 2173 1398
f 39 2174 1492
f 1402 1400 2174
f 1400 1399 2174
f 2174 36 1492
f 449 2175 1400
f 1401 1404 436
f 448 2175 1401
f 42 2176 1490
f 1405 1403 2176
f 1403 1402 2176
f 2176 39 1490
f 450 2177 1403
f 1404 1407 436
f 449 2177 1404
f 45 2178 1488
f 1408 1406 2178
f 1406 1405 2178
f 2178 42 1488
f 451 2179 1406
f 1407 1410 436
f 450 2179 1407
f 48 2180 1486
f 1411 1409 2180
f 1409 1408 2180
f 2180 45 1486
f 452 2181 1409
f 1410 1413 436
f 451 2181 1410
f 51 2182 1484
f 1414 1412 2182
f 1412 1411 2182
f 2182 48 1484
f 453 2183 1412
f 1413 1416 436
f 452 2183 1413
f 54 2184 1482
f 1417 1415 2184
f 1415 1414 2184
f 2184 51 1482
f 454 2185 1415
f 1416 1419 436
f 453 2185 1416
f 57 2186 1480
f 1420 1418 2186
f 1418 1417 2186
f 2186 54 1480
f 455 2187 1418
f 1419 1422 436
f 454 2187 1419
f 60 2188 1478
f 1423 1421 2188
f 1421 1420 2188
f 2188 57 1478
f 456 2189 1421
f 1422 1425 436
f 455 2189 1422
f 63 2190 1476
f 1426 1424 2190
f 1424 1423 2190
f 2190 60 1476
f 457 2191 1424
f 1425 1428 436
f 456 2191 1425
f 66 2192 1474
f 1429 1427 2192
f 1427 1426 2192
f 2192 63 1474
f 458 2193 1427
f 1428 1431 436
f 457 2193 1428
f 69 2194 1472
f 1432 1430 2194
f 1430 1429 2194
f 2194 66 1472
f 459 2195 1430
f 1431 1434 436
f 458 2195 1431
f 72 2196 1470
f 1435 1433 2196
f 1433 1432 2196
f 2196 69 1470
f 460 2197 1433
f 1434 1437 436
f 459 2197 1434
f 75 2198 1468
f 1438 1436 2198
f 1436 1435 2198
f 2198 72 1468
f 461 2199 1436
f 1437 1440 436
f 460 2199 1437
f 78 2200 1466
f 1441 1439 2200
f 1439 1438 2200
f 2200 75 1466
f 462 2201 1439
f 1440 1443 436
f 461 2201 1440
f 81 2202 1464
f 1445 1442 2202
f 1442 1441 2202
f 2202 78 1464
f 463 2203 1442
f 1443 1444 436
f 462 2203 1443
f 464 2204 1446
f 1444 1449 436
f 463 2204 1444
f 84 2205 1462
f 1447 1446 2205
f 1446 1445 2205
f 2205 81 1462
f 87 2206 1460
f 1450 1448 2206
f 1448 1447 2206
f 2206 84 1460
f 465 2207 1448
f 1449 1452 436
f 464 2207 1449
f 90 2208 1458
f 1453 1451 2208
f 1451 1450 2208
f 2208 87 1458
f 466 2209 1451
f 1452 1455 436
f 465 2209 1452
f 433 2210 1454
f 1455 1456 436
f 466 2210 1455
f 469 2212 1519
f 1520 1518 484
f 1639 1520 483
f 527 2212 1639
f 1519 1521 467
f 484 2214 1520
f 1525 1524 487
f 1640 1525 486
f 528 2214 1640
f 1520 1526 483
f 1641 1527 479
f 529 2215 1641
f 1529 1528 488
f 1530 1529 490
f 481 2215 1530
f 1642 1529 488
f 530 2217 1642
f 1535 1534 491
f 1536 1535 493
f 490 2217 1536
f 1541 1525 487
f 496 2220 1541
f 1643 1542 495
f 531 2220 1643
f 1525 1543 486
f 1546 1542 496
f 499 2222 1546
f 1644 1547 498
f 532 2222 1644
f 1542 1548 495
f 1645 1535 491
f 533 2223 1645
f 1550 1549 509
f 511 2223 1550
f 1535 1551 493
f 1646 1550 509
f 534 2225 1646
f 1555 1554 512
f 514 2225 1555
f 1550 1556 511
f 1561 1562 508
f 514 2228 1561
f 1647 1555 512
f 535 2228 1647
f 1562 1563 506
f 1566 1567 505
f 508 2230 1566
f 1648 1562 506
f 536 2230 1648
f 1567 1568 503
f 502 2232 1572
f 1567 1571 505
f 1649 1567 503
f 537 2232 1649
f 1572 1573 500
f 499 2234 1547
f 1572 1575 502
f 1650 1572 500
f 538 2234 1650
f 1547 1576 498
f 1651 1577 477
f 539 2235 1651
f 1527 1578 479
f 481 2235 1527
f 1577 1579 478
f 1652 1582 474
f 540 2237 1652
f 1577 1583 477
f 478 2237 1577
f 1582 1584 475
f 1653 1587 471
f 541 2239 1653
f 1582 1588 474
f 1589 1582 475
f 472 2239 1589
f 1654 1519 467
f 542 2241 1654
f 1587 1592 471
f 1593 1587 472
f 469 2241 1593
f 566 2246 1711
f 1714 1654 2246
f 2246 467 1521
f 1711 1521 527
f 565 2248 1707
f 1710 1653 2248
f 2248 471 1600
f 1707 1600 544
f 1706 1703 564
f 540 2250 1706
f 2250 474 1602
f 2250 545 1703
f 1702 1699 563
f 539 2252 1702
f 1651 1604 2252
f 2252 546 1699
f 562 2256 1695
f 1698 1655 2256
f 2256 483 1526
f 1695 1526 528
f 1694 1691 561
f 548 2258 1694
f 2258 486 1543
f 2258 531 1691
f 1690 1687 560
f 547 2259 1690
f 1659 1631 2259
f 2259 519 1687
f 559 2261 1683
f 1686 1662 2261
f 2261 209 1636
f 1683 1636 524
f 1682 1679 558
f 549 2264 1682
f 1661 1548 2264
f 2264 532 1679
f 1678 1675 557
f 521 2267 1678
f 1633 1618 2267
f 2267 552 1675
f 556 2269 1671
f 1674 1635 2269
f 2269 267 1621
f 1671 1621 553
f 555 2271 1667
f 1670 1663 2271
f 2271 268 1623
f 1667 1623 554
f 535 2275 1563
f 1669 1667 2275
f 2275 554 1666
f 1563 1666 506
f 512 2276 1647
f 1554 1668 2276
f 2276 555 1669
f 1647 1669 535
f 534 2277 1668
f 1646 1615 2277
f 2277 551 1670
f 1668 1670 555
f 536 2278 1568
f 1673 1671 2278
f 2278 553 1665
f 2278 503 1568
f 506 2279 1648
f 1666 1672 2279
f 2279 556 1673
f 1648 1673 536
f 554 2280 1672
f 1623 930 2280
f 2280 523 1674
f 1672 1674 556
f 1677 1573 537
f 557 2281 1677
f 1675 1664 2281
f 2281 500 1573
f 503 2282 1649
f 553 2282 1665
f 1676 1677 2282
f 2282 537 1649
f 1621 1676 553
f 267 2283 1621
f 928 1678 2283
f 2283 557 1676
f 1681 1576 538
f 558 2284 1681
f 1679 1644 2284
f 2284 498 1576
f 1664 1650 500
f 552 2285 1664
f 1680 1681 2285
f 2285 538 1650
f 1618 1680 552
f 266 2286 1618
f 1612 1682 2286
f 2286 558 1680
f 551 2287 1663
f 1685 1683 2287
f 2287 524 931
f 1663 931 268
f 509 2288 1615
f 1549 1684 2288
f 2288 559 1685
f 1615 1685 551
f 533 2289 1684
f 491 2289 1645
f 2289 550 1686
f 1684 1686 559
f 1689 1662 550
f 560 2290 1689
f 1687 840 2290
f 2290 209 1662
f 491 2291 1613
f 530 2291 1534
f 1688 1689 2291
f 2291 550 1613
f 1642 1688 530
f 488 2292 1642
f 1606 1690 2292
f 2292 560 1688
f 1693 1661 549
f 561 2293 1693
f 1691 1643 2293
f 2293 495 1661
f 927 1612 266
f 520 2294 927
f 1692 1693 2294
f 2294 549 1612
f 1632 1692 520
f 205 2295 1632
f 1610 1694 2295
f 2295 561 1692
f 548 2296 1660
f 1697 1695 2296
f 2296 528 1640
f 2296 486 1660
f 205 2297 1610
f 836 1696 2297
f 2297 562 1697
f 1610 1697 548
f 515 2298 1696
f 1627 1599 2298
f 2298 543 1698
f 1696 1698 562
f 1701 1659 547
f 563 2299 1701
f 1699 1658 2299
f 2299 208 1659
f 1528 1606 488
f 529 2300 1528
f 1700 1701 2300
f 2300 547 1606
f 1641 1700 529
f 479 2301 1641
f 1578 1702 2301
f 2301 563 1700
f 1705 1630 518
f 564 2302 1705
f 1703 1657 2302
f 2302 206 1630
f 1658 839 208
f 546 2303 1658
f 1704 1705 2303
f 2303 518 839
f 1604 1704 546
f 477 2304 1604
f 1583 1706 2304
f 2304 564 1704
f 516 2305 1628
f 1709 1707 2305
f 2305 544 1656
f 1628 1656 204
f 206 2306 837
f 1657 1708 2306
f 2306 565 1709
f 837 1709 516
f 545 2307 1708
f 474 2307 1602
f 2307 541 1710
f 1708 1710 565
f 543 2308 1655
f 1713 1711 2308
f 2308 527 1639
f 1655 1639 483
f 204 2309 1599
f 1656 1712 2309
f 2309 566 1713
f 1599 1713 543
f 544 2310 1712
f 1600 1592 2310
f 2310 542 1714
f 1712 1714 566
f 523 2311 1635
f 567 2311 1717
f 1715 929 2311
f 1635 929 267
f 268 2312 930
f 931 1716 2312
f 2312 567 1717
f 930 1717 523
f 524 2313 1716
f 1636 1309 2313
f 2313 525 1718
f 1716 1718 567
f 1721 1633 521
f 568 2314 1721
f 1719 927 2314
f 2314 266 1633
f 929 928 267
f 929 1720 2315
f 2315 568 1721
f 2315 521 928
f 522 2316 1720
f 1634 1638 2316
f 2316 526 1722
f 1720 1722 568
f 525 2317 1637
f 1725 1723 2317
f 2317 517 838
f 1637 838 207
f 840 1309 209
f 519 2318 840
f 1724 1725 2318
f 2318 525 1309
f 1631 1724 519
f 208 2319 1631
f 839 1726 2319
f 2319 569 1724
f 526 2320 1310
f 1729 1727 2320
f 2320 515 836
f 1310 836 205
f 838 1638 207
f 517 2321 838
f 1728 1729 2321
f 2321 526 1638
f 1629 1728 517
f 1629 837 2322
f 2322 516 1730
f 2322 570 1728
f 572 1731 571
f 3 1362 1731
f 1731 1362 434
f 571 1731 1361
f 573 1732 670
f 1 571 1732
f 1732 571 2
f 670 1732 668
f 575 1733 574
f 6 1514 1733
f 1733 1514 3
f 574 1733 572
f 576 1734 1513
f 5 574 1734
f 1734 574 1
f 1513 1734 573
f 578 1735 577
f 9 1512 1735
f 1735 1512 6
f 577 1735 575
f 579 1736 1511
f 8 577 1736
f 1736 577 5
f 1511 1736 576
f 581 1737 580
f 12 1510 1737
f 1737 1510 9
f 580 1737 578
f 582 1738 1509
f 11 580 1738
f 1738 580 8
f 1509 1738 579
f 584 1739 583
f 15 1508 1739
f 1739 1508 12
f 583 1739 581
f 585 1740 1507
f 14 583 1740
f 1740 583 11
f 1507 1740 582
f 587 1741 586
f 18 1506 1741
f 1741 1506 15
f 586 1741 584
f 588 1742 1505
f 17 586 1742
f 1742 586 14
f 1505 1742 585
f 590 1743 589
f 21 1504 1743
f 1743 1504 18
f 589 1743 587
f 591 1744 1503
f 20 589 1744
f 1744 589 17
f 1503 1744 588
f 593 1745 592
f 24 1502 1745
f 1745 1502 21
f 592 1745 590
f 594 1746 1501
f 23 592 1746
f 1746 592 20
f 1501 1746 591
f 596 1747 595
f 27 1500 1747
f 1747 1500 24
f 595 1747 593
f 597 1748 1499
f 26 595 1748
f 1748 595 23
f 1499 1748 594
f 599 1749 598
f 30 1498 1749
f 1749 1498 27
f 598 1749 596
f 600 1750 1497
f 29 598 1750
f 1750 598 26
f 1497 1750 597
f 602 1751 601
f 33 1496 1751
f 1751 1496 30
f 601 1751 599
f 603 1752 1495
f 32 601 1752
f 1752 601 29
f 1495 1752 600
f 605 1753 604
f 36 1494 1753
f 1753 1494 33
f 604 1753 602
f 606 1754 1493
f 35 604 1754
f 1754 604 32
f 1493 1754 603
f 608 1755 607
f 39 1492 1755
f 1755 1492 36
f 607 1755 605
f 609 1756 1491
f 38 607 1756
f 1756 607 35
f 1491 1756 606
f 611 1757 610
f 42 1490 1757
f 1757 1490 39
f 610 1757 608
f 612 1758 1489
f 41 610 1758
f 1758 610 38
f 1489 1758 609
f 614 1759 613
f 45 1488 1759
f 1759 1488 42
f 613 1759 611
f 615 1760 1487
f 44 613 1760
f 1760 613 41
f 1487 1760 612
f 617 1761 616
f 48 1486 1761
f 1761 1486 45
f 616 1761 614
f 618 1762 1485
f 47 616 1762
f 1762 616 44
f 1485 1762 615
f 620 1763 619
f 51 1484 1763
f 1763 1484 48
f 619 1763 617
f 621 1764 1483
f 50 619 1764
f 1764 619 47
f 1483 1764 618
f 623 1765 622
f 54 1482 1765
f 1765 1482 51
f 622 1765 620
f 624 1766 1481
f 53 622 1766
f 1766 622 50
f 1481 1766 621
f 626 1767 625
f 57 1480 1767
f 1767 1480 54
f 625 1767 623
f 627 1768 1479
f 56 625 1768
f 1768 625 53
f 1479 1768 624
f 629 1769 628
f 60 1478 1769
f 1769 1478 57
f 628 1769 626
f 630 1770 1477
f 59 628 1770
f 1770 628 56
f 1477 1770 627
f 632 1771 631
f 63 1476 1771
f 1771 1476 60
f 631 1771 629
f 633 1772 1475
f 62 631 1772
f 1772 631 59
f 1475 1772 630
f 635 1773 634
f 66 1474 1773
f 1773 1474 63
f 634 1773 632
f 636 1774 1473
f 65 634 1774
f 1774 634 62
f 1473 1774 633
f 638 1775 637
f 69 1472 1775
f 1775 1472 66
f 637 1775 635
f 639 1776 1471
f 68 637 1776
f 1776 637 65
f 1471 1776 636
f 641 1777 640
f 72 1470 1777
f 1777 1470 69
f 640 1777 638
f 642 1778 1469
f 71 640 1778
f 1778 640 68
f 1469 1778 639
f 644 1779 643
f 75 1468 1779
f 1779 1468 72
f 643 1779 641
f 645 1780 1467
f 74 643 1780
f 1780 643 71
f 1467 1780 642
f 647 1781 646
f 78 1466 1781
f 1781 1466 75
f 646 1781 644
f 648 1782 1465
f 77 646 1782
f 1782 646 74
f 1465 1782 645
f 650 1783 649
f 81 1464 1783
f 1783 1464 78
f 649 1783 647
f 651 1784 1463
f 80 649 1784
f 1784 649 77
f 1463 1784 648
f 653 1785 652
f 84 1462 1785
f 1785 1462 81
f 652 1785 650
f 654 1786 1461
f 83 652 1786
f 1786 652 80
f 1461 1786 651
f 656 1787 655
f 87 1460 1787
f 1787 1460 84
f 655 1787 653
f 657 1788 1459
f 86 655 1788
f 1788 655 83
f 1459 1788 654
f 659 1789 658
f 90 1458 1789
f 1789 1458 87
f 658 1789 656
f 660 1790 1457
f 89 658 1790
f 1790 658 86
f 1457 1790 657
f 662 1791 661
f 93 1359 1791
f 1791 1359 90
f 661 1791 659
f 663 1792 667
f 92 661 1792
f 1792 661 89
f 667 1792 660
f 1361 1793 664
f 434 1358 1793
f 1793 1358 93
f 664 1793 662
f 668 1794 666
f 2 664 1794
f 1794 664 92
f 666 1794 663
f 665 1795 758
f 94 667 1795
f 1795 667 91
f 758 1795 756
f 669 1796 673
f 96 666 1796
f 1796 666 94
f 673 1796 665
f 674 1797 672
f 4 670 1797
f 1797 670 96
f 672 1797 669
f 677 1800 676
f 7 1513 1800
f 1800 1513 4
f 676 1800 674
f 680 1802 679
f 10 1511 1802
f 1802 1511 7
f 679 1802 677
f 683 1804 682
f 13 1509 1804
f 1804 1509 10
f 682 1804 680
f 686 1806 685
f 16 1507 1806
f 1806 1507 13
f 685 1806 683
f 689 1808 688
f 19 1505 1808
f 1808 1505 16
f 688 1808 686
f 692 1810 691
f 22 1503 1810
f 1810 1503 19
f 691 1810 689
f 695 1812 694
f 25 1501 1812
f 1812 1501 22
f 694 1812 692
f 698 1814 697
f 28 1499 1814
f 1814 1499 25
f 697 1814 695
f 701 1816 700
f 31 1497 1816
f 1816 1497 28
f 700 1816 698
f 704 1818 703
f 34 1495 1818
f 1818 1495 31
f 703 1818 701
f 707 1820 706
f 37 1493 1820
f 1820 1493 34
f 706 1820 704
f 710 1822 709
f 40 1491 1822
f 1822 1491 37
f 709 1822 707
f 713 1824 712
f 43 1489 1824
f 1824 1489 40
f 712 1824 710
f 716 1826 715
f 46 1487 1826
f 1826 1487 43
f 715 1826 713
f 719 1828 718
f 49 1485 1828
f 1828 1485 46
f 718 1828 716
f 722 1830 721
f 52 1483 1830
f 1830 1483 49
f 721 1830 719
f 725 1832 724
f 55 1481 1832
f 1832 1481 52
f 724 1832 722
f 728 1834 727
f 58 1479 1834
f 1834 1479 55
f 727 1834 725
f 731 1836 730
f 61 1477 1836
f 1836 1477 58
f 730 1836 728
f 734 1838 733
f 64 1475 1838
f 1838 1475 61
f 733 1838 731
f 737 1840 736
f 67 1473 1840
f 1473 64 734
f 1840 734 139
f 740 1842 739
f 70 1471 1842
f 1471 67 737
f 1842 737 141
f 144 742 1843
f 742 73 1469
f 1469 70 740
f 1843 740 143
f 145 744 1844
f 744 76 1467
f 1844 1467 73
f 743 1844 742
f 746 1845 745
f 79 1465 1845
f 1465 76 744
f 1845 744 145
f 147 748 1846
f 748 82 1463
f 1463 79 746
f 1846 746 146
f 148 750 1847
f 750 85 1461
f 1847 1461 82
f 749 1847 748
f 150 753 1848
f 753 88 1459
f 1848 1459 85
f 752 1848 750
f 756 1850 755
f 91 1457 1850
f 1850 1457 88
f 755 1850 753
f 570 1730 1902
f 1730 516 1628
f 1902 1628 204
f 1727 1902 1627
f 569 1726 1903
f 518 1630 1903
f 1630 206 1629
f 1723 1903 1629
f 1722 1958 1719
f 526 1310 1958
f 1310 205 1632
f 1958 1632 520
f 1718 1959 1715
f 525 1637 1959
f 1637 207 1634
f 1959 1634 522
f 940 1963 1033
f 273 942 1963
f 942 271 1031
f 1963 1031 336
f 276 944 1964
f 944 275 941
f 941 273 940
f 1964 940 274
f 278 947 1966
f 947 277 945
f 945 275 944
f 1966 944 276
f 280 950 1968
f 950 279 948
f 948 277 947
f 1968 947 278
f 282 953 1970
f 953 281 951
f 951 279 950
f 1970 950 280
f 284 956 1972
f 956 283 954
f 954 281 953
f 1972 953 282
f 286 959 1974
f 959 285 957
f 957 283 956
f 1974 956 284
f 288 962 1976
f 962 287 960
f 960 285 959
f 1976 959 286
f 290 965 1978
f 965 289 963
f 963 287 962
f 1978 962 288
f 292 968 1980
f 968 291 966
f 966 289 965
f 1980 965 290
f 294 971 1982
f 971 293 969
f 969 291 968
f 1982 968 292
f 296 974 1984
f 974 295 972
f 972 293 971
f 1984 971 294
f 298 977 1986
f 977 297 975
f 975 295 974
f 1986 974 296
f 300 980 1988
f 980 299 978
f 978 297 977
f 1988 977 298
f 302 983 1990
f 983 301 981
f 981 299 980
f 1990 980 300
f 304 986 1992
f 986 303 984
f 984 301 983
f 1992 983 302
f 306 989 1994
f 989 305 987
f 987 303 986
f 1994 986 304
f 308 992 1996
f 992 307 990
f 990 305 989
f 1996 989 306
f 310 995 1998
f 995 309 993
f 993 307 992
f 1998 992 308
f 312 998 2000
f 998 311 996
f 996 309 995
f 2000 995 310
f 314 1001 2002
f 1001 313 999
f 999 311 998
f 2002 998 312
f 316 1004 2004
f 1004 315 1002
f 1002 313 1001
f 2004 1001 314
f 318 1007 2006
f 1007 317 1005
f 1005 315 1004
f 2006 1004 316
f 320 1010 2008
f 1010 319 1008
f 1008 317 1007
f 2008 1007 318
f 322 1013 2010
f 1013 321 1011
f 1011 319 1010
f 2010 1010 320
f 324 1016 2012
f 1016 323 1014
f 2012 1014 321
f 1260 2012 1013
f 326 1018 2013
f 1018 325 1017
f 2013 1017 323
f 1259 2013 1016
f 1020 2014 1258
f 327 1019 2014
f 2014 1019 325
f 1258 2014 1018
f 1022 2015 1257
f 329 1021 2015
f 1021 327 1020
f 2015 1020 328
f 332 1024 2016
f 1024 331 1023
f 2016 1023 329
f 1256 2016 1022
f 1026 2017 1030
f 333 1025 2017
f 2017 1025 331
f 1030 2017 1024
f 1031 2018 1029
f 271 1027 2018
f 1027 333 1026
f 2018 1026 334
f 335 1028 2019
f 1028 334 1030
f 1030 332 1124
f 2019 1124 397
f 337 1032 2020
f 1032 336 1029
f 1029 334 1028
f 2020 1028 335
f 339 1037 2021
f 1037 274 1033
f 1033 336 1032
f 2021 1032 337
f 338 1034 2022
f 1034 337 1036
f 1036 335 1130
f 2022 1130 400
f 340 1038 2023
f 1038 339 1035
f 1035 337 1034
f 2023 1034 338
f 341 1040 2024
f 1040 276 1284
f 1284 274 1037
f 2024 1037 339
f 342 1041 2025
f 1041 341 1039
f 1039 339 1038
f 2025 1038 340
f 343 1043 2026
f 1043 278 1283
f 1283 276 1040
f 2026 1040 341
f 344 1044 2027
f 1044 343 1042
f 1042 341 1041
f 2027 1041 342
f 345 1046 2028
f 1046 280 1282
f 1282 278 1043
f 2028 1043 343
f 346 1047 2029
f 1047 345 1045
f 1045 343 1044
f 2029 1044 344
f 347 1049 2030
f 1049 282 1281
f 1281 280 1046
f 2030 1046 345
f 348 1050 2031
f 1050 347 1048
f 1048 345 1047
f 2031 1047 346
f 349 1052 2032
f 1052 284 1280
f 1280 282 1049
f 2032 1049 347
f 350 1053 2033
f 1053 349 1051
f 1051 347 1050
f 2033 1050 348
f 351 1055 2034
f 1055 286 1279
f 1279 284 1052
f 2034 1052 349
f 352 1056 2035
f 1056 351 1054
f 1054 349 1053
f 2035 1053 350
f 353 1058 2036
f 1058 288 1278
f 1278 286 1055
f 2036 1055 351
f 354 1059 2037
f 1059 353 1057
f 1057 351 1056
f 2037 1056 352
f 355 1061 2038
f 1061 290 1277
f 1277 288 1058
f 2038 1058 353
f 356 1062 2039
f 1062 355 1060
f 1060 353 1059
f 2039 1059 354
f 357 1064 2040
f 1064 292 1276
f 1276 290 1061
f 2040 1061 355
f 358 1065 2041
f 1065 357 1063
f 1063 355 1062
f 2041 1062 356
f 359 1067 2042
f 1067 294 1275
f 1275 292 1064
f 2042 1064 357
f 360 1068 2043
f 1068 359 1066
f 1066 357 1065
f 2043 1065 358
f 361 1070 2044
f 1070 296 1274
f 1274 294 1067
f 2044 1067 359
f 362 1071 2045
f 1071 361 1069
f 1069 359 1068
f 2045 1068 360
f 363 1073 2046
f 1073 298 1273
f 1273 296 1070
f 2046 1070 361
f 364 1074 2047
f 1074 363 1072
f 1072 361 1071
f 2047 1071 362
f 365 1076 2048
f 1076 300 1272
f 1272 298 1073
f 2048 1073 363
f 366 1077 2049
f 1077 365 1075
f 1075 363 1074
f 2049 1074 364
f 367 1079 2050
f 1079 302 1271
f 1271 300 1076
f 2050 1076 365
f 368 1080 2051
f 1080 367 1078
f 1078 365 1077
f 2051 1077 366
f 369 1082 2052
f 1082 304 1270
f 1270 302 1079
f 2052 1079 367
f 370 1083 2053
f 1083 369 1081
f 1081 367 1080
f 2053 1080 368
f 371 1085 2054
f 1085 306 1269
f 1269 304 1082
f 2054 1082 369
f 372 1086 2055
f 1086 371 1084
f 1084 369 1083
f 2055 1083 370
f 373 1088 2056
f 1088 308 1268
f 1268 306 1085
f 2056 1085 371
f 374 1089 2057
f 1089 373 1087
f 1087 371 1086
f 2057 1086 372
f 375 1091 2058
f 1091 310 1267
f 1267 308 1088
f 2058 1088 373
f 376 1092 2059
f 1092 375 1090
f 1090 373 1089
f 2059 1089 374
f 377 1094 2060
f 1094 312 1266
f 1266 310 1091
f 2060 1091 375
f 378 1095 2061
f 1095 377 1093
f 1093 375 1092
f 2061 1092 376
f 379 1097 2062
f 1097 314 1265
f 1265 312 1094
f 2062 1094 377
f 380 1098 2063
f 1098 379 1096
f 1096 377 1095
f 2063 1095 378
f 381 1100 2064
f 1100 316 1264
f 1264 314 1097
f 2064 1097 379
f 382 1101 2065
f 1101 381 1099
f 1099 379 1098
f 2065 1098 380
f 383 1103 2066
f 1103 318 1263
f 1263 316 1100
f 2066 1100 381
f 384 1104 2067
f 1104 383 1102
f 1102 381 1101
f 2067 1101 382
f 385 1106 2068
f 1106 320 1262
f 1262 318 1103
f 2068 1103 383
f 386 1107 2069
f 1107 385 1105
f 1105 383 1104
f 2069 1104 384
f 387 1109 2070
f 1109 322 1261
f 1261 320 1106
f 2070 1106 385
f 388 1110 2071
f 1110 387 1108
f 1108 385 1107
f 2071 1107 386
f 389 1112 2072
f 1112 324 1260
f 1260 322 1109
f 2072 1109 387
f 390 1113 2073
f 1113 389 1111
f 1111 387 1110
f 2073 1110 388
f 391 1115 2074
f 1115 326 1259
f 1259 324 1112
f 2074 1112 389
f 392 1116 2075
f 1116 391 1114
f 1114 389 1113
f 2075 1113 390
f 393 1118 2076
f 1118 328 1258
f 1258 326 1115
f 2076 1115 391
f 394 1119 2077
f 1119 393 1117
f 1117 391 1116
f 2077 1116 392
f 395 1121 2078
f 1121 330 1257
f 1257 328 1118
f 2078 1118 393
f 396 1122 2079
f 1122 395 1120
f 1120 393 1119
f 2079 1119 394
f 397 1124 2080
f 1124 332 1256
f 1256 330 1121
f 2080 1121 395
f 398 1125 2081
f 1125 397 1123
f 1123 395 1122
f 2081 1122 396
f 400 1130 2082
f 1130 335 1126
f 1126 397 1125
f 2082 1125 398
f 1127 2083 1214
f 398 1129 2083
f 2083 1129 396
f 1214 2083 1213
f 1131 2084 1134
f 400 1128 2084
f 2084 1128 398
f 1134 2084 1127
f 1226 2085 1133
f 338 1132 2085
f 2085 1132 400
f 1133 2085 1131
f 1142 2086 1135
f 402 1133 2086
f 401 1135 2086
f 1135 2087 1143
f 401 1134 2087
f 399 1143 2087
f 1136 2088 1156
f 404 1189 2088
f 422 1156 2088
f 1155 2089 1136
f 421 1192 2089
f 404 1136 2089
f 1166 2090 1137
f 432 1169 2090
f 405 1137 2090
f 1137 2091 1138
f 405 1223 2091
f 406 1138 2091
f 1138 2092 1139
f 406 1221 2092
f 407 1139 2092
f 1139 2093 1140
f 407 1219 2093
f 408 1140 2093
f 1140 2094 1141
f 408 1216 2094
f 409 1141 2094
f 1141 2095 1142
f 409 1217 2095
f 402 1142 2095
f 1143 2096 1144
f 399 1214 2096
f 410 1144 2096
f 1144 2097 1145
f 410 1212 2097
f 411 1145 2097
f 1145 2098 1146
f 411 1210 2098
f 412 1146 2098
f 1146 2099 1147
f 412 1208 2099
f 413 1147 2099
f 1147 2100 1148
f 413 1206 2100
f 414 1148 2100
f 1148 2101 1149
f 414 1204 2101
f 415 1149 2101
f 1149 2102 1150
f 415 1202 2102
f 416 1150 2102
f 1150 2103 1151
f 416 1200 2103
f 417 1151 2103
f 1151 2104 1152
f 417 1198 2104
f 418 1152 2104
f 1152 2105 1153
f 418 1196 2105
f 419 1153 2105
f 1153 2106 1154
f 419 1194 2106
f 420 1154 2106
f 1154 2107 1155
f 420 1191 2107
f 421 1155 2107
f 1156 2108 1157
f 422 1187 2108
f 423 1157 2108
f 1157 2109 1158
f 423 1185 2109
f 424 1158 2109
f 1158 2110 1159
f 424 1183 2110
f 425 1159 2110
f 1159 2111 1160
f 425 1181 2111
f 426 1160 2111
f 1160 2112 1161
f 426 1179 2112
f 427 1161 2112
f 1161 2113 1162
f 427 1177 2113
f 428 1162 2113
f 1162 2114 1163
f 428 1175 2114
f 429 1163 2114
f 1163 2115 1164
f 429 1173 2115
f 430 1164 2115
f 1164 2116 1165
f 430 1171 2116
f 431 1165 2116
f 1165 2117 1166
f 431 1168 2117
f 432 1166 2117
f 1167 2118 1169
f 350 1250 2118
f 2118 1250 348
f 1169 2118 1224
f 1170 2119 1168
f 352 1249 2119
f 2119 1249 350
f 1168 2119 1167
f 1172 2120 1171
f 354 1248 2120
f 2120 1248 352
f 1171 2120 1170
f 1174 2121 1173
f 356 1247 2121
f 2121 1247 354
f 1173 2121 1172
f 1176 2122 1175
f 358 1246 2122
f 2122 1246 356
f 1175 2122 1174
f 1178 2123 1177
f 360 1245 2123
f 2123 1245 358
f 1177 2123 1176
f 1180 2124 1179
f 362 1244 2124
f 2124 1244 360
f 1179 2124 1178
f 1182 2125 1181
f 364 1243 2125
f 2125 1243 362
f 1181 2125 1180
f 1184 2126 1183
f 366 1242 2126
f 2126 1242 364
f 1183 2126 1182
f 1186 2127 1185
f 368 1241 2127
f 2127 1241 366
f 1185 2127 1184
f 1188 2128 1187
f 370 1240 2128
f 2128 1240 368
f 1187 2128 1186
f 1225 2129 1189
f 372 1239 2129
f 2129 1239 370
f 1189 2129 1188
f 1190 2130 1192
f 374 1238 2130
f 2130 1238 372
f 1192 2130 1225
f 1193 2131 1191
f 376 1237 2131
f 2131 1237 374
f 1191 2131 1190
f 1195 2132 1194
f 378 1236 2132
f 2132 1236 376
f 1194 2132 1193
f 1197 2133 1196
f 380 1235 2133
f 2133 1235 378
f 1196 2133 1195
f 1199 2134 1198
f 382 1234 2134
f 2134 1234 380
f 1198 2134 1197
f 1201 2135 1200
f 384 1233 2135
f 2135 1233 382
f 1200 2135 1199
f 1203 2136 1202
f 386 1232 2136
f 2136 1232 384
f 1202 2136 1201
f 1205 2137 1204
f 388 1231 2137
f 2137 1231 386
f 1204 2137 1203
f 1207 2138 1206
f 390 1230 2138
f 2138 1230 388
f 1206 2138 1205
f 1209 2139 1208
f 392 1229 2139
f 2139 1229 390
f 1208 2139 1207
f 1211 2140 1210
f 394 1228 2140
f 2140 1228 392
f 1210 2140 1209
f 1213 2141 1212
f 396 1227 2141
f 2141 1227 394
f 1212 2141 1211
f 1215 2142 1217
f 340 1255 2142
f 2142 1255 338
f 1217 2142 1226
f 1218 2143 1216
f 342 1254 2143
f 2143 1254 340
f 1216 2143 1215
f 1220 2144 1219
f 344 1253 2144
f 2144 1253 342
f 1219 2144 1218
f 1222 2145 1221
f 346 1252 2145
f 2145 1252 344
f 1221 2145 1220
f 1224 2146 1223
f 348 1251 2146
f 2146 1251 346
f 1223 2146 1222
f 93 1357 2147
f 1357 433 1454
f 1454 466 1453
f 2147 1453 90
f 434 1360 2148
f 1360 435 1363
f 1363 433 1357
f 2148 1357 93
f 3 1366 2149
f 1366 437 1365
f 1365 435 1360
f 2149 1360 434
f 435 1364 2150
f 1456 2150 1364
f 433 1363 2150
f 437 1368 2151
f 1364 2151 1368
f 435 1365 2151
f 6 1369 2152
f 1369 438 1367
f 1367 437 1366
f 2152 1366 3
f 438 1371 2153
f 1368 2153 1371
f 437 1367 2153
f 9 1372 2154
f 1372 439 1370
f 1370 438 1369
f 2154 1369 6
f 439 1374 2155
f 1371 2155 1374
f 438 1370 2155
f 12 1375 2156
f 1375 440 1373
f 1373 439 1372
f 2156 1372 9
f 440 1377 2157
f 1374 2157 1377
f 439 1373 2157
f 15 1378 2158
f 1378 441 1376
f 1376 440 1375
f 2158 1375 12
f 441 1380 2159
f 1377 2159 1380
f 440 1376 2159
f 18 1381 2160
f 1381 442 1379
f 1379 441 1378
f 2160 1378 15
f 442 1383 2161
f 1380 2161 1383
f 441 1379 2161
f 21 1384 2162
f 1384 443 1382
f 1382 442 1381
f 2162 1381 18
f 443 1386 2163
f 1383 2163 1386
f 442 1382 2163
f 24 1387 2164
f 1387 444 1385
f 1385 443 1384
f 2164 1384 21
f 444 1389 2165
f 1386 2165 1389
f 443 1385 2165
f 27 1390 2166
f 1390 445 1388
f 1388 444 1387
f 2166 1387 24
f 445 1392 2167
f 1389 2167 1392
f 444 1388 2167
f 30 1393 2168
f 1393 446 1391
f 1391 445 1390
f 2168 1390 27
f 446 1395 2169
f 1392 2169 1395
f 445 1391 2169
f 33 1396 2170
f 1396 447 1394
f 1394 446 1393
f 2170 1393 30
f 447 1398 2171
f 1395 2171 1398
f 446 1394 2171
f 36 1399 2172
f 1399 448 1397
f 1397 447 1396
f 2172 1396 33
f 448 1401 2173
f 1398 2173 1401
f 447 1397 2173
f 39 1402 2174
f 1402 449 1400
f 1400 448 1399
f 2174 1399 36
f 449 1404 2175
f 1401 2175 1404
f 448 1400 2175
f 42 1405 2176
f 1405 450 1403
f 1403 449 1402
f 2176 1402 39
f 450 1407 2177
f 1404 2177 1407
f 449 1403 2177
f 45 1408 2178
f 1408 451 1406
f 1406 450 1405
f 2178 1405 42
f 451 1410 2179
f 1407 2179 1410
f 450 1406 2179
f 48 1411 2180
f 1411 452 1409
f 1409 451 1408
f 2180 1408 45
f 452 1413 2181
f 1410 2181 1413
f 451 1409 2181
f 51 1414 2182
f 1414 453 1412
f 1412 452 1411
f 2182 1411 48
f 453 1416 2183
f 1413 2183 1416
f 452 1412 2183
f 54 1417 2184
f 1417 454 1415
f 1415 453 1414
f 2184 1414 51
f 454 1419 2185
f 1416 2185 1419
f 453 1415 2185
f 57 1420 2186
f 1420 455 1418
f 1418 454 1417
f 2186 1417 54
f 455 1422 2187
f 1419 2187 1422
f 454 1418 2187
f 60 1423 2188
f 1423 456 1421
f 1421 455 1420
f 2188 1420 57
f 456 1425 2189
f 1422 2189 1425
f 455 1421 2189
f 63 1426 2190
f 1426 457 1424
f 1424 456 1423
f 2190 1423 60
f 457 1428 2191
f 1425 2191 1428
f 456 1424 2191
f 66 1429 2192
f 1429 458 1427
f 1427 457 1426
f 2192 1426 63
f 458 1431 2193
f 1428 2193 1431
f 457 1427 2193
f 69 1432 2194
f 1432 459 1430
f 1430 458 1429
f 2194 1429 66
f 459 1434 2195
f 1431 2195 1434
f 458 1430 2195
f 72 1435 2196
f 1435 460 1433
f 1433 459 1432
f 2196 1432 69
f 460 1437 2197
f 1434 2197 1437
f 459 1433 2197
f 75 1438 2198
f 1438 461 1436
f 1436 460 1435
f 2198 1435 72
f 461 1440 2199
f 1437 2199 1440
f 460 1436 2199
f 78 1441 2200
f 1441 462 1439
f 1439 461 1438
f 2200 1438 75
f 462 1443 2201
f 1440 2201 1443
f 461 1439 2201
f 81 1445 2202
f 1445 463 1442
f 1442 462 1441
f 2202 1441 78
f 463 1444 2203
f 1443 2203 1444
f 462 1442 2203
f 464 1449 2204
f 1444 2204 1449
f 463 1446 2204
f 84 1447 2205
f 1447 464 1446
f 1446 463 1445
f 2205 1445 81
f 87 1450 2206
f 1450 465 1448
f 1448 464 1447
f 2206 1447 84
f 465 1452 2207
f 1449 2207 1452
f 464 1448 2207
f 90 1453 2208
f 1453 466 1451
f 1451 465 1450
f 2208 1450 87
f 466 1455 2209
f 1452 2209 1455
f 465 1451 2209
f 433 1456 2210
f 1455 2210 1456
f 466 1454 2210
f 469 1518 2212
f 1520 2212 1518
f 1639 2212 1520
f 527 1521 2212
f 1519 2212 1521
f 484 1524 2214
f 1525 2214 1524
f 1640 2214 1525
f 528 1526 2214
f 1520 2214 1526
f 1641 2215 1527
f 529 1528 2215
f 1529 2215 1528
f 1530 2215 1529
f 481 1527 2215
f 1642 2217 1529
f 530 1534 2217
f 1535 2217 1534
f 1536 2217 1535
f 490 1529 2217
f 1541 2220 1525
f 496 1542 2220
f 1643 2220 1542
f 531 1543 2220
f 1525 2220 1543
f 1546 2222 1542
f 499 1547 2222
f 1644 2222 1547
f 532 1548 2222
f 1542 2222 1548
f 1645 2223 1535
f 533 1549 2223
f 1550 2223 1549
f 511 1551 2223
f 1535 2223 1551
f 1646 2225 1550
f 534 1554 2225
f 1555 2225 1554
f 514 1556 2225
f 1550 2225 1556
f 1561 2228 1562
f 514 1555 2228
f 1647 2228 1555
f 535 1563 2228
f 1562 2228 1563
f 1566 2230 1567
f 508 1562 2230
f 1648 2230 1562
f 536 1568 2230
f 1567 2230 1568
f 502 1571 2232
f 1567 2232 1571
f 1649 2232 1567
f 537 1573 2232
f 1572 2232 1573
f 499 1575 2234
f 1572 2234 1575
f 1650 2234 1572
f 538 1576 2234
f 1547 2234 1576
f 1651 2235 1577
f 539 1578 2235
f 1527 2235 1578
f 481 1579 2235
f 1577 2235 1579
f 1652 2237 1582
f 540 1583 2237
f 1577 2237 1583
f 478 1584 2237
f 1582 2237 1584
f 1653 2239 1587
f 541 1588 2239
f 1582 2239 1588
f 1589 2239 1582
f 472 1587 2239
f 1654 2241 1519
f 542 1592 2241
f 1587 2241 1592
f 1593 2241 1587
f 469 1519 2241
f 566 1714 2246
f 1714 542 1654
f 2246 1654 467
f 1711 2246 1521
f 565 1710 2248
f 1710 541 1653
f 2248 1653 471
f 1707 2248 1600
f 1706 2250 1703
f 540 1652 2250
f 2250 1652 474
f 2250 1602 545
f 1702 2252 1699
f 539 1651 2252
f 1651 477 1604
f 2252 1604 546
f 562 1698 2256
f 1698 543 1655
f 2256 1655 483
f 1695 2256 1526
f 1694 2258 1691
f 548 1660 2258
f 2258 1660 486
f 2258 1543 531
f 1690 2259 1687
f 547 1659 2259
f 1659 208 1631
f 2259 1631 519
f 559 1686 2261
f 1686 550 1662
f 2261 1662 209
f 1683 2261 1636
f 1682 2264 1679
f 549 1661 2264
f 1661 495 1548
f 2264 1548 532
f 1678 2267 1675
f 521 1633 2267
f 1633 266 1618
f 2267 1618 552
f 556 1674 2269
f 1674 523 1635
f 2269 1635 267
f 1671 2269 1621
f 555 1670 2271
f 1670 551 1663
f 2271 1663 268
f 1667 2271 1623
f 535 1669 2275
f 1669 555 1667
f 2275 1667 554
f 1563 2275 1666
f 512 1554 2276
f 1554 534 1668
f 2276 1668 555
f 1647 2276 1669
f 534 1646 2277
f 1646 509 1615
f 2277 1615 551
f 1668 2277 1670
f 536 1673 2278
f 1673 556 1671
f 2278 1671 553
f 2278 1665 503
f 506 1666 2279
f 1666 554 1672
f 2279 1672 556
f 1648 2279 1673
f 554 1623 2280
f 1623 268 930
f 2280 930 523
f 1672 2280 1674
f 1677 2281 1573
f 557 1675 2281
f 1675 552 1664
f 2281 1664 500
f 503 1665 2282
f 553 1676 2282
f 1676 557 1677
f 2282 1677 537
f 1621 2283 1676
f 267 928 2283
f 928 521 1678
f 2283 1678 557
f 1681 2284 1576
f 558 1679 2284
f 1679 532 1644
f 2284 1644 498
f 1664 2285 1650
f 552 1680 2285
f 1680 558 1681
f 2285 1681 538
f 1618 2286 1680
f 266 1612 2286
f 1612 549 1682
f 2286 1682 558
f 551 1685 2287
f 1685 559 1683
f 2287 1683 524
f 1663 2287 931
f 509 1549 2288
f 1549 533 1684
f 2288 1684 559
f 1615 2288 1685
f 533 1645 2289
f 491 1613 2289
f 2289 1613 550
f 1684 2289 1686
f 1689 2290 1662
f 560 1687 2290
f 1687 519 840
f 2290 840 209
f 491 1534 2291
f 530 1688 2291
f 1688 560 1689
f 2291 1689 550
f 1642 2292 1688
f 488 1606 2292
f 1606 547 1690
f 2292 1690 560
f 1693 2293 1661
f 561 1691 2293
f 1691 531 1643
f 2293 1643 495
f 927 2294 1612
f 520 1692 2294
f 1692 561 1693
f 2294 1693 549
f 1632 2295 1692
f 205 1610 2295
f 1610 548 1694
f 2295 1694 561
f 548 1697 2296
f 1697 562 1695
f 2296 1695 528
f 2296 1640 486
f 205 836 2297
f 836 515 1696
f 2297 1696 562
f 1610 2297 1697
f 515 1627 2298
f 1627 204 1599
f 2298 1599 543
f 1696 2298 1698
f 1701 2299 1659
f 563 1699 2299
f 1699 546 1658
f 2299 1658 208
f 1528 2300 1606
f 529 1700 2300
f 1700 563 1701
f 2300 1701 547
f 1641 2301 1700
f 479 1578 2301
f 1578 539 1702
f 2301 1702 563
f 1705 2302 1630
f 564 1703 2302
f 1703 545 1657
f 2302 1657 206
f 1658 2303 839
f 546 1704 2303
f 1704 564 1705
f 2303 1705 518
f 1604 2304 1704
f 477 1583 2304
f 1583 540 1706
f 2304 1706 564
f 516 1709 2305
f 1709 565 1707
f 2305 1707 544
f 1628 2305 1656
f 206 1657 2306
f 1657 545 1708
f 2306 1708 565
f 837 2306 1709
f 545 1602 2307
f 474 1588 2307
f 2307 1588 541
f 1708 2307 1710
f 543 1713 2308
f 1713 566 1711
f 2308 1711 527
f 1655 2308 1639
f 204 1656 2309
f 1656 544 1712
f 2309 1712 566
f 1599 2309 1713
f 544 1600 2310
f 1600 471 1592
f 2310 1592 542
f 1712 2310 1714
f 523 1717 2311
f 567 1715 2311
f 1715 522 929
f 1635 2311 929
f 268 931 2312
f 931 524 1716
f 2312 1716 567
f 930 2312 1717
f 524 1636 2313
f 1636 209 1309
f 2313 1309 525
f 1716 2313 1718
f 1721 2314 1633
f 568 1719 2314
f 1719 520 927
f 2314 927 266
f 929 2315 928
f 929 522 1720
f 2315 1720 568
f 2315 1721 521
f 522 1634 2316
f 1634 207 1638
f 2316 1638 526
f 1720 2316 1722
f 525 1725 2317
f 1725 569 1723
f 2317 1723 517
f 1637 2317 838
f 840 2318 1309
f 519 1724 2318
f 1724 569 1725
f 2318 1725 525
f 1631 2319 1724
f 208 839 2319
f 839 518 1726
f 2319 1726 569
f 526 1729 2320
f 1729 570 1727
f 2320 1727 515
f 1310 2320 836
f 838 2321 1638
f 517 1728 2321
f 1728 570 1729
f 2321 1729 526
f 1629 2322 1728
f 1629 206 837
f 2322 837 516
f 2322 1730 570
usemtl Stripe.Ten
f 671 764 98
f 97 1798 671
f 1798 95 762
f 764 762 155
f 675 1356 100
f 99 1799 675
f 1799 97 671
f 1356 671 98
f 678 1355 102
f 101 1801 678
f 1801 99 675
f 1355 675 100
f 681 1354 104
f 103 1803 681
f 1803 101 678
f 1354 678 102
f 684 1353 106
f 105 1805 684
f 1805 103 681
f 1353 681 104
f 687 1352 108
f 107 1807 687
f 1807 105 684
f 1352 684 106
f 690 1351 110
f 109 1809 690
f 1809 107 687
f 1351 687 108
f 693 1350 112
f 111 1811 693
f 1811 109 690
f 1350 690 110
f 696 1349 114
f 113 1813 696
f 1813 111 693
f 1349 693 112
f 699 1348 116
f 115 1815 699
f 1815 113 696
f 1348 696 114
f 702 1347 118
f 117 1817 702
f 1817 115 699
f 1347 699 116
f 705 1346 120
f 119 1819 705
f 1819 117 702
f 1346 702 118
f 708 1345 122
f 121 1821 708
f 1821 119 705
f 1345 705 120
f 711 1344 124
f 123 1823 711
f 1823 121 708
f 1344 708 122
f 714 1343 126
f 125 1825 714
f 1825 123 711
f 1343 711 124
f 717 1342 128
f 127 1827 717
f 1827 125 714
f 1342 714 126
f 720 1341 130
f 129 1829 720
f 1829 127 717
f 1341 717 128
f 723 1340 132
f 131 1831 723
f 1831 129 720
f 1340 720 130
f 726 1339 134
f 133 1833 726
f 1833 131 723
f 1339 723 132
f 729 1338 136
f 135 1835 729
f 1835 133 726
f 1338 726 134
f 732 1337 138
f 137 1837 732
f 1837 135 729
f 1337 729 136
f 735 1336 140
f 139 1839 735
f 1839 137 732
f 1336 732 138
f 738 1335 142
f 141 1841 738
f 736 735 1841
f 1841 140 1335
f 151 1849 1334
f 754 752 1849
f 1849 148 751
f 1334 751 149
f 757 761 153
f 152 1851 757
f 1851 150 754
f 761 754 151
f 762 760 155
f 95 1852 762
f 1852 152 757
f 760 757 153
f 759 846 154
f 153 1853 759
f 1853 151 844
f 846 844 212
f 763 767 156
f 155 1854 763
f 1854 153 759
f 767 759 154
f 768 766 158
f 98 1855 768
f 1855 155 763
f 766 763 156
f 765 852 157
f 156 1856 765
f 1856 154 850
f 852 850 215
f 769 1333 159
f 158 1857 769
f 1857 156 765
f 1333 765 157
f 772 770 160
f 100 1858 772
f 1858 98 768
f 770 768 158
f 771 1332 161
f 160 1859 771
f 1859 158 769
f 1332 769 159
f 775 1331 163
f 162 1860 775
f 1860 160 771
f 1331 771 161
f 774 773 162
f 102 1861 774
f 1861 100 772
f 773 772 160
f 777 776 164
f 104 1862 777
f 1862 102 774
f 776 774 162
f 778 1330 165
f 164 1863 778
f 1863 162 775
f 1330 775 163
f 780 779 166
f 106 1864 780
f 1864 104 777
f 779 777 164
f 781 1329 167
f 166 1865 781
f 1865 164 778
f 1329 778 165
f 783 782 168
f 108 1866 783
f 1866 106 780
f 782 780 166
f 784 1328 169
f 168 1867 784
f 1867 166 781
f 1328 781 167
f 786 785 170
f 110 1868 786
f 1868 108 783
f 785 783 168
f 787 1327 171
f 170 1869 787
f 1869 168 784
f 1327 784 169
f 789 788 172
f 112 1870 789
f 1870 110 786
f 788 786 170
f 790 1326 173
f 172 1871 790
f 1871 170 787
f 1326 787 171
f 792 791 174
f 114 1872 792
f 1872 112 789
f 791 789 172
f 793 1325 175
f 174 1873 793
f 1873 172 790
f 1325 790 173
f 795 794 176
f 116 1874 795
f 1874 114 792
f 794 792 174
f 796 1324 177
f 176 1875 796
f 1875 174 793
f 1324 793 175
f 798 797 178
f 118 1876 798
f 1876 116 795
f 797 795 176
f 799 1323 179
f 178 1877 799
f 1877 176 796
f 1323 796 177
f 801 800 180
f 120 1878 801
f 1878 118 798
f 800 798 178
f 181 1879 1322
f 180 1879 802
f 1879 178 799
f 1879 179 1322
f 804 803 182
f 122 1880 804
f 1880 120 801
f 803 801 180
f 805 1321 183
f 182 1881 805
f 1881 180 802
f 1321 802 181
f 807 806 184
f 124 1882 807
f 1882 122 804
f 806 804 182
f 808 1320 185
f 184 1883 808
f 1883 182 805
f 1320 805 183
f 810 809 186
f 126 1884 810
f 1884 124 807
f 809 807 184
f 811 1319 187
f 186 1885 811
f 1885 184 808
f 1319 808 185
f 813 812 188
f 128 1886 813
f 1886 126 810
f 812 810 186
f 814 1318 189
f 188 1887 814
f 1887 186 811
f 1318 811 187
f 816 815 190
f 130 1888 816
f 1888 128 813
f 815 813 188
f 817 1317 191
f 190 1889 817
f 1889 188 814
f 1317 814 189
f 819 818 192
f 132 1890 819
f 1890 130 816
f 818 816 190
f 820 1316 193
f 192 1891 820
f 1891 190 817
f 1316 817 191
f 822 821 194
f 134 1892 822
f 1892 132 819
f 821 819 192
f 195 1893 1315
f 194 1893 823
f 1893 192 820
f 1315 820 193
f 825 824 196
f 136 1894 825
f 1894 134 822
f 824 822 194
f 826 1314 197
f 196 1895 826
f 1895 194 823
f 1314 823 195
f 828 827 198
f 138 1896 828
f 1896 136 825
f 827 825 196
f 829 1313 199
f 198 1897 829
f 1897 196 826
f 1897 197 1313
f 831 830 200
f 140 1898 831
f 1898 138 828
f 830 828 198
f 832 1312 201
f 200 1899 832
f 1899 198 829
f 1899 199 1312
f 834 833 202
f 142 1900 834
f 1335 831 1900
f 1900 200 833
f 835 1311 203
f 202 1901 835
f 833 832 1901
f 1901 201 1311
f 212 1904 843
f 844 1334 1904
f 1904 149 841
f 843 841 210
f 213 1905 849
f 845 843 1905
f 1905 210 842
f 849 842 211
f 850 848 215
f 154 1906 850
f 1906 212 845
f 848 845 213
f 847 934 214
f 213 1907 847
f 849 932 1907
f 1907 269 934
f 216 1908 855
f 851 848 1908
f 848 847 1908
f 1908 214 855
f 218 1909 854
f 856 852 1909
f 852 851 1909
f 1909 216 854
f 217 1910 939
f 853 855 1910
f 855 937 1910
f 1910 272 939
f 219 1911 1308
f 857 854 1911
f 854 853 1911
f 1911 217 1308
f 220 1912 858
f 859 1333 1912
f 1333 856 1912
f 1912 218 858
f 221 1913 1307
f 860 858 1913
f 858 857 1913
f 1913 219 1307
f 222 1914 861
f 862 1332 1914
f 1332 859 1914
f 1914 220 861
f 223 1915 1306
f 863 861 1915
f 861 860 1915
f 1915 221 1306
f 224 1916 864
f 865 1331 1916
f 1331 862 1916
f 1916 222 864
f 225 1917 1305
f 866 864 1917
f 864 863 1917
f 1917 223 1305
f 226 1918 867
f 868 1330 1918
f 1330 865 1918
f 1918 224 867
f 227 1919 1304
f 869 867 1919
f 867 866 1919
f 1919 225 1304
f 228 1920 870
f 871 1329 1920
f 1329 868 1920
f 1920 226 870
f 229 1921 1303
f 872 870 1921
f 870 869 1921
f 1921 227 1303
f 230 1922 873
f 169 1922 874
f 1328 871 1922
f 1922 228 873
f 231 1923 1302
f 875 873 1923
f 873 872 1923
f 1923 229 1302
f 232 1924 876
f 171 1924 877
f 1327 874 1924
f 1924 230 876
f 233 1925 1301
f 878 876 1925
f 876 875 1925
f 1925 231 1301
f 234 1926 879
f 880 1326 1926
f 1326 877 1926
f 1926 232 879
f 235 1927 1300
f 881 879 1927
f 879 878 1927
f 1927 233 1300
f 236 1928 882
f 883 1325 1928
f 1325 880 1928
f 1928 234 882
f 237 1929 1299
f 884 882 1929
f 882 881 1929
f 1929 235 1299
f 238 1930 885
f 886 1324 1930
f 1324 883 1930
f 1930 236 885
f 239 1931 1298
f 887 885 1931
f 885 884 1931
f 1931 237 1298
f 240 1932 888
f 889 1323 1932
f 1323 886 1932
f 1932 238 888
f 241 1933 1297
f 890 888 1933
f 888 887 1933
f 1933 239 1297
f 242 1934 891
f 892 1322 1934
f 1322 889 1934
f 1934 240 891
f 243 1935 1296
f 893 891 1935
f 891 890 1935
f 1935 241 1296
f 244 1936 894
f 895 1321 1936
f 1321 892 1936
f 1936 242 894
f 245 1937 1295
f 896 894 1937
f 894 893 1937
f 1937 243 1295
f 246 1938 897
f 898 1320 1938
f 1320 895 1938
f 1938 244 897
f 247 1939 1294
f 899 897 1939
f 897 896 1939
f 1939 245 1294
f 248 1940 900
f 187 1940 901
f 1319 898 1940
f 1940 246 900
f 249 1941 1293
f 902 900 1941
f 900 899 1941
f 1941 247 1293
f 250 1942 903
f 904 1318 1942
f 1318 901 1942
f 1942 248 903
f 251 1943 1292
f 905 903 1943
f 903 902 1943
f 1943 249 1292
f 252 1944 906
f 907 1317 1944
f 1317 904 1944
f 1944 250 906
f 253 1945 1291
f 908 906 1945
f 906 905 1945
f 1945 251 1291
f 254 1946 909
f 193 1946 910
f 1946 191 907
f 1946 252 909
f 255 1947 1290
f 911 909 1947
f 909 908 1947
f 1947 253 1290
f 256 1948 912
f 913 1315 1948
f 1315 910 1948
f 1948 254 912
f 257 1949 1289
f 914 912 1949
f 912 911 1949
f 1949 255 1289
f 258 1950 915
f 916 1314 1950
f 1314 913 1950
f 1950 256 915
f 259 1951 1288
f 917 915 1951
f 915 914 1951
f 1951 257 1288
f 260 1952 918
f 919 1313 1952
f 1313 916 1952
f 1952 258 918
f 261 1953 1287
f 920 918 1953
f 918 917 1953
f 1953 259 1287
f 262 1954 921
f 922 1312 1954
f 1312 919 1954
f 1954 260 921
f 263 1955 1286
f 923 921 1955
f 921 920 1955
f 1955 261 1286
f 264 1956 924
f 925 1311 1956
f 1956 201 922
f 924 922 262
f 265 1957 1285
f 926 924 1957
f 1957 262 923
f 1285 923 263
f 937 936 272
f 214 1960 937
f 934 933 1960
f 1960 270 936
f 938 942 273
f 272 1961 938
f 936 935 1961
f 1961 271 942
f 275 1962 941
f 943 939 1962
f 939 938 1962
f 1962 273 941
f 277 1965 945
f 946 1308 1965
f 1308 943 1965
f 1965 275 945
f 279 1967 948
f 949 1307 1967
f 1307 946 1967
f 1967 277 948
f 281 1969 951
f 952 1306 1969
f 1306 949 1969
f 1969 279 951
f 283 1971 954
f 955 1305 1971
f 1305 952 1971
f 1971 281 954
f 285 1973 957
f 958 1304 1973
f 1304 955 1973
f 1973 283 957
f 287 1975 960
f 961 1303 1975
f 1303 958 1975
f 1975 285 960
f 289 1977 963
f 964 1302 1977
f 1302 961 1977
f 1977 287 963
f 291 1979 966
f 967 1301 1979
f 1301 964 1979
f 1979 289 966
f 293 1981 969
f 970 1300 1981
f 1300 967 1981
f 1981 291 969
f 295 1983 972
f 973 1299 1983
f 1299 970 1983
f 1983 293 972
f 297 1985 975
f 976 1298 1985
f 1298 973 1985
f 1985 295 975
f 299 1987 978
f 979 1297 1987
f 1297 976 1987
f 1987 297 978
f 301 1989 981
f 982 1296 1989
f 1296 979 1989
f 1989 299 981
f 303 1991 984
f 985 1295 1991
f 1295 982 1991
f 1991 301 984
f 305 1993 987
f 988 1294 1993
f 1294 985 1993
f 1993 303 987
f 307 1995 990
f 991 1293 1995
f 1293 988 1995
f 1995 305 990
f 309 1997 993
f 994 1292 1997
f 1292 991 1997
f 1997 307 993
f 311 1999 996
f 997 1291 1999
f 1291 994 1999
f 1999 309 996
f 313 2001 999
f 1000 1290 2001
f 1290 997 2001
f 2001 311 999
f 315 2003 1002
f 1003 1289 2003
f 1289 1000 2003
f 2003 313 1002
f 317 2005 1005
f 1006 1288 2005
f 1288 1003 2005
f 2005 315 1005
f 319 2007 1008
f 1009 1287 2007
f 1287 1006 2007
f 2007 317 1008
f 321 2009 1011
f 1012 1286 2009
f 1286 1009 2009
f 2009 319 1011
f 323 2011 1014
f 1015 1285 2011
f 2011 263 1012
f 1014 1012 321
f 1516 1515 468
f 1516 1517 2211
f 2211 484 1518
f 1515 1518 469
f 482 2213 1517
f 1522 1523 2213
f 2213 487 1524
f 1517 1524 484
f 1530 1531 481
f 490 2216 1530
f 1532 1533 2216
f 1531 1533 480
f 1536 1532 490
f 493 2218 1536
f 1537 1538 2218
f 2218 489 1532
f 1539 1523 485
f 494 2219 1539
f 1540 1541 2219
f 2219 487 1523
f 1544 1540 494
f 1544 1545 2221
f 1545 1546 2221
f 2221 496 1540
f 493 2224 1537
f 1551 1552 2224
f 2224 510 1553
f 1537 1553 492
f 511 2226 1552
f 1556 1557 2226
f 1557 1558 2226
f 1552 1558 510
f 1560 1559 507
f 513 2227 1560
f 1557 1561 2227
f 2227 508 1559
f 1565 1564 504
f 507 2229 1565
f 1559 1566 2229
f 2229 505 1564
f 501 2231 1569
f 1570 1564 2231
f 2231 505 1571
f 1569 1571 502
f 497 2233 1545
f 1574 1569 2233
f 2233 502 1575
f 1545 1575 499
f 478 2236 1580
f 1579 1531 2236
f 2236 480 1581
f 1580 1581 476
f 475 2238 1585
f 1584 1580 2238
f 2238 476 1586
f 1585 1586 473
f 1589 1590 472
f 475 2240 1589
f 1585 1591 2240
f 2240 470 1590
f 1593 1515 469
f 472 2242 1593
f 1590 1594 2242
f 2242 468 1515
f 470 2243 1594
f 1595 741 2243
f 2243 143 1596
f 1594 1596 468
f 482 2244 1597
f 1516 1598 2244
f 1598 834 2244
f 2244 202 1597
f 1596 1598 468
f 143 2245 1596
f 739 738 2245
f 2245 142 1598
f 473 2247 1591
f 1601 743 2247
f 2247 144 1595
f 1591 1595 470
f 1603 1586 476
f 146 2249 1603
f 745 1601 2249
f 2249 473 1586
f 1605 1581 480
f 147 2251 1605
f 747 1603 2251
f 2251 476 1581
f 149 2253 1607
f 751 749 2253
f 2253 147 1605
f 1607 1605 480
f 210 2254 1608
f 841 1607 2254
f 1607 1533 2254
f 2254 489 1608
f 485 2255 1609
f 1522 1597 2255
f 1597 835 2255
f 2255 203 1609
f 1539 1611 494
f 485 2257 1539
f 2257 203 925
f 1611 925 264
f 211 2260 1614
f 842 1608 2260
f 1608 1538 2260
f 2260 492 1614
f 932 1616 269
f 211 2262 932
f 2262 492 1553
f 1616 1553 510
f 1544 1617 497
f 494 2263 1544
f 2263 264 926
f 1617 926 265
f 325 2265 1017
f 1619 1617 2265
f 2265 265 1015
f 1017 1015 323
f 1620 1019 327
f 501 2266 1620
f 1574 1619 2266
f 2266 325 1019
f 1622 1021 329
f 504 2268 1622
f 1570 1620 2268
f 2268 327 1021
f 331 2270 1023
f 1624 1565 2270
f 2270 504 1622
f 1023 1622 329
f 333 2272 1025
f 1625 1560 2272
f 2272 507 1624
f 1025 1624 331
f 933 1626 270
f 269 2273 933
f 2273 510 1558
f 1626 1558 513
f 935 1027 271
f 270 2274 935
f 1626 1625 2274
f 2274 333 1027
f 671 1798 764
f 97 673 1798
f 1798 673 95
f 764 1798 762
f 675 1799 1356
f 99 672 1799
f 1799 672 97
f 1356 1799 671
f 678 1801 1355
f 101 676 1801
f 1801 676 99
f 1355 1801 675
f 681 1803 1354
f 103 679 1803
f 1803 679 101
f 1354 1803 678
f 684 1805 1353
f 105 682 1805
f 1805 682 103
f 1353 1805 681
f 687 1807 1352
f 107 685 1807
f 1807 685 105
f 1352 1807 684
f 690 1809 1351
f 109 688 1809
f 1809 688 107
f 1351 1809 687
f 693 1811 1350
f 111 691 1811
f 1811 691 109
f 1350 1811 690
f 696 1813 1349
f 113 694 1813
f 1813 694 111
f 1349 1813 693
f 699 1815 1348
f 115 697 1815
f 1815 697 113
f 1348 1815 696
f 702 1817 1347
f 117 700 1817
f 1817 700 115
f 1347 1817 699
f 705 1819 1346
f 119 703 1819
f 1819 703 117
f 1346 1819 702
f 708 1821 1345
f 121 706 1821
f 1821 706 119
f 1345 1821 705
f 711 1823 1344
f 123 709 1823
f 1823 709 121
f 1344 1823 708
f 714 1825 1343
f 125 712 1825
f 1825 712 123
f 1343 1825 711
f 717 1827 1342
f 127 715 1827
f 1827 715 125
f 1342 1827 714
f 720 1829 1341
f 129 718 1829
f 1829 718 127
f 1341 1829 717
f 723 1831 1340
f 131 721 1831
f 1831 721 129
f 1340 1831 720
f 726 1833 1339
f 133 724 1833
f 1833 724 131
f 1339 1833 723
f 729 1835 1338
f 135 727 1835
f 1835 727 133
f 1338 1835 726
f 732 1837 1337
f 137 730 1837
f 1837 730 135
f 1337 1837 729
f 735 1839 1336
f 139 733 1839
f 1839 733 137
f 1336 1839 732
f 738 1841 1335
f 141 736 1841
f 736 139 735
f 1841 735 140
f 151 754 1849
f 754 150 752
f 1849 752 148
f 1334 1849 751
f 757 1851 761
f 152 755 1851
f 1851 755 150
f 761 1851 754
f 762 1852 760
f 95 758 1852
f 1852 758 152
f 760 1852 757
f 759 1853 846
f 153 761 1853
f 1853 761 151
f 846 1853 844
f 763 1854 767
f 155 760 1854
f 1854 760 153
f 767 1854 759
f 768 1855 766
f 98 764 1855
f 1855 764 155
f 766 1855 763
f 765 1856 852
f 156 767 1856
f 1856 767 154
f 852 1856 850
f 769 1857 1333
f 158 766 1857
f 1857 766 156
f 1333 1857 765
f 772 1858 770
f 100 1356 1858
f 1858 1356 98
f 770 1858 768
f 771 1859 1332
f 160 770 1859
f 1859 770 158
f 1332 1859 769
f 775 1860 1331
f 162 773 1860
f 1860 773 160
f 1331 1860 771
f 774 1861 773
f 102 1355 1861
f 1861 1355 100
f 773 1861 772
f 777 1862 776
f 104 1354 1862
f 1862 1354 102
f 776 1862 774
f 778 1863 1330
f 164 776 1863
f 1863 776 162
f 1330 1863 775
f 780 1864 779
f 106 1353 1864
f 1864 1353 104
f 779 1864 777
f 781 1865 1329
f 166 779 1865
f 1865 779 164
f 1329 1865 778
f 783 1866 782
f 108 1352 1866
f 1866 1352 106
f 782 1866 780
f 784 1867 1328
f 168 782 1867
f 1867 782 166
f 1328 1867 781
f 786 1868 785
f 110 1351 1868
f 1868 1351 108
f 785 1868 783
f 787 1869 1327
f 170 785 1869
f 1869 785 168
f 1327 1869 784
f 789 1870 788
f 112 1350 1870
f 1870 1350 110
f 788 1870 786
f 790 1871 1326
f 172 788 1871
f 1871 788 170
f 1326 1871 787
f 792 1872 791
f 114 1349 1872
f 1872 1349 112
f 791 1872 789
f 793 1873 1325
f 174 791 1873
f 1873 791 172
f 1325 1873 790
f 795 1874 794
f 116 1348 1874
f 1874 1348 114
f 794 1874 792
f 796 1875 1324
f 176 794 1875
f 1875 794 174
f 1324 1875 793
f 798 1876 797
f 118 1347 1876
f 1876 1347 116
f 797 1876 795
f 799 1877 1323
f 178 797 1877
f 1877 797 176
f 1323 1877 796
f 801 1878 800
f 120 1346 1878
f 1878 1346 118
f 800 1878 798
f 181 802 1879
f 180 800 1879
f 1879 800 178
f 1879 799 179
f 804 1880 803
f 122 1345 1880
f 1880 1345 120
f 803 1880 801
f 805 1881 1321
f 182 803 1881
f 1881 803 180
f 1321 1881 802
f 807 1882 806
f 124 1344 1882
f 1882 1344 122
f 806 1882 804
f 808 1883 1320
f 184 806 1883
f 1883 806 182
f 1320 1883 805
f 810 1884 809
f 126 1343 1884
f 1884 1343 124
f 809 1884 807
f 811 1885 1319
f 186 809 1885
f 1885 809 184
f 1319 1885 808
f 813 1886 812
f 128 1342 1886
f 1886 1342 126
f 812 1886 810
f 814 1887 1318
f 188 812 1887
f 1887 812 186
f 1318 1887 811
f 816 1888 815
f 130 1341 1888
f 1888 1341 128
f 815 1888 813
f 817 1889 1317
f 190 815 1889
f 1889 815 188
f 1317 1889 814
f 819 1890 818
f 132 1340 1890
f 1890 1340 130
f 818 1890 816
f 820 1891 1316
f 192 818 1891
f 1891 818 190
f 1316 1891 817
f 822 1892 821
f 134 1339 1892
f 1892 1339 132
f 821 1892 819
f 195 823 1893
f 194 821 1893
f 1893 821 192
f 1315 1893 820
f 825 1894 824
f 136 1338 1894
f 1894 1338 134
f 824 1894 822
f 826 1895 1314
f 196 824 1895
f 1895 824 194
f 1314 1895 823
f 828 1896 827
f 138 1337 1896
f 1896 1337 136
f 827 1896 825
f 829 1897 1313
f 198 827 1897
f 1897 827 196
f 1897 826 197
f 831 1898 830
f 140 1336 1898
f 1898 1336 138
f 830 1898 828
f 832 1899 1312
f 200 830 1899
f 1899 830 198
f 1899 829 199
f 834 1900 833
f 142 1335 1900
f 1335 140 831
f 1900 831 200
f 835 1901 1311
f 202 833 1901
f 833 200 832
f 1901 832 201
f 212 844 1904
f 844 151 1334
f 1904 1334 149
f 843 1904 841
f 213 845 1905
f 845 212 843
f 1905 843 210
f 849 1905 842
f 850 1906 848
f 154 846 1906
f 1906 846 212
f 848 1906 845
f 847 1907 934
f 213 849 1907
f 849 211 932
f 1907 932 269
f 216 851 1908
f 851 215 848
f 848 213 847
f 1908 847 214
f 218 856 1909
f 856 157 852
f 852 215 851
f 1909 851 216
f 217 853 1910
f 853 216 855
f 855 214 937
f 1910 937 272
f 219 857 1911
f 857 218 854
f 854 216 853
f 1911 853 217
f 220 859 1912
f 859 159 1333
f 1333 157 856
f 1912 856 218
f 221 860 1913
f 860 220 858
f 858 218 857
f 1913 857 219
f 222 862 1914
f 862 161 1332
f 1332 159 859
f 1914 859 220
f 223 863 1915
f 863 222 861
f 861 220 860
f 1915 860 221
f 224 865 1916
f 865 163 1331
f 1331 161 862
f 1916 862 222
f 225 866 1917
f 866 224 864
f 864 222 863
f 1917 863 223
f 226 868 1918
f 868 165 1330
f 1330 163 865
f 1918 865 224
f 227 869 1919
f 869 226 867
f 867 224 866
f 1919 866 225
f 228 871 1920
f 871 167 1329
f 1329 165 868
f 1920 868 226
f 229 872 1921
f 872 228 870
f 870 226 869
f 1921 869 227
f 230 874 1922
f 169 1328 1922
f 1328 167 871
f 1922 871 228
f 231 875 1923
f 875 230 873
f 873 228 872
f 1923 872 229
f 232 877 1924
f 171 1327 1924
f 1327 169 874
f 1924 874 230
f 233 878 1925
f 878 232 876
f 876 230 875
f 1925 875 231
f 234 880 1926
f 880 173 1326
f 1326 171 877
f 1926 877 232
f 235 881 1927
f 881 234 879
f 879 232 878
f 1927 878 233
f 236 883 1928
f 883 175 1325
f 1325 173 880
f 1928 880 234
f 237 884 1929
f 884 236 882
f 882 234 881
f 1929 881 235
f 238 886 1930
f 886 177 1324
f 1324 175 883
f 1930 883 236
f 239 887 1931
f 887 238 885
f 885 236 884
f 1931 884 237
f 240 889 1932
f 889 179 1323
f 1323 177 886
f 1932 886 238
f 241 890 1933
f 890 240 888
f 888 238 887
f 1933 887 239
f 242 892 1934
f 892 181 1322
f 1322 179 889
f 1934 889 240
f 243 893 1935
f 893 242 891
f 891 240 890
f 1935 890 241
f 244 895 1936
f 895 183 1321
f 1321 181 892
f 1936 892 242
f 245 896 1937
f 896 244 894
f 894 242 893
f 1937 893 243
f 246 898 1938
f 898 185 1320
f 1320 183 895
f 1938 895 244
f 247 899 1939
f 899 246 897
f 897 244 896
f 1939 896 245
f 248 901 1940
f 187 1319 1940
f 1319 185 898
f 1940 898 246
f 249 902 1941
f 902 248 900
f 900 246 899
f 1941 899 247
f 250 904 1942
f 904 189 1318
f 1318 187 901
f 1942 901 248
f 251 905 1943
f 905 250 903
f 903 248 902
f 1943 902 249
f 252 907 1944
f 907 191 1317
f 1317 189 904
f 1944 904 250
f 253 908 1945
f 908 252 906
f 906 250 905
f 1945 905 251
f 254 910 1946
f 193 1316 1946
f 1946 1316 191
f 1946 907 252
f 255 911 1947
f 911 254 909
f 909 252 908
f 1947 908 253
f 256 913 1948
f 913 195 1315
f 1315 193 910
f 1948 910 254
f 257 914 1949
f 914 256 912
f 912 254 911
f 1949 911 255
f 258 916 1950
f 916 197 1314
f 1314 195 913
f 1950 913 256
f 259 917 1951
f 917 258 915
f 915 256 914
f 1951 914 257
f 260 919 1952
f 919 199 1313
f 1313 197 916
f 1952 916 258
f 261 920 1953
f 920 260 918
f 918 258 917
f 1953 917 259
f 262 922 1954
f 922 201 1312
f 1312 199 919
f 1954 919 260
f 263 923 1955
f 923 262 921
f 921 260 920
f 1955 920 261
f 264 925 1956
f 925 203 1311
f 1956 1311 201
f 924 1956 922
f 265 926 1957
f 926 264 924
f 1957 924 262
f 1285 1957 923
f 937 1960 936
f 214 934 1960
f 934 269 933
f 1960 933 270
f 938 1961 942
f 272 936 1961
f 936 270 935
f 1961 935 271
f 275 943 1962
f 943 217 939
f 939 272 938
f 1962 938 273
f 277 946 1965
f 946 219 1308
f 1308 217 943
f 1965 943 275
f 279 949 1967
f 949 221 1307
f 1307 219 946
f 1967 946 277
f 281 952 1969
f 952 223 1306
f 1306 221 949
f 1969 949 279
f 283 955 1971
f 955 225 1305
f 1305 223 952
f 1971 952 281
f 285 958 1973
f 958 227 1304
f 1304 225 955
f 1973 955 283
f 287 961 1975
f 961 229 1303
f 1303 227 958
f 1975 958 285
f 289 964 1977
f 964 231 1302
f 1302 229 961
f 1977 961 287
f 291 967 1979
f 967 233 1301
f 1301 231 964
f 1979 964 289
f 293 970 1981
f 970 235 1300
f 1300 233 967
f 1981 967 291
f 295 973 1983
f 973 237 1299
f 1299 235 970
f 1983 970 293
f 297 976 1985
f 976 239 1298
f 1298 237 973
f 1985 973 295
f 299 979 1987
f 979 241 1297
f 1297 239 976
f 1987 976 297
f 301 982 1989
f 982 243 1296
f 1296 241 979
f 1989 979 299
f 303 985 1991
f 985 245 1295
f 1295 243 982
f 1991 982 301
f 305 988 1993
f 988 247 1294
f 1294 245 985
f 1993 985 303
f 307 991 1995
f 991 249 1293
f 1293 247 988
f 1995 988 305
f 309 994 1997
f 994 251 1292
f 1292 249 991
f 1997 991 307
f 311 997 1999
f 997 253 1291
f 1291 251 994
f 1999 994 309
f 313 1000 2001
f 1000 255 1290
f 1290 253 997
f 2001 997 311
f 315 1003 2003
f 1003 257 1289
f 1289 255 1000
f 2003 1000 313
f 317 1006 2005
f 1006 259 1288
f 1288 257 1003
f 2005 1003 315
f 319 1009 2007
f 1009 261 1287
f 1287 259 1006
f 2007 1006 317
f 321 1012 2009
f 1012 263 1286
f 1286 261 1009
f 2009 1009 319
f 323 1015 2011
f 1015 265 1285
f 2011 1285 263
f 1014 2011 1012
f 1516 2211 1515
f 1516 482 1517
f 2211 1517 484
f 1515 2211 1518
f 482 1522 2213
f 1522 485 1523
f 2213 1523 487
f 1517 2213 1524
f 1530 2216 1531
f 490 1532 2216
f 1532 489 1533
f 1531 2216 1533
f 1536 2218 1532
f 493 1537 2218
f 1537 492 1538
f 2218 1538 489
f 1539 2219 1523
f 494 1540 2219
f 1540 496 1541
f 2219 1541 487
f 1544 2221 1540
f 1544 497 1545
f 1545 499 1546
f 2221 1546 496
f 493 1551 2224
f 1551 511 1552
f 2224 1552 510
f 1537 2224 1553
f 511 1556 2226
f 1556 514 1557
f 1557 513 1558
f 1552 2226 1558
f 1560 2227 1559
f 513 1557 2227
f 1557 514 1561
f 2227 1561 508
f 1565 2229 1564
f 507 1559 2229
f 1559 508 1566
f 2229 1566 505
f 501 1570 2231
f 1570 504 1564
f 2231 1564 505
f 1569 2231 1571
f 497 1574 2233
f 1574 501 1569
f 2233 1569 502
f 1545 2233 1575
f 478 1579 2236
f 1579 481 1531
f 2236 1531 480
f 1580 2236 1581
f 475 1584 2238
f 1584 478 1580
f 2238 1580 476
f 1585 2238 1586
f 1589 2240 1590
f 475 1585 2240
f 1585 473 1591
f 2240 1591 470
f 1593 2242 1515
f 472 1590 2242
f 1590 470 1594
f 2242 1594 468
f 470 1595 2243
f 1595 144 741
f 2243 741 143
f 1594 2243 1596
f 482 1516 2244
f 1516 468 1598
f 1598 142 834
f 2244 834 202
f 1596 2245 1598
f 143 739 2245
f 739 141 738
f 2245 738 142
f 473 1601 2247
f 1601 145 743
f 2247 743 144
f 1591 2247 1595
f 1603 2249 1586
f 146 745 2249
f 745 145 1601
f 2249 1601 473
f 1605 2251 1581
f 147 747 2251
f 747 146 1603
f 2251 1603 476
f 149 751 2253
f 751 148 749
f 2253 749 147
f 1607 2253 1605
f 210 841 2254
f 841 149 1607
f 1607 480 1533
f 2254 1533 489
f 485 1522 2255
f 1522 482 1597
f 1597 202 835
f 2255 835 203
f 1539 2257 1611
f 485 1609 2257
f 2257 1609 203
f 1611 2257 925
f 211 842 2260
f 842 210 1608
f 1608 489 1538
f 2260 1538 492
f 932 2262 1616
f 211 1614 2262
f 2262 1614 492
f 1616 2262 1553
f 1544 2263 1617
f 494 1611 2263
f 2263 1611 264
f 1617 2263 926
f 325 1619 2265
f 1619 497 1617
f 2265 1617 265
f 1017 2265 1015
f 1620 2266 1019
f 501 1574 2266
f 1574 497 1619
f 2266 1619 325
f 1622 2268 1021
f 504 1570 2268
f 1570 501 1620
f 2268 1620 327
f 331 1624 2270
f 1624 507 1565
f 2270 1565 504
f 1023 2270 1622
f 333 1625 2272
f 1625 513 1560
f 2272 1560 507
f 1025 2272 1624
f 933 2273 1626
f 269 1616 2273
f 2273 1616 510
f 1626 2273 1558
f 935 2274 1027
f 270 1626 2274
f 1626 513 1625
f 2274 1625 333
