# Blender 4.4.3
# www.blender.org
mtllib 11_ball.mtl
o Stripe.005
v -0.165054 -0.118875 0.825402
v -0.163216 -0.118252 0.821588
v -0.171414 -0.116088 0.822045
v -0.158382 -0.120208 0.829054
v -0.167388 -0.118862 0.828988
v -0.173022 -0.116079 0.824515
v -0.161353 -0.120191 0.833618
v -0.170130 -0.118213 0.832208
v -0.174911 -0.115632 0.826734
v -0.164842 -0.119365 0.837717
v -0.173173 -0.116953 0.834940
v -0.177007 -0.114764 0.828615
v -0.168716 -0.117761 0.841193
v -0.176401 -0.115130 0.837077
v -0.179231 -0.113508 0.830087
v -0.172824 -0.115441 0.843913
v -0.179690 -0.112815 0.838538
v -0.181496 -0.111914 0.831093
v -0.177010 -0.112495 0.845773
v -0.182913 -0.110096 0.839266
v -0.183716 -0.110041 0.831595
v -0.181112 -0.109034 0.846700
v -0.185947 -0.107079 0.839234
v -0.185806 -0.107962 0.831573
v -0.184974 -0.105194 0.846659
v -0.188674 -0.103878 0.838443
v -0.187685 -0.105758 0.831028
v -0.188445 -0.101120 0.845652
v -0.190991 -0.100617 0.836923
v -0.189280 -0.103512 0.829981
v -0.191394 -0.096970 0.843717
v -0.192808 -0.097422 0.834732
v -0.190532 -0.101311 0.828472
v -0.193706 -0.092903 0.840929
v -0.194055 -0.094414 0.831955
v -0.191391 -0.099239 0.826559
v -0.195293 -0.089075 0.837395
v -0.194684 -0.091710 0.828699
v -0.191824 -0.097377 0.824316
v -0.196094 -0.085633 0.833250
v -0.194671 -0.089414 0.825088
v -0.191815 -0.095795 0.821829
v -0.196078 -0.082711 0.828655
v -0.194017 -0.087613 0.821262
v -0.191365 -0.094555 0.819194
v -0.195245 -0.080419 0.823785
v -0.192747 -0.086378 0.817367
v -0.190490 -0.093703 0.816511
v -0.193628 -0.078847 0.818828
v -0.190909 -0.085755 0.813553
v -0.189224 -0.093274 0.813884
v -0.191289 -0.078053 0.813974
v -0.188575 -0.085768 0.809967
v -0.187616 -0.093283 0.811414
v -0.188318 -0.078070 0.809409
v -0.185833 -0.086417 0.806746
v -0.185728 -0.093731 0.809195
v -0.184829 -0.078897 0.805310
v -0.182790 -0.087677 0.804015
v -0.183631 -0.094599 0.807314
v -0.180955 -0.080500 0.801834
v -0.179562 -0.089500 0.801878
v -0.181408 -0.095854 0.805842
v -0.176847 -0.082820 0.799114
v -0.176273 -0.091815 0.800417
v -0.179142 -0.097449 0.804835
v -0.172661 -0.085767 0.797254
v -0.173050 -0.094534 0.799689
v -0.176922 -0.099321 0.804334
v -0.168559 -0.089227 0.796327
v -0.170016 -0.097551 0.799721
v -0.174833 -0.101400 0.804356
v -0.164697 -0.093068 0.796368
v -0.167289 -0.100752 0.800512
v -0.172954 -0.103605 0.804901
v -0.161226 -0.097141 0.797375
v -0.164972 -0.104013 0.802032
v -0.171358 -0.105851 0.805948
v -0.158277 -0.101292 0.799310
v -0.163155 -0.107208 0.804223
v -0.170107 -0.108052 0.807457
v -0.155965 -0.105359 0.802098
v -0.161908 -0.110216 0.807000
v -0.169248 -0.110123 0.809370
v -0.154378 -0.109186 0.805632
v -0.161279 -0.112920 0.810256
v -0.168814 -0.111986 0.811612
v -0.153577 -0.112628 0.809777
v -0.161292 -0.115216 0.813867
v -0.168823 -0.113568 0.814100
v -0.153593 -0.115551 0.814372
v -0.161946 -0.117017 0.817693
v -0.169274 -0.114808 0.816735
v -0.154426 -0.117842 0.819242
v -0.147003 -0.117253 0.821324
v -0.156043 -0.119415 0.824200
v -0.148904 -0.119102 0.827153
v -0.142074 -0.117326 0.830335
v -0.151654 -0.120035 0.832861
v -0.145130 -0.118362 0.836677
v -0.155148 -0.120015 0.838228
v -0.149013 -0.118340 0.842640
v -0.159251 -0.119043 0.843048
v -0.153572 -0.117261 0.847996
v -0.163806 -0.117157 0.847136
v -0.158633 -0.115165 0.852538
v -0.168637 -0.114430 0.850334
v -0.164001 -0.112134 0.856092
v -0.173559 -0.110965 0.852521
v -0.169470 -0.108285 0.858522
v -0.178383 -0.106896 0.853611
v -0.174830 -0.103764 0.859733
v -0.182919 -0.102288 0.853600
v -0.179816 -0.098389 0.859856
v -0.187004 -0.097233 0.852499
v -0.190551 -0.092717 0.849969
v -0.193295 -0.088176 0.846577
v -0.195064 -0.083581 0.842653
v -0.195862 -0.079298 0.838137
v -0.195945 -0.075914 0.832481
v -0.194227 -0.069211 0.836491
v -0.195001 -0.073248 0.826665
v -0.193295 -0.066376 0.829793
v -0.193100 -0.071399 0.820836
v -0.191183 -0.064321 0.823316
v -0.190350 -0.070466 0.815129
v -0.188127 -0.063285 0.816974
v -0.186856 -0.070486 0.809762
v -0.184245 -0.063307 0.811010
v -0.182753 -0.071458 0.804942
v -0.179686 -0.064387 0.805655
v -0.178198 -0.073344 0.800854
v -0.174625 -0.066482 0.801112
v -0.173367 -0.076071 0.797655
v -0.169257 -0.069513 0.797558
v -0.168445 -0.079536 0.795469
v -0.163787 -0.073363 0.795129
v -0.163621 -0.083605 0.794379
v -0.158427 -0.077884 0.793918
v -0.159081 -0.088121 0.794427
v -0.153383 -0.082902 0.793971
v -0.154999 -0.092911 0.795611
v -0.148847 -0.088225 0.795287
v -0.151532 -0.097791 0.797886
v -0.144994 -0.093647 0.797815
v -0.148813 -0.102574 0.801165
v -0.141973 -0.098961 0.801458
v -0.146947 -0.107075 0.805320
v -0.139900 -0.103962 0.806076
v -0.146005 -0.111122 0.810194
v -0.138853 -0.108459 0.811491
v -0.146024 -0.114558 0.815598
v -0.138874 -0.112277 0.817495
v -0.132419 -0.108795 0.819992
v -0.139962 -0.115272 0.823858
v -0.133574 -0.111974 0.826747
v -0.128084 -0.107487 0.829879
v -0.135817 -0.114155 0.833622
v -0.130371 -0.109711 0.836890
v -0.139061 -0.115255 0.840355
v -0.133678 -0.110833 0.843754
v -0.143182 -0.115232 0.846686
v -0.137880 -0.110809 0.850209
v -0.148022 -0.114086 0.852372
v -0.142815 -0.109640 0.856006
v -0.153395 -0.111861 0.857193
v -0.148293 -0.107372 0.860922
v -0.159093 -0.108644 0.860966
v -0.154103 -0.104092 0.864769
v -0.164899 -0.104557 0.863545
v -0.160023 -0.099924 0.867399
v -0.170589 -0.099757 0.864831
v -0.165825 -0.095031 0.868710
v -0.175727 -0.094442 0.864929
v -0.171053 -0.089887 0.868743
v -0.184952 -0.083023 0.860889
v -0.180416 -0.078071 0.864730
v -0.188284 -0.077449 0.856883
v -0.183807 -0.072160 0.860726
v -0.190415 -0.071960 0.852030
v -0.186070 -0.066622 0.855562
v -0.191257 -0.062999 0.839750
v -0.187005 -0.057588 0.842877
v -0.190192 -0.060067 0.833047
v -0.185812 -0.054563 0.836303
v -0.187950 -0.057885 0.826171
v -0.183525 -0.052339 0.829293
v -0.184705 -0.056785 0.819439
v -0.180217 -0.051217 0.822428
v -0.180584 -0.056809 0.813108
v -0.176015 -0.051241 0.815973
v -0.175744 -0.057955 0.807422
v -0.171081 -0.052410 0.810176
v -0.170372 -0.060179 0.802600
v -0.165603 -0.054678 0.805260
v -0.164673 -0.063397 0.798827
v -0.159792 -0.057958 0.801413
v -0.158867 -0.067484 0.796248
v -0.153873 -0.062126 0.798783
v -0.153177 -0.072283 0.794962
v -0.148071 -0.067019 0.797472
v -0.147821 -0.077611 0.795019
v -0.142611 -0.072451 0.797530
v -0.143006 -0.083261 0.796416
v -0.137701 -0.078212 0.798954
v -0.138916 -0.089018 0.799100
v -0.133531 -0.084081 0.801691
v -0.135709 -0.094659 0.802967
v -0.130261 -0.089833 0.805633
v -0.133508 -0.099968 0.807869
v -0.128017 -0.095246 0.810632
v -0.132397 -0.104741 0.813617
v -0.126884 -0.100113 0.816493
v -0.122527 -0.094751 0.820006
v -0.126907 -0.104246 0.822992
v -0.122549 -0.098805 0.826380
v -0.119513 -0.092680 0.830026
v -0.123704 -0.101983 0.833135
v -0.120601 -0.095674 0.836389
v -0.125946 -0.104165 0.840011
v -0.122713 -0.097729 0.842866
v -0.129190 -0.105265 0.846744
v -0.125769 -0.098765 0.849208
v -0.133312 -0.105241 0.853074
v -0.129651 -0.098743 0.855172
v -0.138152 -0.104095 0.858760
v -0.134210 -0.097663 0.860527
v -0.143524 -0.101871 0.863582
v -0.139271 -0.095568 0.865070
v -0.149223 -0.098653 0.867355
v -0.144639 -0.092537 0.868624
v -0.155029 -0.094566 0.869934
v -0.150108 -0.088687 0.871053
v -0.160719 -0.089767 0.871220
v -0.155468 -0.084166 0.872264
v -0.166107 -0.084705 0.871156
v -0.160892 -0.079233 0.872105
v -0.175102 -0.073053 0.867265
v -0.178201 -0.067244 0.863409
v -0.180566 -0.061990 0.858406
v -0.181636 -0.053261 0.845976
v -0.175302 -0.050056 0.848740
v -0.180322 -0.050076 0.839436
v -0.173934 -0.046779 0.842324
v -0.178079 -0.047895 0.832560
v -0.171821 -0.044724 0.835847
v -0.174835 -0.046795 0.825827
v -0.168765 -0.043688 0.829505
v -0.170714 -0.046818 0.819496
v -0.164883 -0.043710 0.823542
v -0.165874 -0.047964 0.813811
v -0.160324 -0.044789 0.818186
v -0.160501 -0.050189 0.808989
v -0.155263 -0.046885 0.813644
v -0.154803 -0.053406 0.805216
v -0.149895 -0.049916 0.810090
v -0.148996 -0.057493 0.802637
v -0.144426 -0.053765 0.807661
v -0.143306 -0.062293 0.801351
v -0.139066 -0.058286 0.806449
v -0.137951 -0.067620 0.801408
v -0.134021 -0.063305 0.806503
v -0.133136 -0.073270 0.802805
v -0.129485 -0.068627 0.807819
v -0.129046 -0.079027 0.805488
v -0.125633 -0.074050 0.810346
v -0.125839 -0.084668 0.809355
v -0.122612 -0.079364 0.813989
v -0.123638 -0.089977 0.814257
v -0.120538 -0.084365 0.818607
v -0.118838 -0.078624 0.823513
v -0.119492 -0.088861 0.824022
v -0.117897 -0.082671 0.828386
v -0.117802 -0.076417 0.832932
v -0.117916 -0.086107 0.833790
v -0.117818 -0.079339 0.837527
v -0.118894 -0.088802 0.839517
v -0.118651 -0.081631 0.842397
v -0.120796 -0.090651 0.845346
v -0.120267 -0.083203 0.847355
v -0.123546 -0.091584 0.851054
v -0.122606 -0.083997 0.852208
v -0.127040 -0.091564 0.856421
v -0.125578 -0.083980 0.856773
v -0.131143 -0.090592 0.861241
v -0.129067 -0.083153 0.860872
v -0.135697 -0.088706 0.865328
v -0.132940 -0.081550 0.864348
v -0.140529 -0.085979 0.868527
v -0.137049 -0.079230 0.867068
v -0.145451 -0.082514 0.870713
v -0.141235 -0.076283 0.868928
v -0.150275 -0.078445 0.871803
v -0.145337 -0.072823 0.869855
v -0.154910 -0.073938 0.871729
v -0.149198 -0.068982 0.869814
v -0.159256 -0.069147 0.870459
v -0.152670 -0.064909 0.868807
v -0.162301 -0.064122 0.868254
v -0.155618 -0.060758 0.866872
v -0.164764 -0.059298 0.865043
v -0.157931 -0.056691 0.864084
v -0.166813 -0.054986 0.860938
v -0.159518 -0.052864 0.860550
v -0.168114 -0.051212 0.856096
v -0.160318 -0.049422 0.856405
v -0.167936 -0.047564 0.850609
v -0.160302 -0.046499 0.851810
v -0.166893 -0.044797 0.844858
v -0.159470 -0.044208 0.846940
v -0.164992 -0.042948 0.839029
v -0.157853 -0.042635 0.841983
v -0.162242 -0.042015 0.833321
v -0.155514 -0.041842 0.837129
v -0.158748 -0.042035 0.827954
v -0.152543 -0.041859 0.832564
v -0.154645 -0.043007 0.823134
v -0.149054 -0.042685 0.828465
v -0.150090 -0.044893 0.819046
v -0.145180 -0.044289 0.824989
v -0.145259 -0.047620 0.815848
v -0.141072 -0.046609 0.822269
v -0.140337 -0.051085 0.813662
v -0.136886 -0.049555 0.820409
v -0.135513 -0.055154 0.812571
v -0.132783 -0.053016 0.819482
v -0.130973 -0.059670 0.812620
v -0.128922 -0.056856 0.819523
v -0.126891 -0.064460 0.813804
v -0.125451 -0.060930 0.820530
v -0.123423 -0.069340 0.816079
v -0.122502 -0.065080 0.822465
v -0.120705 -0.074123 0.819357
v -0.120190 -0.069147 0.825253
v -0.121088 -0.064628 0.831450
v -0.118603 -0.072975 0.828787
v -0.119841 -0.067636 0.834227
v -0.122505 -0.062811 0.839623
v -0.119212 -0.070340 0.837483
v -0.122072 -0.064673 0.841866
v -0.119225 -0.072636 0.841094
v -0.122081 -0.066255 0.844353
v -0.119879 -0.074437 0.844920
v -0.122531 -0.067495 0.846989
v -0.121149 -0.075672 0.848815
v -0.123406 -0.068347 0.849671
v -0.122987 -0.076295 0.852629
v -0.124672 -0.068776 0.852298
v -0.125321 -0.076282 0.856215
v -0.126280 -0.068767 0.854769
v -0.128063 -0.075633 0.859436
v -0.128168 -0.068319 0.856987
v -0.131106 -0.074373 0.862167
v -0.130265 -0.067451 0.858868
v -0.134334 -0.072550 0.864304
v -0.132488 -0.066196 0.860340
v -0.137623 -0.070235 0.865765
v -0.134754 -0.064601 0.861347
v -0.140846 -0.067516 0.866493
v -0.136974 -0.062729 0.861848
v -0.143880 -0.064499 0.866461
v -0.139063 -0.060650 0.861826
v -0.146607 -0.061298 0.865670
v -0.140942 -0.058445 0.861281
v -0.148924 -0.058037 0.864150
v -0.142538 -0.056199 0.860234
v -0.150741 -0.054842 0.861959
v -0.143789 -0.053998 0.858725
v -0.151988 -0.051834 0.859183
v -0.144648 -0.051927 0.856813
v -0.152617 -0.049130 0.855926
v -0.145081 -0.050064 0.854570
v -0.152604 -0.046834 0.852316
v -0.145073 -0.048482 0.852083
v -0.151950 -0.045033 0.848489
v -0.144622 -0.047242 0.849447
v -0.150680 -0.043798 0.844594
v -0.143747 -0.046391 0.846764
v -0.148842 -0.043175 0.840781
v -0.142481 -0.045962 0.844137
v -0.146508 -0.043188 0.837194
v -0.140873 -0.045971 0.841667
v -0.143766 -0.043837 0.833974
v -0.138985 -0.046418 0.839449
v -0.140723 -0.045097 0.831242
v -0.136889 -0.047286 0.837567
v -0.137495 -0.046920 0.829105
v -0.134665 -0.048542 0.836095
v -0.134206 -0.049235 0.827644
v -0.132400 -0.050136 0.835089
v -0.130983 -0.051954 0.826916
v -0.130180 -0.052009 0.834587
v -0.127949 -0.054971 0.826948
v -0.128090 -0.054088 0.834609
v -0.125221 -0.058172 0.827739
v -0.126211 -0.056292 0.835154
v -0.122905 -0.061433 0.829260
v -0.124615 -0.058538 0.836201
v -0.127417 -0.056548 0.842784
v -0.123364 -0.060739 0.837710
v -0.126756 -0.057712 0.843582
v -0.126301 -0.058808 0.844593
v -0.131550 -0.055317 0.849530
v -0.138238 -0.052068 0.852496
v -0.127447 -0.061961 0.851295
v -0.126778 -0.061734 0.849906
v -0.126315 -0.061284 0.848488
v -0.126077 -0.060629 0.847094
v -0.126072 -0.059792 0.845779
v -0.128261 -0.055361 0.842231
v -0.129254 -0.054195 0.841942
v -0.130359 -0.053096 0.841931
v -0.131533 -0.052106 0.842196
v -0.132731 -0.051263 0.842728
v -0.133906 -0.050599 0.843506
v -0.135015 -0.050140 0.844501
v -0.136013 -0.049904 0.845674
v -0.136864 -0.049899 0.846980
v -0.137533 -0.050126 0.848369
v -0.137995 -0.050576 0.849788
v -0.138234 -0.051232 0.851181
v -0.138009 -0.053053 0.853682
v -0.137555 -0.054148 0.854693
v -0.136893 -0.055312 0.855491
v -0.136050 -0.056499 0.856045
v -0.135056 -0.057665 0.856333
v -0.133951 -0.058764 0.856345
v -0.132777 -0.059754 0.856080
v -0.131580 -0.060597 0.855547
v -0.130404 -0.061261 0.854769
v -0.129296 -0.061720 0.853774
v -0.128297 -0.061957 0.852601
v -0.175900 -0.111474 0.816394
v -0.170149 -0.115659 0.819418
v -0.176363 -0.111924 0.817813
v -0.182346 -0.106733 0.816652
v -0.177032 -0.112151 0.819202
v -0.177883 -0.112146 0.820508
v -0.178881 -0.111910 0.821681
v -0.179989 -0.111451 0.822676
v -0.181165 -0.110787 0.823454
v -0.182363 -0.109944 0.823986
v -0.183537 -0.108954 0.824251
v -0.184642 -0.107855 0.824240
v -0.185635 -0.106689 0.823952
v -0.186479 -0.105502 0.823398
v -0.187140 -0.104338 0.822600
v -0.187594 -0.103242 0.821589
v -0.187824 -0.102258 0.820403
v -0.187819 -0.101421 0.819088
v -0.187581 -0.100766 0.817694
v -0.187118 -0.100316 0.816276
v -0.186449 -0.100089 0.814887
v -0.185599 -0.100093 0.813581
v -0.184600 -0.100330 0.812408
v -0.183492 -0.100789 0.811413
v -0.182316 -0.101453 0.810635
v -0.181118 -0.102296 0.810103
v -0.179944 -0.103286 0.809837
v -0.178840 -0.104385 0.809849
v -0.177846 -0.105551 0.810137
v -0.177002 -0.106738 0.810691
v -0.176341 -0.107902 0.811489
v -0.175887 -0.108997 0.812500
v -0.175658 -0.109982 0.813686
v -0.175662 -0.110818 0.815001
v -0.184563 -0.089389 0.860091
v -0.184311 -0.091597 0.859244
v -0.184524 -0.089571 0.860056
v -0.189219 -0.088844 0.854375
v -0.188542 -0.087480 0.855925
v -0.188866 -0.087910 0.855339
v -0.192328 -0.084791 0.850208
v -0.191747 -0.083385 0.851606
v -0.192037 -0.084000 0.851017
v -0.193895 -0.079376 0.846793
v -0.193329 -0.077788 0.848163
v -0.193549 -0.078428 0.847747
v -0.193128 -0.072047 0.846203
v -0.193743 -0.072500 0.843951
v -0.193180 -0.072045 0.846021
v -0.179009 -0.089772 0.864592
v -0.180276 -0.088152 0.864173
v -0.179720 -0.088661 0.864466
v -0.174361 -0.086226 0.868128
v -0.175632 -0.084686 0.867685
v -0.175095 -0.085368 0.867921
v -0.191015 -0.066408 0.846760
v -0.191101 -0.065290 0.844986
v -0.190993 -0.065837 0.846188
v -0.187230 -0.061203 0.848879
v -0.187281 -0.060066 0.847179
v -0.187289 -0.060679 0.848149
v -0.170393 -0.081051 0.870169
v -0.171743 -0.079516 0.869696
v -0.171376 -0.080215 0.869867
v -0.167010 -0.074085 0.870442
v -0.169334 -0.073974 0.869948
v -0.169157 -0.074017 0.870001
v -0.169430 -0.068135 0.868295
v -0.167602 -0.066964 0.868366
v -0.168823 -0.067623 0.868312
v -0.171117 -0.062504 0.864958
v -0.169316 -0.061500 0.865102
v -0.170348 -0.062047 0.865055
v -0.174217 -0.058443 0.860533
v -0.172279 -0.057495 0.860784
v -0.173506 -0.058141 0.860719
v -0.182482 -0.057771 0.852283
v -0.182484 -0.056568 0.850563
v -0.182648 -0.057391 0.851589
v -0.177899 -0.056632 0.856060
v -0.176442 -0.054988 0.855149
v -0.177813 -0.056491 0.855967
v -0.182743 -0.080550 0.862934
v -0.186747 -0.080227 0.858939
v -0.186118 -0.074731 0.858941
v -0.189463 -0.074727 0.854535
v -0.188341 -0.069216 0.853858
v -0.177833 -0.075580 0.866112
v -0.176711 -0.070069 0.865435
v -0.181151 -0.069704 0.862156
v -0.179427 -0.064569 0.861031
v -0.183431 -0.064246 0.857036
v -0.185026 -0.069399 0.858291
v -0.182242 -0.075036 0.862805
v -0.182842 -0.088891 0.861834
v -0.178148 -0.086348 0.865922
v -0.192323 -0.069695 0.846461
v -0.189227 -0.063916 0.847959
v -0.173778 -0.081925 0.868751
v -0.170357 -0.076254 0.869914
v -0.184857 -0.059494 0.850787
v -0.179838 -0.057058 0.854542
v -0.176410 -0.057337 0.857963
v -0.172869 -0.060464 0.862751
v -0.170421 -0.065421 0.866720
v -0.169398 -0.071535 0.869333
v -0.193282 -0.074414 0.847043
v -0.192585 -0.080420 0.849990
v -0.190136 -0.085377 0.853960
v -0.186270 -0.088612 0.858413
v -0.182488 -0.085838 0.862705
v -0.186945 -0.085477 0.858258
v -0.190218 -0.080644 0.854086
v -0.192075 -0.075091 0.849941
v -0.190826 -0.068955 0.849185
v -0.177885 -0.081632 0.866390
v -0.173284 -0.076522 0.868662
v -0.186757 -0.063669 0.852005
v -0.181622 -0.059639 0.855142
v -0.172036 -0.070386 0.867907
v -0.174424 -0.064657 0.864309
v -0.177166 -0.060000 0.859590
v -0.178681 -0.058272 0.856753
v -0.175767 -0.062224 0.862043
v -0.173193 -0.067434 0.866215
v -0.171063 -0.073696 0.869104
v -0.184270 -0.061536 0.853557
v -0.188895 -0.066218 0.850563
v -0.175575 -0.079140 0.867655
v -0.180201 -0.083822 0.864661
v -0.192278 -0.072035 0.847952
v -0.191278 -0.077924 0.852003
v -0.188704 -0.083134 0.856176
v -0.184661 -0.087459 0.860304
v -0.182362 -0.066960 0.859737
v -0.179596 -0.072560 0.864222
v -0.187329 -0.071987 0.856522
v -0.184563 -0.077588 0.861007
v -0.164068 -0.118642 0.823514
v -0.168289 -0.117658 0.823678
v -0.161741 -0.119728 0.827199
v -0.166164 -0.118949 0.827232
v -0.170269 -0.117647 0.826721
v -0.164406 -0.119713 0.831294
v -0.168714 -0.118616 0.830652
v -0.172596 -0.117096 0.829453
v -0.167537 -0.118971 0.834972
v -0.171621 -0.117657 0.833642
v -0.175178 -0.116027 0.831771
v -0.171012 -0.117532 0.838091
v -0.174772 -0.116108 0.836088
v -0.177917 -0.114480 0.833584
v -0.174698 -0.115451 0.840531
v -0.178046 -0.114029 0.837896
v -0.180707 -0.112516 0.834824
v -0.178454 -0.112808 0.842199
v -0.181318 -0.111500 0.838996
v -0.183442 -0.110209 0.835442
v -0.182134 -0.109703 0.843031
v -0.184461 -0.108618 0.839346
v -0.186016 -0.107649 0.835415
v -0.185598 -0.106258 0.842994
v -0.187356 -0.105494 0.838932
v -0.188331 -0.104933 0.834743
v -0.188713 -0.102603 0.842091
v -0.189890 -0.102247 0.837771
v -0.190296 -0.102166 0.833453
v -0.191358 -0.098879 0.840355
v -0.191967 -0.099003 0.835906
v -0.191838 -0.099455 0.831595
v -0.193432 -0.095230 0.837853
v -0.193506 -0.095887 0.833411
v -0.192896 -0.096903 0.829239
v -0.194856 -0.091796 0.834683
v -0.194449 -0.093018 0.830380
v -0.193429 -0.094609 0.826476
v -0.195575 -0.088709 0.830964
v -0.194758 -0.090505 0.826929
v -0.193419 -0.092660 0.823412
v -0.195560 -0.086087 0.826841
v -0.194423 -0.088447 0.823193
v -0.192864 -0.091133 0.820166
v -0.194813 -0.084031 0.822472
v -0.193457 -0.086922 0.819314
v -0.191786 -0.090084 0.816861
v -0.193363 -0.082620 0.818025
v -0.191895 -0.085988 0.815441
v -0.190227 -0.089556 0.813625
v -0.191265 -0.081908 0.813670
v -0.189799 -0.085681 0.811723
v -0.188246 -0.089567 0.810582
v -0.188599 -0.081923 0.809575
v -0.187249 -0.086014 0.808303
v -0.185920 -0.090118 0.807849
v -0.185468 -0.082665 0.805898
v -0.184342 -0.086973 0.805313
v -0.183338 -0.091187 0.805532
v -0.181993 -0.084104 0.802779
v -0.181191 -0.088522 0.802867
v -0.180599 -0.092733 0.803718
v -0.178307 -0.086185 0.800338
v -0.177917 -0.090601 0.801059
v -0.177808 -0.094698 0.802479
v -0.174552 -0.088828 0.798670
v -0.174645 -0.093130 0.799959
v -0.175073 -0.097004 0.801861
v -0.170871 -0.091933 0.797838
v -0.171502 -0.096012 0.799609
v -0.172499 -0.099565 0.801888
v -0.167407 -0.095378 0.797875
v -0.168607 -0.099136 0.800023
v -0.170185 -0.102281 0.802560
v -0.164293 -0.099033 0.798779
v -0.166073 -0.102383 0.801184
v -0.168219 -0.105047 0.803849
v -0.161647 -0.102757 0.800514
v -0.163996 -0.105626 0.803048
v -0.166678 -0.107759 0.805708
v -0.159573 -0.106406 0.803016
v -0.162457 -0.108743 0.805544
v -0.165620 -0.110310 0.808064
v -0.158149 -0.109840 0.806186
v -0.161514 -0.111612 0.808575
v -0.165086 -0.112605 0.810827
v -0.157431 -0.112927 0.809905
v -0.161205 -0.114125 0.812025
v -0.165097 -0.114553 0.813891
v -0.157445 -0.115549 0.814028
v -0.161540 -0.116183 0.815762
v -0.165652 -0.116081 0.817137
v -0.158192 -0.117605 0.818397
v -0.162506 -0.117708 0.819641
v -0.150684 -0.117724 0.820221
v -0.155139 -0.118723 0.821722
v -0.153909 -0.116781 0.816785
v -0.159642 -0.119016 0.822844
v -0.152452 -0.119443 0.825640
v -0.157127 -0.119911 0.826651
v -0.145434 -0.118394 0.828723
v -0.150179 -0.119686 0.830036
v -0.147842 -0.118288 0.824240
v -0.155009 -0.120310 0.830947
v -0.148351 -0.119383 0.834777
v -0.153316 -0.120145 0.835600
v -0.158257 -0.120292 0.835937
v -0.152057 -0.119362 0.840470
v -0.157133 -0.119646 0.840718
v -0.162071 -0.119389 0.840418
v -0.156409 -0.118332 0.845582
v -0.161483 -0.118211 0.845194
v -0.166306 -0.117635 0.844218
v -0.161240 -0.116331 0.849918
v -0.166198 -0.115893 0.848855
v -0.170797 -0.115099 0.847192
v -0.166364 -0.113438 0.853311
v -0.171099 -0.112782 0.851560
v -0.175373 -0.111878 0.849224
v -0.171585 -0.109763 0.855630
v -0.175995 -0.108997 0.853206
v -0.179858 -0.108096 0.850238
v -0.176701 -0.105447 0.856786
v -0.180699 -0.104672 0.853734
v -0.184078 -0.103885 0.850198
v -0.181500 -0.100394 0.856847
v -0.185022 -0.099744 0.853216
v -0.187874 -0.099399 0.849107
v -0.188860 -0.094926 0.851388
v -0.191107 -0.094907 0.846960
v -0.192037 -0.090469 0.848352
v -0.193638 -0.090491 0.843898
v -0.194308 -0.085870 0.844669
v -0.195361 -0.086295 0.840063
v -0.195562 -0.081355 0.840521
v -0.196218 -0.082503 0.835577
v -0.196009 -0.077498 0.835401
v -0.196213 -0.079315 0.830522
v -0.195262 -0.072528 0.834532
v -0.195605 -0.074492 0.829566
v -0.195308 -0.076813 0.825187
v -0.194328 -0.069758 0.828206
v -0.194162 -0.072213 0.823750
v -0.193540 -0.075094 0.819768
v -0.192312 -0.067796 0.822023
v -0.191825 -0.070815 0.817953
v -0.190984 -0.074227 0.814461
v -0.189394 -0.066807 0.815969
v -0.188688 -0.070356 0.812389
v -0.187735 -0.074246 0.809472
v -0.185689 -0.066828 0.810276
v -0.184871 -0.070855 0.807271
v -0.183921 -0.075149 0.804991
v -0.181337 -0.067859 0.805164
v -0.180522 -0.072290 0.802796
v -0.179686 -0.076902 0.801190
v -0.176506 -0.069859 0.800828
v -0.175806 -0.074608 0.799135
v -0.175195 -0.079438 0.798217
v -0.171381 -0.072752 0.797435
v -0.170906 -0.077719 0.796429
v -0.170619 -0.082659 0.796184
v -0.166161 -0.076427 0.795116
v -0.166009 -0.081504 0.794783
v -0.166134 -0.086442 0.795171
v -0.161044 -0.080743 0.793960
v -0.161304 -0.085818 0.794260
v -0.161913 -0.090641 0.795215
v -0.156228 -0.085533 0.794011
v -0.156972 -0.090493 0.794879
v -0.158118 -0.095094 0.796316
v -0.151899 -0.090614 0.795267
v -0.153180 -0.095352 0.796617
v -0.154895 -0.099631 0.798431
v -0.148221 -0.095790 0.797680
v -0.150072 -0.100206 0.799407
v -0.152367 -0.104077 0.801479
v -0.145337 -0.100863 0.801158
v -0.147768 -0.104871 0.803142
v -0.150632 -0.108262 0.805343
v -0.143358 -0.105637 0.805565
v -0.146357 -0.109165 0.807679
v -0.149757 -0.112024 0.809874
v -0.142359 -0.109929 0.810735
v -0.145894 -0.112925 0.812842
v -0.149774 -0.115219 0.814897
v -0.142379 -0.113574 0.816466
v -0.146395 -0.116005 0.818434
v -0.135544 -0.110679 0.818674
v -0.139287 -0.113885 0.820647
v -0.138730 -0.110462 0.814433
v -0.143417 -0.116433 0.822540
v -0.136671 -0.113780 0.825265
v -0.140894 -0.116422 0.827098
v -0.130703 -0.109869 0.828290
v -0.134564 -0.113195 0.830186
v -0.132857 -0.110502 0.823338
v -0.138858 -0.115909 0.831973
v -0.132978 -0.112083 0.835266
v -0.137320 -0.114844 0.837023
v -0.136270 -0.113199 0.842098
v -0.142024 -0.116982 0.838542
v -0.141021 -0.115385 0.843586
v -0.146045 -0.116959 0.844719
v -0.140452 -0.113175 0.848522
v -0.145523 -0.114797 0.849624
v -0.150767 -0.115841 0.850266
v -0.145363 -0.112012 0.854291
v -0.150654 -0.113104 0.854903
v -0.156009 -0.113670 0.854971
v -0.150814 -0.109755 0.859183
v -0.156217 -0.110370 0.859221
v -0.161569 -0.110531 0.858652
v -0.156597 -0.106490 0.863012
v -0.161997 -0.106700 0.862412
v -0.167234 -0.106543 0.861169
v -0.162488 -0.102343 0.865629
v -0.167773 -0.102235 0.864354
v -0.172786 -0.101861 0.862423
v -0.168262 -0.097473 0.866933
v -0.173295 -0.097149 0.864991
v -0.177873 -0.096440 0.862551
v -0.173441 -0.092259 0.867000
v -0.181603 -0.079312 0.863871
v -0.187549 -0.078833 0.857938
v -0.184995 -0.073435 0.859867
v -0.189990 -0.073366 0.853315
v -0.187240 -0.067899 0.854731
v -0.192896 -0.066022 0.838193
v -0.189287 -0.060175 0.841307
v -0.190898 -0.061507 0.836450
v -0.191912 -0.063135 0.831412
v -0.188152 -0.057200 0.834683
v -0.189202 -0.058845 0.829608
v -0.189724 -0.061007 0.824703
v -0.185877 -0.054987 0.827706
v -0.186446 -0.057197 0.822771
v -0.186559 -0.059934 0.818134
v -0.182585 -0.053871 0.820874
v -0.182745 -0.056656 0.816207
v -0.182538 -0.059957 0.811957
v -0.178403 -0.053894 0.814451
v -0.178243 -0.057243 0.810170
v -0.177815 -0.061075 0.806410
v -0.173492 -0.055057 0.808682
v -0.173112 -0.058937 0.804891
v -0.172573 -0.063245 0.801705
v -0.168041 -0.057315 0.803789
v -0.167550 -0.061671 0.800573
v -0.167013 -0.066385 0.798024
v -0.162258 -0.060579 0.799961
v -0.161769 -0.065341 0.797381
v -0.161348 -0.070372 0.795508
v -0.156367 -0.064726 0.797344
v -0.155993 -0.069806 0.795440
v -0.155797 -0.075055 0.794253
v -0.150593 -0.069596 0.796039
v -0.150444 -0.074893 0.794822
v -0.150571 -0.080253 0.794309
v -0.145159 -0.075002 0.796097
v -0.145334 -0.080409 0.795552
v -0.145873 -0.085766 0.795672
v -0.140273 -0.080735 0.797514
v -0.140860 -0.086140 0.797603
v -0.141883 -0.091382 0.798290
v -0.136124 -0.086576 0.800237
v -0.137194 -0.091866 0.800894
v -0.138754 -0.096886 0.802063
v -0.132869 -0.092300 0.804161
v -0.134477 -0.097368 0.805300
v -0.136606 -0.102066 0.806846
v -0.130636 -0.097687 0.809135
v -0.132813 -0.102434 0.810651
v -0.135522 -0.106724 0.812455
v -0.129509 -0.102531 0.814968
v -0.132266 -0.106869 0.816741
v -0.124550 -0.097511 0.818178
v -0.126750 -0.102282 0.819678
v -0.127308 -0.097760 0.813468
v -0.129531 -0.106644 0.821436
v -0.124572 -0.101625 0.824645
v -0.127353 -0.105987 0.826403
v -0.120857 -0.095813 0.828180
v -0.122987 -0.100512 0.829726
v -0.122395 -0.096878 0.823130
v -0.125744 -0.104850 0.831499
v -0.121984 -0.098915 0.834770
v -0.124694 -0.103205 0.836574
v -0.128019 -0.107063 0.838476
v -0.124172 -0.101043 0.841479
v -0.127450 -0.104853 0.843412
v -0.131311 -0.108179 0.845308
v -0.127337 -0.102116 0.848048
v -0.131151 -0.105394 0.849975
v -0.135493 -0.108156 0.851731
v -0.131358 -0.102093 0.854225
v -0.135653 -0.104807 0.856012
v -0.140404 -0.106993 0.857500
v -0.136081 -0.100975 0.859772
v -0.140784 -0.103113 0.861291
v -0.145855 -0.104735 0.862393
v -0.141322 -0.098805 0.864477
v -0.146346 -0.100379 0.865609
v -0.151638 -0.101471 0.866221
v -0.146883 -0.095665 0.868158
v -0.152127 -0.096709 0.868801
v -0.157529 -0.097324 0.868838
v -0.152548 -0.091678 0.870674
v -0.157902 -0.092244 0.870742
v -0.163303 -0.092454 0.870143
v -0.158099 -0.086995 0.871929
v -0.163456 -0.087190 0.871359
v -0.168597 -0.087357 0.870134
v -0.163582 -0.081974 0.871801
v -0.176499 -0.074330 0.866736
v -0.177481 -0.068642 0.864455
v -0.179754 -0.068485 0.862815
v -0.180004 -0.063258 0.859778
v -0.182048 -0.063093 0.857738
v -0.184443 -0.055273 0.844441
v -0.178604 -0.051557 0.847443
v -0.181059 -0.051548 0.842818
v -0.183193 -0.052181 0.837892
v -0.177225 -0.048270 0.840918
v -0.179332 -0.048855 0.835996
v -0.180918 -0.049967 0.830916
v -0.175037 -0.046141 0.834209
v -0.176575 -0.047206 0.829159
v -0.177626 -0.048851 0.824084
v -0.171872 -0.045068 0.827640
v -0.172875 -0.046665 0.822596
v -0.173444 -0.048875 0.817660
v -0.167851 -0.045091 0.821463
v -0.168373 -0.047253 0.816558
v -0.168533 -0.050038 0.811891
v -0.163129 -0.046209 0.815916
v -0.163242 -0.048946 0.811279
v -0.163082 -0.052295 0.806999
v -0.157887 -0.048380 0.811211
v -0.157679 -0.051680 0.806961
v -0.157299 -0.055560 0.803170
v -0.152327 -0.051519 0.807530
v -0.151899 -0.055350 0.803770
v -0.151408 -0.059707 0.800554
v -0.146662 -0.055507 0.805014
v -0.146123 -0.059815 0.801828
v -0.145634 -0.064577 0.799249
v -0.141110 -0.060189 0.803759
v -0.140574 -0.064903 0.801210
v -0.140200 -0.069982 0.799306
v -0.135885 -0.065387 0.803814
v -0.135464 -0.070418 0.801941
v -0.135314 -0.075716 0.800724
v -0.131187 -0.070900 0.805177
v -0.130990 -0.076149 0.803991
v -0.131165 -0.081556 0.803447
v -0.127196 -0.076517 0.807796
v -0.127324 -0.081876 0.807282
v -0.127910 -0.087281 0.807371
v -0.124067 -0.082021 0.811569
v -0.124606 -0.087377 0.811688
v -0.125677 -0.092668 0.812345
v -0.121920 -0.087201 0.816352
v -0.122942 -0.092443 0.817039
v -0.119508 -0.081497 0.821002
v -0.119884 -0.086687 0.821227
v -0.121451 -0.081916 0.816187
v -0.120836 -0.091858 0.821960
v -0.118510 -0.085789 0.826171
v -0.119368 -0.090865 0.826964
v -0.117660 -0.079536 0.830647
v -0.117785 -0.084474 0.831035
v -0.118249 -0.080714 0.825871
v -0.118530 -0.089434 0.831903
v -0.117678 -0.082731 0.835671
v -0.118287 -0.087554 0.836627
v -0.119568 -0.092292 0.837976
v -0.118588 -0.085237 0.840995
v -0.119734 -0.089837 0.842432
v -0.121584 -0.094254 0.844159
v -0.120355 -0.086956 0.846414
v -0.122071 -0.091235 0.848229
v -0.124501 -0.095243 0.850213
v -0.122912 -0.087823 0.851721
v -0.125208 -0.091694 0.853793
v -0.128207 -0.095222 0.855906
v -0.126161 -0.087804 0.856710
v -0.129025 -0.091195 0.858911
v -0.132559 -0.094191 0.861018
v -0.129975 -0.086901 0.861191
v -0.133374 -0.089760 0.863386
v -0.137390 -0.092191 0.865354
v -0.134210 -0.085148 0.864992
v -0.138090 -0.087442 0.867047
v -0.142515 -0.089298 0.868747
v -0.138701 -0.082612 0.867965
v -0.142990 -0.084331 0.869753
v -0.147735 -0.085623 0.871066
v -0.143277 -0.079391 0.869998
v -0.147887 -0.080546 0.871399
v -0.152852 -0.081307 0.872222
v -0.147762 -0.075608 0.871012
v -0.152603 -0.076233 0.871919
v -0.157942 -0.076548 0.872094
v -0.151995 -0.071410 0.870964
v -0.157195 -0.071579 0.871226
v -0.155823 -0.066957 0.869852
v -0.160916 -0.066641 0.869474
v -0.158993 -0.062402 0.867745
v -0.163576 -0.061661 0.866772
v -0.161489 -0.057951 0.864706
v -0.165848 -0.057063 0.863090
v -0.163247 -0.053790 0.860849
v -0.167618 -0.053070 0.858607
v -0.164167 -0.050062 0.856322
v -0.168183 -0.049332 0.853411
v -0.171704 -0.048683 0.849780
v -0.164130 -0.046840 0.851288
v -0.167509 -0.046054 0.847751
v -0.170478 -0.045617 0.843642
v -0.163212 -0.044326 0.845961
v -0.166054 -0.043762 0.841942
v -0.168462 -0.043656 0.837459
v -0.161444 -0.042607 0.840542
v -0.163717 -0.042364 0.836146
v -0.165545 -0.042667 0.831405
v -0.158887 -0.041740 0.835235
v -0.160580 -0.041905 0.830582
v -0.161839 -0.042688 0.825713
v -0.155639 -0.041758 0.830246
v -0.156763 -0.042404 0.825464
v -0.157487 -0.043718 0.820600
v -0.151825 -0.042661 0.825764
v -0.152413 -0.043839 0.820988
v -0.152656 -0.045719 0.816264
v -0.147590 -0.044415 0.821964
v -0.147697 -0.046157 0.817328
v -0.147532 -0.048612 0.812872
v -0.143099 -0.046951 0.818990
v -0.142797 -0.049268 0.814622
v -0.142311 -0.052287 0.810553
v -0.138523 -0.050172 0.816958
v -0.137901 -0.053053 0.812976
v -0.137194 -0.056603 0.809396
v -0.134038 -0.053954 0.815944
v -0.133196 -0.057367 0.812452
v -0.132379 -0.061393 0.809447
v -0.129817 -0.058153 0.815989
v -0.128864 -0.062042 0.813072
v -0.128049 -0.066474 0.810703
v -0.126022 -0.062607 0.817090
v -0.125071 -0.066901 0.814810
v -0.124372 -0.071650 0.813117
v -0.122799 -0.067144 0.819205
v -0.121963 -0.071755 0.817600
v -0.121488 -0.076723 0.816594
v -0.120271 -0.071590 0.822253
v -0.119660 -0.076420 0.821335
v -0.120464 -0.066820 0.828329
v -0.119301 -0.071101 0.826935
v -0.121260 -0.067134 0.823758
v -0.118536 -0.075774 0.826117
v -0.119040 -0.070254 0.831499
v -0.118102 -0.074753 0.830793
v -0.121000 -0.065147 0.836943
v -0.119447 -0.069032 0.835803
v -0.120390 -0.066163 0.832771
v -0.118321 -0.073341 0.835218
v -0.120466 -0.067441 0.839706
v -0.119138 -0.071545 0.839253
v -0.118336 -0.075963 0.839341
v -0.120477 -0.069390 0.842770
v -0.119472 -0.073603 0.842989
v -0.119082 -0.078019 0.843710
v -0.121032 -0.070917 0.846017
v -0.120439 -0.075128 0.846868
v -0.120533 -0.079430 0.848157
v -0.122110 -0.071966 0.849321
v -0.122001 -0.076062 0.850741
v -0.122631 -0.080142 0.852512
v -0.123669 -0.072494 0.852557
v -0.124097 -0.076369 0.854459
v -0.125297 -0.080127 0.856607
v -0.125650 -0.072483 0.855600
v -0.126647 -0.076036 0.857879
v -0.128428 -0.079385 0.860285
v -0.127976 -0.071932 0.858333
v -0.129554 -0.075077 0.860869
v -0.131903 -0.077946 0.863403
v -0.130558 -0.070863 0.860650
v -0.132705 -0.073528 0.863316
v -0.135589 -0.075865 0.865844
v -0.133297 -0.069317 0.862464
v -0.135979 -0.071449 0.865123
v -0.139344 -0.073222 0.867512
v -0.136088 -0.067352 0.863703
v -0.139251 -0.068920 0.866223
v -0.143025 -0.070117 0.868344
v -0.138823 -0.065046 0.864321
v -0.142394 -0.066038 0.866573
v -0.146489 -0.066672 0.868307
v -0.141397 -0.062485 0.864294
v -0.145289 -0.062914 0.866159
v -0.149603 -0.063017 0.867404
v -0.143711 -0.059769 0.863623
v -0.147823 -0.059667 0.864998
v -0.152249 -0.059293 0.865668
v -0.145677 -0.057003 0.862333
v -0.149900 -0.056424 0.863134
v -0.154323 -0.055644 0.863166
v -0.147218 -0.054291 0.860474
v -0.151439 -0.053307 0.860638
v -0.155747 -0.052210 0.859996
v -0.148276 -0.051740 0.858118
v -0.152381 -0.050438 0.857607
v -0.156465 -0.049123 0.856277
v -0.148810 -0.049445 0.855355
v -0.152691 -0.047925 0.854157
v -0.156451 -0.046501 0.852154
v -0.148799 -0.047497 0.852291
v -0.152356 -0.045867 0.850420
v -0.155704 -0.044445 0.847785
v -0.148244 -0.045969 0.849045
v -0.151389 -0.044342 0.846541
v -0.154254 -0.043034 0.843338
v -0.147167 -0.044921 0.845740
v -0.149828 -0.043408 0.842668
v -0.152155 -0.042322 0.838983
v -0.145607 -0.044392 0.842504
v -0.147732 -0.043101 0.838950
v -0.149489 -0.042337 0.834888
v -0.143626 -0.044403 0.839461
v -0.145181 -0.043434 0.835530
v -0.146359 -0.043079 0.831210
v -0.141300 -0.044954 0.836729
v -0.142275 -0.044393 0.832540
v -0.142884 -0.044518 0.828092
v -0.138718 -0.046023 0.834411
v -0.139124 -0.045942 0.830094
v -0.139198 -0.046599 0.825651
v -0.135979 -0.047570 0.832598
v -0.135850 -0.048021 0.828286
v -0.135442 -0.049242 0.823983
v -0.133188 -0.049534 0.831358
v -0.132578 -0.050550 0.827186
v -0.131762 -0.052347 0.823151
v -0.130454 -0.051841 0.830740
v -0.129435 -0.053432 0.826836
v -0.128298 -0.055792 0.823188
v -0.127880 -0.054401 0.830767
v -0.126540 -0.056556 0.827250
v -0.125183 -0.059447 0.824091
v -0.125565 -0.057117 0.831439
v -0.124006 -0.059803 0.828411
v -0.122538 -0.063171 0.825827
v -0.123600 -0.059884 0.832729
v -0.121929 -0.063047 0.830276
v -0.125924 -0.057415 0.839614
v -0.123943 -0.059650 0.836901
v -0.125374 -0.057415 0.835617
v -0.122058 -0.062595 0.834587
v -0.124972 -0.059089 0.840762
v -0.122883 -0.061797 0.838620
v -0.126454 -0.058297 0.844014
v -0.127020 -0.057152 0.843097
v -0.128616 -0.056634 0.846076
v -0.135407 -0.053296 0.851348
v -0.129025 -0.059147 0.850637
v -0.128629 -0.059013 0.849816
v -0.128356 -0.058747 0.848977
v -0.128215 -0.058359 0.848153
v -0.128212 -0.057865 0.847375
v -0.128348 -0.057282 0.846674
v -0.129008 -0.055946 0.845604
v -0.129507 -0.055244 0.845276
v -0.130094 -0.054554 0.845106
v -0.130747 -0.053904 0.845099
v -0.131442 -0.053319 0.845256
v -0.132150 -0.052820 0.845571
v -0.132845 -0.052428 0.846031
v -0.133501 -0.052156 0.846619
v -0.134092 -0.052016 0.847313
v -0.134594 -0.052013 0.848085
v -0.134990 -0.052148 0.848907
v -0.135264 -0.052414 0.849746
v -0.135405 -0.052802 0.850570
v -0.135272 -0.053879 0.852049
v -0.135003 -0.054526 0.852647
v -0.134612 -0.055215 0.853119
v -0.134113 -0.055917 0.853446
v -0.133525 -0.056606 0.853617
v -0.132872 -0.057256 0.853624
v -0.132178 -0.057842 0.853467
v -0.131469 -0.058341 0.853152
v -0.130774 -0.058733 0.852692
v -0.130119 -0.059005 0.852104
v -0.129528 -0.059145 0.851410
v -0.127190 -0.065197 0.853742
v -0.128754 -0.061925 0.853242
v -0.127817 -0.062048 0.851985
v -0.128627 -0.064857 0.855430
v -0.129822 -0.061573 0.854340
v -0.130222 -0.064197 0.856862
v -0.130980 -0.061004 0.855239
v -0.131914 -0.063241 0.857982
v -0.132183 -0.060240 0.855904
v -0.133638 -0.062028 0.858748
v -0.133386 -0.059310 0.856308
v -0.135328 -0.060603 0.859129
v -0.134541 -0.058251 0.856437
v -0.136918 -0.059021 0.859113
v -0.135605 -0.057103 0.856285
v -0.138347 -0.057344 0.858698
v -0.136536 -0.055910 0.855858
v -0.139561 -0.055635 0.857901
v -0.137299 -0.054718 0.855173
v -0.140514 -0.053960 0.856753
v -0.137865 -0.053572 0.854255
v -0.141167 -0.052384 0.855298
v -0.138212 -0.052518 0.853141
v -0.141490 -0.049763 0.851698
v -0.138202 -0.050838 0.850500
v -0.138325 -0.051595 0.851874
v -0.141147 -0.048819 0.849693
v -0.137847 -0.050277 0.849075
v -0.140482 -0.048172 0.847651
v -0.137273 -0.049934 0.847651
v -0.139518 -0.047845 0.845653
v -0.136503 -0.049822 0.846285
v -0.138295 -0.047852 0.843773
v -0.135566 -0.049944 0.845028
v -0.136858 -0.048192 0.842085
v -0.134497 -0.050297 0.843929
v -0.135263 -0.048853 0.840653
v -0.133339 -0.050866 0.843030
v -0.133571 -0.049808 0.839533
v -0.132136 -0.051630 0.842366
v -0.131847 -0.051021 0.838767
v -0.130934 -0.052559 0.841962
v -0.130158 -0.052446 0.838386
v -0.129778 -0.053618 0.841833
v -0.128568 -0.054028 0.838403
v -0.128715 -0.054767 0.841985
v -0.127138 -0.055705 0.838817
v -0.127783 -0.055960 0.842412
v -0.123988 -0.062083 0.843924
v -0.125994 -0.060275 0.846396
v -0.126108 -0.059352 0.845128
v -0.123995 -0.063286 0.845817
v -0.126117 -0.061031 0.847769
v -0.124338 -0.064230 0.847822
v -0.126473 -0.061592 0.849195
v -0.125004 -0.064878 0.849864
v -0.127046 -0.061935 0.850618
v -0.125967 -0.065204 0.851863
v -0.141497 -0.050967 0.853591
v -0.124318 -0.060666 0.842218
v -0.127120 -0.055179 0.834817
v -0.129113 -0.053027 0.834532
v -0.131279 -0.051042 0.834773
v -0.133532 -0.049300 0.835531
v -0.135788 -0.047868 0.836776
v -0.137958 -0.046801 0.838461
v -0.139960 -0.046141 0.840521
v -0.141717 -0.045911 0.842876
v -0.143161 -0.046122 0.845437
v -0.144236 -0.046766 0.848105
v -0.144902 -0.047816 0.850777
v -0.145133 -0.049234 0.853351
v -0.144919 -0.050965 0.855727
v -0.144270 -0.052941 0.857815
v -0.143210 -0.055088 0.859534
v -0.141779 -0.057322 0.860818
v -0.140034 -0.059558 0.861618
v -0.138040 -0.061710 0.861903
v -0.135875 -0.063695 0.861662
v -0.133621 -0.065438 0.860905
v -0.131366 -0.066869 0.859659
v -0.129195 -0.067936 0.857975
v -0.127193 -0.068597 0.855915
v -0.125437 -0.068826 0.853559
v -0.123993 -0.068615 0.850998
v -0.122917 -0.067972 0.848330
v -0.122251 -0.066921 0.845658
v -0.122021 -0.065503 0.843085
v -0.122234 -0.063773 0.840708
v -0.123904 -0.063006 0.821386
v -0.127129 -0.058874 0.819908
v -0.130813 -0.054897 0.819381
v -0.134814 -0.051229 0.819826
v -0.138978 -0.048010 0.821226
v -0.143146 -0.045365 0.823527
v -0.147156 -0.043393 0.826640
v -0.150855 -0.042172 0.830446
v -0.154101 -0.041749 0.834799
v -0.156769 -0.042139 0.839531
v -0.158756 -0.043327 0.844460
v -0.159987 -0.045269 0.849398
v -0.160413 -0.047889 0.854153
v -0.160019 -0.051086 0.858544
v -0.158819 -0.054738 0.862402
v -0.156860 -0.058705 0.865579
v -0.154217 -0.062833 0.867951
v -0.150992 -0.066965 0.869430
v -0.147308 -0.070941 0.869956
v -0.143307 -0.074609 0.869511
v -0.139142 -0.077828 0.868111
v -0.134975 -0.080474 0.865810
v -0.130965 -0.082445 0.862697
v -0.127266 -0.083666 0.858891
v -0.124020 -0.084090 0.854538
v -0.121352 -0.083700 0.849806
v -0.119364 -0.082511 0.844877
v -0.118134 -0.080570 0.839940
v -0.117707 -0.077950 0.835184
v -0.124011 -0.076733 0.812036
v -0.127464 -0.071339 0.808936
v -0.131678 -0.065940 0.807005
v -0.136492 -0.060745 0.806317
v -0.141719 -0.055952 0.806899
v -0.147160 -0.051747 0.808728
v -0.152605 -0.048290 0.811734
v -0.157845 -0.045714 0.815802
v -0.162678 -0.044119 0.820774
v -0.166919 -0.043566 0.826461
v -0.170405 -0.044075 0.832644
v -0.173001 -0.045628 0.839085
v -0.174644 -0.048200 0.845542
v -0.158090 -0.081718 0.872383
v -0.152815 -0.086500 0.871815
v -0.147374 -0.090706 0.869986
v -0.141930 -0.094163 0.866980
v -0.136690 -0.096738 0.862912
v -0.131857 -0.098334 0.857939
v -0.127616 -0.098887 0.852252
v -0.124130 -0.098378 0.846069
v -0.121533 -0.096825 0.839629
v -0.119925 -0.094288 0.833178
v -0.129005 -0.092595 0.808012
v -0.131775 -0.086986 0.803520
v -0.135513 -0.081147 0.800164
v -0.140075 -0.075304 0.798074
v -0.145285 -0.069680 0.797329
v -0.150943 -0.064493 0.797959
v -0.156832 -0.059941 0.799939
v -0.162725 -0.056199 0.803192
v -0.168397 -0.053411 0.807595
v -0.173628 -0.051684 0.812978
v -0.178219 -0.051085 0.819133
v -0.181992 -0.051637 0.825825
v -0.184802 -0.053318 0.832796
v -0.186545 -0.056036 0.839740
v -0.184449 -0.070769 0.859542
v -0.183057 -0.073587 0.861799
v -0.168582 -0.092406 0.868864
v -0.162953 -0.097557 0.868223
v -0.157064 -0.102109 0.866244
v -0.151170 -0.105851 0.862990
v -0.145499 -0.108639 0.858587
v -0.140268 -0.110366 0.853204
v -0.135677 -0.110965 0.847049
v -0.131904 -0.110413 0.840357
v -0.129093 -0.108732 0.833386
v -0.139245 -0.106285 0.808696
v -0.140812 -0.101513 0.803655
v -0.143372 -0.096331 0.799505
v -0.146825 -0.090936 0.796405
v -0.151040 -0.085538 0.794474
v -0.155853 -0.080342 0.793786
v -0.161081 -0.075550 0.794367
v -0.166521 -0.071344 0.796196
v -0.171966 -0.067887 0.799203
v -0.177206 -0.065312 0.803270
v -0.182039 -0.063716 0.808243
v -0.186280 -0.063163 0.813930
v -0.189766 -0.063672 0.820113
v -0.192363 -0.065225 0.826553
v -0.193951 -0.067742 0.833046
v -0.177397 -0.101260 0.859887
v -0.172177 -0.106098 0.859283
v -0.166736 -0.110303 0.857454
v -0.161291 -0.113760 0.854448
v -0.156051 -0.116336 0.850381
v -0.151218 -0.117931 0.845408
v -0.146977 -0.118484 0.839721
v -0.143491 -0.117975 0.833538
v -0.172748 -0.113231 0.816489
v -0.169660 -0.115284 0.818077
v -0.168994 -0.114234 0.815405
v -0.173414 -0.113878 0.818531
v -0.166729 -0.117129 0.820442
v -0.170735 -0.115928 0.820745
v -0.176049 -0.111773 0.817107
v -0.178906 -0.109902 0.817275
v -0.176623 -0.112116 0.818531
v -0.174377 -0.114205 0.820530
v -0.177393 -0.112228 0.819897
v -0.179302 -0.110037 0.818097
v -0.175601 -0.114198 0.822409
v -0.178330 -0.112106 0.821154
v -0.179804 -0.110034 0.818869
v -0.177038 -0.113858 0.824097
v -0.179398 -0.111754 0.822253
v -0.180395 -0.109894 0.819563
v -0.178633 -0.113197 0.825529
v -0.180556 -0.111184 0.823152
v -0.181050 -0.109622 0.820151
v -0.180325 -0.112242 0.826649
v -0.181760 -0.110420 0.823816
v -0.181746 -0.109230 0.820612
v -0.182049 -0.111029 0.827415
v -0.182962 -0.109491 0.824221
v -0.182454 -0.108731 0.820926
v -0.183738 -0.109604 0.827796
v -0.184117 -0.108432 0.824349
v -0.183148 -0.108146 0.821083
v -0.185328 -0.108022 0.827780
v -0.185181 -0.107283 0.824197
v -0.183802 -0.107496 0.821076
v -0.186758 -0.106345 0.827365
v -0.186113 -0.106090 0.823770
v -0.184389 -0.106806 0.820906
v -0.187972 -0.104635 0.826568
v -0.186876 -0.104898 0.823085
v -0.184888 -0.106104 0.820578
v -0.188924 -0.102961 0.825420
v -0.187441 -0.103753 0.822168
v -0.185280 -0.105416 0.820107
v -0.189578 -0.101384 0.823965
v -0.187788 -0.102698 0.821054
v -0.185548 -0.104768 0.819508
v -0.189907 -0.099967 0.822258
v -0.187902 -0.101775 0.819786
v -0.185684 -0.104185 0.818807
v -0.189901 -0.098764 0.820365
v -0.187779 -0.101019 0.818413
v -0.185681 -0.103691 0.818029
v -0.189558 -0.097820 0.818360
v -0.187423 -0.100458 0.816987
v -0.185540 -0.103303 0.817205
v -0.188892 -0.097172 0.816319
v -0.186849 -0.100115 0.815564
v -0.185266 -0.103037 0.816366
v -0.187929 -0.096846 0.814320
v -0.186079 -0.100002 0.814197
v -0.184871 -0.102903 0.815545
v -0.186705 -0.096853 0.812440
v -0.185142 -0.100125 0.812941
v -0.184368 -0.102905 0.814772
v -0.185268 -0.097193 0.810752
v -0.184074 -0.100477 0.811842
v -0.183777 -0.103045 0.814079
v -0.183673 -0.097853 0.809320
v -0.182916 -0.101046 0.810943
v -0.183122 -0.103317 0.813490
v -0.181981 -0.098809 0.808200
v -0.181712 -0.101810 0.810278
v -0.182426 -0.103709 0.813030
v -0.180258 -0.100022 0.807435
v -0.180510 -0.102740 0.809874
v -0.181718 -0.104208 0.812715
v -0.178568 -0.101447 0.807053
v -0.179355 -0.103799 0.809746
v -0.181024 -0.104794 0.812558
v -0.176978 -0.103029 0.807070
v -0.178291 -0.104947 0.809898
v -0.180370 -0.105444 0.812565
v -0.175549 -0.104706 0.807484
v -0.177360 -0.106140 0.810324
v -0.179783 -0.106133 0.812736
v -0.174334 -0.106415 0.808281
v -0.176596 -0.107332 0.811010
v -0.179284 -0.106835 0.813063
v -0.178893 -0.107524 0.813535
v -0.173382 -0.108090 0.809429
v -0.176031 -0.108478 0.811927
v -0.172729 -0.109666 0.810885
v -0.175684 -0.109532 0.813041
v -0.178624 -0.108171 0.814133
v -0.172399 -0.111083 0.812591
v -0.175570 -0.110455 0.814309
v -0.178488 -0.108754 0.814835
v -0.172406 -0.112287 0.814484
v -0.175694 -0.111212 0.815682
v -0.178491 -0.109248 0.815612
v -0.178632 -0.109636 0.816436
v -0.153483 -0.114161 0.812029
v -0.168763 -0.112816 0.812831
v -0.153877 -0.110964 0.807638
v -0.168976 -0.111085 0.810455
v -0.155077 -0.107312 0.803780
v -0.169626 -0.109109 0.808367
v -0.157036 -0.103345 0.800604
v -0.170686 -0.106962 0.806648
v -0.159679 -0.099217 0.798231
v -0.172116 -0.104728 0.805364
v -0.162904 -0.095085 0.796753
v -0.173862 -0.102492 0.804564
v -0.166588 -0.091109 0.796226
v -0.175856 -0.100340 0.804279
v -0.170589 -0.087441 0.796671
v -0.178021 -0.098355 0.804520
v -0.174753 -0.084222 0.798071
v -0.180275 -0.096612 0.805277
v -0.178921 -0.081576 0.800372
v -0.182530 -0.095181 0.806523
v -0.182931 -0.079605 0.803485
v -0.184700 -0.094114 0.808208
v -0.186630 -0.078384 0.807291
v -0.186702 -0.093453 0.810267
v -0.189876 -0.077960 0.811644
v -0.188459 -0.093224 0.812623
v -0.192544 -0.078350 0.816376
v -0.189903 -0.093435 0.815184
v -0.194532 -0.079539 0.821305
v -0.190979 -0.094078 0.817852
v -0.195762 -0.081480 0.826243
v -0.191645 -0.095129 0.820524
v -0.196188 -0.084100 0.830998
v -0.191875 -0.096547 0.823097
v -0.195794 -0.087297 0.835389
v -0.191662 -0.098277 0.825474
v -0.194594 -0.090949 0.839247
v -0.191013 -0.100253 0.827562
v -0.192635 -0.094916 0.842424
v -0.189952 -0.102400 0.829281
v -0.189992 -0.099044 0.844797
v -0.188522 -0.104635 0.830565
v -0.186767 -0.103176 0.846275
v -0.186776 -0.106871 0.831365
v -0.183083 -0.107153 0.846801
v -0.184783 -0.109023 0.831650
v -0.179082 -0.110821 0.846356
v -0.182617 -0.111008 0.831409
v -0.174918 -0.114040 0.844956
v -0.180364 -0.112750 0.830651
v -0.170750 -0.116685 0.842655
v -0.178108 -0.114182 0.829406
v -0.166740 -0.118657 0.839542
v -0.175938 -0.115249 0.827721
v -0.163041 -0.119878 0.835736
v -0.173936 -0.115909 0.825661
v -0.159795 -0.120301 0.831383
v -0.172179 -0.116139 0.823306
v -0.184486 -0.089854 0.859961
v -0.181446 -0.090820 0.862335
v -0.179576 -0.088880 0.864503
v -0.182141 -0.089434 0.862340
v -0.184545 -0.089478 0.860073
v -0.179847 -0.088523 0.864411
v -0.183517 -0.089256 0.861139
v -0.176637 -0.088236 0.866522
v -0.174938 -0.085557 0.867974
v -0.177341 -0.087286 0.866351
v -0.175226 -0.085206 0.867869
v -0.178845 -0.087233 0.865351
v -0.193154 -0.072047 0.846114
v -0.191871 -0.068306 0.846471
v -0.190991 -0.065958 0.846341
v -0.192300 -0.068864 0.845868
v -0.193260 -0.072089 0.845735
v -0.191016 -0.065717 0.845953
v -0.192509 -0.068420 0.844397
v -0.188513 -0.062719 0.848141
v -0.187279 -0.060801 0.848326
v -0.189299 -0.063073 0.846961
v -0.187294 -0.060540 0.847940
v -0.189348 -0.062501 0.845913
v -0.172257 -0.083803 0.869357
v -0.171187 -0.080389 0.869932
v -0.173082 -0.082975 0.869107
v -0.171484 -0.080058 0.869823
v -0.174371 -0.083163 0.868444
v -0.168771 -0.077991 0.870539
v -0.168866 -0.074043 0.870071
v -0.170049 -0.077195 0.870167
v -0.169247 -0.073994 0.869975
v -0.170824 -0.077638 0.869921
v -0.183991 -0.058664 0.851186
v -0.182628 -0.057494 0.851754
v -0.185040 -0.058762 0.849718
v -0.182627 -0.057226 0.851383
v -0.184968 -0.058067 0.848748
v -0.179016 -0.056742 0.855084
v -0.177856 -0.056563 0.856016
v -0.180208 -0.056624 0.853694
v -0.177640 -0.056278 0.855845
v -0.179835 -0.055591 0.852601
v -0.173269 -0.058009 0.860734
v -0.174146 -0.056152 0.858313
v -0.175553 -0.057009 0.858344
v -0.173677 -0.058224 0.860691
v -0.175450 -0.057657 0.859017
v -0.170126 -0.061924 0.865071
v -0.170660 -0.059282 0.863047
v -0.171750 -0.059844 0.862984
v -0.170534 -0.062154 0.865036
v -0.172018 -0.061106 0.863656
v -0.168585 -0.067495 0.868330
v -0.168288 -0.064084 0.866892
v -0.169364 -0.064675 0.866853
v -0.168981 -0.067731 0.868304
v -0.169847 -0.066324 0.867391
v -0.167246 -0.070124 0.869501
v -0.168751 -0.070782 0.869374
v -0.169227 -0.072512 0.869658
v -0.193496 -0.078285 0.847863
v -0.193306 -0.073486 0.846567
v -0.193600 -0.075276 0.846663
v -0.193623 -0.078610 0.847560
v -0.194038 -0.076286 0.845438
v -0.191971 -0.083852 0.851161
v -0.192990 -0.079573 0.849147
v -0.193019 -0.081372 0.849218
v -0.192107 -0.084173 0.850845
v -0.193320 -0.082219 0.848380
v -0.188800 -0.087792 0.855476
v -0.190867 -0.084776 0.852930
v -0.190633 -0.086203 0.853086
v -0.188938 -0.088096 0.855156
v -0.190948 -0.087021 0.852226
v -0.187247 -0.088287 0.857376
v -0.186798 -0.089049 0.857693
v -0.187138 -0.090258 0.856626
v -0.189832 -0.090524 0.852564
v -0.185848 -0.094513 0.855855
v -0.177696 -0.091785 0.864760
v -0.182049 -0.095048 0.859719
v -0.183783 -0.084429 0.861810
v -0.187872 -0.086646 0.856924
v -0.192784 -0.086183 0.848752
v -0.191113 -0.082229 0.852659
v -0.194470 -0.081133 0.845044
v -0.192815 -0.076638 0.848910
v -0.194988 -0.076006 0.841036
v -0.190953 -0.067488 0.847783
v -0.194073 -0.070701 0.840222
v -0.191253 -0.064336 0.842779
v -0.173040 -0.087728 0.868436
v -0.179216 -0.079802 0.865584
v -0.168576 -0.082554 0.870663
v -0.174212 -0.074742 0.868004
v -0.187040 -0.062237 0.850203
v -0.187218 -0.059021 0.845447
v -0.182118 -0.058545 0.853501
v -0.182133 -0.055105 0.848682
v -0.163992 -0.076771 0.871406
v -0.173600 -0.071732 0.867634
v -0.163078 -0.071466 0.870592
v -0.165362 -0.065756 0.868401
v -0.176391 -0.065962 0.863892
v -0.167475 -0.060565 0.865133
v -0.178916 -0.060970 0.859015
v -0.170000 -0.056365 0.860881
v -0.172218 -0.052959 0.855773
v -0.176016 -0.052424 0.851909
v -0.183867 -0.081788 0.861967
v -0.185912 -0.081623 0.859927
v -0.187223 -0.076046 0.857981
v -0.188907 -0.076083 0.855736
v -0.189417 -0.070552 0.852969
v -0.179148 -0.076827 0.865460
v -0.175926 -0.071515 0.866390
v -0.182511 -0.070921 0.861474
v -0.178839 -0.065892 0.862253
v -0.184785 -0.065414 0.856320
v -0.185582 -0.068027 0.857004
v -0.181395 -0.076504 0.863792
v -0.181784 -0.088731 0.862827
v -0.177067 -0.085893 0.866699
v -0.192723 -0.070616 0.846213
v -0.189967 -0.064714 0.847317
v -0.172869 -0.081184 0.869219
v -0.169810 -0.075382 0.870011
v -0.185816 -0.059989 0.849886
v -0.180912 -0.057213 0.853564
v -0.176932 -0.056912 0.857165
v -0.173198 -0.059539 0.861958
v -0.170506 -0.064167 0.866108
v -0.169296 -0.070117 0.868995
v -0.193401 -0.075826 0.847398
v -0.192379 -0.081715 0.850478
v -0.189640 -0.086358 0.854580
v -0.185601 -0.089086 0.859060
v -0.181225 -0.087185 0.863556
v -0.185969 -0.084251 0.859628
v -0.189273 -0.079002 0.855554
v -0.191284 -0.073489 0.851010
v -0.190672 -0.070480 0.850640
v -0.176589 -0.083399 0.867149
v -0.172390 -0.078242 0.869275
v -0.186447 -0.065162 0.853861
v -0.181101 -0.060793 0.856834
v -0.170529 -0.069091 0.868149
v -0.172517 -0.063407 0.864694
v -0.175472 -0.059084 0.860135
v -0.177912 -0.059089 0.858208
v -0.179404 -0.057519 0.855377
v -0.177268 -0.057692 0.857509
v -0.180179 -0.058906 0.855945
v -0.175085 -0.063409 0.863209
v -0.176455 -0.061065 0.860853
v -0.173965 -0.061129 0.862484
v -0.177665 -0.063392 0.861563
v -0.172597 -0.068876 0.867108
v -0.173798 -0.066014 0.865296
v -0.171469 -0.066182 0.866530
v -0.175011 -0.068765 0.865865
v -0.170628 -0.075290 0.869608
v -0.171532 -0.072007 0.868552
v -0.170030 -0.072348 0.869246
v -0.172167 -0.075128 0.868936
v -0.183872 -0.062890 0.855369
v -0.184636 -0.060266 0.851834
v -0.182973 -0.060538 0.854347
v -0.185546 -0.062564 0.852771
v -0.188661 -0.067738 0.852269
v -0.189102 -0.064786 0.848944
v -0.187859 -0.064905 0.851274
v -0.189906 -0.067554 0.849860
v -0.174458 -0.080873 0.868337
v -0.176750 -0.077310 0.866916
v -0.174423 -0.077851 0.868211
v -0.176730 -0.080415 0.867066
v -0.178924 -0.085393 0.865447
v -0.181539 -0.082157 0.863816
v -0.179043 -0.082755 0.865569
v -0.181355 -0.084867 0.863724
v -0.192232 -0.073584 0.848939
v -0.192305 -0.070576 0.847027
v -0.191597 -0.070463 0.848555
v -0.192903 -0.073518 0.847390
v -0.190791 -0.079305 0.853044
v -0.191732 -0.076528 0.850965
v -0.190400 -0.076283 0.853321
v -0.192091 -0.079477 0.850752
v -0.187874 -0.084339 0.857220
v -0.189504 -0.081910 0.855130
v -0.187747 -0.081655 0.857623
v -0.189596 -0.084529 0.854798
v -0.183528 -0.088347 0.861258
v -0.185852 -0.086502 0.859284
v -0.183585 -0.086686 0.861546
v -0.185665 -0.088174 0.859126
v -0.181789 -0.068321 0.860979
v -0.182918 -0.065602 0.858459
v -0.180963 -0.065761 0.860410
v -0.183728 -0.068165 0.859045
v -0.178761 -0.074020 0.865200
v -0.180406 -0.071121 0.863222
v -0.178213 -0.071328 0.864869
v -0.180950 -0.073791 0.863549
v -0.186756 -0.073349 0.857765
v -0.187878 -0.070623 0.855249
v -0.186212 -0.070679 0.857437
v -0.188426 -0.073315 0.855580
v -0.183721 -0.079040 0.861989
v -0.185373 -0.076149 0.860007
v -0.183433 -0.076305 0.861942
v -0.185676 -0.078882 0.860038
v -0.167452 -0.117460 0.822076
v -0.160615 -0.119462 0.825044
v -0.169231 -0.117720 0.825231
v -0.163009 -0.119812 0.829289
v -0.171395 -0.117438 0.828133
v -0.165921 -0.119432 0.833194
v -0.173861 -0.116624 0.830670
v -0.169240 -0.118336 0.836609
v -0.176534 -0.115310 0.832745
v -0.172837 -0.116568 0.839402
v -0.179312 -0.113546 0.834279
v -0.176576 -0.114194 0.841466
v -0.182088 -0.111400 0.835213
v -0.180312 -0.111306 0.842722
v -0.184756 -0.108955 0.835509
v -0.183902 -0.108015 0.843122
v -0.187212 -0.106304 0.835158
v -0.187207 -0.104448 0.842649
v -0.189362 -0.103549 0.834173
v -0.190101 -0.100741 0.841323
v -0.191124 -0.100797 0.832591
v -0.192472 -0.097037 0.839194
v -0.192430 -0.098153 0.830474
v -0.194230 -0.093478 0.836345
v -0.193230 -0.095718 0.827902
v -0.195306 -0.090202 0.832883
v -0.193493 -0.093586 0.824974
v -0.195660 -0.087333 0.828944
v -0.193208 -0.091840 0.821804
v -0.195277 -0.084983 0.824677
v -0.192388 -0.090546 0.818512
v -0.194173 -0.083241 0.820248
v -0.191063 -0.089753 0.815226
v -0.192390 -0.082174 0.815825
v -0.189285 -0.089493 0.812072
v -0.189997 -0.081825 0.811580
v -0.187121 -0.089776 0.809170
v -0.187084 -0.082205 0.807675
v -0.184655 -0.090590 0.806633
v -0.183766 -0.083300 0.804260
v -0.181981 -0.091904 0.804557
v -0.180168 -0.085068 0.801467
v -0.179203 -0.093668 0.803023
v -0.176429 -0.087442 0.799403
v -0.176427 -0.095813 0.802090
v -0.172693 -0.090330 0.798147
v -0.173760 -0.098259 0.801793
v -0.169104 -0.093621 0.797748
v -0.171304 -0.100910 0.802144
v -0.165798 -0.097188 0.798220
v -0.169153 -0.103664 0.803130
v -0.162904 -0.100895 0.799546
v -0.167391 -0.106416 0.804712
v -0.160533 -0.104599 0.801675
v -0.166085 -0.109061 0.806829
v -0.158776 -0.108158 0.804525
v -0.165286 -0.111496 0.809401
v -0.157699 -0.111435 0.807986
v -0.165023 -0.113627 0.812328
v -0.157346 -0.114303 0.811925
v -0.165307 -0.115374 0.815499
v -0.157728 -0.116654 0.816192
v -0.166127 -0.116668 0.818790
v -0.158832 -0.118395 0.820622
v -0.150119 -0.116564 0.817534
v -0.151464 -0.118687 0.822932
v -0.153637 -0.119986 0.828321
v -0.144307 -0.117531 0.825633
v -0.146786 -0.119013 0.831781
v -0.156554 -0.120412 0.833494
v -0.150114 -0.119500 0.837682
v -0.160102 -0.119949 0.838252
v -0.154162 -0.118971 0.843111
v -0.164146 -0.118615 0.842413
v -0.158776 -0.117449 0.847858
v -0.168530 -0.116460 0.845816
v -0.163778 -0.114990 0.851741
v -0.173086 -0.113567 0.848331
v -0.168975 -0.111690 0.854611
v -0.177638 -0.110048 0.849862
v -0.174169 -0.107675 0.856357
v -0.182012 -0.106037 0.850349
v -0.179157 -0.103067 0.856926
v -0.186038 -0.101658 0.849786
v -0.189570 -0.097147 0.848159
v -0.192468 -0.092683 0.845534
v -0.194605 -0.088355 0.842068
v -0.195897 -0.084335 0.837899
v -0.196326 -0.080827 0.833104
v -0.195872 -0.077973 0.827875
v -0.194960 -0.071070 0.831303
v -0.194528 -0.075851 0.822476
v -0.193438 -0.068660 0.825113
v -0.192355 -0.074551 0.817088
v -0.190959 -0.067177 0.818965
v -0.189439 -0.074125 0.811915
v -0.187632 -0.066691 0.813063
v -0.185890 -0.074588 0.807156
v -0.183583 -0.067219 0.807635
v -0.181846 -0.075923 0.802996
v -0.178970 -0.068742 0.802888
v -0.177462 -0.078078 0.799592
v -0.173968 -0.071200 0.799005
v -0.172906 -0.080970 0.797077
v -0.168770 -0.074500 0.796135
v -0.168354 -0.084489 0.795547
v -0.163577 -0.078515 0.794389
v -0.163980 -0.088499 0.795060
v -0.158587 -0.083090 0.793834
v -0.159953 -0.092846 0.795636
v -0.153992 -0.088049 0.794491
v -0.156427 -0.097363 0.797251
v -0.149969 -0.093203 0.796334
v -0.153537 -0.101876 0.799845
v -0.146672 -0.098352 0.799293
v -0.151396 -0.106212 0.803318
v -0.144229 -0.103299 0.803255
v -0.150084 -0.110205 0.807535
v -0.142733 -0.107854 0.808067
v -0.149653 -0.113700 0.812336
v -0.142241 -0.111842 0.813543
v -0.142773 -0.115109 0.819475
v -0.135394 -0.108799 0.815503
v -0.135971 -0.112345 0.821938
v -0.137636 -0.114972 0.828620
v -0.129975 -0.108376 0.824831
v -0.131707 -0.111109 0.831779
v -0.140326 -0.116581 0.835291
v -0.134504 -0.112781 0.838717
v -0.138259 -0.113330 0.845377
v -0.143936 -0.117108 0.841695
v -0.148329 -0.116535 0.847585
v -0.142827 -0.112734 0.851503
v -0.153335 -0.114883 0.852736
v -0.148034 -0.111016 0.856859
v -0.158763 -0.112215 0.856949
v -0.153678 -0.108241 0.861241
v -0.164402 -0.108634 0.860063
v -0.159543 -0.104518 0.864479
v -0.170038 -0.104278 0.861958
v -0.165404 -0.099987 0.866449
v -0.175435 -0.099286 0.862583
v -0.171003 -0.094849 0.867091
v -0.184838 -0.080319 0.861019
v -0.187856 -0.074670 0.856813
v -0.192594 -0.064544 0.834762
v -0.188875 -0.058662 0.838113
v -0.190946 -0.061944 0.828056
v -0.187148 -0.055961 0.831193
v -0.188257 -0.060335 0.821385
v -0.184351 -0.054288 0.824255
v -0.184646 -0.059807 0.814982
v -0.180596 -0.053739 0.817596
v -0.180253 -0.060381 0.809091
v -0.176027 -0.054335 0.811470
v -0.175247 -0.062033 0.803940
v -0.170821 -0.056054 0.806113
v -0.169820 -0.064701 0.799727
v -0.165177 -0.058828 0.801732
v -0.164180 -0.068281 0.796613
v -0.159312 -0.062552 0.798494
v -0.158545 -0.072637 0.794719
v -0.153451 -0.067082 0.796523
v -0.153130 -0.077601 0.794116
v -0.147820 -0.072245 0.795897
v -0.148145 -0.082983 0.794829
v -0.142635 -0.077841 0.796638
v -0.143779 -0.088574 0.796829
v -0.138096 -0.083656 0.798718
v -0.140202 -0.094162 0.800040
v -0.134376 -0.089467 0.802057
v -0.137551 -0.099530 0.804339
v -0.131619 -0.095049 0.806528
v -0.135928 -0.104472 0.809560
v -0.129930 -0.100189 0.811957
v -0.129375 -0.104689 0.818138
v -0.124971 -0.095170 0.815167
v -0.124416 -0.099670 0.821347
v -0.125016 -0.103357 0.828040
v -0.120708 -0.093934 0.825008
v -0.121284 -0.097479 0.831444
v -0.126748 -0.106089 0.834989
v -0.122950 -0.100106 0.838126
v -0.129545 -0.107762 0.841927
v -0.125639 -0.101715 0.844797
v -0.133300 -0.108311 0.848586
v -0.129250 -0.102243 0.851201
v -0.137868 -0.107715 0.854712
v -0.133643 -0.101669 0.857091
v -0.143075 -0.105996 0.860069
v -0.138649 -0.100017 0.862242
v -0.148719 -0.103222 0.864451
v -0.144076 -0.097349 0.866455
v -0.154584 -0.099498 0.867689
v -0.149716 -0.093769 0.869569
v -0.160444 -0.094968 0.869659
v -0.155351 -0.089413 0.871463
v -0.166058 -0.089844 0.870292
v -0.160798 -0.084471 0.872057
v -0.180107 -0.075257 0.864533
v -0.183152 -0.069533 0.860293
v -0.183930 -0.053657 0.841313
v -0.177956 -0.049729 0.844236
v -0.182189 -0.050941 0.834403
v -0.176260 -0.047078 0.837562
v -0.179392 -0.049269 0.827465
v -0.173570 -0.045469 0.830891
v -0.175637 -0.048720 0.820805
v -0.169959 -0.044942 0.824487
v -0.171068 -0.049316 0.814680
v -0.165567 -0.045515 0.818597
v -0.165862 -0.051034 0.809323
v -0.160561 -0.047167 0.813446
v -0.160218 -0.053809 0.804941
v -0.155133 -0.049835 0.809233
v -0.154353 -0.057532 0.801703
v -0.149494 -0.053416 0.806119
v -0.148492 -0.062063 0.799733
v -0.143858 -0.057772 0.804224
v -0.142861 -0.067225 0.799106
v -0.138444 -0.062736 0.803622
v -0.137676 -0.072821 0.799847
v -0.133458 -0.068117 0.804335
v -0.133137 -0.078637 0.801928
v -0.129093 -0.073709 0.806335
v -0.129417 -0.084447 0.805267
v -0.125516 -0.079296 0.809546
v -0.126660 -0.090030 0.809738
v -0.122865 -0.084664 0.813845
v -0.121241 -0.089607 0.819066
v -0.120379 -0.079159 0.818691
v -0.118883 -0.083714 0.823503
v -0.118391 -0.087702 0.828980
v -0.117988 -0.077718 0.828309
v -0.117557 -0.081213 0.833109
v -0.118923 -0.090969 0.834911
v -0.118023 -0.084077 0.838308
v -0.120458 -0.093390 0.841069
v -0.119368 -0.086199 0.843706
v -0.122937 -0.094873 0.847217
v -0.121541 -0.087499 0.849095
v -0.126264 -0.095359 0.853119
v -0.124457 -0.087925 0.854267
v -0.130312 -0.094831 0.858548
v -0.128006 -0.087462 0.859026
v -0.134926 -0.093308 0.863294
v -0.132050 -0.086127 0.863186
v -0.139928 -0.090850 0.867177
v -0.136434 -0.083972 0.866590
v -0.145125 -0.087550 0.870047
v -0.140990 -0.081080 0.869105
v -0.150319 -0.083535 0.871793
v -0.145542 -0.077561 0.870636
v -0.155343 -0.078964 0.872339
v -0.149917 -0.073551 0.871122
v -0.153977 -0.069207 0.870537
v -0.157494 -0.064680 0.868919
v -0.160328 -0.060151 0.866336
v -0.162465 -0.055823 0.862871
v -0.163822 -0.051868 0.858660
v -0.164265 -0.048375 0.853855
v -0.171147 -0.046967 0.846715
v -0.163778 -0.045487 0.848648
v -0.169588 -0.044519 0.840549
v -0.162431 -0.043363 0.843250
v -0.167110 -0.043037 0.834401
v -0.160259 -0.042064 0.837861
v -0.163782 -0.042550 0.828500
v -0.157342 -0.041638 0.832689
v -0.159734 -0.043079 0.823071
v -0.153794 -0.042101 0.827930
v -0.155120 -0.044601 0.818324
v -0.149750 -0.043435 0.823769
v -0.150118 -0.047060 0.814441
v -0.145366 -0.045590 0.820366
v -0.144921 -0.050360 0.811571
v -0.140810 -0.048483 0.817851
v -0.139727 -0.054375 0.809825
v -0.136258 -0.052002 0.816320
v -0.134737 -0.058950 0.809270
v -0.131884 -0.056012 0.815834
v -0.130142 -0.063909 0.809927
v -0.127857 -0.060359 0.816409
v -0.126119 -0.069062 0.811770
v -0.124330 -0.064875 0.818025
v -0.122823 -0.074212 0.814730
v -0.121441 -0.069389 0.820619
v -0.119299 -0.073725 0.824092
v -0.121424 -0.065013 0.826988
v -0.119666 -0.068572 0.829838
v -0.118590 -0.071848 0.833299
v -0.121466 -0.063897 0.835708
v -0.120666 -0.066332 0.838280
v -0.118236 -0.074717 0.837238
v -0.120403 -0.068464 0.841208
v -0.118619 -0.077067 0.841505
v -0.120687 -0.070210 0.844378
v -0.119723 -0.078809 0.845934
v -0.121508 -0.071504 0.847670
v -0.121506 -0.079876 0.850357
v -0.122833 -0.072297 0.850956
v -0.123899 -0.080225 0.854602
v -0.124611 -0.072557 0.854110
v -0.126811 -0.079845 0.858507
v -0.126775 -0.072274 0.857012
v -0.130130 -0.078750 0.861922
v -0.129241 -0.071460 0.859549
v -0.133728 -0.076982 0.864715
v -0.131915 -0.070146 0.861625
v -0.137467 -0.074608 0.866779
v -0.134693 -0.068382 0.863159
v -0.141203 -0.071720 0.868035
v -0.137469 -0.066237 0.864092
v -0.144792 -0.068429 0.868435
v -0.140136 -0.063791 0.864389
v -0.148098 -0.064862 0.867962
v -0.142592 -0.061140 0.864038
v -0.150991 -0.061155 0.866636
v -0.144742 -0.058386 0.863052
v -0.153363 -0.057451 0.864507
v -0.146504 -0.055634 0.861470
v -0.155120 -0.053892 0.861658
v -0.147810 -0.052989 0.859353
v -0.156197 -0.050615 0.858196
v -0.148610 -0.050554 0.856781
v -0.156550 -0.047747 0.854257
v -0.148873 -0.048423 0.853854
v -0.156168 -0.045396 0.849990
v -0.148589 -0.046676 0.850683
v -0.155064 -0.043655 0.845561
v -0.147769 -0.045382 0.847392
v -0.153281 -0.042588 0.841138
v -0.146444 -0.044590 0.844106
v -0.150887 -0.042238 0.836893
v -0.144665 -0.044330 0.840951
v -0.147975 -0.042618 0.832988
v -0.142501 -0.044612 0.838049
v -0.144656 -0.043714 0.829573
v -0.140035 -0.045426 0.835512
v -0.141058 -0.045482 0.826780
v -0.137362 -0.046740 0.833437
v -0.137320 -0.047856 0.824716
v -0.134583 -0.048504 0.831903
v -0.133584 -0.050744 0.823460
v -0.131807 -0.050650 0.830970
v -0.129994 -0.054035 0.823060
v -0.129140 -0.053095 0.830673
v -0.126689 -0.057602 0.823533
v -0.126684 -0.055746 0.831024
v -0.123795 -0.061309 0.824859
v -0.124534 -0.058501 0.832009
v -0.122772 -0.061253 0.833591
v -0.126497 -0.056561 0.839162
v -0.125407 -0.058262 0.840140
v -0.124600 -0.059897 0.841449
v -0.128014 -0.057228 0.845872
v -0.128395 -0.056455 0.845253
v -0.135946 -0.053329 0.852030
v -0.136023 -0.052706 0.851175
v -0.128933 -0.059759 0.851250
v -0.128413 -0.059683 0.850328
v -0.128026 -0.059451 0.849367
v -0.127786 -0.059073 0.848406
v -0.127703 -0.058562 0.847479
v -0.127780 -0.057940 0.846624
v -0.128910 -0.055651 0.844791
v -0.129539 -0.054846 0.844503
v -0.130256 -0.054072 0.844401
v -0.131036 -0.053357 0.844487
v -0.131847 -0.052730 0.844760
v -0.132659 -0.052214 0.845208
v -0.133440 -0.051830 0.845815
v -0.134161 -0.051593 0.846556
v -0.134793 -0.051510 0.847404
v -0.135313 -0.051586 0.848326
v -0.135700 -0.051818 0.849286
v -0.135940 -0.052196 0.850248
v -0.135712 -0.054041 0.852782
v -0.135331 -0.054813 0.853400
v -0.134816 -0.055618 0.853863
v -0.134187 -0.056422 0.854151
v -0.133470 -0.057197 0.854253
v -0.132690 -0.057912 0.854166
v -0.131879 -0.058539 0.853894
v -0.131067 -0.059054 0.853445
v -0.130286 -0.059438 0.852839
v -0.129565 -0.059676 0.852098
v -0.126545 -0.065250 0.852825
v -0.127882 -0.065076 0.854619
v -0.129407 -0.064573 0.856187
v -0.131060 -0.063760 0.857470
v -0.132777 -0.062670 0.858418
v -0.134493 -0.061343 0.858995
v -0.136142 -0.059831 0.859179
v -0.137660 -0.058193 0.858962
v -0.138990 -0.056490 0.858353
v -0.140079 -0.054788 0.857375
v -0.140886 -0.053154 0.856066
v -0.141381 -0.051648 0.854476
v -0.141543 -0.050331 0.852666
v -0.141368 -0.049251 0.850706
v -0.140861 -0.048451 0.848671
v -0.140042 -0.047961 0.846640
v -0.138942 -0.047800 0.844690
v -0.137604 -0.047975 0.842896
v -0.136080 -0.048478 0.841327
v -0.134427 -0.049290 0.840044
v -0.132709 -0.050381 0.839096
v -0.130993 -0.051707 0.838519
v -0.129344 -0.053219 0.838335
v -0.127826 -0.054858 0.838552
v -0.124106 -0.061402 0.843039
v -0.123943 -0.062720 0.844848
v -0.124119 -0.063800 0.846808
v -0.124626 -0.064600 0.848843
v -0.125445 -0.065090 0.850875
v -0.172528 -0.112799 0.815476
v -0.173035 -0.113599 0.817511
v -0.173854 -0.114089 0.819542
v -0.178196 -0.110232 0.816896
v -0.178583 -0.110464 0.817856
v -0.174954 -0.114250 0.821492
v -0.179103 -0.110540 0.818778
v -0.176292 -0.114075 0.823286
v -0.179735 -0.110457 0.819626
v -0.177816 -0.113572 0.824855
v -0.180456 -0.110220 0.820367
v -0.179469 -0.112760 0.826138
v -0.181237 -0.109836 0.820974
v -0.181186 -0.111669 0.827086
v -0.182049 -0.109320 0.821422
v -0.182903 -0.110343 0.827663
v -0.182860 -0.108693 0.821695
v -0.184551 -0.108831 0.827847
v -0.183639 -0.107978 0.821781
v -0.186070 -0.107192 0.827630
v -0.184357 -0.107204 0.821679
v -0.187399 -0.105489 0.827021
v -0.184985 -0.106399 0.821391
v -0.188488 -0.103788 0.826043
v -0.185500 -0.105595 0.820929
v -0.189296 -0.102153 0.824733
v -0.185882 -0.104822 0.820310
v -0.189790 -0.100648 0.823144
v -0.186116 -0.104110 0.819558
v -0.189953 -0.099330 0.821334
v -0.186193 -0.103488 0.818703
v -0.189777 -0.098250 0.819374
v -0.186109 -0.102977 0.817777
v -0.189270 -0.097450 0.817339
v -0.185870 -0.102599 0.816815
v -0.188451 -0.096960 0.815308
v -0.185483 -0.102367 0.815854
v -0.187351 -0.096800 0.813357
v -0.184963 -0.102291 0.814933
v -0.186014 -0.096974 0.811564
v -0.184331 -0.102374 0.814085
v -0.184489 -0.097477 0.809995
v -0.183610 -0.102612 0.813343
v -0.182836 -0.098290 0.808712
v -0.182829 -0.102996 0.812737
v -0.181119 -0.099380 0.807764
v -0.182017 -0.103511 0.812288
v -0.179403 -0.100707 0.807187
v -0.181206 -0.104138 0.812016
v -0.177754 -0.102219 0.807003
v -0.180426 -0.104853 0.811929
v -0.176235 -0.103857 0.807220
v -0.179709 -0.105628 0.812032
v -0.174906 -0.105560 0.807829
v -0.179080 -0.106432 0.812320
v -0.173817 -0.107262 0.808807
v -0.178565 -0.107237 0.812782
v -0.178184 -0.108009 0.813401
v -0.173009 -0.108896 0.810116
v -0.172515 -0.110402 0.811706
v -0.177950 -0.108721 0.814152
v -0.172352 -0.111719 0.813516
v -0.177873 -0.109344 0.815008
v -0.177956 -0.109854 0.815934
v -0.182022 -0.089685 0.862342
v -0.182263 -0.089302 0.862281
v -0.177189 -0.087487 0.866398
v -0.177505 -0.087099 0.866281
v -0.192297 -0.068987 0.846012
v -0.192344 -0.068785 0.845605
v -0.189294 -0.063230 0.847166
v -0.189312 -0.062940 0.846741
v -0.172912 -0.083159 0.869166
v -0.173229 -0.082771 0.869048
v -0.169820 -0.077334 0.870239
v -0.170148 -0.077040 0.870122
v -0.185018 -0.058902 0.849934
v -0.185036 -0.058612 0.849509
v -0.180182 -0.056724 0.853853
v -0.180142 -0.056434 0.853503
v -0.175323 -0.056845 0.858321
v -0.175711 -0.057090 0.858318
v -0.171520 -0.059721 0.863004
v -0.171978 -0.059960 0.862949
v -0.169138 -0.064544 0.866867
v -0.169579 -0.064817 0.866838
v -0.168485 -0.070691 0.869409
v -0.168899 -0.070882 0.869363
v -0.193548 -0.075144 0.846773
v -0.193682 -0.075428 0.846439
v -0.192946 -0.081184 0.849378
v -0.193090 -0.081554 0.849044
v -0.190547 -0.086040 0.853267
v -0.190708 -0.086377 0.852906
v -0.186736 -0.088936 0.857818
v -0.186844 -0.089273 0.857526
v -0.187942 -0.092394 0.854381
v -0.179961 -0.093354 0.862444
v -0.183712 -0.097374 0.856575
v -0.184582 -0.088830 0.860142
v -0.191454 -0.088465 0.850665
v -0.188805 -0.085623 0.855820
v -0.193797 -0.083722 0.846866
v -0.191668 -0.080861 0.851656
v -0.194812 -0.078486 0.843243
v -0.192920 -0.075063 0.848105
v -0.195206 -0.074102 0.837939
v -0.192782 -0.067395 0.841657
v -0.175371 -0.089921 0.866761
v -0.180039 -0.086333 0.864567
v -0.170759 -0.085253 0.869746
v -0.175475 -0.082155 0.867809
v -0.189709 -0.069075 0.851461
v -0.189392 -0.061531 0.844027
v -0.185193 -0.063998 0.854623
v -0.184780 -0.056863 0.847012
v -0.166461 -0.079689 0.871182
v -0.171462 -0.076757 0.869503
v -0.160701 -0.074083 0.871468
v -0.164432 -0.068598 0.869598
v -0.174308 -0.070208 0.866793
v -0.166356 -0.063061 0.866909
v -0.177037 -0.064656 0.862761
v -0.168698 -0.058318 0.863111
v -0.179546 -0.059904 0.857529
v -0.171302 -0.054689 0.858459
v -0.179281 -0.053730 0.850394
v -0.172195 -0.050811 0.852832
v -0.176370 -0.058311 0.858817
v -0.178116 -0.057113 0.856252
v -0.180747 -0.057955 0.854447
v -0.173220 -0.062189 0.863596
v -0.174663 -0.060066 0.861367
v -0.178289 -0.062148 0.860338
v -0.170961 -0.067561 0.867369
v -0.171939 -0.064782 0.865673
v -0.175711 -0.067342 0.864912
v -0.169827 -0.073896 0.869692
v -0.170237 -0.070729 0.868761
v -0.172886 -0.073390 0.868329
v -0.182526 -0.061805 0.856110
v -0.183429 -0.059356 0.852619
v -0.185840 -0.061169 0.851003
v -0.187588 -0.066422 0.853073
v -0.188131 -0.063488 0.849520
v -0.190052 -0.066060 0.848332
v -0.173416 -0.079629 0.868854
v -0.175495 -0.076041 0.867511
v -0.177997 -0.078569 0.866291
v -0.177766 -0.084475 0.866326
v -0.180391 -0.080993 0.864741
v -0.182677 -0.083312 0.862862
v -0.191494 -0.071998 0.849796
v -0.191694 -0.069035 0.847362
v -0.192871 -0.072048 0.846703
v -0.189874 -0.077649 0.854453
v -0.190896 -0.074908 0.852179
v -0.192507 -0.078128 0.849818
v -0.186915 -0.082968 0.858634
v -0.188547 -0.080335 0.856604
v -0.190387 -0.083454 0.853733
v -0.182408 -0.087837 0.862418
v -0.184834 -0.085484 0.860595
v -0.186787 -0.087481 0.858049
v -0.180389 -0.067112 0.861646
v -0.181520 -0.064416 0.859142
v -0.184284 -0.066799 0.857760
v -0.177390 -0.072780 0.865839
v -0.179014 -0.069896 0.863875
v -0.181763 -0.072345 0.862545
v -0.185635 -0.072047 0.858685
v -0.186764 -0.069309 0.856155
v -0.188969 -0.071955 0.854321
v -0.182587 -0.077767 0.862928
v -0.184246 -0.074859 0.860938
v -0.186482 -0.077454 0.859042
s 1
usemtl White
f 572 571 1
f 3 1731 572
f 1731 434 1361
f 571 1361 2
f 573 670 4
f 1 1732 573
f 1732 2 668
f 670 668 96
f 575 574 5
f 6 1733 575
f 1733 3 572
f 574 572 1
f 576 1513 7
f 5 1734 576
f 1734 1 573
f 1513 573 4
f 578 577 8
f 9 1735 578
f 1735 6 575
f 577 575 5
f 579 1511 10
f 8 1736 579
f 1736 5 576
f 1511 576 7
f 581 580 11
f 12 1737 581
f 1737 9 578
f 580 578 8
f 582 1509 13
f 11 1738 582
f 1738 8 579
f 1509 579 10
f 584 583 14
f 15 1739 584
f 1739 12 581
f 583 581 11
f 585 1507 16
f 14 1740 585
f 1740 11 582
f 1507 582 13
f 587 586 17
f 18 1741 587
f 1741 15 584
f 586 584 14
f 588 1505 19
f 17 1742 588
f 1742 14 585
f 1505 585 16
f 590 589 20
f 21 1743 590
f 1743 18 587
f 589 587 17
f 591 1503 22
f 20 1744 591
f 1744 17 588
f 1503 588 19
f 593 592 23
f 24 1745 593
f 1745 21 590
f 592 590 20
f 594 1501 25
f 23 1746 594
f 1746 20 591
f 1501 591 22
f 596 595 26
f 27 1747 596
f 1747 24 593
f 595 593 23
f 597 1499 28
f 26 1748 597
f 1748 23 594
f 1499 594 25
f 599 598 29
f 30 1749 599
f 1749 27 596
f 598 596 26
f 600 1497 31
f 29 1750 600
f 1750 26 597
f 1497 597 28
f 602 601 32
f 33 1751 602
f 1751 30 599
f 601 599 29
f 603 1495 34
f 32 1752 603
f 1752 29 600
f 1495 600 31
f 605 604 35
f 36 1753 605
f 1753 33 602
f 604 602 32
f 606 1493 37
f 35 1754 606
f 1754 32 603
f 1493 603 34
f 608 607 38
f 39 1755 608
f 1755 36 605
f 607 605 35
f 609 1491 40
f 38 1756 609
f 1756 35 606
f 1491 606 37
f 611 610 41
f 42 1757 611
f 1757 39 608
f 610 608 38
f 612 1489 43
f 41 1758 612
f 1758 38 609
f 1489 609 40
f 614 613 44
f 45 1759 614
f 1759 42 611
f 613 611 41
f 615 1487 46
f 44 1760 615
f 1760 41 612
f 1487 612 43
f 617 616 47
f 48 1761 617
f 1761 45 614
f 616 614 44
f 618 1485 49
f 47 1762 618
f 1762 44 615
f 1485 615 46
f 620 619 50
f 51 1763 620
f 1763 48 617
f 619 617 47
f 621 1483 52
f 50 1764 621
f 1764 47 618
f 1483 618 49
f 623 622 53
f 54 1765 623
f 1765 51 620
f 622 620 50
f 624 1481 55
f 53 1766 624
f 1766 50 621
f 1481 621 52
f 626 625 56
f 57 1767 626
f 1767 54 623
f 625 623 53
f 627 1479 58
f 56 1768 627
f 1768 53 624
f 1479 624 55
f 629 628 59
f 60 1769 629
f 1769 57 626
f 628 626 56
f 630 1477 61
f 59 1770 630
f 1770 56 627
f 1477 627 58
f 632 631 62
f 63 1771 632
f 1771 60 629
f 631 629 59
f 633 1475 64
f 62 1772 633
f 1772 59 630
f 1475 630 61
f 635 634 65
f 66 1773 635
f 1773 63 632
f 634 632 62
f 636 1473 67
f 65 1774 636
f 1774 62 633
f 1473 633 64
f 638 637 68
f 69 1775 638
f 1775 66 635
f 637 635 65
f 639 1471 70
f 68 1776 639
f 1776 65 636
f 1471 636 67
f 641 640 71
f 72 1777 641
f 1777 69 638
f 640 638 68
f 642 1469 73
f 71 1778 642
f 1778 68 639
f 1469 639 70
f 644 643 74
f 75 1779 644
f 1779 72 641
f 643 641 71
f 645 1467 76
f 74 1780 645
f 1780 71 642
f 1467 642 73
f 647 646 77
f 78 1781 647
f 1781 75 644
f 646 644 74
f 648 1465 79
f 77 1782 648
f 1782 74 645
f 1465 645 76
f 650 649 80
f 81 1783 650
f 1783 78 647
f 649 647 77
f 651 1463 82
f 80 1784 651
f 1784 77 648
f 1463 648 79
f 653 652 83
f 84 1785 653
f 1785 81 650
f 652 650 80
f 654 1461 85
f 83 1786 654
f 1786 80 651
f 1461 651 82
f 656 655 86
f 87 1787 656
f 1787 84 653
f 655 653 83
f 657 1459 88
f 86 1788 657
f 1788 83 654
f 1459 654 85
f 659 658 89
f 90 1789 659
f 1789 87 656
f 658 656 86
f 660 1457 91
f 89 1790 660
f 1790 86 657
f 1457 657 88
f 662 661 92
f 93 1791 662
f 1791 90 659
f 661 659 89
f 663 667 94
f 92 1792 663
f 1792 89 660
f 667 660 91
f 1361 664 2
f 434 1793 1361
f 1793 93 662
f 664 662 92
f 668 666 96
f 2 1794 668
f 1794 92 663
f 666 663 94
f 665 758 95
f 94 1795 665
f 1795 91 756
f 758 756 152
f 669 673 97
f 96 1796 669
f 1796 94 665
f 673 665 95
f 674 672 99
f 4 1797 674
f 1797 96 669
f 672 669 97
f 677 676 101
f 7 1800 677
f 1800 4 674
f 676 674 99
f 680 679 103
f 10 1802 680
f 1802 7 677
f 679 677 101
f 683 682 105
f 13 1804 683
f 1804 10 680
f 682 680 103
f 686 685 107
f 16 1806 686
f 1806 13 683
f 685 683 105
f 689 688 109
f 19 1808 689
f 1808 16 686
f 688 686 107
f 692 691 111
f 22 1810 692
f 1810 19 689
f 691 689 109
f 695 694 113
f 25 1812 695
f 1501 692 1812
f 1812 111 694
f 698 697 115
f 28 1814 698
f 1499 695 1814
f 1814 113 697
f 116 1815 699
f 700 1497 1815
f 1497 698 1815
f 1815 115 699
f 117 1816 701
f 702 1495 1816
f 1816 31 700
f 701 700 116
f 704 703 118
f 37 1817 704
f 1493 702 1817
f 1817 117 703
f 119 1818 705
f 706 1491 1818
f 1491 704 1818
f 1818 118 705
f 120 1819 707
f 708 1489 1819
f 1819 40 706
f 707 706 119
f 122 1820 710
f 711 1487 1820
f 1820 43 708
f 710 708 120
f 714 713 124
f 49 1822 714
f 1822 46 711
f 713 711 122
f 717 716 126
f 52 1824 717
f 1824 49 714
f 716 714 124
f 720 719 128
f 55 1826 720
f 1826 52 717
f 719 717 126
f 723 722 130
f 58 1828 723
f 1828 55 720
f 722 720 128
f 726 725 132
f 61 1830 726
f 1830 58 723
f 725 723 130
f 729 728 134
f 64 1832 729
f 1832 61 726
f 728 726 132
f 732 731 136
f 67 1834 732
f 1834 64 729
f 731 729 134
f 735 734 138
f 70 1836 735
f 1836 67 732
f 734 732 136
f 738 737 140
f 73 1838 738
f 1838 70 735
f 737 735 138
f 741 740 142
f 76 1840 741
f 1840 73 738
f 740 738 140
f 744 743 144
f 79 1842 744
f 1842 76 741
f 743 741 142
f 747 746 146
f 82 1844 747
f 1844 79 744
f 746 744 144
f 750 749 148
f 85 1846 750
f 1846 82 747
f 749 747 146
f 753 752 150
f 88 1848 753
f 1848 85 750
f 752 750 148
f 756 755 152
f 91 1850 756
f 1850 88 753
f 755 753 150
f 570 1874 1727
f 1730 1628 1874
f 1874 176 1627
f 1727 1627 515
f 569 1875 1723
f 518 1875 1726
f 1630 1629 1875
f 1723 1629 517
f 1722 1719 568
f 526 1930 1722
f 1638 1632 1930
f 1930 520 1719
f 1718 1715 567
f 525 1931 1718
f 1323 1634 1931
f 1931 522 1715
f 274 1964 1034
f 941 943 1964
f 943 1032 1964
f 1964 336 1034
f 276 1965 1285
f 945 942 1965
f 942 941 1965
f 1965 274 1285
f 278 1967 1284
f 948 946 1967
f 946 945 1967
f 1967 276 1284
f 280 1969 1283
f 951 949 1969
f 949 948 1969
f 1969 278 1283
f 282 1971 1282
f 954 952 1971
f 952 951 1971
f 1971 280 1282
f 284 1973 1281
f 957 955 1973
f 955 954 1973
f 1973 282 1281
f 286 1975 1280
f 960 958 1975
f 958 957 1975
f 1975 284 1280
f 288 1977 1279
f 963 961 1977
f 961 960 1977
f 1977 286 1279
f 290 1979 1278
f 966 964 1979
f 964 963 1979
f 1979 288 1278
f 292 1981 1277
f 969 967 1981
f 967 966 1981
f 1981 290 1277
f 294 1983 1276
f 972 970 1983
f 970 969 1983
f 1983 292 1276
f 296 1985 1275
f 975 973 1985
f 1985 293 972
f 1275 972 294
f 298 1986 1274
f 977 976 1986
f 1986 295 975
f 1274 975 296
f 979 1273 300
f 299 1987 979
f 1987 297 977
f 1273 977 298
f 981 1272 302
f 301 1988 981
f 980 979 1988
f 1988 300 1272
f 304 1989 1271
f 983 982 1989
f 1989 301 981
f 1271 981 302
f 985 1270 306
f 305 1990 985
f 1990 303 983
f 1270 983 304
f 988 1269 308
f 307 1991 988
f 986 985 1991
f 1991 306 1269
f 991 1268 310
f 309 1993 991
f 989 988 1993
f 1993 308 1268
f 312 1995 1267
f 994 992 1995
f 992 991 1995
f 1995 310 1267
f 314 1997 1266
f 997 995 1997
f 995 994 1997
f 1997 312 1266
f 316 1999 1265
f 1000 998 1999
f 998 997 1999
f 1999 314 1265
f 318 2001 1264
f 1003 1001 2001
f 1001 1000 2001
f 2001 316 1264
f 320 2003 1263
f 1006 1004 2003
f 1004 1003 2003
f 2003 318 1263
f 322 2005 1262
f 1009 1007 2005
f 1007 1006 2005
f 2005 320 1262
f 324 2007 1261
f 1012 1010 2007
f 1010 1009 2007
f 2007 322 1261
f 326 2009 1260
f 1015 1013 2009
f 1013 1012 2009
f 2009 324 1260
f 328 2011 1259
f 1018 1016 2011
f 1016 1015 2011
f 2011 326 1259
f 330 2013 1258
f 1021 1019 2013
f 1019 1018 2013
f 2013 328 1258
f 332 2015 1257
f 1024 1022 2015
f 1022 1021 2015
f 2015 330 1257
f 334 2017 1031
f 1027 1025 2017
f 1025 1024 2017
f 2017 332 1031
f 336 2018 1030
f 1032 1028 2018
f 1028 1027 2018
f 2018 334 1030
f 335 2019 1127
f 1029 1031 2019
f 1031 1125 2019
f 2019 397 1127
f 337 2020 1037
f 1033 1030 2020
f 1030 1029 2020
f 2020 335 1037
f 339 2021 1036
f 1038 1034 2021
f 1034 1033 2021
f 2021 337 1036
f 338 2022 1133
f 1035 1037 2022
f 1037 1131 2022
f 2022 400 1133
f 340 2023 1256
f 1039 1036 2023
f 1036 1035 2023
f 2023 338 1256
f 341 2024 1040
f 1041 1285 2024
f 1285 1038 2024
f 2024 339 1040
f 342 2025 1255
f 1042 1040 2025
f 1040 1039 2025
f 2025 340 1255
f 343 2026 1043
f 1044 1284 2026
f 1284 1041 2026
f 2026 341 1043
f 344 2027 1254
f 1045 1043 2027
f 1043 1042 2027
f 2027 342 1254
f 345 2028 1046
f 1047 1283 2028
f 1283 1044 2028
f 2028 343 1046
f 346 2029 1253
f 1048 1046 2029
f 1046 1045 2029
f 2029 344 1253
f 347 2030 1049
f 1050 1282 2030
f 1282 1047 2030
f 2030 345 1049
f 348 2031 1252
f 1051 1049 2031
f 1049 1048 2031
f 2031 346 1252
f 349 2032 1052
f 1053 1281 2032
f 1281 1050 2032
f 2032 347 1052
f 350 2033 1251
f 1054 1052 2033
f 1052 1051 2033
f 2033 348 1251
f 351 2034 1055
f 1056 1280 2034
f 1280 1053 2034
f 2034 349 1055
f 352 2035 1250
f 1057 1055 2035
f 1055 1054 2035
f 2035 350 1250
f 353 2036 1058
f 1059 1279 2036
f 1279 1056 2036
f 2036 351 1058
f 354 2037 1249
f 1060 1058 2037
f 1058 1057 2037
f 2037 352 1249
f 355 2038 1061
f 1062 1278 2038
f 1278 1059 2038
f 2038 353 1061
f 356 2039 1248
f 1063 1061 2039
f 1061 1060 2039
f 2039 354 1248
f 357 2040 1064
f 1065 1277 2040
f 1277 1062 2040
f 2040 355 1064
f 358 2041 1247
f 1066 1064 2041
f 1064 1063 2041
f 2041 356 1247
f 359 2042 1067
f 1068 1276 2042
f 1276 1065 2042
f 2042 357 1067
f 360 2043 1246
f 1069 1067 2043
f 1067 1066 2043
f 2043 358 1246
f 361 2044 1070
f 1071 1275 2044
f 1275 1068 2044
f 2044 359 1070
f 362 2045 1245
f 1072 1070 2045
f 1070 1069 2045
f 2045 360 1245
f 363 2046 1073
f 1074 1274 2046
f 1274 1071 2046
f 2046 361 1073
f 364 2047 1244
f 1075 1073 2047
f 1073 1072 2047
f 2047 362 1244
f 365 2048 1076
f 1077 1273 2048
f 1273 1074 2048
f 2048 363 1076
f 366 2049 1243
f 1078 1076 2049
f 1076 1075 2049
f 2049 364 1243
f 367 2050 1079
f 1080 1272 2050
f 1272 1077 2050
f 2050 365 1079
f 368 2051 1242
f 1081 1079 2051
f 1079 1078 2051
f 2051 366 1242
f 369 2052 1082
f 1083 1271 2052
f 1271 1080 2052
f 2052 367 1082
f 370 2053 1241
f 1084 1082 2053
f 1082 1081 2053
f 2053 368 1241
f 371 2054 1085
f 1086 1270 2054
f 1270 1083 2054
f 2054 369 1085
f 372 2055 1240
f 1087 1085 2055
f 1085 1084 2055
f 2055 370 1240
f 373 2056 1088
f 1089 1269 2056
f 1269 1086 2056
f 2056 371 1088
f 374 2057 1239
f 1090 1088 2057
f 1088 1087 2057
f 2057 372 1239
f 375 2058 1091
f 1092 1268 2058
f 1268 1089 2058
f 2058 373 1091
f 376 2059 1238
f 1093 1091 2059
f 1091 1090 2059
f 2059 374 1238
f 377 2060 1094
f 1095 1267 2060
f 1267 1092 2060
f 2060 375 1094
f 378 2061 1237
f 1096 1094 2061
f 1094 1093 2061
f 2061 376 1237
f 379 2062 1097
f 1098 1266 2062
f 1266 1095 2062
f 2062 377 1097
f 380 2063 1236
f 1099 1097 2063
f 1097 1096 2063
f 2063 378 1236
f 381 2064 1100
f 1101 1265 2064
f 1265 1098 2064
f 2064 379 1100
f 382 2065 1235
f 1102 1100 2065
f 1100 1099 2065
f 2065 380 1235
f 383 2066 1103
f 1104 1264 2066
f 1264 1101 2066
f 2066 381 1103
f 384 2067 1234
f 1105 1103 2067
f 1103 1102 2067
f 2067 382 1234
f 385 2068 1106
f 1107 1263 2068
f 1263 1104 2068
f 2068 383 1106
f 386 2069 1233
f 1108 1106 2069
f 1106 1105 2069
f 2069 384 1233
f 387 2070 1109
f 1110 1262 2070
f 1262 1107 2070
f 2070 385 1109
f 388 2071 1232
f 1111 1109 2071
f 1109 1108 2071
f 2071 386 1232
f 389 2072 1112
f 1113 1261 2072
f 1261 1110 2072
f 2072 387 1112
f 390 2073 1231
f 1114 1112 2073
f 1112 1111 2073
f 2073 388 1231
f 391 2074 1115
f 1116 1260 2074
f 1260 1113 2074
f 2074 389 1115
f 392 2075 1230
f 1117 1115 2075
f 1115 1114 2075
f 2075 390 1230
f 393 2076 1118
f 1119 1259 2076
f 1259 1116 2076
f 2076 391 1118
f 394 2077 1229
f 1120 1118 2077
f 1118 1117 2077
f 2077 392 1229
f 395 2078 1121
f 1122 1258 2078
f 1258 1119 2078
f 2078 393 1121
f 396 2079 1228
f 1123 1121 2079
f 1121 1120 2079
f 2079 394 1228
f 397 2080 1124
f 1125 1257 2080
f 1257 1122 2080
f 2080 395 1124
f 398 2081 1130
f 1126 1124 2081
f 1124 1123 2081
f 2081 396 1130
f 400 2082 1129
f 1131 1127 2082
f 1127 1126 2082
f 2082 398 1129
f 1128 1215 399
f 398 2083 1128
f 2083 396 1214
f 1215 1214 410
f 1132 1135 401
f 400 2084 1132
f 2084 398 1128
f 1135 1128 399
f 1227 1134 402
f 338 2085 1227
f 2085 400 1132
f 1134 1132 401
f 1143 1136 403
f 402 2086 1143
f 401 2086 1134
f 1136 1144 403
f 401 2087 1136
f 399 2087 1135
f 1137 1157 403
f 404 2088 1137
f 422 2088 1190
f 1156 1137 403
f 421 2089 1156
f 404 2089 1193
f 1167 1138 403
f 432 2090 1167
f 405 2090 1170
f 1138 1139 403
f 405 2091 1138
f 406 2091 1224
f 1139 1140 403
f 406 2092 1139
f 407 2092 1222
f 1140 1141 403
f 407 2093 1140
f 408 2093 1220
f 1141 1142 403
f 408 2094 1141
f 409 2094 1217
f 1142 1143 403
f 409 2095 1142
f 402 2095 1218
f 1144 1145 403
f 399 2096 1144
f 410 2096 1215
f 1145 1146 403
f 410 2097 1145
f 411 2097 1213
f 1146 1147 403
f 411 2098 1146
f 412 2098 1211
f 1147 1148 403
f 412 2099 1147
f 413 2099 1209
f 1148 1149 403
f 413 2100 1148
f 414 2100 1207
f 1149 1150 403
f 414 2101 1149
f 415 2101 1205
f 1150 1151 403
f 415 2102 1150
f 416 2102 1203
f 1151 1152 403
f 416 2103 1151
f 417 2103 1201
f 1152 1153 403
f 417 2104 1152
f 418 2104 1199
f 1153 1154 403
f 418 2105 1153
f 419 2105 1197
f 1154 1155 403
f 419 2106 1154
f 420 2106 1195
f 1155 1156 403
f 420 2107 1155
f 421 2107 1192
f 1157 1158 403
f 422 2108 1157
f 423 2108 1188
f 1158 1159 403
f 423 2109 1158
f 424 2109 1186
f 1159 1160 403
f 424 2110 1159
f 425 2110 1184
f 1160 1161 403
f 425 2111 1160
f 426 2111 1182
f 1161 1162 403
f 426 2112 1161
f 427 2112 1180
f 1162 1163 403
f 427 2113 1162
f 428 2113 1178
f 1163 1164 403
f 428 2114 1163
f 429 2114 1176
f 1164 1165 403
f 429 2115 1164
f 430 2115 1174
f 1165 1166 403
f 430 2116 1165
f 431 2116 1172
f 1166 1167 403
f 431 2117 1166
f 432 2117 1169
f 1168 1170 432
f 350 2118 1168
f 2118 348 1225
f 1170 1225 405
f 1171 1169 431
f 352 2119 1171
f 2119 350 1168
f 1169 1168 432
f 1173 1172 430
f 354 2120 1173
f 2120 352 1171
f 1172 1171 431
f 1175 1174 429
f 356 2121 1175
f 2121 354 1173
f 1174 1173 430
f 1177 1176 428
f 358 2122 1177
f 2122 356 1175
f 1176 1175 429
f 1179 1178 427
f 360 2123 1179
f 2123 358 1177
f 1178 1177 428
f 1181 1180 426
f 362 2124 1181
f 2124 360 1179
f 1180 1179 427
f 1183 1182 425
f 364 2125 1183
f 2125 362 1181
f 1182 1181 426
f 1185 1184 424
f 366 2126 1185
f 2126 364 1183
f 1184 1183 425
f 1187 1186 423
f 368 2127 1187
f 2127 366 1185
f 1186 1185 424
f 1189 1188 422
f 370 2128 1189
f 2128 368 1187
f 1188 1187 423
f 1226 1190 404
f 372 2129 1226
f 2129 370 1189
f 1190 1189 422
f 1191 1193 421
f 374 2130 1191
f 2130 372 1226
f 1193 1226 404
f 1194 1192 420
f 376 2131 1194
f 2131 374 1191
f 1192 1191 421
f 1196 1195 419
f 378 2132 1196
f 2132 376 1194
f 1195 1194 420
f 1198 1197 418
f 380 2133 1198
f 2133 378 1196
f 1197 1196 419
f 1200 1199 417
f 382 2134 1200
f 2134 380 1198
f 1199 1198 418
f 1202 1201 416
f 384 2135 1202
f 2135 382 1200
f 1201 1200 417
f 1204 1203 415
f 386 2136 1204
f 2136 384 1202
f 1203 1202 416
f 1206 1205 414
f 388 2137 1206
f 2137 386 1204
f 1205 1204 415
f 1208 1207 413
f 390 2138 1208
f 2138 388 1206
f 1207 1206 414
f 1210 1209 412
f 392 2139 1210
f 2139 390 1208
f 1209 1208 413
f 1212 1211 411
f 394 2140 1212
f 2140 392 1210
f 1211 1210 412
f 1214 1213 410
f 396 2141 1214
f 2141 394 1212
f 1213 1212 411
f 1216 1218 409
f 340 2142 1216
f 2142 338 1227
f 1218 1227 402
f 1219 1217 408
f 342 2143 1219
f 2143 340 1216
f 1217 1216 409
f 1221 1220 407
f 344 2144 1221
f 2144 342 1219
f 1220 1219 408
f 1223 1222 406
f 346 2145 1223
f 2145 344 1221
f 1222 1221 407
f 1225 1224 405
f 348 2146 1225
f 2146 346 1223
f 1224 1223 406
f 93 2147 1359
f 1357 1454 2147
f 1454 1453 2147
f 2147 90 1359
f 434 2148 1358
f 1360 1363 2148
f 1363 1357 2148
f 2148 93 1358
f 3 2149 1362
f 1366 1365 2149
f 1365 1360 2149
f 2149 434 1362
f 435 2150 1363
f 1456 1364 436
f 433 2150 1456
f 437 2151 1365
f 1364 1368 436
f 435 2151 1364
f 6 2152 1514
f 1369 1367 2152
f 1367 1366 2152
f 2152 3 1514
f 438 2153 1367
f 1368 1371 436
f 437 2153 1368
f 9 2154 1512
f 1372 1370 2154
f 1370 1369 2154
f 2154 6 1512
f 439 2155 1370
f 1371 1374 436
f 438 2155 1371
f 12 2156 1510
f 1375 1373 2156
f 1373 1372 2156
f 2156 9 1510
f 440 2157 1373
f 1374 1377 436
f 439 2157 1374
f 15 2158 1508
f 1378 1376 2158
f 1376 1375 2158
f 2158 12 1508
f 441 2159 1376
f 1377 1380 436
f 440 2159 1377
f 18 2160 1506
f 1381 1379 2160
f 1379 1378 2160
f 2160 15 1506
f 442 2161 1379
f 1380 1383 436
f 441 2161 1380
f 21 2162 1504
f 1384 1382 2162
f 1382 1381 2162
f 2162 18 1504
f 443 2163 1382
f 1383 1386 436
f 442 2163 1383
f 24 2164 1502
f 1387 1385 2164
f 1385 1384 2164
f 2164 21 1502
f 444 2165 1385
f 1386 1389 436
f 443 2165 1386
f 27 2166 1500
f 1390 1388 2166
f 1388 1387 2166
f 2166 24 1500
f 445 2167 1388
f 1389 1392 436
f 444 2167 1389
f 30 2168 1498
f 1393 1391 2168
f 1391 1390 2168
f 2168 27 1498
f 446 2169 1391
f 1392 1395 436
f 445 2169 1392
f 33 2170 1496
f 1396 1394 2170
f 1394 1393 2170
f 2170 30 1496
f 447 2171 1394
f 1395 1398 436
f 446 2171 1395
f 36 2172 1494
f 1399 1397 2172
f 1397 1396 2172
f 2172 33 1494
f 448 2173 1397
f 1398 1401 436
f 447 2173 1398
f 39 2174 1492
f 1402 1400 2174
f 1400 1399 2174
f 2174 36 1492
f 449 2175 1400
f 1401 1404 436
f 448 2175 1401
f 42 2176 1490
f 1405 1403 2176
f 1403 1402 2176
f 2176 39 1490
f 450 2177 1403
f 1404 1407 436
f 449 2177 1404
f 45 2178 1488
f 1408 1406 2178
f 1406 1405 2178
f 2178 42 1488
f 451 2179 1406
f 1407 1410 436
f 450 2179 1407
f 48 2180 1486
f 1411 1409 2180
f 1409 1408 2180
f 2180 45 1486
f 452 2181 1409
f 1410 1413 436
f 451 2181 1410
f 51 2182 1484
f 1414 1412 2182
f 1412 1411 2182
f 2182 48 1484
f 453 2183 1412
f 1413 1416 436
f 452 2183 1413
f 54 2184 1482
f 1417 1415 2184
f 1415 1414 2184
f 2184 51 1482
f 454 2185 1415
f 1416 1419 436
f 453 2185 1416
f 57 2186 1480
f 1420 1418 2186
f 1418 1417 2186
f 2186 54 1480
f 455 2187 1418
f 1419 1422 436
f 454 2187 1419
f 60 2188 1478
f 1423 1421 2188
f 1421 1420 2188
f 2188 57 1478
f 456 2189 1421
f 1422 1425 436
f 455 2189 1422
f 63 2190 1476
f 1426 1424 2190
f 1424 1423 2190
f 2190 60 1476
f 457 2191 1424
f 1425 1428 436
f 456 2191 1425
f 66 2192 1474
f 1429 1427 2192
f 1427 1426 2192
f 2192 63 1474
f 458 2193 1427
f 1428 1431 436
f 457 2193 1428
f 69 2194 1472
f 1432 1430 2194
f 1430 1429 2194
f 2194 66 1472
f 459 2195 1430
f 1431 1434 436
f 458 2195 1431
f 72 2196 1470
f 1435 1433 2196
f 1433 1432 2196
f 2196 69 1470
f 460 2197 1433
f 1434 1437 436
f 459 2197 1434
f 75 2198 1468
f 1438 1436 2198
f 1436 1435 2198
f 2198 72 1468
f 461 2199 1436
f 1437 1440 436
f 460 2199 1437
f 78 2200 1466
f 1441 1439 2200
f 1439 1438 2200
f 2200 75 1466
f 462 2201 1439
f 1440 1443 436
f 461 2201 1440
f 81 2202 1464
f 1445 1442 2202
f 1442 1441 2202
f 2202 78 1464
f 463 2203 1442
f 1443 1444 436
f 462 2203 1443
f 464 2204 1446
f 1444 1449 436
f 463 2204 1444
f 84 2205 1462
f 1447 1446 2205
f 1446 1445 2205
f 2205 81 1462
f 87 2206 1460
f 1450 1448 2206
f 1448 1447 2206
f 2206 84 1460
f 465 2207 1448
f 1449 1452 436
f 464 2207 1449
f 90 2208 1458
f 1453 1451 2208
f 1451 1450 2208
f 2208 87 1458
f 466 2209 1451
f 1452 1455 436
f 465 2209 1452
f 433 2210 1454
f 1455 1456 436
f 466 2210 1455
f 469 2212 1519
f 1520 1518 484
f 1639 1520 483
f 527 2212 1639
f 1519 1521 467
f 484 2214 1520
f 1525 1524 487
f 1640 1525 486
f 528 2214 1640
f 1520 1526 483
f 1641 1527 479
f 529 2215 1641
f 1529 1528 488
f 1530 1529 490
f 481 2215 1530
f 1642 1529 488
f 530 2217 1642
f 1535 1534 491
f 1536 1535 493
f 490 2217 1536
f 1541 1525 487
f 496 2220 1541
f 1643 1542 495
f 531 2220 1643
f 1525 1543 486
f 1546 1542 496
f 499 2222 1546
f 1644 1547 498
f 532 2222 1644
f 1542 1548 495
f 1645 1535 491
f 533 2223 1645
f 1550 1549 509
f 511 2223 1550
f 1535 1551 493
f 1646 1550 509
f 534 2225 1646
f 1555 1554 512
f 514 2225 1555
f 1550 1556 511
f 1561 1562 508
f 514 2228 1561
f 1647 1555 512
f 535 2228 1647
f 1562 1563 506
f 1566 1567 505
f 508 2230 1566
f 1648 1562 506
f 536 2230 1648
f 1567 1568 503
f 502 2232 1572
f 1567 1571 505
f 1649 1567 503
f 537 2232 1649
f 1572 1573 500
f 499 2234 1547
f 1572 1575 502
f 1650 1572 500
f 538 2234 1650
f 1547 1576 498
f 1651 1577 477
f 539 2235 1651
f 1527 1578 479
f 481 2235 1527
f 1577 1579 478
f 1652 1582 474
f 540 2237 1652
f 1577 1583 477
f 478 2237 1577
f 1582 1584 475
f 1653 1587 471
f 541 2239 1653
f 1582 1588 474
f 1589 1582 475
f 472 2239 1589
f 1654 1519 467
f 542 2241 1654
f 1587 1592 471
f 1593 1587 472
f 469 2241 1593
f 566 2246 1711
f 1714 1654 2246
f 2246 467 1521
f 1711 1521 527
f 565 2248 1707
f 1710 1653 2248
f 2248 471 1600
f 1707 1600 544
f 1706 1703 564
f 540 2250 1706
f 2250 474 1602
f 2250 545 1703
f 1702 1699 563
f 539 2252 1702
f 1651 1604 2252
f 2252 546 1699
f 562 2256 1695
f 1698 1655 2256
f 2256 483 1526
f 1695 1526 528
f 1694 1691 561
f 548 2258 1694
f 2258 486 1543
f 2258 531 1691
f 1690 1687 560
f 547 2259 1690
f 1659 1631 2259
f 2259 519 1687
f 559 2261 1683
f 1686 1662 2261
f 2261 181 1636
f 1683 1636 524
f 1682 1679 558
f 549 2264 1682
f 1661 1548 2264
f 2264 532 1679
f 1678 1675 557
f 521 2267 1678
f 1633 1618 2267
f 2267 552 1675
f 556 2269 1671
f 1674 1635 2269
f 2269 239 1621
f 1671 1621 553
f 555 2271 1667
f 1670 1663 2271
f 2271 240 1623
f 1667 1623 554
f 535 2275 1563
f 1669 1667 2275
f 2275 554 1666
f 1563 1666 506
f 512 2276 1647
f 1554 1668 2276
f 2276 555 1669
f 1647 1669 535
f 534 2277 1668
f 1646 1615 2277
f 2277 551 1670
f 1668 1670 555
f 536 2278 1568
f 1673 1671 2278
f 2278 553 1665
f 2278 503 1568
f 506 2279 1648
f 1666 1672 2279
f 2279 556 1673
f 1648 1673 536
f 554 2280 1672
f 1623 888 2280
f 2280 523 1674
f 1672 1674 556
f 1677 1573 537
f 557 2281 1677
f 1675 1664 2281
f 2281 500 1573
f 503 2282 1649
f 553 2282 1665
f 1676 1677 2282
f 2282 537 1649
f 1621 1676 553
f 239 2283 1621
f 886 1678 2283
f 2283 557 1676
f 1681 1576 538
f 558 2284 1681
f 1679 1644 2284
f 2284 498 1576
f 1664 1650 500
f 552 2285 1664
f 1680 1681 2285
f 2285 538 1650
f 1618 1680 552
f 238 2286 1618
f 1612 1682 2286
f 2286 558 1680
f 551 2287 1663
f 1685 1683 2287
f 2287 524 889
f 1663 889 240
f 509 2288 1615
f 1549 1684 2288
f 2288 559 1685
f 1615 1685 551
f 533 2289 1684
f 491 2289 1645
f 2289 550 1686
f 1684 1686 559
f 1689 1662 550
f 560 2290 1689
f 1687 798 2290
f 2290 181 1662
f 491 2291 1613
f 530 2291 1534
f 1688 1689 2291
f 2291 550 1613
f 1642 1688 530
f 488 2292 1642
f 1606 1690 2292
f 2292 560 1688
f 1693 1661 549
f 561 2293 1693
f 1691 1643 2293
f 2293 495 1661
f 885 1612 238
f 520 2294 885
f 1692 1693 2294
f 2294 549 1612
f 1632 1692 520
f 177 2295 1632
f 1610 1694 2295
f 2295 561 1692
f 548 2296 1660
f 1697 1695 2296
f 2296 528 1640
f 2296 486 1660
f 177 2297 1610
f 794 1696 2297
f 2297 562 1697
f 1610 1697 548
f 515 2298 1696
f 1627 1599 2298
f 2298 543 1698
f 1696 1698 562
f 1701 1659 547
f 563 2299 1701
f 1699 1658 2299
f 2299 180 1659
f 1528 1606 488
f 529 2300 1528
f 1700 1701 2300
f 2300 547 1606
f 1641 1700 529
f 479 2301 1641
f 1578 1702 2301
f 2301 563 1700
f 1705 1630 518
f 564 2302 1705
f 1703 1657 2302
f 2302 178 1630
f 1658 797 180
f 546 2303 1658
f 1704 1705 2303
f 2303 518 797
f 1604 1704 546
f 477 2304 1604
f 1583 1706 2304
f 2304 564 1704
f 516 2305 1628
f 1709 1707 2305
f 2305 544 1656
f 1628 1656 176
f 178 2306 795
f 1657 1708 2306
f 2306 565 1709
f 795 1709 516
f 545 2307 1708
f 474 2307 1602
f 2307 541 1710
f 1708 1710 565
f 543 2308 1655
f 1713 1711 2308
f 2308 527 1639
f 1655 1639 483
f 176 2309 1599
f 1656 1712 2309
f 2309 566 1713
f 1599 1713 543
f 544 2310 1712
f 1600 1592 2310
f 2310 542 1714
f 1712 1714 566
f 523 2311 1635
f 567 2311 1717
f 1715 887 2311
f 1635 887 239
f 240 2312 888
f 889 1716 2312
f 2312 567 1717
f 888 1717 523
f 524 2313 1716
f 1636 1637 2313
f 2313 525 1718
f 1716 1718 567
f 1721 1633 521
f 568 2314 1721
f 1719 885 2314
f 2314 238 1633
f 887 886 239
f 887 1720 2315
f 2315 568 1721
f 2315 521 886
f 522 2316 1720
f 1634 1324 2316
f 2316 526 1722
f 1720 1722 568
f 525 2317 1323
f 1725 1723 2317
f 2317 517 796
f 1323 796 179
f 798 1637 181
f 519 2318 798
f 1724 1725 2318
f 2318 525 1637
f 1631 1724 519
f 180 2319 1631
f 797 1726 2319
f 2319 569 1724
f 526 2320 1638
f 1729 1727 2320
f 2320 515 794
f 1638 794 177
f 796 1324 179
f 517 2321 796
f 1728 1729 2321
f 2321 526 1324
f 1629 1728 517
f 1629 795 2322
f 2322 516 1730
f 2322 570 1728
f 572 1731 571
f 3 1362 1731
f 1731 1362 434
f 571 1731 1361
f 573 1732 670
f 1 571 1732
f 1732 571 2
f 670 1732 668
f 575 1733 574
f 6 1514 1733
f 1733 1514 3
f 574 1733 572
f 576 1734 1513
f 5 574 1734
f 1734 574 1
f 1513 1734 573
f 578 1735 577
f 9 1512 1735
f 1735 1512 6
f 577 1735 575
f 579 1736 1511
f 8 577 1736
f 1736 577 5
f 1511 1736 576
f 581 1737 580
f 12 1510 1737
f 1737 1510 9
f 580 1737 578
f 582 1738 1509
f 11 580 1738
f 1738 580 8
f 1509 1738 579
f 584 1739 583
f 15 1508 1739
f 1739 1508 12
f 583 1739 581
f 585 1740 1507
f 14 583 1740
f 1740 583 11
f 1507 1740 582
f 587 1741 586
f 18 1506 1741
f 1741 1506 15
f 586 1741 584
f 588 1742 1505
f 17 586 1742
f 1742 586 14
f 1505 1742 585
f 590 1743 589
f 21 1504 1743
f 1743 1504 18
f 589 1743 587
f 591 1744 1503
f 20 589 1744
f 1744 589 17
f 1503 1744 588
f 593 1745 592
f 24 1502 1745
f 1745 1502 21
f 592 1745 590
f 594 1746 1501
f 23 592 1746
f 1746 592 20
f 1501 1746 591
f 596 1747 595
f 27 1500 1747
f 1747 1500 24
f 595 1747 593
f 597 1748 1499
f 26 595 1748
f 1748 595 23
f 1499 1748 594
f 599 1749 598
f 30 1498 1749
f 1749 1498 27
f 598 1749 596
f 600 1750 1497
f 29 598 1750
f 1750 598 26
f 1497 1750 597
f 602 1751 601
f 33 1496 1751
f 1751 1496 30
f 601 1751 599
f 603 1752 1495
f 32 601 1752
f 1752 601 29
f 1495 1752 600
f 605 1753 604
f 36 1494 1753
f 1753 1494 33
f 604 1753 602
f 606 1754 1493
f 35 604 1754
f 1754 604 32
f 1493 1754 603
f 608 1755 607
f 39 1492 1755
f 1755 1492 36
f 607 1755 605
f 609 1756 1491
f 38 607 1756
f 1756 607 35
f 1491 1756 606
f 611 1757 610
f 42 1490 1757
f 1757 1490 39
f 610 1757 608
f 612 1758 1489
f 41 610 1758
f 1758 610 38
f 1489 1758 609
f 614 1759 613
f 45 1488 1759
f 1759 1488 42
f 613 1759 611
f 615 1760 1487
f 44 613 1760
f 1760 613 41
f 1487 1760 612
f 617 1761 616
f 48 1486 1761
f 1761 1486 45
f 616 1761 614
f 618 1762 1485
f 47 616 1762
f 1762 616 44
f 1485 1762 615
f 620 1763 619
f 51 1484 1763
f 1763 1484 48
f 619 1763 617
f 621 1764 1483
f 50 619 1764
f 1764 619 47
f 1483 1764 618
f 623 1765 622
f 54 1482 1765
f 1765 1482 51
f 622 1765 620
f 624 1766 1481
f 53 622 1766
f 1766 622 50
f 1481 1766 621
f 626 1767 625
f 57 1480 1767
f 1767 1480 54
f 625 1767 623
f 627 1768 1479
f 56 625 1768
f 1768 625 53
f 1479 1768 624
f 629 1769 628
f 60 1478 1769
f 1769 1478 57
f 628 1769 626
f 630 1770 1477
f 59 628 1770
f 1770 628 56
f 1477 1770 627
f 632 1771 631
f 63 1476 1771
f 1771 1476 60
f 631 1771 629
f 633 1772 1475
f 62 631 1772
f 1772 631 59
f 1475 1772 630
f 635 1773 634
f 66 1474 1773
f 1773 1474 63
f 634 1773 632
f 636 1774 1473
f 65 634 1774
f 1774 634 62
f 1473 1774 633
f 638 1775 637
f 69 1472 1775
f 1775 1472 66
f 637 1775 635
f 639 1776 1471
f 68 637 1776
f 1776 637 65
f 1471 1776 636
f 641 1777 640
f 72 1470 1777
f 1777 1470 69
f 640 1777 638
f 642 1778 1469
f 71 640 1778
f 1778 640 68
f 1469 1778 639
f 644 1779 643
f 75 1468 1779
f 1779 1468 72
f 643 1779 641
f 645 1780 1467
f 74 643 1780
f 1780 643 71
f 1467 1780 642
f 647 1781 646
f 78 1466 1781
f 1781 1466 75
f 646 1781 644
f 648 1782 1465
f 77 646 1782
f 1782 646 74
f 1465 1782 645
f 650 1783 649
f 81 1464 1783
f 1783 1464 78
f 649 1783 647
f 651 1784 1463
f 80 649 1784
f 1784 649 77
f 1463 1784 648
f 653 1785 652
f 84 1462 1785
f 1785 1462 81
f 652 1785 650
f 654 1786 1461
f 83 652 1786
f 1786 652 80
f 1461 1786 651
f 656 1787 655
f 87 1460 1787
f 1787 1460 84
f 655 1787 653
f 657 1788 1459
f 86 655 1788
f 1788 655 83
f 1459 1788 654
f 659 1789 658
f 90 1458 1789
f 1789 1458 87
f 658 1789 656
f 660 1790 1457
f 89 658 1790
f 1790 658 86
f 1457 1790 657
f 662 1791 661
f 93 1359 1791
f 1791 1359 90
f 661 1791 659
f 663 1792 667
f 92 661 1792
f 1792 661 89
f 667 1792 660
f 1361 1793 664
f 434 1358 1793
f 1793 1358 93
f 664 1793 662
f 668 1794 666
f 2 664 1794
f 1794 664 92
f 666 1794 663
f 665 1795 758
f 94 667 1795
f 1795 667 91
f 758 1795 756
f 669 1796 673
f 96 666 1796
f 1796 666 94
f 673 1796 665
f 674 1797 672
f 4 670 1797
f 1797 670 96
f 672 1797 669
f 677 1800 676
f 7 1513 1800
f 1800 1513 4
f 676 1800 674
f 680 1802 679
f 10 1511 1802
f 1802 1511 7
f 679 1802 677
f 683 1804 682
f 13 1509 1804
f 1804 1509 10
f 682 1804 680
f 686 1806 685
f 16 1507 1806
f 1806 1507 13
f 685 1806 683
f 689 1808 688
f 19 1505 1808
f 1808 1505 16
f 688 1808 686
f 692 1810 691
f 22 1503 1810
f 1810 1503 19
f 691 1810 689
f 695 1812 694
f 25 1501 1812
f 1501 22 692
f 1812 692 111
f 698 1814 697
f 28 1499 1814
f 1499 25 695
f 1814 695 113
f 116 700 1815
f 700 31 1497
f 1497 28 698
f 1815 698 115
f 117 702 1816
f 702 34 1495
f 1816 1495 31
f 701 1816 700
f 704 1817 703
f 37 1493 1817
f 1493 34 702
f 1817 702 117
f 119 706 1818
f 706 40 1491
f 1491 37 704
f 1818 704 118
f 120 708 1819
f 708 43 1489
f 1819 1489 40
f 707 1819 706
f 122 711 1820
f 711 46 1487
f 1820 1487 43
f 710 1820 708
f 714 1822 713
f 49 1485 1822
f 1822 1485 46
f 713 1822 711
f 717 1824 716
f 52 1483 1824
f 1824 1483 49
f 716 1824 714
f 720 1826 719
f 55 1481 1826
f 1826 1481 52
f 719 1826 717
f 723 1828 722
f 58 1479 1828
f 1828 1479 55
f 722 1828 720
f 726 1830 725
f 61 1477 1830
f 1830 1477 58
f 725 1830 723
f 729 1832 728
f 64 1475 1832
f 1832 1475 61
f 728 1832 726
f 732 1834 731
f 67 1473 1834
f 1834 1473 64
f 731 1834 729
f 735 1836 734
f 70 1471 1836
f 1836 1471 67
f 734 1836 732
f 738 1838 737
f 73 1469 1838
f 1838 1469 70
f 737 1838 735
f 741 1840 740
f 76 1467 1840
f 1840 1467 73
f 740 1840 738
f 744 1842 743
f 79 1465 1842
f 1842 1465 76
f 743 1842 741
f 747 1844 746
f 82 1463 1844
f 1844 1463 79
f 746 1844 744
f 750 1846 749
f 85 1461 1846
f 1846 1461 82
f 749 1846 747
f 753 1848 752
f 88 1459 1848
f 1848 1459 85
f 752 1848 750
f 756 1850 755
f 91 1457 1850
f 1850 1457 88
f 755 1850 753
f 570 1730 1874
f 1730 516 1628
f 1874 1628 176
f 1727 1874 1627
f 569 1726 1875
f 518 1630 1875
f 1630 178 1629
f 1723 1875 1629
f 1722 1930 1719
f 526 1638 1930
f 1638 177 1632
f 1930 1632 520
f 1718 1931 1715
f 525 1323 1931
f 1323 179 1634
f 1931 1634 522
f 274 941 1964
f 941 273 943
f 943 271 1032
f 1964 1032 336
f 276 945 1965
f 945 275 942
f 942 273 941
f 1965 941 274
f 278 948 1967
f 948 277 946
f 946 275 945
f 1967 945 276
f 280 951 1969
f 951 279 949
f 949 277 948
f 1969 948 278
f 282 954 1971
f 954 281 952
f 952 279 951
f 1971 951 280
f 284 957 1973
f 957 283 955
f 955 281 954
f 1973 954 282
f 286 960 1975
f 960 285 958
f 958 283 957
f 1975 957 284
f 288 963 1977
f 963 287 961
f 961 285 960
f 1977 960 286
f 290 966 1979
f 966 289 964
f 964 287 963
f 1979 963 288
f 292 969 1981
f 969 291 967
f 967 289 966
f 1981 966 290
f 294 972 1983
f 972 293 970
f 970 291 969
f 1983 969 292
f 296 975 1985
f 975 295 973
f 1985 973 293
f 1275 1985 972
f 298 977 1986
f 977 297 976
f 1986 976 295
f 1274 1986 975
f 979 1987 1273
f 299 978 1987
f 1987 978 297
f 1273 1987 977
f 981 1988 1272
f 301 980 1988
f 980 299 979
f 1988 979 300
f 304 983 1989
f 983 303 982
f 1989 982 301
f 1271 1989 981
f 985 1990 1270
f 305 984 1990
f 1990 984 303
f 1270 1990 983
f 988 1991 1269
f 307 986 1991
f 986 305 985
f 1991 985 306
f 991 1993 1268
f 309 989 1993
f 989 307 988
f 1993 988 308
f 312 994 1995
f 994 311 992
f 992 309 991
f 1995 991 310
f 314 997 1997
f 997 313 995
f 995 311 994
f 1997 994 312
f 316 1000 1999
f 1000 315 998
f 998 313 997
f 1999 997 314
f 318 1003 2001
f 1003 317 1001
f 1001 315 1000
f 2001 1000 316
f 320 1006 2003
f 1006 319 1004
f 1004 317 1003
f 2003 1003 318
f 322 1009 2005
f 1009 321 1007
f 1007 319 1006
f 2005 1006 320
f 324 1012 2007
f 1012 323 1010
f 1010 321 1009
f 2007 1009 322
f 326 1015 2009
f 1015 325 1013
f 1013 323 1012
f 2009 1012 324
f 328 1018 2011
f 1018 327 1016
f 1016 325 1015
f 2011 1015 326
f 330 1021 2013
f 1021 329 1019
f 1019 327 1018
f 2013 1018 328
f 332 1024 2015
f 1024 331 1022
f 1022 329 1021
f 2015 1021 330
f 334 1027 2017
f 1027 333 1025
f 1025 331 1024
f 2017 1024 332
f 336 1032 2018
f 1032 271 1028
f 1028 333 1027
f 2018 1027 334
f 335 1029 2019
f 1029 334 1031
f 1031 332 1125
f 2019 1125 397
f 337 1033 2020
f 1033 336 1030
f 1030 334 1029
f 2020 1029 335
f 339 1038 2021
f 1038 274 1034
f 1034 336 1033
f 2021 1033 337
f 338 1035 2022
f 1035 337 1037
f 1037 335 1131
f 2022 1131 400
f 340 1039 2023
f 1039 339 1036
f 1036 337 1035
f 2023 1035 338
f 341 1041 2024
f 1041 276 1285
f 1285 274 1038
f 2024 1038 339
f 342 1042 2025
f 1042 341 1040
f 1040 339 1039
f 2025 1039 340
f 343 1044 2026
f 1044 278 1284
f 1284 276 1041
f 2026 1041 341
f 344 1045 2027
f 1045 343 1043
f 1043 341 1042
f 2027 1042 342
f 345 1047 2028
f 1047 280 1283
f 1283 278 1044
f 2028 1044 343
f 346 1048 2029
f 1048 345 1046
f 1046 343 1045
f 2029 1045 344
f 347 1050 2030
f 1050 282 1282
f 1282 280 1047
f 2030 1047 345
f 348 1051 2031
f 1051 347 1049
f 1049 345 1048
f 2031 1048 346
f 349 1053 2032
f 1053 284 1281
f 1281 282 1050
f 2032 1050 347
f 350 1054 2033
f 1054 349 1052
f 1052 347 1051
f 2033 1051 348
f 351 1056 2034
f 1056 286 1280
f 1280 284 1053
f 2034 1053 349
f 352 1057 2035
f 1057 351 1055
f 1055 349 1054
f 2035 1054 350
f 353 1059 2036
f 1059 288 1279
f 1279 286 1056
f 2036 1056 351
f 354 1060 2037
f 1060 353 1058
f 1058 351 1057
f 2037 1057 352
f 355 1062 2038
f 1062 290 1278
f 1278 288 1059
f 2038 1059 353
f 356 1063 2039
f 1063 355 1061
f 1061 353 1060
f 2039 1060 354
f 357 1065 2040
f 1065 292 1277
f 1277 290 1062
f 2040 1062 355
f 358 1066 2041
f 1066 357 1064
f 1064 355 1063
f 2041 1063 356
f 359 1068 2042
f 1068 294 1276
f 1276 292 1065
f 2042 1065 357
f 360 1069 2043
f 1069 359 1067
f 1067 357 1066
f 2043 1066 358
f 361 1071 2044
f 1071 296 1275
f 1275 294 1068
f 2044 1068 359
f 362 1072 2045
f 1072 361 1070
f 1070 359 1069
f 2045 1069 360
f 363 1074 2046
f 1074 298 1274
f 1274 296 1071
f 2046 1071 361
f 364 1075 2047
f 1075 363 1073
f 1073 361 1072
f 2047 1072 362
f 365 1077 2048
f 1077 300 1273
f 1273 298 1074
f 2048 1074 363
f 366 1078 2049
f 1078 365 1076
f 1076 363 1075
f 2049 1075 364
f 367 1080 2050
f 1080 302 1272
f 1272 300 1077
f 2050 1077 365
f 368 1081 2051
f 1081 367 1079
f 1079 365 1078
f 2051 1078 366
f 369 1083 2052
f 1083 304 1271
f 1271 302 1080
f 2052 1080 367
f 370 1084 2053
f 1084 369 1082
f 1082 367 1081
f 2053 1081 368
f 371 1086 2054
f 1086 306 1270
f 1270 304 1083
f 2054 1083 369
f 372 1087 2055
f 1087 371 1085
f 1085 369 1084
f 2055 1084 370
f 373 1089 2056
f 1089 308 1269
f 1269 306 1086
f 2056 1086 371
f 374 1090 2057
f 1090 373 1088
f 1088 371 1087
f 2057 1087 372
f 375 1092 2058
f 1092 310 1268
f 1268 308 1089
f 2058 1089 373
f 376 1093 2059
f 1093 375 1091
f 1091 373 1090
f 2059 1090 374
f 377 1095 2060
f 1095 312 1267
f 1267 310 1092
f 2060 1092 375
f 378 1096 2061
f 1096 377 1094
f 1094 375 1093
f 2061 1093 376
f 379 1098 2062
f 1098 314 1266
f 1266 312 1095
f 2062 1095 377
f 380 1099 2063
f 1099 379 1097
f 1097 377 1096
f 2063 1096 378
f 381 1101 2064
f 1101 316 1265
f 1265 314 1098
f 2064 1098 379
f 382 1102 2065
f 1102 381 1100
f 1100 379 1099
f 2065 1099 380
f 383 1104 2066
f 1104 318 1264
f 1264 316 1101
f 2066 1101 381
f 384 1105 2067
f 1105 383 1103
f 1103 381 1102
f 2067 1102 382
f 385 1107 2068
f 1107 320 1263
f 1263 318 1104
f 2068 1104 383
f 386 1108 2069
f 1108 385 1106
f 1106 383 1105
f 2069 1105 384
f 387 1110 2070
f 1110 322 1262
f 1262 320 1107
f 2070 1107 385
f 388 1111 2071
f 1111 387 1109
f 1109 385 1108
f 2071 1108 386
f 389 1113 2072
f 1113 324 1261
f 1261 322 1110
f 2072 1110 387
f 390 1114 2073
f 1114 389 1112
f 1112 387 1111
f 2073 1111 388
f 391 1116 2074
f 1116 326 1260
f 1260 324 1113
f 2074 1113 389
f 392 1117 2075
f 1117 391 1115
f 1115 389 1114
f 2075 1114 390
f 393 1119 2076
f 1119 328 1259
f 1259 326 1116
f 2076 1116 391
f 394 1120 2077
f 1120 393 1118
f 1118 391 1117
f 2077 1117 392
f 395 1122 2078
f 1122 330 1258
f 1258 328 1119
f 2078 1119 393
f 396 1123 2079
f 1123 395 1121
f 1121 393 1120
f 2079 1120 394
f 397 1125 2080
f 1125 332 1257
f 1257 330 1122
f 2080 1122 395
f 398 1126 2081
f 1126 397 1124
f 1124 395 1123
f 2081 1123 396
f 400 1131 2082
f 1131 335 1127
f 1127 397 1126
f 2082 1126 398
f 1128 2083 1215
f 398 1130 2083
f 2083 1130 396
f 1215 2083 1214
f 1132 2084 1135
f 400 1129 2084
f 2084 1129 398
f 1135 2084 1128
f 1227 2085 1134
f 338 1133 2085
f 2085 1133 400
f 1134 2085 1132
f 1143 2086 1136
f 402 1134 2086
f 401 1136 2086
f 1136 2087 1144
f 401 1135 2087
f 399 1144 2087
f 1137 2088 1157
f 404 1190 2088
f 422 1157 2088
f 1156 2089 1137
f 421 1193 2089
f 404 1137 2089
f 1167 2090 1138
f 432 1170 2090
f 405 1138 2090
f 1138 2091 1139
f 405 1224 2091
f 406 1139 2091
f 1139 2092 1140
f 406 1222 2092
f 407 1140 2092
f 1140 2093 1141
f 407 1220 2093
f 408 1141 2093
f 1141 2094 1142
f 408 1217 2094
f 409 1142 2094
f 1142 2095 1143
f 409 1218 2095
f 402 1143 2095
f 1144 2096 1145
f 399 1215 2096
f 410 1145 2096
f 1145 2097 1146
f 410 1213 2097
f 411 1146 2097
f 1146 2098 1147
f 411 1211 2098
f 412 1147 2098
f 1147 2099 1148
f 412 1209 2099
f 413 1148 2099
f 1148 2100 1149
f 413 1207 2100
f 414 1149 2100
f 1149 2101 1150
f 414 1205 2101
f 415 1150 2101
f 1150 2102 1151
f 415 1203 2102
f 416 1151 2102
f 1151 2103 1152
f 416 1201 2103
f 417 1152 2103
f 1152 2104 1153
f 417 1199 2104
f 418 1153 2104
f 1153 2105 1154
f 418 1197 2105
f 419 1154 2105
f 1154 2106 1155
f 419 1195 2106
f 420 1155 2106
f 1155 2107 1156
f 420 1192 2107
f 421 1156 2107
f 1157 2108 1158
f 422 1188 2108
f 423 1158 2108
f 1158 2109 1159
f 423 1186 2109
f 424 1159 2109
f 1159 2110 1160
f 424 1184 2110
f 425 1160 2110
f 1160 2111 1161
f 425 1182 2111
f 426 1161 2111
f 1161 2112 1162
f 426 1180 2112
f 427 1162 2112
f 1162 2113 1163
f 427 1178 2113
f 428 1163 2113
f 1163 2114 1164
f 428 1176 2114
f 429 1164 2114
f 1164 2115 1165
f 429 1174 2115
f 430 1165 2115
f 1165 2116 1166
f 430 1172 2116
f 431 1166 2116
f 1166 2117 1167
f 431 1169 2117
f 432 1167 2117
f 1168 2118 1170
f 350 1251 2118
f 2118 1251 348
f 1170 2118 1225
f 1171 2119 1169
f 352 1250 2119
f 2119 1250 350
f 1169 2119 1168
f 1173 2120 1172
f 354 1249 2120
f 2120 1249 352
f 1172 2120 1171
f 1175 2121 1174
f 356 1248 2121
f 2121 1248 354
f 1174 2121 1173
f 1177 2122 1176
f 358 1247 2122
f 2122 1247 356
f 1176 2122 1175
f 1179 2123 1178
f 360 1246 2123
f 2123 1246 358
f 1178 2123 1177
f 1181 2124 1180
f 362 1245 2124
f 2124 1245 360
f 1180 2124 1179
f 1183 2125 1182
f 364 1244 2125
f 2125 1244 362
f 1182 2125 1181
f 1185 2126 1184
f 366 1243 2126
f 2126 1243 364
f 1184 2126 1183
f 1187 2127 1186
f 368 1242 2127
f 2127 1242 366
f 1186 2127 1185
f 1189 2128 1188
f 370 1241 2128
f 2128 1241 368
f 1188 2128 1187
f 1226 2129 1190
f 372 1240 2129
f 2129 1240 370
f 1190 2129 1189
f 1191 2130 1193
f 374 1239 2130
f 2130 1239 372
f 1193 2130 1226
f 1194 2131 1192
f 376 1238 2131
f 2131 1238 374
f 1192 2131 1191
f 1196 2132 1195
f 378 1237 2132
f 2132 1237 376
f 1195 2132 1194
f 1198 2133 1197
f 380 1236 2133
f 2133 1236 378
f 1197 2133 1196
f 1200 2134 1199
f 382 1235 2134
f 2134 1235 380
f 1199 2134 1198
f 1202 2135 1201
f 384 1234 2135
f 2135 1234 382
f 1201 2135 1200
f 1204 2136 1203
f 386 1233 2136
f 2136 1233 384
f 1203 2136 1202
f 1206 2137 1205
f 388 1232 2137
f 2137 1232 386
f 1205 2137 1204
f 1208 2138 1207
f 390 1231 2138
f 2138 1231 388
f 1207 2138 1206
f 1210 2139 1209
f 392 1230 2139
f 2139 1230 390
f 1209 2139 1208
f 1212 2140 1211
f 394 1229 2140
f 2140 1229 392
f 1211 2140 1210
f 1214 2141 1213
f 396 1228 2141
f 2141 1228 394
f 1213 2141 1212
f 1216 2142 1218
f 340 1256 2142
f 2142 1256 338
f 1218 2142 1227
f 1219 2143 1217
f 342 1255 2143
f 2143 1255 340
f 1217 2143 1216
f 1221 2144 1220
f 344 1254 2144
f 2144 1254 342
f 1220 2144 1219
f 1223 2145 1222
f 346 1253 2145
f 2145 1253 344
f 1222 2145 1221
f 1225 2146 1224
f 348 1252 2146
f 2146 1252 346
f 1224 2146 1223
f 93 1357 2147
f 1357 433 1454
f 1454 466 1453
f 2147 1453 90
f 434 1360 2148
f 1360 435 1363
f 1363 433 1357
f 2148 1357 93
f 3 1366 2149
f 1366 437 1365
f 1365 435 1360
f 2149 1360 434
f 435 1364 2150
f 1456 2150 1364
f 433 1363 2150
f 437 1368 2151
f 1364 2151 1368
f 435 1365 2151
f 6 1369 2152
f 1369 438 1367
f 1367 437 1366
f 2152 1366 3
f 438 1371 2153
f 1368 2153 1371
f 437 1367 2153
f 9 1372 2154
f 1372 439 1370
f 1370 438 1369
f 2154 1369 6
f 439 1374 2155
f 1371 2155 1374
f 438 1370 2155
f 12 1375 2156
f 1375 440 1373
f 1373 439 1372
f 2156 1372 9
f 440 1377 2157
f 1374 2157 1377
f 439 1373 2157
f 15 1378 2158
f 1378 441 1376
f 1376 440 1375
f 2158 1375 12
f 441 1380 2159
f 1377 2159 1380
f 440 1376 2159
f 18 1381 2160
f 1381 442 1379
f 1379 441 1378
f 2160 1378 15
f 442 1383 2161
f 1380 2161 1383
f 441 1379 2161
f 21 1384 2162
f 1384 443 1382
f 1382 442 1381
f 2162 1381 18
f 443 1386 2163
f 1383 2163 1386
f 442 1382 2163
f 24 1387 2164
f 1387 444 1385
f 1385 443 1384
f 2164 1384 21
f 444 1389 2165
f 1386 2165 1389
f 443 1385 2165
f 27 1390 2166
f 1390 445 1388
f 1388 444 1387
f 2166 1387 24
f 445 1392 2167
f 1389 2167 1392
f 444 1388 2167
f 30 1393 2168
f 1393 446 1391
f 1391 445 1390
f 2168 1390 27
f 446 1395 2169
f 1392 2169 1395
f 445 1391 2169
f 33 1396 2170
f 1396 447 1394
f 1394 446 1393
f 2170 1393 30
f 447 1398 2171
f 1395 2171 1398
f 446 1394 2171
f 36 1399 2172
f 1399 448 1397
f 1397 447 1396
f 2172 1396 33
f 448 1401 2173
f 1398 2173 1401
f 447 1397 2173
f 39 1402 2174
f 1402 449 1400
f 1400 448 1399
f 2174 1399 36
f 449 1404 2175
f 1401 2175 1404
f 448 1400 2175
f 42 1405 2176
f 1405 450 1403
f 1403 449 1402
f 2176 1402 39
f 450 1407 2177
f 1404 2177 1407
f 449 1403 2177
f 45 1408 2178
f 1408 451 1406
f 1406 450 1405
f 2178 1405 42
f 451 1410 2179
f 1407 2179 1410
f 450 1406 2179
f 48 1411 2180
f 1411 452 1409
f 1409 451 1408
f 2180 1408 45
f 452 1413 2181
f 1410 2181 1413
f 451 1409 2181
f 51 1414 2182
f 1414 453 1412
f 1412 452 1411
f 2182 1411 48
f 453 1416 2183
f 1413 2183 1416
f 452 1412 2183
f 54 1417 2184
f 1417 454 1415
f 1415 453 1414
f 2184 1414 51
f 454 1419 2185
f 1416 2185 1419
f 453 1415 2185
f 57 1420 2186
f 1420 455 1418
f 1418 454 1417
f 2186 1417 54
f 455 1422 2187
f 1419 2187 1422
f 454 1418 2187
f 60 1423 2188
f 1423 456 1421
f 1421 455 1420
f 2188 1420 57
f 456 1425 2189
f 1422 2189 1425
f 455 1421 2189
f 63 1426 2190
f 1426 457 1424
f 1424 456 1423
f 2190 1423 60
f 457 1428 2191
f 1425 2191 1428
f 456 1424 2191
f 66 1429 2192
f 1429 458 1427
f 1427 457 1426
f 2192 1426 63
f 458 1431 2193
f 1428 2193 1431
f 457 1427 2193
f 69 1432 2194
f 1432 459 1430
f 1430 458 1429
f 2194 1429 66
f 459 1434 2195
f 1431 2195 1434
f 458 1430 2195
f 72 1435 2196
f 1435 460 1433
f 1433 459 1432
f 2196 1432 69
f 460 1437 2197
f 1434 2197 1437
f 459 1433 2197
f 75 1438 2198
f 1438 461 1436
f 1436 460 1435
f 2198 1435 72
f 461 1440 2199
f 1437 2199 1440
f 460 1436 2199
f 78 1441 2200
f 1441 462 1439
f 1439 461 1438
f 2200 1438 75
f 462 1443 2201
f 1440 2201 1443
f 461 1439 2201
f 81 1445 2202
f 1445 463 1442
f 1442 462 1441
f 2202 1441 78
f 463 1444 2203
f 1443 2203 1444
f 462 1442 2203
f 464 1449 2204
f 1444 2204 1449
f 463 1446 2204
f 84 1447 2205
f 1447 464 1446
f 1446 463 1445
f 2205 1445 81
f 87 1450 2206
f 1450 465 1448
f 1448 464 1447
f 2206 1447 84
f 465 1452 2207
f 1449 2207 1452
f 464 1448 2207
f 90 1453 2208
f 1453 466 1451
f 1451 465 1450
f 2208 1450 87
f 466 1455 2209
f 1452 2209 1455
f 465 1451 2209
f 433 1456 2210
f 1455 2210 1456
f 466 1454 2210
f 469 1518 2212
f 1520 2212 1518
f 1639 2212 1520
f 527 1521 2212
f 1519 2212 1521
f 484 1524 2214
f 1525 2214 1524
f 1640 2214 1525
f 528 1526 2214
f 1520 2214 1526
f 1641 2215 1527
f 529 1528 2215
f 1529 2215 1528
f 1530 2215 1529
f 481 1527 2215
f 1642 2217 1529
f 530 1534 2217
f 1535 2217 1534
f 1536 2217 1535
f 490 1529 2217
f 1541 2220 1525
f 496 1542 2220
f 1643 2220 1542
f 531 1543 2220
f 1525 2220 1543
f 1546 2222 1542
f 499 1547 2222
f 1644 2222 1547
f 532 1548 2222
f 1542 2222 1548
f 1645 2223 1535
f 533 1549 2223
f 1550 2223 1549
f 511 1551 2223
f 1535 2223 1551
f 1646 2225 1550
f 534 1554 2225
f 1555 2225 1554
f 514 1556 2225
f 1550 2225 1556
f 1561 2228 1562
f 514 1555 2228
f 1647 2228 1555
f 535 1563 2228
f 1562 2228 1563
f 1566 2230 1567
f 508 1562 2230
f 1648 2230 1562
f 536 1568 2230
f 1567 2230 1568
f 502 1571 2232
f 1567 2232 1571
f 1649 2232 1567
f 537 1573 2232
f 1572 2232 1573
f 499 1575 2234
f 1572 2234 1575
f 1650 2234 1572
f 538 1576 2234
f 1547 2234 1576
f 1651 2235 1577
f 539 1578 2235
f 1527 2235 1578
f 481 1579 2235
f 1577 2235 1579
f 1652 2237 1582
f 540 1583 2237
f 1577 2237 1583
f 478 1584 2237
f 1582 2237 1584
f 1653 2239 1587
f 541 1588 2239
f 1582 2239 1588
f 1589 2239 1582
f 472 1587 2239
f 1654 2241 1519
f 542 1592 2241
f 1587 2241 1592
f 1593 2241 1587
f 469 1519 2241
f 566 1714 2246
f 1714 542 1654
f 2246 1654 467
f 1711 2246 1521
f 565 1710 2248
f 1710 541 1653
f 2248 1653 471
f 1707 2248 1600
f 1706 2250 1703
f 540 1652 2250
f 2250 1652 474
f 2250 1602 545
f 1702 2252 1699
f 539 1651 2252
f 1651 477 1604
f 2252 1604 546
f 562 1698 2256
f 1698 543 1655
f 2256 1655 483
f 1695 2256 1526
f 1694 2258 1691
f 548 1660 2258
f 2258 1660 486
f 2258 1543 531
f 1690 2259 1687
f 547 1659 2259
f 1659 180 1631
f 2259 1631 519
f 559 1686 2261
f 1686 550 1662
f 2261 1662 181
f 1683 2261 1636
f 1682 2264 1679
f 549 1661 2264
f 1661 495 1548
f 2264 1548 532
f 1678 2267 1675
f 521 1633 2267
f 1633 238 1618
f 2267 1618 552
f 556 1674 2269
f 1674 523 1635
f 2269 1635 239
f 1671 2269 1621
f 555 1670 2271
f 1670 551 1663
f 2271 1663 240
f 1667 2271 1623
f 535 1669 2275
f 1669 555 1667
f 2275 1667 554
f 1563 2275 1666
f 512 1554 2276
f 1554 534 1668
f 2276 1668 555
f 1647 2276 1669
f 534 1646 2277
f 1646 509 1615
f 2277 1615 551
f 1668 2277 1670
f 536 1673 2278
f 1673 556 1671
f 2278 1671 553
f 2278 1665 503
f 506 1666 2279
f 1666 554 1672
f 2279 1672 556
f 1648 2279 1673
f 554 1623 2280
f 1623 240 888
f 2280 888 523
f 1672 2280 1674
f 1677 2281 1573
f 557 1675 2281
f 1675 552 1664
f 2281 1664 500
f 503 1665 2282
f 553 1676 2282
f 1676 557 1677
f 2282 1677 537
f 1621 2283 1676
f 239 886 2283
f 886 521 1678
f 2283 1678 557
f 1681 2284 1576
f 558 1679 2284
f 1679 532 1644
f 2284 1644 498
f 1664 2285 1650
f 552 1680 2285
f 1680 558 1681
f 2285 1681 538
f 1618 2286 1680
f 238 1612 2286
f 1612 549 1682
f 2286 1682 558
f 551 1685 2287
f 1685 559 1683
f 2287 1683 524
f 1663 2287 889
f 509 1549 2288
f 1549 533 1684
f 2288 1684 559
f 1615 2288 1685
f 533 1645 2289
f 491 1613 2289
f 2289 1613 550
f 1684 2289 1686
f 1689 2290 1662
f 560 1687 2290
f 1687 519 798
f 2290 798 181
f 491 1534 2291
f 530 1688 2291
f 1688 560 1689
f 2291 1689 550
f 1642 2292 1688
f 488 1606 2292
f 1606 547 1690
f 2292 1690 560
f 1693 2293 1661
f 561 1691 2293
f 1691 531 1643
f 2293 1643 495
f 885 2294 1612
f 520 1692 2294
f 1692 561 1693
f 2294 1693 549
f 1632 2295 1692
f 177 1610 2295
f 1610 548 1694
f 2295 1694 561
f 548 1697 2296
f 1697 562 1695
f 2296 1695 528
f 2296 1640 486
f 177 794 2297
f 794 515 1696
f 2297 1696 562
f 1610 2297 1697
f 515 1627 2298
f 1627 176 1599
f 2298 1599 543
f 1696 2298 1698
f 1701 2299 1659
f 563 1699 2299
f 1699 546 1658
f 2299 1658 180
f 1528 2300 1606
f 529 1700 2300
f 1700 563 1701
f 2300 1701 547
f 1641 2301 1700
f 479 1578 2301
f 1578 539 1702
f 2301 1702 563
f 1705 2302 1630
f 564 1703 2302
f 1703 545 1657
f 2302 1657 178
f 1658 2303 797
f 546 1704 2303
f 1704 564 1705
f 2303 1705 518
f 1604 2304 1704
f 477 1583 2304
f 1583 540 1706
f 2304 1706 564
f 516 1709 2305
f 1709 565 1707
f 2305 1707 544
f 1628 2305 1656
f 178 1657 2306
f 1657 545 1708
f 2306 1708 565
f 795 2306 1709
f 545 1602 2307
f 474 1588 2307
f 2307 1588 541
f 1708 2307 1710
f 543 1713 2308
f 1713 566 1711
f 2308 1711 527
f 1655 2308 1639
f 176 1656 2309
f 1656 544 1712
f 2309 1712 566
f 1599 2309 1713
f 544 1600 2310
f 1600 471 1592
f 2310 1592 542
f 1712 2310 1714
f 523 1717 2311
f 567 1715 2311
f 1715 522 887
f 1635 2311 887
f 240 889 2312
f 889 524 1716
f 2312 1716 567
f 888 2312 1717
f 524 1636 2313
f 1636 181 1637
f 2313 1637 525
f 1716 2313 1718
f 1721 2314 1633
f 568 1719 2314
f 1719 520 885
f 2314 885 238
f 887 2315 886
f 887 522 1720
f 2315 1720 568
f 2315 1721 521
f 522 1634 2316
f 1634 179 1324
f 2316 1324 526
f 1720 2316 1722
f 525 1725 2317
f 1725 569 1723
f 2317 1723 517
f 1323 2317 796
f 798 2318 1637
f 519 1724 2318
f 1724 569 1725
f 2318 1725 525
f 1631 2319 1724
f 180 797 2319
f 797 518 1726
f 2319 1726 569
f 526 1729 2320
f 1729 570 1727
f 2320 1727 515
f 1638 2320 794
f 796 2321 1324
f 517 1728 2321
f 1728 570 1729
f 2321 1729 526
f 1629 2322 1728
f 1629 178 795
f 2322 795 516
f 2322 1730 570
usemtl Stripe.Eleven
f 671 764 98
f 97 1798 671
f 1798 95 762
f 764 762 155
f 675 1356 100
f 99 1799 675
f 1799 97 671
f 1356 671 98
f 678 1355 102
f 101 1801 678
f 1801 99 675
f 1355 675 100
f 681 1354 104
f 103 1803 681
f 1803 101 678
f 1354 678 102
f 684 1353 106
f 105 1805 684
f 1805 103 681
f 1353 681 104
f 687 1352 108
f 107 1807 687
f 1807 105 684
f 1352 684 106
f 690 1351 110
f 109 1809 690
f 1809 107 687
f 1351 687 108
f 693 1350 112
f 111 1811 693
f 1811 109 690
f 1350 690 110
f 696 1349 114
f 113 1813 696
f 694 693 1813
f 1813 112 1349
f 123 1821 1348
f 712 710 1821
f 1821 120 709
f 1348 709 121
f 715 1347 125
f 124 1823 715
f 1823 122 712
f 1347 712 123
f 718 1346 127
f 126 1825 718
f 1825 124 715
f 1346 715 125
f 721 1345 129
f 128 1827 721
f 1827 126 718
f 1345 718 127
f 724 1344 131
f 130 1829 724
f 1829 128 721
f 1344 721 129
f 727 1343 133
f 132 1831 727
f 1831 130 724
f 1343 724 131
f 730 1342 135
f 134 1833 730
f 1833 132 727
f 1342 727 133
f 733 1341 137
f 136 1835 733
f 1835 134 730
f 1341 730 135
f 736 1340 139
f 138 1837 736
f 1837 136 733
f 1340 733 137
f 739 1339 141
f 140 1839 739
f 1839 138 736
f 1339 736 139
f 742 1338 143
f 142 1841 742
f 1841 140 739
f 1338 739 141
f 745 1337 145
f 144 1843 745
f 1843 142 742
f 1337 742 143
f 748 1336 147
f 146 1845 748
f 1845 144 745
f 1336 745 145
f 751 1335 149
f 148 1847 751
f 1847 146 748
f 1335 748 147
f 754 1334 151
f 150 1849 754
f 1849 148 751
f 1334 751 149
f 757 761 153
f 152 1851 757
f 1851 150 754
f 761 754 151
f 762 760 155
f 95 1852 762
f 1852 152 757
f 760 757 153
f 759 846 154
f 153 1853 759
f 1853 151 844
f 846 844 212
f 763 767 156
f 155 1854 763
f 1854 153 759
f 767 759 154
f 768 766 158
f 98 1855 768
f 1855 155 763
f 766 763 156
f 765 852 157
f 156 1856 765
f 1856 154 850
f 852 850 215
f 769 1333 159
f 158 1857 769
f 1857 156 765
f 1333 765 157
f 772 770 160
f 100 1858 772
f 1858 98 768
f 770 768 158
f 771 1332 161
f 160 1859 771
f 1859 158 769
f 1332 769 159
f 775 1331 163
f 162 1860 775
f 1860 160 771
f 1331 771 161
f 774 773 162
f 102 1861 774
f 1861 100 772
f 773 772 160
f 777 776 164
f 104 1862 777
f 1862 102 774
f 776 774 162
f 778 1330 165
f 164 1863 778
f 1863 162 775
f 1330 775 163
f 780 779 166
f 106 1864 780
f 1864 104 777
f 779 777 164
f 781 1329 167
f 166 1865 781
f 1865 164 778
f 1865 165 1329
f 783 782 168
f 108 1866 783
f 1866 106 780
f 782 780 166
f 784 1328 169
f 168 1867 784
f 1867 166 781
f 1328 781 167
f 786 785 170
f 110 1868 786
f 1868 108 783
f 785 783 168
f 171 1869 1327
f 170 1869 787
f 1869 168 784
f 1327 784 169
f 789 788 172
f 112 1870 789
f 1870 110 786
f 788 786 170
f 173 1871 1326
f 172 1871 790
f 1871 170 787
f 1326 787 171
f 792 791 174
f 114 1872 792
f 1349 789 1872
f 1872 172 791
f 793 1325 175
f 174 1873 793
f 791 790 1873
f 1873 173 1325
f 184 1876 801
f 802 1348 1876
f 1876 121 799
f 801 799 182
f 185 1877 1322
f 803 801 1877
f 1877 182 800
f 1322 800 183
f 805 804 186
f 125 1878 805
f 1878 123 802
f 804 802 184
f 806 1321 187
f 186 1879 806
f 1879 184 803
f 1321 803 185
f 808 807 188
f 127 1880 808
f 1880 125 805
f 807 805 186
f 189 1881 1320
f 188 1881 809
f 1881 186 806
f 1320 806 187
f 811 810 190
f 129 1882 811
f 1882 127 808
f 810 808 188
f 812 1319 191
f 190 1883 812
f 1883 188 809
f 1319 809 189
f 814 813 192
f 131 1884 814
f 1884 129 811
f 813 811 190
f 815 1318 193
f 192 1885 815
f 1885 190 812
f 1318 812 191
f 817 816 194
f 133 1886 817
f 1886 131 814
f 816 814 192
f 818 1317 195
f 194 1887 818
f 1887 192 815
f 1317 815 193
f 820 819 196
f 135 1888 820
f 1888 133 817
f 819 817 194
f 821 1316 197
f 196 1889 821
f 1889 194 818
f 1316 818 195
f 823 822 198
f 137 1890 823
f 1890 135 820
f 822 820 196
f 824 1315 199
f 198 1891 824
f 1891 196 821
f 1315 821 197
f 826 825 200
f 139 1892 826
f 1892 137 823
f 825 823 198
f 201 1893 1314
f 200 1893 827
f 1893 198 824
f 1314 824 199
f 829 828 202
f 141 1894 829
f 1894 139 826
f 828 826 200
f 830 1313 203
f 202 1895 830
f 1895 200 827
f 1313 827 201
f 832 831 204
f 143 1896 832
f 1896 141 829
f 831 829 202
f 833 1312 205
f 204 1897 833
f 1897 202 830
f 1312 830 203
f 835 834 206
f 145 1898 835
f 1898 143 832
f 834 832 204
f 836 1311 207
f 206 1899 836
f 1899 204 833
f 1311 833 205
f 838 837 208
f 147 1900 838
f 1900 145 835
f 837 835 206
f 839 1310 209
f 208 1901 839
f 1901 206 836
f 1310 836 207
f 841 840 210
f 149 1902 841
f 1902 147 838
f 840 838 208
f 842 1309 211
f 210 1903 842
f 1903 208 839
f 1309 839 209
f 844 843 212
f 151 1904 844
f 1904 149 841
f 843 841 210
f 845 849 213
f 212 1905 845
f 1905 210 842
f 849 842 211
f 850 848 215
f 154 1906 850
f 1906 212 845
f 848 845 213
f 214 1907 934
f 213 1907 847
f 1907 211 932
f 1907 269 934
f 216 1908 855
f 851 848 1908
f 848 847 1908
f 1908 214 855
f 218 1909 854
f 157 1909 856
f 1909 215 851
f 1909 216 854
f 217 1910 940
f 853 855 1910
f 855 938 1910
f 1910 272 940
f 219 1911 1308
f 857 854 1911
f 854 853 1911
f 1911 217 1308
f 220 1912 858
f 159 1912 859
f 1333 856 1912
f 1912 218 858
f 221 1913 1307
f 860 858 1913
f 858 857 1913
f 1913 219 1307
f 222 1914 861
f 862 1332 1914
f 1332 859 1914
f 1914 220 861
f 223 1915 1306
f 863 861 1915
f 861 860 1915
f 1915 221 1306
f 224 1916 864
f 163 1916 865
f 1331 862 1916
f 1916 222 864
f 225 1917 1305
f 866 864 1917
f 864 863 1917
f 1917 223 1305
f 868 867 226
f 165 1918 868
f 1330 865 1918
f 1918 224 867
f 227 1919 1304
f 869 867 1919
f 867 866 1919
f 1919 225 1304
f 871 870 228
f 871 1329 1920
f 1329 868 1920
f 1920 226 870
f 229 1921 1303
f 872 870 1921
f 870 869 1921
f 1921 227 1303
f 230 1922 873
f 169 1922 874
f 1922 167 871
f 1922 228 873
f 231 1923 1302
f 875 873 1923
f 873 872 1923
f 1923 229 1302
f 232 1924 876
f 877 1327 1924
f 1327 874 1924
f 1924 230 876
f 233 1925 1301
f 878 876 1925
f 876 875 1925
f 1925 231 1301
f 234 1926 879
f 173 1926 880
f 1326 877 1926
f 1926 232 879
f 235 1927 1300
f 881 879 1927
f 879 878 1927
f 1927 233 1300
f 236 1928 882
f 883 1325 1928
f 1928 173 880
f 882 880 234
f 237 1929 1299
f 884 882 1929
f 1929 234 881
f 1299 881 235
f 893 892 243
f 185 1932 893
f 1322 890 1932
f 1932 241 892
f 894 1298 244
f 243 1933 894
f 892 891 1933
f 1933 242 1298
f 245 1934 895
f 896 1321 1934
f 1934 185 893
f 1934 243 895
f 246 1935 1297
f 897 895 1935
f 895 894 1935
f 1935 244 1297
f 247 1936 898
f 189 1936 899
f 1320 896 1936
f 1936 245 898
f 248 1937 1296
f 900 898 1937
f 898 897 1937
f 1937 246 1296
f 249 1938 901
f 191 1938 902
f 1319 899 1938
f 1938 247 901
f 250 1939 1295
f 903 901 1939
f 901 900 1939
f 1939 248 1295
f 251 1940 904
f 193 1940 905
f 1318 902 1940
f 1940 249 904
f 252 1941 1294
f 906 904 1941
f 904 903 1941
f 1941 250 1294
f 253 1942 907
f 908 1317 1942
f 1317 905 1942
f 1942 251 907
f 254 1943 1293
f 909 907 1943
f 907 906 1943
f 1943 252 1293
f 255 1944 910
f 911 1316 1944
f 1316 908 1944
f 1944 253 910
f 256 1945 1292
f 912 910 1945
f 910 909 1945
f 1945 254 1292
f 257 1946 913
f 914 1315 1946
f 1315 911 1946
f 1946 255 913
f 258 1947 1291
f 915 913 1947
f 913 912 1947
f 1947 256 1291
f 259 1948 916
f 201 1948 917
f 1314 914 1948
f 1948 257 916
f 260 1949 1290
f 918 916 1949
f 916 915 1949
f 1949 258 1290
f 261 1950 919
f 920 1313 1950
f 1313 917 1950
f 1950 259 919
f 262 1951 1289
f 921 919 1951
f 919 918 1951
f 1951 260 1289
f 263 1952 922
f 205 1952 923
f 1312 920 1952
f 1952 261 922
f 264 1953 1288
f 924 922 1953
f 922 921 1953
f 1953 262 1288
f 265 1954 925
f 207 1954 926
f 1311 923 1954
f 1954 263 925
f 266 1955 1287
f 927 925 1955
f 925 924 1955
f 1955 264 1287
f 267 1956 928
f 929 1310 1956
f 1310 926 1956
f 1956 265 928
f 268 1957 1286
f 930 928 1957
f 928 927 1957
f 1957 266 1286
f 269 1958 931
f 932 1309 1958
f 1309 929 1958
f 1958 267 931
f 270 1959 937
f 933 931 1959
f 931 930 1959
f 1959 268 937
f 272 1960 936
f 938 934 1960
f 934 933 1960
f 1960 270 936
f 271 1961 1028
f 935 937 1961
f 937 1026 1961
f 1961 333 1028
f 273 1962 943
f 939 936 1962
f 936 935 1962
f 1962 271 943
f 275 1963 942
f 944 940 1963
f 940 939 1963
f 1963 273 942
f 277 1966 946
f 947 1308 1966
f 1308 944 1966
f 1966 275 946
f 279 1968 949
f 950 1307 1968
f 1307 947 1968
f 1968 277 949
f 281 1970 952
f 953 1306 1970
f 1306 950 1970
f 1970 279 952
f 283 1972 955
f 956 1305 1972
f 1305 953 1972
f 1972 281 955
f 285 1974 958
f 959 1304 1974
f 1304 956 1974
f 1974 283 958
f 287 1976 961
f 962 1303 1976
f 1303 959 1976
f 1976 285 961
f 289 1978 964
f 965 1302 1978
f 1302 962 1978
f 1978 287 964
f 291 1980 967
f 968 1301 1980
f 1301 965 1980
f 1980 289 967
f 293 1982 970
f 971 1300 1982
f 1300 968 1982
f 1982 291 970
f 295 1984 973
f 974 1299 1984
f 1984 235 971
f 973 971 293
f 990 989 309
f 244 1992 990
f 1298 987 1992
f 1992 307 989
f 311 1994 992
f 993 1297 1994
f 1297 990 1994
f 1994 309 992
f 313 1996 995
f 996 1296 1996
f 1296 993 1996
f 1996 311 995
f 315 1998 998
f 999 1295 1998
f 1295 996 1998
f 1998 313 998
f 317 2000 1001
f 1002 1294 2000
f 1294 999 2000
f 2000 315 1001
f 319 2002 1004
f 1005 1293 2002
f 1293 1002 2002
f 2002 317 1004
f 321 2004 1007
f 1008 1292 2004
f 1292 1005 2004
f 2004 319 1007
f 323 2006 1010
f 1011 1291 2006
f 1291 1008 2006
f 2006 321 1010
f 325 2008 1013
f 1014 1290 2008
f 1290 1011 2008
f 2008 323 1013
f 327 2010 1016
f 1017 1289 2010
f 1289 1014 2010
f 2010 325 1016
f 329 2012 1019
f 1020 1288 2012
f 1288 1017 2012
f 2012 327 1019
f 331 2014 1022
f 1023 1287 2014
f 1287 1020 2014
f 2014 329 1022
f 333 2016 1025
f 1026 1286 2016
f 1286 1023 2016
f 2016 331 1025
f 1516 1515 468
f 1516 1517 2211
f 2211 484 1518
f 1515 1518 469
f 482 2213 1517
f 1522 1523 2213
f 2213 487 1524
f 1517 1524 484
f 1530 1531 481
f 490 2216 1530
f 1532 1533 2216
f 1531 1533 480
f 1536 1532 490
f 493 2218 1536
f 1537 1538 2218
f 2218 489 1532
f 1539 1523 485
f 494 2219 1539
f 1540 1541 2219
f 2219 487 1523
f 1544 1540 494
f 1544 1545 2221
f 1545 1546 2221
f 2221 496 1540
f 493 2224 1537
f 1551 1552 2224
f 2224 510 1553
f 1537 1553 492
f 511 2226 1552
f 1556 1557 2226
f 1557 1558 2226
f 1552 1558 510
f 1560 1559 507
f 513 2227 1560
f 1557 1561 2227
f 2227 508 1559
f 1565 1564 504
f 507 2229 1565
f 1559 1566 2229
f 2229 505 1564
f 501 2231 1569
f 1570 1564 2231
f 2231 505 1571
f 1569 1571 502
f 497 2233 1545
f 1574 1569 2233
f 2233 502 1575
f 1545 1575 499
f 478 2236 1580
f 1579 1531 2236
f 2236 480 1581
f 1580 1581 476
f 475 2238 1585
f 1584 1580 2238
f 2238 476 1586
f 1585 1586 473
f 1589 1590 472
f 475 2240 1589
f 1585 1591 2240
f 2240 470 1590
f 1593 1515 469
f 472 2242 1593
f 1590 1594 2242
f 2242 468 1515
f 470 2243 1594
f 1595 699 2243
f 2243 115 1596
f 1594 1596 468
f 482 2244 1597
f 1516 1598 2244
f 1598 792 2244
f 2244 174 1597
f 1596 1598 468
f 115 2245 1596
f 697 696 2245
f 2245 114 1598
f 473 2247 1591
f 1601 701 2247
f 2247 116 1595
f 1591 1595 470
f 1603 1586 476
f 118 2249 1603
f 703 1601 2249
f 2249 473 1586
f 1605 1581 480
f 119 2251 1605
f 705 1603 2251
f 2251 476 1581
f 121 2253 1607
f 709 707 2253
f 2253 119 1605
f 1607 1605 480
f 182 2254 1608
f 799 1607 2254
f 1607 1533 2254
f 2254 489 1608
f 485 2255 1609
f 1522 1597 2255
f 1597 793 2255
f 2255 175 1609
f 1539 1611 494
f 485 2257 1539
f 2257 175 883
f 1611 883 236
f 183 2260 1614
f 800 1608 2260
f 1608 1538 2260
f 2260 492 1614
f 890 1616 241
f 183 2262 890
f 2262 492 1553
f 1616 1553 510
f 1544 1617 497
f 494 2263 1544
f 2263 236 884
f 1617 884 237
f 297 2265 976
f 1619 1617 2265
f 2265 237 974
f 976 974 295
f 1620 978 299
f 501 2266 1620
f 1574 1619 2266
f 2266 297 978
f 1622 980 301
f 504 2268 1622
f 1570 1620 2268
f 2268 299 980
f 303 2270 982
f 1624 1565 2270
f 2270 504 1622
f 982 1622 301
f 305 2272 984
f 1625 1560 2272
f 2272 507 1624
f 984 1624 303
f 891 1626 242
f 241 2273 891
f 2273 510 1558
f 1626 1558 513
f 987 986 307
f 242 2274 987
f 1626 1625 2274
f 2274 305 986
f 671 1798 764
f 97 673 1798
f 1798 673 95
f 764 1798 762
f 675 1799 1356
f 99 672 1799
f 1799 672 97
f 1356 1799 671
f 678 1801 1355
f 101 676 1801
f 1801 676 99
f 1355 1801 675
f 681 1803 1354
f 103 679 1803
f 1803 679 101
f 1354 1803 678
f 684 1805 1353
f 105 682 1805
f 1805 682 103
f 1353 1805 681
f 687 1807 1352
f 107 685 1807
f 1807 685 105
f 1352 1807 684
f 690 1809 1351
f 109 688 1809
f 1809 688 107
f 1351 1809 687
f 693 1811 1350
f 111 691 1811
f 1811 691 109
f 1350 1811 690
f 696 1813 1349
f 113 694 1813
f 694 111 693
f 1813 693 112
f 123 712 1821
f 712 122 710
f 1821 710 120
f 1348 1821 709
f 715 1823 1347
f 124 713 1823
f 1823 713 122
f 1347 1823 712
f 718 1825 1346
f 126 716 1825
f 1825 716 124
f 1346 1825 715
f 721 1827 1345
f 128 719 1827
f 1827 719 126
f 1345 1827 718
f 724 1829 1344
f 130 722 1829
f 1829 722 128
f 1344 1829 721
f 727 1831 1343
f 132 725 1831
f 1831 725 130
f 1343 1831 724
f 730 1833 1342
f 134 728 1833
f 1833 728 132
f 1342 1833 727
f 733 1835 1341
f 136 731 1835
f 1835 731 134
f 1341 1835 730
f 736 1837 1340
f 138 734 1837
f 1837 734 136
f 1340 1837 733
f 739 1839 1339
f 140 737 1839
f 1839 737 138
f 1339 1839 736
f 742 1841 1338
f 142 740 1841
f 1841 740 140
f 1338 1841 739
f 745 1843 1337
f 144 743 1843
f 1843 743 142
f 1337 1843 742
f 748 1845 1336
f 146 746 1845
f 1845 746 144
f 1336 1845 745
f 751 1847 1335
f 148 749 1847
f 1847 749 146
f 1335 1847 748
f 754 1849 1334
f 150 752 1849
f 1849 752 148
f 1334 1849 751
f 757 1851 761
f 152 755 1851
f 1851 755 150
f 761 1851 754
f 762 1852 760
f 95 758 1852
f 1852 758 152
f 760 1852 757
f 759 1853 846
f 153 761 1853
f 1853 761 151
f 846 1853 844
f 763 1854 767
f 155 760 1854
f 1854 760 153
f 767 1854 759
f 768 1855 766
f 98 764 1855
f 1855 764 155
f 766 1855 763
f 765 1856 852
f 156 767 1856
f 1856 767 154
f 852 1856 850
f 769 1857 1333
f 158 766 1857
f 1857 766 156
f 1333 1857 765
f 772 1858 770
f 100 1356 1858
f 1858 1356 98
f 770 1858 768
f 771 1859 1332
f 160 770 1859
f 1859 770 158
f 1332 1859 769
f 775 1860 1331
f 162 773 1860
f 1860 773 160
f 1331 1860 771
f 774 1861 773
f 102 1355 1861
f 1861 1355 100
f 773 1861 772
f 777 1862 776
f 104 1354 1862
f 1862 1354 102
f 776 1862 774
f 778 1863 1330
f 164 776 1863
f 1863 776 162
f 1330 1863 775
f 780 1864 779
f 106 1353 1864
f 1864 1353 104
f 779 1864 777
f 781 1865 1329
f 166 779 1865
f 1865 779 164
f 1865 778 165
f 783 1866 782
f 108 1352 1866
f 1866 1352 106
f 782 1866 780
f 784 1867 1328
f 168 782 1867
f 1867 782 166
f 1328 1867 781
f 786 1868 785
f 110 1351 1868
f 1868 1351 108
f 785 1868 783
f 171 787 1869
f 170 785 1869
f 1869 785 168
f 1327 1869 784
f 789 1870 788
f 112 1350 1870
f 1870 1350 110
f 788 1870 786
f 173 790 1871
f 172 788 1871
f 1871 788 170
f 1326 1871 787
f 792 1872 791
f 114 1349 1872
f 1349 112 789
f 1872 789 172
f 793 1873 1325
f 174 791 1873
f 791 172 790
f 1873 790 173
f 184 802 1876
f 802 123 1348
f 1876 1348 121
f 801 1876 799
f 185 803 1877
f 803 184 801
f 1877 801 182
f 1322 1877 800
f 805 1878 804
f 125 1347 1878
f 1878 1347 123
f 804 1878 802
f 806 1879 1321
f 186 804 1879
f 1879 804 184
f 1321 1879 803
f 808 1880 807
f 127 1346 1880
f 1880 1346 125
f 807 1880 805
f 189 809 1881
f 188 807 1881
f 1881 807 186
f 1320 1881 806
f 811 1882 810
f 129 1345 1882
f 1882 1345 127
f 810 1882 808
f 812 1883 1319
f 190 810 1883
f 1883 810 188
f 1319 1883 809
f 814 1884 813
f 131 1344 1884
f 1884 1344 129
f 813 1884 811
f 815 1885 1318
f 192 813 1885
f 1885 813 190
f 1318 1885 812
f 817 1886 816
f 133 1343 1886
f 1886 1343 131
f 816 1886 814
f 818 1887 1317
f 194 816 1887
f 1887 816 192
f 1317 1887 815
f 820 1888 819
f 135 1342 1888
f 1888 1342 133
f 819 1888 817
f 821 1889 1316
f 196 819 1889
f 1889 819 194
f 1316 1889 818
f 823 1890 822
f 137 1341 1890
f 1890 1341 135
f 822 1890 820
f 824 1891 1315
f 198 822 1891
f 1891 822 196
f 1315 1891 821
f 826 1892 825
f 139 1340 1892
f 1892 1340 137
f 825 1892 823
f 201 827 1893
f 200 825 1893
f 1893 825 198
f 1314 1893 824
f 829 1894 828
f 141 1339 1894
f 1894 1339 139
f 828 1894 826
f 830 1895 1313
f 202 828 1895
f 1895 828 200
f 1313 1895 827
f 832 1896 831
f 143 1338 1896
f 1896 1338 141
f 831 1896 829
f 833 1897 1312
f 204 831 1897
f 1897 831 202
f 1312 1897 830
f 835 1898 834
f 145 1337 1898
f 1898 1337 143
f 834 1898 832
f 836 1899 1311
f 206 834 1899
f 1899 834 204
f 1311 1899 833
f 838 1900 837
f 147 1336 1900
f 1900 1336 145
f 837 1900 835
f 839 1901 1310
f 208 837 1901
f 1901 837 206
f 1310 1901 836
f 841 1902 840
f 149 1335 1902
f 1902 1335 147
f 840 1902 838
f 842 1903 1309
f 210 840 1903
f 1903 840 208
f 1309 1903 839
f 844 1904 843
f 151 1334 1904
f 1904 1334 149
f 843 1904 841
f 845 1905 849
f 212 843 1905
f 1905 843 210
f 849 1905 842
f 850 1906 848
f 154 846 1906
f 1906 846 212
f 848 1906 845
f 214 847 1907
f 213 849 1907
f 1907 849 211
f 1907 932 269
f 216 851 1908
f 851 215 848
f 848 213 847
f 1908 847 214
f 218 856 1909
f 157 852 1909
f 1909 852 215
f 1909 851 216
f 217 853 1910
f 853 216 855
f 855 214 938
f 1910 938 272
f 219 857 1911
f 857 218 854
f 854 216 853
f 1911 853 217
f 220 859 1912
f 159 1333 1912
f 1333 157 856
f 1912 856 218
f 221 860 1913
f 860 220 858
f 858 218 857
f 1913 857 219
f 222 862 1914
f 862 161 1332
f 1332 159 859
f 1914 859 220
f 223 863 1915
f 863 222 861
f 861 220 860
f 1915 860 221
f 224 865 1916
f 163 1331 1916
f 1331 161 862
f 1916 862 222
f 225 866 1917
f 866 224 864
f 864 222 863
f 1917 863 223
f 868 1918 867
f 165 1330 1918
f 1330 163 865
f 1918 865 224
f 227 869 1919
f 869 226 867
f 867 224 866
f 1919 866 225
f 871 1920 870
f 871 167 1329
f 1329 165 868
f 1920 868 226
f 229 872 1921
f 872 228 870
f 870 226 869
f 1921 869 227
f 230 874 1922
f 169 1328 1922
f 1922 1328 167
f 1922 871 228
f 231 875 1923
f 875 230 873
f 873 228 872
f 1923 872 229
f 232 877 1924
f 877 171 1327
f 1327 169 874
f 1924 874 230
f 233 878 1925
f 878 232 876
f 876 230 875
f 1925 875 231
f 234 880 1926
f 173 1326 1926
f 1326 171 877
f 1926 877 232
f 235 881 1927
f 881 234 879
f 879 232 878
f 1927 878 233
f 236 883 1928
f 883 175 1325
f 1928 1325 173
f 882 1928 880
f 237 884 1929
f 884 236 882
f 1929 882 234
f 1299 1929 881
f 893 1932 892
f 185 1322 1932
f 1322 183 890
f 1932 890 241
f 894 1933 1298
f 243 892 1933
f 892 241 891
f 1933 891 242
f 245 896 1934
f 896 187 1321
f 1934 1321 185
f 1934 893 243
f 246 897 1935
f 897 245 895
f 895 243 894
f 1935 894 244
f 247 899 1936
f 189 1320 1936
f 1320 187 896
f 1936 896 245
f 248 900 1937
f 900 247 898
f 898 245 897
f 1937 897 246
f 249 902 1938
f 191 1319 1938
f 1319 189 899
f 1938 899 247
f 250 903 1939
f 903 249 901
f 901 247 900
f 1939 900 248
f 251 905 1940
f 193 1318 1940
f 1318 191 902
f 1940 902 249
f 252 906 1941
f 906 251 904
f 904 249 903
f 1941 903 250
f 253 908 1942
f 908 195 1317
f 1317 193 905
f 1942 905 251
f 254 909 1943
f 909 253 907
f 907 251 906
f 1943 906 252
f 255 911 1944
f 911 197 1316
f 1316 195 908
f 1944 908 253
f 256 912 1945
f 912 255 910
f 910 253 909
f 1945 909 254
f 257 914 1946
f 914 199 1315
f 1315 197 911
f 1946 911 255
f 258 915 1947
f 915 257 913
f 913 255 912
f 1947 912 256
f 259 917 1948
f 201 1314 1948
f 1314 199 914
f 1948 914 257
f 260 918 1949
f 918 259 916
f 916 257 915
f 1949 915 258
f 261 920 1950
f 920 203 1313
f 1313 201 917
f 1950 917 259
f 262 921 1951
f 921 261 919
f 919 259 918
f 1951 918 260
f 263 923 1952
f 205 1312 1952
f 1312 203 920
f 1952 920 261
f 264 924 1953
f 924 263 922
f 922 261 921
f 1953 921 262
f 265 926 1954
f 207 1311 1954
f 1311 205 923
f 1954 923 263
f 266 927 1955
f 927 265 925
f 925 263 924
f 1955 924 264
f 267 929 1956
f 929 209 1310
f 1310 207 926
f 1956 926 265
f 268 930 1957
f 930 267 928
f 928 265 927
f 1957 927 266
f 269 932 1958
f 932 211 1309
f 1309 209 929
f 1958 929 267
f 270 933 1959
f 933 269 931
f 931 267 930
f 1959 930 268
f 272 938 1960
f 938 214 934
f 934 269 933
f 1960 933 270
f 271 935 1961
f 935 270 937
f 937 268 1026
f 1961 1026 333
f 273 939 1962
f 939 272 936
f 936 270 935
f 1962 935 271
f 275 944 1963
f 944 217 940
f 940 272 939
f 1963 939 273
f 277 947 1966
f 947 219 1308
f 1308 217 944
f 1966 944 275
f 279 950 1968
f 950 221 1307
f 1307 219 947
f 1968 947 277
f 281 953 1970
f 953 223 1306
f 1306 221 950
f 1970 950 279
f 283 956 1972
f 956 225 1305
f 1305 223 953
f 1972 953 281
f 285 959 1974
f 959 227 1304
f 1304 225 956
f 1974 956 283
f 287 962 1976
f 962 229 1303
f 1303 227 959
f 1976 959 285
f 289 965 1978
f 965 231 1302
f 1302 229 962
f 1978 962 287
f 291 968 1980
f 968 233 1301
f 1301 231 965
f 1980 965 289
f 293 971 1982
f 971 235 1300
f 1300 233 968
f 1982 968 291
f 295 974 1984
f 974 237 1299
f 1984 1299 235
f 973 1984 971
f 990 1992 989
f 244 1298 1992
f 1298 242 987
f 1992 987 307
f 311 993 1994
f 993 246 1297
f 1297 244 990
f 1994 990 309
f 313 996 1996
f 996 248 1296
f 1296 246 993
f 1996 993 311
f 315 999 1998
f 999 250 1295
f 1295 248 996
f 1998 996 313
f 317 1002 2000
f 1002 252 1294
f 1294 250 999
f 2000 999 315
f 319 1005 2002
f 1005 254 1293
f 1293 252 1002
f 2002 1002 317
f 321 1008 2004
f 1008 256 1292
f 1292 254 1005
f 2004 1005 319
f 323 1011 2006
f 1011 258 1291
f 1291 256 1008
f 2006 1008 321
f 325 1014 2008
f 1014 260 1290
f 1290 258 1011
f 2008 1011 323
f 327 1017 2010
f 1017 262 1289
f 1289 260 1014
f 2010 1014 325
f 329 1020 2012
f 1020 264 1288
f 1288 262 1017
f 2012 1017 327
f 331 1023 2014
f 1023 266 1287
f 1287 264 1020
f 2014 1020 329
f 333 1026 2016
f 1026 268 1286
f 1286 266 1023
f 2016 1023 331
f 1516 2211 1515
f 1516 482 1517
f 2211 1517 484
f 1515 2211 1518
f 482 1522 2213
f 1522 485 1523
f 2213 1523 487
f 1517 2213 1524
f 1530 2216 1531
f 490 1532 2216
f 1532 489 1533
f 1531 2216 1533
f 1536 2218 1532
f 493 1537 2218
f 1537 492 1538
f 2218 1538 489
f 1539 2219 1523
f 494 1540 2219
f 1540 496 1541
f 2219 1541 487
f 1544 2221 1540
f 1544 497 1545
f 1545 499 1546
f 2221 1546 496
f 493 1551 2224
f 1551 511 1552
f 2224 1552 510
f 1537 2224 1553
f 511 1556 2226
f 1556 514 1557
f 1557 513 1558
f 1552 2226 1558
f 1560 2227 1559
f 513 1557 2227
f 1557 514 1561
f 2227 1561 508
f 1565 2229 1564
f 507 1559 2229
f 1559 508 1566
f 2229 1566 505
f 501 1570 2231
f 1570 504 1564
f 2231 1564 505
f 1569 2231 1571
f 497 1574 2233
f 1574 501 1569
f 2233 1569 502
f 1545 2233 1575
f 478 1579 2236
f 1579 481 1531
f 2236 1531 480
f 1580 2236 1581
f 475 1584 2238
f 1584 478 1580
f 2238 1580 476
f 1585 2238 1586
f 1589 2240 1590
f 475 1585 2240
f 1585 473 1591
f 2240 1591 470
f 1593 2242 1515
f 472 1590 2242
f 1590 470 1594
f 2242 1594 468
f 470 1595 2243
f 1595 116 699
f 2243 699 115
f 1594 2243 1596
f 482 1516 2244
f 1516 468 1598
f 1598 114 792
f 2244 792 174
f 1596 2245 1598
f 115 697 2245
f 697 113 696
f 2245 696 114
f 473 1601 2247
f 1601 117 701
f 2247 701 116
f 1591 2247 1595
f 1603 2249 1586
f 118 703 2249
f 703 117 1601
f 2249 1601 473
f 1605 2251 1581
f 119 705 2251
f 705 118 1603
f 2251 1603 476
f 121 709 2253
f 709 120 707
f 2253 707 119
f 1607 2253 1605
f 182 799 2254
f 799 121 1607
f 1607 480 1533
f 2254 1533 489
f 485 1522 2255
f 1522 482 1597
f 1597 174 793
f 2255 793 175
f 1539 2257 1611
f 485 1609 2257
f 2257 1609 175
f 1611 2257 883
f 183 800 2260
f 800 182 1608
f 1608 489 1538
f 2260 1538 492
f 890 2262 1616
f 183 1614 2262
f 2262 1614 492
f 1616 2262 1553
f 1544 2263 1617
f 494 1611 2263
f 2263 1611 236
f 1617 2263 884
f 297 1619 2265
f 1619 497 1617
f 2265 1617 237
f 976 2265 974
f 1620 2266 978
f 501 1574 2266
f 1574 497 1619
f 2266 1619 297
f 1622 2268 980
f 504 1570 2268
f 1570 501 1620
f 2268 1620 299
f 303 1624 2270
f 1624 507 1565
f 2270 1565 504
f 982 2270 1622
f 305 1625 2272
f 1625 513 1560
f 2272 1560 507
f 984 2272 1624
f 891 2273 1626
f 241 1616 2273
f 2273 1616 510
f 1626 2273 1558
f 987 2274 986
f 242 1626 2274
f 1626 513 1625
f 2274 1625 305
