# Blender 4.4.3
# www.blender.org
mtllib 12_ball.mtl
o Stripe.004
v -0.114527 -0.046130 0.805378
v -0.112405 -0.043215 0.803074
v -0.117920 -0.040055 0.808705
v -0.110070 -0.052017 0.803115
v -0.116677 -0.048444 0.808264
v -0.119401 -0.041649 0.810694
v -0.112808 -0.054961 0.806789
v -0.118774 -0.050066 0.811623
v -0.120846 -0.042766 0.813007
v -0.115477 -0.057026 0.811064
v -0.120737 -0.050935 0.815325
v -0.122198 -0.043365 0.815557
v -0.117975 -0.058132 0.815775
v -0.122490 -0.051016 0.819227
v -0.123405 -0.043421 0.818245
v -0.120206 -0.058235 0.820742
v -0.123966 -0.050308 0.823181
v -0.124422 -0.042933 0.820968
v -0.122085 -0.057334 0.825774
v -0.125109 -0.048836 0.827033
v -0.125209 -0.041919 0.823622
v -0.123538 -0.055461 0.830677
v -0.125873 -0.046658 0.830636
v -0.125736 -0.040419 0.826104
v -0.124512 -0.052689 0.835263
v -0.126231 -0.043858 0.833852
v -0.125982 -0.038490 0.828319
v -0.124967 -0.049125 0.839356
v -0.126167 -0.040542 0.836556
v -0.125938 -0.036206 0.830181
v -0.124886 -0.044905 0.842798
v -0.125686 -0.036839 0.838645
v -0.125607 -0.033655 0.831620
v -0.124273 -0.040192 0.845457
v -0.124804 -0.032891 0.840039
v -0.124999 -0.030936 0.832581
v -0.123151 -0.035166 0.847231
v -0.123557 -0.028849 0.840684
v -0.124140 -0.028152 0.833025
v -0.121564 -0.030021 0.848052
v -0.121991 -0.024868 0.840555
v -0.123062 -0.025410 0.832936
v -0.119571 -0.024955 0.847888
v -0.120168 -0.021103 0.839658
v -0.121806 -0.022816 0.832318
v -0.117250 -0.020163 0.846745
v -0.118157 -0.017697 0.838026
v -0.120421 -0.020470 0.831193
v -0.114691 -0.015828 0.844668
v -0.116035 -0.014781 0.835722
v -0.118959 -0.018461 0.829607
v -0.111990 -0.012116 0.841736
v -0.113884 -0.012467 0.832835
v -0.117478 -0.016868 0.827618
v -0.109253 -0.009172 0.838062
v -0.111787 -0.010845 0.829477
v -0.116033 -0.015750 0.825305
v -0.106584 -0.007107 0.833787
v -0.109825 -0.009976 0.825775
v -0.114681 -0.015152 0.822755
v -0.104086 -0.006002 0.829076
v -0.108072 -0.009895 0.821872
v -0.113474 -0.015096 0.820067
v -0.101854 -0.005898 0.824109
v -0.106596 -0.010603 0.817919
v -0.112457 -0.015584 0.817344
v -0.099976 -0.006800 0.819077
v -0.105453 -0.012075 0.814066
v -0.111670 -0.016598 0.814690
v -0.098522 -0.008672 0.814174
v -0.104689 -0.014253 0.810463
v -0.111143 -0.018098 0.812208
v -0.097549 -0.011444 0.809588
v -0.104331 -0.017053 0.807248
v -0.110897 -0.020027 0.809993
v -0.097094 -0.015009 0.805495
v -0.104394 -0.020369 0.804543
v -0.110941 -0.022310 0.808131
v -0.097174 -0.019229 0.802053
v -0.104876 -0.024072 0.802454
v -0.111273 -0.024861 0.806691
v -0.097787 -0.023942 0.799394
v -0.105757 -0.028020 0.801060
v -0.111880 -0.027581 0.805731
v -0.098909 -0.028967 0.797620
v -0.107005 -0.032062 0.800415
v -0.112739 -0.030365 0.805287
v -0.100497 -0.034112 0.796799
v -0.108570 -0.036043 0.800544
v -0.113817 -0.033107 0.805376
v -0.102489 -0.039178 0.796963
v -0.110394 -0.039808 0.801442
v -0.115073 -0.035701 0.805994
v -0.104810 -0.043971 0.798106
v -0.098537 -0.048027 0.796114
v -0.107370 -0.048306 0.800183
v -0.101546 -0.053125 0.798557
v -0.095159 -0.057487 0.798258
v -0.104722 -0.057489 0.802004
v -0.098687 -0.062336 0.802088
v -0.107941 -0.060951 0.806325
v -0.102264 -0.066183 0.806889
v -0.111079 -0.063379 0.811351
v -0.105751 -0.068881 0.812474
v -0.114016 -0.064679 0.816891
v -0.109015 -0.070325 0.818630
v -0.116640 -0.064801 0.822732
v -0.111930 -0.070461 0.825120
v -0.118849 -0.063741 0.828649
v -0.114385 -0.069282 0.831694
v -0.120559 -0.061538 0.834414
v -0.116284 -0.066836 0.838100
v -0.121703 -0.058279 0.839807
v -0.117556 -0.063214 0.844092
v -0.122238 -0.054088 0.844619
v -0.118150 -0.058557 0.849440
v -0.122143 -0.049126 0.848667
v -0.118045 -0.053043 0.853937
v -0.121423 -0.043584 0.851793
v -0.117244 -0.046885 0.857411
v -0.120103 -0.037674 0.853879
v -0.115778 -0.040319 0.859729
v -0.118237 -0.031625 0.854844
v -0.113704 -0.033597 0.860801
v -0.115806 -0.025635 0.854686
v -0.110743 -0.026889 0.860748
v -0.112832 -0.019891 0.853414
v -0.110199 -0.014866 0.850732
v -0.107259 -0.010577 0.847182
v -0.103906 -0.007164 0.843088
v -0.100479 -0.004771 0.838408
v -0.097641 -0.003401 0.832618
v -0.090647 -0.002292 0.836335
v -0.095061 -0.003259 0.826690
v -0.087953 -0.002078 0.829518
v -0.092852 -0.004319 0.820774
v -0.085498 -0.003257 0.822944
v -0.091142 -0.006521 0.815008
v -0.083598 -0.005704 0.816538
v -0.089998 -0.009781 0.809616
v -0.082327 -0.009325 0.810546
v -0.089463 -0.013972 0.804803
v -0.081732 -0.013982 0.805198
v -0.089558 -0.018934 0.800756
v -0.081838 -0.019496 0.800701
v -0.090279 -0.024476 0.797629
v -0.082639 -0.025654 0.797227
v -0.091598 -0.030385 0.795543
v -0.084104 -0.032220 0.794909
v -0.093465 -0.036435 0.794578
v -0.086179 -0.038942 0.793837
v -0.095808 -0.042392 0.794771
v -0.088782 -0.045561 0.794051
v -0.081683 -0.048563 0.794832
v -0.091814 -0.051823 0.795544
v -0.084902 -0.055211 0.796416
v -0.078064 -0.058062 0.798698
v -0.088452 -0.061224 0.799297
v -0.081684 -0.064193 0.801636
v -0.092198 -0.066372 0.803364
v -0.085503 -0.069441 0.805782
v -0.095995 -0.070456 0.808460
v -0.089375 -0.073605 0.810978
v -0.099697 -0.073320 0.814389
v -0.093149 -0.076525 0.817023
v -0.103162 -0.074853 0.820924
v -0.096682 -0.078089 0.823686
v -0.106256 -0.074997 0.827814
v -0.099838 -0.078236 0.830711
v -0.108862 -0.073746 0.834793
v -0.102494 -0.076960 0.837827
v -0.110879 -0.071148 0.841594
v -0.104550 -0.074312 0.844761
v -0.112228 -0.067304 0.847955
v -0.105927 -0.070392 0.851246
v -0.112860 -0.062360 0.853631
v -0.106570 -0.065351 0.857034
v -0.112748 -0.056507 0.858406
v -0.106456 -0.059383 0.861902
v -0.111898 -0.049969 0.862094
v -0.105589 -0.052718 0.865662
v -0.110342 -0.042999 0.864555
v -0.104003 -0.045610 0.868171
v -0.108139 -0.035863 0.865693
v -0.101757 -0.038335 0.869332
v -0.105294 -0.029040 0.865618
v -0.099108 -0.031497 0.869200
v -0.098638 -0.016080 0.861196
v -0.092141 -0.018253 0.864789
v -0.095010 -0.010846 0.856994
v -0.088227 -0.012831 0.860577
v -0.091019 -0.006754 0.851939
v -0.084256 -0.008601 0.855210
v -0.083638 -0.002532 0.839309
v -0.076861 -0.004268 0.842175
v -0.080802 -0.002403 0.832483
v -0.073885 -0.004219 0.835471
v -0.078196 -0.003654 0.825504
v -0.071228 -0.005494 0.828355
v -0.076180 -0.006251 0.818703
v -0.069172 -0.008143 0.821421
v -0.074830 -0.010096 0.812342
v -0.067795 -0.012063 0.814936
v -0.074199 -0.015040 0.806665
v -0.067152 -0.017104 0.809148
v -0.074311 -0.020893 0.801891
v -0.067266 -0.023071 0.804280
v -0.075161 -0.027430 0.798203
v -0.068133 -0.029737 0.800520
v -0.076717 -0.034401 0.795742
v -0.069719 -0.036844 0.798011
v -0.078919 -0.041537 0.794604
v -0.071965 -0.044120 0.796850
v -0.065583 -0.046591 0.800489
v -0.074782 -0.051284 0.797082
v -0.068346 -0.053618 0.800717
v -0.062622 -0.055476 0.805595
v -0.071565 -0.060266 0.802302
v -0.065654 -0.061738 0.807088
v -0.075116 -0.066279 0.805183
v -0.068998 -0.067402 0.809802
v -0.078861 -0.071427 0.809249
v -0.072527 -0.072251 0.813633
v -0.082658 -0.075511 0.814345
v -0.076103 -0.076098 0.818433
v -0.086360 -0.078374 0.820275
v -0.079590 -0.078796 0.824019
v -0.089825 -0.079908 0.826810
v -0.082854 -0.080240 0.830174
v -0.092920 -0.080052 0.833699
v -0.085770 -0.080376 0.836664
v -0.095526 -0.078801 0.840678
v -0.088224 -0.079198 0.843239
v -0.097542 -0.076203 0.847479
v -0.090124 -0.076751 0.849645
v -0.098892 -0.072359 0.853840
v -0.091395 -0.073129 0.855637
v -0.099523 -0.067415 0.859517
v -0.091990 -0.068472 0.860984
v -0.099412 -0.061562 0.864291
v -0.091884 -0.062959 0.865481
v -0.098561 -0.055024 0.867979
v -0.091084 -0.056801 0.868955
v -0.097005 -0.048054 0.870440
v -0.089618 -0.050234 0.871273
v -0.094803 -0.040918 0.871578
v -0.087543 -0.043513 0.872345
v -0.092296 -0.033967 0.871355
v -0.085173 -0.036581 0.872032
v -0.085329 -0.021124 0.867069
v -0.081387 -0.016009 0.863006
v -0.077710 -0.011798 0.857813
v -0.070639 -0.007459 0.845046
v -0.065076 -0.011983 0.847618
v -0.067466 -0.007457 0.838368
v -0.061792 -0.011994 0.841062
v -0.064860 -0.008708 0.831389
v -0.059337 -0.013172 0.834488
v -0.062843 -0.011306 0.824588
v -0.057438 -0.015619 0.828082
v -0.061494 -0.015151 0.818227
v -0.056166 -0.019241 0.822090
v -0.060862 -0.020095 0.812551
v -0.055572 -0.023898 0.816743
v -0.060974 -0.025948 0.807777
v -0.055677 -0.029411 0.812246
v -0.061824 -0.032485 0.804088
v -0.056478 -0.035569 0.808771
v -0.063380 -0.039456 0.801628
v -0.057944 -0.042135 0.806453
v -0.053619 -0.044780 0.812303
v -0.060018 -0.048857 0.805381
v -0.055486 -0.050830 0.811338
v -0.052159 -0.052433 0.818130
v -0.057828 -0.056787 0.811531
v -0.054151 -0.057499 0.818295
v -0.060557 -0.062422 0.812874
v -0.056472 -0.062292 0.819437
v -0.063567 -0.067520 0.815317
v -0.059032 -0.066627 0.821514
v -0.066743 -0.071884 0.818764
v -0.061732 -0.070338 0.824446
v -0.069961 -0.075346 0.823084
v -0.064469 -0.073283 0.828120
v -0.073100 -0.077774 0.828111
v -0.067138 -0.075347 0.832395
v -0.076037 -0.079074 0.833651
v -0.069636 -0.076453 0.837106
v -0.078661 -0.079196 0.839492
v -0.071868 -0.076557 0.842074
v -0.080870 -0.078135 0.845409
v -0.073746 -0.075655 0.847105
v -0.082580 -0.075933 0.851174
v -0.075200 -0.073782 0.852008
v -0.083724 -0.072674 0.856566
v -0.076173 -0.071010 0.856594
v -0.084259 -0.068483 0.861379
v -0.076628 -0.067446 0.860687
v -0.084164 -0.063521 0.865426
v -0.076548 -0.063226 0.864129
v -0.083444 -0.057978 0.868553
v -0.075935 -0.058513 0.866788
v -0.082124 -0.052069 0.870639
v -0.074813 -0.053487 0.868562
v -0.080257 -0.046020 0.871604
v -0.073225 -0.048343 0.869383
v -0.077962 -0.039979 0.871386
v -0.071233 -0.043277 0.869219
v -0.075340 -0.034101 0.869959
v -0.068912 -0.038484 0.868076
v -0.072027 -0.029334 0.867577
v -0.066352 -0.034149 0.865999
v -0.068709 -0.025188 0.864193
v -0.063652 -0.030438 0.863067
v -0.065735 -0.021632 0.859933
v -0.060915 -0.027493 0.859393
v -0.062987 -0.018981 0.854952
v -0.058246 -0.025428 0.855118
v -0.059796 -0.017745 0.849318
v -0.055747 -0.024323 0.850407
v -0.057082 -0.017653 0.843450
v -0.053516 -0.024219 0.845440
v -0.054873 -0.018714 0.837533
v -0.051637 -0.025121 0.840408
v -0.053163 -0.020916 0.831768
v -0.050184 -0.026994 0.835505
v -0.052019 -0.024175 0.826375
v -0.049210 -0.029766 0.830919
v -0.051484 -0.028367 0.821563
v -0.048755 -0.033330 0.826826
v -0.051579 -0.033329 0.817516
v -0.048836 -0.037550 0.823384
v -0.052299 -0.038871 0.814389
v -0.049449 -0.042263 0.820725
v -0.048036 -0.045615 0.827537
v -0.050571 -0.047288 0.818951
v -0.048918 -0.049564 0.826143
v -0.048723 -0.051519 0.833602
v -0.050165 -0.053606 0.825498
v -0.049582 -0.054303 0.833158
v -0.051731 -0.057586 0.825627
v -0.050660 -0.057045 0.833246
v -0.053554 -0.061352 0.826525
v -0.051916 -0.059638 0.833865
v -0.055565 -0.064758 0.828157
v -0.053302 -0.061985 0.834989
v -0.057687 -0.067674 0.830460
v -0.054763 -0.063993 0.836576
v -0.059838 -0.069987 0.833347
v -0.056244 -0.065587 0.838564
v -0.061935 -0.071609 0.836706
v -0.057689 -0.066704 0.840877
v -0.063897 -0.072478 0.840407
v -0.059041 -0.067302 0.843427
v -0.065650 -0.072560 0.844310
v -0.060248 -0.067359 0.846115
v -0.067127 -0.071851 0.848264
v -0.061265 -0.066871 0.848839
v -0.068269 -0.070380 0.852116
v -0.062052 -0.065857 0.851492
v -0.069033 -0.068202 0.855719
v -0.062579 -0.064357 0.853974
v -0.069391 -0.065401 0.858935
v -0.062825 -0.062428 0.856189
v -0.069328 -0.062086 0.861639
v -0.062781 -0.060144 0.858052
v -0.068846 -0.058383 0.863728
v -0.062450 -0.057593 0.859491
v -0.067965 -0.054434 0.865122
v -0.061842 -0.054874 0.860451
v -0.066717 -0.050392 0.865767
v -0.060983 -0.052089 0.860895
v -0.065152 -0.046412 0.865638
v -0.059905 -0.049348 0.860806
v -0.063328 -0.042646 0.864740
v -0.058649 -0.046754 0.860188
v -0.061317 -0.039240 0.863108
v -0.057264 -0.044408 0.859064
v -0.059195 -0.036324 0.860805
v -0.055802 -0.042399 0.857477
v -0.057045 -0.034011 0.857918
v -0.054321 -0.040806 0.855489
v -0.054948 -0.032388 0.854559
v -0.052876 -0.039688 0.853175
v -0.052985 -0.031520 0.850857
v -0.051524 -0.039090 0.850625
v -0.051232 -0.031438 0.846955
v -0.050317 -0.039034 0.847937
v -0.049756 -0.032147 0.843001
v -0.049300 -0.039522 0.845214
v -0.048613 -0.033618 0.839149
v -0.048513 -0.040535 0.842561
v -0.047849 -0.035796 0.835546
v -0.047986 -0.042035 0.840079
v -0.047491 -0.038597 0.832330
v -0.047740 -0.043964 0.837864
v -0.047555 -0.041912 0.829626
v -0.047784 -0.046248 0.836001
v -0.049397 -0.050250 0.842044
v -0.048115 -0.048799 0.834562
v -0.049572 -0.051599 0.841283
v -0.049894 -0.053037 0.840776
v -0.052544 -0.054234 0.848235
v -0.056376 -0.053339 0.855207
v -0.053087 -0.059633 0.842348
v -0.052315 -0.058571 0.841509
v -0.051582 -0.057330 0.840915
v -0.050918 -0.055959 0.840588
v -0.050348 -0.054509 0.840541
v -0.049374 -0.049043 0.843029
v -0.049504 -0.048023 0.844200
v -0.049783 -0.047230 0.845513
v -0.050199 -0.046694 0.846916
v -0.050736 -0.046436 0.848355
v -0.051375 -0.046466 0.849777
v -0.052090 -0.046782 0.851125
v -0.052853 -0.047373 0.852348
v -0.053637 -0.048215 0.853400
v -0.054409 -0.049277 0.854239
v -0.055142 -0.050518 0.854833
v -0.055806 -0.051889 0.855160
v -0.056830 -0.054811 0.854972
v -0.057151 -0.056249 0.854464
v -0.057327 -0.057598 0.853703
v -0.057350 -0.058805 0.852718
v -0.057220 -0.059825 0.851547
v -0.056941 -0.060618 0.850235
v -0.056525 -0.061154 0.848832
v -0.055988 -0.061412 0.847392
v -0.055349 -0.061383 0.845971
v -0.054634 -0.061066 0.844623
v -0.053871 -0.060475 0.843399
v -0.118580 -0.031937 0.811349
v -0.116459 -0.038047 0.807118
v -0.119313 -0.033177 0.811944
v -0.121178 -0.028220 0.817947
v -0.120085 -0.034239 0.812783
v -0.120869 -0.035082 0.813834
v -0.121632 -0.035673 0.815057
v -0.122347 -0.035989 0.816405
v -0.122986 -0.036019 0.817827
v -0.123523 -0.035761 0.819267
v -0.123939 -0.035225 0.820670
v -0.124218 -0.034432 0.821982
v -0.124348 -0.033412 0.823153
v -0.124325 -0.032204 0.824138
v -0.124150 -0.030855 0.824899
v -0.123829 -0.029417 0.825406
v -0.123374 -0.027945 0.825641
v -0.122804 -0.026496 0.825594
v -0.122140 -0.025124 0.825267
v -0.121408 -0.023884 0.824673
v -0.120635 -0.022822 0.823834
v -0.119852 -0.021979 0.822783
v -0.119088 -0.021388 0.821560
v -0.118373 -0.021072 0.820211
v -0.117734 -0.021042 0.818790
v -0.117197 -0.021300 0.817350
v -0.116781 -0.021836 0.815947
v -0.116502 -0.022629 0.814635
v -0.116372 -0.023649 0.813464
v -0.116395 -0.024857 0.812479
v -0.116571 -0.026205 0.811718
v -0.116892 -0.027644 0.811210
v -0.117346 -0.029116 0.810975
v -0.117916 -0.030565 0.811022
v -0.104357 -0.018965 0.860656
v -0.106318 -0.020077 0.859898
v -0.104510 -0.019073 0.860627
v -0.105936 -0.014520 0.854964
v -0.104354 -0.014589 0.856450
v -0.104900 -0.014466 0.855886
v -0.103621 -0.010094 0.850662
v -0.102044 -0.010060 0.851996
v -0.102747 -0.010041 0.851435
v -0.099415 -0.006538 0.847042
v -0.097678 -0.006418 0.848340
v -0.098369 -0.006473 0.847953
v -0.092412 -0.004345 0.846145
v -0.093164 -0.003978 0.843919
v -0.092439 -0.004298 0.845963
v -0.102324 -0.024180 0.865119
v -0.101357 -0.022379 0.864645
v -0.101592 -0.023088 0.864954
v -0.097085 -0.027015 0.868466
v -0.096194 -0.025241 0.867970
v -0.096597 -0.026003 0.868230
v -0.086380 -0.004047 0.846451
v -0.085462 -0.003540 0.844634
v -0.085871 -0.003846 0.845857
v -0.080019 -0.005444 0.848322
v -0.079066 -0.004961 0.846577
v -0.079592 -0.005189 0.847571
v -0.090682 -0.028592 0.870257
v -0.089828 -0.026748 0.869733
v -0.090317 -0.027361 0.869929
v -0.082941 -0.028937 0.870214
v -0.083780 -0.026764 0.869736
v -0.083747 -0.026943 0.869790
v -0.078530 -0.024377 0.867846
v -0.076729 -0.025590 0.867853
v -0.077819 -0.024731 0.867836
v -0.074169 -0.020625 0.864296
v -0.072530 -0.021879 0.864383
v -0.073442 -0.021149 0.864367
v -0.071854 -0.016205 0.859736
v -0.070207 -0.017608 0.859931
v -0.071288 -0.016738 0.859903
v -0.074851 -0.008417 0.851539
v -0.073819 -0.007953 0.849772
v -0.074596 -0.008120 0.850832
v -0.071836 -0.012144 0.855226
v -0.069788 -0.012838 0.854235
v -0.071676 -0.012168 0.855126
v -0.095411 -0.017113 0.863118
v -0.096864 -0.013341 0.859149
v -0.091574 -0.011742 0.858919
v -0.093077 -0.008705 0.854547
v -0.087604 -0.007557 0.853634
v -0.088777 -0.019627 0.866046
v -0.083305 -0.018480 0.865132
v -0.084863 -0.014285 0.861881
v -0.079517 -0.013844 0.860531
v -0.080970 -0.010072 0.856562
v -0.086277 -0.010638 0.858042
v -0.090160 -0.015389 0.862758
v -0.103147 -0.020334 0.862361
v -0.098787 -0.023604 0.866300
v -0.089925 -0.004151 0.846299
v -0.083337 -0.004693 0.847531
v -0.092883 -0.025842 0.868906
v -0.086278 -0.026728 0.869805
v -0.077433 -0.006931 0.850137
v -0.073057 -0.010544 0.853743
v -0.071814 -0.013774 0.857143
v -0.073084 -0.018226 0.862023
v -0.076498 -0.022405 0.866171
v -0.081593 -0.025744 0.869022
v -0.094611 -0.005134 0.847083
v -0.099722 -0.008129 0.850267
v -0.103137 -0.012308 0.854415
v -0.104390 -0.017103 0.858962
v -0.100171 -0.019443 0.863103
v -0.101787 -0.015243 0.858685
v -0.098822 -0.010357 0.854348
v -0.094634 -0.006487 0.849995
v -0.088542 -0.005210 0.848977
v -0.094338 -0.021973 0.866571
v -0.087734 -0.024156 0.868591
v -0.081966 -0.006830 0.851542
v -0.076106 -0.009924 0.854465
v -0.081643 -0.022878 0.867574
v -0.077482 -0.018446 0.863765
v -0.074489 -0.014123 0.858884
v -0.073621 -0.012069 0.855992
v -0.075874 -0.016268 0.861413
v -0.079463 -0.020660 0.865773
v -0.084244 -0.025073 0.868898
v -0.078960 -0.008256 0.852982
v -0.085210 -0.005888 0.850224
v -0.091085 -0.023098 0.867712
v -0.097335 -0.020729 0.864954
v -0.091993 -0.005106 0.847884
v -0.096832 -0.008324 0.852165
v -0.100421 -0.012717 0.856524
v -0.102617 -0.018109 0.860790
v -0.082926 -0.012106 0.859362
v -0.086783 -0.016827 0.864048
v -0.089637 -0.009562 0.856401
v -0.093494 -0.014284 0.861087
v -0.113457 -0.044741 0.804147
v -0.116365 -0.043102 0.806915
v -0.112421 -0.049112 0.804107
v -0.115604 -0.047369 0.806755
v -0.118190 -0.045065 0.809365
v -0.114877 -0.051753 0.807403
v -0.117738 -0.049346 0.809892
v -0.119969 -0.046441 0.812215
v -0.117272 -0.053606 0.811238
v -0.119777 -0.050597 0.813440
v -0.121635 -0.047178 0.815355
v -0.119513 -0.054597 0.815465
v -0.121644 -0.051075 0.817260
v -0.123122 -0.047247 0.818667
v -0.121515 -0.054691 0.819922
v -0.123267 -0.050760 0.821207
v -0.124375 -0.046646 0.822021
v -0.123200 -0.053882 0.824436
v -0.124582 -0.049664 0.825129
v -0.125344 -0.045398 0.825290
v -0.124505 -0.052201 0.828835
v -0.125540 -0.047831 0.828875
v -0.125993 -0.043550 0.828347
v -0.125378 -0.049715 0.832949
v -0.126104 -0.045330 0.832301
v -0.126296 -0.041174 0.831075
v -0.125786 -0.046517 0.836621
v -0.126252 -0.042257 0.835275
v -0.126242 -0.038361 0.833370
v -0.125714 -0.042731 0.839709
v -0.125978 -0.038731 0.837683
v -0.125834 -0.035218 0.835143
v -0.125164 -0.038502 0.842095
v -0.125293 -0.034886 0.839433
v -0.125086 -0.031868 0.836325
v -0.124157 -0.033994 0.843686
v -0.124224 -0.030872 0.840457
v -0.124027 -0.028439 0.836873
v -0.122733 -0.029378 0.844422
v -0.122810 -0.026841 0.840717
v -0.122699 -0.025061 0.836763
v -0.120945 -0.024833 0.844275
v -0.121108 -0.022949 0.840201
v -0.121152 -0.021866 0.836002
v -0.118863 -0.020533 0.843250
v -0.119181 -0.019346 0.838930
v -0.119445 -0.018976 0.834617
v -0.116567 -0.016644 0.841387
v -0.117105 -0.016170 0.836953
v -0.117645 -0.016502 0.832662
v -0.114144 -0.013314 0.838756
v -0.114958 -0.013543 0.834345
v -0.115820 -0.014539 0.830213
v -0.111688 -0.010672 0.835460
v -0.112824 -0.011565 0.831207
v -0.114041 -0.013163 0.827363
v -0.109294 -0.008820 0.831625
v -0.110784 -0.010314 0.827660
v -0.112376 -0.012426 0.824222
v -0.107052 -0.007828 0.827398
v -0.108917 -0.009836 0.823839
v -0.110888 -0.012356 0.820911
v -0.105051 -0.007735 0.822942
v -0.107295 -0.010151 0.819892
v -0.109636 -0.012958 0.817556
v -0.103365 -0.008544 0.818427
v -0.105980 -0.011247 0.815971
v -0.108667 -0.014206 0.814288
v -0.102061 -0.010224 0.814028
v -0.105022 -0.013080 0.812225
v -0.108018 -0.016054 0.811231
v -0.101188 -0.012711 0.809914
v -0.104458 -0.015581 0.808799
v -0.107715 -0.018430 0.808502
v -0.100779 -0.015909 0.806242
v -0.104310 -0.018654 0.805825
v -0.107768 -0.021243 0.806208
v -0.100852 -0.019695 0.803154
v -0.104584 -0.022180 0.803416
v -0.108177 -0.024386 0.804435
v -0.101402 -0.023924 0.800769
v -0.105269 -0.026025 0.801666
v -0.108925 -0.027736 0.803252
v -0.102408 -0.028432 0.799177
v -0.106338 -0.030039 0.800642
v -0.109983 -0.031165 0.802705
v -0.103833 -0.033048 0.798441
v -0.107751 -0.034070 0.800383
v -0.111312 -0.034543 0.802814
v -0.105620 -0.037593 0.798588
v -0.109454 -0.037962 0.800899
v -0.112859 -0.037738 0.803576
v -0.107702 -0.041893 0.799613
v -0.111381 -0.041565 0.802170
v -0.101745 -0.046022 0.796936
v -0.106066 -0.046206 0.799032
v -0.103614 -0.041620 0.797414
v -0.109999 -0.045782 0.801476
v -0.104543 -0.050761 0.799207
v -0.108709 -0.050249 0.801549
v -0.098408 -0.055374 0.798240
v -0.103121 -0.055410 0.800163
v -0.100013 -0.050656 0.797203
v -0.107495 -0.054818 0.802412
v -0.101776 -0.060003 0.801896
v -0.106334 -0.059342 0.804065
v -0.110488 -0.058037 0.806429
v -0.105190 -0.063675 0.806479
v -0.109527 -0.062301 0.808761
v -0.113405 -0.060294 0.811102
v -0.108519 -0.066250 0.811810
v -0.112580 -0.064174 0.814070
v -0.116136 -0.061503 0.816252
v -0.111635 -0.067629 0.817687
v -0.115374 -0.064888 0.819788
v -0.118576 -0.061616 0.821682
v -0.114418 -0.067759 0.823882
v -0.117802 -0.064417 0.825695
v -0.120629 -0.060630 0.827183
v -0.116761 -0.066634 0.830157
v -0.119771 -0.062778 0.831565
v -0.122219 -0.058583 0.832543
v -0.118574 -0.064298 0.836273
v -0.121205 -0.060034 0.837170
v -0.123283 -0.055553 0.837557
v -0.119788 -0.060841 0.841992
v -0.122049 -0.056291 0.842298
v -0.123780 -0.051656 0.842031
v -0.120355 -0.056395 0.847097
v -0.122270 -0.051692 0.846749
v -0.123692 -0.047043 0.845793
v -0.120255 -0.051132 0.851390
v -0.121860 -0.046414 0.850353
v -0.123022 -0.041891 0.848700
v -0.119490 -0.045254 0.854706
v -0.120835 -0.040661 0.852972
v -0.121795 -0.036397 0.850640
v -0.118091 -0.038986 0.856919
v -0.119234 -0.034653 0.854505
v -0.120060 -0.030773 0.851537
v -0.116111 -0.032569 0.857942
v -0.117108 -0.028616 0.854897
v -0.117871 -0.025231 0.851362
v -0.113373 -0.026162 0.857839
v -0.114321 -0.022700 0.854215
v -0.115303 -0.019978 0.850122
v -0.111496 -0.017282 0.852225
v -0.112552 -0.015248 0.847821
v -0.108791 -0.012625 0.849038
v -0.109629 -0.011200 0.844603
v -0.105624 -0.008748 0.845190
v -0.106620 -0.007987 0.840615
v -0.102150 -0.005842 0.840871
v -0.103666 -0.005734 0.835985
v -0.098999 -0.003946 0.835601
v -0.100947 -0.004517 0.830803
v -0.094180 -0.002670 0.834523
v -0.096322 -0.003174 0.829645
v -0.098514 -0.004401 0.825362
v -0.091529 -0.002482 0.828080
v -0.093899 -0.003643 0.823727
v -0.096460 -0.005387 0.819862
v -0.089186 -0.003607 0.821804
v -0.091930 -0.005282 0.817858
v -0.094871 -0.007434 0.814502
v -0.087373 -0.005943 0.815689
v -0.090496 -0.008026 0.812252
v -0.093807 -0.010464 0.809488
v -0.086159 -0.009400 0.809969
v -0.089653 -0.011769 0.807125
v -0.093309 -0.014361 0.805014
v -0.085592 -0.013845 0.804865
v -0.089431 -0.016368 0.802674
v -0.093397 -0.018974 0.801251
v -0.085692 -0.019108 0.800572
v -0.089841 -0.021645 0.799069
v -0.094068 -0.024127 0.798344
v -0.086457 -0.024987 0.797256
v -0.090866 -0.027399 0.796450
v -0.095294 -0.029620 0.796405
v -0.087856 -0.031255 0.795043
v -0.092467 -0.033407 0.794917
v -0.097030 -0.035244 0.795508
v -0.089836 -0.037671 0.794019
v -0.094582 -0.039439 0.794529
v -0.099208 -0.040783 0.795687
v -0.092321 -0.043990 0.794224
v -0.097130 -0.045264 0.795301
v -0.085225 -0.047090 0.794254
v -0.090252 -0.048752 0.794640
v -0.087420 -0.042280 0.793783
v -0.095216 -0.049967 0.795649
v -0.088365 -0.053576 0.795801
v -0.093455 -0.054744 0.796754
v -0.081457 -0.056711 0.797385
v -0.086644 -0.058312 0.797701
v -0.083243 -0.051951 0.795457
v -0.091829 -0.059443 0.798612
v -0.085060 -0.062812 0.800309
v -0.090310 -0.063919 0.801191
v -0.088860 -0.068035 0.804435
v -0.095484 -0.064466 0.802579
v -0.094099 -0.068557 0.805795
v -0.099188 -0.068450 0.807552
v -0.092713 -0.072180 0.809606
v -0.097866 -0.072048 0.811334
v -0.102800 -0.071245 0.813337
v -0.096469 -0.075085 0.815622
v -0.101467 -0.074257 0.817597
v -0.106181 -0.072741 0.819713
v -0.099985 -0.076641 0.822253
v -0.104763 -0.075100 0.824341
v -0.109201 -0.072881 0.826435
v -0.103125 -0.076787 0.829244
v -0.107627 -0.074544 0.831309
v -0.111743 -0.071661 0.833244
v -0.105769 -0.075518 0.836326
v -0.109949 -0.072610 0.838233
v -0.113711 -0.069126 0.839880
v -0.107815 -0.072882 0.843226
v -0.111641 -0.069374 0.844845
v -0.115028 -0.065375 0.846086
v -0.109185 -0.068981 0.849680
v -0.112636 -0.064958 0.850893
v -0.115643 -0.060551 0.851625
v -0.109825 -0.063965 0.855440
v -0.112897 -0.059534 0.856144
v -0.115534 -0.054841 0.856283
v -0.109712 -0.058026 0.860285
v -0.112414 -0.053308 0.860395
v -0.114705 -0.048462 0.859881
v -0.108849 -0.051392 0.864027
v -0.111205 -0.046522 0.863485
v -0.113187 -0.041661 0.862282
v -0.107270 -0.044320 0.866524
v -0.109317 -0.039434 0.865293
v -0.111038 -0.034699 0.863393
v -0.105036 -0.037079 0.867679
v -0.106811 -0.032344 0.865770
v -0.108074 -0.027879 0.863343
v -0.102301 -0.030258 0.867577
v -0.093785 -0.017661 0.863993
v -0.095945 -0.012060 0.858098
v -0.089902 -0.012252 0.859781
v -0.092087 -0.007691 0.853277
v -0.085924 -0.008039 0.854443
v -0.087124 -0.002237 0.837893
v -0.080203 -0.003210 0.840732
v -0.082263 -0.002298 0.835948
v -0.084365 -0.002052 0.830990
v -0.077297 -0.003127 0.833982
v -0.079431 -0.002856 0.828988
v -0.081823 -0.003272 0.824181
v -0.074653 -0.004397 0.826900
v -0.077109 -0.004789 0.822065
v -0.079855 -0.005807 0.817545
v -0.072607 -0.007033 0.819999
v -0.075418 -0.008026 0.815452
v -0.078538 -0.009558 0.811339
v -0.071238 -0.010934 0.813545
v -0.074423 -0.012441 0.809404
v -0.077923 -0.014382 0.805801
v -0.070597 -0.015950 0.807785
v -0.074162 -0.017866 0.804153
v -0.078032 -0.020093 0.801143
v -0.070710 -0.021889 0.802941
v -0.074645 -0.024091 0.799902
v -0.078861 -0.026471 0.797544
v -0.071573 -0.028523 0.799198
v -0.075854 -0.030878 0.796812
v -0.080379 -0.033272 0.795143
v -0.073152 -0.035595 0.796702
v -0.077742 -0.037965 0.795004
v -0.082528 -0.040234 0.794032
v -0.075387 -0.042836 0.795546
v -0.080237 -0.045081 0.794546
v -0.068686 -0.045375 0.798503
v -0.073308 -0.047733 0.796792
v -0.070765 -0.040478 0.797258
v -0.078191 -0.049966 0.795777
v -0.071490 -0.052505 0.798734
v -0.076373 -0.054738 0.797720
v -0.065381 -0.054612 0.803011
v -0.069906 -0.057006 0.801342
v -0.066901 -0.050135 0.800432
v -0.074757 -0.059251 0.800342
v -0.068521 -0.061098 0.804558
v -0.073307 -0.063367 0.803586
v -0.078359 -0.065352 0.803266
v -0.071985 -0.066965 0.807369
v -0.076973 -0.068974 0.807077
v -0.082160 -0.070575 0.807392
v -0.075640 -0.071987 0.811336
v -0.080762 -0.073612 0.811680
v -0.086012 -0.074719 0.812563
v -0.079344 -0.075972 0.816308
v -0.084530 -0.077103 0.817219
v -0.089769 -0.077625 0.818579
v -0.082956 -0.078766 0.822094
v -0.088131 -0.079312 0.823482
v -0.093284 -0.079181 0.825210
v -0.086337 -0.080262 0.828470
v -0.091427 -0.080155 0.830227
v -0.096425 -0.079327 0.832201
v -0.089357 -0.080402 0.835192
v -0.094291 -0.079599 0.837194
v -0.099069 -0.078058 0.839282
v -0.091899 -0.079182 0.842001
v -0.096613 -0.077665 0.844118
v -0.101115 -0.075422 0.846183
v -0.093867 -0.076647 0.848637
v -0.098304 -0.074429 0.850730
v -0.102484 -0.071521 0.852637
v -0.095184 -0.072896 0.854843
v -0.099300 -0.070013 0.856778
v -0.103125 -0.066504 0.858397
v -0.095799 -0.068073 0.860382
v -0.099561 -0.064588 0.862029
v -0.103012 -0.060565 0.863241
v -0.095690 -0.062362 0.865040
v -0.099077 -0.058363 0.866281
v -0.102149 -0.053932 0.866984
v -0.094861 -0.055983 0.868638
v -0.097868 -0.051577 0.869370
v -0.100570 -0.046859 0.869481
v -0.093343 -0.049182 0.871039
v -0.095980 -0.044489 0.871178
v -0.098335 -0.039619 0.870636
v -0.091194 -0.042220 0.872150
v -0.093517 -0.037383 0.871636
v -0.095757 -0.032739 0.870465
v -0.088764 -0.035199 0.871865
v -0.087076 -0.020352 0.866606
v -0.082341 -0.017216 0.864102
v -0.083165 -0.015080 0.862477
v -0.078594 -0.012805 0.859231
v -0.079336 -0.010879 0.857204
v -0.073659 -0.005691 0.843620
v -0.067814 -0.009556 0.846414
v -0.068969 -0.007337 0.841814
v -0.070597 -0.005667 0.836938
v -0.064521 -0.009573 0.839747
v -0.066095 -0.007910 0.834873
v -0.067953 -0.006936 0.829857
v -0.061979 -0.010794 0.832938
v -0.063773 -0.009844 0.827950
v -0.065907 -0.009572 0.822956
v -0.060011 -0.013328 0.826302
v -0.062081 -0.013081 0.821337
v -0.064537 -0.013473 0.816502
v -0.058695 -0.017079 0.820096
v -0.061086 -0.017496 0.815289
v -0.063897 -0.018490 0.810742
v -0.058079 -0.021903 0.814558
v -0.060825 -0.022921 0.810039
v -0.064010 -0.024429 0.805898
v -0.058188 -0.027614 0.809899
v -0.061308 -0.029146 0.805787
v -0.064873 -0.031062 0.802155
v -0.059017 -0.033992 0.806301
v -0.062517 -0.035933 0.802698
v -0.066452 -0.038135 0.799658
v -0.060535 -0.040793 0.803900
v -0.064406 -0.043020 0.800889
v -0.055631 -0.043469 0.809264
v -0.058910 -0.045493 0.805758
v -0.057131 -0.038817 0.807461
v -0.062684 -0.047756 0.802789
v -0.057611 -0.049885 0.808240
v -0.061260 -0.052196 0.805327
v -0.053662 -0.051682 0.814645
v -0.056603 -0.053834 0.811289
v -0.054488 -0.047802 0.811677
v -0.060096 -0.056203 0.808444
v -0.055841 -0.057220 0.814825
v -0.059151 -0.059658 0.812061
v -0.062991 -0.062181 0.809869
v -0.058378 -0.062459 0.816074
v -0.062034 -0.065051 0.813963
v -0.066183 -0.067588 0.812460
v -0.061176 -0.067198 0.818344
v -0.065142 -0.069805 0.816922
v -0.069551 -0.072217 0.816117
v -0.064128 -0.071255 0.821550
v -0.068354 -0.073737 0.820825
v -0.072965 -0.075889 0.820699
v -0.067120 -0.074474 0.825566
v -0.071548 -0.076696 0.825521
v -0.076294 -0.078464 0.826031
v -0.070038 -0.076731 0.830239
v -0.074601 -0.078569 0.830830
v -0.079410 -0.079843 0.831907
v -0.072769 -0.077940 0.835390
v -0.077395 -0.079283 0.836548
v -0.082193 -0.079972 0.838102
v -0.075208 -0.078053 0.840820
v -0.079823 -0.078812 0.842455
v -0.084536 -0.078848 0.844378
v -0.077262 -0.077068 0.846321
v -0.081792 -0.077173 0.848324
v -0.086349 -0.076512 0.850493
v -0.078851 -0.075020 0.851681
v -0.083226 -0.074429 0.853930
v -0.087563 -0.073055 0.856213
v -0.079915 -0.071990 0.856694
v -0.084069 -0.070685 0.859057
v -0.088130 -0.068609 0.861317
v -0.080413 -0.068094 0.861168
v -0.084291 -0.066087 0.863509
v -0.088030 -0.063346 0.865610
v -0.080325 -0.063480 0.864931
v -0.083881 -0.060809 0.867113
v -0.087265 -0.057468 0.868927
v -0.079655 -0.058328 0.867838
v -0.082856 -0.055056 0.869732
v -0.085866 -0.051200 0.871139
v -0.078428 -0.052834 0.869777
v -0.081255 -0.049047 0.871265
v -0.083886 -0.044783 0.872163
v -0.076692 -0.047210 0.870674
v -0.079146 -0.043005 0.871650
v -0.081542 -0.038226 0.871885
v -0.074520 -0.041661 0.870492
v -0.076723 -0.036950 0.870807
v -0.071996 -0.036392 0.869232
v -0.073739 -0.031593 0.868887
v -0.069160 -0.031694 0.866969
v -0.070336 -0.027200 0.866007
v -0.066190 -0.027664 0.863772
v -0.067169 -0.023323 0.862160
v -0.063228 -0.024433 0.859763
v -0.064392 -0.020153 0.857533
v -0.060360 -0.022148 0.855096
v -0.061401 -0.018196 0.852193
v -0.062349 -0.014734 0.848569
v -0.057597 -0.020948 0.849933
v -0.058359 -0.017562 0.846398
v -0.059304 -0.014696 0.842301
v -0.055146 -0.020838 0.844500
v -0.055920 -0.018037 0.840487
v -0.056961 -0.015821 0.836025
v -0.053093 -0.021824 0.838999
v -0.053951 -0.019677 0.834618
v -0.055148 -0.018156 0.829910
v -0.051503 -0.023871 0.833639
v -0.052517 -0.022421 0.829012
v -0.053934 -0.021614 0.824190
v -0.050440 -0.026902 0.828626
v -0.051674 -0.026164 0.823885
v -0.053367 -0.026059 0.819086
v -0.049942 -0.030798 0.824152
v -0.051452 -0.030763 0.819433
v -0.053467 -0.031322 0.814793
v -0.050030 -0.035411 0.820389
v -0.051862 -0.036040 0.815829
v -0.054232 -0.037201 0.811476
v -0.050700 -0.040564 0.817482
v -0.052887 -0.041794 0.813210
v -0.048558 -0.043952 0.824088
v -0.049949 -0.044749 0.819723
v -0.049077 -0.039856 0.821950
v -0.051927 -0.046058 0.815543
v -0.049565 -0.048461 0.822496
v -0.051310 -0.049858 0.818419
v -0.048636 -0.050586 0.829857
v -0.049498 -0.051583 0.825725
v -0.048429 -0.047568 0.826749
v -0.050989 -0.053076 0.821760
v -0.049695 -0.054016 0.829310
v -0.050912 -0.055613 0.825466
v -0.052777 -0.057621 0.821907
v -0.051023 -0.057393 0.829419
v -0.052614 -0.059505 0.825981
v -0.054859 -0.061921 0.822932
v -0.052570 -0.060588 0.830181
v -0.054541 -0.063108 0.827252
v -0.057155 -0.065811 0.824796
v -0.054277 -0.063478 0.831565
v -0.056617 -0.066285 0.829230
v -0.059578 -0.069140 0.827426
v -0.056077 -0.065952 0.833520
v -0.058764 -0.068912 0.831837
v -0.062034 -0.071782 0.830722
v -0.057902 -0.067915 0.835969
v -0.060898 -0.070889 0.834975
v -0.064429 -0.073634 0.834557
v -0.059681 -0.069292 0.838819
v -0.062938 -0.072141 0.838522
v -0.066670 -0.074626 0.838784
v -0.061346 -0.070029 0.841960
v -0.064805 -0.072618 0.842343
v -0.068672 -0.074719 0.843241
v -0.062834 -0.070098 0.845271
v -0.066427 -0.072303 0.846290
v -0.070357 -0.073910 0.847755
v -0.064086 -0.069497 0.848626
v -0.067742 -0.071208 0.850212
v -0.071661 -0.072230 0.852154
v -0.065055 -0.068248 0.851894
v -0.068700 -0.069374 0.853957
v -0.072534 -0.069743 0.856268
v -0.065704 -0.066400 0.854952
v -0.069264 -0.066873 0.857383
v -0.072943 -0.066545 0.859940
v -0.066008 -0.064024 0.857680
v -0.069412 -0.063800 0.860358
v -0.072870 -0.062759 0.863028
v -0.065954 -0.061211 0.859975
v -0.069138 -0.060274 0.862766
v -0.072320 -0.058531 0.865414
v -0.065545 -0.058069 0.861747
v -0.068453 -0.056430 0.864516
v -0.071314 -0.054022 0.867005
v -0.064797 -0.054719 0.862930
v -0.067384 -0.052415 0.865540
v -0.069890 -0.049407 0.867742
v -0.063739 -0.051289 0.863477
v -0.065971 -0.048385 0.865799
v -0.068102 -0.044862 0.867594
v -0.062411 -0.047912 0.863368
v -0.064268 -0.044493 0.865284
v -0.066020 -0.040562 0.866569
v -0.060863 -0.044717 0.862606
v -0.062341 -0.040890 0.864013
v -0.063723 -0.036672 0.864706
v -0.059157 -0.041827 0.861221
v -0.060265 -0.037713 0.862035
v -0.061301 -0.033343 0.862075
v -0.057357 -0.039353 0.859267
v -0.058118 -0.035086 0.859428
v -0.058845 -0.030701 0.858779
v -0.055532 -0.037390 0.856818
v -0.055984 -0.033109 0.856290
v -0.056450 -0.028849 0.854944
v -0.053753 -0.036013 0.853968
v -0.053945 -0.031857 0.852743
v -0.054209 -0.027857 0.850717
v -0.052087 -0.035276 0.850827
v -0.052078 -0.031380 0.848922
v -0.052207 -0.027764 0.846261
v -0.050600 -0.035207 0.847515
v -0.050455 -0.031695 0.844975
v -0.050522 -0.028573 0.841746
v -0.049347 -0.035808 0.844161
v -0.049140 -0.032790 0.841053
v -0.049217 -0.030253 0.837348
v -0.048378 -0.037057 0.840892
v -0.048182 -0.034624 0.837308
v -0.048344 -0.032740 0.833233
v -0.047729 -0.038905 0.837835
v -0.047618 -0.037125 0.833882
v -0.047936 -0.035938 0.829561
v -0.047426 -0.041281 0.835107
v -0.047470 -0.040198 0.830907
v -0.048008 -0.039724 0.826473
v -0.047480 -0.044094 0.832812
v -0.047744 -0.043724 0.828499
v -0.048450 -0.048336 0.839134
v -0.047914 -0.047496 0.835225
v -0.047726 -0.045067 0.836883
v -0.047888 -0.047236 0.831039
v -0.048702 -0.050277 0.838039
v -0.048386 -0.050144 0.834019
v -0.049688 -0.052293 0.840931
v -0.049437 -0.050881 0.841574
v -0.050654 -0.052726 0.844182
v -0.054678 -0.053755 0.852417
v -0.052733 -0.057477 0.844812
v -0.052276 -0.056849 0.844316
v -0.051842 -0.056116 0.843964
v -0.051450 -0.055304 0.843771
v -0.051113 -0.054447 0.843743
v -0.050844 -0.053576 0.843882
v -0.050550 -0.051928 0.844632
v -0.050537 -0.051214 0.845215
v -0.050614 -0.050611 0.845907
v -0.050778 -0.050142 0.846683
v -0.051024 -0.049825 0.847513
v -0.051342 -0.049672 0.848365
v -0.051720 -0.049690 0.849205
v -0.052143 -0.049877 0.850003
v -0.052594 -0.050226 0.850726
v -0.053058 -0.050725 0.851348
v -0.053515 -0.051353 0.851844
v -0.053948 -0.052086 0.852196
v -0.054341 -0.052898 0.852389
v -0.054946 -0.054626 0.852278
v -0.055136 -0.055476 0.851978
v -0.055240 -0.056274 0.851528
v -0.055254 -0.056988 0.850945
v -0.055177 -0.057591 0.850252
v -0.055012 -0.058060 0.849476
v -0.054766 -0.058377 0.848647
v -0.054448 -0.058530 0.847795
v -0.054070 -0.058512 0.846954
v -0.053648 -0.058325 0.846157
v -0.053196 -0.057976 0.845434
v -0.054888 -0.063051 0.841084
v -0.054271 -0.060864 0.843954
v -0.053487 -0.060137 0.842801
v -0.055987 -0.063902 0.842845
v -0.055021 -0.061324 0.845258
v -0.057015 -0.064357 0.844785
v -0.055707 -0.061499 0.846662
v -0.057934 -0.064400 0.846830
v -0.056303 -0.061384 0.848113
v -0.058708 -0.064028 0.848903
v -0.056786 -0.060981 0.849554
v -0.059307 -0.063257 0.850922
v -0.057138 -0.060307 0.850931
v -0.059707 -0.062116 0.852810
v -0.057346 -0.059388 0.852190
v -0.059895 -0.060648 0.854496
v -0.057400 -0.058259 0.853283
v -0.059862 -0.058910 0.855913
v -0.057299 -0.056963 0.854168
v -0.059609 -0.056969 0.857008
v -0.057048 -0.055550 0.854811
v -0.059147 -0.054900 0.857739
v -0.056655 -0.054075 0.855187
v -0.057673 -0.050695 0.858009
v -0.055509 -0.051163 0.855093
v -0.056135 -0.052593 0.855283
v -0.056717 -0.048721 0.857538
v -0.054801 -0.049839 0.854626
v -0.055663 -0.046936 0.856683
v -0.054038 -0.048672 0.853899
v -0.054551 -0.045408 0.855476
v -0.053249 -0.047706 0.852941
v -0.053424 -0.044195 0.853963
v -0.052465 -0.046979 0.851788
v -0.052325 -0.043345 0.852202
v -0.051716 -0.046519 0.850484
v -0.051296 -0.042890 0.850262
v -0.051029 -0.046344 0.849080
v -0.050377 -0.042847 0.848217
v -0.050433 -0.046460 0.847630
v -0.049603 -0.043218 0.846145
v -0.049950 -0.046862 0.846188
v -0.049005 -0.043989 0.844126
v -0.049598 -0.047536 0.844812
v -0.048604 -0.045131 0.842237
v -0.049390 -0.048455 0.843553
v -0.048417 -0.046599 0.840552
v -0.049336 -0.049585 0.842460
v -0.049818 -0.054465 0.836971
v -0.050601 -0.055250 0.840460
v -0.050082 -0.053769 0.840555
v -0.050639 -0.056552 0.837038
v -0.051227 -0.056680 0.840649
v -0.051594 -0.058525 0.837509
v -0.051935 -0.058005 0.841116
v -0.052648 -0.060311 0.838364
v -0.052698 -0.059172 0.841843
v -0.053760 -0.061839 0.839571
v -0.058493 -0.052781 0.858077
v -0.049164 -0.052347 0.837309
v -0.047827 -0.042951 0.838932
v -0.048216 -0.041228 0.841292
v -0.048876 -0.039965 0.843872
v -0.049782 -0.039210 0.846573
v -0.050899 -0.038993 0.849292
v -0.052185 -0.039322 0.851924
v -0.053590 -0.040184 0.854367
v -0.055060 -0.041546 0.856529
v -0.056539 -0.043356 0.858325
v -0.057969 -0.045544 0.859687
v -0.059296 -0.048026 0.860562
v -0.060469 -0.050706 0.860918
v -0.061442 -0.053483 0.860739
v -0.062179 -0.056248 0.860033
v -0.062651 -0.058896 0.858828
v -0.062839 -0.061325 0.857169
v -0.062738 -0.063442 0.855120
v -0.062349 -0.065164 0.852761
v -0.061689 -0.066427 0.850181
v -0.060783 -0.067182 0.847479
v -0.059666 -0.067399 0.844760
v -0.058380 -0.067070 0.842129
v -0.056975 -0.066208 0.839685
v -0.055505 -0.064846 0.837524
v -0.054026 -0.063036 0.835728
v -0.052596 -0.060848 0.834366
v -0.051269 -0.058366 0.833490
v -0.050096 -0.055686 0.833135
v -0.049123 -0.052909 0.833314
v -0.048729 -0.035368 0.825015
v -0.048917 -0.031457 0.828801
v -0.049634 -0.028273 0.833161
v -0.050854 -0.025940 0.837928
v -0.052528 -0.024546 0.842920
v -0.054593 -0.024145 0.847943
v -0.056969 -0.024752 0.852806
v -0.059565 -0.026345 0.857321
v -0.062281 -0.028862 0.861315
v -0.065013 -0.032206 0.864634
v -0.067656 -0.036248 0.867150
v -0.070108 -0.040834 0.868768
v -0.072275 -0.045788 0.869424
v -0.074074 -0.050917 0.869094
v -0.075435 -0.056027 0.867791
v -0.076307 -0.060920 0.865563
v -0.076655 -0.065408 0.862498
v -0.076467 -0.069319 0.858713
v -0.075750 -0.072502 0.854352
v -0.074530 -0.074836 0.849585
v -0.072856 -0.076230 0.844593
v -0.070791 -0.076631 0.839570
v -0.068415 -0.076023 0.834707
v -0.065819 -0.074431 0.830192
v -0.063103 -0.071914 0.826199
v -0.060371 -0.068570 0.822880
v -0.057728 -0.064527 0.820363
v -0.055276 -0.059941 0.818745
v -0.053109 -0.054988 0.818089
v -0.055992 -0.032424 0.810371
v -0.055537 -0.026560 0.814376
v -0.055783 -0.021450 0.819322
v -0.056720 -0.017291 0.825019
v -0.058313 -0.014242 0.831248
v -0.060501 -0.012420 0.837770
v -0.063245 -0.011878 0.844342
v -0.086331 -0.040135 0.872387
v -0.088652 -0.046877 0.871969
v -0.090431 -0.053553 0.870265
v -0.091570 -0.059946 0.867355
v -0.092025 -0.065810 0.863350
v -0.091779 -0.070920 0.858404
v -0.090841 -0.075079 0.852707
v -0.089248 -0.078128 0.846478
v -0.087061 -0.079949 0.839957
v -0.084363 -0.080473 0.833393
v -0.081258 -0.079679 0.827040
v -0.077866 -0.077598 0.821141
v -0.074317 -0.074310 0.815923
v -0.070748 -0.069941 0.811586
v -0.067295 -0.064659 0.808298
v -0.064091 -0.058667 0.806185
v -0.068839 -0.033252 0.799102
v -0.067607 -0.026333 0.802252
v -0.067114 -0.019985 0.806587
v -0.067380 -0.014454 0.811940
v -0.068395 -0.009952 0.818107
v -0.070119 -0.006652 0.824849
v -0.072487 -0.004681 0.831908
v -0.075385 -0.004102 0.838972
v -0.085292 -0.009595 0.856704
v -0.089195 -0.014076 0.861701
v -0.100435 -0.034762 0.869403
v -0.102958 -0.041976 0.868924
v -0.104883 -0.049202 0.867080
v -0.106115 -0.056122 0.863931
v -0.106608 -0.062469 0.859596
v -0.106342 -0.068000 0.854242
v -0.105327 -0.072502 0.848076
v -0.103603 -0.075802 0.841334
v -0.101235 -0.077774 0.834275
v -0.098315 -0.078341 0.827170
v -0.094955 -0.077481 0.820293
v -0.091283 -0.075229 0.813908
v -0.087442 -0.071670 0.808260
v -0.083578 -0.066941 0.803567
v -0.079841 -0.061224 0.800008
v -0.085070 -0.035578 0.794214
v -0.083291 -0.028902 0.795917
v -0.082152 -0.022509 0.798827
v -0.081697 -0.016645 0.802832
v -0.081943 -0.011535 0.807778
v -0.082881 -0.007375 0.813475
v -0.084474 -0.004326 0.819704
v -0.086661 -0.002505 0.826226
v -0.089332 -0.001991 0.832830
v -0.112418 -0.030248 0.860875
v -0.114813 -0.036962 0.860424
v -0.116591 -0.043638 0.858721
v -0.117730 -0.050030 0.855811
v -0.118185 -0.055895 0.851806
v -0.117939 -0.061004 0.846860
v -0.117002 -0.065164 0.841163
v -0.115409 -0.068213 0.834934
v -0.113221 -0.070034 0.828412
v -0.110523 -0.070558 0.821849
v -0.107419 -0.069764 0.815495
v -0.104027 -0.067683 0.809596
v -0.100478 -0.064395 0.804378
v -0.096908 -0.060026 0.800042
v -0.117005 -0.033733 0.808644
v -0.115753 -0.036911 0.806495
v -0.114426 -0.034429 0.805620
v -0.118059 -0.035519 0.809499
v -0.114565 -0.040628 0.804961
v -0.117183 -0.039098 0.807857
v -0.118921 -0.032616 0.811556
v -0.120207 -0.031102 0.814338
v -0.119684 -0.033783 0.812283
v -0.119171 -0.037047 0.810706
v -0.120473 -0.034748 0.813241
v -0.120664 -0.031730 0.814834
v -0.120298 -0.038259 0.812219
v -0.121257 -0.035475 0.814394
v -0.121128 -0.032228 0.815456
v -0.121397 -0.039110 0.813980
v -0.122007 -0.035935 0.815698
v -0.121579 -0.032577 0.816180
v -0.122426 -0.039565 0.815920
v -0.122693 -0.036110 0.817102
v -0.122002 -0.032765 0.816977
v -0.123345 -0.039608 0.817966
v -0.123289 -0.035995 0.818553
v -0.122380 -0.032782 0.817818
v -0.124119 -0.039236 0.820038
v -0.123772 -0.035592 0.819994
v -0.122698 -0.032630 0.818669
v -0.124717 -0.038465 0.822057
v -0.124124 -0.034918 0.821371
v -0.122944 -0.032313 0.819499
v -0.125118 -0.037324 0.823945
v -0.124332 -0.033999 0.822630
v -0.123108 -0.031843 0.820275
v -0.125305 -0.035856 0.825631
v -0.124386 -0.032870 0.823723
v -0.123185 -0.031240 0.820968
v -0.125272 -0.034118 0.827048
v -0.124285 -0.031574 0.824608
v -0.123172 -0.030526 0.821550
v -0.125020 -0.032177 0.828143
v -0.124034 -0.030161 0.825251
v -0.123068 -0.029728 0.822000
v -0.124558 -0.030108 0.828874
v -0.123641 -0.028686 0.825627
v -0.122878 -0.028878 0.822300
v -0.123904 -0.027989 0.829212
v -0.123121 -0.027204 0.825723
v -0.122610 -0.028007 0.822439
v -0.123084 -0.025903 0.829144
v -0.122495 -0.025774 0.825533
v -0.122272 -0.027150 0.822411
v -0.122128 -0.023929 0.828674
v -0.121787 -0.024450 0.825066
v -0.121880 -0.026339 0.822218
v -0.121074 -0.022144 0.827818
v -0.121024 -0.023283 0.824339
v -0.121446 -0.025605 0.821867
v -0.119962 -0.020616 0.826611
v -0.120235 -0.022317 0.823381
v -0.120989 -0.024977 0.821370
v -0.118834 -0.019403 0.825098
v -0.119451 -0.021590 0.822228
v -0.120526 -0.024479 0.820749
v -0.117735 -0.018553 0.823337
v -0.118701 -0.021130 0.820924
v -0.120074 -0.024129 0.820025
v -0.116707 -0.018098 0.821397
v -0.118015 -0.020955 0.819520
v -0.119652 -0.023942 0.819228
v -0.115788 -0.018055 0.819352
v -0.117419 -0.021071 0.818069
v -0.119274 -0.023925 0.818387
v -0.115014 -0.018426 0.817280
v -0.116936 -0.021473 0.816628
v -0.118956 -0.024077 0.817536
v -0.114415 -0.019197 0.815261
v -0.116584 -0.022147 0.815252
v -0.118710 -0.024394 0.816706
v -0.114015 -0.020339 0.813372
v -0.116376 -0.023066 0.813993
v -0.118545 -0.024863 0.815930
v -0.113827 -0.021807 0.811687
v -0.116322 -0.024196 0.812899
v -0.118468 -0.025467 0.815237
v -0.113860 -0.023544 0.810269
v -0.116423 -0.025492 0.812014
v -0.118482 -0.026181 0.814655
v -0.118586 -0.026978 0.814205
v -0.114113 -0.025485 0.809174
v -0.116674 -0.026904 0.811371
v -0.114575 -0.027555 0.808444
v -0.117067 -0.028380 0.810995
v -0.118776 -0.027829 0.813904
v -0.115229 -0.029673 0.808106
v -0.117587 -0.029861 0.810900
v -0.119044 -0.028700 0.813766
v -0.116049 -0.031760 0.808173
v -0.118213 -0.031291 0.811089
v -0.119382 -0.029557 0.813793
v -0.119774 -0.030368 0.813987
v -0.101447 -0.036667 0.796758
v -0.113253 -0.031748 0.805265
v -0.099648 -0.031537 0.797088
v -0.112280 -0.028972 0.805443
v -0.098287 -0.026427 0.798392
v -0.111543 -0.026206 0.806149
v -0.097415 -0.021534 0.800619
v -0.111071 -0.023558 0.807354
v -0.097067 -0.017046 0.803684
v -0.110883 -0.021129 0.809013
v -0.097255 -0.013135 0.807470
v -0.110984 -0.019013 0.811062
v -0.097973 -0.009952 0.811830
v -0.111373 -0.017290 0.813422
v -0.099192 -0.007618 0.816597
v -0.112033 -0.016027 0.816002
v -0.100866 -0.006224 0.821589
v -0.112939 -0.015273 0.818703
v -0.102931 -0.005823 0.826612
v -0.114056 -0.015056 0.821422
v -0.105307 -0.006431 0.831475
v -0.115342 -0.015384 0.824053
v -0.107903 -0.008024 0.835990
v -0.116747 -0.016246 0.826497
v -0.110620 -0.010541 0.839984
v -0.118217 -0.017608 0.828658
v -0.113352 -0.013884 0.843303
v -0.119696 -0.019418 0.830454
v -0.115994 -0.017927 0.845819
v -0.121126 -0.021606 0.831816
v -0.118446 -0.022513 0.847437
v -0.122453 -0.024088 0.832692
v -0.120613 -0.027466 0.848093
v -0.123626 -0.026769 0.833047
v -0.122412 -0.032596 0.847763
v -0.124599 -0.029545 0.832869
v -0.123773 -0.037706 0.846460
v -0.125336 -0.032310 0.832163
v -0.124645 -0.042599 0.844232
v -0.125808 -0.034958 0.830958
v -0.124994 -0.047087 0.841167
v -0.125996 -0.037387 0.829299
v -0.124805 -0.050998 0.837382
v -0.125895 -0.039504 0.827250
v -0.124088 -0.054181 0.833021
v -0.125506 -0.041227 0.824890
v -0.122868 -0.056515 0.828254
v -0.124846 -0.042490 0.822310
v -0.121194 -0.057909 0.823262
v -0.123940 -0.043244 0.819609
v -0.119129 -0.058310 0.818239
v -0.122823 -0.043461 0.816890
v -0.116753 -0.057702 0.813376
v -0.121537 -0.043132 0.814258
v -0.114157 -0.056109 0.808861
v -0.120132 -0.042270 0.811815
v -0.111441 -0.053593 0.804868
v -0.118662 -0.040908 0.809654
v -0.104759 -0.019220 0.860544
v -0.104343 -0.022375 0.862929
v -0.101734 -0.023307 0.864998
v -0.103347 -0.021189 0.862884
v -0.104433 -0.019017 0.860642
v -0.101517 -0.022918 0.864894
v -0.103778 -0.019864 0.861689
v -0.099896 -0.025734 0.866963
v -0.096706 -0.026222 0.868289
v -0.099310 -0.024712 0.866759
v -0.096502 -0.025819 0.868172
v -0.099899 -0.023318 0.865772
v -0.092427 -0.004322 0.846056
v -0.088472 -0.004015 0.846248
v -0.085976 -0.003895 0.846014
v -0.089179 -0.003847 0.845672
v -0.092523 -0.004244 0.845680
v -0.085780 -0.003779 0.845617
v -0.088915 -0.003491 0.844186
v -0.081948 -0.004873 0.847657
v -0.079693 -0.005245 0.847753
v -0.082633 -0.004300 0.846500
v -0.079475 -0.005131 0.847356
v -0.082171 -0.004038 0.845430
v -0.093979 -0.027977 0.869575
v -0.090399 -0.027603 0.870000
v -0.093555 -0.026894 0.869299
v -0.090218 -0.027200 0.869881
v -0.094266 -0.025790 0.868656
v -0.087218 -0.028866 0.870487
v -0.083653 -0.027220 0.869858
v -0.087008 -0.027381 0.870093
v -0.083763 -0.026851 0.869763
v -0.087732 -0.026847 0.869873
v -0.076313 -0.007395 0.850493
v -0.074676 -0.008178 0.851000
v -0.076879 -0.006481 0.849040
v -0.074445 -0.008075 0.850619
v -0.076253 -0.006281 0.848041
v -0.072419 -0.011170 0.854265
v -0.071757 -0.012156 0.855178
v -0.072840 -0.010040 0.852882
v -0.071417 -0.012243 0.854994
v -0.071789 -0.009982 0.851744
v -0.071073 -0.016902 0.859910
v -0.069816 -0.015381 0.857423
v -0.071158 -0.014428 0.857502
v -0.071433 -0.016614 0.859880
v -0.071684 -0.014775 0.858200
v -0.073241 -0.021304 0.864377
v -0.071112 -0.019784 0.862251
v -0.072062 -0.019006 0.862221
v -0.073615 -0.021020 0.864354
v -0.073297 -0.019254 0.862946
v -0.077071 -0.023284 0.866872
v -0.077981 -0.024629 0.867835
v -0.075389 -0.023078 0.866262
v -0.077606 -0.024899 0.867847
v -0.074419 -0.023832 0.866268
v -0.079439 -0.027160 0.869113
v -0.080645 -0.026040 0.869027
v -0.082408 -0.026285 0.869385
v -0.098212 -0.006464 0.848062
v -0.093788 -0.004748 0.846569
v -0.095542 -0.005186 0.846741
v -0.098574 -0.006479 0.847774
v -0.096694 -0.005194 0.845562
v -0.101730 -0.008179 0.848739
v -0.102940 -0.010047 0.851271
v -0.100800 -0.008113 0.849539
v -0.102580 -0.010042 0.851572
v -0.099141 -0.007428 0.849394
v -0.104760 -0.014479 0.856017
v -0.102917 -0.011408 0.853368
v -0.104127 -0.012186 0.853581
v -0.105107 -0.014475 0.855711
v -0.105037 -0.012227 0.852757
v -0.104521 -0.016086 0.857922
v -0.105029 -0.016798 0.858266
v -0.106317 -0.016973 0.857253
v -0.107795 -0.014637 0.853228
v -0.109740 -0.019849 0.856645
v -0.103644 -0.026181 0.865358
v -0.108568 -0.023517 0.860493
v -0.099427 -0.017703 0.862163
v -0.103282 -0.014865 0.857409
v -0.105139 -0.010238 0.849268
v -0.100689 -0.010175 0.852994
v -0.101327 -0.006721 0.845371
v -0.096389 -0.006429 0.849035
v -0.096994 -0.004247 0.841161
v -0.087304 -0.004524 0.847517
v -0.091799 -0.002992 0.840122
v -0.084738 -0.003041 0.842391
v -0.097927 -0.028820 0.868823
v -0.093219 -0.020033 0.865704
v -0.091321 -0.030852 0.870796
v -0.086496 -0.022604 0.867869
v -0.080838 -0.006017 0.849685
v -0.078154 -0.004619 0.844803
v -0.075366 -0.009048 0.852785
v -0.072415 -0.007711 0.847829
v -0.084170 -0.032765 0.871260
v -0.083508 -0.021977 0.867370
v -0.078975 -0.031509 0.870222
v -0.074732 -0.027169 0.867819
v -0.079475 -0.017161 0.863420
v -0.070942 -0.023199 0.864359
v -0.076096 -0.012904 0.858365
v -0.068264 -0.019252 0.859961
v -0.066229 -0.015908 0.854737
v -0.067401 -0.012240 0.850889
v -0.097032 -0.016578 0.862212
v -0.097774 -0.014652 0.860185
v -0.093257 -0.011255 0.858024
v -0.094051 -0.009742 0.855798
v -0.089293 -0.007105 0.852810
v -0.090468 -0.018918 0.865456
v -0.084281 -0.019766 0.866139
v -0.086547 -0.013524 0.861262
v -0.080447 -0.014898 0.861801
v -0.082607 -0.009297 0.855907
v -0.087254 -0.011700 0.859342
v -0.091130 -0.016741 0.863797
v -0.102540 -0.021234 0.863338
v -0.097910 -0.024409 0.867048
v -0.090939 -0.004150 0.846092
v -0.084388 -0.004334 0.846929
v -0.091823 -0.026379 0.869335
v -0.085257 -0.026884 0.869862
v -0.078304 -0.006254 0.849265
v -0.073664 -0.009628 0.852782
v -0.071663 -0.013134 0.856332
v -0.072398 -0.017564 0.861195
v -0.075406 -0.021835 0.865508
v -0.080266 -0.025279 0.868625
v -0.095938 -0.005582 0.847497
v -0.100808 -0.008827 0.850806
v -0.103814 -0.013147 0.855071
v -0.104533 -0.017900 0.859622
v -0.100871 -0.021129 0.863998
v -0.100220 -0.015643 0.859995
v -0.096881 -0.010563 0.855738
v -0.092808 -0.006570 0.850990
v -0.089820 -0.005944 0.850491
v -0.095414 -0.023857 0.867391
v -0.088933 -0.025654 0.869266
v -0.083136 -0.007691 0.853454
v -0.076889 -0.010845 0.856198
v -0.079848 -0.023747 0.867749
v -0.075563 -0.019699 0.864082
v -0.072956 -0.015311 0.859376
v -0.074007 -0.013087 0.857472
v -0.073273 -0.011118 0.854593
v -0.072498 -0.013131 0.856712
v -0.074829 -0.010952 0.855224
v -0.076643 -0.017353 0.862621
v -0.075133 -0.015187 0.860183
v -0.074138 -0.017485 0.861793
v -0.077718 -0.014992 0.860999
v -0.080513 -0.021771 0.866718
v -0.078437 -0.019550 0.864801
v -0.077618 -0.021745 0.866021
v -0.081418 -0.019521 0.865494
v -0.085513 -0.026100 0.869462
v -0.082904 -0.023978 0.868281
v -0.082593 -0.025487 0.868974
v -0.086002 -0.024628 0.868798
v -0.079970 -0.009144 0.854845
v -0.078011 -0.007431 0.851212
v -0.077498 -0.009045 0.853719
v -0.080441 -0.007498 0.852250
v -0.086441 -0.006691 0.851989
v -0.084044 -0.005144 0.848550
v -0.083565 -0.006313 0.850871
v -0.086865 -0.005495 0.849586
v -0.092204 -0.024804 0.868455
v -0.089902 -0.021300 0.866910
v -0.089423 -0.023640 0.868206
v -0.092735 -0.022547 0.867187
v -0.098238 -0.022517 0.865793
v -0.096373 -0.018847 0.864055
v -0.095860 -0.021362 0.865808
v -0.098789 -0.020090 0.864072
v -0.093355 -0.005754 0.848934
v -0.090703 -0.004512 0.846901
v -0.090257 -0.005104 0.848416
v -0.093624 -0.005124 0.847389
v -0.097864 -0.009310 0.853257
v -0.095775 -0.007363 0.851074
v -0.094925 -0.008470 0.853406
v -0.098630 -0.008202 0.850985
v -0.101154 -0.013948 0.857610
v -0.099658 -0.011506 0.855437
v -0.098625 -0.012999 0.857901
v -0.102110 -0.012462 0.855213
v -0.102944 -0.019493 0.861770
v -0.102252 -0.016644 0.859743
v -0.101430 -0.018780 0.861990
v -0.103718 -0.017480 0.859652
v -0.083896 -0.013162 0.860655
v -0.081953 -0.011068 0.858035
v -0.081243 -0.012911 0.859974
v -0.084601 -0.011335 0.858732
v -0.087751 -0.018165 0.865078
v -0.085825 -0.015522 0.862998
v -0.085078 -0.017604 0.864632
v -0.088475 -0.016077 0.863439
v -0.090607 -0.010618 0.857693
v -0.088655 -0.008528 0.855078
v -0.087956 -0.010063 0.857251
v -0.091327 -0.009089 0.855524
v -0.094452 -0.015625 0.862121
v -0.092536 -0.012979 0.860036
v -0.091831 -0.014805 0.861958
v -0.095162 -0.013782 0.860182
v -0.115458 -0.041923 0.805871
v -0.111200 -0.047525 0.802702
v -0.117279 -0.044152 0.808084
v -0.113651 -0.050525 0.805679
v -0.119090 -0.045830 0.810746
v -0.116088 -0.052783 0.809262
v -0.120821 -0.046892 0.813756
v -0.118417 -0.054212 0.813313
v -0.122405 -0.047297 0.816998
v -0.120549 -0.054757 0.817675
v -0.123781 -0.047030 0.820347
v -0.122401 -0.054398 0.822182
v -0.124897 -0.046100 0.823674
v -0.123904 -0.053147 0.826660
v -0.125710 -0.044545 0.826853
v -0.124998 -0.051053 0.830938
v -0.126189 -0.042423 0.829759
v -0.125641 -0.048197 0.834850
v -0.126314 -0.039815 0.832283
v -0.125810 -0.044689 0.838246
v -0.126082 -0.036823 0.834326
v -0.125498 -0.040662 0.840996
v -0.125501 -0.033561 0.835811
v -0.124716 -0.036272 0.842994
v -0.124593 -0.030155 0.836680
v -0.123494 -0.031688 0.844164
v -0.123394 -0.026735 0.836900
v -0.121880 -0.027086 0.844460
v -0.121949 -0.023433 0.836463
v -0.119936 -0.022642 0.843871
v -0.120315 -0.020376 0.835384
v -0.117736 -0.018527 0.842419
v -0.118553 -0.017681 0.833707
v -0.115365 -0.014900 0.840162
v -0.116731 -0.015452 0.831494
v -0.112914 -0.011900 0.837184
v -0.114921 -0.013774 0.828832
v -0.110477 -0.009643 0.833601
v -0.113190 -0.012712 0.825822
v -0.108148 -0.008214 0.829550
v -0.111606 -0.012307 0.822580
v -0.106016 -0.007668 0.825188
v -0.110229 -0.012574 0.819231
v -0.104164 -0.008028 0.820681
v -0.109113 -0.013503 0.815903
v -0.102662 -0.009279 0.816203
v -0.108300 -0.015059 0.812725
v -0.101568 -0.011372 0.811926
v -0.107822 -0.017181 0.809818
v -0.100924 -0.014228 0.808014
v -0.107697 -0.019789 0.807295
v -0.100755 -0.017737 0.804617
v -0.107929 -0.022781 0.805251
v -0.101068 -0.021764 0.801867
v -0.108510 -0.026043 0.803766
v -0.101850 -0.026154 0.799869
v -0.109417 -0.029449 0.802897
v -0.103071 -0.030738 0.798699
v -0.110617 -0.032869 0.802677
v -0.104685 -0.035340 0.798404
v -0.112061 -0.036171 0.803115
v -0.106629 -0.039784 0.798992
v -0.113696 -0.039228 0.804193
v -0.108829 -0.043898 0.800444
v -0.100437 -0.043453 0.796180
v -0.103118 -0.048466 0.797949
v -0.106007 -0.052885 0.800700
v -0.096782 -0.052755 0.796804
v -0.100078 -0.057798 0.799943
v -0.108994 -0.056541 0.804328
v -0.103486 -0.061968 0.804082
v -0.111963 -0.059292 0.808694
v -0.106873 -0.065107 0.809063
v -0.114801 -0.061033 0.813630
v -0.110111 -0.067094 0.814694
v -0.117399 -0.061698 0.818945
v -0.113075 -0.067851 0.820759
v -0.119656 -0.061259 0.824437
v -0.115650 -0.067351 0.827025
v -0.121486 -0.059735 0.829894
v -0.117738 -0.065613 0.833250
v -0.122819 -0.057184 0.835106
v -0.119259 -0.062702 0.839196
v -0.123604 -0.053704 0.839872
v -0.120154 -0.058732 0.844634
v -0.123809 -0.049429 0.844011
v -0.120389 -0.053854 0.849356
v -0.123429 -0.044522 0.847362
v -0.119954 -0.048256 0.853179
v -0.122476 -0.039174 0.849796
v -0.118867 -0.042154 0.855957
v -0.120987 -0.033588 0.851222
v -0.117169 -0.035781 0.857583
v -0.119020 -0.027979 0.851583
v -0.114894 -0.029372 0.858007
v -0.116621 -0.022553 0.850876
v -0.113948 -0.017536 0.849097
v -0.111109 -0.013129 0.846317
v -0.108128 -0.009480 0.842696
v -0.105123 -0.006736 0.838377
v -0.102273 -0.004991 0.833446
v -0.099690 -0.004320 0.828101
v -0.092856 -0.002397 0.831234
v -0.097433 -0.004758 0.822608
v -0.090297 -0.002889 0.824937
v -0.095603 -0.006282 0.817151
v -0.088209 -0.004628 0.818712
v -0.094270 -0.008833 0.811939
v -0.086688 -0.007538 0.812766
v -0.093486 -0.012313 0.807173
v -0.085793 -0.011509 0.807328
v -0.093280 -0.016589 0.803034
v -0.085558 -0.016387 0.802606
v -0.093661 -0.021495 0.799683
v -0.085993 -0.021984 0.798783
v -0.094614 -0.026844 0.797248
v -0.087080 -0.028087 0.796005
v -0.096102 -0.032430 0.795823
v -0.088778 -0.034460 0.794379
v -0.098068 -0.038038 0.795463
v -0.091021 -0.040858 0.793968
v -0.093724 -0.047036 0.794786
v -0.083814 -0.043692 0.793976
v -0.086747 -0.050395 0.794865
v -0.090065 -0.056602 0.797054
v -0.079774 -0.053403 0.796412
v -0.083225 -0.059857 0.798689
v -0.093642 -0.062073 0.800460
v -0.086944 -0.065547 0.802231
v -0.090789 -0.070253 0.806902
v -0.097339 -0.066598 0.804951
v -0.101015 -0.070004 0.810356
v -0.094612 -0.073795 0.812522
v -0.104528 -0.072160 0.816466
v -0.098266 -0.076037 0.818877
v -0.107744 -0.072982 0.823047
v -0.101610 -0.076892 0.825720
v -0.110538 -0.072439 0.829845
v -0.104516 -0.076328 0.832790
v -0.112804 -0.070553 0.836600
v -0.106872 -0.074366 0.839815
v -0.114454 -0.067395 0.843052
v -0.108589 -0.071082 0.846525
v -0.115425 -0.063086 0.848953
v -0.109598 -0.066601 0.852662
v -0.115680 -0.057794 0.854076
v -0.109863 -0.061097 0.857989
v -0.115208 -0.051720 0.858224
v -0.109373 -0.054780 0.862303
v -0.114029 -0.045098 0.861238
v -0.108146 -0.047894 0.865438
v -0.112186 -0.038183 0.863003
v -0.106230 -0.040703 0.867273
v -0.109719 -0.031246 0.863471
v -0.103707 -0.033522 0.867753
v -0.096108 -0.015113 0.861213
v -0.092295 -0.010138 0.856806
v -0.085790 -0.001957 0.834401
v -0.078783 -0.003015 0.837475
v -0.083028 -0.002494 0.827580
v -0.075906 -0.003587 0.830435
v -0.080762 -0.004381 0.820825
v -0.073550 -0.005549 0.823410
v -0.079112 -0.007539 0.814373
v -0.071834 -0.008833 0.816700
v -0.078141 -0.011847 0.808473
v -0.070824 -0.013314 0.810564
v -0.077886 -0.017139 0.803350
v -0.070559 -0.018818 0.805236
v -0.078358 -0.023213 0.799201
v -0.071050 -0.025134 0.800922
v -0.079537 -0.029835 0.796187
v -0.072276 -0.032021 0.797787
v -0.081380 -0.036750 0.794423
v -0.074192 -0.039212 0.795952
v -0.076724 -0.046432 0.795488
v -0.067492 -0.041752 0.798909
v -0.070023 -0.048972 0.798445
v -0.073073 -0.055943 0.799369
v -0.063970 -0.051214 0.802733
v -0.066903 -0.057917 0.803622
v -0.076524 -0.062397 0.801645
v -0.070221 -0.064123 0.805811
v -0.080244 -0.068087 0.805187
v -0.073798 -0.069594 0.809216
v -0.084089 -0.072793 0.809858
v -0.077495 -0.074119 0.813708
v -0.087912 -0.076335 0.815479
v -0.081171 -0.077525 0.819113
v -0.091565 -0.078576 0.821833
v -0.084684 -0.079681 0.825223
v -0.094909 -0.079432 0.828677
v -0.087900 -0.080503 0.831804
v -0.097816 -0.078867 0.835747
v -0.090694 -0.079960 0.838602
v -0.100172 -0.076905 0.842772
v -0.092960 -0.078074 0.845357
v -0.101888 -0.073621 0.849482
v -0.094610 -0.074916 0.851809
v -0.102898 -0.069141 0.855619
v -0.095581 -0.070608 0.857710
v -0.103163 -0.063637 0.860946
v -0.095836 -0.065315 0.862833
v -0.102672 -0.057320 0.865260
v -0.095364 -0.059241 0.866981
v -0.101446 -0.050434 0.868395
v -0.094185 -0.052620 0.869995
v -0.099530 -0.043242 0.870230
v -0.092342 -0.045705 0.871759
v -0.097026 -0.036054 0.870702
v -0.089941 -0.038741 0.872198
v -0.089446 -0.017424 0.864475
v -0.085575 -0.012395 0.860030
v -0.072102 -0.005547 0.840423
v -0.066013 -0.009453 0.843129
v -0.069206 -0.006127 0.833392
v -0.063184 -0.010015 0.836337
v -0.066850 -0.008089 0.826367
v -0.060918 -0.011902 0.829582
v -0.065133 -0.011373 0.819657
v -0.059268 -0.015060 0.823130
v -0.064124 -0.015853 0.813521
v -0.058297 -0.019368 0.817230
v -0.063859 -0.021357 0.808193
v -0.058042 -0.024661 0.812106
v -0.064349 -0.027674 0.803879
v -0.058514 -0.030735 0.807958
v -0.065576 -0.034560 0.800744
v -0.059693 -0.037356 0.804944
v -0.061536 -0.044271 0.803180
v -0.054855 -0.040301 0.810226
v -0.056553 -0.046674 0.808600
v -0.058796 -0.053072 0.808188
v -0.052735 -0.048867 0.814961
v -0.054701 -0.054475 0.814600
v -0.061499 -0.059249 0.809007
v -0.057070 -0.059890 0.815318
v -0.064557 -0.064969 0.811024
v -0.059751 -0.064903 0.817086
v -0.067853 -0.070011 0.814163
v -0.062640 -0.069323 0.819837
v -0.071261 -0.074182 0.818303
v -0.065626 -0.072978 0.823465
v -0.074649 -0.077321 0.823284
v -0.068596 -0.075729 0.827831
v -0.077886 -0.079307 0.828915
v -0.071434 -0.077471 0.832767
v -0.080850 -0.080065 0.834980
v -0.074031 -0.078135 0.838083
v -0.083425 -0.079565 0.841245
v -0.076289 -0.077696 0.843575
v -0.085514 -0.077826 0.847470
v -0.078119 -0.076173 0.849031
v -0.087034 -0.074916 0.853417
v -0.079452 -0.073621 0.854243
v -0.087929 -0.070946 0.858855
v -0.080236 -0.070141 0.859010
v -0.088164 -0.066068 0.863576
v -0.080442 -0.065866 0.863148
v -0.087729 -0.060470 0.867399
v -0.080061 -0.060960 0.866499
v -0.086642 -0.054368 0.870177
v -0.079108 -0.055611 0.868934
v -0.084944 -0.047995 0.871803
v -0.077620 -0.050025 0.870359
v -0.082719 -0.041567 0.872205
v -0.075654 -0.044415 0.870719
v -0.073301 -0.038972 0.869993
v -0.070608 -0.033963 0.868222
v -0.067682 -0.029588 0.865481
v -0.064701 -0.025940 0.861860
v -0.061784 -0.023162 0.857502
v -0.058953 -0.021410 0.852563
v -0.060680 -0.014592 0.845432
v -0.056325 -0.020756 0.847237
v -0.058072 -0.015103 0.839158
v -0.054066 -0.021195 0.841745
v -0.055984 -0.016842 0.832932
v -0.052236 -0.022719 0.836288
v -0.054463 -0.019752 0.826986
v -0.050903 -0.025270 0.831077
v -0.053568 -0.023723 0.821548
v -0.050118 -0.028750 0.826310
v -0.053333 -0.028601 0.816827
v -0.049913 -0.033026 0.822172
v -0.053768 -0.034198 0.813003
v -0.050294 -0.037932 0.818821
v -0.051246 -0.043281 0.816386
v -0.048225 -0.041793 0.825186
v -0.049007 -0.046182 0.823188
v -0.050228 -0.050766 0.822019
v -0.048221 -0.048893 0.830371
v -0.049129 -0.052299 0.829502
v -0.051842 -0.055369 0.821723
v -0.050328 -0.055719 0.829282
v -0.053786 -0.059813 0.822312
v -0.051773 -0.059021 0.829720
v -0.055986 -0.063927 0.823763
v -0.053407 -0.062079 0.830798
v -0.058357 -0.067554 0.826021
v -0.055169 -0.064774 0.832476
v -0.060808 -0.070554 0.828998
v -0.056991 -0.067003 0.834688
v -0.063245 -0.072812 0.832581
v -0.058801 -0.068681 0.837351
v -0.065574 -0.074241 0.836632
v -0.060532 -0.069743 0.840361
v -0.067706 -0.074786 0.840994
v -0.062116 -0.070148 0.843602
v -0.069558 -0.074426 0.845501
v -0.063493 -0.069880 0.846951
v -0.071060 -0.073176 0.849980
v -0.064609 -0.068951 0.850279
v -0.072154 -0.071082 0.854257
v -0.065422 -0.067395 0.853457
v -0.072798 -0.068226 0.858169
v -0.065900 -0.065273 0.856364
v -0.072967 -0.064717 0.861565
v -0.066026 -0.062666 0.858887
v -0.072654 -0.060691 0.864315
v -0.065793 -0.059674 0.860931
v -0.071872 -0.056301 0.866313
v -0.065212 -0.056412 0.862416
v -0.070651 -0.051717 0.867483
v -0.064305 -0.053006 0.863285
v -0.069037 -0.047114 0.867779
v -0.063105 -0.049586 0.863505
v -0.067093 -0.042671 0.867190
v -0.061661 -0.046284 0.863067
v -0.064893 -0.038556 0.865739
v -0.060026 -0.043226 0.861989
v -0.062522 -0.034929 0.863481
v -0.058264 -0.040531 0.860311
v -0.060071 -0.031929 0.860503
v -0.056443 -0.038302 0.858099
v -0.057634 -0.029671 0.856920
v -0.054632 -0.036624 0.855436
v -0.055305 -0.028242 0.852870
v -0.052902 -0.035562 0.852426
v -0.053173 -0.027697 0.848507
v -0.051317 -0.035157 0.849185
v -0.051321 -0.028057 0.844000
v -0.049941 -0.035425 0.845836
v -0.049819 -0.029308 0.839522
v -0.048825 -0.036354 0.842508
v -0.048725 -0.031401 0.835245
v -0.048012 -0.037910 0.839330
v -0.048081 -0.034257 0.831333
v -0.047534 -0.040032 0.836423
v -0.047912 -0.037766 0.827936
v -0.047408 -0.042639 0.833899
v -0.047640 -0.045631 0.831856
v -0.048402 -0.047433 0.839799
v -0.048545 -0.049282 0.838536
v -0.048905 -0.051299 0.837618
v -0.050485 -0.052975 0.843366
v -0.050315 -0.052022 0.843800
v -0.055184 -0.054177 0.852984
v -0.054834 -0.053178 0.853048
v -0.053047 -0.058267 0.844628
v -0.052515 -0.057616 0.843981
v -0.052000 -0.056828 0.843491
v -0.051522 -0.055935 0.843176
v -0.051100 -0.054970 0.843048
v -0.050750 -0.053971 0.843112
v -0.050247 -0.051148 0.844397
v -0.050284 -0.050386 0.845135
v -0.050423 -0.049766 0.845984
v -0.050661 -0.049311 0.846913
v -0.050987 -0.049039 0.847885
v -0.051389 -0.048961 0.848864
v -0.051852 -0.049080 0.849811
v -0.052358 -0.049390 0.850691
v -0.052887 -0.049880 0.851469
v -0.053419 -0.050532 0.852115
v -0.053934 -0.051319 0.852605
v -0.054412 -0.052213 0.852920
v -0.055450 -0.055172 0.852730
v -0.055619 -0.056125 0.852296
v -0.055687 -0.057000 0.851699
v -0.055651 -0.057762 0.850962
v -0.055511 -0.058382 0.850112
v -0.055273 -0.058836 0.849183
v -0.054947 -0.059108 0.848211
v -0.054545 -0.059186 0.847232
v -0.054082 -0.059068 0.846285
v -0.053576 -0.058757 0.845406
v -0.054326 -0.062494 0.840287
v -0.055445 -0.063532 0.841933
v -0.056515 -0.064188 0.843794
v -0.057494 -0.064438 0.845798
v -0.058345 -0.064273 0.847868
v -0.059035 -0.063699 0.849925
v -0.059538 -0.062737 0.851890
v -0.059834 -0.061425 0.853687
v -0.059911 -0.059813 0.855247
v -0.059768 -0.057964 0.856510
v -0.059408 -0.055947 0.857428
v -0.058847 -0.053841 0.857966
v -0.058106 -0.051727 0.858102
v -0.057213 -0.049686 0.857831
v -0.056202 -0.047796 0.857164
v -0.055113 -0.046130 0.856127
v -0.053987 -0.044751 0.854759
v -0.052868 -0.043714 0.853114
v -0.051798 -0.043058 0.851253
v -0.050819 -0.042807 0.849249
v -0.049968 -0.042973 0.847178
v -0.049278 -0.043547 0.845121
v -0.048775 -0.044509 0.843156
v -0.048479 -0.045821 0.841359
v -0.049466 -0.053405 0.837081
v -0.050207 -0.055519 0.836945
v -0.051100 -0.057560 0.837215
v -0.052111 -0.059450 0.837882
v -0.053200 -0.061116 0.838919
v -0.116509 -0.032769 0.808351
v -0.117520 -0.034659 0.809018
v -0.118609 -0.036325 0.810055
v -0.119788 -0.031135 0.813577
v -0.120303 -0.031923 0.814067
v -0.119735 -0.037703 0.811423
v -0.120835 -0.032574 0.814714
v -0.120854 -0.038740 0.813069
v -0.121364 -0.033065 0.815492
v -0.121924 -0.039397 0.814929
v -0.121870 -0.033375 0.816371
v -0.122903 -0.039647 0.816934
v -0.122333 -0.033493 0.817319
v -0.123754 -0.039482 0.819004
v -0.122735 -0.033415 0.818297
v -0.124445 -0.038907 0.821061
v -0.123061 -0.033143 0.819270
v -0.124947 -0.037946 0.823026
v -0.123299 -0.032689 0.820198
v -0.125243 -0.036634 0.824823
v -0.123438 -0.032069 0.821048
v -0.125320 -0.035022 0.826383
v -0.123475 -0.031307 0.821785
v -0.125177 -0.033172 0.827646
v -0.123407 -0.030433 0.822382
v -0.124818 -0.031156 0.828564
v -0.123237 -0.029479 0.822816
v -0.124256 -0.029050 0.829101
v -0.122972 -0.028484 0.823070
v -0.123515 -0.026936 0.829237
v -0.122622 -0.027485 0.823134
v -0.122622 -0.024894 0.828967
v -0.122200 -0.026520 0.823007
v -0.121611 -0.023004 0.828300
v -0.121722 -0.025626 0.822691
v -0.120522 -0.021338 0.827263
v -0.121207 -0.024839 0.822201
v -0.119396 -0.019960 0.825895
v -0.120675 -0.024187 0.821555
v -0.118277 -0.018923 0.824249
v -0.120146 -0.023697 0.820777
v -0.117207 -0.018266 0.822389
v -0.119640 -0.023387 0.819897
v -0.116228 -0.018016 0.820385
v -0.119177 -0.023268 0.818950
v -0.115377 -0.018181 0.818314
v -0.118775 -0.023346 0.817971
v -0.114687 -0.018756 0.816257
v -0.118449 -0.023618 0.816999
v -0.114184 -0.019717 0.814292
v -0.118211 -0.024073 0.816070
v -0.113888 -0.021029 0.812495
v -0.118071 -0.024693 0.815221
v -0.113811 -0.022641 0.810935
v -0.118035 -0.025455 0.814483
v -0.113954 -0.024491 0.809672
v -0.118103 -0.026329 0.813886
v -0.118272 -0.027282 0.813452
v -0.114314 -0.026507 0.808754
v -0.114875 -0.028613 0.808217
v -0.118538 -0.028278 0.813198
v -0.115616 -0.030727 0.808081
v -0.118888 -0.029277 0.813134
v -0.119310 -0.030242 0.813262
v -0.103530 -0.021397 0.862894
v -0.103277 -0.021024 0.862820
v -0.099433 -0.024932 0.866814
v -0.099206 -0.024488 0.866683
v -0.089284 -0.003897 0.845821
v -0.089135 -0.003778 0.845407
v -0.082766 -0.004366 0.846711
v -0.082526 -0.004238 0.846275
v -0.093655 -0.027122 0.869364
v -0.093429 -0.026678 0.869233
v -0.087043 -0.027646 0.870170
v -0.086908 -0.027229 0.870043
v -0.076989 -0.006556 0.849261
v -0.076748 -0.006428 0.848825
v -0.072915 -0.010102 0.853045
v -0.072648 -0.010026 0.852682
v -0.070918 -0.014575 0.857471
v -0.071296 -0.014316 0.857481
v -0.071857 -0.019168 0.862234
v -0.072260 -0.018843 0.862192
v -0.075605 -0.022937 0.866256
v -0.075179 -0.023234 0.866270
v -0.080454 -0.026247 0.869055
v -0.080795 -0.025943 0.869021
v -0.095396 -0.005181 0.846845
v -0.095724 -0.005173 0.846524
v -0.101002 -0.008122 0.849373
v -0.100591 -0.008105 0.849690
v -0.103936 -0.012199 0.853753
v -0.104324 -0.012188 0.853408
v -0.104896 -0.016809 0.858386
v -0.105260 -0.016845 0.858109
v -0.108688 -0.017098 0.855104
v -0.106075 -0.024741 0.863129
v -0.111490 -0.022937 0.857463
v -0.103850 -0.018726 0.860684
v -0.106627 -0.012348 0.851261
v -0.102758 -0.013613 0.856272
v -0.103360 -0.008349 0.847292
v -0.099695 -0.009132 0.851942
v -0.099108 -0.005373 0.843466
v -0.095019 -0.005715 0.848167
v -0.095461 -0.003318 0.837991
v -0.088195 -0.002857 0.841408
v -0.100930 -0.027562 0.867260
v -0.099578 -0.021873 0.864962
v -0.094699 -0.029924 0.870010
v -0.093805 -0.024382 0.867989
v -0.088116 -0.006265 0.851246
v -0.081376 -0.003628 0.843506
v -0.081540 -0.008375 0.854156
v -0.075145 -0.005990 0.846256
v -0.087833 -0.031655 0.871178
v -0.087193 -0.025915 0.869425
v -0.080398 -0.034721 0.871183
v -0.076921 -0.029138 0.869122
v -0.082425 -0.020731 0.866474
v -0.072715 -0.025201 0.866226
v -0.078579 -0.016058 0.862242
v -0.069448 -0.021202 0.862257
v -0.075429 -0.011915 0.856842
v -0.067341 -0.017413 0.857484
v -0.069954 -0.009771 0.849458
v -0.064369 -0.015102 0.851711
v -0.072656 -0.014191 0.858035
v -0.072355 -0.012133 0.855439
v -0.074244 -0.010066 0.853694
v -0.074770 -0.018580 0.862942
v -0.073486 -0.016432 0.860640
v -0.076873 -0.013935 0.859730
v -0.078648 -0.022751 0.866911
v -0.076555 -0.020766 0.865111
v -0.080429 -0.018323 0.864489
v -0.083914 -0.026282 0.869482
v -0.081209 -0.024659 0.868426
v -0.084717 -0.023284 0.868126
v -0.078411 -0.009944 0.855529
v -0.076666 -0.008173 0.851948
v -0.079350 -0.006690 0.850429
v -0.084775 -0.007149 0.852729
v -0.082446 -0.005516 0.849063
v -0.085615 -0.004781 0.847999
v -0.090629 -0.025264 0.868911
v -0.088216 -0.021945 0.867441
v -0.091576 -0.020659 0.866348
v -0.096901 -0.023209 0.866623
v -0.094811 -0.019432 0.864921
v -0.097921 -0.018267 0.863158
v -0.091573 -0.005797 0.849718
v -0.089035 -0.004460 0.847167
v -0.092291 -0.004577 0.846642
v -0.095923 -0.009484 0.854588
v -0.093907 -0.007479 0.852213
v -0.097596 -0.007294 0.850000
v -0.099459 -0.014275 0.858957
v -0.097773 -0.011749 0.856835
v -0.101481 -0.011318 0.854112
v -0.101984 -0.020310 0.862898
v -0.100861 -0.017166 0.861002
v -0.103572 -0.016183 0.858557
v -0.082205 -0.013962 0.861258
v -0.080283 -0.011876 0.858656
v -0.083620 -0.010293 0.857397
v -0.086044 -0.018927 0.865654
v -0.084122 -0.016309 0.863587
v -0.087513 -0.014767 0.862384
v -0.088931 -0.011123 0.858549
v -0.086971 -0.009023 0.855919
v -0.090347 -0.008062 0.854215
v -0.092797 -0.016154 0.862996
v -0.090868 -0.013495 0.860903
v -0.094212 -0.012485 0.859135
s 1
usemtl White
f 572 571 1
f 3 1731 572
f 1731 434 1361
f 571 1361 2
f 573 670 4
f 1 1732 573
f 1732 2 668
f 670 668 96
f 575 574 5
f 6 1733 575
f 1733 3 572
f 574 572 1
f 576 1513 7
f 5 1734 576
f 1734 1 573
f 1513 573 4
f 578 577 8
f 9 1735 578
f 1735 6 575
f 577 575 5
f 579 1511 10
f 8 1736 579
f 1736 5 576
f 1511 576 7
f 581 580 11
f 12 1737 581
f 1737 9 578
f 580 578 8
f 582 1509 13
f 11 1738 582
f 1738 8 579
f 1509 579 10
f 584 583 14
f 15 1739 584
f 1739 12 581
f 583 581 11
f 585 1507 16
f 14 1740 585
f 1740 11 582
f 1507 582 13
f 587 586 17
f 18 1741 587
f 1741 15 584
f 586 584 14
f 588 1505 19
f 17 1742 588
f 1742 14 585
f 1505 585 16
f 590 589 20
f 21 1743 590
f 1743 18 587
f 589 587 17
f 591 1503 22
f 20 1744 591
f 1744 17 588
f 1503 588 19
f 593 592 23
f 24 1745 593
f 1745 21 590
f 592 590 20
f 594 1501 25
f 23 1746 594
f 1746 20 591
f 1501 591 22
f 596 595 26
f 27 1747 596
f 1747 24 593
f 595 593 23
f 597 1499 28
f 26 1748 597
f 1748 23 594
f 1499 594 25
f 599 598 29
f 30 1749 599
f 1749 27 596
f 598 596 26
f 600 1497 31
f 29 1750 600
f 1750 26 597
f 1497 597 28
f 602 601 32
f 33 1751 602
f 1751 30 599
f 601 599 29
f 603 1495 34
f 32 1752 603
f 1752 29 600
f 1495 600 31
f 605 604 35
f 36 1753 605
f 1753 33 602
f 604 602 32
f 606 1493 37
f 35 1754 606
f 1754 32 603
f 1493 603 34
f 608 607 38
f 39 1755 608
f 1755 36 605
f 607 605 35
f 609 1491 40
f 38 1756 609
f 1756 35 606
f 1491 606 37
f 611 610 41
f 42 1757 611
f 1757 39 608
f 610 608 38
f 612 1489 43
f 41 1758 612
f 1758 38 609
f 1489 609 40
f 614 613 44
f 45 1759 614
f 1759 42 611
f 613 611 41
f 615 1487 46
f 44 1760 615
f 1760 41 612
f 1487 612 43
f 617 616 47
f 48 1761 617
f 1761 45 614
f 616 614 44
f 618 1485 49
f 47 1762 618
f 1762 44 615
f 1485 615 46
f 620 619 50
f 51 1763 620
f 1763 48 617
f 619 617 47
f 621 1483 52
f 50 1764 621
f 1764 47 618
f 1483 618 49
f 623 622 53
f 54 1765 623
f 1765 51 620
f 622 620 50
f 624 1481 55
f 53 1766 624
f 1766 50 621
f 1481 621 52
f 626 625 56
f 57 1767 626
f 1767 54 623
f 625 623 53
f 627 1479 58
f 56 1768 627
f 1768 53 624
f 1479 624 55
f 629 628 59
f 60 1769 629
f 1769 57 626
f 628 626 56
f 630 1477 61
f 59 1770 630
f 1770 56 627
f 1477 627 58
f 632 631 62
f 63 1771 632
f 1771 60 629
f 631 629 59
f 633 1475 64
f 62 1772 633
f 1772 59 630
f 1475 630 61
f 635 634 65
f 66 1773 635
f 1773 63 632
f 634 632 62
f 636 1473 67
f 65 1774 636
f 1774 62 633
f 1473 633 64
f 638 637 68
f 69 1775 638
f 1775 66 635
f 637 635 65
f 639 1471 70
f 68 1776 639
f 1776 65 636
f 1471 636 67
f 641 640 71
f 72 1777 641
f 1777 69 638
f 640 638 68
f 642 1469 73
f 71 1778 642
f 1778 68 639
f 1469 639 70
f 644 643 74
f 75 1779 644
f 1779 72 641
f 643 641 71
f 645 1467 76
f 74 1780 645
f 1780 71 642
f 1467 642 73
f 647 646 77
f 78 1781 647
f 1781 75 644
f 646 644 74
f 648 1465 79
f 77 1782 648
f 1782 74 645
f 1465 645 76
f 650 649 80
f 81 1783 650
f 1783 78 647
f 649 647 77
f 651 1463 82
f 80 1784 651
f 1784 77 648
f 1463 648 79
f 653 652 83
f 84 1785 653
f 1785 81 650
f 652 650 80
f 654 1461 85
f 83 1786 654
f 1786 80 651
f 1461 651 82
f 656 655 86
f 87 1787 656
f 1787 84 653
f 655 653 83
f 657 1459 88
f 86 1788 657
f 1788 83 654
f 1459 654 85
f 659 658 89
f 90 1789 659
f 1789 87 656
f 658 656 86
f 660 1457 91
f 89 1790 660
f 1790 86 657
f 1457 657 88
f 662 661 92
f 93 1791 662
f 1791 90 659
f 661 659 89
f 663 667 94
f 92 1792 663
f 1792 89 660
f 667 660 91
f 1361 664 2
f 434 1793 1361
f 1793 93 662
f 664 662 92
f 668 666 96
f 2 1794 668
f 1794 92 663
f 666 663 94
f 665 758 95
f 94 1795 665
f 1795 91 756
f 758 756 152
f 669 673 97
f 96 1796 669
f 1796 94 665
f 673 665 95
f 674 672 99
f 4 1797 674
f 1797 96 669
f 672 669 97
f 677 676 101
f 7 1800 677
f 1800 4 674
f 676 674 99
f 680 679 103
f 10 1802 680
f 1802 7 677
f 679 677 101
f 683 682 105
f 13 1804 683
f 1804 10 680
f 682 680 103
f 686 685 107
f 16 1806 686
f 1806 13 683
f 685 683 105
f 689 688 109
f 19 1808 689
f 1808 16 686
f 688 686 107
f 692 691 111
f 22 1810 692
f 1810 19 689
f 691 689 109
f 695 694 113
f 25 1812 695
f 1812 22 692
f 694 692 111
f 698 697 115
f 28 1814 698
f 1814 25 695
f 697 695 113
f 701 700 117
f 31 1816 701
f 1816 28 698
f 700 698 115
f 704 703 119
f 34 1818 704
f 1818 31 701
f 703 701 117
f 707 706 121
f 37 1820 707
f 1820 34 704
f 706 704 119
f 710 709 123
f 40 1822 710
f 1822 37 707
f 709 707 121
f 713 712 125
f 43 1824 713
f 1489 710 1824
f 1824 123 712
f 716 715 127
f 46 1826 716
f 1487 713 1826
f 1826 125 715
f 128 1827 717
f 718 1485 1827
f 1485 716 1827
f 1827 127 717
f 129 1828 719
f 720 1483 1828
f 1828 49 718
f 719 718 128
f 722 721 130
f 55 1829 722
f 1481 720 1829
f 1829 129 721
f 131 1830 723
f 724 1479 1830
f 1479 722 1830
f 1830 130 723
f 132 1831 725
f 726 1477 1831
f 1831 58 724
f 725 724 131
f 134 1832 728
f 729 1475 1832
f 1832 61 726
f 728 726 132
f 732 731 136
f 67 1834 732
f 1834 64 729
f 731 729 134
f 735 734 138
f 70 1836 735
f 1836 67 732
f 734 732 136
f 738 737 140
f 73 1838 738
f 1838 70 735
f 737 735 138
f 741 740 142
f 76 1840 741
f 1840 73 738
f 740 738 140
f 744 743 144
f 79 1842 744
f 1842 76 741
f 743 741 142
f 747 746 146
f 82 1844 747
f 1844 79 744
f 746 744 144
f 750 749 148
f 85 1846 750
f 1846 82 747
f 749 747 146
f 753 752 150
f 88 1848 753
f 1848 85 750
f 752 750 148
f 756 755 152
f 91 1850 756
f 1850 88 753
f 755 753 150
f 570 1886 1727
f 1730 1628 1886
f 1886 188 1627
f 1727 1627 515
f 569 1887 1723
f 518 1887 1726
f 1630 1629 1887
f 1723 1629 517
f 1722 1719 568
f 526 1942 1722
f 1638 1632 1942
f 1942 520 1719
f 1718 1715 567
f 525 1943 1718
f 1637 1634 1943
f 1943 522 1715
f 274 1964 1034
f 941 943 1964
f 943 1032 1964
f 1964 336 1034
f 276 1965 1285
f 945 942 1965
f 942 941 1965
f 1965 274 1285
f 278 1967 1284
f 948 946 1967
f 946 945 1967
f 1967 276 1284
f 280 1969 1283
f 951 949 1969
f 949 948 1969
f 1969 278 1283
f 282 1971 1282
f 954 952 1971
f 952 951 1971
f 1971 280 1282
f 284 1973 1281
f 957 955 1973
f 955 954 1973
f 1973 282 1281
f 286 1975 1280
f 960 958 1975
f 958 957 1975
f 1975 284 1280
f 288 1977 1279
f 963 961 1977
f 961 960 1977
f 1977 286 1279
f 290 1979 1278
f 966 964 1979
f 964 963 1979
f 1979 288 1278
f 292 1981 1277
f 969 967 1981
f 967 966 1981
f 1981 290 1277
f 294 1983 1276
f 972 970 1983
f 970 969 1983
f 1983 292 1276
f 296 1985 1275
f 975 973 1985
f 973 972 1985
f 1985 294 1275
f 298 1987 1274
f 978 976 1987
f 976 975 1987
f 1987 296 1274
f 300 1989 1273
f 981 979 1989
f 979 978 1989
f 1989 298 1273
f 302 1991 1272
f 984 982 1991
f 982 981 1991
f 1991 300 1272
f 304 1993 1271
f 987 985 1993
f 985 984 1993
f 1993 302 1271
f 306 1995 1270
f 990 988 1995
f 988 987 1995
f 1995 304 1270
f 308 1997 1269
f 993 991 1997
f 1997 305 990
f 1269 990 306
f 310 1998 1268
f 995 994 1998
f 1998 307 993
f 1268 993 308
f 997 1267 312
f 311 1999 997
f 1999 309 995
f 1267 995 310
f 999 1266 314
f 313 2000 999
f 998 997 2000
f 2000 312 1266
f 316 2001 1265
f 1001 1000 2001
f 2001 313 999
f 1265 999 314
f 1003 1264 318
f 317 2002 1003
f 2002 315 1001
f 1264 1001 316
f 1006 1263 320
f 319 2003 1006
f 1004 1003 2003
f 2003 318 1263
f 1009 1262 322
f 321 2005 1009
f 1007 1006 2005
f 2005 320 1262
f 324 2007 1261
f 1012 1010 2007
f 1010 1009 2007
f 2007 322 1261
f 326 2009 1260
f 1015 1013 2009
f 1013 1012 2009
f 2009 324 1260
f 328 2011 1259
f 1018 1016 2011
f 1016 1015 2011
f 2011 326 1259
f 330 2013 1258
f 1021 1019 2013
f 1019 1018 2013
f 2013 328 1258
f 332 2015 1257
f 1024 1022 2015
f 1022 1021 2015
f 2015 330 1257
f 334 2017 1031
f 1027 1025 2017
f 1025 1024 2017
f 2017 332 1031
f 336 2018 1030
f 1032 1028 2018
f 1028 1027 2018
f 2018 334 1030
f 335 2019 1127
f 1029 1031 2019
f 1031 1125 2019
f 2019 397 1127
f 337 2020 1037
f 1033 1030 2020
f 1030 1029 2020
f 2020 335 1037
f 339 2021 1036
f 1038 1034 2021
f 1034 1033 2021
f 2021 337 1036
f 338 2022 1133
f 1035 1037 2022
f 1037 1131 2022
f 2022 400 1133
f 340 2023 1256
f 1039 1036 2023
f 1036 1035 2023
f 2023 338 1256
f 341 2024 1040
f 1041 1285 2024
f 1285 1038 2024
f 2024 339 1040
f 342 2025 1255
f 1042 1040 2025
f 1040 1039 2025
f 2025 340 1255
f 343 2026 1043
f 1044 1284 2026
f 1284 1041 2026
f 2026 341 1043
f 344 2027 1254
f 1045 1043 2027
f 1043 1042 2027
f 2027 342 1254
f 345 2028 1046
f 1047 1283 2028
f 1283 1044 2028
f 2028 343 1046
f 346 2029 1253
f 1048 1046 2029
f 1046 1045 2029
f 2029 344 1253
f 347 2030 1049
f 1050 1282 2030
f 1282 1047 2030
f 2030 345 1049
f 348 2031 1252
f 1051 1049 2031
f 1049 1048 2031
f 2031 346 1252
f 349 2032 1052
f 1053 1281 2032
f 1281 1050 2032
f 2032 347 1052
f 350 2033 1251
f 1054 1052 2033
f 1052 1051 2033
f 2033 348 1251
f 351 2034 1055
f 1056 1280 2034
f 1280 1053 2034
f 2034 349 1055
f 352 2035 1250
f 1057 1055 2035
f 1055 1054 2035
f 2035 350 1250
f 353 2036 1058
f 1059 1279 2036
f 1279 1056 2036
f 2036 351 1058
f 354 2037 1249
f 1060 1058 2037
f 1058 1057 2037
f 2037 352 1249
f 355 2038 1061
f 1062 1278 2038
f 1278 1059 2038
f 2038 353 1061
f 356 2039 1248
f 1063 1061 2039
f 1061 1060 2039
f 2039 354 1248
f 357 2040 1064
f 1065 1277 2040
f 1277 1062 2040
f 2040 355 1064
f 358 2041 1247
f 1066 1064 2041
f 1064 1063 2041
f 2041 356 1247
f 359 2042 1067
f 1068 1276 2042
f 1276 1065 2042
f 2042 357 1067
f 360 2043 1246
f 1069 1067 2043
f 1067 1066 2043
f 2043 358 1246
f 361 2044 1070
f 1071 1275 2044
f 1275 1068 2044
f 2044 359 1070
f 362 2045 1245
f 1072 1070 2045
f 1070 1069 2045
f 2045 360 1245
f 363 2046 1073
f 1074 1274 2046
f 1274 1071 2046
f 2046 361 1073
f 364 2047 1244
f 1075 1073 2047
f 1073 1072 2047
f 2047 362 1244
f 365 2048 1076
f 1077 1273 2048
f 1273 1074 2048
f 2048 363 1076
f 366 2049 1243
f 1078 1076 2049
f 1076 1075 2049
f 2049 364 1243
f 367 2050 1079
f 1080 1272 2050
f 1272 1077 2050
f 2050 365 1079
f 368 2051 1242
f 1081 1079 2051
f 1079 1078 2051
f 2051 366 1242
f 369 2052 1082
f 1083 1271 2052
f 1271 1080 2052
f 2052 367 1082
f 370 2053 1241
f 1084 1082 2053
f 1082 1081 2053
f 2053 368 1241
f 371 2054 1085
f 1086 1270 2054
f 1270 1083 2054
f 2054 369 1085
f 372 2055 1240
f 1087 1085 2055
f 1085 1084 2055
f 2055 370 1240
f 373 2056 1088
f 1089 1269 2056
f 1269 1086 2056
f 2056 371 1088
f 374 2057 1239
f 1090 1088 2057
f 1088 1087 2057
f 2057 372 1239
f 375 2058 1091
f 1092 1268 2058
f 1268 1089 2058
f 2058 373 1091
f 376 2059 1238
f 1093 1091 2059
f 1091 1090 2059
f 2059 374 1238
f 377 2060 1094
f 1095 1267 2060
f 1267 1092 2060
f 2060 375 1094
f 378 2061 1237
f 1096 1094 2061
f 1094 1093 2061
f 2061 376 1237
f 379 2062 1097
f 1098 1266 2062
f 1266 1095 2062
f 2062 377 1097
f 380 2063 1236
f 1099 1097 2063
f 1097 1096 2063
f 2063 378 1236
f 381 2064 1100
f 1101 1265 2064
f 1265 1098 2064
f 2064 379 1100
f 382 2065 1235
f 1102 1100 2065
f 1100 1099 2065
f 2065 380 1235
f 383 2066 1103
f 1104 1264 2066
f 1264 1101 2066
f 2066 381 1103
f 384 2067 1234
f 1105 1103 2067
f 1103 1102 2067
f 2067 382 1234
f 385 2068 1106
f 1107 1263 2068
f 1263 1104 2068
f 2068 383 1106
f 386 2069 1233
f 1108 1106 2069
f 1106 1105 2069
f 2069 384 1233
f 387 2070 1109
f 1110 1262 2070
f 1262 1107 2070
f 2070 385 1109
f 388 2071 1232
f 1111 1109 2071
f 1109 1108 2071
f 2071 386 1232
f 389 2072 1112
f 1113 1261 2072
f 1261 1110 2072
f 2072 387 1112
f 390 2073 1231
f 1114 1112 2073
f 1112 1111 2073
f 2073 388 1231
f 391 2074 1115
f 1116 1260 2074
f 1260 1113 2074
f 2074 389 1115
f 392 2075 1230
f 1117 1115 2075
f 1115 1114 2075
f 2075 390 1230
f 393 2076 1118
f 1119 1259 2076
f 1259 1116 2076
f 2076 391 1118
f 394 2077 1229
f 1120 1118 2077
f 1118 1117 2077
f 2077 392 1229
f 395 2078 1121
f 1122 1258 2078
f 1258 1119 2078
f 2078 393 1121
f 396 2079 1228
f 1123 1121 2079
f 1121 1120 2079
f 2079 394 1228
f 397 2080 1124
f 1125 1257 2080
f 1257 1122 2080
f 2080 395 1124
f 398 2081 1130
f 1126 1124 2081
f 1124 1123 2081
f 2081 396 1130
f 400 2082 1129
f 1131 1127 2082
f 1127 1126 2082
f 2082 398 1129
f 1128 1215 399
f 398 2083 1128
f 2083 396 1214
f 1215 1214 410
f 1132 1135 401
f 400 2084 1132
f 2084 398 1128
f 1135 1128 399
f 1227 1134 402
f 338 2085 1227
f 2085 400 1132
f 1134 1132 401
f 1143 1136 403
f 402 2086 1143
f 401 2086 1134
f 1136 1144 403
f 401 2087 1136
f 399 2087 1135
f 1137 1157 403
f 404 2088 1137
f 422 2088 1190
f 1156 1137 403
f 421 2089 1156
f 404 2089 1193
f 1167 1138 403
f 432 2090 1167
f 405 2090 1170
f 1138 1139 403
f 405 2091 1138
f 406 2091 1224
f 1139 1140 403
f 406 2092 1139
f 407 2092 1222
f 1140 1141 403
f 407 2093 1140
f 408 2093 1220
f 1141 1142 403
f 408 2094 1141
f 409 2094 1217
f 1142 1143 403
f 409 2095 1142
f 402 2095 1218
f 1144 1145 403
f 399 2096 1144
f 410 2096 1215
f 1145 1146 403
f 410 2097 1145
f 411 2097 1213
f 1146 1147 403
f 411 2098 1146
f 412 2098 1211
f 1147 1148 403
f 412 2099 1147
f 413 2099 1209
f 1148 1149 403
f 413 2100 1148
f 414 2100 1207
f 1149 1150 403
f 414 2101 1149
f 415 2101 1205
f 1150 1151 403
f 415 2102 1150
f 416 2102 1203
f 1151 1152 403
f 416 2103 1151
f 417 2103 1201
f 1152 1153 403
f 417 2104 1152
f 418 2104 1199
f 1153 1154 403
f 418 2105 1153
f 419 2105 1197
f 1154 1155 403
f 419 2106 1154
f 420 2106 1195
f 1155 1156 403
f 420 2107 1155
f 421 2107 1192
f 1157 1158 403
f 422 2108 1157
f 423 2108 1188
f 1158 1159 403
f 423 2109 1158
f 424 2109 1186
f 1159 1160 403
f 424 2110 1159
f 425 2110 1184
f 1160 1161 403
f 425 2111 1160
f 426 2111 1182
f 1161 1162 403
f 426 2112 1161
f 427 2112 1180
f 1162 1163 403
f 427 2113 1162
f 428 2113 1178
f 1163 1164 403
f 428 2114 1163
f 429 2114 1176
f 1164 1165 403
f 429 2115 1164
f 430 2115 1174
f 1165 1166 403
f 430 2116 1165
f 431 2116 1172
f 1166 1167 403
f 431 2117 1166
f 432 2117 1169
f 1168 1170 432
f 350 2118 1168
f 2118 348 1225
f 1170 1225 405
f 1171 1169 431
f 352 2119 1171
f 2119 350 1168
f 1169 1168 432
f 1173 1172 430
f 354 2120 1173
f 2120 352 1171
f 1172 1171 431
f 1175 1174 429
f 356 2121 1175
f 2121 354 1173
f 1174 1173 430
f 1177 1176 428
f 358 2122 1177
f 2122 356 1175
f 1176 1175 429
f 1179 1178 427
f 360 2123 1179
f 2123 358 1177
f 1178 1177 428
f 1181 1180 426
f 362 2124 1181
f 2124 360 1179
f 1180 1179 427
f 1183 1182 425
f 364 2125 1183
f 2125 362 1181
f 1182 1181 426
f 1185 1184 424
f 366 2126 1185
f 2126 364 1183
f 1184 1183 425
f 1187 1186 423
f 368 2127 1187
f 2127 366 1185
f 1186 1185 424
f 1189 1188 422
f 370 2128 1189
f 2128 368 1187
f 1188 1187 423
f 1226 1190 404
f 372 2129 1226
f 2129 370 1189
f 1190 1189 422
f 1191 1193 421
f 374 2130 1191
f 2130 372 1226
f 1193 1226 404
f 1194 1192 420
f 376 2131 1194
f 2131 374 1191
f 1192 1191 421
f 1196 1195 419
f 378 2132 1196
f 2132 376 1194
f 1195 1194 420
f 1198 1197 418
f 380 2133 1198
f 2133 378 1196
f 1197 1196 419
f 1200 1199 417
f 382 2134 1200
f 2134 380 1198
f 1199 1198 418
f 1202 1201 416
f 384 2135 1202
f 2135 382 1200
f 1201 1200 417
f 1204 1203 415
f 386 2136 1204
f 2136 384 1202
f 1203 1202 416
f 1206 1205 414
f 388 2137 1206
f 2137 386 1204
f 1205 1204 415
f 1208 1207 413
f 390 2138 1208
f 2138 388 1206
f 1207 1206 414
f 1210 1209 412
f 392 2139 1210
f 2139 390 1208
f 1209 1208 413
f 1212 1211 411
f 394 2140 1212
f 2140 392 1210
f 1211 1210 412
f 1214 1213 410
f 396 2141 1214
f 2141 394 1212
f 1213 1212 411
f 1216 1218 409
f 340 2142 1216
f 2142 338 1227
f 1218 1227 402
f 1219 1217 408
f 342 2143 1219
f 2143 340 1216
f 1217 1216 409
f 1221 1220 407
f 344 2144 1221
f 2144 342 1219
f 1220 1219 408
f 1223 1222 406
f 346 2145 1223
f 2145 344 1221
f 1222 1221 407
f 1225 1224 405
f 348 2146 1225
f 2146 346 1223
f 1224 1223 406
f 93 2147 1359
f 1357 1454 2147
f 1454 1453 2147
f 2147 90 1359
f 434 2148 1358
f 1360 1363 2148
f 1363 1357 2148
f 2148 93 1358
f 3 2149 1362
f 1366 1365 2149
f 1365 1360 2149
f 2149 434 1362
f 435 2150 1363
f 1456 1364 436
f 433 2150 1456
f 437 2151 1365
f 1364 1368 436
f 435 2151 1364
f 6 2152 1514
f 1369 1367 2152
f 1367 1366 2152
f 2152 3 1514
f 438 2153 1367
f 1368 1371 436
f 437 2153 1368
f 9 2154 1512
f 1372 1370 2154
f 1370 1369 2154
f 2154 6 1512
f 439 2155 1370
f 1371 1374 436
f 438 2155 1371
f 12 2156 1510
f 1375 1373 2156
f 1373 1372 2156
f 2156 9 1510
f 440 2157 1373
f 1374 1377 436
f 439 2157 1374
f 15 2158 1508
f 1378 1376 2158
f 1376 1375 2158
f 2158 12 1508
f 441 2159 1376
f 1377 1380 436
f 440 2159 1377
f 18 2160 1506
f 1381 1379 2160
f 1379 1378 2160
f 2160 15 1506
f 442 2161 1379
f 1380 1383 436
f 441 2161 1380
f 21 2162 1504
f 1384 1382 2162
f 1382 1381 2162
f 2162 18 1504
f 443 2163 1382
f 1383 1386 436
f 442 2163 1383
f 24 2164 1502
f 1387 1385 2164
f 1385 1384 2164
f 2164 21 1502
f 444 2165 1385
f 1386 1389 436
f 443 2165 1386
f 27 2166 1500
f 1390 1388 2166
f 1388 1387 2166
f 2166 24 1500
f 445 2167 1388
f 1389 1392 436
f 444 2167 1389
f 30 2168 1498
f 1393 1391 2168
f 1391 1390 2168
f 2168 27 1498
f 446 2169 1391
f 1392 1395 436
f 445 2169 1392
f 33 2170 1496
f 1396 1394 2170
f 1394 1393 2170
f 2170 30 1496
f 447 2171 1394
f 1395 1398 436
f 446 2171 1395
f 36 2172 1494
f 1399 1397 2172
f 1397 1396 2172
f 2172 33 1494
f 448 2173 1397
f 1398 1401 436
f 447 2173 1398
f 39 2174 1492
f 1402 1400 2174
f 1400 1399 2174
f 2174 36 1492
f 449 2175 1400
f 1401 1404 436
f 448 2175 1401
f 42 2176 1490
f 1405 1403 2176
f 1403 1402 2176
f 2176 39 1490
f 450 2177 1403
f 1404 1407 436
f 449 2177 1404
f 45 2178 1488
f 1408 1406 2178
f 1406 1405 2178
f 2178 42 1488
f 451 2179 1406
f 1407 1410 436
f 450 2179 1407
f 48 2180 1486
f 1411 1409 2180
f 1409 1408 2180
f 2180 45 1486
f 452 2181 1409
f 1410 1413 436
f 451 2181 1410
f 51 2182 1484
f 1414 1412 2182
f 1412 1411 2182
f 2182 48 1484
f 453 2183 1412
f 1413 1416 436
f 452 2183 1413
f 54 2184 1482
f 1417 1415 2184
f 1415 1414 2184
f 2184 51 1482
f 454 2185 1415
f 1416 1419 436
f 453 2185 1416
f 57 2186 1480
f 1420 1418 2186
f 1418 1417 2186
f 2186 54 1480
f 455 2187 1418
f 1419 1422 436
f 454 2187 1419
f 60 2188 1478
f 1423 1421 2188
f 1421 1420 2188
f 2188 57 1478
f 456 2189 1421
f 1422 1425 436
f 455 2189 1422
f 63 2190 1476
f 1426 1424 2190
f 1424 1423 2190
f 2190 60 1476
f 457 2191 1424
f 1425 1428 436
f 456 2191 1425
f 66 2192 1474
f 1429 1427 2192
f 1427 1426 2192
f 2192 63 1474
f 458 2193 1427
f 1428 1431 436
f 457 2193 1428
f 69 2194 1472
f 1432 1430 2194
f 1430 1429 2194
f 2194 66 1472
f 459 2195 1430
f 1431 1434 436
f 458 2195 1431
f 72 2196 1470
f 1435 1433 2196
f 1433 1432 2196
f 2196 69 1470
f 460 2197 1433
f 1434 1437 436
f 459 2197 1434
f 75 2198 1468
f 1438 1436 2198
f 1436 1435 2198
f 2198 72 1468
f 461 2199 1436
f 1437 1440 436
f 460 2199 1437
f 78 2200 1466
f 1441 1439 2200
f 1439 1438 2200
f 2200 75 1466
f 462 2201 1439
f 1440 1443 436
f 461 2201 1440
f 81 2202 1464
f 1445 1442 2202
f 1442 1441 2202
f 2202 78 1464
f 463 2203 1442
f 1443 1444 436
f 462 2203 1443
f 464 2204 1446
f 1444 1449 436
f 463 2204 1444
f 84 2205 1462
f 1447 1446 2205
f 1446 1445 2205
f 2205 81 1462
f 87 2206 1460
f 1450 1448 2206
f 1448 1447 2206
f 2206 84 1460
f 465 2207 1448
f 1449 1452 436
f 464 2207 1449
f 90 2208 1458
f 1453 1451 2208
f 1451 1450 2208
f 2208 87 1458
f 466 2209 1451
f 1452 1455 436
f 465 2209 1452
f 433 2210 1454
f 1455 1456 436
f 466 2210 1455
f 469 2212 1519
f 1520 1518 484
f 1639 1520 483
f 527 2212 1639
f 1519 1521 467
f 484 2214 1520
f 1525 1524 487
f 1640 1525 486
f 528 2214 1640
f 1520 1526 483
f 1641 1527 479
f 529 2215 1641
f 1529 1528 488
f 1530 1529 490
f 481 2215 1530
f 1642 1529 488
f 530 2217 1642
f 1535 1534 491
f 1536 1535 493
f 490 2217 1536
f 1541 1525 487
f 496 2220 1541
f 1643 1542 495
f 531 2220 1643
f 1525 1543 486
f 1546 1542 496
f 499 2222 1546
f 1644 1547 498
f 532 2222 1644
f 1542 1548 495
f 1645 1535 491
f 533 2223 1645
f 1550 1549 509
f 511 2223 1550
f 1535 1551 493
f 1646 1550 509
f 534 2225 1646
f 1555 1554 512
f 514 2225 1555
f 1550 1556 511
f 1561 1562 508
f 514 2228 1561
f 1647 1555 512
f 535 2228 1647
f 1562 1563 506
f 1566 1567 505
f 508 2230 1566
f 1648 1562 506
f 536 2230 1648
f 1567 1568 503
f 1649 1567 503
f 537 2231 1649
f 1570 1569 500
f 502 2231 1570
f 1567 1571 505
f 499 2234 1547
f 1570 1575 502
f 1650 1570 500
f 538 2234 1650
f 1547 1576 498
f 1651 1577 477
f 539 2235 1651
f 1527 1578 479
f 481 2235 1527
f 1577 1579 478
f 478 2238 1577
f 1585 1584 475
f 1652 1585 474
f 540 2238 1652
f 1577 1586 477
f 1653 1587 471
f 541 2239 1653
f 1585 1588 474
f 1589 1585 475
f 472 2239 1589
f 1654 1519 467
f 542 2241 1654
f 1587 1592 471
f 1593 1587 472
f 469 2241 1593
f 566 2246 1711
f 1714 1654 2246
f 2246 467 1521
f 1711 1521 527
f 565 2248 1707
f 1710 1653 2248
f 2248 471 1600
f 1707 1600 544
f 1706 1703 564
f 540 2250 1706
f 2250 474 1602
f 2250 545 1703
f 1702 1699 563
f 539 2252 1702
f 1651 1604 2252
f 2252 546 1699
f 562 2256 1695
f 1698 1655 2256
f 2256 483 1526
f 1695 1526 528
f 1694 1691 561
f 548 2258 1694
f 2258 486 1543
f 2258 531 1691
f 1690 1687 560
f 547 2259 1690
f 1659 1631 2259
f 2259 519 1687
f 559 2261 1683
f 1686 1662 2261
f 2261 193 1636
f 1683 1636 524
f 1682 1679 558
f 549 2264 1682
f 1661 1548 2264
f 2264 532 1679
f 1678 1675 557
f 521 2267 1678
f 1633 1618 2267
f 2267 552 1675
f 556 2269 1671
f 1674 1635 2269
f 2269 251 1621
f 1671 1621 553
f 555 2271 1667
f 1670 1663 2271
f 2271 252 1623
f 1667 1623 554
f 535 2275 1563
f 1669 1667 2275
f 2275 554 1666
f 1563 1666 506
f 512 2276 1647
f 1554 1668 2276
f 2276 555 1669
f 1647 1669 535
f 534 2277 1668
f 1646 1615 2277
f 2277 551 1670
f 1668 1670 555
f 536 2278 1568
f 1673 1671 2278
f 2278 553 1665
f 2278 503 1568
f 506 2279 1648
f 1666 1672 2279
f 2279 556 1673
f 1648 1673 536
f 554 2280 1672
f 1623 906 2280
f 2280 523 1674
f 1672 1674 556
f 1677 1569 537
f 557 2281 1677
f 1675 1664 2281
f 2281 500 1569
f 503 2282 1649
f 553 2282 1665
f 1676 1677 2282
f 2282 537 1649
f 1621 1676 553
f 251 2283 1621
f 904 1678 2283
f 2283 557 1676
f 1681 1576 538
f 558 2284 1681
f 1679 1644 2284
f 2284 498 1576
f 1664 1650 500
f 552 2285 1664
f 1680 1681 2285
f 2285 538 1650
f 1618 1680 552
f 250 2286 1618
f 1612 1682 2286
f 2286 558 1680
f 551 2287 1663
f 1685 1683 2287
f 2287 524 907
f 1663 907 252
f 509 2288 1615
f 1549 1684 2288
f 2288 559 1685
f 1615 1685 551
f 533 2289 1684
f 491 2289 1645
f 2289 550 1686
f 1684 1686 559
f 1689 1662 550
f 560 2290 1689
f 1687 816 2290
f 2290 193 1662
f 491 2291 1613
f 530 2291 1534
f 1688 1689 2291
f 2291 550 1613
f 1642 1688 530
f 488 2292 1642
f 1606 1690 2292
f 2292 560 1688
f 1693 1661 549
f 561 2293 1693
f 1691 1643 2293
f 2293 495 1661
f 903 1612 250
f 520 2294 903
f 1692 1693 2294
f 2294 549 1612
f 1632 1692 520
f 189 2295 1632
f 1610 1694 2295
f 2295 561 1692
f 548 2296 1660
f 1697 1695 2296
f 2296 528 1640
f 2296 486 1660
f 189 2297 1610
f 812 1696 2297
f 2297 562 1697
f 1610 1697 548
f 515 2298 1696
f 1627 1599 2298
f 2298 543 1698
f 1696 1698 562
f 1701 1659 547
f 563 2299 1701
f 1699 1658 2299
f 2299 192 1659
f 1528 1606 488
f 529 2300 1528
f 1700 1701 2300
f 2300 547 1606
f 1641 1700 529
f 479 2301 1641
f 1578 1702 2301
f 2301 563 1700
f 1705 1630 518
f 564 2302 1705
f 1703 1657 2302
f 2302 190 1630
f 1658 815 192
f 546 2303 1658
f 1704 1705 2303
f 2303 518 815
f 1604 1704 546
f 477 2304 1604
f 1586 1706 2304
f 2304 564 1704
f 516 2305 1628
f 1709 1707 2305
f 2305 544 1656
f 1628 1656 188
f 190 2306 813
f 1657 1708 2306
f 2306 565 1709
f 813 1709 516
f 545 2307 1708
f 474 2307 1602
f 2307 541 1710
f 1708 1710 565
f 543 2308 1655
f 1713 1711 2308
f 2308 527 1639
f 1655 1639 483
f 188 2309 1599
f 1656 1712 2309
f 2309 566 1713
f 1599 1713 543
f 544 2310 1712
f 1600 1592 2310
f 2310 542 1714
f 1712 1714 566
f 523 2311 1635
f 567 2311 1717
f 1715 905 2311
f 1635 905 251
f 252 2312 906
f 907 1716 2312
f 2312 567 1717
f 906 1717 523
f 524 2313 1716
f 1636 1317 2313
f 2313 525 1718
f 1716 1718 567
f 1721 1633 521
f 568 2314 1721
f 1719 903 2314
f 2314 250 1633
f 905 904 251
f 905 1720 2315
f 2315 568 1721
f 2315 521 904
f 522 2316 1720
f 1634 1318 2316
f 2316 526 1722
f 1720 1722 568
f 525 2317 1637
f 1725 1723 2317
f 2317 517 814
f 1637 814 191
f 816 1317 193
f 519 2318 816
f 1724 1725 2318
f 2318 525 1317
f 1631 1724 519
f 192 2319 1631
f 815 1726 2319
f 2319 569 1724
f 526 2320 1638
f 1729 1727 2320
f 2320 515 812
f 1638 812 189
f 814 1318 191
f 517 2321 814
f 1728 1729 2321
f 2321 526 1318
f 1629 1728 517
f 1629 813 2322
f 2322 516 1730
f 2322 570 1728
f 572 1731 571
f 3 1362 1731
f 1731 1362 434
f 571 1731 1361
f 573 1732 670
f 1 571 1732
f 1732 571 2
f 670 1732 668
f 575 1733 574
f 6 1514 1733
f 1733 1514 3
f 574 1733 572
f 576 1734 1513
f 5 574 1734
f 1734 574 1
f 1513 1734 573
f 578 1735 577
f 9 1512 1735
f 1735 1512 6
f 577 1735 575
f 579 1736 1511
f 8 577 1736
f 1736 577 5
f 1511 1736 576
f 581 1737 580
f 12 1510 1737
f 1737 1510 9
f 580 1737 578
f 582 1738 1509
f 11 580 1738
f 1738 580 8
f 1509 1738 579
f 584 1739 583
f 15 1508 1739
f 1739 1508 12
f 583 1739 581
f 585 1740 1507
f 14 583 1740
f 1740 583 11
f 1507 1740 582
f 587 1741 586
f 18 1506 1741
f 1741 1506 15
f 586 1741 584
f 588 1742 1505
f 17 586 1742
f 1742 586 14
f 1505 1742 585
f 590 1743 589
f 21 1504 1743
f 1743 1504 18
f 589 1743 587
f 591 1744 1503
f 20 589 1744
f 1744 589 17
f 1503 1744 588
f 593 1745 592
f 24 1502 1745
f 1745 1502 21
f 592 1745 590
f 594 1746 1501
f 23 592 1746
f 1746 592 20
f 1501 1746 591
f 596 1747 595
f 27 1500 1747
f 1747 1500 24
f 595 1747 593
f 597 1748 1499
f 26 595 1748
f 1748 595 23
f 1499 1748 594
f 599 1749 598
f 30 1498 1749
f 1749 1498 27
f 598 1749 596
f 600 1750 1497
f 29 598 1750
f 1750 598 26
f 1497 1750 597
f 602 1751 601
f 33 1496 1751
f 1751 1496 30
f 601 1751 599
f 603 1752 1495
f 32 601 1752
f 1752 601 29
f 1495 1752 600
f 605 1753 604
f 36 1494 1753
f 1753 1494 33
f 604 1753 602
f 606 1754 1493
f 35 604 1754
f 1754 604 32
f 1493 1754 603
f 608 1755 607
f 39 1492 1755
f 1755 1492 36
f 607 1755 605
f 609 1756 1491
f 38 607 1756
f 1756 607 35
f 1491 1756 606
f 611 1757 610
f 42 1490 1757
f 1757 1490 39
f 610 1757 608
f 612 1758 1489
f 41 610 1758
f 1758 610 38
f 1489 1758 609
f 614 1759 613
f 45 1488 1759
f 1759 1488 42
f 613 1759 611
f 615 1760 1487
f 44 613 1760
f 1760 613 41
f 1487 1760 612
f 617 1761 616
f 48 1486 1761
f 1761 1486 45
f 616 1761 614
f 618 1762 1485
f 47 616 1762
f 1762 616 44
f 1485 1762 615
f 620 1763 619
f 51 1484 1763
f 1763 1484 48
f 619 1763 617
f 621 1764 1483
f 50 619 1764
f 1764 619 47
f 1483 1764 618
f 623 1765 622
f 54 1482 1765
f 1765 1482 51
f 622 1765 620
f 624 1766 1481
f 53 622 1766
f 1766 622 50
f 1481 1766 621
f 626 1767 625
f 57 1480 1767
f 1767 1480 54
f 625 1767 623
f 627 1768 1479
f 56 625 1768
f 1768 625 53
f 1479 1768 624
f 629 1769 628
f 60 1478 1769
f 1769 1478 57
f 628 1769 626
f 630 1770 1477
f 59 628 1770
f 1770 628 56
f 1477 1770 627
f 632 1771 631
f 63 1476 1771
f 1771 1476 60
f 631 1771 629
f 633 1772 1475
f 62 631 1772
f 1772 631 59
f 1475 1772 630
f 635 1773 634
f 66 1474 1773
f 1773 1474 63
f 634 1773 632
f 636 1774 1473
f 65 634 1774
f 1774 634 62
f 1473 1774 633
f 638 1775 637
f 69 1472 1775
f 1775 1472 66
f 637 1775 635
f 639 1776 1471
f 68 637 1776
f 1776 637 65
f 1471 1776 636
f 641 1777 640
f 72 1470 1777
f 1777 1470 69
f 640 1777 638
f 642 1778 1469
f 71 640 1778
f 1778 640 68
f 1469 1778 639
f 644 1779 643
f 75 1468 1779
f 1779 1468 72
f 643 1779 641
f 645 1780 1467
f 74 643 1780
f 1780 643 71
f 1467 1780 642
f 647 1781 646
f 78 1466 1781
f 1781 1466 75
f 646 1781 644
f 648 1782 1465
f 77 646 1782
f 1782 646 74
f 1465 1782 645
f 650 1783 649
f 81 1464 1783
f 1783 1464 78
f 649 1783 647
f 651 1784 1463
f 80 649 1784
f 1784 649 77
f 1463 1784 648
f 653 1785 652
f 84 1462 1785
f 1785 1462 81
f 652 1785 650
f 654 1786 1461
f 83 652 1786
f 1786 652 80
f 1461 1786 651
f 656 1787 655
f 87 1460 1787
f 1787 1460 84
f 655 1787 653
f 657 1788 1459
f 86 655 1788
f 1788 655 83
f 1459 1788 654
f 659 1789 658
f 90 1458 1789
f 1789 1458 87
f 658 1789 656
f 660 1790 1457
f 89 658 1790
f 1790 658 86
f 1457 1790 657
f 662 1791 661
f 93 1359 1791
f 1791 1359 90
f 661 1791 659
f 663 1792 667
f 92 661 1792
f 1792 661 89
f 667 1792 660
f 1361 1793 664
f 434 1358 1793
f 1793 1358 93
f 664 1793 662
f 668 1794 666
f 2 664 1794
f 1794 664 92
f 666 1794 663
f 665 1795 758
f 94 667 1795
f 1795 667 91
f 758 1795 756
f 669 1796 673
f 96 666 1796
f 1796 666 94
f 673 1796 665
f 674 1797 672
f 4 670 1797
f 1797 670 96
f 672 1797 669
f 677 1800 676
f 7 1513 1800
f 1800 1513 4
f 676 1800 674
f 680 1802 679
f 10 1511 1802
f 1802 1511 7
f 679 1802 677
f 683 1804 682
f 13 1509 1804
f 1804 1509 10
f 682 1804 680
f 686 1806 685
f 16 1507 1806
f 1806 1507 13
f 685 1806 683
f 689 1808 688
f 19 1505 1808
f 1808 1505 16
f 688 1808 686
f 692 1810 691
f 22 1503 1810
f 1810 1503 19
f 691 1810 689
f 695 1812 694
f 25 1501 1812
f 1812 1501 22
f 694 1812 692
f 698 1814 697
f 28 1499 1814
f 1814 1499 25
f 697 1814 695
f 701 1816 700
f 31 1497 1816
f 1816 1497 28
f 700 1816 698
f 704 1818 703
f 34 1495 1818
f 1818 1495 31
f 703 1818 701
f 707 1820 706
f 37 1493 1820
f 1820 1493 34
f 706 1820 704
f 710 1822 709
f 40 1491 1822
f 1822 1491 37
f 709 1822 707
f 713 1824 712
f 43 1489 1824
f 1489 40 710
f 1824 710 123
f 716 1826 715
f 46 1487 1826
f 1487 43 713
f 1826 713 125
f 128 718 1827
f 718 49 1485
f 1485 46 716
f 1827 716 127
f 129 720 1828
f 720 52 1483
f 1828 1483 49
f 719 1828 718
f 722 1829 721
f 55 1481 1829
f 1481 52 720
f 1829 720 129
f 131 724 1830
f 724 58 1479
f 1479 55 722
f 1830 722 130
f 132 726 1831
f 726 61 1477
f 1831 1477 58
f 725 1831 724
f 134 729 1832
f 729 64 1475
f 1832 1475 61
f 728 1832 726
f 732 1834 731
f 67 1473 1834
f 1834 1473 64
f 731 1834 729
f 735 1836 734
f 70 1471 1836
f 1836 1471 67
f 734 1836 732
f 738 1838 737
f 73 1469 1838
f 1838 1469 70
f 737 1838 735
f 741 1840 740
f 76 1467 1840
f 1840 1467 73
f 740 1840 738
f 744 1842 743
f 79 1465 1842
f 1842 1465 76
f 743 1842 741
f 747 1844 746
f 82 1463 1844
f 1844 1463 79
f 746 1844 744
f 750 1846 749
f 85 1461 1846
f 1846 1461 82
f 749 1846 747
f 753 1848 752
f 88 1459 1848
f 1848 1459 85
f 752 1848 750
f 756 1850 755
f 91 1457 1850
f 1850 1457 88
f 755 1850 753
f 570 1730 1886
f 1730 516 1628
f 1886 1628 188
f 1727 1886 1627
f 569 1726 1887
f 518 1630 1887
f 1630 190 1629
f 1723 1887 1629
f 1722 1942 1719
f 526 1638 1942
f 1638 189 1632
f 1942 1632 520
f 1718 1943 1715
f 525 1637 1943
f 1637 191 1634
f 1943 1634 522
f 274 941 1964
f 941 273 943
f 943 271 1032
f 1964 1032 336
f 276 945 1965
f 945 275 942
f 942 273 941
f 1965 941 274
f 278 948 1967
f 948 277 946
f 946 275 945
f 1967 945 276
f 280 951 1969
f 951 279 949
f 949 277 948
f 1969 948 278
f 282 954 1971
f 954 281 952
f 952 279 951
f 1971 951 280
f 284 957 1973
f 957 283 955
f 955 281 954
f 1973 954 282
f 286 960 1975
f 960 285 958
f 958 283 957
f 1975 957 284
f 288 963 1977
f 963 287 961
f 961 285 960
f 1977 960 286
f 290 966 1979
f 966 289 964
f 964 287 963
f 1979 963 288
f 292 969 1981
f 969 291 967
f 967 289 966
f 1981 966 290
f 294 972 1983
f 972 293 970
f 970 291 969
f 1983 969 292
f 296 975 1985
f 975 295 973
f 973 293 972
f 1985 972 294
f 298 978 1987
f 978 297 976
f 976 295 975
f 1987 975 296
f 300 981 1989
f 981 299 979
f 979 297 978
f 1989 978 298
f 302 984 1991
f 984 301 982
f 982 299 981
f 1991 981 300
f 304 987 1993
f 987 303 985
f 985 301 984
f 1993 984 302
f 306 990 1995
f 990 305 988
f 988 303 987
f 1995 987 304
f 308 993 1997
f 993 307 991
f 1997 991 305
f 1269 1997 990
f 310 995 1998
f 995 309 994
f 1998 994 307
f 1268 1998 993
f 997 1999 1267
f 311 996 1999
f 1999 996 309
f 1267 1999 995
f 999 2000 1266
f 313 998 2000
f 998 311 997
f 2000 997 312
f 316 1001 2001
f 1001 315 1000
f 2001 1000 313
f 1265 2001 999
f 1003 2002 1264
f 317 1002 2002
f 2002 1002 315
f 1264 2002 1001
f 1006 2003 1263
f 319 1004 2003
f 1004 317 1003
f 2003 1003 318
f 1009 2005 1262
f 321 1007 2005
f 1007 319 1006
f 2005 1006 320
f 324 1012 2007
f 1012 323 1010
f 1010 321 1009
f 2007 1009 322
f 326 1015 2009
f 1015 325 1013
f 1013 323 1012
f 2009 1012 324
f 328 1018 2011
f 1018 327 1016
f 1016 325 1015
f 2011 1015 326
f 330 1021 2013
f 1021 329 1019
f 1019 327 1018
f 2013 1018 328
f 332 1024 2015
f 1024 331 1022
f 1022 329 1021
f 2015 1021 330
f 334 1027 2017
f 1027 333 1025
f 1025 331 1024
f 2017 1024 332
f 336 1032 2018
f 1032 271 1028
f 1028 333 1027
f 2018 1027 334
f 335 1029 2019
f 1029 334 1031
f 1031 332 1125
f 2019 1125 397
f 337 1033 2020
f 1033 336 1030
f 1030 334 1029
f 2020 1029 335
f 339 1038 2021
f 1038 274 1034
f 1034 336 1033
f 2021 1033 337
f 338 1035 2022
f 1035 337 1037
f 1037 335 1131
f 2022 1131 400
f 340 1039 2023
f 1039 339 1036
f 1036 337 1035
f 2023 1035 338
f 341 1041 2024
f 1041 276 1285
f 1285 274 1038
f 2024 1038 339
f 342 1042 2025
f 1042 341 1040
f 1040 339 1039
f 2025 1039 340
f 343 1044 2026
f 1044 278 1284
f 1284 276 1041
f 2026 1041 341
f 344 1045 2027
f 1045 343 1043
f 1043 341 1042
f 2027 1042 342
f 345 1047 2028
f 1047 280 1283
f 1283 278 1044
f 2028 1044 343
f 346 1048 2029
f 1048 345 1046
f 1046 343 1045
f 2029 1045 344
f 347 1050 2030
f 1050 282 1282
f 1282 280 1047
f 2030 1047 345
f 348 1051 2031
f 1051 347 1049
f 1049 345 1048
f 2031 1048 346
f 349 1053 2032
f 1053 284 1281
f 1281 282 1050
f 2032 1050 347
f 350 1054 2033
f 1054 349 1052
f 1052 347 1051
f 2033 1051 348
f 351 1056 2034
f 1056 286 1280
f 1280 284 1053
f 2034 1053 349
f 352 1057 2035
f 1057 351 1055
f 1055 349 1054
f 2035 1054 350
f 353 1059 2036
f 1059 288 1279
f 1279 286 1056
f 2036 1056 351
f 354 1060 2037
f 1060 353 1058
f 1058 351 1057
f 2037 1057 352
f 355 1062 2038
f 1062 290 1278
f 1278 288 1059
f 2038 1059 353
f 356 1063 2039
f 1063 355 1061
f 1061 353 1060
f 2039 1060 354
f 357 1065 2040
f 1065 292 1277
f 1277 290 1062
f 2040 1062 355
f 358 1066 2041
f 1066 357 1064
f 1064 355 1063
f 2041 1063 356
f 359 1068 2042
f 1068 294 1276
f 1276 292 1065
f 2042 1065 357
f 360 1069 2043
f 1069 359 1067
f 1067 357 1066
f 2043 1066 358
f 361 1071 2044
f 1071 296 1275
f 1275 294 1068
f 2044 1068 359
f 362 1072 2045
f 1072 361 1070
f 1070 359 1069
f 2045 1069 360
f 363 1074 2046
f 1074 298 1274
f 1274 296 1071
f 2046 1071 361
f 364 1075 2047
f 1075 363 1073
f 1073 361 1072
f 2047 1072 362
f 365 1077 2048
f 1077 300 1273
f 1273 298 1074
f 2048 1074 363
f 366 1078 2049
f 1078 365 1076
f 1076 363 1075
f 2049 1075 364
f 367 1080 2050
f 1080 302 1272
f 1272 300 1077
f 2050 1077 365
f 368 1081 2051
f 1081 367 1079
f 1079 365 1078
f 2051 1078 366
f 369 1083 2052
f 1083 304 1271
f 1271 302 1080
f 2052 1080 367
f 370 1084 2053
f 1084 369 1082
f 1082 367 1081
f 2053 1081 368
f 371 1086 2054
f 1086 306 1270
f 1270 304 1083
f 2054 1083 369
f 372 1087 2055
f 1087 371 1085
f 1085 369 1084
f 2055 1084 370
f 373 1089 2056
f 1089 308 1269
f 1269 306 1086
f 2056 1086 371
f 374 1090 2057
f 1090 373 1088
f 1088 371 1087
f 2057 1087 372
f 375 1092 2058
f 1092 310 1268
f 1268 308 1089
f 2058 1089 373
f 376 1093 2059
f 1093 375 1091
f 1091 373 1090
f 2059 1090 374
f 377 1095 2060
f 1095 312 1267
f 1267 310 1092
f 2060 1092 375
f 378 1096 2061
f 1096 377 1094
f 1094 375 1093
f 2061 1093 376
f 379 1098 2062
f 1098 314 1266
f 1266 312 1095
f 2062 1095 377
f 380 1099 2063
f 1099 379 1097
f 1097 377 1096
f 2063 1096 378
f 381 1101 2064
f 1101 316 1265
f 1265 314 1098
f 2064 1098 379
f 382 1102 2065
f 1102 381 1100
f 1100 379 1099
f 2065 1099 380
f 383 1104 2066
f 1104 318 1264
f 1264 316 1101
f 2066 1101 381
f 384 1105 2067
f 1105 383 1103
f 1103 381 1102
f 2067 1102 382
f 385 1107 2068
f 1107 320 1263
f 1263 318 1104
f 2068 1104 383
f 386 1108 2069
f 1108 385 1106
f 1106 383 1105
f 2069 1105 384
f 387 1110 2070
f 1110 322 1262
f 1262 320 1107
f 2070 1107 385
f 388 1111 2071
f 1111 387 1109
f 1109 385 1108
f 2071 1108 386
f 389 1113 2072
f 1113 324 1261
f 1261 322 1110
f 2072 1110 387
f 390 1114 2073
f 1114 389 1112
f 1112 387 1111
f 2073 1111 388
f 391 1116 2074
f 1116 326 1260
f 1260 324 1113
f 2074 1113 389
f 392 1117 2075
f 1117 391 1115
f 1115 389 1114
f 2075 1114 390
f 393 1119 2076
f 1119 328 1259
f 1259 326 1116
f 2076 1116 391
f 394 1120 2077
f 1120 393 1118
f 1118 391 1117
f 2077 1117 392
f 395 1122 2078
f 1122 330 1258
f 1258 328 1119
f 2078 1119 393
f 396 1123 2079
f 1123 395 1121
f 1121 393 1120
f 2079 1120 394
f 397 1125 2080
f 1125 332 1257
f 1257 330 1122
f 2080 1122 395
f 398 1126 2081
f 1126 397 1124
f 1124 395 1123
f 2081 1123 396
f 400 1131 2082
f 1131 335 1127
f 1127 397 1126
f 2082 1126 398
f 1128 2083 1215
f 398 1130 2083
f 2083 1130 396
f 1215 2083 1214
f 1132 2084 1135
f 400 1129 2084
f 2084 1129 398
f 1135 2084 1128
f 1227 2085 1134
f 338 1133 2085
f 2085 1133 400
f 1134 2085 1132
f 1143 2086 1136
f 402 1134 2086
f 401 1136 2086
f 1136 2087 1144
f 401 1135 2087
f 399 1144 2087
f 1137 2088 1157
f 404 1190 2088
f 422 1157 2088
f 1156 2089 1137
f 421 1193 2089
f 404 1137 2089
f 1167 2090 1138
f 432 1170 2090
f 405 1138 2090
f 1138 2091 1139
f 405 1224 2091
f 406 1139 2091
f 1139 2092 1140
f 406 1222 2092
f 407 1140 2092
f 1140 2093 1141
f 407 1220 2093
f 408 1141 2093
f 1141 2094 1142
f 408 1217 2094
f 409 1142 2094
f 1142 2095 1143
f 409 1218 2095
f 402 1143 2095
f 1144 2096 1145
f 399 1215 2096
f 410 1145 2096
f 1145 2097 1146
f 410 1213 2097
f 411 1146 2097
f 1146 2098 1147
f 411 1211 2098
f 412 1147 2098
f 1147 2099 1148
f 412 1209 2099
f 413 1148 2099
f 1148 2100 1149
f 413 1207 2100
f 414 1149 2100
f 1149 2101 1150
f 414 1205 2101
f 415 1150 2101
f 1150 2102 1151
f 415 1203 2102
f 416 1151 2102
f 1151 2103 1152
f 416 1201 2103
f 417 1152 2103
f 1152 2104 1153
f 417 1199 2104
f 418 1153 2104
f 1153 2105 1154
f 418 1197 2105
f 419 1154 2105
f 1154 2106 1155
f 419 1195 2106
f 420 1155 2106
f 1155 2107 1156
f 420 1192 2107
f 421 1156 2107
f 1157 2108 1158
f 422 1188 2108
f 423 1158 2108
f 1158 2109 1159
f 423 1186 2109
f 424 1159 2109
f 1159 2110 1160
f 424 1184 2110
f 425 1160 2110
f 1160 2111 1161
f 425 1182 2111
f 426 1161 2111
f 1161 2112 1162
f 426 1180 2112
f 427 1162 2112
f 1162 2113 1163
f 427 1178 2113
f 428 1163 2113
f 1163 2114 1164
f 428 1176 2114
f 429 1164 2114
f 1164 2115 1165
f 429 1174 2115
f 430 1165 2115
f 1165 2116 1166
f 430 1172 2116
f 431 1166 2116
f 1166 2117 1167
f 431 1169 2117
f 432 1167 2117
f 1168 2118 1170
f 350 1251 2118
f 2118 1251 348
f 1170 2118 1225
f 1171 2119 1169
f 352 1250 2119
f 2119 1250 350
f 1169 2119 1168
f 1173 2120 1172
f 354 1249 2120
f 2120 1249 352
f 1172 2120 1171
f 1175 2121 1174
f 356 1248 2121
f 2121 1248 354
f 1174 2121 1173
f 1177 2122 1176
f 358 1247 2122
f 2122 1247 356
f 1176 2122 1175
f 1179 2123 1178
f 360 1246 2123
f 2123 1246 358
f 1178 2123 1177
f 1181 2124 1180
f 362 1245 2124
f 2124 1245 360
f 1180 2124 1179
f 1183 2125 1182
f 364 1244 2125
f 2125 1244 362
f 1182 2125 1181
f 1185 2126 1184
f 366 1243 2126
f 2126 1243 364
f 1184 2126 1183
f 1187 2127 1186
f 368 1242 2127
f 2127 1242 366
f 1186 2127 1185
f 1189 2128 1188
f 370 1241 2128
f 2128 1241 368
f 1188 2128 1187
f 1226 2129 1190
f 372 1240 2129
f 2129 1240 370
f 1190 2129 1189
f 1191 2130 1193
f 374 1239 2130
f 2130 1239 372
f 1193 2130 1226
f 1194 2131 1192
f 376 1238 2131
f 2131 1238 374
f 1192 2131 1191
f 1196 2132 1195
f 378 1237 2132
f 2132 1237 376
f 1195 2132 1194
f 1198 2133 1197
f 380 1236 2133
f 2133 1236 378
f 1197 2133 1196
f 1200 2134 1199
f 382 1235 2134
f 2134 1235 380
f 1199 2134 1198
f 1202 2135 1201
f 384 1234 2135
f 2135 1234 382
f 1201 2135 1200
f 1204 2136 1203
f 386 1233 2136
f 2136 1233 384
f 1203 2136 1202
f 1206 2137 1205
f 388 1232 2137
f 2137 1232 386
f 1205 2137 1204
f 1208 2138 1207
f 390 1231 2138
f 2138 1231 388
f 1207 2138 1206
f 1210 2139 1209
f 392 1230 2139
f 2139 1230 390
f 1209 2139 1208
f 1212 2140 1211
f 394 1229 2140
f 2140 1229 392
f 1211 2140 1210
f 1214 2141 1213
f 396 1228 2141
f 2141 1228 394
f 1213 2141 1212
f 1216 2142 1218
f 340 1256 2142
f 2142 1256 338
f 1218 2142 1227
f 1219 2143 1217
f 342 1255 2143
f 2143 1255 340
f 1217 2143 1216
f 1221 2144 1220
f 344 1254 2144
f 2144 1254 342
f 1220 2144 1219
f 1223 2145 1222
f 346 1253 2145
f 2145 1253 344
f 1222 2145 1221
f 1225 2146 1224
f 348 1252 2146
f 2146 1252 346
f 1224 2146 1223
f 93 1357 2147
f 1357 433 1454
f 1454 466 1453
f 2147 1453 90
f 434 1360 2148
f 1360 435 1363
f 1363 433 1357
f 2148 1357 93
f 3 1366 2149
f 1366 437 1365
f 1365 435 1360
f 2149 1360 434
f 435 1364 2150
f 1456 2150 1364
f 433 1363 2150
f 437 1368 2151
f 1364 2151 1368
f 435 1365 2151
f 6 1369 2152
f 1369 438 1367
f 1367 437 1366
f 2152 1366 3
f 438 1371 2153
f 1368 2153 1371
f 437 1367 2153
f 9 1372 2154
f 1372 439 1370
f 1370 438 1369
f 2154 1369 6
f 439 1374 2155
f 1371 2155 1374
f 438 1370 2155
f 12 1375 2156
f 1375 440 1373
f 1373 439 1372
f 2156 1372 9
f 440 1377 2157
f 1374 2157 1377
f 439 1373 2157
f 15 1378 2158
f 1378 441 1376
f 1376 440 1375
f 2158 1375 12
f 441 1380 2159
f 1377 2159 1380
f 440 1376 2159
f 18 1381 2160
f 1381 442 1379
f 1379 441 1378
f 2160 1378 15
f 442 1383 2161
f 1380 2161 1383
f 441 1379 2161
f 21 1384 2162
f 1384 443 1382
f 1382 442 1381
f 2162 1381 18
f 443 1386 2163
f 1383 2163 1386
f 442 1382 2163
f 24 1387 2164
f 1387 444 1385
f 1385 443 1384
f 2164 1384 21
f 444 1389 2165
f 1386 2165 1389
f 443 1385 2165
f 27 1390 2166
f 1390 445 1388
f 1388 444 1387
f 2166 1387 24
f 445 1392 2167
f 1389 2167 1392
f 444 1388 2167
f 30 1393 2168
f 1393 446 1391
f 1391 445 1390
f 2168 1390 27
f 446 1395 2169
f 1392 2169 1395
f 445 1391 2169
f 33 1396 2170
f 1396 447 1394
f 1394 446 1393
f 2170 1393 30
f 447 1398 2171
f 1395 2171 1398
f 446 1394 2171
f 36 1399 2172
f 1399 448 1397
f 1397 447 1396
f 2172 1396 33
f 448 1401 2173
f 1398 2173 1401
f 447 1397 2173
f 39 1402 2174
f 1402 449 1400
f 1400 448 1399
f 2174 1399 36
f 449 1404 2175
f 1401 2175 1404
f 448 1400 2175
f 42 1405 2176
f 1405 450 1403
f 1403 449 1402
f 2176 1402 39
f 450 1407 2177
f 1404 2177 1407
f 449 1403 2177
f 45 1408 2178
f 1408 451 1406
f 1406 450 1405
f 2178 1405 42
f 451 1410 2179
f 1407 2179 1410
f 450 1406 2179
f 48 1411 2180
f 1411 452 1409
f 1409 451 1408
f 2180 1408 45
f 452 1413 2181
f 1410 2181 1413
f 451 1409 2181
f 51 1414 2182
f 1414 453 1412
f 1412 452 1411
f 2182 1411 48
f 453 1416 2183
f 1413 2183 1416
f 452 1412 2183
f 54 1417 2184
f 1417 454 1415
f 1415 453 1414
f 2184 1414 51
f 454 1419 2185
f 1416 2185 1419
f 453 1415 2185
f 57 1420 2186
f 1420 455 1418
f 1418 454 1417
f 2186 1417 54
f 455 1422 2187
f 1419 2187 1422
f 454 1418 2187
f 60 1423 2188
f 1423 456 1421
f 1421 455 1420
f 2188 1420 57
f 456 1425 2189
f 1422 2189 1425
f 455 1421 2189
f 63 1426 2190
f 1426 457 1424
f 1424 456 1423
f 2190 1423 60
f 457 1428 2191
f 1425 2191 1428
f 456 1424 2191
f 66 1429 2192
f 1429 458 1427
f 1427 457 1426
f 2192 1426 63
f 458 1431 2193
f 1428 2193 1431
f 457 1427 2193
f 69 1432 2194
f 1432 459 1430
f 1430 458 1429
f 2194 1429 66
f 459 1434 2195
f 1431 2195 1434
f 458 1430 2195
f 72 1435 2196
f 1435 460 1433
f 1433 459 1432
f 2196 1432 69
f 460 1437 2197
f 1434 2197 1437
f 459 1433 2197
f 75 1438 2198
f 1438 461 1436
f 1436 460 1435
f 2198 1435 72
f 461 1440 2199
f 1437 2199 1440
f 460 1436 2199
f 78 1441 2200
f 1441 462 1439
f 1439 461 1438
f 2200 1438 75
f 462 1443 2201
f 1440 2201 1443
f 461 1439 2201
f 81 1445 2202
f 1445 463 1442
f 1442 462 1441
f 2202 1441 78
f 463 1444 2203
f 1443 2203 1444
f 462 1442 2203
f 464 1449 2204
f 1444 2204 1449
f 463 1446 2204
f 84 1447 2205
f 1447 464 1446
f 1446 463 1445
f 2205 1445 81
f 87 1450 2206
f 1450 465 1448
f 1448 464 1447
f 2206 1447 84
f 465 1452 2207
f 1449 2207 1452
f 464 1448 2207
f 90 1453 2208
f 1453 466 1451
f 1451 465 1450
f 2208 1450 87
f 466 1455 2209
f 1452 2209 1455
f 465 1451 2209
f 433 1456 2210
f 1455 2210 1456
f 466 1454 2210
f 469 1518 2212
f 1520 2212 1518
f 1639 2212 1520
f 527 1521 2212
f 1519 2212 1521
f 484 1524 2214
f 1525 2214 1524
f 1640 2214 1525
f 528 1526 2214
f 1520 2214 1526
f 1641 2215 1527
f 529 1528 2215
f 1529 2215 1528
f 1530 2215 1529
f 481 1527 2215
f 1642 2217 1529
f 530 1534 2217
f 1535 2217 1534
f 1536 2217 1535
f 490 1529 2217
f 1541 2220 1525
f 496 1542 2220
f 1643 2220 1542
f 531 1543 2220
f 1525 2220 1543
f 1546 2222 1542
f 499 1547 2222
f 1644 2222 1547
f 532 1548 2222
f 1542 2222 1548
f 1645 2223 1535
f 533 1549 2223
f 1550 2223 1549
f 511 1551 2223
f 1535 2223 1551
f 1646 2225 1550
f 534 1554 2225
f 1555 2225 1554
f 514 1556 2225
f 1550 2225 1556
f 1561 2228 1562
f 514 1555 2228
f 1647 2228 1555
f 535 1563 2228
f 1562 2228 1563
f 1566 2230 1567
f 508 1562 2230
f 1648 2230 1562
f 536 1568 2230
f 1567 2230 1568
f 1649 2231 1567
f 537 1569 2231
f 1570 2231 1569
f 502 1571 2231
f 1567 2231 1571
f 499 1575 2234
f 1570 2234 1575
f 1650 2234 1570
f 538 1576 2234
f 1547 2234 1576
f 1651 2235 1577
f 539 1578 2235
f 1527 2235 1578
f 481 1579 2235
f 1577 2235 1579
f 478 1584 2238
f 1585 2238 1584
f 1652 2238 1585
f 540 1586 2238
f 1577 2238 1586
f 1653 2239 1587
f 541 1588 2239
f 1585 2239 1588
f 1589 2239 1585
f 472 1587 2239
f 1654 2241 1519
f 542 1592 2241
f 1587 2241 1592
f 1593 2241 1587
f 469 1519 2241
f 566 1714 2246
f 1714 542 1654
f 2246 1654 467
f 1711 2246 1521
f 565 1710 2248
f 1710 541 1653
f 2248 1653 471
f 1707 2248 1600
f 1706 2250 1703
f 540 1652 2250
f 2250 1652 474
f 2250 1602 545
f 1702 2252 1699
f 539 1651 2252
f 1651 477 1604
f 2252 1604 546
f 562 1698 2256
f 1698 543 1655
f 2256 1655 483
f 1695 2256 1526
f 1694 2258 1691
f 548 1660 2258
f 2258 1660 486
f 2258 1543 531
f 1690 2259 1687
f 547 1659 2259
f 1659 192 1631
f 2259 1631 519
f 559 1686 2261
f 1686 550 1662
f 2261 1662 193
f 1683 2261 1636
f 1682 2264 1679
f 549 1661 2264
f 1661 495 1548
f 2264 1548 532
f 1678 2267 1675
f 521 1633 2267
f 1633 250 1618
f 2267 1618 552
f 556 1674 2269
f 1674 523 1635
f 2269 1635 251
f 1671 2269 1621
f 555 1670 2271
f 1670 551 1663
f 2271 1663 252
f 1667 2271 1623
f 535 1669 2275
f 1669 555 1667
f 2275 1667 554
f 1563 2275 1666
f 512 1554 2276
f 1554 534 1668
f 2276 1668 555
f 1647 2276 1669
f 534 1646 2277
f 1646 509 1615
f 2277 1615 551
f 1668 2277 1670
f 536 1673 2278
f 1673 556 1671
f 2278 1671 553
f 2278 1665 503
f 506 1666 2279
f 1666 554 1672
f 2279 1672 556
f 1648 2279 1673
f 554 1623 2280
f 1623 252 906
f 2280 906 523
f 1672 2280 1674
f 1677 2281 1569
f 557 1675 2281
f 1675 552 1664
f 2281 1664 500
f 503 1665 2282
f 553 1676 2282
f 1676 557 1677
f 2282 1677 537
f 1621 2283 1676
f 251 904 2283
f 904 521 1678
f 2283 1678 557
f 1681 2284 1576
f 558 1679 2284
f 1679 532 1644
f 2284 1644 498
f 1664 2285 1650
f 552 1680 2285
f 1680 558 1681
f 2285 1681 538
f 1618 2286 1680
f 250 1612 2286
f 1612 549 1682
f 2286 1682 558
f 551 1685 2287
f 1685 559 1683
f 2287 1683 524
f 1663 2287 907
f 509 1549 2288
f 1549 533 1684
f 2288 1684 559
f 1615 2288 1685
f 533 1645 2289
f 491 1613 2289
f 2289 1613 550
f 1684 2289 1686
f 1689 2290 1662
f 560 1687 2290
f 1687 519 816
f 2290 816 193
f 491 1534 2291
f 530 1688 2291
f 1688 560 1689
f 2291 1689 550
f 1642 2292 1688
f 488 1606 2292
f 1606 547 1690
f 2292 1690 560
f 1693 2293 1661
f 561 1691 2293
f 1691 531 1643
f 2293 1643 495
f 903 2294 1612
f 520 1692 2294
f 1692 561 1693
f 2294 1693 549
f 1632 2295 1692
f 189 1610 2295
f 1610 548 1694
f 2295 1694 561
f 548 1697 2296
f 1697 562 1695
f 2296 1695 528
f 2296 1640 486
f 189 812 2297
f 812 515 1696
f 2297 1696 562
f 1610 2297 1697
f 515 1627 2298
f 1627 188 1599
f 2298 1599 543
f 1696 2298 1698
f 1701 2299 1659
f 563 1699 2299
f 1699 546 1658
f 2299 1658 192
f 1528 2300 1606
f 529 1700 2300
f 1700 563 1701
f 2300 1701 547
f 1641 2301 1700
f 479 1578 2301
f 1578 539 1702
f 2301 1702 563
f 1705 2302 1630
f 564 1703 2302
f 1703 545 1657
f 2302 1657 190
f 1658 2303 815
f 546 1704 2303
f 1704 564 1705
f 2303 1705 518
f 1604 2304 1704
f 477 1586 2304
f 1586 540 1706
f 2304 1706 564
f 516 1709 2305
f 1709 565 1707
f 2305 1707 544
f 1628 2305 1656
f 190 1657 2306
f 1657 545 1708
f 2306 1708 565
f 813 2306 1709
f 545 1602 2307
f 474 1588 2307
f 2307 1588 541
f 1708 2307 1710
f 543 1713 2308
f 1713 566 1711
f 2308 1711 527
f 1655 2308 1639
f 188 1656 2309
f 1656 544 1712
f 2309 1712 566
f 1599 2309 1713
f 544 1600 2310
f 1600 471 1592
f 2310 1592 542
f 1712 2310 1714
f 523 1717 2311
f 567 1715 2311
f 1715 522 905
f 1635 2311 905
f 252 907 2312
f 907 524 1716
f 2312 1716 567
f 906 2312 1717
f 524 1636 2313
f 1636 193 1317
f 2313 1317 525
f 1716 2313 1718
f 1721 2314 1633
f 568 1719 2314
f 1719 520 903
f 2314 903 250
f 905 2315 904
f 905 522 1720
f 2315 1720 568
f 2315 1721 521
f 522 1634 2316
f 1634 191 1318
f 2316 1318 526
f 1720 2316 1722
f 525 1725 2317
f 1725 569 1723
f 2317 1723 517
f 1637 2317 814
f 816 2318 1317
f 519 1724 2318
f 1724 569 1725
f 2318 1725 525
f 1631 2319 1724
f 192 815 2319
f 815 518 1726
f 2319 1726 569
f 526 1729 2320
f 1729 570 1727
f 2320 1727 515
f 1638 2320 812
f 814 2321 1318
f 517 1728 2321
f 1728 570 1729
f 2321 1729 526
f 1629 2322 1728
f 1629 190 813
f 2322 813 516
f 2322 1730 570
usemtl Stripe.Twelve
f 671 764 98
f 97 1798 671
f 1798 95 762
f 764 762 155
f 675 1356 100
f 99 1799 675
f 1799 97 671
f 1356 671 98
f 678 1355 102
f 101 1801 678
f 1801 99 675
f 1355 675 100
f 681 1354 104
f 103 1803 681
f 1803 101 678
f 1354 678 102
f 684 1353 106
f 105 1805 684
f 1805 103 681
f 1353 681 104
f 687 1352 108
f 107 1807 687
f 1807 105 684
f 1352 684 106
f 690 1351 110
f 109 1809 690
f 1809 107 687
f 1351 687 108
f 693 1350 112
f 111 1811 693
f 1811 109 690
f 1350 690 110
f 696 1349 114
f 113 1813 696
f 1813 111 693
f 1349 693 112
f 699 1348 116
f 115 1815 699
f 1815 113 696
f 1348 696 114
f 702 1347 118
f 117 1817 702
f 1817 115 699
f 1347 699 116
f 705 1346 120
f 119 1819 705
f 1819 117 702
f 1346 702 118
f 708 1345 122
f 121 1821 708
f 1821 119 705
f 1345 705 120
f 711 1344 124
f 123 1823 711
f 1823 121 708
f 1344 708 122
f 714 1343 126
f 125 1825 714
f 712 711 1825
f 1825 124 1343
f 135 1833 1342
f 730 728 1833
f 1833 132 727
f 1342 727 133
f 733 1341 137
f 136 1835 733
f 1835 134 730
f 1341 730 135
f 736 1340 139
f 138 1837 736
f 1837 136 733
f 1340 733 137
f 739 1339 141
f 140 1839 739
f 1839 138 736
f 1339 736 139
f 742 1338 143
f 142 1841 742
f 1841 140 739
f 1338 739 141
f 745 1337 145
f 144 1843 745
f 1843 142 742
f 1337 742 143
f 748 1336 147
f 146 1845 748
f 1845 144 745
f 1336 745 145
f 751 1335 149
f 148 1847 751
f 1847 146 748
f 1335 748 147
f 754 1334 151
f 150 1849 754
f 1849 148 751
f 1334 751 149
f 757 761 153
f 152 1851 757
f 1851 150 754
f 761 754 151
f 762 760 155
f 95 1852 762
f 1852 152 757
f 760 757 153
f 759 846 154
f 153 1853 759
f 1853 151 844
f 846 844 212
f 763 767 156
f 155 1854 763
f 1854 153 759
f 767 759 154
f 768 766 158
f 98 1855 768
f 1855 155 763
f 766 763 156
f 765 852 157
f 156 1856 765
f 1856 154 850
f 1856 215 852
f 769 1333 159
f 158 1857 769
f 1857 156 765
f 1333 765 157
f 772 770 160
f 100 1858 772
f 1858 98 768
f 770 768 158
f 771 1332 161
f 160 1859 771
f 1859 158 769
f 1332 769 159
f 775 1331 163
f 162 1860 775
f 1860 160 771
f 1331 771 161
f 774 773 162
f 102 1861 774
f 1861 100 772
f 773 772 160
f 777 776 164
f 104 1862 777
f 1862 102 774
f 776 774 162
f 165 1863 1330
f 164 1863 778
f 1863 162 775
f 1330 775 163
f 780 779 166
f 106 1864 780
f 1864 104 777
f 779 777 164
f 781 1329 167
f 166 1865 781
f 1865 164 778
f 1329 778 165
f 783 782 168
f 108 1866 783
f 1866 106 780
f 782 780 166
f 169 1867 1328
f 168 1867 784
f 1867 166 781
f 1328 781 167
f 786 785 170
f 110 1868 786
f 1868 108 783
f 785 783 168
f 787 1327 171
f 170 1869 787
f 1869 168 784
f 1327 784 169
f 789 788 172
f 112 1870 789
f 1870 110 786
f 788 786 170
f 173 1871 1326
f 172 1871 790
f 1871 170 787
f 1326 787 171
f 792 791 174
f 114 1872 792
f 1872 112 789
f 791 789 172
f 793 1325 175
f 174 1873 793
f 1873 172 790
f 1873 173 1325
f 795 794 176
f 116 1874 795
f 1874 114 792
f 794 792 174
f 796 1324 177
f 176 1875 796
f 1875 174 793
f 1324 793 175
f 798 797 178
f 118 1876 798
f 1876 116 795
f 797 795 176
f 799 1323 179
f 178 1877 799
f 1877 176 796
f 1877 177 1323
f 801 800 180
f 120 1878 801
f 1878 118 798
f 800 798 178
f 802 1322 181
f 180 1879 802
f 1879 178 799
f 1879 179 1322
f 804 803 182
f 122 1880 804
f 1880 120 801
f 803 801 180
f 805 1321 183
f 805 803 1881
f 1881 180 802
f 1881 181 1321
f 807 806 184
f 124 1882 807
f 1882 122 804
f 806 804 182
f 808 1320 185
f 184 1883 808
f 1883 182 805
f 1883 183 1320
f 810 809 186
f 126 1884 810
f 1343 807 1884
f 1884 184 809
f 811 1319 187
f 186 1885 811
f 809 808 1885
f 1885 185 1319
f 196 1888 819
f 820 1342 1888
f 1888 133 817
f 819 817 194
f 197 1889 1316
f 821 819 1889
f 1889 194 818
f 1316 818 195
f 823 822 198
f 137 1890 823
f 1890 135 820
f 822 820 196
f 824 1315 199
f 198 1891 824
f 1891 196 821
f 1891 197 1315
f 826 825 200
f 139 1892 826
f 1892 137 823
f 825 823 198
f 827 1314 201
f 200 1893 827
f 1893 198 824
f 1314 824 199
f 829 828 202
f 141 1894 829
f 1894 139 826
f 828 826 200
f 830 1313 203
f 202 1895 830
f 1895 200 827
f 1313 827 201
f 832 831 204
f 143 1896 832
f 1896 141 829
f 831 829 202
f 833 1312 205
f 204 1897 833
f 1897 202 830
f 1312 830 203
f 835 834 206
f 145 1898 835
f 1898 143 832
f 834 832 204
f 836 1311 207
f 206 1899 836
f 1899 204 833
f 1311 833 205
f 838 837 208
f 147 1900 838
f 1900 145 835
f 837 835 206
f 839 1310 209
f 208 1901 839
f 1901 206 836
f 1310 836 207
f 841 840 210
f 149 1902 841
f 1902 147 838
f 840 838 208
f 842 1309 211
f 210 1903 842
f 1903 208 839
f 1309 839 209
f 844 843 212
f 151 1904 844
f 1904 149 841
f 843 841 210
f 845 849 213
f 212 1905 845
f 1905 210 842
f 849 842 211
f 850 848 215
f 154 1906 850
f 1906 212 845
f 848 845 213
f 214 1907 934
f 847 849 1907
f 849 932 1907
f 1907 269 934
f 216 1908 855
f 851 848 1908
f 848 847 1908
f 1908 214 855
f 218 1909 854
f 856 852 1909
f 852 851 1909
f 1909 216 854
f 217 1910 940
f 853 855 1910
f 855 938 1910
f 1910 272 940
f 219 1911 1308
f 857 854 1911
f 854 853 1911
f 1911 217 1308
f 220 1912 858
f 859 1333 1912
f 1333 856 1912
f 1912 218 858
f 221 1913 1307
f 860 858 1913
f 858 857 1913
f 1913 219 1307
f 222 1914 861
f 862 1332 1914
f 1332 859 1914
f 1914 220 861
f 223 1915 1306
f 863 861 1915
f 861 860 1915
f 1915 221 1306
f 224 1916 864
f 865 1331 1916
f 1331 862 1916
f 1916 222 864
f 225 1917 1305
f 866 864 1917
f 864 863 1917
f 1917 223 1305
f 226 1918 867
f 868 1330 1918
f 1330 865 1918
f 1918 224 867
f 227 1919 1304
f 869 867 1919
f 867 866 1919
f 1919 225 1304
f 228 1920 870
f 871 1329 1920
f 1329 868 1920
f 1920 226 870
f 229 1921 1303
f 872 870 1921
f 870 869 1921
f 1921 227 1303
f 230 1922 873
f 874 1328 1922
f 1328 871 1922
f 1922 228 873
f 231 1923 1302
f 875 873 1923
f 873 872 1923
f 1923 229 1302
f 232 1924 876
f 877 1327 1924
f 1327 874 1924
f 1924 230 876
f 233 1925 1301
f 878 876 1925
f 876 875 1925
f 1925 231 1301
f 234 1926 879
f 880 1326 1926
f 1326 877 1926
f 1926 232 879
f 235 1927 1300
f 881 879 1927
f 879 878 1927
f 1927 233 1300
f 236 1928 882
f 883 1325 1928
f 1928 173 880
f 1928 234 882
f 237 1929 1299
f 884 882 1929
f 882 881 1929
f 1929 235 1299
f 238 1930 885
f 886 1324 1930
f 1324 883 1930
f 1930 236 885
f 239 1931 1298
f 887 885 1931
f 885 884 1931
f 1931 237 1298
f 240 1932 888
f 889 1323 1932
f 1323 886 1932
f 1932 238 888
f 241 1933 1297
f 890 888 1933
f 888 887 1933
f 1933 239 1297
f 242 1934 891
f 892 1322 1934
f 1322 889 1934
f 1934 240 891
f 243 1935 1296
f 893 891 1935
f 891 890 1935
f 1935 241 1296
f 244 1936 894
f 183 1936 895
f 1321 892 1936
f 1936 242 894
f 245 1937 1295
f 896 894 1937
f 894 893 1937
f 1937 243 1295
f 246 1938 897
f 898 1320 1938
f 1938 183 895
f 1938 244 897
f 247 1939 1294
f 899 897 1939
f 897 896 1939
f 1939 245 1294
f 248 1940 900
f 901 1319 1940
f 1940 185 898
f 900 898 246
f 249 1941 1293
f 902 900 1941
f 1941 246 899
f 1293 899 247
f 911 910 255
f 197 1944 911
f 1316 908 1944
f 1944 253 910
f 912 1292 256
f 255 1945 912
f 910 909 1945
f 1945 254 1292
f 257 1946 913
f 914 1315 1946
f 1315 911 1946
f 1946 255 913
f 258 1947 1291
f 915 913 1947
f 913 912 1947
f 1947 256 1291
f 259 1948 916
f 917 1314 1948
f 1314 914 1948
f 1948 257 916
f 260 1949 1290
f 918 916 1949
f 916 915 1949
f 1949 258 1290
f 261 1950 919
f 920 1313 1950
f 1313 917 1950
f 1950 259 919
f 262 1951 1289
f 921 919 1951
f 919 918 1951
f 1951 260 1289
f 263 1952 922
f 923 1312 1952
f 1312 920 1952
f 1952 261 922
f 264 1953 1288
f 924 922 1953
f 922 921 1953
f 1953 262 1288
f 265 1954 925
f 926 1311 1954
f 1311 923 1954
f 1954 263 925
f 266 1955 1287
f 927 925 1955
f 925 924 1955
f 1955 264 1287
f 267 1956 928
f 929 1310 1956
f 1310 926 1956
f 1956 265 928
f 268 1957 1286
f 930 928 1957
f 928 927 1957
f 1957 266 1286
f 269 1958 931
f 932 1309 1958
f 1309 929 1958
f 1958 267 931
f 270 1959 937
f 933 931 1959
f 931 930 1959
f 1959 268 937
f 272 1960 936
f 938 934 1960
f 934 933 1960
f 1960 270 936
f 271 1961 1028
f 935 937 1961
f 937 1026 1961
f 1961 333 1028
f 273 1962 943
f 939 936 1962
f 936 935 1962
f 1962 271 943
f 275 1963 942
f 944 940 1963
f 940 939 1963
f 1963 273 942
f 277 1966 946
f 947 1308 1966
f 1308 944 1966
f 1966 275 946
f 279 1968 949
f 950 1307 1968
f 1307 947 1968
f 1968 277 949
f 281 1970 952
f 953 1306 1970
f 1306 950 1970
f 1970 279 952
f 283 1972 955
f 956 1305 1972
f 1305 953 1972
f 1972 281 955
f 285 1974 958
f 959 1304 1974
f 1304 956 1974
f 1974 283 958
f 287 1976 961
f 962 1303 1976
f 1303 959 1976
f 1976 285 961
f 289 1978 964
f 965 1302 1978
f 1302 962 1978
f 1978 287 964
f 291 1980 967
f 968 1301 1980
f 1301 965 1980
f 1980 289 967
f 293 1982 970
f 971 1300 1982
f 1300 968 1982
f 1982 291 970
f 295 1984 973
f 974 1299 1984
f 1299 971 1984
f 1984 293 973
f 297 1986 976
f 977 1298 1986
f 1298 974 1986
f 1986 295 976
f 299 1988 979
f 980 1297 1988
f 1297 977 1988
f 1988 297 979
f 301 1990 982
f 983 1296 1990
f 1296 980 1990
f 1990 299 982
f 303 1992 985
f 986 1295 1992
f 1295 983 1992
f 1992 301 985
f 305 1994 988
f 989 1294 1994
f 1294 986 1994
f 1994 303 988
f 307 1996 991
f 992 1293 1996
f 1996 247 989
f 991 989 305
f 1008 1007 321
f 256 2004 1008
f 1292 1005 2004
f 2004 319 1007
f 323 2006 1010
f 1011 1291 2006
f 1291 1008 2006
f 2006 321 1010
f 325 2008 1013
f 1014 1290 2008
f 1290 1011 2008
f 2008 323 1013
f 327 2010 1016
f 1017 1289 2010
f 1289 1014 2010
f 2010 325 1016
f 329 2012 1019
f 1020 1288 2012
f 1288 1017 2012
f 2012 327 1019
f 331 2014 1022
f 1023 1287 2014
f 1287 1020 2014
f 2014 329 1022
f 333 2016 1025
f 1026 1286 2016
f 1286 1023 2016
f 2016 331 1025
f 1516 1515 468
f 1516 1517 2211
f 2211 484 1518
f 1515 1518 469
f 482 2213 1517
f 1522 1523 2213
f 2213 487 1524
f 1517 1524 484
f 1530 1531 481
f 490 2216 1530
f 1532 1533 2216
f 1531 1533 480
f 1536 1532 490
f 493 2218 1536
f 1537 1538 2218
f 2218 489 1532
f 1539 1523 485
f 494 2219 1539
f 1540 1541 2219
f 2219 487 1523
f 1544 1540 494
f 1544 1545 2221
f 1545 1546 2221
f 2221 496 1540
f 493 2224 1537
f 1551 1552 2224
f 2224 510 1553
f 1537 1553 492
f 511 2226 1552
f 1556 1557 2226
f 1557 1558 2226
f 1552 1558 510
f 1560 1559 507
f 513 2227 1560
f 1557 1561 2227
f 2227 508 1559
f 1565 1564 504
f 507 2229 1565
f 1559 1566 2229
f 2229 505 1564
f 505 2232 1564
f 1571 1572 2232
f 2232 501 1573
f 1564 1573 504
f 497 2233 1545
f 1574 1572 2233
f 2233 502 1575
f 1545 1575 499
f 478 2236 1580
f 1579 1531 2236
f 2236 480 1581
f 1580 1581 476
f 476 2237 1580
f 1582 1583 2237
f 2237 475 1584
f 1580 1584 478
f 1589 1590 472
f 475 2240 1589
f 1583 1591 2240
f 2240 470 1590
f 1593 1515 469
f 472 2242 1593
f 1590 1594 2242
f 2242 468 1515
f 470 2243 1594
f 1595 717 2243
f 2243 127 1596
f 1594 1596 468
f 482 2244 1597
f 1516 1598 2244
f 1598 810 2244
f 2244 186 1597
f 1596 1598 468
f 127 2245 1596
f 715 714 2245
f 2245 126 1598
f 473 2247 1591
f 1601 719 2247
f 2247 128 1595
f 1591 1595 470
f 1603 1582 476
f 130 2249 1603
f 721 1601 2249
f 2249 473 1582
f 1605 1581 480
f 131 2251 1605
f 723 1603 2251
f 2251 476 1581
f 133 2253 1607
f 727 725 2253
f 2253 131 1605
f 1607 1605 480
f 194 2254 1608
f 817 1607 2254
f 1607 1533 2254
f 2254 489 1608
f 485 2255 1609
f 1522 1597 2255
f 1597 811 2255
f 2255 187 1609
f 1539 1611 494
f 485 2257 1539
f 2257 187 901
f 1611 901 248
f 195 2260 1614
f 818 1608 2260
f 1608 1538 2260
f 2260 492 1614
f 908 1616 253
f 195 2262 908
f 2262 492 1553
f 1616 1553 510
f 1544 1617 497
f 494 2263 1544
f 2263 248 902
f 1617 902 249
f 309 2265 994
f 1619 1617 2265
f 2265 249 992
f 994 992 307
f 1620 996 311
f 501 2266 1620
f 1574 1619 2266
f 2266 309 996
f 1622 998 313
f 504 2268 1622
f 1573 1620 2268
f 2268 311 998
f 315 2270 1000
f 1624 1565 2270
f 2270 504 1622
f 1000 1622 313
f 317 2272 1002
f 1625 1560 2272
f 2272 507 1624
f 1002 1624 315
f 909 1626 254
f 253 2273 909
f 2273 510 1558
f 1626 1558 513
f 1005 1004 319
f 254 2274 1005
f 1626 1625 2274
f 2274 317 1004
f 671 1798 764
f 97 673 1798
f 1798 673 95
f 764 1798 762
f 675 1799 1356
f 99 672 1799
f 1799 672 97
f 1356 1799 671
f 678 1801 1355
f 101 676 1801
f 1801 676 99
f 1355 1801 675
f 681 1803 1354
f 103 679 1803
f 1803 679 101
f 1354 1803 678
f 684 1805 1353
f 105 682 1805
f 1805 682 103
f 1353 1805 681
f 687 1807 1352
f 107 685 1807
f 1807 685 105
f 1352 1807 684
f 690 1809 1351
f 109 688 1809
f 1809 688 107
f 1351 1809 687
f 693 1811 1350
f 111 691 1811
f 1811 691 109
f 1350 1811 690
f 696 1813 1349
f 113 694 1813
f 1813 694 111
f 1349 1813 693
f 699 1815 1348
f 115 697 1815
f 1815 697 113
f 1348 1815 696
f 702 1817 1347
f 117 700 1817
f 1817 700 115
f 1347 1817 699
f 705 1819 1346
f 119 703 1819
f 1819 703 117
f 1346 1819 702
f 708 1821 1345
f 121 706 1821
f 1821 706 119
f 1345 1821 705
f 711 1823 1344
f 123 709 1823
f 1823 709 121
f 1344 1823 708
f 714 1825 1343
f 125 712 1825
f 712 123 711
f 1825 711 124
f 135 730 1833
f 730 134 728
f 1833 728 132
f 1342 1833 727
f 733 1835 1341
f 136 731 1835
f 1835 731 134
f 1341 1835 730
f 736 1837 1340
f 138 734 1837
f 1837 734 136
f 1340 1837 733
f 739 1839 1339
f 140 737 1839
f 1839 737 138
f 1339 1839 736
f 742 1841 1338
f 142 740 1841
f 1841 740 140
f 1338 1841 739
f 745 1843 1337
f 144 743 1843
f 1843 743 142
f 1337 1843 742
f 748 1845 1336
f 146 746 1845
f 1845 746 144
f 1336 1845 745
f 751 1847 1335
f 148 749 1847
f 1847 749 146
f 1335 1847 748
f 754 1849 1334
f 150 752 1849
f 1849 752 148
f 1334 1849 751
f 757 1851 761
f 152 755 1851
f 1851 755 150
f 761 1851 754
f 762 1852 760
f 95 758 1852
f 1852 758 152
f 760 1852 757
f 759 1853 846
f 153 761 1853
f 1853 761 151
f 846 1853 844
f 763 1854 767
f 155 760 1854
f 1854 760 153
f 767 1854 759
f 768 1855 766
f 98 764 1855
f 1855 764 155
f 766 1855 763
f 765 1856 852
f 156 767 1856
f 1856 767 154
f 1856 850 215
f 769 1857 1333
f 158 766 1857
f 1857 766 156
f 1333 1857 765
f 772 1858 770
f 100 1356 1858
f 1858 1356 98
f 770 1858 768
f 771 1859 1332
f 160 770 1859
f 1859 770 158
f 1332 1859 769
f 775 1860 1331
f 162 773 1860
f 1860 773 160
f 1331 1860 771
f 774 1861 773
f 102 1355 1861
f 1861 1355 100
f 773 1861 772
f 777 1862 776
f 104 1354 1862
f 1862 1354 102
f 776 1862 774
f 165 778 1863
f 164 776 1863
f 1863 776 162
f 1330 1863 775
f 780 1864 779
f 106 1353 1864
f 1864 1353 104
f 779 1864 777
f 781 1865 1329
f 166 779 1865
f 1865 779 164
f 1329 1865 778
f 783 1866 782
f 108 1352 1866
f 1866 1352 106
f 782 1866 780
f 169 784 1867
f 168 782 1867
f 1867 782 166
f 1328 1867 781
f 786 1868 785
f 110 1351 1868
f 1868 1351 108
f 785 1868 783
f 787 1869 1327
f 170 785 1869
f 1869 785 168
f 1327 1869 784
f 789 1870 788
f 112 1350 1870
f 1870 1350 110
f 788 1870 786
f 173 790 1871
f 172 788 1871
f 1871 788 170
f 1326 1871 787
f 792 1872 791
f 114 1349 1872
f 1872 1349 112
f 791 1872 789
f 793 1873 1325
f 174 791 1873
f 1873 791 172
f 1873 790 173
f 795 1874 794
f 116 1348 1874
f 1874 1348 114
f 794 1874 792
f 796 1875 1324
f 176 794 1875
f 1875 794 174
f 1324 1875 793
f 798 1876 797
f 118 1347 1876
f 1876 1347 116
f 797 1876 795
f 799 1877 1323
f 178 797 1877
f 1877 797 176
f 1877 796 177
f 801 1878 800
f 120 1346 1878
f 1878 1346 118
f 800 1878 798
f 802 1879 1322
f 180 800 1879
f 1879 800 178
f 1879 799 179
f 804 1880 803
f 122 1345 1880
f 1880 1345 120
f 803 1880 801
f 805 1881 1321
f 805 182 803
f 1881 803 180
f 1881 802 181
f 807 1882 806
f 124 1344 1882
f 1882 1344 122
f 806 1882 804
f 808 1883 1320
f 184 806 1883
f 1883 806 182
f 1883 805 183
f 810 1884 809
f 126 1343 1884
f 1343 124 807
f 1884 807 184
f 811 1885 1319
f 186 809 1885
f 809 184 808
f 1885 808 185
f 196 820 1888
f 820 135 1342
f 1888 1342 133
f 819 1888 817
f 197 821 1889
f 821 196 819
f 1889 819 194
f 1316 1889 818
f 823 1890 822
f 137 1341 1890
f 1890 1341 135
f 822 1890 820
f 824 1891 1315
f 198 822 1891
f 1891 822 196
f 1891 821 197
f 826 1892 825
f 139 1340 1892
f 1892 1340 137
f 825 1892 823
f 827 1893 1314
f 200 825 1893
f 1893 825 198
f 1314 1893 824
f 829 1894 828
f 141 1339 1894
f 1894 1339 139
f 828 1894 826
f 830 1895 1313
f 202 828 1895
f 1895 828 200
f 1313 1895 827
f 832 1896 831
f 143 1338 1896
f 1896 1338 141
f 831 1896 829
f 833 1897 1312
f 204 831 1897
f 1897 831 202
f 1312 1897 830
f 835 1898 834
f 145 1337 1898
f 1898 1337 143
f 834 1898 832
f 836 1899 1311
f 206 834 1899
f 1899 834 204
f 1311 1899 833
f 838 1900 837
f 147 1336 1900
f 1900 1336 145
f 837 1900 835
f 839 1901 1310
f 208 837 1901
f 1901 837 206
f 1310 1901 836
f 841 1902 840
f 149 1335 1902
f 1902 1335 147
f 840 1902 838
f 842 1903 1309
f 210 840 1903
f 1903 840 208
f 1309 1903 839
f 844 1904 843
f 151 1334 1904
f 1904 1334 149
f 843 1904 841
f 845 1905 849
f 212 843 1905
f 1905 843 210
f 849 1905 842
f 850 1906 848
f 154 846 1906
f 1906 846 212
f 848 1906 845
f 214 847 1907
f 847 213 849
f 849 211 932
f 1907 932 269
f 216 851 1908
f 851 215 848
f 848 213 847
f 1908 847 214
f 218 856 1909
f 856 157 852
f 852 215 851
f 1909 851 216
f 217 853 1910
f 853 216 855
f 855 214 938
f 1910 938 272
f 219 857 1911
f 857 218 854
f 854 216 853
f 1911 853 217
f 220 859 1912
f 859 159 1333
f 1333 157 856
f 1912 856 218
f 221 860 1913
f 860 220 858
f 858 218 857
f 1913 857 219
f 222 862 1914
f 862 161 1332
f 1332 159 859
f 1914 859 220
f 223 863 1915
f 863 222 861
f 861 220 860
f 1915 860 221
f 224 865 1916
f 865 163 1331
f 1331 161 862
f 1916 862 222
f 225 866 1917
f 866 224 864
f 864 222 863
f 1917 863 223
f 226 868 1918
f 868 165 1330
f 1330 163 865
f 1918 865 224
f 227 869 1919
f 869 226 867
f 867 224 866
f 1919 866 225
f 228 871 1920
f 871 167 1329
f 1329 165 868
f 1920 868 226
f 229 872 1921
f 872 228 870
f 870 226 869
f 1921 869 227
f 230 874 1922
f 874 169 1328
f 1328 167 871
f 1922 871 228
f 231 875 1923
f 875 230 873
f 873 228 872
f 1923 872 229
f 232 877 1924
f 877 171 1327
f 1327 169 874
f 1924 874 230
f 233 878 1925
f 878 232 876
f 876 230 875
f 1925 875 231
f 234 880 1926
f 880 173 1326
f 1326 171 877
f 1926 877 232
f 235 881 1927
f 881 234 879
f 879 232 878
f 1927 878 233
f 236 883 1928
f 883 175 1325
f 1928 1325 173
f 1928 880 234
f 237 884 1929
f 884 236 882
f 882 234 881
f 1929 881 235
f 238 886 1930
f 886 177 1324
f 1324 175 883
f 1930 883 236
f 239 887 1931
f 887 238 885
f 885 236 884
f 1931 884 237
f 240 889 1932
f 889 179 1323
f 1323 177 886
f 1932 886 238
f 241 890 1933
f 890 240 888
f 888 238 887
f 1933 887 239
f 242 892 1934
f 892 181 1322
f 1322 179 889
f 1934 889 240
f 243 893 1935
f 893 242 891
f 891 240 890
f 1935 890 241
f 244 895 1936
f 183 1321 1936
f 1321 181 892
f 1936 892 242
f 245 896 1937
f 896 244 894
f 894 242 893
f 1937 893 243
f 246 898 1938
f 898 185 1320
f 1938 1320 183
f 1938 895 244
f 247 899 1939
f 899 246 897
f 897 244 896
f 1939 896 245
f 248 901 1940
f 901 187 1319
f 1940 1319 185
f 900 1940 898
f 249 902 1941
f 902 248 900
f 1941 900 246
f 1293 1941 899
f 911 1944 910
f 197 1316 1944
f 1316 195 908
f 1944 908 253
f 912 1945 1292
f 255 910 1945
f 910 253 909
f 1945 909 254
f 257 914 1946
f 914 199 1315
f 1315 197 911
f 1946 911 255
f 258 915 1947
f 915 257 913
f 913 255 912
f 1947 912 256
f 259 917 1948
f 917 201 1314
f 1314 199 914
f 1948 914 257
f 260 918 1949
f 918 259 916
f 916 257 915
f 1949 915 258
f 261 920 1950
f 920 203 1313
f 1313 201 917
f 1950 917 259
f 262 921 1951
f 921 261 919
f 919 259 918
f 1951 918 260
f 263 923 1952
f 923 205 1312
f 1312 203 920
f 1952 920 261
f 264 924 1953
f 924 263 922
f 922 261 921
f 1953 921 262
f 265 926 1954
f 926 207 1311
f 1311 205 923
f 1954 923 263
f 266 927 1955
f 927 265 925
f 925 263 924
f 1955 924 264
f 267 929 1956
f 929 209 1310
f 1310 207 926
f 1956 926 265
f 268 930 1957
f 930 267 928
f 928 265 927
f 1957 927 266
f 269 932 1958
f 932 211 1309
f 1309 209 929
f 1958 929 267
f 270 933 1959
f 933 269 931
f 931 267 930
f 1959 930 268
f 272 938 1960
f 938 214 934
f 934 269 933
f 1960 933 270
f 271 935 1961
f 935 270 937
f 937 268 1026
f 1961 1026 333
f 273 939 1962
f 939 272 936
f 936 270 935
f 1962 935 271
f 275 944 1963
f 944 217 940
f 940 272 939
f 1963 939 273
f 277 947 1966
f 947 219 1308
f 1308 217 944
f 1966 944 275
f 279 950 1968
f 950 221 1307
f 1307 219 947
f 1968 947 277
f 281 953 1970
f 953 223 1306
f 1306 221 950
f 1970 950 279
f 283 956 1972
f 956 225 1305
f 1305 223 953
f 1972 953 281
f 285 959 1974
f 959 227 1304
f 1304 225 956
f 1974 956 283
f 287 962 1976
f 962 229 1303
f 1303 227 959
f 1976 959 285
f 289 965 1978
f 965 231 1302
f 1302 229 962
f 1978 962 287
f 291 968 1980
f 968 233 1301
f 1301 231 965
f 1980 965 289
f 293 971 1982
f 971 235 1300
f 1300 233 968
f 1982 968 291
f 295 974 1984
f 974 237 1299
f 1299 235 971
f 1984 971 293
f 297 977 1986
f 977 239 1298
f 1298 237 974
f 1986 974 295
f 299 980 1988
f 980 241 1297
f 1297 239 977
f 1988 977 297
f 301 983 1990
f 983 243 1296
f 1296 241 980
f 1990 980 299
f 303 986 1992
f 986 245 1295
f 1295 243 983
f 1992 983 301
f 305 989 1994
f 989 247 1294
f 1294 245 986
f 1994 986 303
f 307 992 1996
f 992 249 1293
f 1996 1293 247
f 991 1996 989
f 1008 2004 1007
f 256 1292 2004
f 1292 254 1005
f 2004 1005 319
f 323 1011 2006
f 1011 258 1291
f 1291 256 1008
f 2006 1008 321
f 325 1014 2008
f 1014 260 1290
f 1290 258 1011
f 2008 1011 323
f 327 1017 2010
f 1017 262 1289
f 1289 260 1014
f 2010 1014 325
f 329 1020 2012
f 1020 264 1288
f 1288 262 1017
f 2012 1017 327
f 331 1023 2014
f 1023 266 1287
f 1287 264 1020
f 2014 1020 329
f 333 1026 2016
f 1026 268 1286
f 1286 266 1023
f 2016 1023 331
f 1516 2211 1515
f 1516 482 1517
f 2211 1517 484
f 1515 2211 1518
f 482 1522 2213
f 1522 485 1523
f 2213 1523 487
f 1517 2213 1524
f 1530 2216 1531
f 490 1532 2216
f 1532 489 1533
f 1531 2216 1533
f 1536 2218 1532
f 493 1537 2218
f 1537 492 1538
f 2218 1538 489
f 1539 2219 1523
f 494 1540 2219
f 1540 496 1541
f 2219 1541 487
f 1544 2221 1540
f 1544 497 1545
f 1545 499 1546
f 2221 1546 496
f 493 1551 2224
f 1551 511 1552
f 2224 1552 510
f 1537 2224 1553
f 511 1556 2226
f 1556 514 1557
f 1557 513 1558
f 1552 2226 1558
f 1560 2227 1559
f 513 1557 2227
f 1557 514 1561
f 2227 1561 508
f 1565 2229 1564
f 507 1559 2229
f 1559 508 1566
f 2229 1566 505
f 505 1571 2232
f 1571 502 1572
f 2232 1572 501
f 1564 2232 1573
f 497 1574 2233
f 1574 501 1572
f 2233 1572 502
f 1545 2233 1575
f 478 1579 2236
f 1579 481 1531
f 2236 1531 480
f 1580 2236 1581
f 476 1582 2237
f 1582 473 1583
f 2237 1583 475
f 1580 2237 1584
f 1589 2240 1590
f 475 1583 2240
f 1583 473 1591
f 2240 1591 470
f 1593 2242 1515
f 472 1590 2242
f 1590 470 1594
f 2242 1594 468
f 470 1595 2243
f 1595 128 717
f 2243 717 127
f 1594 2243 1596
f 482 1516 2244
f 1516 468 1598
f 1598 126 810
f 2244 810 186
f 1596 2245 1598
f 127 715 2245
f 715 125 714
f 2245 714 126
f 473 1601 2247
f 1601 129 719
f 2247 719 128
f 1591 2247 1595
f 1603 2249 1582
f 130 721 2249
f 721 129 1601
f 2249 1601 473
f 1605 2251 1581
f 131 723 2251
f 723 130 1603
f 2251 1603 476
f 133 727 2253
f 727 132 725
f 2253 725 131
f 1607 2253 1605
f 194 817 2254
f 817 133 1607
f 1607 480 1533
f 2254 1533 489
f 485 1522 2255
f 1522 482 1597
f 1597 186 811
f 2255 811 187
f 1539 2257 1611
f 485 1609 2257
f 2257 1609 187
f 1611 2257 901
f 195 818 2260
f 818 194 1608
f 1608 489 1538
f 2260 1538 492
f 908 2262 1616
f 195 1614 2262
f 2262 1614 492
f 1616 2262 1553
f 1544 2263 1617
f 494 1611 2263
f 2263 1611 248
f 1617 2263 902
f 309 1619 2265
f 1619 497 1617
f 2265 1617 249
f 994 2265 992
f 1620 2266 996
f 501 1574 2266
f 1574 497 1619
f 2266 1619 309
f 1622 2268 998
f 504 1573 2268
f 1573 501 1620
f 2268 1620 311
f 315 1624 2270
f 1624 507 1565
f 2270 1565 504
f 1000 2270 1622
f 317 1625 2272
f 1625 513 1560
f 2272 1560 507
f 1002 2272 1624
f 909 2273 1626
f 253 1616 2273
f 2273 1616 510
f 1626 2273 1558
f 1005 2274 1004
f 254 1626 2274
f 1626 513 1625
f 2274 1625 317
