# Blender 4.4.3
# www.blender.org
mtllib 13_ball.mtl
o Stripe.003
v -0.087777 0.077828 0.828625
v -0.083512 0.077997 0.828314
v -0.087721 0.079404 0.821075
v -0.087797 0.077758 0.836347
v -0.092027 0.078199 0.828293
v -0.090648 0.079660 0.820846
v -0.093207 0.078230 0.835925
v -0.096099 0.079095 0.827333
v -0.093453 0.080277 0.820185
v -0.098390 0.079370 0.834702
v -0.099837 0.080482 0.825780
v -0.096028 0.081233 0.819115
v -0.103148 0.081136 0.832726
v -0.103098 0.082308 0.823695
v -0.098274 0.082490 0.817679
v -0.107297 0.083459 0.830072
v -0.105755 0.084501 0.821157
v -0.100105 0.084001 0.815931
v -0.110680 0.086251 0.826842
v -0.107707 0.086977 0.818265
v -0.101449 0.085706 0.813938
v -0.113164 0.089403 0.823161
v -0.108879 0.089642 0.815128
v -0.102256 0.087542 0.811778
v -0.114655 0.092794 0.819169
v -0.109225 0.092393 0.811869
v -0.102495 0.089437 0.809533
v -0.115096 0.096295 0.815021
v -0.108733 0.095123 0.808612
v -0.102156 0.091318 0.807289
v -0.114470 0.099771 0.810875
v -0.107422 0.097730 0.805481
v -0.101252 0.093113 0.805133
v -0.112800 0.103088 0.806891
v -0.105340 0.100111 0.802599
v -0.099819 0.094753 0.803148
v -0.110152 0.106119 0.803222
v -0.102570 0.102175 0.800075
v -0.097911 0.096175 0.801409
v -0.106626 0.108747 0.800009
v -0.099217 0.103844 0.798006
v -0.095601 0.097325 0.799984
v -0.102358 0.110871 0.797376
v -0.095410 0.105054 0.796471
v -0.092978 0.098158 0.798927
v -0.097512 0.112410 0.795423
v -0.091295 0.105756 0.795531
v -0.090144 0.098642 0.798279
v -0.092275 0.113304 0.794226
v -0.087030 0.105925 0.795221
v -0.087207 0.098758 0.798065
v -0.086847 0.113519 0.793831
v -0.082780 0.105555 0.795552
v -0.084279 0.098503 0.798294
v -0.081438 0.113048 0.794253
v -0.078708 0.104659 0.796513
v -0.081474 0.097886 0.798955
v -0.076255 0.111907 0.795475
v -0.074970 0.103271 0.798065
v -0.078899 0.096930 0.800025
v -0.071497 0.110141 0.797452
v -0.071709 0.101446 0.800151
v -0.076653 0.095673 0.801461
v -0.067347 0.107818 0.800106
v -0.069052 0.099253 0.802688
v -0.074823 0.094162 0.803209
v -0.063965 0.105027 0.803336
v -0.067100 0.096776 0.805581
v -0.073478 0.092456 0.805202
v -0.061481 0.101875 0.807017
v -0.065928 0.094112 0.808717
v -0.072671 0.090621 0.807362
v -0.059989 0.098483 0.811009
v -0.065582 0.091361 0.811976
v -0.072433 0.088726 0.809607
v -0.059548 0.094982 0.815157
v -0.066074 0.088630 0.815234
v -0.072772 0.086845 0.811851
v -0.060175 0.091506 0.819303
v -0.067385 0.086024 0.818364
v -0.073675 0.085050 0.814007
v -0.061844 0.088189 0.823287
v -0.069467 0.083643 0.821247
v -0.075109 0.083410 0.815992
v -0.064493 0.085159 0.826956
v -0.072237 0.081578 0.823771
v -0.077017 0.081987 0.817731
v -0.068019 0.082531 0.830169
v -0.075590 0.079909 0.825840
v -0.079327 0.080838 0.819156
v -0.072287 0.080407 0.832802
v -0.079397 0.078700 0.827374
v -0.081949 0.080005 0.820213
v -0.077133 0.078868 0.834755
v -0.075428 0.080617 0.842377
v -0.082370 0.077974 0.835951
v -0.081502 0.079395 0.843375
v -0.087785 0.079047 0.843609
v -0.094043 0.079691 0.843344
v -0.100047 0.081199 0.842317
v -0.105788 0.083200 0.839770
v -0.107649 0.086657 0.846738
v -0.110712 0.085901 0.836565
v -0.113209 0.089539 0.842925
v -0.114689 0.089183 0.832767
v -0.117628 0.093186 0.838705
v -0.117610 0.092890 0.828438
v -0.120874 0.097305 0.833895
v -0.119364 0.096878 0.823745
v -0.122823 0.101736 0.828679
v -0.119882 0.100995 0.818866
v -0.123399 0.106310 0.823259
v -0.119146 0.105082 0.813991
v -0.122581 0.110852 0.817842
v -0.117183 0.108982 0.809307
v -0.120399 0.115185 0.812637
v -0.114068 0.112546 0.804993
v -0.116939 0.119145 0.807843
v -0.109922 0.115636 0.801215
v -0.112332 0.122579 0.803646
v -0.104903 0.118134 0.798118
v -0.106756 0.125354 0.800205
v -0.099205 0.119943 0.795822
v -0.100424 0.127365 0.797654
v -0.093047 0.120995 0.794415
v -0.093582 0.128533 0.796090
v -0.086665 0.121248 0.793950
v -0.086490 0.128815 0.795574
v -0.080304 0.120693 0.794446
v -0.079422 0.128198 0.796125
v -0.074209 0.119352 0.795884
v -0.072650 0.126708 0.797722
v -0.068615 0.117276 0.798208
v -0.066434 0.124401 0.800304
v -0.063735 0.114544 0.801329
v -0.061012 0.121365 0.803772
v -0.059758 0.111262 0.805126
v -0.056593 0.117719 0.807992
v -0.056837 0.107555 0.809455
v -0.053347 0.113600 0.812802
v -0.055083 0.103567 0.814149
v -0.051398 0.109169 0.818017
v -0.054565 0.099451 0.819027
v -0.050822 0.104595 0.823438
v -0.055301 0.095364 0.823902
v -0.051641 0.100053 0.828855
v -0.057264 0.091463 0.828587
v -0.053822 0.095720 0.834060
v -0.060379 0.087900 0.832901
v -0.057283 0.091760 0.838853
v -0.064525 0.084810 0.836679
v -0.061890 0.088326 0.843051
v -0.069587 0.082344 0.839859
v -0.067599 0.085710 0.846836
v -0.065952 0.090172 0.852787
v -0.080045 0.086503 0.857230
v -0.079665 0.091927 0.862732
v -0.087653 0.086084 0.857639
v -0.087537 0.091578 0.863348
v -0.095230 0.086862 0.857192
v -0.095380 0.092298 0.862693
v -0.109112 0.091193 0.852680
v -0.109585 0.096630 0.857911
v -0.114695 0.094234 0.848906
v -0.115110 0.099804 0.854280
v -0.119386 0.098106 0.844427
v -0.119893 0.103752 0.849713
v -0.122832 0.102477 0.839320
v -0.123407 0.108210 0.844506
v -0.124900 0.107182 0.833784
v -0.125516 0.113006 0.838861
v -0.125512 0.112038 0.828029
v -0.126139 0.117957 0.832994
v -0.124643 0.116859 0.822279
v -0.125254 0.122873 0.827131
v -0.122327 0.121460 0.816753
v -0.122893 0.127563 0.821497
v -0.118654 0.125663 0.811664
v -0.119147 0.131849 0.816309
v -0.113763 0.129308 0.807208
v -0.114160 0.135566 0.811765
v -0.107843 0.132255 0.803555
v -0.108124 0.138570 0.808041
v -0.101122 0.134389 0.800847
v -0.101272 0.140746 0.805279
v -0.093858 0.135629 0.799187
v -0.093865 0.142011 0.803587
v -0.086329 0.135928 0.798639
v -0.086189 0.142316 0.803028
v -0.078827 0.135274 0.799224
v -0.078539 0.141649 0.803625
v -0.071637 0.133692 0.800920
v -0.071209 0.140035 0.805353
v -0.065038 0.131243 0.803661
v -0.064481 0.137538 0.808148
v -0.059282 0.128020 0.807342
v -0.058612 0.134253 0.811902
v -0.054591 0.124149 0.811822
v -0.053829 0.130305 0.816469
v -0.051145 0.119777 0.816928
v -0.050315 0.125848 0.821676
v -0.049076 0.115072 0.822465
v -0.048206 0.121051 0.827321
v -0.048465 0.110216 0.828219
v -0.047583 0.116100 0.833188
v -0.049333 0.105395 0.833970
v -0.048468 0.111185 0.839051
v -0.051649 0.100795 0.839495
v -0.050830 0.106494 0.844685
v -0.055323 0.096591 0.844584
v -0.054575 0.102208 0.849873
v -0.060214 0.092946 0.849041
v -0.059562 0.098491 0.854417
v -0.059959 0.104749 0.858974
v -0.065249 0.095581 0.858020
v -0.065704 0.101676 0.862469
v -0.067111 0.108340 0.865882
v -0.079791 0.098281 0.867143
v -0.087393 0.098141 0.867786
v -0.094976 0.098640 0.867105
v -0.108864 0.102697 0.862362
v -0.107161 0.109287 0.865784
v -0.114440 0.106037 0.858840
v -0.112710 0.112692 0.862410
v -0.119131 0.109908 0.854360
v -0.117129 0.116339 0.858190
v -0.122577 0.114280 0.849254
v -0.120375 0.120457 0.853380
v -0.124646 0.118985 0.843717
v -0.122324 0.124888 0.848165
v -0.125258 0.123841 0.837963
v -0.122900 0.129463 0.842744
v -0.124389 0.128662 0.832213
v -0.122082 0.134004 0.837328
v -0.122073 0.133262 0.826687
v -0.119900 0.138338 0.832122
v -0.118399 0.137466 0.821598
v -0.116439 0.142297 0.827329
v -0.113508 0.141111 0.817141
v -0.111832 0.145731 0.823131
v -0.107589 0.144057 0.813489
v -0.106256 0.148506 0.819690
v -0.100867 0.146192 0.810781
v -0.099925 0.150517 0.817139
v -0.093603 0.147432 0.809121
v -0.093082 0.151685 0.815575
v -0.086075 0.147731 0.808573
v -0.085991 0.151967 0.815059
v -0.078572 0.147077 0.809158
v -0.078923 0.151351 0.815610
v -0.071383 0.145495 0.810853
v -0.072151 0.149860 0.817208
v -0.064783 0.143046 0.813594
v -0.065934 0.147553 0.819790
v -0.059027 0.139823 0.817276
v -0.060513 0.144518 0.823257
v -0.054336 0.135952 0.821756
v -0.056094 0.140871 0.827477
v -0.050890 0.131580 0.826862
v -0.052848 0.136753 0.832287
v -0.048822 0.126875 0.832399
v -0.050899 0.132321 0.837503
v -0.048210 0.122019 0.838153
v -0.050323 0.127747 0.842923
v -0.049079 0.117198 0.843903
v -0.051141 0.123206 0.848340
v -0.051395 0.112598 0.849429
v -0.053323 0.118872 0.853545
v -0.055069 0.108394 0.854518
v -0.056783 0.114912 0.858339
v -0.059654 0.121511 0.861189
v -0.061390 0.111479 0.862536
v -0.063800 0.118421 0.864967
v -0.067096 0.125311 0.866173
v -0.068864 0.115836 0.868047
v -0.071364 0.123186 0.868806
v -0.074713 0.113798 0.870303
v -0.076210 0.121648 0.870759
v -0.080774 0.113177 0.871806
v -0.081447 0.120753 0.871956
v -0.087049 0.113164 0.872323
v -0.086875 0.120538 0.872351
v -0.093314 0.113473 0.871775
v -0.092284 0.121009 0.871929
v -0.099331 0.114380 0.870243
v -0.097467 0.122150 0.870707
v -0.105066 0.116692 0.867958
v -0.102225 0.123916 0.868730
v -0.109987 0.119513 0.864854
v -0.106375 0.126239 0.866076
v -0.113964 0.122795 0.861056
v -0.109757 0.129030 0.862846
v -0.116885 0.126502 0.856727
v -0.112241 0.132182 0.859165
v -0.118639 0.130490 0.852033
v -0.113733 0.135574 0.855173
v -0.119157 0.134607 0.847155
v -0.114174 0.139075 0.851025
v -0.118421 0.138694 0.842280
v -0.113547 0.142551 0.846879
v -0.116458 0.142594 0.837595
v -0.111878 0.145868 0.842895
v -0.113343 0.146158 0.833281
v -0.109229 0.148898 0.839226
v -0.109197 0.149248 0.829503
v -0.105703 0.151526 0.836013
v -0.104178 0.151745 0.826407
v -0.101435 0.153650 0.833380
v -0.098481 0.153555 0.824111
v -0.096590 0.155189 0.831427
v -0.092322 0.154607 0.822703
v -0.091352 0.156084 0.830231
v -0.085940 0.154860 0.822239
v -0.085925 0.156299 0.829835
v -0.079579 0.154305 0.822735
v -0.080515 0.155827 0.830257
v -0.073485 0.152964 0.824172
v -0.075332 0.154687 0.831480
v -0.067890 0.150888 0.826496
v -0.070574 0.152921 0.833456
v -0.063010 0.148156 0.829617
v -0.066425 0.150598 0.836110
v -0.059033 0.144874 0.833415
v -0.063043 0.147807 0.839340
v -0.056112 0.141167 0.837744
v -0.060558 0.144655 0.843021
v -0.054358 0.137179 0.842438
v -0.059067 0.141263 0.847013
v -0.053840 0.133063 0.847316
v -0.058626 0.137762 0.851162
v -0.054576 0.128975 0.852191
v -0.059252 0.134286 0.855307
v -0.056540 0.125075 0.856875
v -0.060922 0.130969 0.859291
v -0.066301 0.136328 0.860701
v -0.063570 0.127939 0.862960
v -0.068382 0.133946 0.863583
v -0.073903 0.139304 0.863034
v -0.071152 0.131882 0.866107
v -0.075811 0.137882 0.864773
v -0.074505 0.130213 0.868176
v -0.078121 0.136732 0.866198
v -0.078313 0.129004 0.869711
v -0.080744 0.135900 0.867255
v -0.082427 0.128301 0.870651
v -0.083578 0.135416 0.867903
v -0.086692 0.128132 0.870961
v -0.086515 0.135299 0.868117
v -0.090942 0.128502 0.870630
v -0.089443 0.135554 0.867888
v -0.095014 0.129399 0.869669
v -0.092248 0.136171 0.867227
v -0.098753 0.130786 0.868117
v -0.094823 0.137127 0.866157
v -0.102013 0.132611 0.866031
v -0.097069 0.138384 0.864721
v -0.104670 0.134804 0.863494
v -0.098899 0.139895 0.862973
v -0.106622 0.137281 0.860601
v -0.100244 0.141601 0.860980
v -0.107794 0.139946 0.857465
v -0.101051 0.143436 0.858820
v -0.108141 0.142696 0.854206
v -0.101290 0.145331 0.856575
v -0.107648 0.145427 0.850948
v -0.100951 0.147212 0.854331
v -0.106337 0.148033 0.847818
v -0.100047 0.149007 0.852175
v -0.104256 0.150414 0.844935
v -0.098613 0.150648 0.850190
v -0.101485 0.152479 0.842411
v -0.096705 0.152070 0.848451
v -0.098132 0.154148 0.840342
v -0.094395 0.153219 0.847026
v -0.094325 0.155357 0.838808
v -0.091773 0.154052 0.845969
v -0.090210 0.156060 0.837868
v -0.088939 0.154536 0.845321
v -0.085945 0.156229 0.837557
v -0.086001 0.154653 0.845107
v -0.081695 0.155859 0.837889
v -0.083074 0.154398 0.845336
v -0.077623 0.154962 0.838849
v -0.080269 0.153780 0.845997
v -0.073885 0.153575 0.840402
v -0.077694 0.152825 0.847067
v -0.070624 0.151750 0.842487
v -0.075448 0.151567 0.848503
v -0.067967 0.149557 0.845025
v -0.073617 0.150057 0.850251
v -0.066015 0.147080 0.847917
v -0.072273 0.148351 0.852244
v -0.064843 0.144415 0.851054
v -0.071466 0.146515 0.854404
v -0.064497 0.141665 0.854313
v -0.071227 0.144621 0.856649
v -0.064989 0.138934 0.857570
v -0.071566 0.142739 0.858893
v -0.078453 0.145493 0.859248
v -0.072470 0.140944 0.861049
v -0.078931 0.144544 0.860388
v -0.079689 0.143677 0.861438
v -0.086206 0.147400 0.858652
v -0.091745 0.150426 0.853727
v -0.086358 0.141559 0.864125
v -0.084804 0.141621 0.864012
v -0.083306 0.141877 0.863670
v -0.081919 0.142317 0.863111
v -0.080698 0.142925 0.862358
v -0.078274 0.146488 0.858062
v -0.078400 0.147490 0.856875
v -0.078827 0.148460 0.855733
v -0.079538 0.149362 0.854679
v -0.080506 0.150161 0.853755
v -0.081693 0.150825 0.852996
v -0.083055 0.151331 0.852430
v -0.084538 0.151657 0.852080
v -0.086086 0.151792 0.851960
v -0.087639 0.151730 0.852073
v -0.089137 0.151475 0.852415
v -0.090524 0.151034 0.852974
v -0.092754 0.149674 0.854647
v -0.093512 0.148807 0.855697
v -0.093990 0.147858 0.856837
v -0.094169 0.146863 0.858023
v -0.094043 0.145862 0.859210
v -0.093616 0.144891 0.860352
v -0.092905 0.143989 0.861406
v -0.091938 0.143190 0.862330
v -0.090750 0.142526 0.863089
v -0.089389 0.142020 0.863655
v -0.087905 0.141694 0.864005
v -0.084585 0.082583 0.813767
v -0.084784 0.079521 0.820861
v -0.086083 0.082327 0.814109
v -0.087516 0.086658 0.807530
v -0.087636 0.082265 0.814222
v -0.089184 0.082400 0.814102
v -0.090667 0.082726 0.813752
v -0.092029 0.083232 0.813186
v -0.093216 0.083897 0.812427
v -0.094184 0.084695 0.811503
v -0.094895 0.085597 0.810449
v -0.095322 0.086568 0.809307
v -0.095448 0.087570 0.808120
v -0.095269 0.088564 0.806934
v -0.094791 0.089513 0.805794
v -0.094033 0.090380 0.804744
v -0.093024 0.091132 0.803824
v -0.091803 0.091740 0.803071
v -0.090416 0.092181 0.802512
v -0.088918 0.092437 0.802170
v -0.087365 0.092498 0.802057
v -0.085817 0.092363 0.802177
v -0.084333 0.092037 0.802527
v -0.082972 0.091532 0.803093
v -0.081785 0.090867 0.803852
v -0.080817 0.090068 0.804776
v -0.080106 0.089166 0.805830
v -0.079679 0.088196 0.806972
v -0.079553 0.087194 0.808159
v -0.079732 0.086199 0.809345
v -0.080210 0.085250 0.810485
v -0.080968 0.084383 0.811535
v -0.081977 0.083631 0.812455
v -0.083198 0.083023 0.813208
v -0.081070 0.082294 0.851013
v -0.081241 0.081398 0.849042
v -0.081222 0.081924 0.850326
v -0.087759 0.080648 0.848406
v -0.087743 0.081494 0.850292
v -0.087751 0.081088 0.849489
v -0.094237 0.081705 0.849010
v -0.094375 0.082608 0.850980
v -0.094237 0.082232 0.850294
v -0.099571 0.085195 0.852754
v -0.100781 0.084794 0.850746
v -0.099697 0.085175 0.852614
v -0.075766 0.084632 0.852812
v -0.074567 0.084175 0.850811
v -0.075641 0.084606 0.852673
v -0.070769 0.088929 0.855606
v -0.072662 0.088424 0.856356
v -0.071914 0.088704 0.856233
v -0.069508 0.093983 0.860029
v -0.071360 0.093448 0.860712
v -0.070526 0.093656 0.860444
v -0.102510 0.089130 0.856283
v -0.104374 0.089723 0.855524
v -0.103243 0.089444 0.856156
v -0.103594 0.094210 0.860633
v -0.105416 0.094832 0.859940
v -0.104416 0.094457 0.860360
v -0.070546 0.099233 0.864278
v -0.072442 0.098628 0.864943
v -0.071699 0.098682 0.864631
v -0.074121 0.104863 0.868222
v -0.075374 0.102843 0.868139
v -0.075244 0.102982 0.868138
v -0.080577 0.105148 0.870248
v -0.080683 0.107247 0.870797
v -0.080706 0.105891 0.870497
v -0.087211 0.106163 0.871053
v -0.087165 0.108165 0.871565
v -0.087192 0.107023 0.871317
v -0.093882 0.105462 0.870215
v -0.093680 0.107554 0.870765
v -0.093720 0.106199 0.870465
v -0.102290 0.099333 0.864870
v -0.104152 0.100027 0.864195
v -0.103028 0.099423 0.864554
v -0.099178 0.103406 0.868080
v -0.100335 0.105482 0.868158
v -0.099301 0.103550 0.868079
v -0.079803 0.089141 0.860085
v -0.083874 0.086171 0.857496
v -0.087597 0.088772 0.860654
v -0.091423 0.086350 0.857478
v -0.095362 0.089509 0.860047
v -0.079676 0.095012 0.865027
v -0.083615 0.098172 0.867596
v -0.087469 0.094712 0.865653
v -0.091164 0.098350 0.867578
v -0.095235 0.095380 0.864988
v -0.091401 0.091833 0.863144
v -0.083664 0.091650 0.863163
v -0.074461 0.086140 0.854319
v -0.077948 0.083597 0.852103
v -0.072140 0.090785 0.858591
v -0.100811 0.086763 0.854254
v -0.102931 0.091513 0.858515
v -0.072027 0.096010 0.862989
v -0.074139 0.101069 0.866884
v -0.102818 0.096738 0.862913
v -0.100489 0.101692 0.866819
v -0.097002 0.104234 0.869035
v -0.090627 0.105630 0.870665
v -0.083823 0.105469 0.870682
v -0.077513 0.103773 0.869084
v -0.097437 0.084058 0.852055
v -0.091136 0.082054 0.850823
v -0.084331 0.081893 0.850840
v -0.076025 0.087461 0.856772
v -0.080557 0.084155 0.853890
v -0.087703 0.083543 0.853727
v -0.094813 0.084492 0.853855
v -0.099199 0.088009 0.856714
v -0.075172 0.092694 0.861705
v -0.075787 0.098467 0.866035
v -0.099828 0.093277 0.861644
v -0.098961 0.099015 0.865978
v -0.080173 0.101983 0.868895
v -0.087296 0.102429 0.869622
v -0.094429 0.102320 0.868860
v -0.097894 0.101982 0.867758
v -0.090873 0.102426 0.869374
v -0.083722 0.102257 0.869392
v -0.076722 0.101482 0.867810
v -0.099520 0.096119 0.863875
v -0.099640 0.090588 0.859220
v -0.075356 0.095547 0.863935
v -0.075475 0.090016 0.859280
v -0.098245 0.085723 0.854074
v -0.091273 0.083878 0.853764
v -0.084122 0.083709 0.853782
v -0.077073 0.085222 0.854126
v -0.091308 0.094965 0.865450
v -0.083621 0.094783 0.865469
v -0.091436 0.089025 0.860452
v -0.083749 0.088844 0.860471
v -0.085636 0.077845 0.828550
v -0.087753 0.078431 0.824810
v -0.087792 0.077603 0.832483
v -0.089914 0.077946 0.828539
v -0.091359 0.078745 0.824529
v -0.092645 0.078027 0.832104
v -0.094095 0.078583 0.827890
v -0.094815 0.079505 0.823714
v -0.097295 0.079050 0.831008
v -0.098019 0.079730 0.826627
v -0.097986 0.080683 0.822396
v -0.101563 0.080634 0.829235
v -0.101536 0.081344 0.824799
v -0.100753 0.082231 0.820627
v -0.105286 0.082718 0.826853
v -0.104509 0.083363 0.822477
v -0.103008 0.084092 0.818474
v -0.108321 0.085223 0.823956
v -0.106825 0.085709 0.819749
v -0.104664 0.086193 0.816019
v -0.110550 0.088050 0.820653
v -0.108394 0.088292 0.816720
v -0.105658 0.088454 0.813358
v -0.111888 0.091093 0.817072
v -0.109157 0.091013 0.813506
v -0.105952 0.090788 0.810593
v -0.112283 0.094234 0.813350
v -0.109084 0.093767 0.810232
v -0.105535 0.093106 0.807829
v -0.111721 0.097353 0.809630
v -0.108177 0.096449 0.807023
v -0.104421 0.095317 0.805173
v -0.110223 0.100328 0.806056
v -0.106473 0.098954 0.804002
v -0.102656 0.097337 0.802727
v -0.107847 0.103047 0.802764
v -0.104035 0.101188 0.801286
v -0.100305 0.099089 0.800585
v -0.104684 0.105405 0.799882
v -0.100959 0.103064 0.798978
v -0.097460 0.100505 0.798830
v -0.100855 0.107311 0.797520
v -0.097361 0.104510 0.797168
v -0.094229 0.101531 0.797528
v -0.096507 0.108691 0.795768
v -0.093381 0.105470 0.795924
v -0.090738 0.102127 0.796730
v -0.091809 0.109494 0.794694
v -0.089171 0.105908 0.795296
v -0.087120 0.102271 0.796467
v -0.086939 0.109687 0.794339
v -0.084893 0.105807 0.795306
v -0.083514 0.101956 0.796748
v -0.082086 0.109264 0.794718
v -0.080712 0.105171 0.795955
v -0.080058 0.101196 0.797563
v -0.077436 0.108241 0.795815
v -0.076788 0.104023 0.797218
v -0.076886 0.100019 0.798881
v -0.073167 0.106656 0.797588
v -0.073271 0.102409 0.799046
v -0.074120 0.098470 0.800650
v -0.069444 0.104572 0.799969
v -0.070298 0.100390 0.801369
v -0.071865 0.096609 0.802803
v -0.066410 0.102068 0.802866
v -0.067982 0.098044 0.804097
v -0.070209 0.094508 0.805257
v -0.064181 0.099240 0.806169
v -0.066413 0.095461 0.807126
v -0.069215 0.092247 0.807918
v -0.062843 0.096197 0.809751
v -0.065650 0.092740 0.810339
v -0.068921 0.089913 0.810684
v -0.062447 0.093056 0.813472
v -0.065723 0.089986 0.813613
v -0.069338 0.087596 0.813448
v -0.063009 0.089938 0.817192
v -0.066630 0.087305 0.816822
v -0.070451 0.085385 0.816104
v -0.064507 0.086962 0.820766
v -0.068334 0.084799 0.819843
v -0.072217 0.083364 0.818550
v -0.066884 0.084243 0.824058
v -0.070772 0.082566 0.822560
v -0.074568 0.081612 0.820691
v -0.070047 0.081885 0.826940
v -0.073848 0.080690 0.824868
v -0.077413 0.080196 0.822447
v -0.073876 0.079980 0.829303
v -0.077446 0.079244 0.826678
v -0.080643 0.079170 0.823749
v -0.078223 0.078599 0.831055
v -0.081426 0.078283 0.827921
v -0.076159 0.079519 0.838477
v -0.079715 0.078337 0.835451
v -0.074649 0.079560 0.833869
v -0.082922 0.077797 0.832128
v -0.081874 0.078520 0.839734
v -0.085073 0.077780 0.836251
v -0.084626 0.079097 0.843554
v -0.078444 0.079926 0.843037
v -0.087795 0.078272 0.840137
v -0.090938 0.079246 0.843539
v -0.093695 0.078799 0.839705
v -0.097071 0.080366 0.842991
v -0.099350 0.080067 0.838420
v -0.102983 0.082129 0.841192
v -0.104570 0.081988 0.836232
v -0.106784 0.084772 0.843330
v -0.108368 0.084463 0.838229
v -0.109112 0.084524 0.833320
v -0.112082 0.087579 0.839777
v -0.112823 0.087481 0.834742
v -0.112809 0.087575 0.829789
v -0.116300 0.091060 0.835749
v -0.116289 0.090992 0.830659
v -0.115525 0.091021 0.825764
v -0.119399 0.094991 0.831157
v -0.118638 0.094858 0.826126
v -0.117155 0.094729 0.821401
v -0.121259 0.099221 0.826179
v -0.119780 0.098930 0.821317
v -0.117637 0.098556 0.816865
v -0.121809 0.103588 0.821005
v -0.119670 0.103052 0.816417
v -0.116953 0.102356 0.812333
v -0.121028 0.107923 0.815834
v -0.118314 0.107065 0.811614
v -0.115128 0.105982 0.807978
v -0.118945 0.112060 0.810865
v -0.115763 0.110815 0.807093
v -0.112232 0.109295 0.803967
v -0.115642 0.115840 0.806289
v -0.112115 0.114158 0.803027
v -0.108377 0.112168 0.800455
v -0.111244 0.119117 0.802282
v -0.107510 0.116965 0.799573
v -0.103712 0.114490 0.797576
v -0.105921 0.121767 0.798998
v -0.102126 0.119129 0.796864
v -0.098414 0.116172 0.795442
v -0.099878 0.123686 0.796562
v -0.096169 0.120567 0.795003
v -0.092689 0.117150 0.794133
v -0.093346 0.124801 0.795070
v -0.089869 0.121222 0.794063
v -0.086756 0.117385 0.793701
v -0.086576 0.125070 0.794577
v -0.083467 0.121071 0.794079
v -0.080842 0.116870 0.794162
v -0.079830 0.124482 0.795103
v -0.077209 0.120119 0.795050
v -0.075176 0.115623 0.795499
v -0.073365 0.123059 0.796628
v -0.071336 0.118401 0.796940
v -0.069975 0.113692 0.797659
v -0.067431 0.120857 0.799092
v -0.066073 0.115986 0.799675
v -0.065438 0.111153 0.800561
v -0.062255 0.117959 0.802403
v -0.061624 0.112964 0.803151
v -0.061741 0.108101 0.804091
v -0.058037 0.114478 0.806431
v -0.058158 0.109453 0.807235
v -0.059025 0.104656 0.808116
v -0.054938 0.110547 0.811023
v -0.055809 0.105587 0.811768
v -0.057394 0.100948 0.812480
v -0.053078 0.106317 0.816001
v -0.054667 0.101515 0.816577
v -0.056912 0.097121 0.817015
v -0.052528 0.101950 0.821175
v -0.054777 0.097394 0.821477
v -0.057597 0.093321 0.821547
v -0.053309 0.097615 0.826346
v -0.056133 0.093381 0.826280
v -0.059422 0.089695 0.825902
v -0.055392 0.093478 0.831315
v -0.058684 0.089631 0.830801
v -0.062318 0.086382 0.829913
v -0.058695 0.089698 0.835891
v -0.062332 0.086288 0.834866
v -0.066173 0.083509 0.833425
v -0.063093 0.086421 0.839898
v -0.066942 0.083484 0.838331
v -0.070844 0.081191 0.836315
v -0.068535 0.083868 0.843425
v -0.072447 0.081407 0.841267
v -0.066706 0.087816 0.849935
v -0.064586 0.086869 0.844918
v -0.079720 0.090506 0.861442
v -0.085764 0.086095 0.857596
v -0.087568 0.090144 0.862038
v -0.093311 0.086546 0.857353
v -0.095386 0.090876 0.861403
v -0.108457 0.088803 0.849833
v -0.109497 0.093813 0.855376
v -0.111958 0.092556 0.850868
v -0.114083 0.091765 0.845978
v -0.115038 0.096923 0.851683
v -0.117185 0.096097 0.846756
v -0.118660 0.095543 0.841607
v -0.119798 0.100851 0.847137
v -0.121274 0.100239 0.841940
v -0.122022 0.099808 0.836624
v -0.123295 0.105287 0.841956
v -0.124044 0.104799 0.836593
v -0.124041 0.104398 0.831222
v -0.125393 0.110060 0.836338
v -0.125391 0.109603 0.830920
v -0.124637 0.109136 0.825608
v -0.126014 0.114988 0.830499
v -0.125262 0.114464 0.825140
v -0.123790 0.113840 0.819998
v -0.125133 0.119879 0.824665
v -0.123662 0.119198 0.819474
v -0.121530 0.118329 0.814606
v -0.122783 0.124548 0.819058
v -0.120653 0.123621 0.814141
v -0.117946 0.122430 0.809641
v -0.119055 0.128813 0.813894
v -0.116349 0.127565 0.809346
v -0.113174 0.125987 0.805293
v -0.114092 0.132512 0.809372
v -0.110918 0.130876 0.805272
v -0.107398 0.128861 0.801729
v -0.108086 0.135501 0.805666
v -0.104567 0.133429 0.802076
v -0.100840 0.130944 0.799087
v -0.101266 0.137667 0.802918
v -0.097541 0.135125 0.799881
v -0.093753 0.132154 0.797467
v -0.093895 0.138926 0.801234
v -0.090109 0.135898 0.798772
v -0.086408 0.132446 0.796932
v -0.086256 0.139229 0.800678
v -0.082557 0.135720 0.798790
v -0.079087 0.131807 0.797503
v -0.078643 0.138565 0.801271
v -0.075175 0.134596 0.799936
v -0.072073 0.130264 0.799158
v -0.071349 0.136960 0.802992
v -0.068247 0.132570 0.802165
v -0.065634 0.127874 0.801832
v -0.064652 0.134474 0.805773
v -0.062040 0.129721 0.805392
v -0.060018 0.124730 0.805424
v -0.058812 0.131205 0.809508
v -0.056791 0.126157 0.809492
v -0.055441 0.120953 0.809795
v -0.054052 0.127276 0.814054
v -0.052703 0.122015 0.814309
v -0.052079 0.116687 0.814777
v -0.050555 0.122840 0.819235
v -0.049932 0.117455 0.819656
v -0.050060 0.112097 0.820179
v -0.048456 0.118067 0.824853
v -0.048586 0.112652 0.825329
v -0.049463 0.107359 0.825793
v -0.047836 0.113140 0.830692
v -0.048715 0.107790 0.831109
v -0.050311 0.102655 0.831404
v -0.048717 0.108248 0.836527
v -0.050315 0.103056 0.836774
v -0.052571 0.098166 0.836795
v -0.051067 0.103580 0.842134
v -0.053324 0.098633 0.842107
v -0.056155 0.094065 0.841761
v -0.054795 0.099314 0.847297
v -0.057627 0.094690 0.846903
v -0.060927 0.090509 0.846108
v -0.059758 0.095616 0.851819
v -0.063036 0.091399 0.850988
v -0.059630 0.101546 0.856810
v -0.062419 0.096904 0.856376
v -0.056925 0.100269 0.852237
v -0.065457 0.092772 0.855485
v -0.065332 0.098563 0.860359
v -0.066337 0.104906 0.864319
v -0.062782 0.103165 0.860891
v -0.079709 0.096606 0.866119
v -0.085505 0.098134 0.867729
v -0.087433 0.096346 0.866748
v -0.093054 0.098487 0.867403
v -0.095133 0.096971 0.866081
v -0.109372 0.099604 0.860251
v -0.108089 0.105893 0.864216
v -0.111705 0.104322 0.860770
v -0.114910 0.102853 0.856674
v -0.113704 0.109327 0.860758
v -0.116931 0.107900 0.856690
v -0.119670 0.106781 0.852128
v -0.118281 0.113105 0.856387
v -0.121019 0.112042 0.851873
v -0.123167 0.111217 0.846947
v -0.121644 0.117370 0.851405
v -0.123790 0.116602 0.846526
v -0.125266 0.115990 0.841329
v -0.123662 0.121960 0.846003
v -0.125136 0.121405 0.840853
v -0.125886 0.120918 0.835490
v -0.124259 0.126698 0.840389
v -0.125007 0.126267 0.835073
v -0.125005 0.125809 0.829655
v -0.123411 0.131402 0.834778
v -0.123407 0.131001 0.829408
v -0.122655 0.130478 0.824048
v -0.121152 0.135891 0.829387
v -0.120398 0.135424 0.824075
v -0.118927 0.134743 0.818885
v -0.117567 0.139992 0.824422
v -0.116095 0.139368 0.819279
v -0.113965 0.138441 0.814363
v -0.112795 0.143549 0.820074
v -0.110664 0.142679 0.815205
v -0.107958 0.141431 0.810657
v -0.107019 0.146423 0.816510
v -0.104313 0.145232 0.812010
v -0.101138 0.143597 0.807909
v -0.100462 0.148506 0.813867
v -0.097286 0.146928 0.809815
v -0.093767 0.144856 0.806224
v -0.093374 0.149716 0.812248
v -0.089854 0.147701 0.808705
v -0.086129 0.145159 0.805668
v -0.086029 0.150008 0.811713
v -0.082302 0.147522 0.808724
v -0.078515 0.144495 0.806262
v -0.078708 0.149369 0.812284
v -0.074920 0.146399 0.809870
v -0.071221 0.142890 0.807983
v -0.071694 0.147826 0.813938
v -0.067993 0.144373 0.812099
v -0.064524 0.140404 0.810764
v -0.065255 0.145436 0.816613
v -0.061785 0.141524 0.815326
v -0.058684 0.137135 0.814499
v -0.059639 0.142292 0.820204
v -0.056537 0.137960 0.819426
v -0.053924 0.133206 0.819045
v -0.055062 0.138515 0.824575
v -0.052448 0.133818 0.824242
v -0.050428 0.128770 0.824226
v -0.051700 0.134249 0.829558
v -0.049678 0.129258 0.829589
v -0.048329 0.123997 0.829844
v -0.049681 0.129659 0.834960
v -0.048331 0.124455 0.835262
v -0.047708 0.119070 0.835683
v -0.049085 0.124921 0.840574
v -0.048460 0.119593 0.841042
v -0.048589 0.114178 0.841518
v -0.049932 0.120217 0.846184
v -0.050060 0.114859 0.846708
v -0.050939 0.109510 0.847124
v -0.052192 0.115729 0.851576
v -0.053070 0.110436 0.852041
v -0.054667 0.105244 0.852288
v -0.055776 0.111627 0.856541
v -0.057373 0.106492 0.856836
v -0.058080 0.118218 0.859893
v -0.058954 0.113121 0.860523
v -0.054900 0.116835 0.856005
v -0.060548 0.108071 0.860889
v -0.062478 0.114940 0.863900
v -0.064088 0.109956 0.864348
v -0.065345 0.121889 0.865727
v -0.066218 0.117081 0.866607
v -0.061607 0.119899 0.863155
v -0.067927 0.112038 0.867133
v -0.070016 0.119556 0.868604
v -0.071729 0.114681 0.869272
v -0.075332 0.117845 0.870733
v -0.077723 0.113342 0.871161
v -0.081045 0.116922 0.872054
v -0.083892 0.113130 0.872197
v -0.086965 0.116716 0.872492
v -0.090204 0.113279 0.872182
v -0.092867 0.117201 0.872025
v -0.096350 0.113782 0.871115
v -0.098523 0.118394 0.870676
v -0.102265 0.115403 0.869197
v -0.106177 0.112942 0.867039
v -0.103742 0.120354 0.868521
v -0.107644 0.118060 0.866505
v -0.111467 0.116098 0.863779
v -0.108284 0.122904 0.865621
v -0.112098 0.121093 0.863031
v -0.115685 0.119579 0.859751
v -0.111981 0.125956 0.862091
v -0.115564 0.124604 0.858948
v -0.118784 0.123511 0.855160
v -0.114697 0.129402 0.858066
v -0.117913 0.128470 0.854414
v -0.120644 0.127741 0.850181
v -0.116328 0.133109 0.853702
v -0.119055 0.132542 0.849605
v -0.121194 0.132107 0.845007
v -0.116810 0.136937 0.849167
v -0.118945 0.136664 0.844705
v -0.120413 0.136442 0.839836
v -0.116125 0.140736 0.844635
v -0.117589 0.140677 0.839902
v -0.118330 0.140579 0.834867
v -0.114300 0.144362 0.840280
v -0.115038 0.144427 0.835381
v -0.115027 0.144359 0.830291
v -0.111404 0.147675 0.836269
v -0.111390 0.147770 0.831316
v -0.110629 0.147637 0.826284
v -0.107550 0.150548 0.832757
v -0.106785 0.150577 0.827862
v -0.105306 0.150286 0.823000
v -0.102884 0.152870 0.829878
v -0.101401 0.152741 0.825153
v -0.099262 0.152205 0.820565
v -0.097587 0.154553 0.827743
v -0.095444 0.154179 0.823292
v -0.092730 0.153321 0.819072
v -0.091861 0.155530 0.826435
v -0.089144 0.154834 0.822351
v -0.085961 0.153589 0.818579
v -0.085928 0.155766 0.826003
v -0.082742 0.154683 0.822367
v -0.079214 0.153001 0.819105
v -0.080014 0.155250 0.826464
v -0.076484 0.153730 0.823339
v -0.072750 0.151578 0.820630
v -0.074348 0.154003 0.827801
v -0.070611 0.152013 0.825228
v -0.066816 0.149376 0.823095
v -0.069147 0.152073 0.829961
v -0.065348 0.149598 0.827964
v -0.061640 0.146479 0.826405
v -0.064610 0.149533 0.832862
v -0.060899 0.146576 0.831440
v -0.057422 0.142997 0.830433
v -0.060913 0.146482 0.836393
v -0.057433 0.143065 0.835523
v -0.054323 0.139066 0.835025
v -0.058197 0.143036 0.840418
v -0.055084 0.139199 0.840056
v -0.052463 0.134836 0.840003
v -0.056567 0.139328 0.844782
v -0.053942 0.135127 0.844865
v -0.051913 0.130469 0.845177
v -0.056085 0.135501 0.849317
v -0.054052 0.131005 0.849765
v -0.052694 0.126134 0.850348
v -0.056769 0.131701 0.853849
v -0.055408 0.126992 0.854568
v -0.054777 0.121997 0.855317
v -0.058595 0.128075 0.858204
v -0.057959 0.123242 0.859089
v -0.063499 0.133729 0.860126
v -0.062129 0.129411 0.861174
v -0.059960 0.132600 0.857329
v -0.061490 0.124762 0.862215
v -0.065875 0.131010 0.863418
v -0.065232 0.126568 0.864632
v -0.071066 0.136720 0.863455
v -0.069687 0.132869 0.864896
v -0.067249 0.135103 0.862180
v -0.069038 0.128652 0.866300
v -0.073417 0.134968 0.865597
v -0.072763 0.130993 0.867204
v -0.072867 0.126746 0.868663
v -0.076262 0.133552 0.867352
v -0.076361 0.129547 0.869015
v -0.077215 0.125366 0.870414
v -0.079493 0.132526 0.868654
v -0.080341 0.128587 0.870258
v -0.081913 0.124563 0.871488
v -0.082984 0.131930 0.869452
v -0.084551 0.128149 0.870886
v -0.086783 0.124370 0.871843
v -0.086602 0.131786 0.869715
v -0.088829 0.128250 0.870876
v -0.091636 0.124793 0.871464
v -0.090208 0.132101 0.869434
v -0.093010 0.128886 0.870227
v -0.096286 0.125817 0.870367
v -0.093664 0.132861 0.868619
v -0.096934 0.130034 0.868964
v -0.100555 0.127401 0.868594
v -0.096836 0.134038 0.867302
v -0.100451 0.131648 0.867136
v -0.104278 0.129485 0.866213
v -0.099602 0.135587 0.865532
v -0.103424 0.133667 0.864813
v -0.107312 0.131989 0.863316
v -0.101857 0.137448 0.863379
v -0.105740 0.136013 0.862085
v -0.109541 0.134817 0.860013
v -0.103513 0.139549 0.860925
v -0.107309 0.138596 0.859056
v -0.110879 0.137860 0.856431
v -0.104507 0.141810 0.858264
v -0.108072 0.141317 0.855843
v -0.111275 0.141001 0.852710
v -0.104801 0.144144 0.855498
v -0.107999 0.144071 0.852569
v -0.110713 0.144119 0.848990
v -0.104384 0.146461 0.852734
v -0.107092 0.146752 0.849360
v -0.109215 0.147095 0.845416
v -0.103271 0.148673 0.850078
v -0.105388 0.149258 0.846339
v -0.106838 0.149814 0.842124
v -0.101505 0.150693 0.847632
v -0.102950 0.151492 0.843622
v -0.103675 0.152172 0.839242
v -0.099154 0.152445 0.845491
v -0.099874 0.153368 0.841314
v -0.099846 0.154078 0.836879
v -0.096309 0.153861 0.843735
v -0.096276 0.154813 0.839504
v -0.095499 0.155458 0.835128
v -0.093079 0.154887 0.842433
v -0.092296 0.155774 0.838261
v -0.090800 0.156261 0.834054
v -0.089587 0.155483 0.841636
v -0.088086 0.156212 0.837632
v -0.085931 0.156454 0.833699
v -0.085969 0.155627 0.841372
v -0.083808 0.156111 0.837643
v -0.081078 0.156031 0.834078
v -0.082363 0.155312 0.841653
v -0.079627 0.155474 0.838292
v -0.076427 0.155007 0.835175
v -0.078907 0.154552 0.842468
v -0.075703 0.154327 0.839555
v -0.072159 0.153423 0.836948
v -0.075736 0.153375 0.843786
v -0.072186 0.152713 0.841383
v -0.068436 0.151339 0.839329
v -0.072969 0.151826 0.845555
v -0.069213 0.150694 0.843705
v -0.065401 0.148835 0.842226
v -0.070715 0.149965 0.847708
v -0.066897 0.148348 0.846433
v -0.063173 0.146007 0.845529
v -0.069058 0.147864 0.850163
v -0.065328 0.145765 0.849462
v -0.061834 0.142964 0.849110
v -0.068064 0.145603 0.852824
v -0.064565 0.143044 0.852676
v -0.061439 0.139823 0.852832
v -0.067770 0.143269 0.855589
v -0.064638 0.140290 0.855950
v -0.062001 0.136705 0.856552
v -0.068188 0.140952 0.858353
v -0.065545 0.137609 0.859159
v -0.075057 0.144271 0.859187
v -0.071949 0.141827 0.859987
v -0.071325 0.143674 0.857776
v -0.069301 0.138740 0.861009
v -0.075745 0.142905 0.860827
v -0.073123 0.140101 0.862068
v -0.079214 0.144069 0.860949
v -0.078587 0.144990 0.859839
v -0.081901 0.145828 0.859778
v -0.089480 0.149307 0.855838
v -0.086293 0.144063 0.861988
v -0.085375 0.144099 0.861921
v -0.084488 0.144250 0.861718
v -0.083668 0.144511 0.861388
v -0.082946 0.144870 0.860942
v -0.082349 0.145315 0.860398
v -0.081618 0.146389 0.859103
v -0.081512 0.146978 0.858402
v -0.081587 0.147570 0.857700
v -0.081839 0.148144 0.857024
v -0.082260 0.148677 0.856401
v -0.082832 0.149150 0.855855
v -0.083535 0.149543 0.855405
v -0.084340 0.149842 0.855071
v -0.085217 0.150035 0.854864
v -0.086132 0.150115 0.854793
v -0.087051 0.150078 0.854860
v -0.087937 0.149927 0.855062
v -0.088757 0.149666 0.855393
v -0.090076 0.148862 0.856382
v -0.090525 0.148349 0.857003
v -0.090807 0.147788 0.857677
v -0.090913 0.147200 0.858379
v -0.090838 0.146607 0.859081
v -0.090586 0.146033 0.859756
v -0.090166 0.145500 0.860379
v -0.089593 0.145028 0.860926
v -0.088891 0.144634 0.861375
v -0.088086 0.144336 0.861709
v -0.087209 0.144142 0.861916
v -0.088660 0.138804 0.866032
v -0.088681 0.141784 0.863906
v -0.087144 0.141551 0.864145
v -0.090794 0.139274 0.865528
v -0.090123 0.142206 0.863442
v -0.092754 0.140001 0.864714
v -0.091415 0.142799 0.862770
v -0.094463 0.140958 0.863621
v -0.092508 0.143541 0.861917
v -0.095855 0.142107 0.862291
v -0.093359 0.144404 0.860914
v -0.096878 0.143405 0.860775
v -0.093936 0.145353 0.859801
v -0.097493 0.144802 0.859131
v -0.094216 0.146353 0.858620
v -0.097674 0.146243 0.857423
v -0.094189 0.147365 0.857417
v -0.097416 0.147675 0.855716
v -0.093856 0.148350 0.856237
v -0.096729 0.149041 0.854075
v -0.093230 0.149271 0.855127
v -0.095638 0.150289 0.852564
v -0.092334 0.150092 0.854129
v -0.092428 0.152246 0.850157
v -0.089881 0.151313 0.852615
v -0.091203 0.150781 0.853281
v -0.090433 0.152879 0.849353
v -0.088419 0.151666 0.852158
v -0.088276 0.153248 0.848860
v -0.086871 0.151827 0.851927
v -0.086041 0.153336 0.848697
v -0.085299 0.151790 0.851931
v -0.083814 0.153142 0.848871
v -0.083762 0.151556 0.852170
v -0.081679 0.152672 0.849374
v -0.082320 0.151134 0.852634
v -0.079720 0.151945 0.850188
v -0.081028 0.150541 0.853306
v -0.078011 0.150989 0.851281
v -0.079935 0.149799 0.854159
v -0.076618 0.149839 0.852611
v -0.079084 0.148937 0.855162
v -0.075595 0.148541 0.854127
v -0.078508 0.147987 0.856275
v -0.074981 0.147144 0.855771
v -0.078227 0.146988 0.857456
v -0.074799 0.145703 0.857479
v -0.078254 0.145975 0.858659
v -0.078288 0.140575 0.863661
v -0.081240 0.142559 0.862795
v -0.080109 0.143248 0.861947
v -0.080045 0.139701 0.864746
v -0.082562 0.142027 0.863461
v -0.082041 0.139067 0.865550
v -0.084025 0.141674 0.863918
v -0.084197 0.138699 0.866043
v -0.085572 0.141513 0.864148
v -0.086432 0.138610 0.866205
v -0.094186 0.151371 0.851241
v -0.076836 0.141657 0.862338
v -0.071274 0.145571 0.855521
v -0.071800 0.147445 0.853308
v -0.072881 0.149224 0.851221
v -0.074476 0.150840 0.849342
v -0.076524 0.152231 0.847742
v -0.078946 0.153343 0.846483
v -0.081649 0.154133 0.845614
v -0.084529 0.154571 0.845166
v -0.087476 0.154641 0.845159
v -0.090376 0.154339 0.845592
v -0.093117 0.153678 0.846448
v -0.095595 0.152682 0.847695
v -0.097714 0.151389 0.849285
v -0.099393 0.149851 0.851156
v -0.100568 0.148125 0.853237
v -0.101192 0.146278 0.855447
v -0.101242 0.144381 0.857703
v -0.100717 0.142507 0.859916
v -0.099636 0.140728 0.862003
v -0.098041 0.139112 0.863882
v -0.095993 0.137721 0.865482
v -0.093571 0.136609 0.866741
v -0.090868 0.135819 0.867610
v -0.087987 0.135380 0.868057
v -0.085041 0.135311 0.868065
v -0.082141 0.135612 0.867632
v -0.079399 0.136274 0.866776
v -0.076921 0.137270 0.865529
v -0.074802 0.138562 0.863939
v -0.058806 0.136012 0.853245
v -0.058713 0.139518 0.849078
v -0.059684 0.142981 0.844988
v -0.061681 0.146268 0.841133
v -0.064629 0.149254 0.837660
v -0.068413 0.151824 0.834704
v -0.072888 0.153878 0.832378
v -0.077883 0.155339 0.830771
v -0.083205 0.156149 0.829945
v -0.088649 0.156277 0.829931
v -0.094008 0.155720 0.830731
v -0.099073 0.154497 0.832313
v -0.103652 0.152657 0.834617
v -0.107568 0.150269 0.837555
v -0.110670 0.147426 0.841012
v -0.112840 0.144237 0.844857
v -0.113993 0.140824 0.848942
v -0.114086 0.137319 0.853109
v -0.113116 0.133856 0.857198
v -0.111118 0.130569 0.861054
v -0.108171 0.127583 0.864526
v -0.104387 0.125013 0.867482
v -0.099911 0.122959 0.869808
v -0.094917 0.121498 0.871416
v -0.089595 0.120688 0.872242
v -0.084150 0.120560 0.872255
v -0.078792 0.121117 0.871455
v -0.073726 0.122340 0.869873
v -0.069147 0.124180 0.867569
v -0.052066 0.121002 0.850982
v -0.050559 0.125461 0.845645
v -0.050437 0.130041 0.840200
v -0.051705 0.134566 0.834857
v -0.054315 0.138861 0.829820
v -0.058166 0.142762 0.825283
v -0.063110 0.146120 0.821420
v -0.068958 0.148804 0.818381
v -0.075483 0.150712 0.816281
v -0.082437 0.151770 0.815202
v -0.089551 0.151938 0.815184
v -0.096551 0.151210 0.816229
v -0.103170 0.149613 0.818297
v -0.109153 0.147208 0.821307
v -0.114269 0.144089 0.825145
v -0.118322 0.140374 0.829662
v -0.121157 0.136207 0.834686
v -0.122664 0.131748 0.840022
v -0.122786 0.127169 0.845467
v -0.121517 0.122644 0.850811
v -0.118907 0.118348 0.855848
v -0.115056 0.114447 0.860385
v -0.110096 0.111044 0.864235
v -0.052537 0.104290 0.847348
v -0.049469 0.108800 0.841910
v -0.047838 0.113626 0.836134
v -0.047706 0.118583 0.830241
v -0.049079 0.123481 0.824457
v -0.051904 0.128130 0.819005
v -0.056072 0.132353 0.814094
v -0.061424 0.135987 0.809913
v -0.067753 0.138892 0.806624
v -0.074816 0.140957 0.804351
v -0.082343 0.142103 0.803182
v -0.090042 0.142285 0.803163
v -0.097620 0.141496 0.804295
v -0.104784 0.139767 0.806532
v -0.111260 0.137165 0.809791
v -0.116797 0.133788 0.813945
v -0.121185 0.129768 0.818834
v -0.124253 0.125258 0.824272
v -0.125884 0.120431 0.830048
v -0.126016 0.115474 0.835941
v -0.124643 0.110577 0.841725
v -0.121818 0.105927 0.847177
v -0.117650 0.101704 0.852088
v -0.112341 0.098084 0.856253
v -0.093347 0.092018 0.862975
v -0.085602 0.091584 0.863292
v -0.059453 0.089969 0.841037
v -0.055400 0.093683 0.836520
v -0.052565 0.097850 0.831496
v -0.051058 0.102309 0.826160
v -0.050936 0.106889 0.820715
v -0.052205 0.111413 0.815371
v -0.054815 0.115709 0.810334
v -0.058666 0.119610 0.805797
v -0.063610 0.122967 0.801935
v -0.069457 0.125652 0.798896
v -0.075983 0.127560 0.796796
v -0.082936 0.128618 0.795716
v -0.090050 0.128786 0.795699
v -0.097051 0.128058 0.796744
v -0.103670 0.126460 0.798811
v -0.109652 0.124056 0.801822
v -0.114768 0.120936 0.805659
v -0.118822 0.117222 0.810177
v -0.121656 0.113055 0.815200
v -0.123164 0.108596 0.820537
v -0.123285 0.104016 0.825982
v -0.122017 0.099492 0.831325
v -0.119407 0.095196 0.836362
v -0.115556 0.091295 0.840899
v -0.110594 0.087957 0.844805
v -0.083289 0.081178 0.816829
v -0.083346 0.079718 0.820590
v -0.080605 0.080380 0.819734
v -0.085446 0.080810 0.817322
v -0.084135 0.078574 0.824546
v -0.086246 0.079416 0.821023
v -0.085304 0.082391 0.814024
v -0.086671 0.083979 0.811323
v -0.086851 0.082230 0.814255
v -0.087681 0.080721 0.817485
v -0.088423 0.082267 0.814251
v -0.087590 0.083943 0.811389
v -0.089909 0.080915 0.817311
v -0.089960 0.082501 0.814012
v -0.088505 0.084022 0.811318
v -0.092043 0.081385 0.816808
v -0.091402 0.082923 0.813548
v -0.089382 0.084215 0.811111
v -0.094002 0.082112 0.815994
v -0.092694 0.083516 0.812876
v -0.090188 0.084514 0.810777
v -0.095711 0.083069 0.814901
v -0.093787 0.084258 0.812023
v -0.090890 0.084907 0.810328
v -0.097104 0.084218 0.813571
v -0.094638 0.085120 0.811020
v -0.091462 0.085380 0.809781
v -0.098127 0.085516 0.812055
v -0.095215 0.086070 0.809907
v -0.091883 0.085913 0.809158
v -0.098741 0.086913 0.810411
v -0.095495 0.087070 0.808726
v -0.092135 0.086487 0.808482
v -0.098923 0.088354 0.808703
v -0.095468 0.088082 0.807523
v -0.092210 0.087080 0.807780
v -0.098665 0.089786 0.806995
v -0.095135 0.089067 0.806343
v -0.092104 0.087668 0.807079
v -0.097977 0.091152 0.805355
v -0.094508 0.089988 0.805233
v -0.091821 0.088229 0.806404
v -0.096887 0.092400 0.803844
v -0.093613 0.090809 0.804235
v -0.091373 0.088742 0.805784
v -0.095435 0.093482 0.802521
v -0.092482 0.091498 0.803387
v -0.090776 0.089187 0.805240
v -0.093677 0.094357 0.801436
v -0.091160 0.092030 0.802721
v -0.090054 0.089546 0.804794
v -0.091682 0.094990 0.800632
v -0.089697 0.092383 0.802265
v -0.089234 0.089807 0.804464
v -0.089525 0.095359 0.800139
v -0.088150 0.092544 0.802034
v -0.088348 0.089958 0.804261
v -0.087290 0.095447 0.799977
v -0.086578 0.092507 0.802037
v -0.087429 0.089995 0.804194
v -0.085062 0.095253 0.800150
v -0.085041 0.092273 0.802276
v -0.086514 0.089915 0.804266
v -0.082928 0.094783 0.800654
v -0.083599 0.091851 0.802740
v -0.085636 0.089722 0.804473
v -0.080968 0.094056 0.801468
v -0.082307 0.091258 0.803412
v -0.084831 0.089423 0.804807
v -0.079259 0.093100 0.802561
v -0.081214 0.090516 0.804265
v -0.084129 0.089030 0.805256
v -0.077867 0.091950 0.803891
v -0.080363 0.089654 0.805268
v -0.083557 0.088557 0.805803
v -0.076844 0.090652 0.805407
v -0.079786 0.088704 0.806381
v -0.083136 0.088024 0.806426
v -0.076229 0.089255 0.807051
v -0.079506 0.087704 0.807562
v -0.082884 0.087450 0.807101
v -0.076048 0.087814 0.808759
v -0.079533 0.086692 0.808765
v -0.082809 0.086857 0.807803
v -0.076306 0.086382 0.810466
v -0.079866 0.085707 0.809945
v -0.082915 0.086269 0.808505
v -0.083198 0.085708 0.809179
v -0.076993 0.085016 0.812107
v -0.080492 0.084786 0.811055
v -0.078084 0.083768 0.813618
v -0.081388 0.083965 0.812053
v -0.083646 0.085195 0.809800
v -0.079536 0.082686 0.814941
v -0.082519 0.083276 0.812901
v -0.084243 0.084750 0.810344
v -0.081294 0.081811 0.816025
v -0.083841 0.082744 0.813567
v -0.084965 0.084391 0.810790
v -0.085785 0.084130 0.811120
v -0.070070 0.081400 0.831565
v -0.078127 0.081376 0.818487
v -0.066154 0.083788 0.828627
v -0.076008 0.082668 0.816897
v -0.063052 0.086631 0.825170
v -0.074329 0.084206 0.815026
v -0.060882 0.089820 0.821325
v -0.073155 0.085932 0.812945
v -0.059729 0.093233 0.817241
v -0.072530 0.087779 0.810735
v -0.059636 0.096738 0.813073
v -0.072480 0.089676 0.808479
v -0.060606 0.100201 0.808984
v -0.073005 0.091550 0.806266
v -0.062604 0.103489 0.805128
v -0.074086 0.093330 0.804179
v -0.065551 0.106475 0.801656
v -0.075681 0.094946 0.802300
v -0.069336 0.109044 0.798700
v -0.077729 0.096336 0.800700
v -0.073811 0.111098 0.796374
v -0.080151 0.097448 0.799441
v -0.078805 0.112559 0.794766
v -0.082854 0.098238 0.798572
v -0.084127 0.113369 0.793940
v -0.085735 0.098677 0.798125
v -0.089572 0.113498 0.793927
v -0.088681 0.098747 0.798117
v -0.094930 0.112940 0.794727
v -0.091581 0.098445 0.798550
v -0.099996 0.111717 0.796309
v -0.094323 0.097783 0.799407
v -0.104575 0.109877 0.798613
v -0.096801 0.096787 0.800653
v -0.108491 0.107490 0.801550
v -0.098920 0.095495 0.802243
v -0.111593 0.104647 0.805008
v -0.100599 0.093956 0.804114
v -0.113763 0.101457 0.808853
v -0.101773 0.092230 0.806195
v -0.114916 0.098045 0.812937
v -0.102397 0.090383 0.808406
v -0.115009 0.094540 0.817104
v -0.102448 0.088486 0.810661
v -0.114038 0.091077 0.821194
v -0.101922 0.086612 0.812874
v -0.112041 0.087789 0.825049
v -0.100841 0.084833 0.814961
v -0.109093 0.084803 0.828522
v -0.099246 0.083217 0.816840
v -0.105309 0.082233 0.831478
v -0.097198 0.081826 0.818440
v -0.100834 0.080179 0.833804
v -0.094776 0.080715 0.819699
v -0.095839 0.078719 0.835411
v -0.092073 0.079924 0.820569
v -0.090517 0.077909 0.836237
v -0.089193 0.079486 0.821016
v -0.075477 0.084550 0.852427
v -0.072247 0.086637 0.853441
v -0.071680 0.088750 0.856119
v -0.073509 0.086509 0.854333
v -0.075705 0.084618 0.852744
v -0.072094 0.088647 0.856283
v -0.074857 0.085488 0.853620
v -0.079155 0.082973 0.851567
v -0.081203 0.082008 0.850498
v -0.078251 0.083058 0.851326
v -0.081221 0.081816 0.850077
v -0.078125 0.082457 0.849797
v -0.069855 0.091389 0.857803
v -0.070299 0.093722 0.860359
v -0.070909 0.091118 0.858299
v -0.070724 0.093603 0.860512
v -0.072099 0.089903 0.857688
v -0.099632 0.085184 0.852685
v -0.101635 0.087687 0.855029
v -0.103067 0.089379 0.856207
v -0.101744 0.087177 0.854263
v -0.099862 0.085127 0.852367
v -0.103475 0.089502 0.856040
v -0.102995 0.087364 0.853365
v -0.103417 0.092583 0.859288
v -0.104222 0.094395 0.860429
v -0.104144 0.091904 0.858217
v -0.104640 0.094534 0.860274
v -0.105181 0.092224 0.857716
v -0.069742 0.096626 0.862211
v -0.071463 0.098781 0.864561
v -0.070799 0.096211 0.862585
v -0.071878 0.098647 0.864700
v -0.071538 0.095056 0.862080
v -0.071920 0.101793 0.866197
v -0.075074 0.103229 0.868148
v -0.073197 0.100969 0.866502
v -0.075311 0.102912 0.868140
v -0.073316 0.100130 0.866127
v -0.102855 0.097781 0.863627
v -0.102851 0.099379 0.864623
v -0.104034 0.096996 0.862503
v -0.103258 0.099533 0.864483
v -0.105068 0.097461 0.862124
v -0.100089 0.102484 0.867352
v -0.099238 0.103477 0.868081
v -0.101433 0.101636 0.866432
v -0.099459 0.103806 0.868088
v -0.102668 0.102520 0.866121
v -0.093717 0.106463 0.870529
v -0.096790 0.106697 0.869769
v -0.096691 0.105085 0.869442
v -0.093742 0.106016 0.870412
v -0.095795 0.104843 0.869590
v -0.087186 0.107270 0.871378
v -0.090465 0.108050 0.871360
v -0.090512 0.106851 0.871097
v -0.087196 0.106815 0.871258
v -0.089316 0.106042 0.870925
v -0.082565 0.105565 0.870629
v -0.080692 0.105708 0.870444
v -0.083882 0.106694 0.871113
v -0.080697 0.106155 0.870561
v -0.083874 0.107894 0.871376
v -0.077612 0.106244 0.869816
v -0.077785 0.104638 0.869488
v -0.076555 0.103522 0.868752
v -0.094253 0.082316 0.850466
v -0.098391 0.084448 0.852220
v -0.097157 0.083505 0.851279
v -0.094242 0.082124 0.850045
v -0.097303 0.082911 0.849749
v -0.087749 0.081181 0.849684
v -0.092389 0.082117 0.850687
v -0.091061 0.081418 0.849691
v -0.087753 0.080985 0.849257
v -0.091049 0.080953 0.848554
v -0.085639 0.081596 0.850444
v -0.084430 0.081261 0.849708
v -0.084458 0.080797 0.848571
v -0.087771 0.079930 0.846470
v -0.081310 0.080482 0.846667
v -0.075009 0.082188 0.846544
v -0.078053 0.086923 0.857018
v -0.080839 0.083069 0.852233
v -0.087727 0.082347 0.851747
v -0.094200 0.080787 0.846636
v -0.094575 0.083394 0.852199
v -0.100412 0.082788 0.846481
v -0.101116 0.088639 0.856463
v -0.104360 0.085701 0.848842
v -0.106395 0.090259 0.854328
v -0.068718 0.089368 0.854420
v -0.070940 0.084911 0.848925
v -0.067742 0.094597 0.859253
v -0.077465 0.092265 0.862274
v -0.068483 0.100274 0.863599
v -0.077806 0.098367 0.866650
v -0.102010 0.093809 0.861068
v -0.107147 0.095529 0.859156
v -0.100888 0.099204 0.865355
v -0.106160 0.101165 0.863506
v -0.070474 0.106503 0.867097
v -0.079957 0.100092 0.868053
v -0.074422 0.109415 0.869459
v -0.080679 0.109743 0.871294
v -0.087347 0.100205 0.868732
v -0.087118 0.110195 0.871941
v -0.094730 0.100441 0.868016
v -0.093568 0.110048 0.871262
v -0.099824 0.110016 0.869396
v -0.103894 0.107293 0.867015
v -0.079899 0.087795 0.858703
v -0.081978 0.086278 0.857381
v -0.087625 0.087414 0.859231
v -0.089539 0.086184 0.857587
v -0.095323 0.088159 0.858665
v -0.079657 0.093442 0.863912
v -0.081720 0.098219 0.867431
v -0.087504 0.093114 0.864537
v -0.089279 0.098223 0.867719
v -0.095323 0.093812 0.863874
v -0.089470 0.091675 0.863283
v -0.081711 0.091743 0.863003
v -0.073598 0.087024 0.855098
v -0.076977 0.083942 0.852273
v -0.071608 0.091831 0.859366
v -0.100443 0.086093 0.853557
v -0.103009 0.090634 0.857612
v -0.071945 0.097050 0.863703
v -0.074504 0.101879 0.867415
v -0.103348 0.095808 0.862002
v -0.101352 0.100792 0.866058
v -0.097969 0.104029 0.868700
v -0.091878 0.105785 0.870606
v -0.085114 0.105943 0.870935
v -0.078692 0.104438 0.869632
v -0.096258 0.083377 0.851525
v -0.089841 0.081695 0.850433
v -0.083076 0.081897 0.850710
v -0.074079 0.088000 0.856530
v -0.080276 0.085302 0.855605
v -0.087679 0.084800 0.855767
v -0.095049 0.085651 0.855569
v -0.097199 0.087376 0.856971
v -0.072964 0.093122 0.861140
v -0.073851 0.098565 0.865422
v -0.097560 0.092740 0.862225
v -0.096953 0.098820 0.866603
v -0.080391 0.103808 0.869687
v -0.087247 0.104584 0.870462
v -0.094128 0.104133 0.869653
v -0.096170 0.102173 0.868364
v -0.099509 0.101798 0.867173
v -0.097335 0.103382 0.868554
v -0.098475 0.100492 0.866898
v -0.089084 0.102444 0.869543
v -0.092660 0.102395 0.869172
v -0.090720 0.104418 0.870178
v -0.091032 0.100323 0.868507
v -0.081938 0.102141 0.869199
v -0.085509 0.102359 0.869552
v -0.083785 0.104254 0.870195
v -0.083658 0.100149 0.868525
v -0.075115 0.101221 0.867233
v -0.078438 0.101754 0.868408
v -0.077218 0.102906 0.868604
v -0.076207 0.099966 0.866953
v -0.097344 0.095719 0.864493
v -0.101572 0.096503 0.863277
v -0.099289 0.097560 0.864957
v -0.099721 0.094684 0.862778
v -0.097468 0.089992 0.859673
v -0.101687 0.091163 0.858783
v -0.099780 0.091918 0.860450
v -0.099467 0.089271 0.857980
v -0.073285 0.095834 0.863347
v -0.077551 0.095251 0.864542
v -0.075524 0.096999 0.865015
v -0.075218 0.094105 0.862838
v -0.073400 0.090495 0.858853
v -0.077675 0.089524 0.859722
v -0.075278 0.091339 0.860511
v -0.075703 0.088709 0.858039
v -0.096539 0.085050 0.853953
v -0.099841 0.086371 0.854190
v -0.098770 0.086838 0.855407
v -0.097738 0.084685 0.852819
v -0.089490 0.083663 0.853737
v -0.093054 0.084127 0.853798
v -0.091361 0.085094 0.855690
v -0.091188 0.082743 0.851935
v -0.082332 0.083874 0.853824
v -0.085914 0.083579 0.853746
v -0.083987 0.084920 0.855708
v -0.084252 0.082579 0.851952
v -0.075448 0.085795 0.854250
v -0.078807 0.084630 0.853996
v -0.076502 0.086312 0.855462
v -0.077621 0.084210 0.852869
v -0.089389 0.094808 0.865588
v -0.093238 0.095142 0.865280
v -0.091250 0.096593 0.866545
v -0.091360 0.093369 0.864333
v -0.081684 0.094869 0.865309
v -0.085546 0.094717 0.865597
v -0.083608 0.096412 0.866564
v -0.083639 0.093186 0.864353
v -0.089517 0.088868 0.860589
v -0.093366 0.089211 0.860289
v -0.091424 0.090399 0.861834
v -0.091442 0.087668 0.859034
v -0.081812 0.088938 0.860317
v -0.085674 0.088777 0.860599
v -0.083703 0.090216 0.861853
v -0.083800 0.087488 0.859053
v -0.085937 0.078445 0.824746
v -0.085347 0.077623 0.832397
v -0.089566 0.078531 0.824737
v -0.090232 0.077738 0.832385
v -0.093114 0.079071 0.824186
v -0.095006 0.078465 0.831644
v -0.096444 0.080044 0.823115
v -0.099487 0.079775 0.830202
v -0.099427 0.081414 0.821564
v -0.103502 0.081618 0.828115
v -0.101950 0.083127 0.819593
v -0.106897 0.083924 0.825463
v -0.103915 0.085118 0.817279
v -0.109542 0.086603 0.822347
v -0.105247 0.087309 0.814709
v -0.111334 0.089552 0.818889
v -0.105894 0.089618 0.811982
v -0.112205 0.092659 0.815219
v -0.105832 0.091955 0.809204
v -0.112121 0.095804 0.811481
v -0.105063 0.094230 0.806481
v -0.111087 0.098866 0.807816
v -0.103616 0.096356 0.803918
v -0.109140 0.101727 0.804367
v -0.101548 0.098251 0.801613
v -0.106357 0.104277 0.801265
v -0.098938 0.099843 0.799655
v -0.102844 0.106419 0.798630
v -0.095885 0.101070 0.798119
v -0.098736 0.108071 0.796563
v -0.092508 0.101885 0.797064
v -0.094191 0.109167 0.795143
v -0.088936 0.102256 0.796531
v -0.089384 0.109668 0.794425
v -0.085306 0.102171 0.796540
v -0.084499 0.109552 0.794437
v -0.081759 0.101631 0.797090
v -0.079724 0.108825 0.795179
v -0.078429 0.100657 0.798162
v -0.075243 0.107515 0.796620
v -0.075445 0.099287 0.799713
v -0.071228 0.105672 0.798707
v -0.072923 0.097574 0.801683
v -0.067833 0.103367 0.801360
v -0.070958 0.095584 0.803998
v -0.065189 0.100688 0.804475
v -0.069626 0.093392 0.806568
v -0.063397 0.097738 0.807934
v -0.068979 0.091083 0.809295
v -0.062526 0.094631 0.811603
v -0.069041 0.088747 0.812073
v -0.062609 0.091487 0.815341
v -0.069810 0.086472 0.814796
v -0.063644 0.088425 0.819006
v -0.071256 0.084346 0.817359
v -0.065591 0.085564 0.822456
v -0.073325 0.082450 0.819664
v -0.068374 0.083013 0.825557
v -0.075935 0.080859 0.821622
v -0.071887 0.080871 0.828193
v -0.078988 0.079632 0.823158
v -0.075995 0.079220 0.830260
v -0.082365 0.078817 0.824213
v -0.080540 0.078123 0.831679
v -0.073436 0.080272 0.837500
v -0.078979 0.078931 0.839218
v -0.084822 0.078299 0.840040
v -0.090762 0.078440 0.840025
v -0.096565 0.079346 0.839175
v -0.102030 0.080948 0.837429
v -0.106937 0.083184 0.834858
v -0.109587 0.086061 0.841561
v -0.111075 0.085993 0.831625
v -0.114322 0.089254 0.837844
v -0.114297 0.089257 0.827829
v -0.117998 0.092978 0.833513
v -0.116481 0.092851 0.823614
v -0.120489 0.097079 0.828705
v -0.117542 0.096637 0.819144
v -0.121700 0.101398 0.823604
v -0.117440 0.100469 0.814588
v -0.121584 0.105770 0.818406
v -0.116179 0.104199 0.810123
v -0.120145 0.110026 0.813312
v -0.113807 0.107686 0.805920
v -0.117439 0.114004 0.808517
v -0.110416 0.110794 0.802140
v -0.113570 0.117550 0.804204
v -0.106135 0.113404 0.798929
v -0.108686 0.120527 0.800541
v -0.101130 0.115416 0.796410
v -0.102975 0.122823 0.797667
v -0.095592 0.116752 0.794680
v -0.096657 0.124347 0.795694
v -0.089734 0.117362 0.793806
v -0.089974 0.125043 0.794696
v -0.083782 0.117221 0.793821
v -0.083184 0.124882 0.794713
v -0.077964 0.116335 0.794724
v -0.076546 0.123872 0.795743
v -0.072504 0.114739 0.796481
v -0.070317 0.122051 0.797748
v -0.067612 0.112493 0.799024
v -0.064735 0.119488 0.800649
v -0.063475 0.109684 0.802255
v -0.060015 0.116284 0.804336
v -0.060253 0.106420 0.806051
v -0.056339 0.112559 0.808667
v -0.058069 0.102826 0.810266
v -0.053848 0.108459 0.813475
v -0.057008 0.099040 0.814737
v -0.052637 0.104140 0.818576
v -0.057110 0.095208 0.819292
v -0.052753 0.099768 0.823773
v -0.058371 0.091477 0.823758
v -0.054192 0.095512 0.828868
v -0.060742 0.087991 0.827961
v -0.056898 0.091534 0.833663
v -0.064134 0.084883 0.831740
v -0.060767 0.087988 0.837975
v -0.068415 0.082273 0.834953
v -0.065666 0.085023 0.841669
v -0.063703 0.089001 0.848031
v -0.081877 0.087584 0.858907
v -0.089535 0.087511 0.859167
v -0.111391 0.090129 0.847913
v -0.112277 0.095217 0.853656
v -0.116513 0.093583 0.843880
v -0.117565 0.098813 0.849501
v -0.120502 0.097624 0.839180
v -0.121714 0.103016 0.844614
v -0.123205 0.102074 0.833963
v -0.124525 0.107643 0.839188
v -0.124519 0.106760 0.828428
v -0.125891 0.112517 0.833432
v -0.124393 0.111504 0.822789
v -0.125760 0.117450 0.827567
v -0.122832 0.116122 0.817261
v -0.124137 0.122253 0.821819
v -0.119896 0.120438 0.812058
v -0.121083 0.126741 0.816408
v -0.115698 0.124285 0.807379
v -0.116717 0.130742 0.811541
v -0.110398 0.127517 0.803404
v -0.111206 0.134103 0.807408
v -0.104202 0.130007 0.800286
v -0.104762 0.136693 0.804165
v -0.097346 0.131662 0.798144
v -0.097632 0.138413 0.801938
v -0.090095 0.132416 0.797062
v -0.090091 0.139198 0.800812
v -0.082727 0.132242 0.797080
v -0.082428 0.139017 0.800831
v -0.075524 0.131146 0.798198
v -0.074938 0.137877 0.801994
v -0.068765 0.129169 0.800373
v -0.067909 0.135822 0.804256
v -0.062709 0.126389 0.803521
v -0.061610 0.132930 0.807530
v -0.057588 0.122912 0.807522
v -0.056285 0.129314 0.811690
v -0.053599 0.118871 0.812221
v -0.052136 0.125111 0.816577
v -0.050895 0.114422 0.817438
v -0.049325 0.120484 0.822003
v -0.049582 0.109735 0.822973
v -0.047959 0.115611 0.827759
v -0.049708 0.104991 0.828613
v -0.048090 0.110677 0.833624
v -0.051269 0.100373 0.834140
v -0.049713 0.105874 0.839372
v -0.054205 0.096057 0.839344
v -0.052767 0.101386 0.844784
v -0.058403 0.092210 0.844023
v -0.057133 0.097385 0.849650
v -0.062606 0.094043 0.853779
v -0.057005 0.103315 0.854641
v -0.062478 0.099955 0.858755
v -0.063325 0.106504 0.862761
v -0.081691 0.093276 0.864192
v -0.089433 0.093211 0.864472
v -0.112149 0.101130 0.858632
v -0.111013 0.107632 0.862644
v -0.117437 0.104743 0.854492
v -0.116134 0.111145 0.858660
v -0.121586 0.108946 0.849605
v -0.120123 0.115186 0.853961
v -0.124397 0.113573 0.844179
v -0.122827 0.119636 0.848744
v -0.125763 0.118447 0.838423
v -0.124141 0.124322 0.843209
v -0.125632 0.123380 0.832558
v -0.124015 0.129066 0.837569
v -0.124009 0.128183 0.826810
v -0.122453 0.133684 0.832042
v -0.120955 0.132671 0.821398
v -0.119517 0.138000 0.826838
v -0.116589 0.136672 0.816532
v -0.115319 0.141848 0.822159
v -0.111078 0.140033 0.812398
v -0.110020 0.145079 0.818184
v -0.104634 0.142623 0.809156
v -0.103823 0.147569 0.815066
v -0.097504 0.144343 0.806929
v -0.096967 0.149224 0.812925
v -0.089963 0.145128 0.805803
v -0.089716 0.149978 0.811843
v -0.082300 0.144947 0.805822
v -0.082348 0.149804 0.811861
v -0.074810 0.143807 0.806985
v -0.075146 0.148708 0.812979
v -0.067781 0.141752 0.809246
v -0.068386 0.146732 0.815154
v -0.061483 0.138860 0.812521
v -0.062330 0.143951 0.818302
v -0.056157 0.135244 0.816681
v -0.057209 0.140474 0.822302
v -0.052009 0.131041 0.821568
v -0.053220 0.136433 0.827002
v -0.049197 0.126414 0.826994
v -0.050517 0.131984 0.832219
v -0.047831 0.121541 0.832750
v -0.049203 0.127297 0.837754
v -0.047962 0.116607 0.838615
v -0.049329 0.122554 0.843393
v -0.049585 0.111804 0.844363
v -0.050890 0.117935 0.848921
v -0.052639 0.107316 0.849774
v -0.053826 0.113619 0.854124
v -0.058024 0.109772 0.858803
v -0.056283 0.120053 0.857666
v -0.060152 0.116508 0.861978
v -0.065052 0.113498 0.865635
v -0.063306 0.123264 0.864042
v -0.067588 0.120652 0.867253
v -0.072609 0.118611 0.869766
v -0.078152 0.117287 0.871499
v -0.083993 0.116732 0.872386
v -0.089934 0.116873 0.872371
v -0.095737 0.117702 0.871456
v -0.101203 0.119287 0.869696
v -0.108973 0.114537 0.865527
v -0.106110 0.121563 0.867158
v -0.113707 0.117774 0.861846
v -0.110247 0.124373 0.863927
v -0.117383 0.121498 0.857515
v -0.113469 0.127637 0.860131
v -0.119874 0.125598 0.852707
v -0.115653 0.131231 0.855916
v -0.121085 0.129917 0.847606
v -0.116714 0.135017 0.851445
v -0.120969 0.134289 0.842409
v -0.116612 0.138849 0.846890
v -0.119530 0.138545 0.837314
v -0.115351 0.142580 0.842425
v -0.116824 0.142523 0.832519
v -0.112980 0.146066 0.838221
v -0.112955 0.146069 0.828207
v -0.109588 0.149174 0.834442
v -0.108071 0.149047 0.824543
v -0.105307 0.151784 0.831231
v -0.102360 0.151342 0.821670
v -0.100302 0.153796 0.828712
v -0.096042 0.152867 0.819696
v -0.094764 0.155133 0.826982
v -0.089359 0.153562 0.818699
v -0.088906 0.155742 0.826108
v -0.082569 0.153402 0.818715
v -0.082954 0.155601 0.826122
v -0.075931 0.152391 0.819746
v -0.077137 0.154716 0.827025
v -0.069702 0.150570 0.821750
v -0.071676 0.153119 0.828782
v -0.064120 0.148008 0.824652
v -0.066784 0.150874 0.831325
v -0.059400 0.144803 0.828339
v -0.062647 0.148065 0.834557
v -0.055724 0.141079 0.832669
v -0.059425 0.144800 0.838353
v -0.053233 0.136978 0.837478
v -0.057241 0.141206 0.842568
v -0.052022 0.132659 0.842578
v -0.056180 0.137420 0.847039
v -0.052138 0.128287 0.847776
v -0.056282 0.133589 0.851594
v -0.053577 0.124031 0.852870
v -0.057543 0.129858 0.856059
v -0.059915 0.126371 0.860263
v -0.062636 0.135192 0.858366
v -0.064582 0.132330 0.861815
v -0.067365 0.129780 0.864917
v -0.070106 0.137701 0.862264
v -0.072174 0.135806 0.864569
v -0.070878 0.127638 0.867552
v -0.074784 0.134214 0.866527
v -0.074986 0.125987 0.869619
v -0.077837 0.132988 0.868063
v -0.079531 0.124890 0.871039
v -0.081214 0.132173 0.869118
v -0.084338 0.124390 0.871757
v -0.084786 0.131801 0.869651
v -0.089223 0.124505 0.871745
v -0.088416 0.131887 0.869642
v -0.093998 0.125232 0.871003
v -0.091963 0.132427 0.869092
v -0.098479 0.126542 0.869562
v -0.095293 0.133400 0.868020
v -0.102494 0.128385 0.867475
v -0.098277 0.134770 0.866469
v -0.105889 0.130690 0.864822
v -0.100799 0.136483 0.864499
v -0.108533 0.133369 0.861707
v -0.102764 0.138473 0.862184
v -0.110325 0.136319 0.858248
v -0.104096 0.140665 0.859614
v -0.111196 0.139426 0.854579
v -0.104743 0.142974 0.856887
v -0.111113 0.142571 0.850841
v -0.104681 0.145310 0.854109
v -0.110078 0.145632 0.847176
v -0.103912 0.147586 0.851386
v -0.108131 0.148494 0.843727
v -0.102466 0.149712 0.848823
v -0.105348 0.151044 0.840625
v -0.100398 0.151607 0.846518
v -0.101835 0.153186 0.837990
v -0.097787 0.153199 0.844560
v -0.097727 0.154837 0.835922
v -0.094735 0.154425 0.843024
v -0.093182 0.155934 0.834503
v -0.091357 0.155240 0.841969
v -0.088375 0.156434 0.833785
v -0.087785 0.155612 0.841436
v -0.083490 0.156319 0.833797
v -0.084156 0.155526 0.841445
v -0.078716 0.155592 0.834538
v -0.080608 0.154986 0.841996
v -0.074235 0.154282 0.835980
v -0.077278 0.154013 0.843067
v -0.070220 0.152439 0.838067
v -0.074295 0.152643 0.844618
v -0.066825 0.150133 0.840719
v -0.071772 0.150930 0.846589
v -0.064180 0.147455 0.843835
v -0.069807 0.148940 0.848903
v -0.062388 0.144505 0.847293
v -0.068475 0.146748 0.851474
v -0.061517 0.141398 0.850963
v -0.067828 0.144439 0.854200
v -0.061601 0.138253 0.854701
v -0.067890 0.142103 0.856978
v -0.068659 0.139827 0.859701
v -0.074865 0.144981 0.858337
v -0.075340 0.143574 0.860021
v -0.076234 0.142260 0.861605
v -0.081486 0.145270 0.860300
v -0.081063 0.145891 0.859551
v -0.090338 0.149334 0.855699
v -0.089575 0.149799 0.855127
v -0.086837 0.143571 0.862457
v -0.085776 0.143546 0.862459
v -0.084732 0.143655 0.862303
v -0.083745 0.143893 0.861995
v -0.082853 0.144251 0.861546
v -0.082090 0.144716 0.860974
v -0.080839 0.146556 0.858756
v -0.080820 0.147239 0.857944
v -0.081010 0.147914 0.857147
v -0.081399 0.148554 0.856396
v -0.081973 0.149136 0.855720
v -0.082710 0.149636 0.855144
v -0.083582 0.150037 0.854691
v -0.084555 0.150321 0.854378
v -0.085592 0.150479 0.854217
v -0.086652 0.150504 0.854214
v -0.087696 0.150395 0.854370
v -0.088683 0.150157 0.854678
v -0.090942 0.148780 0.856373
v -0.091365 0.148159 0.857122
v -0.091590 0.147494 0.857917
v -0.091608 0.146811 0.858729
v -0.091419 0.146136 0.859526
v -0.091029 0.145496 0.860277
v -0.090455 0.144914 0.860953
v -0.089718 0.144414 0.861529
v -0.088846 0.144013 0.861983
v -0.087873 0.143729 0.862296
v -0.087554 0.138665 0.866167
v -0.089747 0.138999 0.865826
v -0.091805 0.139601 0.865164
v -0.093650 0.140448 0.864205
v -0.095209 0.141507 0.862987
v -0.096424 0.142737 0.861556
v -0.097247 0.144092 0.859967
v -0.097647 0.145519 0.858281
v -0.097609 0.146964 0.856564
v -0.097134 0.148371 0.854881
v -0.096239 0.149685 0.853296
v -0.094961 0.150857 0.851871
v -0.093347 0.151840 0.850661
v -0.091460 0.152599 0.849711
v -0.089372 0.153103 0.849059
v -0.087164 0.153333 0.848729
v -0.084920 0.153280 0.848735
v -0.082727 0.152946 0.849075
v -0.080668 0.152344 0.849738
v -0.078824 0.151497 0.850696
v -0.077264 0.150438 0.851915
v -0.076050 0.149208 0.853346
v -0.075226 0.147853 0.854935
v -0.074826 0.146425 0.856620
v -0.077513 0.141088 0.863030
v -0.079127 0.140104 0.864241
v -0.081014 0.139346 0.865190
v -0.083101 0.138842 0.865843
v -0.085310 0.138612 0.866172
v -0.082262 0.081458 0.816471
v -0.084350 0.080954 0.817123
v -0.086558 0.080725 0.817453
v -0.086026 0.083662 0.811812
v -0.087070 0.083553 0.811968
v -0.088802 0.080778 0.817447
v -0.088130 0.083578 0.811965
v -0.090995 0.081112 0.817107
v -0.089167 0.083736 0.811804
v -0.093054 0.081713 0.816444
v -0.090140 0.084020 0.811491
v -0.094898 0.082560 0.815486
v -0.091012 0.084421 0.811038
v -0.096458 0.083619 0.814267
v -0.091749 0.084921 0.810462
v -0.097672 0.084850 0.812836
v -0.092323 0.085503 0.809786
v -0.098496 0.086205 0.811248
v -0.092713 0.086143 0.809035
v -0.098896 0.087632 0.809562
v -0.092902 0.086818 0.808238
v -0.098857 0.089076 0.807845
v -0.092883 0.087501 0.807426
v -0.098382 0.090483 0.806161
v -0.092659 0.088166 0.806631
v -0.097488 0.091797 0.804577
v -0.092236 0.088787 0.805882
v -0.096209 0.092969 0.803152
v -0.091632 0.089341 0.805208
v -0.094596 0.093953 0.801941
v -0.090869 0.089806 0.804636
v -0.092708 0.094711 0.800992
v -0.089977 0.090164 0.804187
v -0.090621 0.095215 0.800340
v -0.088990 0.090403 0.803879
v -0.088412 0.095445 0.800010
v -0.087946 0.090511 0.803723
v -0.086169 0.095392 0.800015
v -0.086886 0.090486 0.803726
v -0.083975 0.095058 0.800356
v -0.085849 0.090328 0.803886
v -0.081917 0.094456 0.801018
v -0.084876 0.090044 0.804200
v -0.080072 0.093610 0.801977
v -0.084004 0.089644 0.804653
v -0.078513 0.092551 0.803195
v -0.083267 0.089143 0.805229
v -0.077298 0.091320 0.804626
v -0.082693 0.088561 0.805905
v -0.076475 0.089965 0.806215
v -0.082304 0.087921 0.806656
v -0.076075 0.088538 0.807901
v -0.082114 0.087246 0.807453
v -0.076113 0.087093 0.809618
v -0.082133 0.086563 0.808265
v -0.076589 0.085687 0.811301
v -0.082357 0.085899 0.809060
v -0.082780 0.085277 0.809809
v -0.077483 0.084372 0.812886
v -0.078761 0.083201 0.814311
v -0.083384 0.084724 0.810483
v -0.080375 0.082217 0.815521
v -0.084147 0.084258 0.811055
v -0.085039 0.083900 0.811504
v -0.073282 0.086526 0.854174
v -0.073685 0.086454 0.854375
v -0.078236 0.083138 0.851486
v -0.078203 0.082958 0.851065
v -0.070677 0.091176 0.858202
v -0.071146 0.091046 0.858370
v -0.101571 0.087113 0.854307
v -0.101970 0.087204 0.854103
v -0.103910 0.091821 0.858289
v -0.104372 0.091973 0.858119
v -0.070567 0.096290 0.862506
v -0.071036 0.096159 0.862673
v -0.072967 0.101117 0.866454
v -0.073373 0.100941 0.866568
v -0.103800 0.096934 0.862592
v -0.104261 0.097086 0.862423
v -0.101259 0.101600 0.866499
v -0.101655 0.101795 0.866383
v -0.096734 0.105360 0.869495
v -0.096708 0.104915 0.869390
v -0.090502 0.107105 0.871160
v -0.090536 0.106605 0.871025
v -0.083870 0.106447 0.871041
v -0.083881 0.106948 0.871177
v -0.077730 0.104911 0.869542
v -0.077776 0.104467 0.869437
v -0.097168 0.083585 0.851439
v -0.097208 0.083407 0.851019
v -0.091077 0.081531 0.849922
v -0.091058 0.081312 0.849452
v -0.084410 0.081374 0.849939
v -0.084437 0.081155 0.849469
v -0.084511 0.080030 0.846524
v -0.078189 0.081261 0.846827
v -0.076147 0.084813 0.853183
v -0.082571 0.082752 0.852047
v -0.091022 0.080184 0.846508
v -0.089504 0.082489 0.851804
v -0.097281 0.081712 0.846780
v -0.096217 0.083996 0.852488
v -0.103658 0.083744 0.845136
v -0.105422 0.087894 0.851796
v -0.069790 0.087051 0.851883
v -0.071715 0.082989 0.845214
v -0.068018 0.091896 0.856872
v -0.073656 0.089254 0.857714
v -0.067899 0.097411 0.861513
v -0.073054 0.094506 0.862279
v -0.097370 0.088657 0.858352
v -0.106987 0.092817 0.856776
v -0.097481 0.094208 0.863385
v -0.106868 0.098332 0.861417
v -0.069442 0.103195 0.865470
v -0.074436 0.099930 0.866377
v -0.071121 0.110505 0.868373
v -0.077583 0.109375 0.870488
v -0.081812 0.100127 0.868348
v -0.083864 0.110042 0.871783
v -0.089190 0.100258 0.868660
v -0.090375 0.110196 0.871767
v -0.096598 0.100473 0.867516
v -0.096675 0.109826 0.870441
v -0.105074 0.104037 0.865382
v -0.103065 0.111260 0.868294
v -0.095790 0.103787 0.869145
v -0.098803 0.103001 0.867976
v -0.100243 0.100540 0.866314
v -0.089028 0.104548 0.870370
v -0.092399 0.104333 0.869980
v -0.092876 0.100388 0.868321
v -0.082111 0.104089 0.870005
v -0.085469 0.104464 0.870378
v -0.085503 0.100171 0.868669
v -0.075767 0.102457 0.868032
v -0.078745 0.103384 0.869187
v -0.078087 0.100035 0.867562
v -0.097185 0.097246 0.865581
v -0.101314 0.097832 0.864311
v -0.101861 0.095187 0.862209
v -0.097543 0.091344 0.860976
v -0.101920 0.092447 0.859903
v -0.101484 0.089912 0.857646
v -0.073486 0.097174 0.864380
v -0.077643 0.096784 0.865629
v -0.077480 0.093735 0.863435
v -0.073113 0.091766 0.859973
v -0.077542 0.090871 0.861025
v -0.077829 0.088195 0.858400
v -0.096906 0.086185 0.855492
v -0.100526 0.087450 0.855297
v -0.099184 0.085358 0.853126
v -0.089521 0.084908 0.855741
v -0.093202 0.085314 0.855633
v -0.092859 0.082995 0.852021
v -0.082137 0.085052 0.855661
v -0.085834 0.084821 0.855751
v -0.085945 0.082405 0.851813
v -0.074719 0.086840 0.855361
v -0.078395 0.085748 0.855537
v -0.079172 0.083593 0.852530
v -0.089342 0.096440 0.866683
v -0.093166 0.096762 0.866375
v -0.093301 0.093550 0.864163
v -0.081685 0.096491 0.866403
v -0.085521 0.096350 0.866692
v -0.085572 0.093120 0.864481
v -0.089497 0.090241 0.861972
v -0.093365 0.090585 0.861668
v -0.093358 0.087856 0.858879
v -0.081755 0.090310 0.861696
v -0.085636 0.090150 0.861982
v -0.085714 0.087420 0.859177
s 1
usemtl White
f 572 571 1
f 3 1731 572
f 1731 434 1361
f 571 1361 2
f 573 670 4
f 1 1732 573
f 1732 2 668
f 670 668 96
f 575 574 5
f 6 1733 575
f 1733 3 572
f 574 572 1
f 576 1513 7
f 5 1734 576
f 1734 1 573
f 1513 573 4
f 578 577 8
f 9 1735 578
f 1735 6 575
f 577 575 5
f 579 1511 10
f 8 1736 579
f 1736 5 576
f 1511 576 7
f 581 580 11
f 12 1737 581
f 1737 9 578
f 580 578 8
f 582 1509 13
f 11 1738 582
f 1738 8 579
f 1509 579 10
f 584 583 14
f 15 1739 584
f 1739 12 581
f 583 581 11
f 585 1507 16
f 14 1740 585
f 1740 11 582
f 1507 582 13
f 587 586 17
f 18 1741 587
f 1741 15 584
f 586 584 14
f 588 1505 19
f 17 1742 588
f 1742 14 585
f 1505 585 16
f 590 589 20
f 21 1743 590
f 1743 18 587
f 589 587 17
f 591 1503 22
f 20 1744 591
f 1744 17 588
f 1503 588 19
f 593 592 23
f 24 1745 593
f 1745 21 590
f 592 590 20
f 594 1501 25
f 23 1746 594
f 1746 20 591
f 1501 591 22
f 596 595 26
f 27 1747 596
f 1747 24 593
f 595 593 23
f 597 1499 28
f 26 1748 597
f 1748 23 594
f 1499 594 25
f 599 598 29
f 30 1749 599
f 1749 27 596
f 598 596 26
f 600 1497 31
f 29 1750 600
f 1750 26 597
f 1497 597 28
f 602 601 32
f 33 1751 602
f 1751 30 599
f 601 599 29
f 603 1495 34
f 32 1752 603
f 1752 29 600
f 1495 600 31
f 605 604 35
f 36 1753 605
f 1753 33 602
f 604 602 32
f 606 1493 37
f 35 1754 606
f 1754 32 603
f 1493 603 34
f 608 607 38
f 39 1755 608
f 1755 36 605
f 607 605 35
f 609 1491 40
f 38 1756 609
f 1756 35 606
f 1491 606 37
f 611 610 41
f 42 1757 611
f 1757 39 608
f 610 608 38
f 612 1489 43
f 41 1758 612
f 1758 38 609
f 1489 609 40
f 614 613 44
f 45 1759 614
f 1759 42 611
f 613 611 41
f 615 1487 46
f 44 1760 615
f 1760 41 612
f 1487 612 43
f 617 616 47
f 48 1761 617
f 1761 45 614
f 616 614 44
f 618 1485 49
f 47 1762 618
f 1762 44 615
f 1485 615 46
f 620 619 50
f 51 1763 620
f 1763 48 617
f 619 617 47
f 621 1483 52
f 50 1764 621
f 1764 47 618
f 1483 618 49
f 623 622 53
f 54 1765 623
f 1765 51 620
f 622 620 50
f 624 1481 55
f 53 1766 624
f 1766 50 621
f 1481 621 52
f 626 625 56
f 57 1767 626
f 1767 54 623
f 625 623 53
f 627 1479 58
f 56 1768 627
f 1768 53 624
f 1479 624 55
f 629 628 59
f 60 1769 629
f 1769 57 626
f 628 626 56
f 630 1477 61
f 59 1770 630
f 1770 56 627
f 1477 627 58
f 632 631 62
f 63 1771 632
f 1771 60 629
f 631 629 59
f 633 1475 64
f 62 1772 633
f 1772 59 630
f 1475 630 61
f 635 634 65
f 66 1773 635
f 1773 63 632
f 634 632 62
f 636 1473 67
f 65 1774 636
f 1774 62 633
f 1473 633 64
f 638 637 68
f 69 1775 638
f 1775 66 635
f 637 635 65
f 639 1471 70
f 68 1776 639
f 1776 65 636
f 1471 636 67
f 641 640 71
f 72 1777 641
f 1777 69 638
f 640 638 68
f 642 1469 73
f 71 1778 642
f 1778 68 639
f 1469 639 70
f 644 643 74
f 75 1779 644
f 1779 72 641
f 643 641 71
f 645 1467 76
f 74 1780 645
f 1780 71 642
f 1467 642 73
f 647 646 77
f 78 1781 647
f 1781 75 644
f 646 644 74
f 648 1465 79
f 77 1782 648
f 1782 74 645
f 1465 645 76
f 650 649 80
f 81 1783 650
f 1783 78 647
f 649 647 77
f 651 1463 82
f 80 1784 651
f 1784 77 648
f 1463 648 79
f 653 652 83
f 84 1785 653
f 1785 81 650
f 652 650 80
f 654 1461 85
f 83 1786 654
f 1786 80 651
f 1461 651 82
f 656 655 86
f 87 1787 656
f 1787 84 653
f 655 653 83
f 657 1459 88
f 86 1788 657
f 1788 83 654
f 1459 654 85
f 659 658 89
f 90 1789 659
f 1789 87 656
f 658 656 86
f 660 1457 91
f 89 1790 660
f 1790 86 657
f 1457 657 88
f 662 661 92
f 93 1791 662
f 1791 90 659
f 661 659 89
f 663 667 94
f 92 1792 663
f 1792 89 660
f 667 660 91
f 1361 664 2
f 434 1793 1361
f 1793 93 662
f 664 662 92
f 668 666 96
f 2 1794 668
f 1794 92 663
f 666 663 94
f 665 759 95
f 94 1795 665
f 667 757 1795
f 1795 153 759
f 97 1796 672
f 669 666 1796
f 666 665 1796
f 1796 95 672
f 98 1797 671
f 673 670 1797
f 1797 96 669
f 671 669 97
f 675 674 99
f 7 1798 675
f 1513 673 1798
f 1798 98 674
f 100 1799 676
f 677 1511 1799
f 1511 675 1799
f 1799 99 676
f 101 1800 678
f 679 1509 1800
f 1800 10 677
f 678 677 100
f 103 1801 681
f 682 1507 1801
f 1801 13 679
f 681 679 101
f 685 684 105
f 19 1803 685
f 1803 16 682
f 684 682 103
f 688 687 107
f 22 1805 688
f 1805 19 685
f 687 685 105
f 691 690 109
f 25 1807 691
f 1807 22 688
f 690 688 107
f 694 693 111
f 28 1809 694
f 1809 25 691
f 693 691 109
f 697 696 113
f 31 1811 697
f 1811 28 694
f 696 694 111
f 700 699 115
f 34 1813 700
f 1813 31 697
f 699 697 113
f 703 702 117
f 37 1815 703
f 1815 34 700
f 702 700 115
f 706 705 119
f 40 1817 706
f 1817 37 703
f 705 703 117
f 709 708 121
f 43 1819 709
f 1819 40 706
f 708 706 119
f 712 711 123
f 46 1821 712
f 1821 43 709
f 711 709 121
f 715 714 125
f 49 1823 715
f 1823 46 712
f 714 712 123
f 718 717 127
f 52 1825 718
f 1825 49 715
f 717 715 125
f 721 720 129
f 55 1827 721
f 1827 52 718
f 720 718 127
f 724 723 131
f 58 1829 724
f 1829 55 721
f 723 721 129
f 727 726 133
f 61 1831 727
f 1831 58 724
f 726 724 131
f 730 729 135
f 64 1833 730
f 1833 61 727
f 729 727 133
f 733 732 137
f 67 1835 733
f 1835 64 730
f 732 730 135
f 736 735 139
f 70 1837 736
f 1837 67 733
f 735 733 137
f 739 738 141
f 73 1839 739
f 1839 70 736
f 738 736 139
f 742 741 143
f 76 1841 742
f 1841 73 739
f 741 739 141
f 745 744 145
f 79 1843 745
f 1843 76 742
f 744 742 143
f 748 747 147
f 82 1845 748
f 1845 79 745
f 747 745 145
f 751 750 149
f 85 1847 751
f 1847 82 748
f 750 748 147
f 754 753 151
f 88 1849 754
f 1849 85 751
f 753 751 149
f 757 756 153
f 91 1851 757
f 1457 754 1851
f 1851 151 756
f 570 1854 1727
f 1730 1628 1854
f 1854 156 1627
f 1727 1627 515
f 569 1855 1723
f 518 1855 1726
f 1630 1629 1855
f 1723 1629 517
f 1722 1719 568
f 526 1910 1722
f 1638 1632 1910
f 1910 520 1719
f 1718 1715 567
f 525 1911 1718
f 1637 1634 1911
f 1911 522 1715
f 274 1964 1031
f 938 940 1964
f 940 1029 1964
f 1964 336 1031
f 276 1965 1282
f 942 939 1965
f 1965 273 938
f 1282 938 274
f 278 1966 1281
f 944 943 1966
f 1966 275 942
f 1281 942 276
f 946 1280 280
f 279 1967 946
f 1967 277 944
f 1280 944 278
f 948 1279 282
f 281 1968 948
f 947 946 1968
f 1968 280 1279
f 284 1969 1278
f 950 949 1969
f 1969 281 948
f 1278 948 282
f 952 1277 286
f 285 1970 952
f 1970 283 950
f 1277 950 284
f 955 1276 288
f 287 1971 955
f 953 952 1971
f 1971 286 1276
f 958 1275 290
f 289 1973 958
f 956 955 1973
f 1973 288 1275
f 292 1975 1274
f 961 959 1975
f 959 958 1975
f 1975 290 1274
f 294 1977 1273
f 964 962 1977
f 962 961 1977
f 1977 292 1273
f 296 1979 1272
f 967 965 1979
f 965 964 1979
f 1979 294 1272
f 298 1981 1271
f 970 968 1981
f 968 967 1981
f 1981 296 1271
f 300 1983 1270
f 973 971 1983
f 971 970 1983
f 1983 298 1270
f 302 1985 1269
f 976 974 1985
f 974 973 1985
f 1985 300 1269
f 304 1987 1268
f 979 977 1987
f 977 976 1987
f 1987 302 1268
f 306 1989 1267
f 982 980 1989
f 980 979 1989
f 1989 304 1267
f 308 1991 1266
f 985 983 1991
f 983 982 1991
f 1991 306 1266
f 310 1993 1265
f 988 986 1993
f 986 985 1993
f 1993 308 1265
f 312 1995 1264
f 991 989 1995
f 989 988 1995
f 1995 310 1264
f 314 1997 1263
f 994 992 1997
f 992 991 1997
f 1997 312 1263
f 316 1999 1262
f 997 995 1999
f 995 994 1999
f 1999 314 1262
f 318 2001 1261
f 1000 998 2001
f 998 997 2001
f 2001 316 1261
f 320 2003 1260
f 1003 1001 2003
f 1001 1000 2003
f 2003 318 1260
f 322 2005 1259
f 1006 1004 2005
f 1004 1003 2005
f 2005 320 1259
f 324 2007 1258
f 1009 1007 2007
f 1007 1006 2007
f 2007 322 1258
f 326 2009 1257
f 1012 1010 2009
f 1010 1009 2009
f 2009 324 1257
f 328 2011 1256
f 1015 1013 2011
f 1013 1012 2011
f 2011 326 1256
f 330 2013 1255
f 1018 1016 2013
f 1016 1015 2013
f 2013 328 1255
f 332 2015 1254
f 1021 1019 2015
f 1019 1018 2015
f 2015 330 1254
f 334 2017 1028
f 1024 1022 2017
f 1022 1021 2017
f 2017 332 1028
f 336 2018 1027
f 1029 1025 2018
f 1025 1024 2018
f 2018 334 1027
f 335 2019 1124
f 1026 1028 2019
f 1028 1122 2019
f 2019 397 1124
f 337 2020 1034
f 1030 1027 2020
f 1027 1026 2020
f 2020 335 1034
f 339 2021 1033
f 1035 1031 2021
f 1031 1030 2021
f 2021 337 1033
f 338 2022 1130
f 1032 1034 2022
f 1034 1128 2022
f 2022 400 1130
f 340 2023 1253
f 1036 1033 2023
f 1033 1032 2023
f 2023 338 1253
f 341 2024 1037
f 1038 1282 2024
f 1282 1035 2024
f 2024 339 1037
f 342 2025 1252
f 1039 1037 2025
f 1037 1036 2025
f 2025 340 1252
f 343 2026 1040
f 1041 1281 2026
f 1281 1038 2026
f 2026 341 1040
f 344 2027 1251
f 1042 1040 2027
f 1040 1039 2027
f 2027 342 1251
f 345 2028 1043
f 1044 1280 2028
f 1280 1041 2028
f 2028 343 1043
f 346 2029 1250
f 1045 1043 2029
f 1043 1042 2029
f 2029 344 1250
f 347 2030 1046
f 1047 1279 2030
f 1279 1044 2030
f 2030 345 1046
f 348 2031 1249
f 1048 1046 2031
f 1046 1045 2031
f 2031 346 1249
f 349 2032 1049
f 1050 1278 2032
f 1278 1047 2032
f 2032 347 1049
f 350 2033 1248
f 1051 1049 2033
f 1049 1048 2033
f 2033 348 1248
f 351 2034 1052
f 1053 1277 2034
f 1277 1050 2034
f 2034 349 1052
f 352 2035 1247
f 1054 1052 2035
f 1052 1051 2035
f 2035 350 1247
f 353 2036 1055
f 1056 1276 2036
f 1276 1053 2036
f 2036 351 1055
f 354 2037 1246
f 1057 1055 2037
f 1055 1054 2037
f 2037 352 1246
f 355 2038 1058
f 1059 1275 2038
f 1275 1056 2038
f 2038 353 1058
f 356 2039 1245
f 1060 1058 2039
f 1058 1057 2039
f 2039 354 1245
f 357 2040 1061
f 1062 1274 2040
f 1274 1059 2040
f 2040 355 1061
f 358 2041 1244
f 1063 1061 2041
f 1061 1060 2041
f 2041 356 1244
f 359 2042 1064
f 1065 1273 2042
f 1273 1062 2042
f 2042 357 1064
f 360 2043 1243
f 1066 1064 2043
f 1064 1063 2043
f 2043 358 1243
f 361 2044 1067
f 1068 1272 2044
f 1272 1065 2044
f 2044 359 1067
f 362 2045 1242
f 1069 1067 2045
f 1067 1066 2045
f 2045 360 1242
f 363 2046 1070
f 1071 1271 2046
f 1271 1068 2046
f 2046 361 1070
f 364 2047 1241
f 1072 1070 2047
f 1070 1069 2047
f 2047 362 1241
f 365 2048 1073
f 1074 1270 2048
f 1270 1071 2048
f 2048 363 1073
f 366 2049 1240
f 1075 1073 2049
f 1073 1072 2049
f 2049 364 1240
f 367 2050 1076
f 1077 1269 2050
f 1269 1074 2050
f 2050 365 1076
f 368 2051 1239
f 1078 1076 2051
f 1076 1075 2051
f 2051 366 1239
f 369 2052 1079
f 1080 1268 2052
f 1268 1077 2052
f 2052 367 1079
f 370 2053 1238
f 1081 1079 2053
f 1079 1078 2053
f 2053 368 1238
f 371 2054 1082
f 1083 1267 2054
f 1267 1080 2054
f 2054 369 1082
f 372 2055 1237
f 1084 1082 2055
f 1082 1081 2055
f 2055 370 1237
f 373 2056 1085
f 1086 1266 2056
f 1266 1083 2056
f 2056 371 1085
f 374 2057 1236
f 1087 1085 2057
f 1085 1084 2057
f 2057 372 1236
f 375 2058 1088
f 1089 1265 2058
f 1265 1086 2058
f 2058 373 1088
f 376 2059 1235
f 1090 1088 2059
f 1088 1087 2059
f 2059 374 1235
f 377 2060 1091
f 1092 1264 2060
f 1264 1089 2060
f 2060 375 1091
f 378 2061 1234
f 1093 1091 2061
f 1091 1090 2061
f 2061 376 1234
f 379 2062 1094
f 1095 1263 2062
f 1263 1092 2062
f 2062 377 1094
f 380 2063 1233
f 1096 1094 2063
f 1094 1093 2063
f 2063 378 1233
f 381 2064 1097
f 1098 1262 2064
f 1262 1095 2064
f 2064 379 1097
f 382 2065 1232
f 1099 1097 2065
f 1097 1096 2065
f 2065 380 1232
f 383 2066 1100
f 1101 1261 2066
f 1261 1098 2066
f 2066 381 1100
f 384 2067 1231
f 1102 1100 2067
f 1100 1099 2067
f 2067 382 1231
f 385 2068 1103
f 1104 1260 2068
f 1260 1101 2068
f 2068 383 1103
f 386 2069 1230
f 1105 1103 2069
f 1103 1102 2069
f 2069 384 1230
f 387 2070 1106
f 1107 1259 2070
f 1259 1104 2070
f 2070 385 1106
f 388 2071 1229
f 1108 1106 2071
f 1106 1105 2071
f 2071 386 1229
f 389 2072 1109
f 1110 1258 2072
f 1258 1107 2072
f 2072 387 1109
f 390 2073 1228
f 1111 1109 2073
f 1109 1108 2073
f 2073 388 1228
f 391 2074 1112
f 1113 1257 2074
f 1257 1110 2074
f 2074 389 1112
f 392 2075 1227
f 1114 1112 2075
f 1112 1111 2075
f 2075 390 1227
f 393 2076 1115
f 1116 1256 2076
f 1256 1113 2076
f 2076 391 1115
f 394 2077 1226
f 1117 1115 2077
f 1115 1114 2077
f 2077 392 1226
f 395 2078 1118
f 1119 1255 2078
f 1255 1116 2078
f 2078 393 1118
f 396 2079 1225
f 1120 1118 2079
f 1118 1117 2079
f 2079 394 1225
f 397 2080 1121
f 1122 1254 2080
f 1254 1119 2080
f 2080 395 1121
f 398 2081 1127
f 1123 1121 2081
f 1121 1120 2081
f 2081 396 1127
f 400 2082 1126
f 1128 1124 2082
f 1124 1123 2082
f 2082 398 1126
f 1125 1212 399
f 398 2083 1125
f 2083 396 1211
f 1212 1211 410
f 1129 1132 401
f 400 2084 1129
f 2084 398 1125
f 1132 1125 399
f 1224 1131 402
f 338 2085 1224
f 2085 400 1129
f 1131 1129 401
f 1140 1133 403
f 402 2086 1140
f 401 2086 1131
f 1133 1141 403
f 401 2087 1133
f 399 2087 1132
f 1134 1154 403
f 404 2088 1134
f 422 2088 1187
f 1153 1134 403
f 421 2089 1153
f 404 2089 1190
f 1164 1135 403
f 432 2090 1164
f 405 2090 1167
f 1135 1136 403
f 405 2091 1135
f 406 2091 1221
f 1136 1137 403
f 406 2092 1136
f 407 2092 1219
f 1137 1138 403
f 407 2093 1137
f 408 2093 1217
f 1138 1139 403
f 408 2094 1138
f 409 2094 1214
f 1139 1140 403
f 409 2095 1139
f 402 2095 1215
f 1141 1142 403
f 399 2096 1141
f 410 2096 1212
f 1142 1143 403
f 410 2097 1142
f 411 2097 1210
f 1143 1144 403
f 411 2098 1143
f 412 2098 1208
f 1144 1145 403
f 412 2099 1144
f 413 2099 1206
f 1145 1146 403
f 413 2100 1145
f 414 2100 1204
f 1146 1147 403
f 414 2101 1146
f 415 2101 1202
f 1147 1148 403
f 415 2102 1147
f 416 2102 1200
f 1148 1149 403
f 416 2103 1148
f 417 2103 1198
f 1149 1150 403
f 417 2104 1149
f 418 2104 1196
f 1150 1151 403
f 418 2105 1150
f 419 2105 1194
f 1151 1152 403
f 419 2106 1151
f 420 2106 1192
f 1152 1153 403
f 420 2107 1152
f 421 2107 1189
f 1154 1155 403
f 422 2108 1154
f 423 2108 1185
f 1155 1156 403
f 423 2109 1155
f 424 2109 1183
f 1156 1157 403
f 424 2110 1156
f 425 2110 1181
f 1157 1158 403
f 425 2111 1157
f 426 2111 1179
f 1158 1159 403
f 426 2112 1158
f 427 2112 1177
f 1159 1160 403
f 427 2113 1159
f 428 2113 1175
f 1160 1161 403
f 428 2114 1160
f 429 2114 1173
f 1161 1162 403
f 429 2115 1161
f 430 2115 1171
f 1162 1163 403
f 430 2116 1162
f 431 2116 1169
f 1163 1164 403
f 431 2117 1163
f 432 2117 1166
f 1165 1167 432
f 350 2118 1165
f 2118 348 1222
f 1167 1222 405
f 1168 1166 431
f 352 2119 1168
f 2119 350 1165
f 1166 1165 432
f 1170 1169 430
f 354 2120 1170
f 2120 352 1168
f 1169 1168 431
f 1172 1171 429
f 356 2121 1172
f 2121 354 1170
f 1171 1170 430
f 1174 1173 428
f 358 2122 1174
f 2122 356 1172
f 1173 1172 429
f 1176 1175 427
f 360 2123 1176
f 2123 358 1174
f 1175 1174 428
f 1178 1177 426
f 362 2124 1178
f 2124 360 1176
f 1177 1176 427
f 1180 1179 425
f 364 2125 1180
f 2125 362 1178
f 1179 1178 426
f 1182 1181 424
f 366 2126 1182
f 2126 364 1180
f 1181 1180 425
f 1184 1183 423
f 368 2127 1184
f 2127 366 1182
f 1183 1182 424
f 1186 1185 422
f 370 2128 1186
f 2128 368 1184
f 1185 1184 423
f 1223 1187 404
f 372 2129 1223
f 2129 370 1186
f 1187 1186 422
f 1188 1190 421
f 374 2130 1188
f 2130 372 1223
f 1190 1223 404
f 1191 1189 420
f 376 2131 1191
f 2131 374 1188
f 1189 1188 421
f 1193 1192 419
f 378 2132 1193
f 2132 376 1191
f 1192 1191 420
f 1195 1194 418
f 380 2133 1195
f 2133 378 1193
f 1194 1193 419
f 1197 1196 417
f 382 2134 1197
f 2134 380 1195
f 1196 1195 418
f 1199 1198 416
f 384 2135 1199
f 2135 382 1197
f 1198 1197 417
f 1201 1200 415
f 386 2136 1201
f 2136 384 1199
f 1200 1199 416
f 1203 1202 414
f 388 2137 1203
f 2137 386 1201
f 1202 1201 415
f 1205 1204 413
f 390 2138 1205
f 2138 388 1203
f 1204 1203 414
f 1207 1206 412
f 392 2139 1207
f 2139 390 1205
f 1206 1205 413
f 1209 1208 411
f 394 2140 1209
f 2140 392 1207
f 1208 1207 412
f 1211 1210 410
f 396 2141 1211
f 2141 394 1209
f 1210 1209 411
f 1213 1215 409
f 340 2142 1213
f 2142 338 1224
f 1215 1224 402
f 1216 1214 408
f 342 2143 1216
f 2143 340 1213
f 1214 1213 409
f 1218 1217 407
f 344 2144 1218
f 2144 342 1216
f 1217 1216 408
f 1220 1219 406
f 346 2145 1220
f 2145 344 1218
f 1219 1218 407
f 1222 1221 405
f 348 2146 1222
f 2146 346 1220
f 1221 1220 406
f 93 2147 1359
f 1357 1454 2147
f 1454 1453 2147
f 2147 90 1359
f 434 2148 1358
f 1360 1363 2148
f 1363 1357 2148
f 2148 93 1358
f 3 2149 1362
f 1366 1365 2149
f 1365 1360 2149
f 2149 434 1362
f 435 2150 1363
f 1456 1364 436
f 433 2150 1456
f 437 2151 1365
f 1364 1368 436
f 435 2151 1364
f 6 2152 1514
f 1369 1367 2152
f 1367 1366 2152
f 2152 3 1514
f 438 2153 1367
f 1368 1371 436
f 437 2153 1368
f 9 2154 1512
f 1372 1370 2154
f 1370 1369 2154
f 2154 6 1512
f 439 2155 1370
f 1371 1374 436
f 438 2155 1371
f 12 2156 1510
f 1375 1373 2156
f 1373 1372 2156
f 2156 9 1510
f 440 2157 1373
f 1374 1377 436
f 439 2157 1374
f 15 2158 1508
f 1378 1376 2158
f 1376 1375 2158
f 2158 12 1508
f 441 2159 1376
f 1377 1380 436
f 440 2159 1377
f 18 2160 1506
f 1381 1379 2160
f 1379 1378 2160
f 2160 15 1506
f 442 2161 1379
f 1380 1383 436
f 441 2161 1380
f 21 2162 1504
f 1384 1382 2162
f 1382 1381 2162
f 2162 18 1504
f 443 2163 1382
f 1383 1386 436
f 442 2163 1383
f 24 2164 1502
f 1387 1385 2164
f 1385 1384 2164
f 2164 21 1502
f 444 2165 1385
f 1386 1389 436
f 443 2165 1386
f 27 2166 1500
f 1390 1388 2166
f 1388 1387 2166
f 2166 24 1500
f 445 2167 1388
f 1389 1392 436
f 444 2167 1389
f 30 2168 1498
f 1393 1391 2168
f 1391 1390 2168
f 2168 27 1498
f 446 2169 1391
f 1392 1395 436
f 445 2169 1392
f 33 2170 1496
f 1396 1394 2170
f 1394 1393 2170
f 2170 30 1496
f 447 2171 1394
f 1395 1398 436
f 446 2171 1395
f 36 2172 1494
f 1399 1397 2172
f 1397 1396 2172
f 2172 33 1494
f 448 2173 1397
f 1398 1401 436
f 447 2173 1398
f 39 2174 1492
f 1402 1400 2174
f 1400 1399 2174
f 2174 36 1492
f 449 2175 1400
f 1401 1404 436
f 448 2175 1401
f 42 2176 1490
f 1405 1403 2176
f 1403 1402 2176
f 2176 39 1490
f 450 2177 1403
f 1404 1407 436
f 449 2177 1404
f 45 2178 1488
f 1408 1406 2178
f 1406 1405 2178
f 2178 42 1488
f 451 2179 1406
f 1407 1410 436
f 450 2179 1407
f 48 2180 1486
f 1411 1409 2180
f 1409 1408 2180
f 2180 45 1486
f 452 2181 1409
f 1410 1413 436
f 451 2181 1410
f 51 2182 1484
f 1414 1412 2182
f 1412 1411 2182
f 2182 48 1484
f 453 2183 1412
f 1413 1416 436
f 452 2183 1413
f 54 2184 1482
f 1417 1415 2184
f 1415 1414 2184
f 2184 51 1482
f 454 2185 1415
f 1416 1419 436
f 453 2185 1416
f 57 2186 1480
f 1420 1418 2186
f 1418 1417 2186
f 2186 54 1480
f 455 2187 1418
f 1419 1422 436
f 454 2187 1419
f 60 2188 1478
f 1423 1421 2188
f 1421 1420 2188
f 2188 57 1478
f 456 2189 1421
f 1422 1425 436
f 455 2189 1422
f 63 2190 1476
f 1426 1424 2190
f 1424 1423 2190
f 2190 60 1476
f 457 2191 1424
f 1425 1428 436
f 456 2191 1425
f 66 2192 1474
f 1429 1427 2192
f 1427 1426 2192
f 2192 63 1474
f 458 2193 1427
f 1428 1431 436
f 457 2193 1428
f 69 2194 1472
f 1432 1430 2194
f 1430 1429 2194
f 2194 66 1472
f 459 2195 1430
f 1431 1434 436
f 458 2195 1431
f 72 2196 1470
f 1435 1433 2196
f 1433 1432 2196
f 2196 69 1470
f 460 2197 1433
f 1434 1437 436
f 459 2197 1434
f 75 2198 1468
f 1438 1436 2198
f 1436 1435 2198
f 2198 72 1468
f 461 2199 1436
f 1437 1440 436
f 460 2199 1437
f 78 2200 1466
f 1441 1439 2200
f 1439 1438 2200
f 2200 75 1466
f 462 2201 1439
f 1440 1443 436
f 461 2201 1440
f 81 2202 1464
f 1445 1442 2202
f 1442 1441 2202
f 2202 78 1464
f 463 2203 1442
f 1443 1444 436
f 462 2203 1443
f 464 2204 1446
f 1444 1449 436
f 463 2204 1444
f 84 2205 1462
f 1447 1446 2205
f 1446 1445 2205
f 2205 81 1462
f 87 2206 1460
f 1450 1448 2206
f 1448 1447 2206
f 2206 84 1460
f 465 2207 1448
f 1449 1452 436
f 464 2207 1449
f 90 2208 1458
f 1453 1451 2208
f 1451 1450 2208
f 2208 87 1458
f 466 2209 1451
f 1452 1455 436
f 465 2209 1452
f 433 2210 1454
f 1455 1456 436
f 466 2210 1455
f 481 2212 1519
f 1520 1518 484
f 1639 1520 483
f 527 2212 1639
f 1519 1521 479
f 1640 1519 479
f 528 2213 1640
f 1523 1522 467
f 1524 1523 469
f 481 2213 1524
f 484 2216 1520
f 1530 1529 487
f 1641 1530 486
f 529 2216 1641
f 1520 1531 483
f 1642 1532 476
f 530 2217 1642
f 1534 1533 488
f 1535 1534 490
f 478 2217 1535
f 1643 1534 488
f 531 2219 1643
f 1540 1539 491
f 1541 1540 493
f 490 2219 1541
f 1546 1530 487
f 496 2222 1546
f 1644 1547 495
f 532 2222 1644
f 1530 1548 486
f 1551 1547 496
f 499 2224 1551
f 1645 1552 498
f 533 2224 1645
f 1547 1553 495
f 1646 1540 491
f 534 2225 1646
f 1555 1554 509
f 511 2225 1555
f 1540 1556 493
f 1647 1555 509
f 535 2227 1647
f 1560 1559 512
f 514 2227 1560
f 1555 1561 511
f 1566 1567 508
f 514 2230 1566
f 1648 1560 512
f 536 2230 1648
f 1567 1568 506
f 1571 1572 505
f 508 2232 1571
f 1649 1567 506
f 537 2232 1649
f 1572 1573 503
f 1650 1572 503
f 538 2233 1650
f 1575 1574 500
f 502 2233 1575
f 1572 1576 505
f 499 2236 1552
f 1575 1580 502
f 1651 1575 500
f 539 2236 1651
f 1552 1581 498
f 1652 1582 474
f 540 2237 1652
f 1532 1583 476
f 478 2237 1532
f 1582 1584 475
f 1653 1587 471
f 541 2239 1653
f 1582 1588 474
f 475 2239 1582
f 1587 1589 472
f 1654 1523 467
f 542 2241 1654
f 1587 1592 471
f 1593 1587 472
f 469 2241 1593
f 566 2245 1711
f 1714 1640 2245
f 2245 479 1521
f 1711 1521 527
f 565 2246 1707
f 1710 1654 2246
f 2246 467 1599
f 1707 1599 544
f 1706 1703 564
f 541 2248 1706
f 2248 471 1600
f 2248 545 1703
f 1702 1699 563
f 540 2250 1702
f 1652 1602 2250
f 2250 546 1699
f 562 2256 1695
f 1698 1655 2256
f 2256 483 1531
f 1695 1531 529
f 1694 1691 561
f 548 2258 1694
f 2258 486 1548
f 2258 532 1691
f 1690 1687 560
f 547 2259 1690
f 1659 1631 2259
f 2259 519 1687
f 559 2261 1683
f 1686 1662 2261
f 2261 161 1636
f 1683 1636 524
f 1682 1679 558
f 549 2264 1682
f 1661 1553 2264
f 2264 533 1679
f 1678 1675 557
f 521 2267 1678
f 1633 1618 2267
f 2267 552 1675
f 556 2269 1671
f 1674 1635 2269
f 2269 219 1621
f 1671 1621 553
f 555 2271 1667
f 1670 1663 2271
f 2271 220 1623
f 1667 1623 554
f 536 2275 1568
f 1669 1667 2275
f 2275 554 1666
f 1568 1666 506
f 512 2276 1648
f 1559 1668 2276
f 2276 555 1669
f 1648 1669 536
f 535 2277 1668
f 1647 1615 2277
f 2277 551 1670
f 1668 1670 555
f 537 2278 1573
f 1673 1671 2278
f 2278 553 1665
f 2278 503 1573
f 506 2279 1649
f 1666 1672 2279
f 2279 556 1673
f 1649 1673 537
f 554 2280 1672
f 1623 855 2280
f 2280 523 1674
f 1672 1674 556
f 1677 1574 538
f 557 2281 1677
f 1675 1664 2281
f 2281 500 1574
f 503 2282 1650
f 553 2282 1665
f 1676 1677 2282
f 2282 538 1650
f 1621 1676 553
f 219 2283 1621
f 853 1678 2283
f 2283 557 1676
f 1681 1581 539
f 558 2284 1681
f 1679 1645 2284
f 2284 498 1581
f 1664 1651 500
f 552 2285 1664
f 1680 1681 2285
f 2285 539 1651
f 1618 1680 552
f 218 2286 1618
f 1612 1682 2286
f 2286 558 1680
f 551 2287 1663
f 1685 1683 2287
f 2287 524 856
f 1663 856 220
f 509 2288 1615
f 1554 1684 2288
f 2288 559 1685
f 1615 1685 551
f 534 2289 1684
f 491 2289 1646
f 2289 550 1686
f 1684 1686 559
f 1689 1662 550
f 560 2290 1689
f 1687 766 2290
f 2290 161 1662
f 491 2291 1613
f 531 2291 1539
f 1688 1689 2291
f 2291 550 1613
f 1643 1688 531
f 488 2292 1643
f 1604 1690 2292
f 2292 560 1688
f 1693 1661 549
f 561 2293 1693
f 1691 1644 2293
f 2293 495 1661
f 852 1612 218
f 520 2294 852
f 1692 1693 2294
f 2294 549 1612
f 1632 1692 520
f 157 2295 1632
f 1610 1694 2295
f 2295 561 1692
f 548 2296 1660
f 1697 1695 2296
f 2296 529 1641
f 2296 486 1660
f 157 2297 1610
f 762 1696 2297
f 2297 562 1697
f 1610 1697 548
f 515 2298 1696
f 1627 1598 2298
f 2298 543 1698
f 1696 1698 562
f 1701 1659 547
f 563 2299 1701
f 1699 1658 2299
f 2299 160 1659
f 1533 1604 488
f 530 2300 1533
f 1700 1701 2300
f 2300 547 1604
f 1642 1700 530
f 476 2301 1642
f 1583 1702 2301
f 2301 563 1700
f 1705 1630 518
f 564 2302 1705
f 1703 1657 2302
f 2302 158 1630
f 1658 765 160
f 546 2303 1658
f 1704 1705 2303
f 2303 518 765
f 1602 1704 546
f 474 2304 1602
f 1588 1706 2304
f 2304 564 1704
f 516 2305 1628
f 1709 1707 2305
f 2305 544 1656
f 1628 1656 156
f 158 2306 763
f 1657 1708 2306
f 2306 565 1709
f 763 1709 516
f 545 2307 1708
f 471 2307 1600
f 2307 542 1710
f 1708 1710 565
f 543 2308 1655
f 1713 1711 2308
f 2308 527 1639
f 1655 1639 483
f 156 2309 1598
f 1656 1712 2309
f 2309 566 1713
f 1598 1713 543
f 544 2310 1712
f 1599 1522 2310
f 2310 528 1714
f 1712 1714 566
f 523 2311 1635
f 567 2311 1717
f 1715 854 2311
f 1635 854 219
f 220 2312 855
f 856 1716 2312
f 2312 567 1717
f 855 1717 523
f 524 2313 1716
f 1636 1330 2313
f 2313 525 1718
f 1716 1718 567
f 1721 1633 521
f 568 2314 1721
f 1719 852 2314
f 2314 218 1633
f 854 853 219
f 854 1720 2315
f 2315 568 1721
f 2315 521 853
f 522 2316 1720
f 1634 1331 2316
f 2316 526 1722
f 1720 1722 568
f 525 2317 1637
f 1725 1723 2317
f 2317 517 764
f 1637 764 159
f 766 1330 161
f 519 2318 766
f 1724 1725 2318
f 2318 525 1330
f 1631 1724 519
f 160 2319 1631
f 765 1726 2319
f 2319 569 1724
f 526 2320 1638
f 1729 1727 2320
f 2320 515 762
f 1638 762 157
f 764 1331 159
f 517 2321 764
f 1728 1729 2321
f 2321 526 1331
f 1629 1728 517
f 1629 763 2322
f 2322 516 1730
f 2322 570 1728
f 572 1731 571
f 3 1362 1731
f 1731 1362 434
f 571 1731 1361
f 573 1732 670
f 1 571 1732
f 1732 571 2
f 670 1732 668
f 575 1733 574
f 6 1514 1733
f 1733 1514 3
f 574 1733 572
f 576 1734 1513
f 5 574 1734
f 1734 574 1
f 1513 1734 573
f 578 1735 577
f 9 1512 1735
f 1735 1512 6
f 577 1735 575
f 579 1736 1511
f 8 577 1736
f 1736 577 5
f 1511 1736 576
f 581 1737 580
f 12 1510 1737
f 1737 1510 9
f 580 1737 578
f 582 1738 1509
f 11 580 1738
f 1738 580 8
f 1509 1738 579
f 584 1739 583
f 15 1508 1739
f 1739 1508 12
f 583 1739 581
f 585 1740 1507
f 14 583 1740
f 1740 583 11
f 1507 1740 582
f 587 1741 586
f 18 1506 1741
f 1741 1506 15
f 586 1741 584
f 588 1742 1505
f 17 586 1742
f 1742 586 14
f 1505 1742 585
f 590 1743 589
f 21 1504 1743
f 1743 1504 18
f 589 1743 587
f 591 1744 1503
f 20 589 1744
f 1744 589 17
f 1503 1744 588
f 593 1745 592
f 24 1502 1745
f 1745 1502 21
f 592 1745 590
f 594 1746 1501
f 23 592 1746
f 1746 592 20
f 1501 1746 591
f 596 1747 595
f 27 1500 1747
f 1747 1500 24
f 595 1747 593
f 597 1748 1499
f 26 595 1748
f 1748 595 23
f 1499 1748 594
f 599 1749 598
f 30 1498 1749
f 1749 1498 27
f 598 1749 596
f 600 1750 1497
f 29 598 1750
f 1750 598 26
f 1497 1750 597
f 602 1751 601
f 33 1496 1751
f 1751 1496 30
f 601 1751 599
f 603 1752 1495
f 32 601 1752
f 1752 601 29
f 1495 1752 600
f 605 1753 604
f 36 1494 1753
f 1753 1494 33
f 604 1753 602
f 606 1754 1493
f 35 604 1754
f 1754 604 32
f 1493 1754 603
f 608 1755 607
f 39 1492 1755
f 1755 1492 36
f 607 1755 605
f 609 1756 1491
f 38 607 1756
f 1756 607 35
f 1491 1756 606
f 611 1757 610
f 42 1490 1757
f 1757 1490 39
f 610 1757 608
f 612 1758 1489
f 41 610 1758
f 1758 610 38
f 1489 1758 609
f 614 1759 613
f 45 1488 1759
f 1759 1488 42
f 613 1759 611
f 615 1760 1487
f 44 613 1760
f 1760 613 41
f 1487 1760 612
f 617 1761 616
f 48 1486 1761
f 1761 1486 45
f 616 1761 614
f 618 1762 1485
f 47 616 1762
f 1762 616 44
f 1485 1762 615
f 620 1763 619
f 51 1484 1763
f 1763 1484 48
f 619 1763 617
f 621 1764 1483
f 50 619 1764
f 1764 619 47
f 1483 1764 618
f 623 1765 622
f 54 1482 1765
f 1765 1482 51
f 622 1765 620
f 624 1766 1481
f 53 622 1766
f 1766 622 50
f 1481 1766 621
f 626 1767 625
f 57 1480 1767
f 1767 1480 54
f 625 1767 623
f 627 1768 1479
f 56 625 1768
f 1768 625 53
f 1479 1768 624
f 629 1769 628
f 60 1478 1769
f 1769 1478 57
f 628 1769 626
f 630 1770 1477
f 59 628 1770
f 1770 628 56
f 1477 1770 627
f 632 1771 631
f 63 1476 1771
f 1771 1476 60
f 631 1771 629
f 633 1772 1475
f 62 631 1772
f 1772 631 59
f 1475 1772 630
f 635 1773 634
f 66 1474 1773
f 1773 1474 63
f 634 1773 632
f 636 1774 1473
f 65 634 1774
f 1774 634 62
f 1473 1774 633
f 638 1775 637
f 69 1472 1775
f 1775 1472 66
f 637 1775 635
f 639 1776 1471
f 68 637 1776
f 1776 637 65
f 1471 1776 636
f 641 1777 640
f 72 1470 1777
f 1777 1470 69
f 640 1777 638
f 642 1778 1469
f 71 640 1778
f 1778 640 68
f 1469 1778 639
f 644 1779 643
f 75 1468 1779
f 1779 1468 72
f 643 1779 641
f 645 1780 1467
f 74 643 1780
f 1780 643 71
f 1467 1780 642
f 647 1781 646
f 78 1466 1781
f 1781 1466 75
f 646 1781 644
f 648 1782 1465
f 77 646 1782
f 1782 646 74
f 1465 1782 645
f 650 1783 649
f 81 1464 1783
f 1783 1464 78
f 649 1783 647
f 651 1784 1463
f 80 649 1784
f 1784 649 77
f 1463 1784 648
f 653 1785 652
f 84 1462 1785
f 1785 1462 81
f 652 1785 650
f 654 1786 1461
f 83 652 1786
f 1786 652 80
f 1461 1786 651
f 656 1787 655
f 87 1460 1787
f 1787 1460 84
f 655 1787 653
f 657 1788 1459
f 86 655 1788
f 1788 655 83
f 1459 1788 654
f 659 1789 658
f 90 1458 1789
f 1789 1458 87
f 658 1789 656
f 660 1790 1457
f 89 658 1790
f 1790 658 86
f 1457 1790 657
f 662 1791 661
f 93 1359 1791
f 1791 1359 90
f 661 1791 659
f 663 1792 667
f 92 661 1792
f 1792 661 89
f 667 1792 660
f 1361 1793 664
f 434 1358 1793
f 1793 1358 93
f 664 1793 662
f 668 1794 666
f 2 664 1794
f 1794 664 92
f 666 1794 663
f 665 1795 759
f 94 667 1795
f 667 91 757
f 1795 757 153
f 97 669 1796
f 669 96 666
f 666 94 665
f 1796 665 95
f 98 673 1797
f 673 4 670
f 1797 670 96
f 671 1797 669
f 675 1798 674
f 7 1513 1798
f 1513 4 673
f 1798 673 98
f 100 677 1799
f 677 10 1511
f 1511 7 675
f 1799 675 99
f 101 679 1800
f 679 13 1509
f 1800 1509 10
f 678 1800 677
f 103 682 1801
f 682 16 1507
f 1801 1507 13
f 681 1801 679
f 685 1803 684
f 19 1505 1803
f 1803 1505 16
f 684 1803 682
f 688 1805 687
f 22 1503 1805
f 1805 1503 19
f 687 1805 685
f 691 1807 690
f 25 1501 1807
f 1807 1501 22
f 690 1807 688
f 694 1809 693
f 28 1499 1809
f 1809 1499 25
f 693 1809 691
f 697 1811 696
f 31 1497 1811
f 1811 1497 28
f 696 1811 694
f 700 1813 699
f 34 1495 1813
f 1813 1495 31
f 699 1813 697
f 703 1815 702
f 37 1493 1815
f 1815 1493 34
f 702 1815 700
f 706 1817 705
f 40 1491 1817
f 1817 1491 37
f 705 1817 703
f 709 1819 708
f 43 1489 1819
f 1819 1489 40
f 708 1819 706
f 712 1821 711
f 46 1487 1821
f 1821 1487 43
f 711 1821 709
f 715 1823 714
f 49 1485 1823
f 1823 1485 46
f 714 1823 712
f 718 1825 717
f 52 1483 1825
f 1825 1483 49
f 717 1825 715
f 721 1827 720
f 55 1481 1827
f 1827 1481 52
f 720 1827 718
f 724 1829 723
f 58 1479 1829
f 1829 1479 55
f 723 1829 721
f 727 1831 726
f 61 1477 1831
f 1831 1477 58
f 726 1831 724
f 730 1833 729
f 64 1475 1833
f 1833 1475 61
f 729 1833 727
f 733 1835 732
f 67 1473 1835
f 1835 1473 64
f 732 1835 730
f 736 1837 735
f 70 1471 1837
f 1837 1471 67
f 735 1837 733
f 739 1839 738
f 73 1469 1839
f 1839 1469 70
f 738 1839 736
f 742 1841 741
f 76 1467 1841
f 1841 1467 73
f 741 1841 739
f 745 1843 744
f 79 1465 1843
f 1843 1465 76
f 744 1843 742
f 748 1845 747
f 82 1463 1845
f 1845 1463 79
f 747 1845 745
f 751 1847 750
f 85 1461 1847
f 1847 1461 82
f 750 1847 748
f 754 1849 753
f 88 1459 1849
f 1849 1459 85
f 753 1849 751
f 757 1851 756
f 91 1457 1851
f 1457 88 754
f 1851 754 151
f 570 1730 1854
f 1730 516 1628
f 1854 1628 156
f 1727 1854 1627
f 569 1726 1855
f 518 1630 1855
f 1630 158 1629
f 1723 1855 1629
f 1722 1910 1719
f 526 1638 1910
f 1638 157 1632
f 1910 1632 520
f 1718 1911 1715
f 525 1637 1911
f 1637 159 1634
f 1911 1634 522
f 274 938 1964
f 938 273 940
f 940 271 1029
f 1964 1029 336
f 276 942 1965
f 942 275 939
f 1965 939 273
f 1282 1965 938
f 278 944 1966
f 944 277 943
f 1966 943 275
f 1281 1966 942
f 946 1967 1280
f 279 945 1967
f 1967 945 277
f 1280 1967 944
f 948 1968 1279
f 281 947 1968
f 947 279 946
f 1968 946 280
f 284 950 1969
f 950 283 949
f 1969 949 281
f 1278 1969 948
f 952 1970 1277
f 285 951 1970
f 1970 951 283
f 1277 1970 950
f 955 1971 1276
f 287 953 1971
f 953 285 952
f 1971 952 286
f 958 1973 1275
f 289 956 1973
f 956 287 955
f 1973 955 288
f 292 961 1975
f 961 291 959
f 959 289 958
f 1975 958 290
f 294 964 1977
f 964 293 962
f 962 291 961
f 1977 961 292
f 296 967 1979
f 967 295 965
f 965 293 964
f 1979 964 294
f 298 970 1981
f 970 297 968
f 968 295 967
f 1981 967 296
f 300 973 1983
f 973 299 971
f 971 297 970
f 1983 970 298
f 302 976 1985
f 976 301 974
f 974 299 973
f 1985 973 300
f 304 979 1987
f 979 303 977
f 977 301 976
f 1987 976 302
f 306 982 1989
f 982 305 980
f 980 303 979
f 1989 979 304
f 308 985 1991
f 985 307 983
f 983 305 982
f 1991 982 306
f 310 988 1993
f 988 309 986
f 986 307 985
f 1993 985 308
f 312 991 1995
f 991 311 989
f 989 309 988
f 1995 988 310
f 314 994 1997
f 994 313 992
f 992 311 991
f 1997 991 312
f 316 997 1999
f 997 315 995
f 995 313 994
f 1999 994 314
f 318 1000 2001
f 1000 317 998
f 998 315 997
f 2001 997 316
f 320 1003 2003
f 1003 319 1001
f 1001 317 1000
f 2003 1000 318
f 322 1006 2005
f 1006 321 1004
f 1004 319 1003
f 2005 1003 320
f 324 1009 2007
f 1009 323 1007
f 1007 321 1006
f 2007 1006 322
f 326 1012 2009
f 1012 325 1010
f 1010 323 1009
f 2009 1009 324
f 328 1015 2011
f 1015 327 1013
f 1013 325 1012
f 2011 1012 326
f 330 1018 2013
f 1018 329 1016
f 1016 327 1015
f 2013 1015 328
f 332 1021 2015
f 1021 331 1019
f 1019 329 1018
f 2015 1018 330
f 334 1024 2017
f 1024 333 1022
f 1022 331 1021
f 2017 1021 332
f 336 1029 2018
f 1029 271 1025
f 1025 333 1024
f 2018 1024 334
f 335 1026 2019
f 1026 334 1028
f 1028 332 1122
f 2019 1122 397
f 337 1030 2020
f 1030 336 1027
f 1027 334 1026
f 2020 1026 335
f 339 1035 2021
f 1035 274 1031
f 1031 336 1030
f 2021 1030 337
f 338 1032 2022
f 1032 337 1034
f 1034 335 1128
f 2022 1128 400
f 340 1036 2023
f 1036 339 1033
f 1033 337 1032
f 2023 1032 338
f 341 1038 2024
f 1038 276 1282
f 1282 274 1035
f 2024 1035 339
f 342 1039 2025
f 1039 341 1037
f 1037 339 1036
f 2025 1036 340
f 343 1041 2026
f 1041 278 1281
f 1281 276 1038
f 2026 1038 341
f 344 1042 2027
f 1042 343 1040
f 1040 341 1039
f 2027 1039 342
f 345 1044 2028
f 1044 280 1280
f 1280 278 1041
f 2028 1041 343
f 346 1045 2029
f 1045 345 1043
f 1043 343 1042
f 2029 1042 344
f 347 1047 2030
f 1047 282 1279
f 1279 280 1044
f 2030 1044 345
f 348 1048 2031
f 1048 347 1046
f 1046 345 1045
f 2031 1045 346
f 349 1050 2032
f 1050 284 1278
f 1278 282 1047
f 2032 1047 347
f 350 1051 2033
f 1051 349 1049
f 1049 347 1048
f 2033 1048 348
f 351 1053 2034
f 1053 286 1277
f 1277 284 1050
f 2034 1050 349
f 352 1054 2035
f 1054 351 1052
f 1052 349 1051
f 2035 1051 350
f 353 1056 2036
f 1056 288 1276
f 1276 286 1053
f 2036 1053 351
f 354 1057 2037
f 1057 353 1055
f 1055 351 1054
f 2037 1054 352
f 355 1059 2038
f 1059 290 1275
f 1275 288 1056
f 2038 1056 353
f 356 1060 2039
f 1060 355 1058
f 1058 353 1057
f 2039 1057 354
f 357 1062 2040
f 1062 292 1274
f 1274 290 1059
f 2040 1059 355
f 358 1063 2041
f 1063 357 1061
f 1061 355 1060
f 2041 1060 356
f 359 1065 2042
f 1065 294 1273
f 1273 292 1062
f 2042 1062 357
f 360 1066 2043
f 1066 359 1064
f 1064 357 1063
f 2043 1063 358
f 361 1068 2044
f 1068 296 1272
f 1272 294 1065
f 2044 1065 359
f 362 1069 2045
f 1069 361 1067
f 1067 359 1066
f 2045 1066 360
f 363 1071 2046
f 1071 298 1271
f 1271 296 1068
f 2046 1068 361
f 364 1072 2047
f 1072 363 1070
f 1070 361 1069
f 2047 1069 362
f 365 1074 2048
f 1074 300 1270
f 1270 298 1071
f 2048 1071 363
f 366 1075 2049
f 1075 365 1073
f 1073 363 1072
f 2049 1072 364
f 367 1077 2050
f 1077 302 1269
f 1269 300 1074
f 2050 1074 365
f 368 1078 2051
f 1078 367 1076
f 1076 365 1075
f 2051 1075 366
f 369 1080 2052
f 1080 304 1268
f 1268 302 1077
f 2052 1077 367
f 370 1081 2053
f 1081 369 1079
f 1079 367 1078
f 2053 1078 368
f 371 1083 2054
f 1083 306 1267
f 1267 304 1080
f 2054 1080 369
f 372 1084 2055
f 1084 371 1082
f 1082 369 1081
f 2055 1081 370
f 373 1086 2056
f 1086 308 1266
f 1266 306 1083
f 2056 1083 371
f 374 1087 2057
f 1087 373 1085
f 1085 371 1084
f 2057 1084 372
f 375 1089 2058
f 1089 310 1265
f 1265 308 1086
f 2058 1086 373
f 376 1090 2059
f 1090 375 1088
f 1088 373 1087
f 2059 1087 374
f 377 1092 2060
f 1092 312 1264
f 1264 310 1089
f 2060 1089 375
f 378 1093 2061
f 1093 377 1091
f 1091 375 1090
f 2061 1090 376
f 379 1095 2062
f 1095 314 1263
f 1263 312 1092
f 2062 1092 377
f 380 1096 2063
f 1096 379 1094
f 1094 377 1093
f 2063 1093 378
f 381 1098 2064
f 1098 316 1262
f 1262 314 1095
f 2064 1095 379
f 382 1099 2065
f 1099 381 1097
f 1097 379 1096
f 2065 1096 380
f 383 1101 2066
f 1101 318 1261
f 1261 316 1098
f 2066 1098 381
f 384 1102 2067
f 1102 383 1100
f 1100 381 1099
f 2067 1099 382
f 385 1104 2068
f 1104 320 1260
f 1260 318 1101
f 2068 1101 383
f 386 1105 2069
f 1105 385 1103
f 1103 383 1102
f 2069 1102 384
f 387 1107 2070
f 1107 322 1259
f 1259 320 1104
f 2070 1104 385
f 388 1108 2071
f 1108 387 1106
f 1106 385 1105
f 2071 1105 386
f 389 1110 2072
f 1110 324 1258
f 1258 322 1107
f 2072 1107 387
f 390 1111 2073
f 1111 389 1109
f 1109 387 1108
f 2073 1108 388
f 391 1113 2074
f 1113 326 1257
f 1257 324 1110
f 2074 1110 389
f 392 1114 2075
f 1114 391 1112
f 1112 389 1111
f 2075 1111 390
f 393 1116 2076
f 1116 328 1256
f 1256 326 1113
f 2076 1113 391
f 394 1117 2077
f 1117 393 1115
f 1115 391 1114
f 2077 1114 392
f 395 1119 2078
f 1119 330 1255
f 1255 328 1116
f 2078 1116 393
f 396 1120 2079
f 1120 395 1118
f 1118 393 1117
f 2079 1117 394
f 397 1122 2080
f 1122 332 1254
f 1254 330 1119
f 2080 1119 395
f 398 1123 2081
f 1123 397 1121
f 1121 395 1120
f 2081 1120 396
f 400 1128 2082
f 1128 335 1124
f 1124 397 1123
f 2082 1123 398
f 1125 2083 1212
f 398 1127 2083
f 2083 1127 396
f 1212 2083 1211
f 1129 2084 1132
f 400 1126 2084
f 2084 1126 398
f 1132 2084 1125
f 1224 2085 1131
f 338 1130 2085
f 2085 1130 400
f 1131 2085 1129
f 1140 2086 1133
f 402 1131 2086
f 401 1133 2086
f 1133 2087 1141
f 401 1132 2087
f 399 1141 2087
f 1134 2088 1154
f 404 1187 2088
f 422 1154 2088
f 1153 2089 1134
f 421 1190 2089
f 404 1134 2089
f 1164 2090 1135
f 432 1167 2090
f 405 1135 2090
f 1135 2091 1136
f 405 1221 2091
f 406 1136 2091
f 1136 2092 1137
f 406 1219 2092
f 407 1137 2092
f 1137 2093 1138
f 407 1217 2093
f 408 1138 2093
f 1138 2094 1139
f 408 1214 2094
f 409 1139 2094
f 1139 2095 1140
f 409 1215 2095
f 402 1140 2095
f 1141 2096 1142
f 399 1212 2096
f 410 1142 2096
f 1142 2097 1143
f 410 1210 2097
f 411 1143 2097
f 1143 2098 1144
f 411 1208 2098
f 412 1144 2098
f 1144 2099 1145
f 412 1206 2099
f 413 1145 2099
f 1145 2100 1146
f 413 1204 2100
f 414 1146 2100
f 1146 2101 1147
f 414 1202 2101
f 415 1147 2101
f 1147 2102 1148
f 415 1200 2102
f 416 1148 2102
f 1148 2103 1149
f 416 1198 2103
f 417 1149 2103
f 1149 2104 1150
f 417 1196 2104
f 418 1150 2104
f 1150 2105 1151
f 418 1194 2105
f 419 1151 2105
f 1151 2106 1152
f 419 1192 2106
f 420 1152 2106
f 1152 2107 1153
f 420 1189 2107
f 421 1153 2107
f 1154 2108 1155
f 422 1185 2108
f 423 1155 2108
f 1155 2109 1156
f 423 1183 2109
f 424 1156 2109
f 1156 2110 1157
f 424 1181 2110
f 425 1157 2110
f 1157 2111 1158
f 425 1179 2111
f 426 1158 2111
f 1158 2112 1159
f 426 1177 2112
f 427 1159 2112
f 1159 2113 1160
f 427 1175 2113
f 428 1160 2113
f 1160 2114 1161
f 428 1173 2114
f 429 1161 2114
f 1161 2115 1162
f 429 1171 2115
f 430 1162 2115
f 1162 2116 1163
f 430 1169 2116
f 431 1163 2116
f 1163 2117 1164
f 431 1166 2117
f 432 1164 2117
f 1165 2118 1167
f 350 1248 2118
f 2118 1248 348
f 1167 2118 1222
f 1168 2119 1166
f 352 1247 2119
f 2119 1247 350
f 1166 2119 1165
f 1170 2120 1169
f 354 1246 2120
f 2120 1246 352
f 1169 2120 1168
f 1172 2121 1171
f 356 1245 2121
f 2121 1245 354
f 1171 2121 1170
f 1174 2122 1173
f 358 1244 2122
f 2122 1244 356
f 1173 2122 1172
f 1176 2123 1175
f 360 1243 2123
f 2123 1243 358
f 1175 2123 1174
f 1178 2124 1177
f 362 1242 2124
f 2124 1242 360
f 1177 2124 1176
f 1180 2125 1179
f 364 1241 2125
f 2125 1241 362
f 1179 2125 1178
f 1182 2126 1181
f 366 1240 2126
f 2126 1240 364
f 1181 2126 1180
f 1184 2127 1183
f 368 1239 2127
f 2127 1239 366
f 1183 2127 1182
f 1186 2128 1185
f 370 1238 2128
f 2128 1238 368
f 1185 2128 1184
f 1223 2129 1187
f 372 1237 2129
f 2129 1237 370
f 1187 2129 1186
f 1188 2130 1190
f 374 1236 2130
f 2130 1236 372
f 1190 2130 1223
f 1191 2131 1189
f 376 1235 2131
f 2131 1235 374
f 1189 2131 1188
f 1193 2132 1192
f 378 1234 2132
f 2132 1234 376
f 1192 2132 1191
f 1195 2133 1194
f 380 1233 2133
f 2133 1233 378
f 1194 2133 1193
f 1197 2134 1196
f 382 1232 2134
f 2134 1232 380
f 1196 2134 1195
f 1199 2135 1198
f 384 1231 2135
f 2135 1231 382
f 1198 2135 1197
f 1201 2136 1200
f 386 1230 2136
f 2136 1230 384
f 1200 2136 1199
f 1203 2137 1202
f 388 1229 2137
f 2137 1229 386
f 1202 2137 1201
f 1205 2138 1204
f 390 1228 2138
f 2138 1228 388
f 1204 2138 1203
f 1207 2139 1206
f 392 1227 2139
f 2139 1227 390
f 1206 2139 1205
f 1209 2140 1208
f 394 1226 2140
f 2140 1226 392
f 1208 2140 1207
f 1211 2141 1210
f 396 1225 2141
f 2141 1225 394
f 1210 2141 1209
f 1213 2142 1215
f 340 1253 2142
f 2142 1253 338
f 1215 2142 1224
f 1216 2143 1214
f 342 1252 2143
f 2143 1252 340
f 1214 2143 1213
f 1218 2144 1217
f 344 1251 2144
f 2144 1251 342
f 1217 2144 1216
f 1220 2145 1219
f 346 1250 2145
f 2145 1250 344
f 1219 2145 1218
f 1222 2146 1221
f 348 1249 2146
f 2146 1249 346
f 1221 2146 1220
f 93 1357 2147
f 1357 433 1454
f 1454 466 1453
f 2147 1453 90
f 434 1360 2148
f 1360 435 1363
f 1363 433 1357
f 2148 1357 93
f 3 1366 2149
f 1366 437 1365
f 1365 435 1360
f 2149 1360 434
f 435 1364 2150
f 1456 2150 1364
f 433 1363 2150
f 437 1368 2151
f 1364 2151 1368
f 435 1365 2151
f 6 1369 2152
f 1369 438 1367
f 1367 437 1366
f 2152 1366 3
f 438 1371 2153
f 1368 2153 1371
f 437 1367 2153
f 9 1372 2154
f 1372 439 1370
f 1370 438 1369
f 2154 1369 6
f 439 1374 2155
f 1371 2155 1374
f 438 1370 2155
f 12 1375 2156
f 1375 440 1373
f 1373 439 1372
f 2156 1372 9
f 440 1377 2157
f 1374 2157 1377
f 439 1373 2157
f 15 1378 2158
f 1378 441 1376
f 1376 440 1375
f 2158 1375 12
f 441 1380 2159
f 1377 2159 1380
f 440 1376 2159
f 18 1381 2160
f 1381 442 1379
f 1379 441 1378
f 2160 1378 15
f 442 1383 2161
f 1380 2161 1383
f 441 1379 2161
f 21 1384 2162
f 1384 443 1382
f 1382 442 1381
f 2162 1381 18
f 443 1386 2163
f 1383 2163 1386
f 442 1382 2163
f 24 1387 2164
f 1387 444 1385
f 1385 443 1384
f 2164 1384 21
f 444 1389 2165
f 1386 2165 1389
f 443 1385 2165
f 27 1390 2166
f 1390 445 1388
f 1388 444 1387
f 2166 1387 24
f 445 1392 2167
f 1389 2167 1392
f 444 1388 2167
f 30 1393 2168
f 1393 446 1391
f 1391 445 1390
f 2168 1390 27
f 446 1395 2169
f 1392 2169 1395
f 445 1391 2169
f 33 1396 2170
f 1396 447 1394
f 1394 446 1393
f 2170 1393 30
f 447 1398 2171
f 1395 2171 1398
f 446 1394 2171
f 36 1399 2172
f 1399 448 1397
f 1397 447 1396
f 2172 1396 33
f 448 1401 2173
f 1398 2173 1401
f 447 1397 2173
f 39 1402 2174
f 1402 449 1400
f 1400 448 1399
f 2174 1399 36
f 449 1404 2175
f 1401 2175 1404
f 448 1400 2175
f 42 1405 2176
f 1405 450 1403
f 1403 449 1402
f 2176 1402 39
f 450 1407 2177
f 1404 2177 1407
f 449 1403 2177
f 45 1408 2178
f 1408 451 1406
f 1406 450 1405
f 2178 1405 42
f 451 1410 2179
f 1407 2179 1410
f 450 1406 2179
f 48 1411 2180
f 1411 452 1409
f 1409 451 1408
f 2180 1408 45
f 452 1413 2181
f 1410 2181 1413
f 451 1409 2181
f 51 1414 2182
f 1414 453 1412
f 1412 452 1411
f 2182 1411 48
f 453 1416 2183
f 1413 2183 1416
f 452 1412 2183
f 54 1417 2184
f 1417 454 1415
f 1415 453 1414
f 2184 1414 51
f 454 1419 2185
f 1416 2185 1419
f 453 1415 2185
f 57 1420 2186
f 1420 455 1418
f 1418 454 1417
f 2186 1417 54
f 455 1422 2187
f 1419 2187 1422
f 454 1418 2187
f 60 1423 2188
f 1423 456 1421
f 1421 455 1420
f 2188 1420 57
f 456 1425 2189
f 1422 2189 1425
f 455 1421 2189
f 63 1426 2190
f 1426 457 1424
f 1424 456 1423
f 2190 1423 60
f 457 1428 2191
f 1425 2191 1428
f 456 1424 2191
f 66 1429 2192
f 1429 458 1427
f 1427 457 1426
f 2192 1426 63
f 458 1431 2193
f 1428 2193 1431
f 457 1427 2193
f 69 1432 2194
f 1432 459 1430
f 1430 458 1429
f 2194 1429 66
f 459 1434 2195
f 1431 2195 1434
f 458 1430 2195
f 72 1435 2196
f 1435 460 1433
f 1433 459 1432
f 2196 1432 69
f 460 1437 2197
f 1434 2197 1437
f 459 1433 2197
f 75 1438 2198
f 1438 461 1436
f 1436 460 1435
f 2198 1435 72
f 461 1440 2199
f 1437 2199 1440
f 460 1436 2199
f 78 1441 2200
f 1441 462 1439
f 1439 461 1438
f 2200 1438 75
f 462 1443 2201
f 1440 2201 1443
f 461 1439 2201
f 81 1445 2202
f 1445 463 1442
f 1442 462 1441
f 2202 1441 78
f 463 1444 2203
f 1443 2203 1444
f 462 1442 2203
f 464 1449 2204
f 1444 2204 1449
f 463 1446 2204
f 84 1447 2205
f 1447 464 1446
f 1446 463 1445
f 2205 1445 81
f 87 1450 2206
f 1450 465 1448
f 1448 464 1447
f 2206 1447 84
f 465 1452 2207
f 1449 2207 1452
f 464 1448 2207
f 90 1453 2208
f 1453 466 1451
f 1451 465 1450
f 2208 1450 87
f 466 1455 2209
f 1452 2209 1455
f 465 1451 2209
f 433 1456 2210
f 1455 2210 1456
f 466 1454 2210
f 481 1518 2212
f 1520 2212 1518
f 1639 2212 1520
f 527 1521 2212
f 1519 2212 1521
f 1640 2213 1519
f 528 1522 2213
f 1523 2213 1522
f 1524 2213 1523
f 481 1519 2213
f 484 1529 2216
f 1530 2216 1529
f 1641 2216 1530
f 529 1531 2216
f 1520 2216 1531
f 1642 2217 1532
f 530 1533 2217
f 1534 2217 1533
f 1535 2217 1534
f 478 1532 2217
f 1643 2219 1534
f 531 1539 2219
f 1540 2219 1539
f 1541 2219 1540
f 490 1534 2219
f 1546 2222 1530
f 496 1547 2222
f 1644 2222 1547
f 532 1548 2222
f 1530 2222 1548
f 1551 2224 1547
f 499 1552 2224
f 1645 2224 1552
f 533 1553 2224
f 1547 2224 1553
f 1646 2225 1540
f 534 1554 2225
f 1555 2225 1554
f 511 1556 2225
f 1540 2225 1556
f 1647 2227 1555
f 535 1559 2227
f 1560 2227 1559
f 514 1561 2227
f 1555 2227 1561
f 1566 2230 1567
f 514 1560 2230
f 1648 2230 1560
f 536 1568 2230
f 1567 2230 1568
f 1571 2232 1572
f 508 1567 2232
f 1649 2232 1567
f 537 1573 2232
f 1572 2232 1573
f 1650 2233 1572
f 538 1574 2233
f 1575 2233 1574
f 502 1576 2233
f 1572 2233 1576
f 499 1580 2236
f 1575 2236 1580
f 1651 2236 1575
f 539 1581 2236
f 1552 2236 1581
f 1652 2237 1582
f 540 1583 2237
f 1532 2237 1583
f 478 1584 2237
f 1582 2237 1584
f 1653 2239 1587
f 541 1588 2239
f 1582 2239 1588
f 475 1589 2239
f 1587 2239 1589
f 1654 2241 1523
f 542 1592 2241
f 1587 2241 1592
f 1593 2241 1587
f 469 1523 2241
f 566 1714 2245
f 1714 528 1640
f 2245 1640 479
f 1711 2245 1521
f 565 1710 2246
f 1710 542 1654
f 2246 1654 467
f 1707 2246 1599
f 1706 2248 1703
f 541 1653 2248
f 2248 1653 471
f 2248 1600 545
f 1702 2250 1699
f 540 1652 2250
f 1652 474 1602
f 2250 1602 546
f 562 1698 2256
f 1698 543 1655
f 2256 1655 483
f 1695 2256 1531
f 1694 2258 1691
f 548 1660 2258
f 2258 1660 486
f 2258 1548 532
f 1690 2259 1687
f 547 1659 2259
f 1659 160 1631
f 2259 1631 519
f 559 1686 2261
f 1686 550 1662
f 2261 1662 161
f 1683 2261 1636
f 1682 2264 1679
f 549 1661 2264
f 1661 495 1553
f 2264 1553 533
f 1678 2267 1675
f 521 1633 2267
f 1633 218 1618
f 2267 1618 552
f 556 1674 2269
f 1674 523 1635
f 2269 1635 219
f 1671 2269 1621
f 555 1670 2271
f 1670 551 1663
f 2271 1663 220
f 1667 2271 1623
f 536 1669 2275
f 1669 555 1667
f 2275 1667 554
f 1568 2275 1666
f 512 1559 2276
f 1559 535 1668
f 2276 1668 555
f 1648 2276 1669
f 535 1647 2277
f 1647 509 1615
f 2277 1615 551
f 1668 2277 1670
f 537 1673 2278
f 1673 556 1671
f 2278 1671 553
f 2278 1665 503
f 506 1666 2279
f 1666 554 1672
f 2279 1672 556
f 1649 2279 1673
f 554 1623 2280
f 1623 220 855
f 2280 855 523
f 1672 2280 1674
f 1677 2281 1574
f 557 1675 2281
f 1675 552 1664
f 2281 1664 500
f 503 1665 2282
f 553 1676 2282
f 1676 557 1677
f 2282 1677 538
f 1621 2283 1676
f 219 853 2283
f 853 521 1678
f 2283 1678 557
f 1681 2284 1581
f 558 1679 2284
f 1679 533 1645
f 2284 1645 498
f 1664 2285 1651
f 552 1680 2285
f 1680 558 1681
f 2285 1681 539
f 1618 2286 1680
f 218 1612 2286
f 1612 549 1682
f 2286 1682 558
f 551 1685 2287
f 1685 559 1683
f 2287 1683 524
f 1663 2287 856
f 509 1554 2288
f 1554 534 1684
f 2288 1684 559
f 1615 2288 1685
f 534 1646 2289
f 491 1613 2289
f 2289 1613 550
f 1684 2289 1686
f 1689 2290 1662
f 560 1687 2290
f 1687 519 766
f 2290 766 161
f 491 1539 2291
f 531 1688 2291
f 1688 560 1689
f 2291 1689 550
f 1643 2292 1688
f 488 1604 2292
f 1604 547 1690
f 2292 1690 560
f 1693 2293 1661
f 561 1691 2293
f 1691 532 1644
f 2293 1644 495
f 852 2294 1612
f 520 1692 2294
f 1692 561 1693
f 2294 1693 549
f 1632 2295 1692
f 157 1610 2295
f 1610 548 1694
f 2295 1694 561
f 548 1697 2296
f 1697 562 1695
f 2296 1695 529
f 2296 1641 486
f 157 762 2297
f 762 515 1696
f 2297 1696 562
f 1610 2297 1697
f 515 1627 2298
f 1627 156 1598
f 2298 1598 543
f 1696 2298 1698
f 1701 2299 1659
f 563 1699 2299
f 1699 546 1658
f 2299 1658 160
f 1533 2300 1604
f 530 1700 2300
f 1700 563 1701
f 2300 1701 547
f 1642 2301 1700
f 476 1583 2301
f 1583 540 1702
f 2301 1702 563
f 1705 2302 1630
f 564 1703 2302
f 1703 545 1657
f 2302 1657 158
f 1658 2303 765
f 546 1704 2303
f 1704 564 1705
f 2303 1705 518
f 1602 2304 1704
f 474 1588 2304
f 1588 541 1706
f 2304 1706 564
f 516 1709 2305
f 1709 565 1707
f 2305 1707 544
f 1628 2305 1656
f 158 1657 2306
f 1657 545 1708
f 2306 1708 565
f 763 2306 1709
f 545 1600 2307
f 471 1592 2307
f 2307 1592 542
f 1708 2307 1710
f 543 1713 2308
f 1713 566 1711
f 2308 1711 527
f 1655 2308 1639
f 156 1656 2309
f 1656 544 1712
f 2309 1712 566
f 1598 2309 1713
f 544 1599 2310
f 1599 467 1522
f 2310 1522 528
f 1712 2310 1714
f 523 1717 2311
f 567 1715 2311
f 1715 522 854
f 1635 2311 854
f 220 856 2312
f 856 524 1716
f 2312 1716 567
f 855 2312 1717
f 524 1636 2313
f 1636 161 1330
f 2313 1330 525
f 1716 2313 1718
f 1721 2314 1633
f 568 1719 2314
f 1719 520 852
f 2314 852 218
f 854 2315 853
f 854 522 1720
f 2315 1720 568
f 2315 1721 521
f 522 1634 2316
f 1634 159 1331
f 2316 1331 526
f 1720 2316 1722
f 525 1725 2317
f 1725 569 1723
f 2317 1723 517
f 1637 2317 764
f 766 2318 1330
f 519 1724 2318
f 1724 569 1725
f 2318 1725 525
f 1631 2319 1724
f 160 765 2319
f 765 518 1726
f 2319 1726 569
f 526 1729 2320
f 1729 570 1727
f 2320 1727 515
f 1638 2320 762
f 764 2321 1331
f 517 1728 2321
f 1728 570 1729
f 2321 1729 526
f 1629 2322 1728
f 1629 158 763
f 2322 763 516
f 2322 1730 570
usemtl Stripe.Thirteen
f 104 1802 1356
f 683 681 1802
f 1802 101 680
f 1356 680 102
f 686 1355 106
f 105 1804 686
f 1804 103 683
f 1355 683 104
f 689 1354 108
f 107 1806 689
f 1806 105 686
f 1354 686 106
f 692 1353 110
f 109 1808 692
f 1808 107 689
f 1353 689 108
f 695 1352 112
f 111 1810 695
f 1810 109 692
f 1352 692 110
f 698 1351 114
f 113 1812 698
f 1812 111 695
f 1351 695 112
f 701 1350 116
f 115 1814 701
f 1814 113 698
f 1350 698 114
f 704 1349 118
f 117 1816 704
f 1816 115 701
f 1349 701 116
f 707 1348 120
f 119 1818 707
f 1818 117 704
f 1348 704 118
f 710 1347 122
f 121 1820 710
f 1820 119 707
f 1347 707 120
f 713 1346 124
f 123 1822 713
f 1822 121 710
f 1346 710 122
f 716 1345 126
f 125 1824 716
f 1824 123 713
f 1345 713 124
f 719 1344 128
f 127 1826 719
f 1826 125 716
f 1344 716 126
f 722 1343 130
f 129 1828 722
f 1828 127 719
f 1343 719 128
f 725 1342 132
f 131 1830 725
f 1830 129 722
f 1342 722 130
f 728 1341 134
f 133 1832 728
f 1832 131 725
f 1341 725 132
f 731 1340 136
f 135 1834 731
f 1834 133 728
f 1340 728 134
f 734 1339 138
f 137 1836 734
f 1836 135 731
f 1339 731 136
f 737 1338 140
f 139 1838 737
f 1838 137 734
f 1338 734 138
f 740 1337 142
f 141 1840 740
f 1840 139 737
f 1337 737 140
f 743 1336 144
f 143 1842 743
f 1842 141 740
f 1336 740 142
f 746 1335 146
f 145 1844 746
f 1844 143 743
f 1335 743 144
f 749 1334 148
f 147 1846 749
f 1846 145 746
f 1334 746 146
f 752 1333 150
f 149 1848 752
f 1848 147 749
f 1333 749 148
f 755 1332 152
f 151 1850 755
f 1850 149 752
f 1332 752 150
f 758 761 154
f 153 1852 758
f 756 755 1852
f 1852 152 761
f 760 844 155
f 154 1853 760
f 761 842 1853
f 1853 212 844
f 164 1856 769
f 770 1356 1856
f 1856 102 767
f 769 767 162
f 165 1857 1329
f 771 769 1857
f 1857 162 768
f 1329 768 163
f 773 772 166
f 106 1858 773
f 1858 104 770
f 772 770 164
f 774 1328 167
f 166 1859 774
f 1859 164 771
f 1859 165 1328
f 776 775 168
f 108 1860 776
f 1860 106 773
f 775 773 166
f 777 1327 169
f 168 1861 777
f 1861 166 774
f 1327 774 167
f 779 778 170
f 110 1862 779
f 1862 108 776
f 778 776 168
f 780 1326 171
f 170 1863 780
f 1863 168 777
f 1863 169 1326
f 782 781 172
f 112 1864 782
f 1864 110 779
f 781 779 170
f 783 1325 173
f 172 1865 783
f 1865 170 780
f 1865 171 1325
f 785 784 174
f 114 1866 785
f 1866 112 782
f 784 782 172
f 786 1324 175
f 174 1867 786
f 1867 172 783
f 1324 783 173
f 788 787 176
f 116 1868 788
f 1868 114 785
f 787 785 174
f 789 1323 177
f 176 1869 789
f 1869 174 786
f 1869 175 1323
f 791 790 178
f 118 1870 791
f 1870 116 788
f 790 788 176
f 792 1322 179
f 178 1871 792
f 1871 176 789
f 1322 789 177
f 794 793 180
f 120 1872 794
f 1872 118 791
f 793 791 178
f 181 1873 1321
f 180 1873 795
f 1873 178 792
f 1321 792 179
f 797 796 182
f 122 1874 797
f 1874 120 794
f 796 794 180
f 798 1320 183
f 182 1875 798
f 1875 180 795
f 1875 181 1320
f 800 799 184
f 124 1876 800
f 1876 122 797
f 799 797 182
f 801 1319 185
f 801 799 1877
f 1877 182 798
f 1319 798 183
f 803 802 186
f 126 1878 803
f 1878 124 800
f 802 800 184
f 187 1879 1318
f 186 1879 804
f 1879 184 801
f 1318 801 185
f 806 805 188
f 128 1880 806
f 1880 126 803
f 805 803 186
f 807 1317 189
f 188 1881 807
f 1881 186 804
f 1317 804 187
f 809 808 190
f 130 1882 809
f 1882 128 806
f 808 806 188
f 191 1883 1316
f 190 1883 810
f 1883 188 807
f 1883 189 1316
f 812 811 192
f 132 1884 812
f 1884 130 809
f 811 809 190
f 813 1315 193
f 813 811 1885
f 1885 190 810
f 1885 191 1315
f 815 814 194
f 134 1886 815
f 1886 132 812
f 814 812 192
f 816 1314 195
f 194 1887 816
f 1887 192 813
f 1887 193 1314
f 818 817 196
f 136 1888 818
f 1888 134 815
f 817 815 194
f 197 1889 1313
f 196 1889 819
f 1889 194 816
f 1889 195 1313
f 821 820 198
f 138 1890 821
f 1890 136 818
f 820 818 196
f 822 1312 199
f 198 1891 822
f 1891 196 819
f 1891 197 1312
f 824 823 200
f 140 1892 824
f 1892 138 821
f 823 821 198
f 201 1893 1311
f 200 1893 825
f 1893 198 822
f 1311 822 199
f 827 826 202
f 142 1894 827
f 1894 140 824
f 826 824 200
f 828 1310 203
f 202 1895 828
f 1895 200 825
f 1310 825 201
f 830 829 204
f 144 1896 830
f 1896 142 827
f 829 827 202
f 205 1897 1309
f 204 1897 831
f 1897 202 828
f 1309 828 203
f 833 832 206
f 146 1898 833
f 1898 144 830
f 832 830 204
f 834 1308 207
f 206 1899 834
f 1899 204 831
f 1899 205 1308
f 836 835 208
f 148 1900 836
f 1900 146 833
f 835 833 206
f 837 1307 209
f 208 1901 837
f 1901 206 834
f 1307 834 207
f 839 838 210
f 150 1902 839
f 1902 148 836
f 838 836 208
f 840 1306 211
f 210 1903 840
f 1903 208 837
f 1306 837 209
f 842 841 212
f 152 1904 842
f 1904 150 839
f 841 839 210
f 213 1905 847
f 212 1905 843
f 1905 210 840
f 847 840 211
f 848 846 215
f 155 1906 848
f 844 843 1906
f 1906 213 846
f 214 1907 931
f 845 847 1907
f 847 929 1907
f 1907 269 931
f 216 1908 851
f 849 846 1908
f 1908 213 845
f 851 845 214
f 217 1909 937
f 850 851 1909
f 1909 214 935
f 937 935 272
f 860 859 223
f 165 1912 860
f 1329 857 1912
f 1912 221 859
f 861 1305 224
f 223 1913 861
f 859 858 1913
f 1913 222 1305
f 225 1914 862
f 863 1328 1914
f 1328 860 1914
f 1914 223 862
f 226 1915 1304
f 864 862 1915
f 862 861 1915
f 1915 224 1304
f 227 1916 865
f 866 1327 1916
f 1327 863 1916
f 1916 225 865
f 228 1917 1303
f 867 865 1917
f 865 864 1917
f 1917 226 1303
f 229 1918 868
f 869 1326 1918
f 1326 866 1918
f 1918 227 868
f 230 1919 1302
f 870 868 1919
f 868 867 1919
f 1919 228 1302
f 231 1920 871
f 872 1325 1920
f 1325 869 1920
f 1920 229 871
f 232 1921 1301
f 873 871 1921
f 871 870 1921
f 1921 230 1301
f 233 1922 874
f 875 1324 1922
f 1922 173 872
f 1922 231 874
f 234 1923 1300
f 876 874 1923
f 874 873 1923
f 1923 232 1300
f 235 1924 877
f 177 1924 878
f 1323 875 1924
f 1924 233 877
f 236 1925 1299
f 879 877 1925
f 877 876 1925
f 1925 234 1299
f 237 1926 880
f 179 1926 881
f 1926 177 878
f 1926 235 880
f 238 1927 1298
f 882 880 1927
f 880 879 1927
f 1927 236 1298
f 239 1928 883
f 884 1321 1928
f 1321 881 1928
f 1928 237 883
f 240 1929 1297
f 885 883 1929
f 883 882 1929
f 1929 238 1297
f 887 886 241
f 887 1320 1930
f 1320 884 1930
f 1930 239 886
f 242 1931 1296
f 888 886 1931
f 886 885 1931
f 1931 240 1296
f 243 1932 889
f 185 1932 890
f 1319 887 1932
f 1932 241 889
f 244 1933 1295
f 891 889 1933
f 889 888 1933
f 1933 242 1295
f 245 1934 892
f 893 1318 1934
f 1934 185 890
f 1934 243 892
f 246 1935 1294
f 894 892 1935
f 892 891 1935
f 1935 244 1294
f 247 1936 895
f 896 1317 1936
f 1317 893 1936
f 1936 245 895
f 248 1937 1293
f 897 895 1937
f 895 894 1937
f 1937 246 1293
f 249 1938 898
f 899 1316 1938
f 1316 896 1938
f 1938 247 898
f 250 1939 1292
f 900 898 1939
f 898 897 1939
f 1939 248 1292
f 251 1940 901
f 902 1315 1940
f 1315 899 1940
f 1940 249 901
f 252 1941 1291
f 903 901 1941
f 901 900 1941
f 1941 250 1291
f 253 1942 904
f 905 1314 1942
f 1314 902 1942
f 1942 251 904
f 254 1943 1290
f 906 904 1943
f 904 903 1943
f 1943 252 1290
f 255 1944 907
f 908 1313 1944
f 1313 905 1944
f 1944 253 907
f 256 1945 1289
f 909 907 1945
f 907 906 1945
f 1945 254 1289
f 257 1946 910
f 199 1946 911
f 1946 197 908
f 1946 255 910
f 258 1947 1288
f 912 910 1947
f 910 909 1947
f 1947 256 1288
f 259 1948 913
f 914 1311 1948
f 1311 911 1948
f 1948 257 913
f 260 1949 1287
f 915 913 1949
f 913 912 1949
f 1949 258 1287
f 261 1950 916
f 203 1950 917
f 1310 914 1950
f 1950 259 916
f 262 1951 1286
f 918 916 1951
f 916 915 1951
f 1951 260 1286
f 263 1952 919
f 205 1952 920
f 1309 917 1952
f 1952 261 919
f 264 1953 1285
f 921 919 1953
f 919 918 1953
f 1953 262 1285
f 265 1954 922
f 207 1954 923
f 1308 920 1954
f 1954 263 922
f 266 1955 1284
f 924 922 1955
f 922 921 1955
f 1955 264 1284
f 267 1956 925
f 209 1956 926
f 1307 923 1956
f 1956 265 925
f 268 1957 1283
f 927 925 1957
f 925 924 1957
f 1957 266 1283
f 269 1958 928
f 929 1306 1958
f 1306 926 1958
f 1958 267 928
f 270 1959 934
f 930 928 1959
f 928 927 1959
f 1959 268 934
f 272 1960 933
f 935 931 1960
f 931 930 1960
f 1960 270 933
f 271 1961 1025
f 932 934 1961
f 934 1023 1961
f 1961 333 1025
f 273 1962 940
f 936 933 1962
f 933 932 1962
f 1962 271 940
f 275 1963 939
f 941 937 1963
f 1963 272 936
f 939 936 273
f 957 956 289
f 224 1972 957
f 1305 954 1972
f 1972 287 956
f 291 1974 959
f 960 1304 1974
f 1304 957 1974
f 1974 289 959
f 293 1976 962
f 963 1303 1976
f 1303 960 1976
f 1976 291 962
f 295 1978 965
f 966 1302 1978
f 1302 963 1978
f 1978 293 965
f 297 1980 968
f 969 1301 1980
f 1301 966 1980
f 1980 295 968
f 299 1982 971
f 972 1300 1982
f 1300 969 1982
f 1982 297 971
f 301 1984 974
f 975 1299 1984
f 1299 972 1984
f 1984 299 974
f 303 1986 977
f 978 1298 1986
f 1298 975 1986
f 1986 301 977
f 305 1988 980
f 981 1297 1988
f 1297 978 1988
f 1988 303 980
f 307 1990 983
f 984 1296 1990
f 1296 981 1990
f 1990 305 983
f 309 1992 986
f 987 1295 1992
f 1295 984 1992
f 1992 307 986
f 311 1994 989
f 990 1294 1994
f 1294 987 1994
f 1994 309 989
f 313 1996 992
f 993 1293 1996
f 1293 990 1996
f 1996 311 992
f 315 1998 995
f 996 1292 1998
f 1292 993 1998
f 1998 313 995
f 317 2000 998
f 999 1291 2000
f 1291 996 2000
f 2000 315 998
f 319 2002 1001
f 1002 1290 2002
f 1290 999 2002
f 2002 317 1001
f 321 2004 1004
f 1005 1289 2004
f 1289 1002 2004
f 2004 319 1004
f 323 2006 1007
f 1008 1288 2006
f 1288 1005 2006
f 2006 321 1007
f 325 2008 1010
f 1011 1287 2008
f 1287 1008 2008
f 2008 323 1010
f 327 2010 1013
f 1014 1286 2010
f 1286 1011 2010
f 2010 325 1013
f 329 2012 1016
f 1017 1285 2012
f 1285 1014 2012
f 2012 327 1016
f 331 2014 1019
f 1020 1284 2014
f 1284 1017 2014
f 2014 329 1019
f 333 2016 1022
f 1023 1283 2016
f 1283 1020 2016
f 2016 331 1022
f 1516 1515 480
f 1516 1517 2211
f 2211 484 1518
f 1515 1518 481
f 1524 1515 481
f 469 2214 1524
f 1525 1526 2214
f 2214 480 1515
f 482 2215 1517
f 1527 1528 2215
f 2215 487 1529
f 1517 1529 484
f 1535 1536 478
f 490 2218 1535
f 1537 1538 2218
f 1536 1538 477
f 1541 1537 490
f 493 2220 1541
f 1542 1543 2220
f 2220 489 1537
f 1544 1528 485
f 494 2221 1544
f 1545 1546 2221
f 2221 487 1528
f 1549 1545 494
f 1549 1550 2223
f 1550 1551 2223
f 2223 496 1545
f 493 2226 1542
f 1556 1557 2226
f 2226 510 1558
f 1542 1558 492
f 511 2228 1557
f 1561 1562 2228
f 1562 1563 2228
f 1557 1563 510
f 1565 1564 507
f 513 2229 1565
f 1562 1566 2229
f 2229 508 1564
f 1570 1569 504
f 507 2231 1570
f 1564 1571 2231
f 2231 505 1569
f 505 2234 1569
f 1576 1577 2234
f 2234 501 1578
f 1569 1578 504
f 497 2235 1550
f 1579 1577 2235
f 2235 502 1580
f 1550 1580 499
f 475 2238 1585
f 1584 1536 2238
f 2238 477 1586
f 1585 1586 473
f 472 2240 1590
f 1589 1585 2240
f 2240 473 1591
f 1590 1591 470
f 1593 1525 469
f 472 2242 1593
f 1590 1594 2242
f 2242 468 1525
f 470 2243 1594
f 1595 671 2243
f 2243 97 1596
f 1594 1596 468
f 468 2244 1526
f 1596 672 2244
f 2244 95 1597
f 1526 1597 480
f 1601 1591 473
f 99 2247 1601
f 674 1595 2247
f 2247 470 1591
f 1603 1586 477
f 100 2249 1603
f 676 1601 2249
f 2249 473 1586
f 102 2251 1605
f 680 678 2251
f 2251 100 1603
f 1605 1603 477
f 162 2252 1606
f 767 1605 2252
f 1605 1538 2252
f 2252 489 1606
f 482 2253 1607
f 1516 1608 2253
f 1608 760 2253
f 2253 155 1607
f 1597 1608 480
f 95 2254 1597
f 759 758 2254
f 2254 154 1608
f 485 2255 1609
f 1527 1607 2255
f 1607 848 2255
f 2255 215 1609
f 1544 1611 494
f 485 2257 1544
f 2257 215 849
f 1611 849 216
f 163 2260 1614
f 768 1606 2260
f 1606 1543 2260
f 2260 492 1614
f 857 1616 221
f 163 2262 857
f 2262 492 1558
f 1616 1558 510
f 1549 1617 497
f 494 2263 1549
f 2263 216 850
f 1617 850 217
f 277 2265 943
f 1619 1617 2265
f 2265 217 941
f 943 941 275
f 1620 945 279
f 501 2266 1620
f 1579 1619 2266
f 2266 277 945
f 1622 947 281
f 504 2268 1622
f 1578 1620 2268
f 2268 279 947
f 283 2270 949
f 1624 1570 2270
f 2270 504 1622
f 949 1622 281
f 285 2272 951
f 1625 1565 2272
f 2272 507 1624
f 951 1624 283
f 858 1626 222
f 221 2273 858
f 2273 510 1563
f 1626 1563 513
f 954 953 287
f 222 2274 954
f 1626 1625 2274
f 2274 285 953
f 104 683 1802
f 683 103 681
f 1802 681 101
f 1356 1802 680
f 686 1804 1355
f 105 684 1804
f 1804 684 103
f 1355 1804 683
f 689 1806 1354
f 107 687 1806
f 1806 687 105
f 1354 1806 686
f 692 1808 1353
f 109 690 1808
f 1808 690 107
f 1353 1808 689
f 695 1810 1352
f 111 693 1810
f 1810 693 109
f 1352 1810 692
f 698 1812 1351
f 113 696 1812
f 1812 696 111
f 1351 1812 695
f 701 1814 1350
f 115 699 1814
f 1814 699 113
f 1350 1814 698
f 704 1816 1349
f 117 702 1816
f 1816 702 115
f 1349 1816 701
f 707 1818 1348
f 119 705 1818
f 1818 705 117
f 1348 1818 704
f 710 1820 1347
f 121 708 1820
f 1820 708 119
f 1347 1820 707
f 713 1822 1346
f 123 711 1822
f 1822 711 121
f 1346 1822 710
f 716 1824 1345
f 125 714 1824
f 1824 714 123
f 1345 1824 713
f 719 1826 1344
f 127 717 1826
f 1826 717 125
f 1344 1826 716
f 722 1828 1343
f 129 720 1828
f 1828 720 127
f 1343 1828 719
f 725 1830 1342
f 131 723 1830
f 1830 723 129
f 1342 1830 722
f 728 1832 1341
f 133 726 1832
f 1832 726 131
f 1341 1832 725
f 731 1834 1340
f 135 729 1834
f 1834 729 133
f 1340 1834 728
f 734 1836 1339
f 137 732 1836
f 1836 732 135
f 1339 1836 731
f 737 1838 1338
f 139 735 1838
f 1838 735 137
f 1338 1838 734
f 740 1840 1337
f 141 738 1840
f 1840 738 139
f 1337 1840 737
f 743 1842 1336
f 143 741 1842
f 1842 741 141
f 1336 1842 740
f 746 1844 1335
f 145 744 1844
f 1844 744 143
f 1335 1844 743
f 749 1846 1334
f 147 747 1846
f 1846 747 145
f 1334 1846 746
f 752 1848 1333
f 149 750 1848
f 1848 750 147
f 1333 1848 749
f 755 1850 1332
f 151 753 1850
f 1850 753 149
f 1332 1850 752
f 758 1852 761
f 153 756 1852
f 756 151 755
f 1852 755 152
f 760 1853 844
f 154 761 1853
f 761 152 842
f 1853 842 212
f 164 770 1856
f 770 104 1356
f 1856 1356 102
f 769 1856 767
f 165 771 1857
f 771 164 769
f 1857 769 162
f 1329 1857 768
f 773 1858 772
f 106 1355 1858
f 1858 1355 104
f 772 1858 770
f 774 1859 1328
f 166 772 1859
f 1859 772 164
f 1859 771 165
f 776 1860 775
f 108 1354 1860
f 1860 1354 106
f 775 1860 773
f 777 1861 1327
f 168 775 1861
f 1861 775 166
f 1327 1861 774
f 779 1862 778
f 110 1353 1862
f 1862 1353 108
f 778 1862 776
f 780 1863 1326
f 170 778 1863
f 1863 778 168
f 1863 777 169
f 782 1864 781
f 112 1352 1864
f 1864 1352 110
f 781 1864 779
f 783 1865 1325
f 172 781 1865
f 1865 781 170
f 1865 780 171
f 785 1866 784
f 114 1351 1866
f 1866 1351 112
f 784 1866 782
f 786 1867 1324
f 174 784 1867
f 1867 784 172
f 1324 1867 783
f 788 1868 787
f 116 1350 1868
f 1868 1350 114
f 787 1868 785
f 789 1869 1323
f 176 787 1869
f 1869 787 174
f 1869 786 175
f 791 1870 790
f 118 1349 1870
f 1870 1349 116
f 790 1870 788
f 792 1871 1322
f 178 790 1871
f 1871 790 176
f 1322 1871 789
f 794 1872 793
f 120 1348 1872
f 1872 1348 118
f 793 1872 791
f 181 795 1873
f 180 793 1873
f 1873 793 178
f 1321 1873 792
f 797 1874 796
f 122 1347 1874
f 1874 1347 120
f 796 1874 794
f 798 1875 1320
f 182 796 1875
f 1875 796 180
f 1875 795 181
f 800 1876 799
f 124 1346 1876
f 1876 1346 122
f 799 1876 797
f 801 1877 1319
f 801 184 799
f 1877 799 182
f 1319 1877 798
f 803 1878 802
f 126 1345 1878
f 1878 1345 124
f 802 1878 800
f 187 804 1879
f 186 802 1879
f 1879 802 184
f 1318 1879 801
f 806 1880 805
f 128 1344 1880
f 1880 1344 126
f 805 1880 803
f 807 1881 1317
f 188 805 1881
f 1881 805 186
f 1317 1881 804
f 809 1882 808
f 130 1343 1882
f 1882 1343 128
f 808 1882 806
f 191 810 1883
f 190 808 1883
f 1883 808 188
f 1883 807 189
f 812 1884 811
f 132 1342 1884
f 1884 1342 130
f 811 1884 809
f 813 1885 1315
f 813 192 811
f 1885 811 190
f 1885 810 191
f 815 1886 814
f 134 1341 1886
f 1886 1341 132
f 814 1886 812
f 816 1887 1314
f 194 814 1887
f 1887 814 192
f 1887 813 193
f 818 1888 817
f 136 1340 1888
f 1888 1340 134
f 817 1888 815
f 197 819 1889
f 196 817 1889
f 1889 817 194
f 1889 816 195
f 821 1890 820
f 138 1339 1890
f 1890 1339 136
f 820 1890 818
f 822 1891 1312
f 198 820 1891
f 1891 820 196
f 1891 819 197
f 824 1892 823
f 140 1338 1892
f 1892 1338 138
f 823 1892 821
f 201 825 1893
f 200 823 1893
f 1893 823 198
f 1311 1893 822
f 827 1894 826
f 142 1337 1894
f 1894 1337 140
f 826 1894 824
f 828 1895 1310
f 202 826 1895
f 1895 826 200
f 1310 1895 825
f 830 1896 829
f 144 1336 1896
f 1896 1336 142
f 829 1896 827
f 205 831 1897
f 204 829 1897
f 1897 829 202
f 1309 1897 828
f 833 1898 832
f 146 1335 1898
f 1898 1335 144
f 832 1898 830
f 834 1899 1308
f 206 832 1899
f 1899 832 204
f 1899 831 205
f 836 1900 835
f 148 1334 1900
f 1900 1334 146
f 835 1900 833
f 837 1901 1307
f 208 835 1901
f 1901 835 206
f 1307 1901 834
f 839 1902 838
f 150 1333 1902
f 1902 1333 148
f 838 1902 836
f 840 1903 1306
f 210 838 1903
f 1903 838 208
f 1306 1903 837
f 842 1904 841
f 152 1332 1904
f 1904 1332 150
f 841 1904 839
f 213 843 1905
f 212 841 1905
f 1905 841 210
f 847 1905 840
f 848 1906 846
f 155 844 1906
f 844 212 843
f 1906 843 213
f 214 845 1907
f 845 213 847
f 847 211 929
f 1907 929 269
f 216 849 1908
f 849 215 846
f 1908 846 213
f 851 1908 845
f 217 850 1909
f 850 216 851
f 1909 851 214
f 937 1909 935
f 860 1912 859
f 165 1329 1912
f 1329 163 857
f 1912 857 221
f 861 1913 1305
f 223 859 1913
f 859 221 858
f 1913 858 222
f 225 863 1914
f 863 167 1328
f 1328 165 860
f 1914 860 223
f 226 864 1915
f 864 225 862
f 862 223 861
f 1915 861 224
f 227 866 1916
f 866 169 1327
f 1327 167 863
f 1916 863 225
f 228 867 1917
f 867 227 865
f 865 225 864
f 1917 864 226
f 229 869 1918
f 869 171 1326
f 1326 169 866
f 1918 866 227
f 230 870 1919
f 870 229 868
f 868 227 867
f 1919 867 228
f 231 872 1920
f 872 173 1325
f 1325 171 869
f 1920 869 229
f 232 873 1921
f 873 231 871
f 871 229 870
f 1921 870 230
f 233 875 1922
f 875 175 1324
f 1922 1324 173
f 1922 872 231
f 234 876 1923
f 876 233 874
f 874 231 873
f 1923 873 232
f 235 878 1924
f 177 1323 1924
f 1323 175 875
f 1924 875 233
f 236 879 1925
f 879 235 877
f 877 233 876
f 1925 876 234
f 237 881 1926
f 179 1322 1926
f 1926 1322 177
f 1926 878 235
f 238 882 1927
f 882 237 880
f 880 235 879
f 1927 879 236
f 239 884 1928
f 884 181 1321
f 1321 179 881
f 1928 881 237
f 240 885 1929
f 885 239 883
f 883 237 882
f 1929 882 238
f 887 1930 886
f 887 183 1320
f 1320 181 884
f 1930 884 239
f 242 888 1931
f 888 241 886
f 886 239 885
f 1931 885 240
f 243 890 1932
f 185 1319 1932
f 1319 183 887
f 1932 887 241
f 244 891 1933
f 891 243 889
f 889 241 888
f 1933 888 242
f 245 893 1934
f 893 187 1318
f 1934 1318 185
f 1934 890 243
f 246 894 1935
f 894 245 892
f 892 243 891
f 1935 891 244
f 247 896 1936
f 896 189 1317
f 1317 187 893
f 1936 893 245
f 248 897 1937
f 897 247 895
f 895 245 894
f 1937 894 246
f 249 899 1938
f 899 191 1316
f 1316 189 896
f 1938 896 247
f 250 900 1939
f 900 249 898
f 898 247 897
f 1939 897 248
f 251 902 1940
f 902 193 1315
f 1315 191 899
f 1940 899 249
f 252 903 1941
f 903 251 901
f 901 249 900
f 1941 900 250
f 253 905 1942
f 905 195 1314
f 1314 193 902
f 1942 902 251
f 254 906 1943
f 906 253 904
f 904 251 903
f 1943 903 252
f 255 908 1944
f 908 197 1313
f 1313 195 905
f 1944 905 253
f 256 909 1945
f 909 255 907
f 907 253 906
f 1945 906 254
f 257 911 1946
f 199 1312 1946
f 1946 1312 197
f 1946 908 255
f 258 912 1947
f 912 257 910
f 910 255 909
f 1947 909 256
f 259 914 1948
f 914 201 1311
f 1311 199 911
f 1948 911 257
f 260 915 1949
f 915 259 913
f 913 257 912
f 1949 912 258
f 261 917 1950
f 203 1310 1950
f 1310 201 914
f 1950 914 259
f 262 918 1951
f 918 261 916
f 916 259 915
f 1951 915 260
f 263 920 1952
f 205 1309 1952
f 1309 203 917
f 1952 917 261
f 264 921 1953
f 921 263 919
f 919 261 918
f 1953 918 262
f 265 923 1954
f 207 1308 1954
f 1308 205 920
f 1954 920 263
f 266 924 1955
f 924 265 922
f 922 263 921
f 1955 921 264
f 267 926 1956
f 209 1307 1956
f 1307 207 923
f 1956 923 265
f 268 927 1957
f 927 267 925
f 925 265 924
f 1957 924 266
f 269 929 1958
f 929 211 1306
f 1306 209 926
f 1958 926 267
f 270 930 1959
f 930 269 928
f 928 267 927
f 1959 927 268
f 272 935 1960
f 935 214 931
f 931 269 930
f 1960 930 270
f 271 932 1961
f 932 270 934
f 934 268 1023
f 1961 1023 333
f 273 936 1962
f 936 272 933
f 933 270 932
f 1962 932 271
f 275 941 1963
f 941 217 937
f 1963 937 272
f 939 1963 936
f 957 1972 956
f 224 1305 1972
f 1305 222 954
f 1972 954 287
f 291 960 1974
f 960 226 1304
f 1304 224 957
f 1974 957 289
f 293 963 1976
f 963 228 1303
f 1303 226 960
f 1976 960 291
f 295 966 1978
f 966 230 1302
f 1302 228 963
f 1978 963 293
f 297 969 1980
f 969 232 1301
f 1301 230 966
f 1980 966 295
f 299 972 1982
f 972 234 1300
f 1300 232 969
f 1982 969 297
f 301 975 1984
f 975 236 1299
f 1299 234 972
f 1984 972 299
f 303 978 1986
f 978 238 1298
f 1298 236 975
f 1986 975 301
f 305 981 1988
f 981 240 1297
f 1297 238 978
f 1988 978 303
f 307 984 1990
f 984 242 1296
f 1296 240 981
f 1990 981 305
f 309 987 1992
f 987 244 1295
f 1295 242 984
f 1992 984 307
f 311 990 1994
f 990 246 1294
f 1294 244 987
f 1994 987 309
f 313 993 1996
f 993 248 1293
f 1293 246 990
f 1996 990 311
f 315 996 1998
f 996 250 1292
f 1292 248 993
f 1998 993 313
f 317 999 2000
f 999 252 1291
f 1291 250 996
f 2000 996 315
f 319 1002 2002
f 1002 254 1290
f 1290 252 999
f 2002 999 317
f 321 1005 2004
f 1005 256 1289
f 1289 254 1002
f 2004 1002 319
f 323 1008 2006
f 1008 258 1288
f 1288 256 1005
f 2006 1005 321
f 325 1011 2008
f 1011 260 1287
f 1287 258 1008
f 2008 1008 323
f 327 1014 2010
f 1014 262 1286
f 1286 260 1011
f 2010 1011 325
f 329 1017 2012
f 1017 264 1285
f 1285 262 1014
f 2012 1014 327
f 331 1020 2014
f 1020 266 1284
f 1284 264 1017
f 2014 1017 329
f 333 1023 2016
f 1023 268 1283
f 1283 266 1020
f 2016 1020 331
f 1516 2211 1515
f 1516 482 1517
f 2211 1517 484
f 1515 2211 1518
f 1524 2214 1515
f 469 1525 2214
f 1525 468 1526
f 2214 1526 480
f 482 1527 2215
f 1527 485 1528
f 2215 1528 487
f 1517 2215 1529
f 1535 2218 1536
f 490 1537 2218
f 1537 489 1538
f 1536 2218 1538
f 1541 2220 1537
f 493 1542 2220
f 1542 492 1543
f 2220 1543 489
f 1544 2221 1528
f 494 1545 2221
f 1545 496 1546
f 2221 1546 487
f 1549 2223 1545
f 1549 497 1550
f 1550 499 1551
f 2223 1551 496
f 493 1556 2226
f 1556 511 1557
f 2226 1557 510
f 1542 2226 1558
f 511 1561 2228
f 1561 514 1562
f 1562 513 1563
f 1557 2228 1563
f 1565 2229 1564
f 513 1562 2229
f 1562 514 1566
f 2229 1566 508
f 1570 2231 1569
f 507 1564 2231
f 1564 508 1571
f 2231 1571 505
f 505 1576 2234
f 1576 502 1577
f 2234 1577 501
f 1569 2234 1578
f 497 1579 2235
f 1579 501 1577
f 2235 1577 502
f 1550 2235 1580
f 475 1584 2238
f 1584 478 1536
f 2238 1536 477
f 1585 2238 1586
f 472 1589 2240
f 1589 475 1585
f 2240 1585 473
f 1590 2240 1591
f 1593 2242 1525
f 472 1590 2242
f 1590 470 1594
f 2242 1594 468
f 470 1595 2243
f 1595 98 671
f 2243 671 97
f 1594 2243 1596
f 468 1596 2244
f 1596 97 672
f 2244 672 95
f 1526 2244 1597
f 1601 2247 1591
f 99 674 2247
f 674 98 1595
f 2247 1595 470
f 1603 2249 1586
f 100 676 2249
f 676 99 1601
f 2249 1601 473
f 102 680 2251
f 680 101 678
f 2251 678 100
f 1605 2251 1603
f 162 767 2252
f 767 102 1605
f 1605 477 1538
f 2252 1538 489
f 482 1516 2253
f 1516 480 1608
f 1608 154 760
f 2253 760 155
f 1597 2254 1608
f 95 759 2254
f 759 153 758
f 2254 758 154
f 485 1527 2255
f 1527 482 1607
f 1607 155 848
f 2255 848 215
f 1544 2257 1611
f 485 1609 2257
f 2257 1609 215
f 1611 2257 849
f 163 768 2260
f 768 162 1606
f 1606 489 1543
f 2260 1543 492
f 857 2262 1616
f 163 1614 2262
f 2262 1614 492
f 1616 2262 1558
f 1549 2263 1617
f 494 1611 2263
f 2263 1611 216
f 1617 2263 850
f 277 1619 2265
f 1619 497 1617
f 2265 1617 217
f 943 2265 941
f 1620 2266 945
f 501 1579 2266
f 1579 497 1619
f 2266 1619 277
f 1622 2268 947
f 504 1578 2268
f 1578 501 1620
f 2268 1620 279
f 283 1624 2270
f 1624 507 1570
f 2270 1570 504
f 949 2270 1622
f 285 1625 2272
f 1625 513 1565
f 2272 1565 507
f 951 2272 1624
f 858 2273 1626
f 221 1616 2273
f 2273 1616 510
f 1626 2273 1563
f 954 2274 953
f 222 1626 2274
f 1626 513 1625
f 2274 1625 285
