# Blender 4.4.3
# www.blender.org
mtllib 14_ball.mtl
o Stripe.002
v -0.038098 -0.055313 0.853436
v -0.036296 -0.056924 0.856967
v -0.043065 -0.061177 0.854103
v -0.032288 -0.050437 0.851988
v -0.040130 -0.054496 0.849760
v -0.044464 -0.060614 0.851571
v -0.034874 -0.049397 0.847309
v -0.042314 -0.054504 0.846080
v -0.045968 -0.060620 0.849036
v -0.037653 -0.049408 0.842625
v -0.044565 -0.055337 0.842538
v -0.047519 -0.061193 0.846596
v -0.040519 -0.050467 0.838116
v -0.046798 -0.056962 0.839269
v -0.049057 -0.062313 0.844344
v -0.043360 -0.052536 0.833956
v -0.048926 -0.059318 0.836400
v -0.050523 -0.063935 0.842368
v -0.046069 -0.055534 0.830304
v -0.050868 -0.062313 0.834040
v -0.051860 -0.065999 0.840743
v -0.048540 -0.059347 0.827301
v -0.052548 -0.065833 0.832281
v -0.053018 -0.068423 0.839531
v -0.050679 -0.063827 0.825062
v -0.053904 -0.069742 0.831189
v -0.053951 -0.071116 0.838779
v -0.052404 -0.068802 0.823673
v -0.054881 -0.073891 0.830808
v -0.054625 -0.073974 0.838516
v -0.053649 -0.074082 0.823187
v -0.055444 -0.078119 0.831151
v -0.055012 -0.076886 0.838752
v -0.054364 -0.079463 0.823623
v -0.055569 -0.082264 0.832205
v -0.055099 -0.079741 0.839479
v -0.054524 -0.084739 0.824965
v -0.055253 -0.086167 0.833930
v -0.054881 -0.082430 0.840667
v -0.054122 -0.089707 0.827161
v -0.054508 -0.089678 0.836260
v -0.054367 -0.084848 0.842271
v -0.053173 -0.094176 0.830126
v -0.053361 -0.092662 0.839104
v -0.053578 -0.086904 0.844231
v -0.051714 -0.097974 0.833746
v -0.051858 -0.095005 0.842354
v -0.052542 -0.088517 0.846470
v -0.049801 -0.100955 0.837883
v -0.050056 -0.096615 0.845886
v -0.051301 -0.089626 0.848902
v -0.047507 -0.103005 0.842377
v -0.048024 -0.097432 0.849562
v -0.049901 -0.090189 0.851434
v -0.044921 -0.104045 0.847056
v -0.045840 -0.097424 0.853242
v -0.048397 -0.090184 0.853969
v -0.042142 -0.104035 0.851740
v -0.043589 -0.096592 0.856784
v -0.046847 -0.089610 0.856409
v -0.039276 -0.102975 0.856249
v -0.041356 -0.094966 0.860053
v -0.045309 -0.088490 0.858660
v -0.036435 -0.100906 0.860409
v -0.039228 -0.092610 0.862922
v -0.043843 -0.086868 0.860637
v -0.033726 -0.097908 0.864061
v -0.037287 -0.089615 0.865282
v -0.042505 -0.084805 0.862262
v -0.031255 -0.094095 0.867064
v -0.035606 -0.086095 0.867041
v -0.041348 -0.082380 0.863474
v -0.029116 -0.089615 0.869303
v -0.034251 -0.082186 0.868132
v -0.040414 -0.079687 0.864226
v -0.027391 -0.084640 0.870692
v -0.033273 -0.078038 0.868514
v -0.039741 -0.076830 0.864489
v -0.026147 -0.079360 0.871178
v -0.032711 -0.073809 0.868171
v -0.039353 -0.073918 0.864252
v -0.025431 -0.073979 0.870742
v -0.032585 -0.069664 0.867117
v -0.039267 -0.071062 0.863526
v -0.025271 -0.068703 0.869400
v -0.032901 -0.065761 0.865392
v -0.039485 -0.068374 0.862338
v -0.025673 -0.063735 0.867204
v -0.033647 -0.062250 0.863062
v -0.039998 -0.065955 0.860733
v -0.026622 -0.059266 0.864239
v -0.034793 -0.059266 0.860218
v -0.040788 -0.063900 0.858774
v -0.028081 -0.055468 0.860619
v -0.020910 -0.052653 0.859962
v -0.029994 -0.052487 0.856482
v -0.023160 -0.049147 0.855097
v -0.016055 -0.047033 0.852867
v -0.025857 -0.046737 0.849813
v -0.019052 -0.044354 0.846995
v -0.028898 -0.045514 0.844311
v -0.022431 -0.042996 0.840882
v -0.032166 -0.045526 0.838804
v -0.026062 -0.043009 0.834763
v -0.035535 -0.046772 0.833502
v -0.029806 -0.044394 0.828872
v -0.038877 -0.049205 0.828610
v -0.033519 -0.047097 0.823436
v -0.042062 -0.052730 0.824316
v -0.037058 -0.051014 0.818665
v -0.044967 -0.057213 0.820785
v -0.040287 -0.055995 0.814741
v -0.047483 -0.062481 0.818151
v -0.043082 -0.061848 0.811815
v -0.049511 -0.068332 0.816518
v -0.045335 -0.068349 0.810000
v -0.050974 -0.074540 0.815947
v -0.046961 -0.075248 0.809366
v -0.051816 -0.080868 0.816460
v -0.047896 -0.082279 0.809936
v -0.052004 -0.087072 0.818038
v -0.048105 -0.089172 0.811689
v -0.051531 -0.092913 0.820620
v -0.047580 -0.095663 0.814558
v -0.050415 -0.098168 0.824106
v -0.046340 -0.101501 0.818432
v -0.048700 -0.102634 0.828363
v -0.044434 -0.106464 0.823162
v -0.046450 -0.106140 0.833228
v -0.041934 -0.110359 0.828567
v -0.043753 -0.108550 0.838512
v -0.038937 -0.113037 0.834439
v -0.040712 -0.109773 0.844014
v -0.035558 -0.114396 0.840552
v -0.037444 -0.109761 0.849522
v -0.031927 -0.114383 0.846672
v -0.034074 -0.108514 0.854823
v -0.028183 -0.112998 0.852563
v -0.030733 -0.106082 0.859715
v -0.024470 -0.110295 0.857998
v -0.027450 -0.102540 0.864015
v -0.020530 -0.106348 0.862760
v -0.024278 -0.097985 0.867570
v -0.022213 -0.092681 0.870212
v -0.020451 -0.086859 0.871839
v -0.018777 -0.080813 0.872381
v -0.017533 -0.074687 0.871829
v -0.017532 -0.068281 0.870278
v -0.009558 -0.068447 0.869688
v -0.018079 -0.062373 0.867706
v -0.010410 -0.061729 0.866877
v -0.019195 -0.057119 0.864219
v -0.011649 -0.055890 0.863003
v -0.004277 -0.055627 0.860637
v -0.013556 -0.050928 0.858272
v -0.006300 -0.050359 0.855615
v 0.000577 -0.050969 0.852093
v -0.008954 -0.046224 0.849877
v -0.002128 -0.046753 0.846242
v -0.012135 -0.043381 0.843644
v -0.005372 -0.043854 0.839886
v -0.015722 -0.041939 0.837154
v -0.009030 -0.042383 0.833269
v -0.019577 -0.041953 0.830657
v -0.012960 -0.042398 0.826646
v -0.023552 -0.043423 0.824404
v -0.017012 -0.043897 0.820270
v -0.027493 -0.046292 0.818633
v -0.021031 -0.046822 0.814386
v -0.031250 -0.050451 0.813568
v -0.024861 -0.051062 0.809222
v -0.034678 -0.055739 0.809403
v -0.028356 -0.056454 0.804974
v -0.037645 -0.061953 0.806297
v -0.031381 -0.062790 0.801808
v -0.040037 -0.068854 0.804370
v -0.033821 -0.069826 0.799843
v -0.041763 -0.076177 0.803696
v -0.035580 -0.077293 0.799156
v -0.042756 -0.083641 0.804302
v -0.036593 -0.084903 0.799773
v -0.042978 -0.090959 0.806163
v -0.036819 -0.092365 0.801671
v -0.042420 -0.097850 0.809208
v -0.036250 -0.099390 0.804776
v -0.041104 -0.104048 0.813321
v -0.034908 -0.105710 0.808969
v -0.039080 -0.109316 0.818342
v -0.032845 -0.111081 0.814089
v -0.036426 -0.113451 0.824080
v -0.030139 -0.115297 0.819940
v -0.033245 -0.116294 0.830314
v -0.026895 -0.118196 0.826296
v -0.029658 -0.117737 0.836804
v -0.023238 -0.119667 0.832913
v -0.025803 -0.117722 0.843300
v -0.019308 -0.119652 0.839536
v -0.021829 -0.116252 0.849554
v -0.015255 -0.118153 0.845912
v -0.017887 -0.113383 0.855324
v -0.011237 -0.115228 0.851796
v -0.014032 -0.109410 0.860224
v -0.007573 -0.111270 0.856766
v -0.007650 -0.097856 0.867814
v -0.000859 -0.099495 0.864492
v -0.005404 -0.090846 0.869822
v 0.001668 -0.092296 0.866554
v -0.003490 -0.083486 0.870441
v 0.003447 -0.084624 0.867210
v -0.002207 -0.068566 0.867691
v 0.004574 -0.069313 0.864436
v -0.002960 -0.061825 0.864750
v 0.003982 -0.062660 0.861406
v 0.010152 -0.064200 0.856974
v 0.002641 -0.056340 0.857213
v 0.008836 -0.058002 0.852861
v 0.014072 -0.060548 0.847750
v 0.006813 -0.052734 0.847840
v 0.012166 -0.055586 0.843020
v 0.004159 -0.048599 0.842102
v 0.009666 -0.051691 0.837615
v 0.000978 -0.045756 0.835868
v 0.006670 -0.049013 0.831743
v -0.002610 -0.044313 0.829378
v 0.003291 -0.047654 0.825630
v -0.006464 -0.044328 0.822882
v -0.000341 -0.047667 0.819510
v -0.010439 -0.045798 0.816628
v -0.004084 -0.049052 0.813619
v -0.014380 -0.048667 0.810858
v -0.007797 -0.051755 0.808184
v -0.018137 -0.052826 0.805793
v -0.011336 -0.055672 0.803412
v -0.021565 -0.058113 0.801627
v -0.014565 -0.060653 0.799488
v -0.024532 -0.064327 0.798521
v -0.017360 -0.066507 0.796563
v -0.026924 -0.071229 0.796594
v -0.019613 -0.073008 0.794748
v -0.028650 -0.078552 0.795920
v -0.021239 -0.079906 0.794113
v -0.029643 -0.086016 0.796526
v -0.022174 -0.086937 0.794683
v -0.029865 -0.093334 0.798387
v -0.022383 -0.093831 0.796436
v -0.029307 -0.100225 0.801432
v -0.021858 -0.100321 0.799305
v -0.027991 -0.106423 0.805545
v -0.020618 -0.106160 0.803179
v -0.025967 -0.111691 0.810567
v -0.018712 -0.111122 0.807910
v -0.023314 -0.115826 0.816305
v -0.016212 -0.115017 0.813315
v -0.020132 -0.118669 0.822538
v -0.013215 -0.117696 0.819187
v -0.016545 -0.120111 0.829028
v -0.009836 -0.119054 0.825300
v -0.012690 -0.120097 0.835525
v -0.006205 -0.119041 0.831419
v -0.008716 -0.118627 0.841778
v -0.002461 -0.117656 0.837310
v -0.004774 -0.115758 0.847549
v 0.001252 -0.114953 0.842746
v -0.001251 -0.111725 0.852646
v 0.004611 -0.110902 0.847851
v 0.005436 -0.100226 0.860054
v 0.007991 -0.093272 0.861879
v 0.009596 -0.085856 0.862682
v 0.010574 -0.070881 0.860112
v 0.015584 -0.073001 0.854780
v 0.019678 -0.075020 0.848213
v 0.015312 -0.066387 0.851624
v 0.019263 -0.069137 0.845562
v 0.021855 -0.072343 0.839021
v 0.018148 -0.063882 0.842076
v 0.020906 -0.067874 0.836056
v 0.016432 -0.059416 0.837819
v 0.019447 -0.064076 0.832436
v 0.014183 -0.055910 0.832954
v 0.017533 -0.061095 0.828299
v 0.011485 -0.053500 0.827670
v 0.015240 -0.059045 0.823805
v 0.008444 -0.052277 0.822168
v 0.012654 -0.058005 0.819126
v 0.005176 -0.052289 0.816660
v 0.009874 -0.058015 0.814442
v 0.001807 -0.053536 0.811359
v 0.007009 -0.059075 0.809933
v -0.001534 -0.055968 0.806467
v 0.004167 -0.061144 0.805773
v -0.004719 -0.059494 0.802173
v 0.001459 -0.064142 0.802121
v -0.007625 -0.063976 0.798641
v -0.001012 -0.067954 0.799118
v -0.010141 -0.069244 0.796008
v -0.003152 -0.072435 0.796879
v -0.012169 -0.075095 0.794375
v -0.004876 -0.077410 0.795490
v -0.013632 -0.081304 0.793804
v -0.006121 -0.082690 0.795004
v -0.014474 -0.087631 0.794317
v -0.006836 -0.088071 0.795440
v -0.014661 -0.093835 0.795895
v -0.006996 -0.093347 0.796782
v -0.014189 -0.099677 0.798476
v -0.006594 -0.098315 0.798978
v -0.013073 -0.104931 0.801963
v -0.005645 -0.102784 0.801943
v -0.011357 -0.109397 0.806220
v -0.004186 -0.106582 0.805563
v -0.009108 -0.112903 0.811085
v -0.002273 -0.109563 0.809700
v -0.006410 -0.115313 0.816369
v 0.000021 -0.111613 0.814194
v -0.003369 -0.116536 0.821871
v 0.002607 -0.112653 0.818873
v -0.000101 -0.116524 0.827378
v 0.005386 -0.112642 0.823557
v 0.003268 -0.115278 0.832680
v 0.008251 -0.111583 0.828066
v 0.006609 -0.112845 0.837572
v 0.011093 -0.109514 0.832226
v 0.009760 -0.109279 0.841950
v 0.013801 -0.106516 0.835878
v 0.012586 -0.104661 0.845711
v 0.016273 -0.102703 0.838881
v 0.015319 -0.099478 0.847956
v 0.018412 -0.098223 0.841120
v 0.017453 -0.093724 0.849363
v 0.020137 -0.093248 0.842509
v 0.018755 -0.087611 0.850126
v 0.021381 -0.087968 0.842995
v 0.019331 -0.081364 0.849970
v 0.022097 -0.082587 0.842559
v 0.023176 -0.083931 0.835031
v 0.022257 -0.077311 0.841217
v 0.023302 -0.079786 0.833977
v 0.022831 -0.082309 0.826703
v 0.022986 -0.075883 0.832252
v 0.022613 -0.079620 0.825515
v 0.022240 -0.072372 0.829922
v 0.022100 -0.077202 0.823911
v 0.021094 -0.069388 0.827078
v 0.021310 -0.075146 0.821951
v 0.019591 -0.067045 0.823828
v 0.020275 -0.073533 0.819712
v 0.017789 -0.065435 0.820296
v 0.019034 -0.072424 0.817280
v 0.015757 -0.064618 0.816620
v 0.017634 -0.071861 0.814748
v 0.013573 -0.064626 0.812940
v 0.016130 -0.071866 0.812213
v 0.011322 -0.065458 0.809398
v 0.014579 -0.072440 0.809773
v 0.009089 -0.067084 0.806129
v 0.013041 -0.073560 0.807522
v 0.006961 -0.069440 0.803260
v 0.011576 -0.075182 0.805545
v 0.005019 -0.072435 0.800900
v 0.010238 -0.077245 0.803920
v 0.003339 -0.075955 0.799141
v 0.009080 -0.079670 0.802708
v 0.001983 -0.079864 0.798050
v 0.008147 -0.082363 0.801956
v 0.001006 -0.084012 0.797668
v 0.007473 -0.085220 0.801693
v 0.000443 -0.088241 0.798011
v 0.007086 -0.088132 0.801930
v 0.000318 -0.092386 0.799065
v 0.007000 -0.090988 0.802656
v 0.000634 -0.096289 0.800790
v 0.007217 -0.093676 0.803844
v 0.001379 -0.099800 0.803120
v 0.007731 -0.096095 0.805449
v 0.002526 -0.102784 0.805964
v 0.008520 -0.098150 0.807408
v 0.004029 -0.105126 0.809215
v 0.009556 -0.099764 0.809647
v 0.005831 -0.106737 0.812746
v 0.010797 -0.100873 0.812079
v 0.007863 -0.107554 0.816422
v 0.012197 -0.101436 0.814611
v 0.010046 -0.107546 0.820102
v 0.013701 -0.101430 0.817146
v 0.012298 -0.106713 0.823644
v 0.015252 -0.100857 0.819586
v 0.014530 -0.105088 0.826913
v 0.016789 -0.099737 0.821838
v 0.016658 -0.102732 0.829782
v 0.018255 -0.098114 0.823814
v 0.018600 -0.099737 0.832142
v 0.019593 -0.096051 0.825439
v 0.020281 -0.096217 0.833901
v 0.020750 -0.093627 0.826651
v 0.021636 -0.092308 0.834993
v 0.021684 -0.090934 0.827403
v 0.022614 -0.088159 0.835374
v 0.022357 -0.088076 0.827666
v 0.020739 -0.087745 0.820426
v 0.022745 -0.085164 0.827430
v 0.020943 -0.086206 0.820301
v 0.020989 -0.084696 0.819917
v 0.017608 -0.087136 0.813083
v 0.012733 -0.090706 0.807831
v 0.018981 -0.079469 0.814935
v 0.019638 -0.080056 0.816221
v 0.020185 -0.080909 0.817405
v 0.020603 -0.081996 0.818441
v 0.020874 -0.083274 0.819289
v 0.020383 -0.089256 0.820287
v 0.019889 -0.090680 0.819890
v 0.019277 -0.091962 0.819249
v 0.018570 -0.093053 0.818390
v 0.017795 -0.093911 0.817345
v 0.016981 -0.094503 0.816154
v 0.016162 -0.094806 0.814864
v 0.015366 -0.094809 0.813524
v 0.014626 -0.094511 0.812185
v 0.013970 -0.093925 0.810899
v 0.013422 -0.093072 0.809715
v 0.013005 -0.091985 0.808679
v 0.012618 -0.089285 0.807202
v 0.012664 -0.087775 0.806818
v 0.012869 -0.086235 0.806693
v 0.013225 -0.084724 0.806832
v 0.013719 -0.083301 0.807230
v 0.014331 -0.082019 0.807871
v 0.015038 -0.080928 0.808730
v 0.015813 -0.080070 0.809775
v 0.016626 -0.079478 0.810966
v 0.017446 -0.079175 0.812256
v 0.018241 -0.079172 0.813596
v -0.045690 -0.068978 0.856467
v -0.041823 -0.062286 0.856535
v -0.046237 -0.068125 0.855283
v -0.049876 -0.074914 0.853099
v -0.046894 -0.067539 0.853997
v -0.047634 -0.067241 0.852658
v -0.048429 -0.067244 0.851318
v -0.049249 -0.067547 0.850028
v -0.050062 -0.068139 0.848837
v -0.050837 -0.068997 0.847793
v -0.051544 -0.070088 0.846933
v -0.052156 -0.071370 0.846292
v -0.052650 -0.072794 0.845895
v -0.053006 -0.074305 0.845756
v -0.053211 -0.075844 0.845881
v -0.053257 -0.077354 0.846265
v -0.053141 -0.078776 0.846893
v -0.052870 -0.080054 0.847741
v -0.052452 -0.081141 0.848777
v -0.051905 -0.081994 0.849961
v -0.051249 -0.082581 0.851247
v -0.050509 -0.082878 0.852586
v -0.049713 -0.082875 0.853926
v -0.048893 -0.082572 0.855216
v -0.048080 -0.081980 0.856407
v -0.047305 -0.081122 0.857452
v -0.046598 -0.080031 0.858311
v -0.045986 -0.078749 0.858952
v -0.045492 -0.077326 0.859350
v -0.045136 -0.075815 0.859488
v -0.044932 -0.074275 0.859364
v -0.044886 -0.072765 0.858980
v -0.045001 -0.071344 0.858351
v -0.045272 -0.070065 0.857503
v -0.013417 -0.100647 0.867284
v -0.015689 -0.101179 0.866827
v -0.013584 -0.100723 0.867238
v -0.016499 -0.094562 0.870134
v -0.014459 -0.095274 0.869907
v -0.015166 -0.094943 0.870057
v -0.015596 -0.088275 0.871899
v -0.013610 -0.088818 0.871720
v -0.014472 -0.088590 0.871839
v -0.012938 -0.082263 0.872382
v -0.010814 -0.082683 0.872209
v -0.011600 -0.082627 0.872309
v -0.006895 -0.078119 0.871402
v -0.008507 -0.076372 0.871362
v -0.006993 -0.077958 0.871400
v -0.010688 -0.105877 0.863228
v -0.009698 -0.104374 0.864308
v -0.009905 -0.105016 0.863863
v -0.005231 -0.108034 0.859728
v -0.004322 -0.106552 0.860806
v -0.004708 -0.107235 0.860364
v -0.001521 -0.076128 0.869472
v -0.001481 -0.074074 0.869042
v -0.001322 -0.075368 0.869283
v 0.004509 -0.076047 0.866383
v 0.004608 -0.074052 0.865940
v 0.004577 -0.075163 0.866227
v 0.000759 -0.107950 0.856440
v 0.001638 -0.106427 0.857586
v 0.001181 -0.107024 0.857289
v 0.007295 -0.105342 0.853198
v 0.006815 -0.104311 0.855287
v 0.006831 -0.104420 0.855133
v 0.010932 -0.099872 0.854851
v 0.012219 -0.099763 0.853105
v 0.011461 -0.099766 0.854268
v 0.013797 -0.093781 0.855469
v 0.014975 -0.093812 0.853771
v 0.014342 -0.093808 0.854754
v 0.014577 -0.087282 0.857153
v 0.015780 -0.087464 0.855353
v 0.015027 -0.087449 0.856519
v 0.009815 -0.078181 0.862750
v 0.009967 -0.076148 0.862254
v 0.009764 -0.077375 0.862709
v 0.013337 -0.081784 0.859405
v 0.014477 -0.080535 0.857733
v 0.013422 -0.081655 0.859295
v -0.004203 -0.098765 0.866245
v -0.006510 -0.094358 0.868956
v -0.001746 -0.091626 0.868295
v -0.004442 -0.087215 0.870262
v 0.000060 -0.084041 0.868936
v 0.002320 -0.099947 0.862377
v 0.006822 -0.096773 0.861051
v 0.004852 -0.092821 0.864382
v 0.008891 -0.089630 0.862356
v 0.006583 -0.085223 0.865068
v 0.002613 -0.088563 0.867008
v 0.000493 -0.095885 0.865669
v -0.011870 -0.102227 0.866118
v -0.006980 -0.105373 0.862740
v -0.004651 -0.077291 0.870677
v 0.001456 -0.076234 0.868067
v -0.001175 -0.106424 0.859298
v 0.004716 -0.105231 0.856283
v 0.007261 -0.077285 0.864625
v 0.011935 -0.080295 0.860842
v 0.013910 -0.084069 0.858521
v 0.014169 -0.090482 0.856506
v 0.012305 -0.096921 0.855329
v 0.008570 -0.102512 0.855149
v -0.008505 -0.080010 0.871812
v -0.012023 -0.085738 0.872037
v -0.013888 -0.092177 0.870860
v -0.013844 -0.098453 0.868441
v -0.008782 -0.101419 0.865992
v -0.011350 -0.096513 0.869011
v -0.009808 -0.089773 0.870924
v -0.007444 -0.083022 0.871477
v -0.002433 -0.079488 0.870001
v -0.002695 -0.103339 0.862570
v 0.003446 -0.103634 0.858741
v 0.004061 -0.080006 0.866836
v 0.009795 -0.081703 0.862750
v 0.008457 -0.100100 0.857266
v 0.011174 -0.093573 0.858482
v 0.012363 -0.086609 0.859732
v 0.012184 -0.083018 0.860368
v 0.011909 -0.090119 0.859105
v 0.009950 -0.096887 0.857868
v 0.006384 -0.103054 0.856705
v 0.007009 -0.080759 0.864864
v 0.000864 -0.079646 0.868508
v 0.000388 -0.103627 0.860683
v -0.005757 -0.102514 0.864327
v -0.005880 -0.079746 0.871080
v -0.008698 -0.086387 0.871324
v -0.010657 -0.093155 0.870087
v -0.011681 -0.099782 0.867417
v 0.005792 -0.089112 0.864833
v 0.003686 -0.096387 0.863504
v -0.000807 -0.087917 0.868746
v -0.002913 -0.095192 0.867416
v -0.037164 -0.056022 0.855228
v -0.040700 -0.058135 0.853869
v -0.035285 -0.052739 0.852807
v -0.039090 -0.054803 0.851607
v -0.042424 -0.057442 0.850750
v -0.037606 -0.051806 0.848609
v -0.041208 -0.054396 0.847912
v -0.044276 -0.057448 0.847628
v -0.040099 -0.051815 0.844407
v -0.043436 -0.054819 0.844283
v -0.046187 -0.058155 0.844622
v -0.042670 -0.052766 0.840362
v -0.045689 -0.056054 0.840861
v -0.048081 -0.059534 0.841849
v -0.045219 -0.054622 0.836630
v -0.047880 -0.058054 0.837777
v -0.049887 -0.061533 0.839414
v -0.047649 -0.057312 0.833353
v -0.049925 -0.060742 0.835150
v -0.051534 -0.064074 0.837412
v -0.049866 -0.060732 0.830659
v -0.051745 -0.064016 0.833081
v -0.052960 -0.067061 0.835919
v -0.051785 -0.064752 0.828650
v -0.053270 -0.067748 0.831648
v -0.054110 -0.070378 0.834993
v -0.053333 -0.069216 0.827404
v -0.054442 -0.071797 0.830908
v -0.054940 -0.073898 0.834670
v -0.054449 -0.073952 0.826968
v -0.055216 -0.076005 0.830889
v -0.055417 -0.077485 0.834960
v -0.055091 -0.078780 0.827359
v -0.055562 -0.080212 0.831591
v -0.055523 -0.081002 0.835855
v -0.055235 -0.083514 0.828563
v -0.055466 -0.084256 0.832987
v -0.055255 -0.084314 0.837319
v -0.054874 -0.087971 0.830533
v -0.054933 -0.087981 0.835024
v -0.054623 -0.087293 0.839295
v -0.054023 -0.091980 0.833193
v -0.053982 -0.091244 0.837624
v -0.053650 -0.089825 0.841709
v -0.052714 -0.095387 0.836441
v -0.052651 -0.093920 0.840686
v -0.052375 -0.091813 0.844467
v -0.050997 -0.098062 0.840153
v -0.050990 -0.095906 0.844093
v -0.050846 -0.093179 0.847463
v -0.048939 -0.099901 0.844185
v -0.049064 -0.097126 0.847714
v -0.049121 -0.093873 0.850582
v -0.046619 -0.100834 0.848383
v -0.046946 -0.097532 0.851410
v -0.047269 -0.093866 0.853704
v -0.044126 -0.100825 0.852585
v -0.044718 -0.097110 0.855039
v -0.045358 -0.093159 0.856710
v -0.041555 -0.099874 0.856630
v -0.042465 -0.095875 0.858461
v -0.043464 -0.091780 0.859483
v -0.039006 -0.098018 0.860362
v -0.040274 -0.093874 0.861544
v -0.041659 -0.089781 0.861918
v -0.036576 -0.095328 0.863638
v -0.038229 -0.091186 0.864172
v -0.040011 -0.087240 0.863920
v -0.034359 -0.091908 0.866333
v -0.036409 -0.087913 0.866241
v -0.038585 -0.084253 0.865413
v -0.032439 -0.087888 0.868342
v -0.034884 -0.084180 0.867673
v -0.037435 -0.080936 0.866339
v -0.030892 -0.083424 0.869588
v -0.033712 -0.080132 0.868413
v -0.036606 -0.077416 0.866663
v -0.029776 -0.078688 0.870024
v -0.032938 -0.075923 0.868433
v -0.036128 -0.073829 0.866372
v -0.029133 -0.073860 0.869632
v -0.032593 -0.071716 0.867731
v -0.036022 -0.070312 0.865477
v -0.028990 -0.069126 0.868428
v -0.032688 -0.067673 0.866334
v -0.036290 -0.067000 0.864014
v -0.029351 -0.064669 0.866458
v -0.033222 -0.063948 0.864297
v -0.036922 -0.064021 0.862037
v -0.030202 -0.060660 0.863798
v -0.034172 -0.060684 0.861698
v -0.037895 -0.061489 0.859623
v -0.031511 -0.057253 0.860550
v -0.035503 -0.058008 0.858636
v -0.024536 -0.053930 0.860422
v -0.028985 -0.053868 0.858605
v -0.027291 -0.057274 0.862503
v -0.033228 -0.054578 0.856839
v -0.026628 -0.050671 0.855899
v -0.031099 -0.051340 0.854269
v -0.019624 -0.047931 0.854083
v -0.024459 -0.047799 0.852495
v -0.021973 -0.050771 0.857594
v -0.029135 -0.048430 0.850986
v -0.022485 -0.045374 0.848478
v -0.027342 -0.045973 0.847076
v -0.031962 -0.047294 0.845871
v -0.025711 -0.044077 0.842643
v -0.030511 -0.045365 0.841545
v -0.035000 -0.047305 0.840751
v -0.029177 -0.044090 0.836801
v -0.033846 -0.045997 0.836114
v -0.038133 -0.048463 0.835822
v -0.032751 -0.045412 0.831178
v -0.037218 -0.047845 0.830993
v -0.041239 -0.050725 0.831274
v -0.036295 -0.047992 0.825989
v -0.040496 -0.050839 0.826378
v -0.044200 -0.054002 0.827282
v -0.039673 -0.051731 0.821434
v -0.043557 -0.054862 0.822446
v -0.046902 -0.058170 0.823999
v -0.042755 -0.056486 0.817689
v -0.046280 -0.059761 0.819349
v -0.049240 -0.063068 0.821551
v -0.045423 -0.062074 0.814896
v -0.048563 -0.065347 0.817205
v -0.051126 -0.068507 0.820032
v -0.047575 -0.068279 0.813163
v -0.050317 -0.071406 0.816097
v -0.052486 -0.074279 0.819502
v -0.049126 -0.074864 0.812557
v -0.051475 -0.077705 0.816068
v -0.053269 -0.080162 0.819979
v -0.050019 -0.081576 0.813102
v -0.051993 -0.084001 0.817119
v -0.053444 -0.085929 0.821446
v -0.050219 -0.088156 0.814775
v -0.051849 -0.090052 0.819209
v -0.053004 -0.091360 0.823846
v -0.049717 -0.094352 0.817514
v -0.051051 -0.095627 0.822258
v -0.051967 -0.096245 0.827087
v -0.048533 -0.099926 0.821212
v -0.049629 -0.100511 0.826148
v -0.050372 -0.100397 0.831045
v -0.046714 -0.104663 0.825727
v -0.047636 -0.104516 0.830731
v -0.048280 -0.103656 0.835567
v -0.044328 -0.108381 0.830887
v -0.045151 -0.107488 0.835830
v -0.045773 -0.105897 0.840481
v -0.041467 -0.110938 0.836492
v -0.042268 -0.109314 0.841249
v -0.042945 -0.107034 0.845595
v -0.038241 -0.112234 0.842328
v -0.039099 -0.109922 0.846781
v -0.039907 -0.107023 0.850716
v -0.034775 -0.112222 0.848169
v -0.035764 -0.109290 0.852211
v -0.036775 -0.105864 0.855644
v -0.031201 -0.110900 0.853793
v -0.032392 -0.107442 0.857332
v -0.033668 -0.103603 0.860192
v -0.027657 -0.108320 0.858981
v -0.029101 -0.104446 0.861948
v -0.030695 -0.100323 0.864185
v -0.023996 -0.104537 0.863548
v -0.025774 -0.100374 0.865897
v -0.027960 -0.096146 0.867471
v -0.023137 -0.095412 0.869013
v -0.025678 -0.091244 0.869920
v -0.021326 -0.089818 0.871157
v -0.023826 -0.085808 0.871438
v -0.019597 -0.083844 0.872249
v -0.022439 -0.080057 0.871966
v -0.018033 -0.077784 0.872235
v -0.021606 -0.074199 0.871484
v -0.017408 -0.071476 0.871180
v -0.021455 -0.068406 0.870020
v -0.013516 -0.068340 0.870165
v -0.017751 -0.065243 0.869115
v -0.021904 -0.062967 0.867621
v -0.014235 -0.061959 0.867457
v -0.018559 -0.059660 0.866068
v -0.022941 -0.058082 0.864380
v -0.015419 -0.056386 0.863759
v -0.019981 -0.054776 0.862177
v -0.007924 -0.055636 0.861959
v -0.012523 -0.053287 0.860734
v -0.010943 -0.058713 0.865057
v -0.017238 -0.051649 0.859243
v -0.009898 -0.050497 0.857059
v -0.014737 -0.048836 0.855642
v -0.002797 -0.050517 0.853954
v -0.007554 -0.048139 0.852823
v -0.005204 -0.052863 0.858228
v -0.012487 -0.046462 0.851461
v -0.005490 -0.046322 0.848132
v -0.010486 -0.044633 0.846808
v -0.008718 -0.043437 0.841807
v -0.015591 -0.043688 0.845379
v -0.013887 -0.042480 0.840415
v -0.019091 -0.042281 0.839047
v -0.012358 -0.041973 0.835222
v -0.017626 -0.041762 0.833891
v -0.022852 -0.042294 0.832708
v -0.016269 -0.041987 0.828630
v -0.021559 -0.042508 0.827485
v -0.026730 -0.043729 0.826607
v -0.020302 -0.043479 0.822285
v -0.025536 -0.044688 0.821444
v -0.030576 -0.046528 0.820977
v -0.024301 -0.046391 0.816430
v -0.029404 -0.048219 0.816000
v -0.034241 -0.050586 0.816034
v -0.028113 -0.050610 0.811290
v -0.033013 -0.052965 0.811362
v -0.037585 -0.055745 0.811970
v -0.031591 -0.055976 0.807063
v -0.036226 -0.058744 0.807709
v -0.040480 -0.061808 0.808940
v -0.034602 -0.062281 0.803912
v -0.038919 -0.065333 0.805180
v -0.042815 -0.068542 0.807060
v -0.037030 -0.069284 0.801957
v -0.040988 -0.072480 0.803874
v -0.044499 -0.075687 0.806402
v -0.038781 -0.076714 0.801273
v -0.042354 -0.079910 0.803839
v -0.045467 -0.082969 0.806993
v -0.039788 -0.084288 0.801887
v -0.042964 -0.087336 0.805079
v -0.045684 -0.090109 0.808809
v -0.040013 -0.091713 0.803776
v -0.042796 -0.094475 0.807544
v -0.045139 -0.096832 0.811780
v -0.039447 -0.098705 0.806866
v -0.041854 -0.101051 0.811140
v -0.043855 -0.102880 0.815793
v -0.038112 -0.104994 0.811039
v -0.040176 -0.106812 0.815729
v -0.041881 -0.108020 0.820693
v -0.036058 -0.110339 0.816134
v -0.037826 -0.111536 0.821135
v -0.039292 -0.112054 0.826291
v -0.033366 -0.114535 0.821957
v -0.034894 -0.115042 0.827150
v -0.036187 -0.114828 0.832373
v -0.030137 -0.117420 0.828282
v -0.031494 -0.117195 0.833542
v -0.032688 -0.116236 0.838705
v -0.026498 -0.118884 0.834867
v -0.027755 -0.117913 0.840067
v -0.028927 -0.116222 0.845044
v -0.022586 -0.118869 0.841459
v -0.023821 -0.117167 0.846473
v -0.025049 -0.114788 0.851145
v -0.018554 -0.117378 0.847804
v -0.019844 -0.114987 0.852514
v -0.021203 -0.111988 0.856775
v -0.014554 -0.114466 0.853659
v -0.015964 -0.111479 0.857937
v -0.017236 -0.107996 0.861634
v -0.010807 -0.110510 0.858591
v -0.002516 -0.099156 0.865402
v -0.005943 -0.092614 0.869429
v -0.000018 -0.091975 0.867465
v -0.003976 -0.085376 0.870410
v 0.001777 -0.084331 0.868112
v -0.005797 -0.068485 0.868858
v 0.001259 -0.068834 0.866210
v -0.002560 -0.065181 0.866401
v -0.006639 -0.061684 0.865971
v 0.000591 -0.062152 0.863223
v -0.003526 -0.058624 0.862818
v 0.007180 -0.063345 0.859316
v 0.003406 -0.059396 0.859436
v 0.004368 -0.066054 0.863093
v -0.000744 -0.055863 0.859050
v 0.005844 -0.057056 0.855143
v 0.001695 -0.053522 0.854757
v 0.011588 -0.059170 0.850389
v 0.007909 -0.055238 0.850453
v 0.009587 -0.060999 0.855042
v 0.003791 -0.051711 0.850048
v 0.009613 -0.054030 0.845489
v 0.005559 -0.050514 0.845047
v 0.001098 -0.047515 0.844225
v 0.007024 -0.049996 0.839891
v 0.002627 -0.047008 0.839032
v -0.002130 -0.044630 0.837900
v 0.003920 -0.047222 0.833809
v -0.000774 -0.044855 0.832640
v -0.005770 -0.043166 0.831315
v 0.000420 -0.045814 0.827477
v -0.004513 -0.044137 0.826115
v -0.009681 -0.043181 0.824723
v -0.003341 -0.045828 0.821138
v -0.008446 -0.044883 0.819709
v -0.013714 -0.044672 0.818378
v -0.007219 -0.047262 0.815037
v -0.012423 -0.047063 0.813668
v -0.017713 -0.047584 0.812523
v -0.011064 -0.050062 0.809407
v -0.016291 -0.050594 0.808224
v -0.021525 -0.051803 0.807383
v -0.014730 -0.054120 0.804465
v -0.019901 -0.055340 0.803586
v -0.025003 -0.057169 0.803157
v -0.018074 -0.059279 0.800400
v -0.023114 -0.061119 0.799933
v -0.028014 -0.063474 0.800005
v -0.020969 -0.065342 0.797370
v -0.025806 -0.067708 0.797405
v -0.030441 -0.070477 0.798050
v -0.023303 -0.072075 0.795490
v -0.027875 -0.074855 0.796098
v -0.032193 -0.077908 0.797366
v -0.024987 -0.079221 0.794833
v -0.029241 -0.082285 0.796064
v -0.033200 -0.085481 0.797981
v -0.025956 -0.086503 0.795423
v -0.029852 -0.089711 0.797303
v -0.033425 -0.092906 0.799869
v -0.026172 -0.093643 0.797239
v -0.029683 -0.096850 0.799768
v -0.032859 -0.099898 0.802959
v -0.025628 -0.100366 0.800211
v -0.028741 -0.103426 0.803364
v -0.031523 -0.106187 0.807132
v -0.024344 -0.106414 0.804223
v -0.027063 -0.109187 0.807954
v -0.029470 -0.111533 0.812228
v -0.022369 -0.111553 0.809123
v -0.024713 -0.113911 0.813359
v -0.026777 -0.115728 0.818050
v -0.019780 -0.115588 0.814721
v -0.021781 -0.117417 0.819374
v -0.023549 -0.118613 0.824375
v -0.016676 -0.118362 0.820803
v -0.018381 -0.119570 0.825767
v -0.019910 -0.120077 0.830960
v -0.013176 -0.119769 0.827135
v -0.014642 -0.120288 0.832291
v -0.015998 -0.120063 0.837552
v -0.009415 -0.119756 0.833474
v -0.010708 -0.119542 0.838697
v -0.011965 -0.118571 0.843897
v -0.005537 -0.118321 0.839575
v -0.006731 -0.117362 0.844738
v -0.007966 -0.115659 0.849752
v -0.001692 -0.115522 0.845205
v -0.002893 -0.113846 0.850186
v -0.004373 -0.111676 0.854775
v 0.001751 -0.111435 0.850376
v 0.003887 -0.100125 0.861259
v 0.007432 -0.095036 0.861498
v 0.006418 -0.093061 0.863215
v 0.009291 -0.087779 0.862543
v 0.008113 -0.085528 0.863928
v 0.007694 -0.069999 0.862394
v 0.013190 -0.071923 0.857599
v 0.010511 -0.067549 0.858650
v 0.017781 -0.074008 0.851607
v 0.015634 -0.069581 0.853228
v 0.012872 -0.065218 0.854402
v 0.017449 -0.067698 0.848668
v 0.014779 -0.063372 0.849804
v 0.020736 -0.070690 0.842336
v 0.018784 -0.066423 0.843925
v 0.019575 -0.072003 0.846982
v 0.016266 -0.062124 0.844970
v 0.019699 -0.065805 0.839095
v 0.017361 -0.061539 0.840034
v 0.014446 -0.057387 0.840455
v 0.018104 -0.061653 0.835137
v 0.015369 -0.057534 0.835451
v 0.012060 -0.053669 0.835295
v 0.016013 -0.058394 0.830615
v 0.012884 -0.054562 0.830352
v 0.009199 -0.051112 0.829690
v 0.013505 -0.056153 0.825702
v 0.010001 -0.052736 0.824933
v 0.005974 -0.049816 0.823854
v 0.010678 -0.055016 0.820587
v 0.006831 -0.052128 0.819401
v 0.002508 -0.049828 0.818013
v 0.007640 -0.055027 0.815466
v 0.003496 -0.052760 0.813971
v -0.001066 -0.051150 0.812389
v 0.004507 -0.056186 0.810538
v 0.000125 -0.054608 0.808850
v -0.004610 -0.053730 0.807201
v 0.001401 -0.058447 0.805990
v -0.003154 -0.057602 0.804234
v -0.007988 -0.057470 0.802646
v -0.001560 -0.061725 0.801997
v -0.006214 -0.061625 0.800303
v -0.011071 -0.062225 0.798900
v -0.004262 -0.065893 0.798714
v -0.008938 -0.066524 0.797205
v -0.013739 -0.067812 0.796108
v -0.006600 -0.070790 0.796266
v -0.011221 -0.072111 0.795062
v -0.015890 -0.074018 0.794375
v -0.008486 -0.076229 0.794748
v -0.012975 -0.078169 0.793954
v -0.017442 -0.080603 0.793769
v -0.009846 -0.082001 0.794217
v -0.014133 -0.084468 0.793925
v -0.018335 -0.087315 0.794314
v -0.010629 -0.087884 0.794694
v -0.014650 -0.090764 0.794976
v -0.018534 -0.093895 0.795987
v -0.010803 -0.093652 0.796161
v -0.014507 -0.096815 0.797065
v -0.018032 -0.100091 0.798725
v -0.010364 -0.099083 0.798561
v -0.013709 -0.102390 0.800114
v -0.016849 -0.105664 0.802424
v -0.009326 -0.103968 0.801802
v -0.012286 -0.107274 0.804005
v -0.015029 -0.110401 0.806939
v -0.007731 -0.108120 0.805760
v -0.010294 -0.111279 0.808588
v -0.012643 -0.114119 0.812099
v -0.005640 -0.111379 0.810283
v -0.007809 -0.114251 0.813687
v -0.009782 -0.116676 0.817704
v -0.003132 -0.113620 0.815196
v -0.004926 -0.116077 0.819106
v -0.006557 -0.117973 0.823539
v -0.000305 -0.114756 0.820311
v -0.001756 -0.116685 0.824637
v -0.003090 -0.117960 0.829381
v 0.002733 -0.114745 0.825431
v 0.001579 -0.116053 0.830068
v 0.000483 -0.116638 0.835004
v 0.005865 -0.113587 0.830360
v 0.004950 -0.114205 0.835189
v 0.004027 -0.114058 0.840193
v 0.008972 -0.111325 0.834908
v 0.008225 -0.111206 0.839815
v 0.007301 -0.110205 0.844990
v 0.011928 -0.108043 0.838910
v 0.011193 -0.107069 0.843976
v 0.014620 -0.103858 0.842222
v 0.013988 -0.102135 0.846999
v 0.016986 -0.098971 0.844622
v 0.016484 -0.096665 0.848737
v 0.018885 -0.093544 0.846112
v 0.018213 -0.090692 0.849829
v 0.020225 -0.087784 0.846667
v 0.019091 -0.084508 0.850221
v 0.020974 -0.081911 0.846234
v 0.019559 -0.078171 0.849259
v 0.022824 -0.083270 0.838823
v 0.022247 -0.079923 0.841998
v 0.021807 -0.085277 0.842892
v 0.021169 -0.076126 0.844745
v 0.022967 -0.078536 0.837619
v 0.022125 -0.074776 0.840221
v 0.023256 -0.081047 0.830327
v 0.023198 -0.077794 0.833195
v 0.023294 -0.081838 0.834591
v 0.022606 -0.074079 0.835649
v 0.022988 -0.077736 0.828863
v 0.022665 -0.074069 0.831158
v 0.021755 -0.070070 0.832989
v 0.022355 -0.074757 0.826887
v 0.021715 -0.070806 0.828558
v 0.020446 -0.066663 0.829741
v 0.021383 -0.072225 0.824473
v 0.020383 -0.068130 0.825496
v 0.018730 -0.063988 0.826029
v 0.020107 -0.070237 0.821715
v 0.018723 -0.066144 0.822089
v 0.016672 -0.062149 0.821997
v 0.018578 -0.068871 0.818719
v 0.016797 -0.064924 0.818468
v 0.014352 -0.061216 0.817799
v 0.016854 -0.068177 0.815600
v 0.014679 -0.064518 0.814772
v 0.011858 -0.061225 0.813597
v 0.015001 -0.068184 0.812478
v 0.012450 -0.064940 0.811143
v 0.009288 -0.062176 0.809552
v 0.013091 -0.068891 0.809472
v 0.010198 -0.066175 0.807721
v 0.006738 -0.064032 0.805820
v 0.011197 -0.070270 0.806699
v 0.008007 -0.068176 0.804638
v 0.004308 -0.066722 0.802544
v 0.009391 -0.072269 0.804264
v 0.005962 -0.070864 0.802010
v 0.002091 -0.070142 0.799849
v 0.007744 -0.074810 0.802262
v 0.004142 -0.074137 0.799941
v 0.000172 -0.074162 0.797840
v 0.006317 -0.077797 0.800769
v 0.002617 -0.077870 0.798509
v -0.001376 -0.078626 0.796594
v 0.005168 -0.081114 0.799843
v 0.001445 -0.081918 0.797769
v -0.002492 -0.083362 0.796158
v 0.004338 -0.084634 0.799519
v 0.000671 -0.086127 0.797749
v -0.003134 -0.088190 0.796550
v 0.003861 -0.088221 0.799810
v 0.000325 -0.090334 0.798451
v -0.003277 -0.092924 0.797754
v 0.003754 -0.091738 0.800705
v 0.000421 -0.094377 0.799848
v -0.002917 -0.097381 0.799724
v 0.004022 -0.095050 0.802168
v 0.000954 -0.098102 0.801885
v -0.002065 -0.101390 0.802384
v 0.004655 -0.098029 0.804145
v 0.001905 -0.101365 0.804484
v -0.000756 -0.104797 0.805632
v 0.005628 -0.100561 0.806559
v 0.003236 -0.104042 0.807546
v 0.000960 -0.107472 0.809343
v 0.006903 -0.102549 0.809316
v 0.004897 -0.106028 0.810954
v 0.003018 -0.109311 0.813375
v 0.008432 -0.103915 0.812313
v 0.006823 -0.107247 0.814575
v 0.005338 -0.110244 0.817573
v 0.010156 -0.104608 0.815432
v 0.008941 -0.107654 0.818270
v 0.007831 -0.110235 0.821775
v 0.012009 -0.104602 0.818554
v 0.011169 -0.107231 0.821899
v 0.010402 -0.109284 0.825820
v 0.013919 -0.103895 0.821560
v 0.013422 -0.105996 0.825321
v 0.012952 -0.107428 0.829552
v 0.015814 -0.102516 0.824333
v 0.015613 -0.103996 0.828405
v 0.015382 -0.104738 0.832829
v 0.017619 -0.100517 0.826768
v 0.017657 -0.101308 0.831032
v 0.017599 -0.101318 0.835523
v 0.019267 -0.097976 0.828770
v 0.019477 -0.098034 0.833101
v 0.019518 -0.097298 0.837532
v 0.020693 -0.094989 0.830263
v 0.021003 -0.094302 0.834534
v 0.021065 -0.092834 0.838778
v 0.021843 -0.091672 0.831189
v 0.022175 -0.090253 0.835274
v 0.022182 -0.088098 0.839214
v 0.022672 -0.088152 0.831513
v 0.022948 -0.086045 0.835293
v 0.021686 -0.087936 0.823904
v 0.022588 -0.086620 0.827610
v 0.022055 -0.089519 0.827597
v 0.023149 -0.084565 0.831222
v 0.021981 -0.085720 0.823724
v 0.022826 -0.083722 0.827126
v 0.021018 -0.085428 0.820204
v 0.020891 -0.086974 0.820462
v 0.019711 -0.086609 0.817275
v 0.014855 -0.089271 0.809899
v 0.018550 -0.082625 0.814101
v 0.018939 -0.082972 0.814861
v 0.019262 -0.083477 0.815562
v 0.019509 -0.084119 0.816174
v 0.019670 -0.084876 0.816676
v 0.019738 -0.085716 0.817048
v 0.019590 -0.087520 0.817349
v 0.019379 -0.088414 0.817266
v 0.019087 -0.089256 0.817031
v 0.018725 -0.090014 0.816652
v 0.018307 -0.090659 0.816144
v 0.017849 -0.091166 0.815526
v 0.017368 -0.091516 0.814822
v 0.016883 -0.091696 0.814059
v 0.016413 -0.091698 0.813266
v 0.015975 -0.091522 0.812474
v 0.015587 -0.091175 0.811714
v 0.015263 -0.090670 0.811014
v 0.015016 -0.090027 0.810401
v 0.014787 -0.088430 0.809528
v 0.014814 -0.087538 0.809301
v 0.014936 -0.086627 0.809227
v 0.015146 -0.085733 0.809309
v 0.015438 -0.084891 0.809544
v 0.015800 -0.084133 0.809923
v 0.016218 -0.083488 0.810431
v 0.016677 -0.082981 0.811049
v 0.017158 -0.082630 0.811753
v 0.017642 -0.082451 0.812516
v 0.018113 -0.082449 0.813309
v 0.018092 -0.075597 0.814075
v 0.017852 -0.079063 0.812921
v 0.018630 -0.079212 0.814279
v 0.016947 -0.075601 0.812146
v 0.017033 -0.079218 0.811587
v 0.015767 -0.076038 0.810289
v 0.016205 -0.079672 0.810329
v 0.014597 -0.076890 0.808576
v 0.015400 -0.080407 0.809196
v 0.013482 -0.078124 0.807072
v 0.014649 -0.081395 0.808231
v 0.012464 -0.079694 0.805835
v 0.013980 -0.082598 0.807470
v 0.011583 -0.081539 0.804913
v 0.013419 -0.083970 0.806944
v 0.010873 -0.083588 0.804341
v 0.012988 -0.085458 0.806672
v 0.010361 -0.085762 0.804141
v 0.012704 -0.087004 0.806665
v 0.010066 -0.087978 0.804321
v 0.012577 -0.088550 0.806922
v 0.010000 -0.090151 0.804873
v 0.012612 -0.090036 0.807436
v 0.010556 -0.094037 0.806999
v 0.013158 -0.092605 0.809140
v 0.012808 -0.091405 0.808184
v 0.011157 -0.095601 0.808490
v 0.013647 -0.093588 0.810265
v 0.011945 -0.096829 0.810193
v 0.014257 -0.094318 0.811517
v 0.012890 -0.097673 0.812044
v 0.014965 -0.094766 0.812848
v 0.013955 -0.098101 0.813971
v 0.015743 -0.094916 0.814206
v 0.015099 -0.098097 0.815899
v 0.016562 -0.094760 0.815540
v 0.016279 -0.097660 0.817756
v 0.017390 -0.094307 0.816797
v 0.017449 -0.096808 0.819469
v 0.018195 -0.093571 0.817931
v 0.018565 -0.095574 0.820973
v 0.018947 -0.092583 0.818896
v 0.019582 -0.094004 0.822210
v 0.019616 -0.091380 0.819657
v 0.020463 -0.092159 0.823132
v 0.020176 -0.090009 0.820183
v 0.021174 -0.090110 0.823704
v 0.020607 -0.088521 0.820455
v 0.021881 -0.081501 0.822268
v 0.020787 -0.082573 0.818942
v 0.020983 -0.083942 0.819691
v 0.021490 -0.079661 0.821047
v 0.020438 -0.081374 0.817987
v 0.020889 -0.078097 0.819556
v 0.019949 -0.080390 0.816862
v 0.020102 -0.076869 0.817852
v 0.019338 -0.079660 0.815610
v 0.019157 -0.076025 0.816001
v 0.010166 -0.092197 0.805778
v 0.022047 -0.083547 0.823172
v 0.021248 -0.092308 0.827087
v 0.020197 -0.094879 0.826100
v 0.018943 -0.097133 0.824675
v 0.017535 -0.098985 0.822865
v 0.016026 -0.100363 0.820741
v 0.014474 -0.101214 0.818384
v 0.012939 -0.101504 0.815885
v 0.011480 -0.101225 0.813339
v 0.010153 -0.100384 0.810845
v 0.009010 -0.099016 0.808498
v 0.008093 -0.097173 0.806388
v 0.007438 -0.094925 0.804598
v 0.007071 -0.092360 0.803195
v 0.007005 -0.089574 0.802233
v 0.007243 -0.086676 0.801749
v 0.007776 -0.083778 0.801763
v 0.008583 -0.080989 0.802272
v 0.009634 -0.078418 0.803259
v 0.010887 -0.076163 0.804684
v 0.012296 -0.074311 0.806494
v 0.013805 -0.072934 0.808618
v 0.015357 -0.072083 0.810975
v 0.016891 -0.071792 0.813475
v 0.018350 -0.072072 0.816020
v 0.019677 -0.072912 0.818515
v 0.020821 -0.074280 0.820862
v 0.021738 -0.076124 0.822971
v 0.022393 -0.078371 0.824761
v 0.022760 -0.080937 0.826165
v 0.020822 -0.090633 0.842867
v 0.019331 -0.095786 0.841925
v 0.017389 -0.100536 0.840102
v 0.015073 -0.104703 0.837468
v 0.012470 -0.108124 0.834125
v 0.009682 -0.110670 0.830200
v 0.006815 -0.112242 0.825844
v 0.003979 -0.112780 0.821226
v 0.001283 -0.112262 0.816522
v -0.001169 -0.110710 0.811913
v -0.003282 -0.108182 0.807577
v -0.004976 -0.104776 0.803679
v -0.006186 -0.100623 0.800371
v -0.006865 -0.095882 0.797778
v -0.006987 -0.090735 0.796001
v -0.006547 -0.085381 0.795107
v -0.005562 -0.080025 0.795132
v -0.004070 -0.074872 0.796074
v -0.002129 -0.070121 0.797897
v 0.000188 -0.065955 0.800531
v 0.002790 -0.062533 0.803875
v 0.005578 -0.059988 0.807799
v 0.008446 -0.058416 0.812155
v 0.011282 -0.057878 0.816773
v 0.013977 -0.058396 0.821477
v 0.016429 -0.059948 0.826086
v 0.018543 -0.062476 0.830422
v 0.020237 -0.065882 0.834320
v 0.021447 -0.070035 0.837628
v 0.003029 -0.113121 0.845268
v -0.000592 -0.116464 0.840098
v -0.004338 -0.118518 0.834408
v -0.008044 -0.119220 0.828374
v -0.011566 -0.118544 0.822228
v -0.014769 -0.116516 0.816206
v -0.017530 -0.113213 0.810540
v -0.019744 -0.108763 0.805448
v -0.021325 -0.103337 0.801125
v -0.022212 -0.097142 0.797737
v -0.022371 -0.090418 0.795415
v -0.021796 -0.083422 0.794248
v -0.020509 -0.076424 0.794280
v -0.018560 -0.069692 0.795511
v -0.016024 -0.063485 0.797893
v -0.012997 -0.058041 0.801334
v -0.009597 -0.053570 0.805703
v -0.005954 -0.050244 0.810831
v -0.002207 -0.048191 0.816522
v 0.001498 -0.047488 0.822556
v 0.005020 -0.048164 0.828702
v 0.008223 -0.050192 0.834723
v 0.010985 -0.053495 0.840389
v 0.013199 -0.057945 0.845481
v 0.003050 -0.086657 0.867163
v -0.000138 -0.097668 0.865150
v -0.009309 -0.113298 0.854457
v -0.013232 -0.116863 0.848930
v -0.017287 -0.119086 0.842771
v -0.021298 -0.119846 0.836240
v -0.025110 -0.119114 0.829587
v -0.028577 -0.116919 0.823070
v -0.031566 -0.113344 0.816937
v -0.033962 -0.108528 0.811425
v -0.035673 -0.102654 0.806746
v -0.036633 -0.095949 0.803079
v -0.036805 -0.088671 0.800566
v -0.036183 -0.081099 0.799302
v -0.034790 -0.073523 0.799337
v -0.032681 -0.066237 0.800669
v -0.029935 -0.059518 0.803247
v -0.026659 -0.053626 0.806972
v -0.022979 -0.048787 0.811701
v -0.019035 -0.045187 0.817252
v -0.014980 -0.042964 0.823411
v -0.010970 -0.042204 0.829942
v -0.007158 -0.042936 0.836595
v -0.003690 -0.045131 0.843112
v -0.000701 -0.048706 0.849245
v -0.010015 -0.064936 0.868437
v -0.022620 -0.108476 0.860478
v -0.026314 -0.111806 0.855351
v -0.030060 -0.113859 0.849660
v -0.033765 -0.114562 0.843626
v -0.037287 -0.113886 0.837480
v -0.040491 -0.111858 0.831459
v -0.043252 -0.108555 0.825793
v -0.045466 -0.104105 0.820701
v -0.047047 -0.098678 0.816378
v -0.047933 -0.092484 0.812990
v -0.048093 -0.085759 0.810668
v -0.047518 -0.078764 0.809501
v -0.046231 -0.071765 0.809533
v -0.044282 -0.065033 0.810764
v -0.041746 -0.058826 0.813145
v -0.038719 -0.053383 0.816587
v -0.035319 -0.048912 0.820956
v -0.031676 -0.045586 0.826084
v -0.027929 -0.043532 0.831774
v -0.024224 -0.042830 0.837808
v -0.020702 -0.043506 0.843954
v -0.017499 -0.045534 0.849976
v -0.043425 -0.066449 0.857692
v -0.041277 -0.063034 0.857684
v -0.040360 -0.064877 0.859794
v -0.044213 -0.065221 0.855989
v -0.039171 -0.059501 0.856866
v -0.042421 -0.061666 0.855337
v -0.045914 -0.068462 0.855917
v -0.047854 -0.070875 0.854468
v -0.046524 -0.067732 0.854665
v -0.045157 -0.064377 0.854138
v -0.047232 -0.067284 0.853334
v -0.048242 -0.070528 0.853708
v -0.046222 -0.063949 0.852211
v -0.048011 -0.067134 0.851976
v -0.048680 -0.070352 0.852916
v -0.047367 -0.063953 0.850283
v -0.048830 -0.067290 0.850642
v -0.049150 -0.070354 0.852123
v -0.048547 -0.064390 0.848426
v -0.049658 -0.067743 0.849385
v -0.049635 -0.070534 0.851360
v -0.049717 -0.065242 0.846713
v -0.050463 -0.068479 0.848251
v -0.050116 -0.070884 0.850656
v -0.050832 -0.066476 0.845209
v -0.051214 -0.069467 0.847286
v -0.050575 -0.071391 0.850038
v -0.051850 -0.068046 0.843972
v -0.051883 -0.070670 0.846525
v -0.050993 -0.072036 0.849530
v -0.052731 -0.069891 0.843050
v -0.052444 -0.072041 0.845999
v -0.051355 -0.072794 0.849151
v -0.053441 -0.071940 0.842478
v -0.052874 -0.073529 0.845727
v -0.051647 -0.073636 0.848916
v -0.053953 -0.074114 0.842278
v -0.053159 -0.075076 0.845720
v -0.051857 -0.074530 0.848834
v -0.054248 -0.076330 0.842458
v -0.053286 -0.076622 0.845978
v -0.051978 -0.075441 0.848907
v -0.054314 -0.078503 0.843010
v -0.053251 -0.078108 0.846491
v -0.052005 -0.076334 0.849134
v -0.054148 -0.080549 0.843914
v -0.053055 -0.079477 0.847240
v -0.051937 -0.077174 0.849506
v -0.053758 -0.082389 0.845135
v -0.052705 -0.080676 0.848195
v -0.051777 -0.077930 0.850008
v -0.053157 -0.083953 0.846626
v -0.052216 -0.081660 0.849320
v -0.051530 -0.078573 0.850621
v -0.052369 -0.085181 0.848330
v -0.051606 -0.082390 0.850572
v -0.051206 -0.079078 0.851321
v -0.051424 -0.086025 0.850181
v -0.050898 -0.082838 0.851903
v -0.050818 -0.079425 0.852081
v -0.050359 -0.086453 0.852107
v -0.050119 -0.082987 0.853261
v -0.050380 -0.079601 0.852873
v -0.049215 -0.086449 0.854036
v -0.049301 -0.082832 0.854595
v -0.049910 -0.079599 0.853666
v -0.048035 -0.086012 0.855893
v -0.048473 -0.082378 0.855853
v -0.049425 -0.079420 0.854429
v -0.046865 -0.085160 0.857606
v -0.047668 -0.081643 0.856986
v -0.048944 -0.079069 0.855133
v -0.045749 -0.083926 0.859110
v -0.046916 -0.080655 0.857951
v -0.048486 -0.078562 0.855751
v -0.044732 -0.082356 0.860347
v -0.046247 -0.079452 0.858712
v -0.048068 -0.077917 0.856259
v -0.043851 -0.080511 0.861269
v -0.045687 -0.078080 0.859238
v -0.047705 -0.077159 0.856638
v -0.043140 -0.078462 0.861841
v -0.045256 -0.076592 0.859510
v -0.047414 -0.076317 0.856873
v -0.042628 -0.076288 0.862041
v -0.044972 -0.075046 0.859518
v -0.047203 -0.075423 0.856955
v -0.047082 -0.074512 0.856881
v -0.042333 -0.074072 0.861861
v -0.044844 -0.073500 0.859260
v -0.042267 -0.071899 0.861309
v -0.044880 -0.072014 0.858746
v -0.047055 -0.073620 0.856654
v -0.042433 -0.069853 0.860404
v -0.045076 -0.070645 0.857998
v -0.047123 -0.072779 0.856283
v -0.042824 -0.068013 0.859183
v -0.045425 -0.069445 0.857042
v -0.047283 -0.072023 0.855781
v -0.047530 -0.071380 0.855168
v -0.026081 -0.061427 0.865811
v -0.039705 -0.067125 0.861584
v -0.025402 -0.066168 0.868404
v -0.039338 -0.069690 0.862987
v -0.025281 -0.071315 0.870181
v -0.039272 -0.072476 0.863949
v -0.025721 -0.076669 0.871075
v -0.039510 -0.075374 0.864433
v -0.026705 -0.082025 0.871050
v -0.040043 -0.078272 0.864419
v -0.028197 -0.087178 0.870108
v -0.040851 -0.081061 0.863910
v -0.030139 -0.091929 0.868285
v -0.041901 -0.083632 0.862923
v -0.032455 -0.096095 0.865651
v -0.043155 -0.085887 0.861498
v -0.035057 -0.099517 0.862307
v -0.044563 -0.087739 0.859688
v -0.037846 -0.102062 0.858383
v -0.046072 -0.089116 0.857564
v -0.040713 -0.103634 0.854027
v -0.047624 -0.089967 0.855207
v -0.043549 -0.104172 0.849409
v -0.049159 -0.090258 0.852707
v -0.046245 -0.103654 0.844705
v -0.050618 -0.089978 0.850162
v -0.048696 -0.102102 0.840096
v -0.051945 -0.089138 0.847667
v -0.050810 -0.099574 0.835760
v -0.053089 -0.087770 0.845321
v -0.052504 -0.096168 0.831862
v -0.054005 -0.085926 0.843211
v -0.053714 -0.092015 0.828554
v -0.054660 -0.083679 0.841421
v -0.054393 -0.087274 0.825961
v -0.055028 -0.081113 0.840017
v -0.054515 -0.082127 0.824184
v -0.055093 -0.078328 0.839056
v -0.054075 -0.076773 0.823290
v -0.054855 -0.075430 0.838572
v -0.053090 -0.071417 0.823315
v -0.054322 -0.072531 0.838585
v -0.051598 -0.066264 0.824257
v -0.053515 -0.069742 0.839095
v -0.049657 -0.061514 0.826080
v -0.052464 -0.067171 0.840082
v -0.047340 -0.057347 0.828714
v -0.051211 -0.064917 0.841507
v -0.044738 -0.053926 0.832058
v -0.049802 -0.063065 0.843317
v -0.041949 -0.051380 0.835982
v -0.048293 -0.061687 0.845441
v -0.039082 -0.049808 0.840338
v -0.046741 -0.060836 0.847798
v -0.036246 -0.049270 0.844956
v -0.045207 -0.060545 0.850298
v -0.033551 -0.049788 0.849660
v -0.043748 -0.060825 0.852843
v -0.013868 -0.100804 0.867179
v -0.013062 -0.103991 0.864941
v -0.010053 -0.105196 0.863737
v -0.011977 -0.103097 0.865594
v -0.013499 -0.100684 0.867263
v -0.009834 -0.104867 0.863967
v -0.012626 -0.101688 0.866574
v -0.008072 -0.107224 0.861480
v -0.004820 -0.107416 0.860230
v -0.007448 -0.106412 0.862097
v -0.004614 -0.107075 0.860473
v -0.008120 -0.105201 0.863258
v -0.006944 -0.078041 0.871402
v -0.003401 -0.076680 0.870232
v -0.001347 -0.075556 0.869326
v -0.004242 -0.076377 0.870479
v -0.007187 -0.077727 0.871397
v -0.001342 -0.075107 0.869238
v -0.004638 -0.074894 0.870261
v 0.002666 -0.075928 0.867421
v 0.004563 -0.075374 0.866269
v 0.001658 -0.074960 0.867847
v 0.004588 -0.074918 0.866171
v 0.001606 -0.073793 0.867592
v -0.002254 -0.108278 0.858030
v 0.001091 -0.107215 0.857129
v -0.001790 -0.107437 0.858742
v 0.001277 -0.106880 0.857379
v -0.002466 -0.106680 0.859793
v 0.003776 -0.107041 0.854957
v 0.006885 -0.104562 0.854873
v 0.004087 -0.106006 0.856068
v 0.006824 -0.104364 0.855211
v 0.003477 -0.105849 0.856748
v 0.008289 -0.077387 0.863897
v 0.009763 -0.077568 0.862738
v 0.007316 -0.075985 0.864492
v 0.009803 -0.077126 0.862630
v 0.007425 -0.074847 0.864141
v 0.012594 -0.080773 0.860202
v 0.013380 -0.081721 0.859351
v 0.011823 -0.079286 0.860953
v 0.013566 -0.081486 0.859092
v 0.012200 -0.077943 0.860276
v 0.015180 -0.087450 0.856295
v 0.015411 -0.084287 0.856434
v 0.014501 -0.084417 0.857802
v 0.014918 -0.087428 0.856676
v 0.014305 -0.085331 0.857900
v 0.014486 -0.093812 0.854544
v 0.015633 -0.090644 0.854457
v 0.014971 -0.090620 0.855492
v 0.014215 -0.093803 0.854928
v 0.014201 -0.091765 0.855951
v 0.011612 -0.099771 0.854043
v 0.013827 -0.096881 0.853317
v 0.013154 -0.096895 0.854344
v 0.011343 -0.099778 0.854418
v 0.011956 -0.098082 0.854977
v 0.010156 -0.102436 0.853116
v 0.009321 -0.102309 0.854531
v 0.007927 -0.103333 0.855087
v -0.011412 -0.082659 0.872289
v -0.007959 -0.079128 0.871691
v -0.009474 -0.080075 0.872019
v -0.011860 -0.082552 0.872329
v -0.011016 -0.079500 0.872105
v -0.014265 -0.088645 0.871816
v -0.011787 -0.084506 0.872180
v -0.013285 -0.085503 0.872247
v -0.014716 -0.088523 0.871860
v -0.014472 -0.085191 0.872308
v -0.014988 -0.095009 0.870032
v -0.014000 -0.090843 0.871264
v -0.015102 -0.091777 0.871100
v -0.015428 -0.094874 0.870077
v -0.016278 -0.091429 0.871168
v -0.014229 -0.097198 0.869082
v -0.014654 -0.097967 0.868748
v -0.016271 -0.097649 0.868787
v -0.018931 -0.093819 0.870229
v -0.020101 -0.099573 0.867377
v -0.012132 -0.107393 0.862037
v -0.018069 -0.103933 0.864827
v -0.008217 -0.099632 0.866967
v -0.013149 -0.095814 0.869537
v -0.017581 -0.087708 0.871941
v -0.012005 -0.089223 0.871397
v -0.015400 -0.081621 0.872459
v -0.009386 -0.082814 0.871913
v -0.013141 -0.075534 0.871772
v -0.001913 -0.077544 0.869712
v -0.008913 -0.072307 0.870609
v -0.001809 -0.071738 0.868556
v -0.006168 -0.109398 0.858563
v -0.001732 -0.101396 0.863600
v -0.000015 -0.109588 0.854853
v 0.004497 -0.101934 0.859427
v 0.004326 -0.077716 0.866584
v 0.004628 -0.072107 0.865380
v 0.009825 -0.079670 0.862752
v 0.010307 -0.073932 0.861371
v 0.005920 -0.108278 0.850602
v 0.006955 -0.100201 0.858704
v 0.010148 -0.105052 0.849440
v 0.013577 -0.099706 0.850953
v 0.009579 -0.093437 0.860265
v 0.016042 -0.093798 0.852003
v 0.011003 -0.086222 0.861260
v 0.017109 -0.087508 0.853182
v 0.017108 -0.081012 0.853835
v 0.015076 -0.076652 0.856384
v -0.005903 -0.098352 0.867064
v -0.007081 -0.096101 0.868449
v -0.003505 -0.091264 0.869099
v -0.004909 -0.089042 0.870082
v -0.001677 -0.083755 0.869733
v 0.000746 -0.099747 0.863468
v 0.006186 -0.098504 0.860582
v 0.003281 -0.092572 0.865508
v 0.008466 -0.091464 0.862151
v 0.005038 -0.084922 0.866178
v 0.002162 -0.090443 0.866821
v 0.001102 -0.094104 0.866152
v -0.011083 -0.103212 0.865381
v -0.006049 -0.106031 0.861918
v -0.005616 -0.077474 0.871001
v 0.000349 -0.075949 0.868606
v -0.000180 -0.106639 0.858550
v 0.005584 -0.104986 0.855776
v 0.006249 -0.076577 0.865296
v 0.011158 -0.079317 0.861598
v 0.013794 -0.083068 0.858791
v 0.014508 -0.089269 0.856588
v 0.013049 -0.095742 0.855224
v 0.009619 -0.101517 0.854941
v -0.009543 -0.081012 0.872041
v -0.012849 -0.086866 0.871991
v -0.014338 -0.093319 0.870569
v -0.013826 -0.099393 0.867986
v -0.009320 -0.103131 0.865035
v -0.009476 -0.097226 0.868447
v -0.007536 -0.090337 0.870413
v -0.005429 -0.083246 0.871003
v -0.002971 -0.081513 0.870279
v -0.003632 -0.105204 0.861559
v 0.002417 -0.105256 0.858074
v 0.003774 -0.082378 0.867077
v 0.009743 -0.083815 0.862740
v 0.009891 -0.099987 0.855874
v 0.012700 -0.093697 0.856747
v 0.013655 -0.086987 0.858251
v 0.012333 -0.084821 0.860049
v 0.012027 -0.081324 0.860666
v 0.013258 -0.083676 0.859219
v 0.011027 -0.082326 0.861584
v 0.011588 -0.091859 0.858793
v 0.012196 -0.088372 0.859418
v 0.013315 -0.090345 0.857489
v 0.010407 -0.089877 0.860803
v 0.009258 -0.098518 0.857563
v 0.010608 -0.095243 0.858174
v 0.011415 -0.096908 0.856289
v 0.008387 -0.096855 0.859528
v 0.005344 -0.104408 0.856446
v 0.007475 -0.101601 0.856982
v 0.007746 -0.102714 0.855739
v 0.004926 -0.103399 0.857732
v 0.006830 -0.083045 0.865007
v 0.007165 -0.078598 0.864716
v 0.008439 -0.081196 0.863832
v 0.005558 -0.080346 0.865878
v 0.000468 -0.081892 0.868780
v 0.001233 -0.077524 0.868234
v 0.002486 -0.079789 0.867700
v -0.000770 -0.079528 0.869293
v -0.000585 -0.105367 0.859823
v 0.001407 -0.101776 0.861583
v 0.001928 -0.103685 0.859721
v -0.001155 -0.103534 0.861639
v -0.006517 -0.104293 0.863340
v -0.004955 -0.100623 0.865356
v -0.004228 -0.102977 0.863461
v -0.007281 -0.102017 0.865182
v -0.006691 -0.081376 0.871330
v -0.005111 -0.078220 0.870829
v -0.004142 -0.079578 0.870579
v -0.007514 -0.079914 0.871536
v -0.009277 -0.088080 0.871165
v -0.008100 -0.084696 0.871452
v -0.006512 -0.086813 0.870836
v -0.010766 -0.085983 0.871769
v -0.011037 -0.094842 0.869597
v -0.010257 -0.091464 0.870546
v -0.008532 -0.093791 0.869560
v -0.012666 -0.092547 0.870569
v -0.011795 -0.101304 0.866609
v -0.011549 -0.098156 0.868263
v -0.010243 -0.100651 0.866727
v -0.013025 -0.098952 0.868056
v 0.005344 -0.090980 0.864648
v 0.006222 -0.087221 0.864992
v 0.007349 -0.089373 0.863668
v 0.004225 -0.088846 0.865961
v 0.003056 -0.098155 0.862993
v 0.004290 -0.094618 0.863983
v 0.005255 -0.096605 0.862345
v 0.002110 -0.096154 0.864626
v -0.001255 -0.089785 0.868561
v -0.000367 -0.086028 0.868899
v 0.000926 -0.088249 0.867918
v -0.002566 -0.087578 0.869547
v -0.003533 -0.096962 0.866900
v -0.002308 -0.093422 0.867896
v -0.001190 -0.095556 0.866582
v -0.004660 -0.094810 0.868225
v -0.039907 -0.058737 0.855390
v -0.034218 -0.053549 0.854853
v -0.041541 -0.057702 0.852318
v -0.036418 -0.052156 0.850719
v -0.043338 -0.057357 0.849182
v -0.038836 -0.051692 0.846498
v -0.045229 -0.057715 0.846103
v -0.041381 -0.052175 0.842355
v -0.047140 -0.058763 0.843200
v -0.043953 -0.053585 0.838448
v -0.048999 -0.060460 0.840583
v -0.046455 -0.055869 0.834926
v -0.050734 -0.062742 0.838354
v -0.048790 -0.058939 0.831926
v -0.052279 -0.065519 0.836598
v -0.050868 -0.062676 0.829563
v -0.053573 -0.068686 0.835383
v -0.052610 -0.066938 0.827928
v -0.054567 -0.072121 0.834755
v -0.053948 -0.071561 0.827083
v -0.055224 -0.075692 0.834738
v -0.054831 -0.076367 0.827061
v -0.055517 -0.079261 0.835334
v -0.055226 -0.081170 0.827862
v -0.055436 -0.082692 0.836519
v -0.055117 -0.085788 0.829457
v -0.054983 -0.085853 0.838247
v -0.054508 -0.090041 0.831783
v -0.054177 -0.088622 0.840453
v -0.053423 -0.093767 0.834751
v -0.053047 -0.090892 0.843051
v -0.051903 -0.096823 0.838248
v -0.051638 -0.092577 0.845942
v -0.050006 -0.099091 0.842138
v -0.050004 -0.093612 0.849015
v -0.047807 -0.100484 0.846273
v -0.048207 -0.093957 0.852150
v -0.045388 -0.100948 0.850493
v -0.046316 -0.093599 0.855229
v -0.042844 -0.100465 0.854637
v -0.044405 -0.092551 0.858133
v -0.040272 -0.099055 0.858544
v -0.042546 -0.090854 0.860749
v -0.037770 -0.096771 0.862065
v -0.040811 -0.088573 0.862978
v -0.035435 -0.093701 0.865065
v -0.039267 -0.085795 0.864734
v -0.033357 -0.089964 0.867428
v -0.037972 -0.082628 0.865950
v -0.031615 -0.085702 0.869064
v -0.036978 -0.079193 0.866578
v -0.030277 -0.081079 0.869909
v -0.036321 -0.075622 0.866594
v -0.029393 -0.076273 0.869931
v -0.036028 -0.072053 0.865998
v -0.028999 -0.071470 0.869129
v -0.036109 -0.068622 0.864814
v -0.029108 -0.066852 0.867535
v -0.036562 -0.065461 0.863085
v -0.029717 -0.062599 0.865209
v -0.037368 -0.062692 0.860879
v -0.030802 -0.058873 0.862240
v -0.038498 -0.060422 0.858281
v -0.032322 -0.055817 0.858744
v -0.023672 -0.055904 0.862481
v -0.025525 -0.052181 0.858221
v -0.027835 -0.049417 0.853480
v -0.018366 -0.049653 0.856732
v -0.021002 -0.046500 0.851323
v -0.030515 -0.047720 0.848442
v -0.024060 -0.044564 0.845575
v -0.033462 -0.047155 0.843300
v -0.027422 -0.043919 0.839708
v -0.036562 -0.047742 0.838251
v -0.030959 -0.044589 0.833948
v -0.039697 -0.049461 0.833489
v -0.034535 -0.046550 0.828516
v -0.042745 -0.052244 0.829199
v -0.038013 -0.049725 0.823621
v -0.045590 -0.055984 0.825544
v -0.041259 -0.053992 0.819451
v -0.048122 -0.060539 0.822664
v -0.044148 -0.059189 0.816166
v -0.050245 -0.065732 0.820671
v -0.046569 -0.065114 0.813892
v -0.051876 -0.071365 0.819641
v -0.048430 -0.071540 0.812717
v -0.052952 -0.077221 0.819614
v -0.049658 -0.078221 0.812686
v -0.053433 -0.083074 0.820591
v -0.050207 -0.084899 0.813801
v -0.053300 -0.088700 0.822534
v -0.050055 -0.091318 0.816017
v -0.052558 -0.093883 0.825368
v -0.049208 -0.097231 0.819251
v -0.051235 -0.098423 0.828986
v -0.047699 -0.102411 0.823378
v -0.049383 -0.102147 0.833246
v -0.045586 -0.106659 0.828239
v -0.047073 -0.104910 0.837987
v -0.042950 -0.109811 0.833647
v -0.044392 -0.106607 0.843025
v -0.039892 -0.111748 0.839395
v -0.041446 -0.107173 0.848167
v -0.036530 -0.112393 0.845262
v -0.038345 -0.106585 0.853216
v -0.032993 -0.111722 0.851022
v -0.035211 -0.104867 0.857977
v -0.029417 -0.109762 0.856454
v -0.032161 -0.102083 0.862268
v -0.025904 -0.106581 0.861351
v -0.029283 -0.098337 0.865925
v -0.026761 -0.093774 0.868807
v -0.024698 -0.088580 0.870800
v -0.023070 -0.082958 0.871828
v -0.021943 -0.077132 0.871850
v -0.021449 -0.071277 0.870872
v -0.021607 -0.065628 0.868933
v -0.013870 -0.065017 0.868949
v -0.022350 -0.060444 0.866098
v -0.014744 -0.059081 0.865719
v -0.016253 -0.053901 0.861593
v -0.007192 -0.058561 0.864086
v -0.008829 -0.052940 0.859609
v -0.011122 -0.048331 0.854334
v -0.001685 -0.053058 0.856606
v -0.004070 -0.048265 0.851121
v -0.013982 -0.044910 0.848466
v -0.007044 -0.044707 0.845017
v -0.010495 -0.042522 0.838531
v -0.017300 -0.042809 0.842229
v -0.020948 -0.042109 0.835863
v -0.014289 -0.041794 0.831911
v -0.024786 -0.042836 0.829613
v -0.018280 -0.042551 0.825411
v -0.028666 -0.044964 0.823719
v -0.022316 -0.044763 0.819281
v -0.032440 -0.048409 0.818407
v -0.026240 -0.048346 0.813757
v -0.035962 -0.053039 0.813882
v -0.029903 -0.053162 0.809052
v -0.039096 -0.058678 0.810318
v -0.033163 -0.059025 0.805345
v -0.041724 -0.065107 0.807850
v -0.035895 -0.065711 0.802779
v -0.043743 -0.072080 0.806576
v -0.037994 -0.072963 0.801453
v -0.045075 -0.079328 0.806542
v -0.039380 -0.080502 0.801418
v -0.045671 -0.086575 0.807751
v -0.040000 -0.088037 0.802676
v -0.045506 -0.093540 0.810156
v -0.039828 -0.095281 0.805177
v -0.044587 -0.099956 0.813665
v -0.038873 -0.101953 0.808826
v -0.042950 -0.105576 0.818143
v -0.037170 -0.107798 0.813483
v -0.040657 -0.110186 0.823417
v -0.034786 -0.112592 0.818968
v -0.037797 -0.113607 0.829286
v -0.031811 -0.116150 0.825071
v -0.034479 -0.115707 0.835523
v -0.028361 -0.118334 0.831557
v -0.030831 -0.116407 0.841889
v -0.024567 -0.119062 0.838178
v -0.026993 -0.115680 0.848139
v -0.020575 -0.118306 0.844678
v -0.023113 -0.113553 0.854033
v -0.016540 -0.116094 0.850807
v -0.019301 -0.110116 0.859334
v -0.012624 -0.112544 0.856305
v -0.005269 -0.096569 0.867712
v -0.003015 -0.089434 0.869363
v -0.006236 -0.064986 0.867585
v 0.000985 -0.065537 0.864899
v 0.000017 -0.058904 0.861262
v 0.007554 -0.066727 0.861003
v 0.006605 -0.060097 0.857356
v 0.004903 -0.054251 0.852699
v 0.012320 -0.062094 0.852517
v 0.010683 -0.056474 0.848039
v 0.002518 -0.049458 0.847214
v 0.008390 -0.051864 0.842765
v -0.000456 -0.045900 0.841111
v 0.005529 -0.048443 0.836896
v -0.003907 -0.043716 0.834625
v 0.002211 -0.046343 0.830659
v -0.007701 -0.042988 0.828004
v -0.001437 -0.045643 0.824293
v -0.011692 -0.043744 0.821504
v -0.005275 -0.046370 0.818043
v -0.015727 -0.045956 0.815375
v -0.009155 -0.048497 0.812149
v -0.019652 -0.049539 0.809851
v -0.012928 -0.051942 0.806837
v -0.023314 -0.054355 0.805145
v -0.016450 -0.056573 0.802312
v -0.026575 -0.060219 0.801438
v -0.019585 -0.062211 0.798748
v -0.029307 -0.066905 0.798872
v -0.022212 -0.068640 0.796281
v -0.031406 -0.074156 0.797547
v -0.024231 -0.075613 0.795006
v -0.032792 -0.081695 0.797512
v -0.025564 -0.082862 0.794972
v -0.033411 -0.089230 0.798769
v -0.026159 -0.090108 0.796182
v -0.033240 -0.096474 0.801271
v -0.025995 -0.097073 0.798587
v -0.032285 -0.103146 0.804920
v -0.025076 -0.103489 0.802096
v -0.030582 -0.108992 0.809576
v -0.023439 -0.109110 0.806573
v -0.028198 -0.113785 0.815061
v -0.021146 -0.113719 0.811848
v -0.025223 -0.117343 0.821164
v -0.018286 -0.117140 0.817716
v -0.021772 -0.119528 0.827651
v -0.014968 -0.119241 0.823953
v -0.017979 -0.120256 0.834271
v -0.011320 -0.119941 0.830319
v -0.013987 -0.119499 0.840771
v -0.007482 -0.119214 0.836569
v -0.009952 -0.117287 0.846901
v -0.003601 -0.117086 0.842463
v -0.006055 -0.113733 0.852410
v 0.000145 -0.113638 0.847803
v 0.001478 -0.097932 0.864110
v 0.003775 -0.090723 0.865775
v 0.013210 -0.068508 0.856054
v 0.017766 -0.070747 0.850190
v 0.016941 -0.064819 0.846931
v 0.021032 -0.073351 0.843649
v 0.020290 -0.068167 0.840814
v 0.015432 -0.059639 0.842804
v 0.018968 -0.063627 0.837197
v 0.013319 -0.055391 0.837943
v 0.017116 -0.059903 0.832936
v 0.010683 -0.052239 0.832535
v 0.014805 -0.057140 0.828195
v 0.007625 -0.050302 0.826787
v 0.012125 -0.055443 0.823157
v 0.004263 -0.049657 0.820920
v 0.009178 -0.054877 0.818015
v 0.000726 -0.050328 0.815160
v 0.006078 -0.055465 0.812966
v -0.002851 -0.052288 0.809728
v 0.002943 -0.057183 0.808205
v -0.006328 -0.055463 0.804833
v -0.000105 -0.059966 0.803914
v -0.009574 -0.059731 0.800662
v -0.002950 -0.063707 0.800259
v -0.012463 -0.064927 0.797377
v -0.005482 -0.068261 0.797379
v -0.014885 -0.070852 0.795104
v -0.007605 -0.073455 0.795386
v -0.016745 -0.077278 0.793929
v -0.009235 -0.079088 0.794357
v -0.017973 -0.083959 0.793898
v -0.010312 -0.084943 0.794330
v -0.018522 -0.090637 0.795012
v -0.010793 -0.090797 0.795306
v -0.018370 -0.097056 0.797229
v -0.010660 -0.096423 0.797249
v -0.017523 -0.102969 0.800463
v -0.009918 -0.101606 0.800084
v -0.016015 -0.108149 0.804589
v -0.008595 -0.106146 0.803701
v -0.013902 -0.112397 0.809450
v -0.006743 -0.109869 0.807961
v -0.011265 -0.115550 0.814859
v -0.004432 -0.112633 0.812702
v -0.008208 -0.117486 0.820607
v -0.001752 -0.114330 0.817740
v -0.004846 -0.118131 0.826474
v 0.001195 -0.114895 0.822882
v -0.001308 -0.117461 0.832234
v 0.004295 -0.114308 0.827931
v 0.002268 -0.115500 0.837666
v 0.007429 -0.112589 0.832693
v 0.005732 -0.112311 0.842591
v 0.010477 -0.109806 0.836985
v 0.013311 -0.106051 0.840668
v 0.015852 -0.101492 0.843539
v 0.018001 -0.096313 0.845481
v 0.019629 -0.090691 0.846509
v 0.020670 -0.084850 0.846581
v 0.021145 -0.078991 0.845615
v 0.022564 -0.085683 0.839122
v 0.022959 -0.080880 0.838320
v 0.022849 -0.076262 0.836725
v 0.023250 -0.082789 0.830848
v 0.023168 -0.079358 0.829663
v 0.022240 -0.072009 0.834399
v 0.022716 -0.076197 0.827935
v 0.021155 -0.068283 0.831431
v 0.021909 -0.073428 0.825729
v 0.019635 -0.065227 0.827934
v 0.020780 -0.071158 0.823131
v 0.017739 -0.062959 0.824044
v 0.019371 -0.069473 0.820240
v 0.015539 -0.061566 0.819909
v 0.017736 -0.068438 0.817168
v 0.013121 -0.061102 0.815689
v 0.015939 -0.068093 0.814032
v 0.010577 -0.061585 0.811545
v 0.014049 -0.068451 0.810953
v 0.008004 -0.062995 0.807638
v 0.012137 -0.069499 0.808049
v 0.005502 -0.065279 0.804117
v 0.010278 -0.071196 0.805433
v 0.003168 -0.068349 0.801117
v 0.008543 -0.073477 0.803204
v 0.001089 -0.072086 0.798754
v 0.006999 -0.076255 0.801448
v -0.000652 -0.076348 0.797118
v 0.005705 -0.079422 0.800232
v -0.001991 -0.080971 0.796273
v 0.004711 -0.082857 0.799604
v -0.002874 -0.085777 0.796251
v 0.004054 -0.086428 0.799588
v -0.003269 -0.090580 0.797053
v 0.003761 -0.089997 0.800184
v -0.003160 -0.095198 0.798647
v 0.003842 -0.093428 0.801368
v -0.002551 -0.099451 0.800973
v 0.004294 -0.096589 0.803097
v -0.001465 -0.103177 0.803942
v 0.005101 -0.099357 0.805303
v 0.000055 -0.106233 0.807438
v 0.006230 -0.101628 0.807901
v 0.001951 -0.108501 0.811329
v 0.007639 -0.103313 0.810792
v 0.004151 -0.109894 0.815463
v 0.009274 -0.104348 0.813864
v 0.006569 -0.110358 0.819684
v 0.011071 -0.104693 0.817000
v 0.009113 -0.109875 0.823827
v 0.012962 -0.104335 0.820079
v 0.011686 -0.108465 0.827735
v 0.014873 -0.103287 0.822982
v 0.014187 -0.106181 0.831256
v 0.016732 -0.101590 0.825599
v 0.016522 -0.103111 0.834256
v 0.018467 -0.099308 0.827828
v 0.018600 -0.099374 0.836619
v 0.020011 -0.096531 0.829584
v 0.020342 -0.095112 0.838254
v 0.021305 -0.093364 0.830799
v 0.021681 -0.090489 0.839099
v 0.022300 -0.089929 0.831427
v 0.022956 -0.086358 0.831444
v 0.021459 -0.089035 0.823860
v 0.021865 -0.086827 0.823870
v 0.022047 -0.084621 0.823502
v 0.020039 -0.086007 0.817810
v 0.019954 -0.087051 0.817984
v 0.014368 -0.089116 0.809195
v 0.014500 -0.090040 0.809701
v 0.018428 -0.081814 0.813812
v 0.018906 -0.082116 0.814710
v 0.019318 -0.082609 0.815555
v 0.019648 -0.083272 0.816314
v 0.019884 -0.084081 0.816959
v 0.020016 -0.085005 0.817464
v 0.019762 -0.088094 0.817979
v 0.019471 -0.089098 0.817796
v 0.019093 -0.090023 0.817441
v 0.018642 -0.090835 0.816927
v 0.018135 -0.091501 0.816276
v 0.017592 -0.091997 0.815511
v 0.017033 -0.092304 0.814663
v 0.016481 -0.092408 0.813763
v 0.015956 -0.092308 0.812847
v 0.015478 -0.092005 0.811949
v 0.015066 -0.091513 0.811104
v 0.014736 -0.090849 0.810345
v 0.014344 -0.088114 0.808849
v 0.014430 -0.087071 0.808675
v 0.014622 -0.086027 0.808680
v 0.014913 -0.085024 0.808864
v 0.015291 -0.084098 0.809219
v 0.015742 -0.083286 0.809732
v 0.016249 -0.082620 0.810383
v 0.016792 -0.082124 0.811148
v 0.017351 -0.081818 0.811996
v 0.017903 -0.081713 0.812896
v 0.018638 -0.075749 0.815044
v 0.017527 -0.075536 0.813106
v 0.016359 -0.075757 0.811202
v 0.015177 -0.076405 0.809407
v 0.014028 -0.077454 0.807790
v 0.012955 -0.078864 0.806412
v 0.012001 -0.080581 0.805326
v 0.011200 -0.082539 0.804575
v 0.010586 -0.084663 0.804187
v 0.010180 -0.086870 0.804176
v 0.009998 -0.089077 0.804545
v 0.010049 -0.091198 0.805277
v 0.010328 -0.093152 0.806346
v 0.010827 -0.094864 0.807709
v 0.011525 -0.096267 0.809315
v 0.012396 -0.097309 0.811103
v 0.013407 -0.097949 0.813002
v 0.014518 -0.098162 0.814941
v 0.015686 -0.097940 0.816844
v 0.016868 -0.097293 0.818639
v 0.018017 -0.096244 0.820256
v 0.019090 -0.094833 0.821635
v 0.020045 -0.093116 0.822720
v 0.020845 -0.091158 0.823471
v 0.021996 -0.082500 0.822769
v 0.021717 -0.080546 0.821701
v 0.021218 -0.078834 0.820337
v 0.020520 -0.077430 0.818731
v 0.019649 -0.076389 0.816944
v -0.043094 -0.067186 0.858473
v -0.043793 -0.065783 0.856867
v -0.044664 -0.064741 0.855079
v -0.047334 -0.070537 0.855078
v -0.047745 -0.070045 0.854233
v -0.045674 -0.064101 0.853180
v -0.048223 -0.069743 0.853335
v -0.046785 -0.063888 0.851241
v -0.048748 -0.069642 0.852419
v -0.047954 -0.064110 0.849338
v -0.049301 -0.069746 0.851519
v -0.049136 -0.064757 0.847543
v -0.049859 -0.070053 0.850671
v -0.050285 -0.065806 0.845926
v -0.050402 -0.070549 0.849906
v -0.051357 -0.067217 0.844548
v -0.050909 -0.071215 0.849255
v -0.052312 -0.068934 0.843462
v -0.051361 -0.072027 0.848741
v -0.053112 -0.070892 0.842711
v -0.051739 -0.072952 0.848386
v -0.053727 -0.073015 0.842322
v -0.052029 -0.073956 0.848203
v -0.054133 -0.075223 0.842312
v -0.052221 -0.074999 0.848198
v -0.054314 -0.077429 0.842680
v -0.052307 -0.076043 0.848372
v -0.054264 -0.079550 0.843413
v -0.052283 -0.077045 0.848718
v -0.053984 -0.081504 0.844481
v -0.052151 -0.077969 0.849223
v -0.053486 -0.083216 0.845845
v -0.051915 -0.078778 0.849868
v -0.052787 -0.084620 0.847451
v -0.051585 -0.079441 0.850627
v -0.051916 -0.085661 0.849239
v -0.051173 -0.079934 0.851472
v -0.050906 -0.086301 0.851138
v -0.050696 -0.080236 0.852370
v -0.049795 -0.086514 0.853077
v -0.050171 -0.080337 0.853286
v -0.048626 -0.086293 0.854980
v -0.049618 -0.080232 0.854186
v -0.047444 -0.085645 0.856775
v -0.049060 -0.079926 0.855034
v -0.046295 -0.084596 0.858392
v -0.048516 -0.079430 0.855799
v -0.045223 -0.083186 0.859770
v -0.048009 -0.078764 0.856450
v -0.044268 -0.081469 0.860856
v -0.047558 -0.077952 0.856963
v -0.043468 -0.079511 0.861607
v -0.047180 -0.077026 0.857319
v -0.042853 -0.077387 0.861995
v -0.046889 -0.076023 0.857502
v -0.042447 -0.075180 0.862006
v -0.046698 -0.074979 0.857507
v -0.046612 -0.073936 0.857333
v -0.042266 -0.072973 0.861637
v -0.042316 -0.070852 0.860905
v -0.046636 -0.072934 0.856987
v -0.042596 -0.068898 0.859836
v -0.046768 -0.072010 0.856481
v -0.047004 -0.071201 0.855837
v -0.012174 -0.103259 0.865483
v -0.011913 -0.102949 0.865694
v -0.007575 -0.106594 0.861967
v -0.007348 -0.106217 0.862232
v -0.004272 -0.076559 0.870518
v -0.004314 -0.076110 0.870447
v 0.001629 -0.075211 0.867901
v 0.001657 -0.074708 0.867796
v -0.001893 -0.107623 0.858598
v -0.001668 -0.107245 0.858864
v 0.004037 -0.106195 0.855871
v 0.004182 -0.105864 0.856150
v 0.007309 -0.076240 0.864533
v 0.007338 -0.075737 0.864427
v 0.011822 -0.079474 0.860974
v 0.011897 -0.079046 0.860834
v 0.014661 -0.084369 0.857573
v 0.014397 -0.084400 0.857947
v 0.015118 -0.090628 0.855275
v 0.014822 -0.090597 0.855701
v 0.013304 -0.096894 0.854130
v 0.012996 -0.096905 0.854548
v 0.009454 -0.102354 0.854285
v 0.009210 -0.102316 0.854672
v -0.009299 -0.080108 0.871999
v -0.009729 -0.079952 0.872036
v -0.013034 -0.085552 0.872219
v -0.013538 -0.085438 0.872268
v -0.014860 -0.091860 0.871066
v -0.015352 -0.091704 0.871122
v -0.014487 -0.098024 0.868723
v -0.014936 -0.097937 0.868748
v -0.019338 -0.096745 0.868949
v -0.014956 -0.105775 0.863574
v -0.021873 -0.102186 0.865562
v -0.012918 -0.100390 0.867311
v -0.018369 -0.090792 0.871229
v -0.012969 -0.094148 0.870110
v -0.016585 -0.084630 0.872355
v -0.011427 -0.087552 0.871632
v -0.014108 -0.078678 0.872252
v -0.008468 -0.081305 0.871771
v -0.013121 -0.071957 0.871088
v -0.005193 -0.072056 0.869739
v -0.009208 -0.108614 0.860350
v -0.007918 -0.103797 0.864172
v -0.003080 -0.109724 0.856717
v -0.002085 -0.105362 0.860663
v -0.001225 -0.081680 0.869572
v 0.001469 -0.071736 0.867092
v 0.005326 -0.082695 0.866077
v 0.007596 -0.072846 0.863459
v 0.002980 -0.109024 0.852939
v 0.003926 -0.104889 0.857233
v 0.008697 -0.107723 0.847434
v 0.011895 -0.102402 0.850428
v 0.007727 -0.098542 0.859130
v 0.014975 -0.096831 0.851457
v 0.010027 -0.091670 0.860552
v 0.016759 -0.090669 0.852583
v 0.011068 -0.084296 0.861434
v 0.017126 -0.084335 0.853731
v 0.012742 -0.075304 0.859103
v 0.017449 -0.077493 0.852961
v 0.013520 -0.085287 0.858733
v 0.012995 -0.082140 0.859672
v 0.010997 -0.080467 0.861697
v 0.013081 -0.091991 0.857099
v 0.013556 -0.088705 0.857833
v 0.010759 -0.088072 0.861044
v 0.010737 -0.098441 0.856053
v 0.012106 -0.095359 0.856483
v 0.009017 -0.095159 0.859915
v 0.006684 -0.103940 0.855687
v 0.008849 -0.101417 0.855784
v 0.005997 -0.101814 0.858232
v 0.008317 -0.083408 0.863913
v 0.008505 -0.079055 0.863769
v 0.005808 -0.078100 0.865647
v 0.002144 -0.082119 0.867963
v 0.002764 -0.077549 0.867452
v -0.000294 -0.077462 0.868987
v 0.000881 -0.105391 0.858955
v 0.002963 -0.101901 0.860532
v -0.000154 -0.101622 0.862616
v -0.005129 -0.104810 0.862468
v -0.003335 -0.101046 0.864503
v -0.006579 -0.100173 0.866191
v -0.004805 -0.081421 0.870847
v -0.003546 -0.077833 0.870321
v -0.006607 -0.078590 0.871296
v -0.007026 -0.088582 0.870665
v -0.005989 -0.085039 0.870975
v -0.010150 -0.084412 0.871890
v -0.009021 -0.095509 0.869061
v -0.008037 -0.092071 0.870027
v -0.012402 -0.090920 0.871016
v -0.010616 -0.102255 0.865856
v -0.009876 -0.098939 0.867644
v -0.013138 -0.097435 0.868822
v 0.006905 -0.091231 0.863480
v 0.007772 -0.087497 0.863831
v 0.004659 -0.086945 0.866118
v 0.004626 -0.098361 0.861845
v 0.005858 -0.094847 0.862819
v 0.002717 -0.094377 0.865107
v 0.000475 -0.090125 0.867732
v 0.001365 -0.086348 0.868072
v -0.002123 -0.085704 0.869698
v -0.001816 -0.097336 0.866063
v -0.000582 -0.093779 0.867064
v -0.004062 -0.093050 0.868702
s 1
usemtl White
f 572 571 1
f 3 1731 572
f 1731 434 1361
f 571 1361 2
f 573 670 4
f 1 1732 573
f 1732 2 668
f 670 668 96
f 575 574 5
f 6 1733 575
f 1733 3 572
f 574 572 1
f 576 1513 7
f 5 1734 576
f 1734 1 573
f 1513 573 4
f 578 577 8
f 9 1735 578
f 1735 6 575
f 577 575 5
f 579 1511 10
f 8 1736 579
f 1736 5 576
f 1511 576 7
f 581 580 11
f 12 1737 581
f 1737 9 578
f 580 578 8
f 582 1509 13
f 11 1738 582
f 1738 8 579
f 1509 579 10
f 584 583 14
f 15 1739 584
f 1739 12 581
f 583 581 11
f 585 1507 16
f 14 1740 585
f 1740 11 582
f 1507 582 13
f 587 586 17
f 18 1741 587
f 1741 15 584
f 586 584 14
f 588 1505 19
f 17 1742 588
f 1742 14 585
f 1505 585 16
f 590 589 20
f 21 1743 590
f 1743 18 587
f 589 587 17
f 591 1503 22
f 20 1744 591
f 1744 17 588
f 1503 588 19
f 593 592 23
f 24 1745 593
f 1745 21 590
f 592 590 20
f 594 1501 25
f 23 1746 594
f 1746 20 591
f 1501 591 22
f 596 595 26
f 27 1747 596
f 1747 24 593
f 595 593 23
f 597 1499 28
f 26 1748 597
f 1748 23 594
f 1499 594 25
f 599 598 29
f 30 1749 599
f 1749 27 596
f 598 596 26
f 600 1497 31
f 29 1750 600
f 1750 26 597
f 1497 597 28
f 602 601 32
f 33 1751 602
f 1751 30 599
f 601 599 29
f 603 1495 34
f 32 1752 603
f 1752 29 600
f 1495 600 31
f 605 604 35
f 36 1753 605
f 1753 33 602
f 604 602 32
f 606 1493 37
f 35 1754 606
f 1754 32 603
f 1493 603 34
f 608 607 38
f 39 1755 608
f 1755 36 605
f 607 605 35
f 609 1491 40
f 38 1756 609
f 1756 35 606
f 1491 606 37
f 611 610 41
f 42 1757 611
f 1757 39 608
f 610 608 38
f 612 1489 43
f 41 1758 612
f 1758 38 609
f 1489 609 40
f 614 613 44
f 45 1759 614
f 1759 42 611
f 613 611 41
f 615 1487 46
f 44 1760 615
f 1760 41 612
f 1487 612 43
f 617 616 47
f 48 1761 617
f 1761 45 614
f 616 614 44
f 618 1485 49
f 47 1762 618
f 1762 44 615
f 1485 615 46
f 620 619 50
f 51 1763 620
f 1763 48 617
f 619 617 47
f 621 1483 52
f 50 1764 621
f 1764 47 618
f 1483 618 49
f 623 622 53
f 54 1765 623
f 1765 51 620
f 622 620 50
f 624 1481 55
f 53 1766 624
f 1766 50 621
f 1481 621 52
f 626 625 56
f 57 1767 626
f 1767 54 623
f 625 623 53
f 627 1479 58
f 56 1768 627
f 1768 53 624
f 1479 624 55
f 629 628 59
f 60 1769 629
f 1769 57 626
f 628 626 56
f 630 1477 61
f 59 1770 630
f 1770 56 627
f 1477 627 58
f 632 631 62
f 63 1771 632
f 1771 60 629
f 631 629 59
f 633 1475 64
f 62 1772 633
f 1772 59 630
f 1475 630 61
f 635 634 65
f 66 1773 635
f 1773 63 632
f 634 632 62
f 636 1473 67
f 65 1774 636
f 1774 62 633
f 1473 633 64
f 638 637 68
f 69 1775 638
f 1775 66 635
f 637 635 65
f 639 1471 70
f 68 1776 639
f 1776 65 636
f 1471 636 67
f 641 640 71
f 72 1777 641
f 1777 69 638
f 640 638 68
f 642 1469 73
f 71 1778 642
f 1778 68 639
f 1469 639 70
f 644 643 74
f 75 1779 644
f 1779 72 641
f 643 641 71
f 645 1467 76
f 74 1780 645
f 1780 71 642
f 1467 642 73
f 647 646 77
f 78 1781 647
f 1781 75 644
f 646 644 74
f 648 1465 79
f 77 1782 648
f 1782 74 645
f 1465 645 76
f 650 649 80
f 81 1783 650
f 1783 78 647
f 649 647 77
f 651 1463 82
f 80 1784 651
f 1784 77 648
f 1463 648 79
f 653 652 83
f 84 1785 653
f 1785 81 650
f 652 650 80
f 654 1461 85
f 83 1786 654
f 1786 80 651
f 1461 651 82
f 656 655 86
f 87 1787 656
f 1787 84 653
f 655 653 83
f 657 1459 88
f 86 1788 657
f 1788 83 654
f 1459 654 85
f 659 658 89
f 90 1789 659
f 1789 87 656
f 658 656 86
f 660 1457 91
f 89 1790 660
f 1790 86 657
f 1457 657 88
f 662 661 92
f 93 1791 662
f 1791 90 659
f 661 659 89
f 663 667 94
f 92 1792 663
f 1792 89 660
f 667 660 91
f 1361 664 2
f 434 1793 1361
f 1793 93 662
f 664 662 92
f 668 666 96
f 2 1794 668
f 1794 92 663
f 666 663 94
f 665 758 95
f 94 1795 665
f 1795 91 756
f 758 756 152
f 669 673 97
f 96 1796 669
f 1796 94 665
f 673 665 95
f 674 672 99
f 4 1797 674
f 1797 96 669
f 672 669 97
f 677 676 101
f 7 1800 677
f 1800 4 674
f 676 674 99
f 680 679 103
f 10 1802 680
f 1802 7 677
f 679 677 101
f 683 682 105
f 13 1804 683
f 1804 10 680
f 682 680 103
f 686 685 107
f 16 1806 686
f 1806 13 683
f 685 683 105
f 689 688 109
f 19 1808 689
f 1808 16 686
f 688 686 107
f 692 691 111
f 22 1810 692
f 1810 19 689
f 691 689 109
f 695 694 113
f 25 1812 695
f 1812 22 692
f 694 692 111
f 698 697 115
f 28 1814 698
f 1814 25 695
f 697 695 113
f 701 700 117
f 31 1816 701
f 1816 28 698
f 700 698 115
f 704 703 119
f 34 1818 704
f 1818 31 701
f 703 701 117
f 707 706 121
f 37 1820 707
f 1820 34 704
f 706 704 119
f 710 709 123
f 40 1822 710
f 1822 37 707
f 709 707 121
f 713 712 125
f 43 1824 713
f 1824 40 710
f 712 710 123
f 716 715 127
f 46 1826 716
f 1826 43 713
f 715 713 125
f 719 718 129
f 49 1828 719
f 1828 46 716
f 718 716 127
f 722 721 131
f 52 1830 722
f 1830 49 719
f 721 719 129
f 725 724 133
f 55 1832 725
f 1832 52 722
f 724 722 131
f 728 727 135
f 58 1834 728
f 1834 55 725
f 727 725 133
f 731 730 137
f 61 1836 731
f 1836 58 728
f 730 728 135
f 734 733 139
f 64 1838 734
f 1838 61 731
f 733 731 137
f 737 736 141
f 67 1840 737
f 1473 734 1840
f 1840 139 736
f 740 739 143
f 70 1842 740
f 1471 737 1842
f 1842 141 739
f 144 1843 741
f 742 1469 1843
f 1469 740 1843
f 1843 143 741
f 145 1844 743
f 744 1467 1844
f 1844 73 742
f 743 742 144
f 746 745 146
f 79 1845 746
f 1465 744 1845
f 1845 145 745
f 147 1846 747
f 748 1463 1846
f 1463 746 1846
f 1846 146 747
f 148 1847 749
f 750 1461 1847
f 1847 82 748
f 749 748 147
f 150 1848 752
f 753 1459 1848
f 1848 85 750
f 752 750 148
f 756 755 152
f 91 1850 756
f 1850 88 753
f 755 753 150
f 570 1902 1727
f 1730 1628 1902
f 1902 204 1627
f 1727 1627 515
f 569 1903 1723
f 518 1903 1726
f 1630 1629 1903
f 1723 1629 517
f 1722 1719 568
f 526 1958 1722
f 1310 1632 1958
f 1958 520 1719
f 1718 1715 567
f 525 1959 1718
f 1637 1634 1959
f 1959 522 1715
f 940 1033 274
f 273 1963 940
f 942 1031 1963
f 1963 336 1033
f 276 1964 1284
f 944 941 1964
f 941 940 1964
f 1964 274 1284
f 278 1966 1283
f 947 945 1966
f 945 944 1966
f 1966 276 1283
f 280 1968 1282
f 950 948 1968
f 948 947 1968
f 1968 278 1282
f 282 1970 1281
f 953 951 1970
f 951 950 1970
f 1970 280 1281
f 284 1972 1280
f 956 954 1972
f 954 953 1972
f 1972 282 1280
f 286 1974 1279
f 959 957 1974
f 957 956 1974
f 1974 284 1279
f 288 1976 1278
f 962 960 1976
f 960 959 1976
f 1976 286 1278
f 290 1978 1277
f 965 963 1978
f 963 962 1978
f 1978 288 1277
f 292 1980 1276
f 968 966 1980
f 966 965 1980
f 1980 290 1276
f 294 1982 1275
f 971 969 1982
f 969 968 1982
f 1982 292 1275
f 296 1984 1274
f 974 972 1984
f 972 971 1984
f 1984 294 1274
f 298 1986 1273
f 977 975 1986
f 975 974 1986
f 1986 296 1273
f 300 1988 1272
f 980 978 1988
f 978 977 1988
f 1988 298 1272
f 302 1990 1271
f 983 981 1990
f 981 980 1990
f 1990 300 1271
f 304 1992 1270
f 986 984 1992
f 984 983 1992
f 1992 302 1270
f 306 1994 1269
f 989 987 1994
f 987 986 1994
f 1994 304 1269
f 308 1996 1268
f 992 990 1996
f 990 989 1996
f 1996 306 1268
f 310 1998 1267
f 995 993 1998
f 993 992 1998
f 1998 308 1267
f 312 2000 1266
f 998 996 2000
f 996 995 2000
f 2000 310 1266
f 314 2002 1265
f 1001 999 2002
f 999 998 2002
f 2002 312 1265
f 316 2004 1264
f 1004 1002 2004
f 1002 1001 2004
f 2004 314 1264
f 318 2006 1263
f 1007 1005 2006
f 1005 1004 2006
f 2006 316 1263
f 320 2008 1262
f 1010 1008 2008
f 1008 1007 2008
f 2008 318 1262
f 322 2010 1261
f 1013 1011 2010
f 1011 1010 2010
f 2010 320 1261
f 324 2012 1260
f 1016 1014 2012
f 2012 321 1013
f 1260 1013 322
f 326 2013 1259
f 1018 1017 2013
f 2013 323 1016
f 1259 1016 324
f 1020 1258 328
f 327 2014 1020
f 2014 325 1018
f 1258 1018 326
f 1022 1257 330
f 329 2015 1022
f 1021 1020 2015
f 2015 328 1257
f 332 2016 1256
f 1024 1023 2016
f 2016 329 1022
f 1256 1022 330
f 1026 1030 334
f 333 2017 1026
f 2017 331 1024
f 1030 1024 332
f 1031 1029 336
f 271 2018 1031
f 1027 1026 2018
f 2018 334 1029
f 335 2019 1126
f 1028 1030 2019
f 1030 1124 2019
f 2019 397 1126
f 337 2020 1036
f 1032 1029 2020
f 1029 1028 2020
f 2020 335 1036
f 339 2021 1035
f 1037 1033 2021
f 1033 1032 2021
f 2021 337 1035
f 338 2022 1132
f 1034 1036 2022
f 1036 1130 2022
f 2022 400 1132
f 340 2023 1255
f 1038 1035 2023
f 1035 1034 2023
f 2023 338 1255
f 341 2024 1039
f 1040 1284 2024
f 1284 1037 2024
f 2024 339 1039
f 342 2025 1254
f 1041 1039 2025
f 1039 1038 2025
f 2025 340 1254
f 343 2026 1042
f 1043 1283 2026
f 1283 1040 2026
f 2026 341 1042
f 344 2027 1253
f 1044 1042 2027
f 1042 1041 2027
f 2027 342 1253
f 345 2028 1045
f 1046 1282 2028
f 1282 1043 2028
f 2028 343 1045
f 346 2029 1252
f 1047 1045 2029
f 1045 1044 2029
f 2029 344 1252
f 347 2030 1048
f 1049 1281 2030
f 1281 1046 2030
f 2030 345 1048
f 348 2031 1251
f 1050 1048 2031
f 1048 1047 2031
f 2031 346 1251
f 349 2032 1051
f 1052 1280 2032
f 1280 1049 2032
f 2032 347 1051
f 350 2033 1250
f 1053 1051 2033
f 1051 1050 2033
f 2033 348 1250
f 351 2034 1054
f 1055 1279 2034
f 1279 1052 2034
f 2034 349 1054
f 352 2035 1249
f 1056 1054 2035
f 1054 1053 2035
f 2035 350 1249
f 353 2036 1057
f 1058 1278 2036
f 1278 1055 2036
f 2036 351 1057
f 354 2037 1248
f 1059 1057 2037
f 1057 1056 2037
f 2037 352 1248
f 355 2038 1060
f 1061 1277 2038
f 1277 1058 2038
f 2038 353 1060
f 356 2039 1247
f 1062 1060 2039
f 1060 1059 2039
f 2039 354 1247
f 357 2040 1063
f 1064 1276 2040
f 1276 1061 2040
f 2040 355 1063
f 358 2041 1246
f 1065 1063 2041
f 1063 1062 2041
f 2041 356 1246
f 359 2042 1066
f 1067 1275 2042
f 1275 1064 2042
f 2042 357 1066
f 360 2043 1245
f 1068 1066 2043
f 1066 1065 2043
f 2043 358 1245
f 361 2044 1069
f 1070 1274 2044
f 1274 1067 2044
f 2044 359 1069
f 362 2045 1244
f 1071 1069 2045
f 1069 1068 2045
f 2045 360 1244
f 363 2046 1072
f 1073 1273 2046
f 1273 1070 2046
f 2046 361 1072
f 364 2047 1243
f 1074 1072 2047
f 1072 1071 2047
f 2047 362 1243
f 365 2048 1075
f 1076 1272 2048
f 1272 1073 2048
f 2048 363 1075
f 366 2049 1242
f 1077 1075 2049
f 1075 1074 2049
f 2049 364 1242
f 367 2050 1078
f 1079 1271 2050
f 1271 1076 2050
f 2050 365 1078
f 368 2051 1241
f 1080 1078 2051
f 1078 1077 2051
f 2051 366 1241
f 369 2052 1081
f 1082 1270 2052
f 1270 1079 2052
f 2052 367 1081
f 370 2053 1240
f 1083 1081 2053
f 1081 1080 2053
f 2053 368 1240
f 371 2054 1084
f 1085 1269 2054
f 1269 1082 2054
f 2054 369 1084
f 372 2055 1239
f 1086 1084 2055
f 1084 1083 2055
f 2055 370 1239
f 373 2056 1087
f 1088 1268 2056
f 1268 1085 2056
f 2056 371 1087
f 374 2057 1238
f 1089 1087 2057
f 1087 1086 2057
f 2057 372 1238
f 375 2058 1090
f 1091 1267 2058
f 1267 1088 2058
f 2058 373 1090
f 376 2059 1237
f 1092 1090 2059
f 1090 1089 2059
f 2059 374 1237
f 377 2060 1093
f 1094 1266 2060
f 1266 1091 2060
f 2060 375 1093
f 378 2061 1236
f 1095 1093 2061
f 1093 1092 2061
f 2061 376 1236
f 379 2062 1096
f 1097 1265 2062
f 1265 1094 2062
f 2062 377 1096
f 380 2063 1235
f 1098 1096 2063
f 1096 1095 2063
f 2063 378 1235
f 381 2064 1099
f 1100 1264 2064
f 1264 1097 2064
f 2064 379 1099
f 382 2065 1234
f 1101 1099 2065
f 1099 1098 2065
f 2065 380 1234
f 383 2066 1102
f 1103 1263 2066
f 1263 1100 2066
f 2066 381 1102
f 384 2067 1233
f 1104 1102 2067
f 1102 1101 2067
f 2067 382 1233
f 385 2068 1105
f 1106 1262 2068
f 1262 1103 2068
f 2068 383 1105
f 386 2069 1232
f 1107 1105 2069
f 1105 1104 2069
f 2069 384 1232
f 387 2070 1108
f 1109 1261 2070
f 1261 1106 2070
f 2070 385 1108
f 388 2071 1231
f 1110 1108 2071
f 1108 1107 2071
f 2071 386 1231
f 389 2072 1111
f 1112 1260 2072
f 1260 1109 2072
f 2072 387 1111
f 390 2073 1230
f 1113 1111 2073
f 1111 1110 2073
f 2073 388 1230
f 391 2074 1114
f 1115 1259 2074
f 1259 1112 2074
f 2074 389 1114
f 392 2075 1229
f 1116 1114 2075
f 1114 1113 2075
f 2075 390 1229
f 393 2076 1117
f 1118 1258 2076
f 1258 1115 2076
f 2076 391 1117
f 394 2077 1228
f 1119 1117 2077
f 1117 1116 2077
f 2077 392 1228
f 395 2078 1120
f 1121 1257 2078
f 1257 1118 2078
f 2078 393 1120
f 396 2079 1227
f 1122 1120 2079
f 1120 1119 2079
f 2079 394 1227
f 397 2080 1123
f 1124 1256 2080
f 1256 1121 2080
f 2080 395 1123
f 398 2081 1129
f 1125 1123 2081
f 1123 1122 2081
f 2081 396 1129
f 400 2082 1128
f 1130 1126 2082
f 1126 1125 2082
f 2082 398 1128
f 1127 1214 399
f 398 2083 1127
f 2083 396 1213
f 1214 1213 410
f 1131 1134 401
f 400 2084 1131
f 2084 398 1127
f 1134 1127 399
f 1226 1133 402
f 338 2085 1226
f 2085 400 1131
f 1133 1131 401
f 1142 1135 403
f 402 2086 1142
f 401 2086 1133
f 1135 1143 403
f 401 2087 1135
f 399 2087 1134
f 1136 1156 403
f 404 2088 1136
f 422 2088 1189
f 1155 1136 403
f 421 2089 1155
f 404 2089 1192
f 1166 1137 403
f 432 2090 1166
f 405 2090 1169
f 1137 1138 403
f 405 2091 1137
f 406 2091 1223
f 1138 1139 403
f 406 2092 1138
f 407 2092 1221
f 1139 1140 403
f 407 2093 1139
f 408 2093 1219
f 1140 1141 403
f 408 2094 1140
f 409 2094 1216
f 1141 1142 403
f 409 2095 1141
f 402 2095 1217
f 1143 1144 403
f 399 2096 1143
f 410 2096 1214
f 1144 1145 403
f 410 2097 1144
f 411 2097 1212
f 1145 1146 403
f 411 2098 1145
f 412 2098 1210
f 1146 1147 403
f 412 2099 1146
f 413 2099 1208
f 1147 1148 403
f 413 2100 1147
f 414 2100 1206
f 1148 1149 403
f 414 2101 1148
f 415 2101 1204
f 1149 1150 403
f 415 2102 1149
f 416 2102 1202
f 1150 1151 403
f 416 2103 1150
f 417 2103 1200
f 1151 1152 403
f 417 2104 1151
f 418 2104 1198
f 1152 1153 403
f 418 2105 1152
f 419 2105 1196
f 1153 1154 403
f 419 2106 1153
f 420 2106 1194
f 1154 1155 403
f 420 2107 1154
f 421 2107 1191
f 1156 1157 403
f 422 2108 1156
f 423 2108 1187
f 1157 1158 403
f 423 2109 1157
f 424 2109 1185
f 1158 1159 403
f 424 2110 1158
f 425 2110 1183
f 1159 1160 403
f 425 2111 1159
f 426 2111 1181
f 1160 1161 403
f 426 2112 1160
f 427 2112 1179
f 1161 1162 403
f 427 2113 1161
f 428 2113 1177
f 1162 1163 403
f 428 2114 1162
f 429 2114 1175
f 1163 1164 403
f 429 2115 1163
f 430 2115 1173
f 1164 1165 403
f 430 2116 1164
f 431 2116 1171
f 1165 1166 403
f 431 2117 1165
f 432 2117 1168
f 1167 1169 432
f 350 2118 1167
f 2118 348 1224
f 1169 1224 405
f 1170 1168 431
f 352 2119 1170
f 2119 350 1167
f 1168 1167 432
f 1172 1171 430
f 354 2120 1172
f 2120 352 1170
f 1171 1170 431
f 1174 1173 429
f 356 2121 1174
f 2121 354 1172
f 1173 1172 430
f 1176 1175 428
f 358 2122 1176
f 2122 356 1174
f 1175 1174 429
f 1178 1177 427
f 360 2123 1178
f 2123 358 1176
f 1177 1176 428
f 1180 1179 426
f 362 2124 1180
f 2124 360 1178
f 1179 1178 427
f 1182 1181 425
f 364 2125 1182
f 2125 362 1180
f 1181 1180 426
f 1184 1183 424
f 366 2126 1184
f 2126 364 1182
f 1183 1182 425
f 1186 1185 423
f 368 2127 1186
f 2127 366 1184
f 1185 1184 424
f 1188 1187 422
f 370 2128 1188
f 2128 368 1186
f 1187 1186 423
f 1225 1189 404
f 372 2129 1225
f 2129 370 1188
f 1189 1188 422
f 1190 1192 421
f 374 2130 1190
f 2130 372 1225
f 1192 1225 404
f 1193 1191 420
f 376 2131 1193
f 2131 374 1190
f 1191 1190 421
f 1195 1194 419
f 378 2132 1195
f 2132 376 1193
f 1194 1193 420
f 1197 1196 418
f 380 2133 1197
f 2133 378 1195
f 1196 1195 419
f 1199 1198 417
f 382 2134 1199
f 2134 380 1197
f 1198 1197 418
f 1201 1200 416
f 384 2135 1201
f 2135 382 1199
f 1200 1199 417
f 1203 1202 415
f 386 2136 1203
f 2136 384 1201
f 1202 1201 416
f 1205 1204 414
f 388 2137 1205
f 2137 386 1203
f 1204 1203 415
f 1207 1206 413
f 390 2138 1207
f 2138 388 1205
f 1206 1205 414
f 1209 1208 412
f 392 2139 1209
f 2139 390 1207
f 1208 1207 413
f 1211 1210 411
f 394 2140 1211
f 2140 392 1209
f 1210 1209 412
f 1213 1212 410
f 396 2141 1213
f 2141 394 1211
f 1212 1211 411
f 1215 1217 409
f 340 2142 1215
f 2142 338 1226
f 1217 1226 402
f 1218 1216 408
f 342 2143 1218
f 2143 340 1215
f 1216 1215 409
f 1220 1219 407
f 344 2144 1220
f 2144 342 1218
f 1219 1218 408
f 1222 1221 406
f 346 2145 1222
f 2145 344 1220
f 1221 1220 407
f 1224 1223 405
f 348 2146 1224
f 2146 346 1222
f 1223 1222 406
f 93 2147 1359
f 1357 1454 2147
f 1454 1453 2147
f 2147 90 1359
f 434 2148 1358
f 1360 1363 2148
f 1363 1357 2148
f 2148 93 1358
f 3 2149 1362
f 1366 1365 2149
f 1365 1360 2149
f 2149 434 1362
f 435 2150 1363
f 1456 1364 436
f 433 2150 1456
f 437 2151 1365
f 1364 1368 436
f 435 2151 1364
f 6 2152 1514
f 1369 1367 2152
f 1367 1366 2152
f 2152 3 1514
f 438 2153 1367
f 1368 1371 436
f 437 2153 1368
f 9 2154 1512
f 1372 1370 2154
f 1370 1369 2154
f 2154 6 1512
f 439 2155 1370
f 1371 1374 436
f 438 2155 1371
f 12 2156 1510
f 1375 1373 2156
f 1373 1372 2156
f 2156 9 1510
f 440 2157 1373
f 1374 1377 436
f 439 2157 1374
f 15 2158 1508
f 1378 1376 2158
f 1376 1375 2158
f 2158 12 1508
f 441 2159 1376
f 1377 1380 436
f 440 2159 1377
f 18 2160 1506
f 1381 1379 2160
f 1379 1378 2160
f 2160 15 1506
f 442 2161 1379
f 1380 1383 436
f 441 2161 1380
f 21 2162 1504
f 1384 1382 2162
f 1382 1381 2162
f 2162 18 1504
f 443 2163 1382
f 1383 1386 436
f 442 2163 1383
f 24 2164 1502
f 1387 1385 2164
f 1385 1384 2164
f 2164 21 1502
f 444 2165 1385
f 1386 1389 436
f 443 2165 1386
f 27 2166 1500
f 1390 1388 2166
f 1388 1387 2166
f 2166 24 1500
f 445 2167 1388
f 1389 1392 436
f 444 2167 1389
f 30 2168 1498
f 1393 1391 2168
f 1391 1390 2168
f 2168 27 1498
f 446 2169 1391
f 1392 1395 436
f 445 2169 1392
f 33 2170 1496
f 1396 1394 2170
f 1394 1393 2170
f 2170 30 1496
f 447 2171 1394
f 1395 1398 436
f 446 2171 1395
f 36 2172 1494
f 1399 1397 2172
f 1397 1396 2172
f 2172 33 1494
f 448 2173 1397
f 1398 1401 436
f 447 2173 1398
f 39 2174 1492
f 1402 1400 2174
f 1400 1399 2174
f 2174 36 1492
f 449 2175 1400
f 1401 1404 436
f 448 2175 1401
f 42 2176 1490
f 1405 1403 2176
f 1403 1402 2176
f 2176 39 1490
f 450 2177 1403
f 1404 1407 436
f 449 2177 1404
f 45 2178 1488
f 1408 1406 2178
f 1406 1405 2178
f 2178 42 1488
f 451 2179 1406
f 1407 1410 436
f 450 2179 1407
f 48 2180 1486
f 1411 1409 2180
f 1409 1408 2180
f 2180 45 1486
f 452 2181 1409
f 1410 1413 436
f 451 2181 1410
f 51 2182 1484
f 1414 1412 2182
f 1412 1411 2182
f 2182 48 1484
f 453 2183 1412
f 1413 1416 436
f 452 2183 1413
f 54 2184 1482
f 1417 1415 2184
f 1415 1414 2184
f 2184 51 1482
f 454 2185 1415
f 1416 1419 436
f 453 2185 1416
f 57 2186 1480
f 1420 1418 2186
f 1418 1417 2186
f 2186 54 1480
f 455 2187 1418
f 1419 1422 436
f 454 2187 1419
f 60 2188 1478
f 1423 1421 2188
f 1421 1420 2188
f 2188 57 1478
f 456 2189 1421
f 1422 1425 436
f 455 2189 1422
f 63 2190 1476
f 1426 1424 2190
f 1424 1423 2190
f 2190 60 1476
f 457 2191 1424
f 1425 1428 436
f 456 2191 1425
f 66 2192 1474
f 1429 1427 2192
f 1427 1426 2192
f 2192 63 1474
f 458 2193 1427
f 1428 1431 436
f 457 2193 1428
f 69 2194 1472
f 1432 1430 2194
f 1430 1429 2194
f 2194 66 1472
f 459 2195 1430
f 1431 1434 436
f 458 2195 1431
f 72 2196 1470
f 1435 1433 2196
f 1433 1432 2196
f 2196 69 1470
f 460 2197 1433
f 1434 1437 436
f 459 2197 1434
f 75 2198 1468
f 1438 1436 2198
f 1436 1435 2198
f 2198 72 1468
f 461 2199 1436
f 1437 1440 436
f 460 2199 1437
f 78 2200 1466
f 1441 1439 2200
f 1439 1438 2200
f 2200 75 1466
f 462 2201 1439
f 1440 1443 436
f 461 2201 1440
f 81 2202 1464
f 1445 1442 2202
f 1442 1441 2202
f 2202 78 1464
f 463 2203 1442
f 1443 1444 436
f 462 2203 1443
f 464 2204 1446
f 1444 1449 436
f 463 2204 1444
f 84 2205 1462
f 1447 1446 2205
f 1446 1445 2205
f 2205 81 1462
f 87 2206 1460
f 1450 1448 2206
f 1448 1447 2206
f 2206 84 1460
f 465 2207 1448
f 1449 1452 436
f 464 2207 1449
f 90 2208 1458
f 1453 1451 2208
f 1451 1450 2208
f 2208 87 1458
f 466 2209 1451
f 1452 1455 436
f 465 2209 1452
f 433 2210 1454
f 1455 1456 436
f 466 2210 1455
f 469 2212 1519
f 1520 1518 484
f 1639 1520 483
f 527 2212 1639
f 1519 1521 467
f 484 2214 1520
f 1525 1524 487
f 1640 1525 486
f 528 2214 1640
f 1520 1526 483
f 1641 1527 479
f 529 2215 1641
f 1529 1528 488
f 1530 1529 490
f 481 2215 1530
f 1642 1529 488
f 530 2217 1642
f 1535 1534 491
f 1536 1535 493
f 490 2217 1536
f 1541 1525 487
f 496 2220 1541
f 1643 1542 495
f 531 2220 1643
f 1525 1543 486
f 1546 1542 496
f 499 2222 1546
f 1644 1547 498
f 532 2222 1644
f 1542 1548 495
f 1645 1535 491
f 533 2223 1645
f 1550 1549 509
f 511 2223 1550
f 1535 1551 493
f 1646 1550 509
f 534 2225 1646
f 1555 1554 512
f 514 2225 1555
f 1550 1556 511
f 1561 1562 508
f 514 2228 1561
f 1647 1555 512
f 535 2228 1647
f 1562 1563 506
f 1566 1567 505
f 508 2230 1566
f 1648 1562 506
f 536 2230 1648
f 1567 1568 503
f 502 2232 1572
f 1567 1571 505
f 1649 1567 503
f 537 2232 1649
f 1572 1573 500
f 499 2234 1547
f 1572 1575 502
f 1650 1572 500
f 538 2234 1650
f 1547 1576 498
f 1651 1577 477
f 539 2235 1651
f 1527 1578 479
f 481 2235 1527
f 1577 1579 478
f 1652 1582 474
f 540 2237 1652
f 1577 1583 477
f 478 2237 1577
f 1582 1584 475
f 1653 1587 471
f 541 2239 1653
f 1582 1588 474
f 1589 1582 475
f 472 2239 1589
f 1654 1519 467
f 542 2241 1654
f 1587 1592 471
f 1593 1587 472
f 469 2241 1593
f 566 2246 1711
f 1714 1654 2246
f 2246 467 1521
f 1711 1521 527
f 565 2248 1707
f 1710 1653 2248
f 2248 471 1600
f 1707 1600 544
f 1706 1703 564
f 540 2250 1706
f 2250 474 1602
f 2250 545 1703
f 1702 1699 563
f 539 2252 1702
f 1651 1604 2252
f 2252 546 1699
f 562 2256 1695
f 1698 1655 2256
f 2256 483 1526
f 1695 1526 528
f 1694 1691 561
f 548 2258 1694
f 2258 486 1543
f 2258 531 1691
f 1690 1687 560
f 547 2259 1690
f 1659 1631 2259
f 2259 519 1687
f 559 2261 1683
f 1686 1662 2261
f 2261 209 1636
f 1683 1636 524
f 1682 1679 558
f 549 2264 1682
f 1661 1548 2264
f 2264 532 1679
f 1678 1675 557
f 521 2267 1678
f 1633 1618 2267
f 2267 552 1675
f 556 2269 1671
f 1674 1635 2269
f 2269 267 1621
f 1671 1621 553
f 555 2271 1667
f 1670 1663 2271
f 2271 268 1623
f 1667 1623 554
f 535 2275 1563
f 1669 1667 2275
f 2275 554 1666
f 1563 1666 506
f 512 2276 1647
f 1554 1668 2276
f 2276 555 1669
f 1647 1669 535
f 534 2277 1668
f 1646 1615 2277
f 2277 551 1670
f 1668 1670 555
f 536 2278 1568
f 1673 1671 2278
f 2278 553 1665
f 2278 503 1568
f 506 2279 1648
f 1666 1672 2279
f 2279 556 1673
f 1648 1673 536
f 554 2280 1672
f 1623 930 2280
f 2280 523 1674
f 1672 1674 556
f 1677 1573 537
f 557 2281 1677
f 1675 1664 2281
f 2281 500 1573
f 503 2282 1649
f 553 2282 1665
f 1676 1677 2282
f 2282 537 1649
f 1621 1676 553
f 267 2283 1621
f 928 1678 2283
f 2283 557 1676
f 1681 1576 538
f 558 2284 1681
f 1679 1644 2284
f 2284 498 1576
f 1664 1650 500
f 552 2285 1664
f 1680 1681 2285
f 2285 538 1650
f 1618 1680 552
f 266 2286 1618
f 1612 1682 2286
f 2286 558 1680
f 551 2287 1663
f 1685 1683 2287
f 2287 524 931
f 1663 931 268
f 509 2288 1615
f 1549 1684 2288
f 2288 559 1685
f 1615 1685 551
f 533 2289 1684
f 491 2289 1645
f 2289 550 1686
f 1684 1686 559
f 1689 1662 550
f 560 2290 1689
f 1687 840 2290
f 2290 209 1662
f 491 2291 1613
f 530 2291 1534
f 1688 1689 2291
f 2291 550 1613
f 1642 1688 530
f 488 2292 1642
f 1606 1690 2292
f 2292 560 1688
f 1693 1661 549
f 561 2293 1693
f 1691 1643 2293
f 2293 495 1661
f 927 1612 266
f 520 2294 927
f 1692 1693 2294
f 2294 549 1612
f 1632 1692 520
f 205 2295 1632
f 1610 1694 2295
f 2295 561 1692
f 548 2296 1660
f 1697 1695 2296
f 2296 528 1640
f 2296 486 1660
f 205 2297 1610
f 836 1696 2297
f 2297 562 1697
f 1610 1697 548
f 515 2298 1696
f 1627 1599 2298
f 2298 543 1698
f 1696 1698 562
f 1701 1659 547
f 563 2299 1701
f 1699 1658 2299
f 2299 208 1659
f 1528 1606 488
f 529 2300 1528
f 1700 1701 2300
f 2300 547 1606
f 1641 1700 529
f 479 2301 1641
f 1578 1702 2301
f 2301 563 1700
f 1705 1630 518
f 564 2302 1705
f 1703 1657 2302
f 2302 206 1630
f 1658 839 208
f 546 2303 1658
f 1704 1705 2303
f 2303 518 839
f 1604 1704 546
f 477 2304 1604
f 1583 1706 2304
f 2304 564 1704
f 516 2305 1628
f 1709 1707 2305
f 2305 544 1656
f 1628 1656 204
f 206 2306 837
f 1657 1708 2306
f 2306 565 1709
f 837 1709 516
f 545 2307 1708
f 474 2307 1602
f 2307 541 1710
f 1708 1710 565
f 543 2308 1655
f 1713 1711 2308
f 2308 527 1639
f 1655 1639 483
f 204 2309 1599
f 1656 1712 2309
f 2309 566 1713
f 1599 1713 543
f 544 2310 1712
f 1600 1592 2310
f 2310 542 1714
f 1712 1714 566
f 523 2311 1635
f 567 2311 1717
f 1715 929 2311
f 1635 929 267
f 268 2312 930
f 931 1716 2312
f 2312 567 1717
f 930 1717 523
f 524 2313 1716
f 1636 1309 2313
f 2313 525 1718
f 1716 1718 567
f 1721 1633 521
f 568 2314 1721
f 1719 927 2314
f 2314 266 1633
f 929 928 267
f 929 1720 2315
f 2315 568 1721
f 2315 521 928
f 522 2316 1720
f 1634 1638 2316
f 2316 526 1722
f 1720 1722 568
f 525 2317 1637
f 1725 1723 2317
f 2317 517 838
f 1637 838 207
f 840 1309 209
f 519 2318 840
f 1724 1725 2318
f 2318 525 1309
f 1631 1724 519
f 208 2319 1631
f 839 1726 2319
f 2319 569 1724
f 526 2320 1310
f 1729 1727 2320
f 2320 515 836
f 1310 836 205
f 838 1638 207
f 517 2321 838
f 1728 1729 2321
f 2321 526 1638
f 1629 1728 517
f 1629 837 2322
f 2322 516 1730
f 2322 570 1728
f 572 1731 571
f 3 1362 1731
f 1731 1362 434
f 571 1731 1361
f 573 1732 670
f 1 571 1732
f 1732 571 2
f 670 1732 668
f 575 1733 574
f 6 1514 1733
f 1733 1514 3
f 574 1733 572
f 576 1734 1513
f 5 574 1734
f 1734 574 1
f 1513 1734 573
f 578 1735 577
f 9 1512 1735
f 1735 1512 6
f 577 1735 575
f 579 1736 1511
f 8 577 1736
f 1736 577 5
f 1511 1736 576
f 581 1737 580
f 12 1510 1737
f 1737 1510 9
f 580 1737 578
f 582 1738 1509
f 11 580 1738
f 1738 580 8
f 1509 1738 579
f 584 1739 583
f 15 1508 1739
f 1739 1508 12
f 583 1739 581
f 585 1740 1507
f 14 583 1740
f 1740 583 11
f 1507 1740 582
f 587 1741 586
f 18 1506 1741
f 1741 1506 15
f 586 1741 584
f 588 1742 1505
f 17 586 1742
f 1742 586 14
f 1505 1742 585
f 590 1743 589
f 21 1504 1743
f 1743 1504 18
f 589 1743 587
f 591 1744 1503
f 20 589 1744
f 1744 589 17
f 1503 1744 588
f 593 1745 592
f 24 1502 1745
f 1745 1502 21
f 592 1745 590
f 594 1746 1501
f 23 592 1746
f 1746 592 20
f 1501 1746 591
f 596 1747 595
f 27 1500 1747
f 1747 1500 24
f 595 1747 593
f 597 1748 1499
f 26 595 1748
f 1748 595 23
f 1499 1748 594
f 599 1749 598
f 30 1498 1749
f 1749 1498 27
f 598 1749 596
f 600 1750 1497
f 29 598 1750
f 1750 598 26
f 1497 1750 597
f 602 1751 601
f 33 1496 1751
f 1751 1496 30
f 601 1751 599
f 603 1752 1495
f 32 601 1752
f 1752 601 29
f 1495 1752 600
f 605 1753 604
f 36 1494 1753
f 1753 1494 33
f 604 1753 602
f 606 1754 1493
f 35 604 1754
f 1754 604 32
f 1493 1754 603
f 608 1755 607
f 39 1492 1755
f 1755 1492 36
f 607 1755 605
f 609 1756 1491
f 38 607 1756
f 1756 607 35
f 1491 1756 606
f 611 1757 610
f 42 1490 1757
f 1757 1490 39
f 610 1757 608
f 612 1758 1489
f 41 610 1758
f 1758 610 38
f 1489 1758 609
f 614 1759 613
f 45 1488 1759
f 1759 1488 42
f 613 1759 611
f 615 1760 1487
f 44 613 1760
f 1760 613 41
f 1487 1760 612
f 617 1761 616
f 48 1486 1761
f 1761 1486 45
f 616 1761 614
f 618 1762 1485
f 47 616 1762
f 1762 616 44
f 1485 1762 615
f 620 1763 619
f 51 1484 1763
f 1763 1484 48
f 619 1763 617
f 621 1764 1483
f 50 619 1764
f 1764 619 47
f 1483 1764 618
f 623 1765 622
f 54 1482 1765
f 1765 1482 51
f 622 1765 620
f 624 1766 1481
f 53 622 1766
f 1766 622 50
f 1481 1766 621
f 626 1767 625
f 57 1480 1767
f 1767 1480 54
f 625 1767 623
f 627 1768 1479
f 56 625 1768
f 1768 625 53
f 1479 1768 624
f 629 1769 628
f 60 1478 1769
f 1769 1478 57
f 628 1769 626
f 630 1770 1477
f 59 628 1770
f 1770 628 56
f 1477 1770 627
f 632 1771 631
f 63 1476 1771
f 1771 1476 60
f 631 1771 629
f 633 1772 1475
f 62 631 1772
f 1772 631 59
f 1475 1772 630
f 635 1773 634
f 66 1474 1773
f 1773 1474 63
f 634 1773 632
f 636 1774 1473
f 65 634 1774
f 1774 634 62
f 1473 1774 633
f 638 1775 637
f 69 1472 1775
f 1775 1472 66
f 637 1775 635
f 639 1776 1471
f 68 637 1776
f 1776 637 65
f 1471 1776 636
f 641 1777 640
f 72 1470 1777
f 1777 1470 69
f 640 1777 638
f 642 1778 1469
f 71 640 1778
f 1778 640 68
f 1469 1778 639
f 644 1779 643
f 75 1468 1779
f 1779 1468 72
f 643 1779 641
f 645 1780 1467
f 74 643 1780
f 1780 643 71
f 1467 1780 642
f 647 1781 646
f 78 1466 1781
f 1781 1466 75
f 646 1781 644
f 648 1782 1465
f 77 646 1782
f 1782 646 74
f 1465 1782 645
f 650 1783 649
f 81 1464 1783
f 1783 1464 78
f 649 1783 647
f 651 1784 1463
f 80 649 1784
f 1784 649 77
f 1463 1784 648
f 653 1785 652
f 84 1462 1785
f 1785 1462 81
f 652 1785 650
f 654 1786 1461
f 83 652 1786
f 1786 652 80
f 1461 1786 651
f 656 1787 655
f 87 1460 1787
f 1787 1460 84
f 655 1787 653
f 657 1788 1459
f 86 655 1788
f 1788 655 83
f 1459 1788 654
f 659 1789 658
f 90 1458 1789
f 1789 1458 87
f 658 1789 656
f 660 1790 1457
f 89 658 1790
f 1790 658 86
f 1457 1790 657
f 662 1791 661
f 93 1359 1791
f 1791 1359 90
f 661 1791 659
f 663 1792 667
f 92 661 1792
f 1792 661 89
f 667 1792 660
f 1361 1793 664
f 434 1358 1793
f 1793 1358 93
f 664 1793 662
f 668 1794 666
f 2 664 1794
f 1794 664 92
f 666 1794 663
f 665 1795 758
f 94 667 1795
f 1795 667 91
f 758 1795 756
f 669 1796 673
f 96 666 1796
f 1796 666 94
f 673 1796 665
f 674 1797 672
f 4 670 1797
f 1797 670 96
f 672 1797 669
f 677 1800 676
f 7 1513 1800
f 1800 1513 4
f 676 1800 674
f 680 1802 679
f 10 1511 1802
f 1802 1511 7
f 679 1802 677
f 683 1804 682
f 13 1509 1804
f 1804 1509 10
f 682 1804 680
f 686 1806 685
f 16 1507 1806
f 1806 1507 13
f 685 1806 683
f 689 1808 688
f 19 1505 1808
f 1808 1505 16
f 688 1808 686
f 692 1810 691
f 22 1503 1810
f 1810 1503 19
f 691 1810 689
f 695 1812 694
f 25 1501 1812
f 1812 1501 22
f 694 1812 692
f 698 1814 697
f 28 1499 1814
f 1814 1499 25
f 697 1814 695
f 701 1816 700
f 31 1497 1816
f 1816 1497 28
f 700 1816 698
f 704 1818 703
f 34 1495 1818
f 1818 1495 31
f 703 1818 701
f 707 1820 706
f 37 1493 1820
f 1820 1493 34
f 706 1820 704
f 710 1822 709
f 40 1491 1822
f 1822 1491 37
f 709 1822 707
f 713 1824 712
f 43 1489 1824
f 1824 1489 40
f 712 1824 710
f 716 1826 715
f 46 1487 1826
f 1826 1487 43
f 715 1826 713
f 719 1828 718
f 49 1485 1828
f 1828 1485 46
f 718 1828 716
f 722 1830 721
f 52 1483 1830
f 1830 1483 49
f 721 1830 719
f 725 1832 724
f 55 1481 1832
f 1832 1481 52
f 724 1832 722
f 728 1834 727
f 58 1479 1834
f 1834 1479 55
f 727 1834 725
f 731 1836 730
f 61 1477 1836
f 1836 1477 58
f 730 1836 728
f 734 1838 733
f 64 1475 1838
f 1838 1475 61
f 733 1838 731
f 737 1840 736
f 67 1473 1840
f 1473 64 734
f 1840 734 139
f 740 1842 739
f 70 1471 1842
f 1471 67 737
f 1842 737 141
f 144 742 1843
f 742 73 1469
f 1469 70 740
f 1843 740 143
f 145 744 1844
f 744 76 1467
f 1844 1467 73
f 743 1844 742
f 746 1845 745
f 79 1465 1845
f 1465 76 744
f 1845 744 145
f 147 748 1846
f 748 82 1463
f 1463 79 746
f 1846 746 146
f 148 750 1847
f 750 85 1461
f 1847 1461 82
f 749 1847 748
f 150 753 1848
f 753 88 1459
f 1848 1459 85
f 752 1848 750
f 756 1850 755
f 91 1457 1850
f 1850 1457 88
f 755 1850 753
f 570 1730 1902
f 1730 516 1628
f 1902 1628 204
f 1727 1902 1627
f 569 1726 1903
f 518 1630 1903
f 1630 206 1629
f 1723 1903 1629
f 1722 1958 1719
f 526 1310 1958
f 1310 205 1632
f 1958 1632 520
f 1718 1959 1715
f 525 1637 1959
f 1637 207 1634
f 1959 1634 522
f 940 1963 1033
f 273 942 1963
f 942 271 1031
f 1963 1031 336
f 276 944 1964
f 944 275 941
f 941 273 940
f 1964 940 274
f 278 947 1966
f 947 277 945
f 945 275 944
f 1966 944 276
f 280 950 1968
f 950 279 948
f 948 277 947
f 1968 947 278
f 282 953 1970
f 953 281 951
f 951 279 950
f 1970 950 280
f 284 956 1972
f 956 283 954
f 954 281 953
f 1972 953 282
f 286 959 1974
f 959 285 957
f 957 283 956
f 1974 956 284
f 288 962 1976
f 962 287 960
f 960 285 959
f 1976 959 286
f 290 965 1978
f 965 289 963
f 963 287 962
f 1978 962 288
f 292 968 1980
f 968 291 966
f 966 289 965
f 1980 965 290
f 294 971 1982
f 971 293 969
f 969 291 968
f 1982 968 292
f 296 974 1984
f 974 295 972
f 972 293 971
f 1984 971 294
f 298 977 1986
f 977 297 975
f 975 295 974
f 1986 974 296
f 300 980 1988
f 980 299 978
f 978 297 977
f 1988 977 298
f 302 983 1990
f 983 301 981
f 981 299 980
f 1990 980 300
f 304 986 1992
f 986 303 984
f 984 301 983
f 1992 983 302
f 306 989 1994
f 989 305 987
f 987 303 986
f 1994 986 304
f 308 992 1996
f 992 307 990
f 990 305 989
f 1996 989 306
f 310 995 1998
f 995 309 993
f 993 307 992
f 1998 992 308
f 312 998 2000
f 998 311 996
f 996 309 995
f 2000 995 310
f 314 1001 2002
f 1001 313 999
f 999 311 998
f 2002 998 312
f 316 1004 2004
f 1004 315 1002
f 1002 313 1001
f 2004 1001 314
f 318 1007 2006
f 1007 317 1005
f 1005 315 1004
f 2006 1004 316
f 320 1010 2008
f 1010 319 1008
f 1008 317 1007
f 2008 1007 318
f 322 1013 2010
f 1013 321 1011
f 1011 319 1010
f 2010 1010 320
f 324 1016 2012
f 1016 323 1014
f 2012 1014 321
f 1260 2012 1013
f 326 1018 2013
f 1018 325 1017
f 2013 1017 323
f 1259 2013 1016
f 1020 2014 1258
f 327 1019 2014
f 2014 1019 325
f 1258 2014 1018
f 1022 2015 1257
f 329 1021 2015
f 1021 327 1020
f 2015 1020 328
f 332 1024 2016
f 1024 331 1023
f 2016 1023 329
f 1256 2016 1022
f 1026 2017 1030
f 333 1025 2017
f 2017 1025 331
f 1030 2017 1024
f 1031 2018 1029
f 271 1027 2018
f 1027 333 1026
f 2018 1026 334
f 335 1028 2019
f 1028 334 1030
f 1030 332 1124
f 2019 1124 397
f 337 1032 2020
f 1032 336 1029
f 1029 334 1028
f 2020 1028 335
f 339 1037 2021
f 1037 274 1033
f 1033 336 1032
f 2021 1032 337
f 338 1034 2022
f 1034 337 1036
f 1036 335 1130
f 2022 1130 400
f 340 1038 2023
f 1038 339 1035
f 1035 337 1034
f 2023 1034 338
f 341 1040 2024
f 1040 276 1284
f 1284 274 1037
f 2024 1037 339
f 342 1041 2025
f 1041 341 1039
f 1039 339 1038
f 2025 1038 340
f 343 1043 2026
f 1043 278 1283
f 1283 276 1040
f 2026 1040 341
f 344 1044 2027
f 1044 343 1042
f 1042 341 1041
f 2027 1041 342
f 345 1046 2028
f 1046 280 1282
f 1282 278 1043
f 2028 1043 343
f 346 1047 2029
f 1047 345 1045
f 1045 343 1044
f 2029 1044 344
f 347 1049 2030
f 1049 282 1281
f 1281 280 1046
f 2030 1046 345
f 348 1050 2031
f 1050 347 1048
f 1048 345 1047
f 2031 1047 346
f 349 1052 2032
f 1052 284 1280
f 1280 282 1049
f 2032 1049 347
f 350 1053 2033
f 1053 349 1051
f 1051 347 1050
f 2033 1050 348
f 351 1055 2034
f 1055 286 1279
f 1279 284 1052
f 2034 1052 349
f 352 1056 2035
f 1056 351 1054
f 1054 349 1053
f 2035 1053 350
f 353 1058 2036
f 1058 288 1278
f 1278 286 1055
f 2036 1055 351
f 354 1059 2037
f 1059 353 1057
f 1057 351 1056
f 2037 1056 352
f 355 1061 2038
f 1061 290 1277
f 1277 288 1058
f 2038 1058 353
f 356 1062 2039
f 1062 355 1060
f 1060 353 1059
f 2039 1059 354
f 357 1064 2040
f 1064 292 1276
f 1276 290 1061
f 2040 1061 355
f 358 1065 2041
f 1065 357 1063
f 1063 355 1062
f 2041 1062 356
f 359 1067 2042
f 1067 294 1275
f 1275 292 1064
f 2042 1064 357
f 360 1068 2043
f 1068 359 1066
f 1066 357 1065
f 2043 1065 358
f 361 1070 2044
f 1070 296 1274
f 1274 294 1067
f 2044 1067 359
f 362 1071 2045
f 1071 361 1069
f 1069 359 1068
f 2045 1068 360
f 363 1073 2046
f 1073 298 1273
f 1273 296 1070
f 2046 1070 361
f 364 1074 2047
f 1074 363 1072
f 1072 361 1071
f 2047 1071 362
f 365 1076 2048
f 1076 300 1272
f 1272 298 1073
f 2048 1073 363
f 366 1077 2049
f 1077 365 1075
f 1075 363 1074
f 2049 1074 364
f 367 1079 2050
f 1079 302 1271
f 1271 300 1076
f 2050 1076 365
f 368 1080 2051
f 1080 367 1078
f 1078 365 1077
f 2051 1077 366
f 369 1082 2052
f 1082 304 1270
f 1270 302 1079
f 2052 1079 367
f 370 1083 2053
f 1083 369 1081
f 1081 367 1080
f 2053 1080 368
f 371 1085 2054
f 1085 306 1269
f 1269 304 1082
f 2054 1082 369
f 372 1086 2055
f 1086 371 1084
f 1084 369 1083
f 2055 1083 370
f 373 1088 2056
f 1088 308 1268
f 1268 306 1085
f 2056 1085 371
f 374 1089 2057
f 1089 373 1087
f 1087 371 1086
f 2057 1086 372
f 375 1091 2058
f 1091 310 1267
f 1267 308 1088
f 2058 1088 373
f 376 1092 2059
f 1092 375 1090
f 1090 373 1089
f 2059 1089 374
f 377 1094 2060
f 1094 312 1266
f 1266 310 1091
f 2060 1091 375
f 378 1095 2061
f 1095 377 1093
f 1093 375 1092
f 2061 1092 376
f 379 1097 2062
f 1097 314 1265
f 1265 312 1094
f 2062 1094 377
f 380 1098 2063
f 1098 379 1096
f 1096 377 1095
f 2063 1095 378
f 381 1100 2064
f 1100 316 1264
f 1264 314 1097
f 2064 1097 379
f 382 1101 2065
f 1101 381 1099
f 1099 379 1098
f 2065 1098 380
f 383 1103 2066
f 1103 318 1263
f 1263 316 1100
f 2066 1100 381
f 384 1104 2067
f 1104 383 1102
f 1102 381 1101
f 2067 1101 382
f 385 1106 2068
f 1106 320 1262
f 1262 318 1103
f 2068 1103 383
f 386 1107 2069
f 1107 385 1105
f 1105 383 1104
f 2069 1104 384
f 387 1109 2070
f 1109 322 1261
f 1261 320 1106
f 2070 1106 385
f 388 1110 2071
f 1110 387 1108
f 1108 385 1107
f 2071 1107 386
f 389 1112 2072
f 1112 324 1260
f 1260 322 1109
f 2072 1109 387
f 390 1113 2073
f 1113 389 1111
f 1111 387 1110
f 2073 1110 388
f 391 1115 2074
f 1115 326 1259
f 1259 324 1112
f 2074 1112 389
f 392 1116 2075
f 1116 391 1114
f 1114 389 1113
f 2075 1113 390
f 393 1118 2076
f 1118 328 1258
f 1258 326 1115
f 2076 1115 391
f 394 1119 2077
f 1119 393 1117
f 1117 391 1116
f 2077 1116 392
f 395 1121 2078
f 1121 330 1257
f 1257 328 1118
f 2078 1118 393
f 396 1122 2079
f 1122 395 1120
f 1120 393 1119
f 2079 1119 394
f 397 1124 2080
f 1124 332 1256
f 1256 330 1121
f 2080 1121 395
f 398 1125 2081
f 1125 397 1123
f 1123 395 1122
f 2081 1122 396
f 400 1130 2082
f 1130 335 1126
f 1126 397 1125
f 2082 1125 398
f 1127 2083 1214
f 398 1129 2083
f 2083 1129 396
f 1214 2083 1213
f 1131 2084 1134
f 400 1128 2084
f 2084 1128 398
f 1134 2084 1127
f 1226 2085 1133
f 338 1132 2085
f 2085 1132 400
f 1133 2085 1131
f 1142 2086 1135
f 402 1133 2086
f 401 1135 2086
f 1135 2087 1143
f 401 1134 2087
f 399 1143 2087
f 1136 2088 1156
f 404 1189 2088
f 422 1156 2088
f 1155 2089 1136
f 421 1192 2089
f 404 1136 2089
f 1166 2090 1137
f 432 1169 2090
f 405 1137 2090
f 1137 2091 1138
f 405 1223 2091
f 406 1138 2091
f 1138 2092 1139
f 406 1221 2092
f 407 1139 2092
f 1139 2093 1140
f 407 1219 2093
f 408 1140 2093
f 1140 2094 1141
f 408 1216 2094
f 409 1141 2094
f 1141 2095 1142
f 409 1217 2095
f 402 1142 2095
f 1143 2096 1144
f 399 1214 2096
f 410 1144 2096
f 1144 2097 1145
f 410 1212 2097
f 411 1145 2097
f 1145 2098 1146
f 411 1210 2098
f 412 1146 2098
f 1146 2099 1147
f 412 1208 2099
f 413 1147 2099
f 1147 2100 1148
f 413 1206 2100
f 414 1148 2100
f 1148 2101 1149
f 414 1204 2101
f 415 1149 2101
f 1149 2102 1150
f 415 1202 2102
f 416 1150 2102
f 1150 2103 1151
f 416 1200 2103
f 417 1151 2103
f 1151 2104 1152
f 417 1198 2104
f 418 1152 2104
f 1152 2105 1153
f 418 1196 2105
f 419 1153 2105
f 1153 2106 1154
f 419 1194 2106
f 420 1154 2106
f 1154 2107 1155
f 420 1191 2107
f 421 1155 2107
f 1156 2108 1157
f 422 1187 2108
f 423 1157 2108
f 1157 2109 1158
f 423 1185 2109
f 424 1158 2109
f 1158 2110 1159
f 424 1183 2110
f 425 1159 2110
f 1159 2111 1160
f 425 1181 2111
f 426 1160 2111
f 1160 2112 1161
f 426 1179 2112
f 427 1161 2112
f 1161 2113 1162
f 427 1177 2113
f 428 1162 2113
f 1162 2114 1163
f 428 1175 2114
f 429 1163 2114
f 1163 2115 1164
f 429 1173 2115
f 430 1164 2115
f 1164 2116 1165
f 430 1171 2116
f 431 1165 2116
f 1165 2117 1166
f 431 1168 2117
f 432 1166 2117
f 1167 2118 1169
f 350 1250 2118
f 2118 1250 348
f 1169 2118 1224
f 1170 2119 1168
f 352 1249 2119
f 2119 1249 350
f 1168 2119 1167
f 1172 2120 1171
f 354 1248 2120
f 2120 1248 352
f 1171 2120 1170
f 1174 2121 1173
f 356 1247 2121
f 2121 1247 354
f 1173 2121 1172
f 1176 2122 1175
f 358 1246 2122
f 2122 1246 356
f 1175 2122 1174
f 1178 2123 1177
f 360 1245 2123
f 2123 1245 358
f 1177 2123 1176
f 1180 2124 1179
f 362 1244 2124
f 2124 1244 360
f 1179 2124 1178
f 1182 2125 1181
f 364 1243 2125
f 2125 1243 362
f 1181 2125 1180
f 1184 2126 1183
f 366 1242 2126
f 2126 1242 364
f 1183 2126 1182
f 1186 2127 1185
f 368 1241 2127
f 2127 1241 366
f 1185 2127 1184
f 1188 2128 1187
f 370 1240 2128
f 2128 1240 368
f 1187 2128 1186
f 1225 2129 1189
f 372 1239 2129
f 2129 1239 370
f 1189 2129 1188
f 1190 2130 1192
f 374 1238 2130
f 2130 1238 372
f 1192 2130 1225
f 1193 2131 1191
f 376 1237 2131
f 2131 1237 374
f 1191 2131 1190
f 1195 2132 1194
f 378 1236 2132
f 2132 1236 376
f 1194 2132 1193
f 1197 2133 1196
f 380 1235 2133
f 2133 1235 378
f 1196 2133 1195
f 1199 2134 1198
f 382 1234 2134
f 2134 1234 380
f 1198 2134 1197
f 1201 2135 1200
f 384 1233 2135
f 2135 1233 382
f 1200 2135 1199
f 1203 2136 1202
f 386 1232 2136
f 2136 1232 384
f 1202 2136 1201
f 1205 2137 1204
f 388 1231 2137
f 2137 1231 386
f 1204 2137 1203
f 1207 2138 1206
f 390 1230 2138
f 2138 1230 388
f 1206 2138 1205
f 1209 2139 1208
f 392 1229 2139
f 2139 1229 390
f 1208 2139 1207
f 1211 2140 1210
f 394 1228 2140
f 2140 1228 392
f 1210 2140 1209
f 1213 2141 1212
f 396 1227 2141
f 2141 1227 394
f 1212 2141 1211
f 1215 2142 1217
f 340 1255 2142
f 2142 1255 338
f 1217 2142 1226
f 1218 2143 1216
f 342 1254 2143
f 2143 1254 340
f 1216 2143 1215
f 1220 2144 1219
f 344 1253 2144
f 2144 1253 342
f 1219 2144 1218
f 1222 2145 1221
f 346 1252 2145
f 2145 1252 344
f 1221 2145 1220
f 1224 2146 1223
f 348 1251 2146
f 2146 1251 346
f 1223 2146 1222
f 93 1357 2147
f 1357 433 1454
f 1454 466 1453
f 2147 1453 90
f 434 1360 2148
f 1360 435 1363
f 1363 433 1357
f 2148 1357 93
f 3 1366 2149
f 1366 437 1365
f 1365 435 1360
f 2149 1360 434
f 435 1364 2150
f 1456 2150 1364
f 433 1363 2150
f 437 1368 2151
f 1364 2151 1368
f 435 1365 2151
f 6 1369 2152
f 1369 438 1367
f 1367 437 1366
f 2152 1366 3
f 438 1371 2153
f 1368 2153 1371
f 437 1367 2153
f 9 1372 2154
f 1372 439 1370
f 1370 438 1369
f 2154 1369 6
f 439 1374 2155
f 1371 2155 1374
f 438 1370 2155
f 12 1375 2156
f 1375 440 1373
f 1373 439 1372
f 2156 1372 9
f 440 1377 2157
f 1374 2157 1377
f 439 1373 2157
f 15 1378 2158
f 1378 441 1376
f 1376 440 1375
f 2158 1375 12
f 441 1380 2159
f 1377 2159 1380
f 440 1376 2159
f 18 1381 2160
f 1381 442 1379
f 1379 441 1378
f 2160 1378 15
f 442 1383 2161
f 1380 2161 1383
f 441 1379 2161
f 21 1384 2162
f 1384 443 1382
f 1382 442 1381
f 2162 1381 18
f 443 1386 2163
f 1383 2163 1386
f 442 1382 2163
f 24 1387 2164
f 1387 444 1385
f 1385 443 1384
f 2164 1384 21
f 444 1389 2165
f 1386 2165 1389
f 443 1385 2165
f 27 1390 2166
f 1390 445 1388
f 1388 444 1387
f 2166 1387 24
f 445 1392 2167
f 1389 2167 1392
f 444 1388 2167
f 30 1393 2168
f 1393 446 1391
f 1391 445 1390
f 2168 1390 27
f 446 1395 2169
f 1392 2169 1395
f 445 1391 2169
f 33 1396 2170
f 1396 447 1394
f 1394 446 1393
f 2170 1393 30
f 447 1398 2171
f 1395 2171 1398
f 446 1394 2171
f 36 1399 2172
f 1399 448 1397
f 1397 447 1396
f 2172 1396 33
f 448 1401 2173
f 1398 2173 1401
f 447 1397 2173
f 39 1402 2174
f 1402 449 1400
f 1400 448 1399
f 2174 1399 36
f 449 1404 2175
f 1401 2175 1404
f 448 1400 2175
f 42 1405 2176
f 1405 450 1403
f 1403 449 1402
f 2176 1402 39
f 450 1407 2177
f 1404 2177 1407
f 449 1403 2177
f 45 1408 2178
f 1408 451 1406
f 1406 450 1405
f 2178 1405 42
f 451 1410 2179
f 1407 2179 1410
f 450 1406 2179
f 48 1411 2180
f 1411 452 1409
f 1409 451 1408
f 2180 1408 45
f 452 1413 2181
f 1410 2181 1413
f 451 1409 2181
f 51 1414 2182
f 1414 453 1412
f 1412 452 1411
f 2182 1411 48
f 453 1416 2183
f 1413 2183 1416
f 452 1412 2183
f 54 1417 2184
f 1417 454 1415
f 1415 453 1414
f 2184 1414 51
f 454 1419 2185
f 1416 2185 1419
f 453 1415 2185
f 57 1420 2186
f 1420 455 1418
f 1418 454 1417
f 2186 1417 54
f 455 1422 2187
f 1419 2187 1422
f 454 1418 2187
f 60 1423 2188
f 1423 456 1421
f 1421 455 1420
f 2188 1420 57
f 456 1425 2189
f 1422 2189 1425
f 455 1421 2189
f 63 1426 2190
f 1426 457 1424
f 1424 456 1423
f 2190 1423 60
f 457 1428 2191
f 1425 2191 1428
f 456 1424 2191
f 66 1429 2192
f 1429 458 1427
f 1427 457 1426
f 2192 1426 63
f 458 1431 2193
f 1428 2193 1431
f 457 1427 2193
f 69 1432 2194
f 1432 459 1430
f 1430 458 1429
f 2194 1429 66
f 459 1434 2195
f 1431 2195 1434
f 458 1430 2195
f 72 1435 2196
f 1435 460 1433
f 1433 459 1432
f 2196 1432 69
f 460 1437 2197
f 1434 2197 1437
f 459 1433 2197
f 75 1438 2198
f 1438 461 1436
f 1436 460 1435
f 2198 1435 72
f 461 1440 2199
f 1437 2199 1440
f 460 1436 2199
f 78 1441 2200
f 1441 462 1439
f 1439 461 1438
f 2200 1438 75
f 462 1443 2201
f 1440 2201 1443
f 461 1439 2201
f 81 1445 2202
f 1445 463 1442
f 1442 462 1441
f 2202 1441 78
f 463 1444 2203
f 1443 2203 1444
f 462 1442 2203
f 464 1449 2204
f 1444 2204 1449
f 463 1446 2204
f 84 1447 2205
f 1447 464 1446
f 1446 463 1445
f 2205 1445 81
f 87 1450 2206
f 1450 465 1448
f 1448 464 1447
f 2206 1447 84
f 465 1452 2207
f 1449 2207 1452
f 464 1448 2207
f 90 1453 2208
f 1453 466 1451
f 1451 465 1450
f 2208 1450 87
f 466 1455 2209
f 1452 2209 1455
f 465 1451 2209
f 433 1456 2210
f 1455 2210 1456
f 466 1454 2210
f 469 1518 2212
f 1520 2212 1518
f 1639 2212 1520
f 527 1521 2212
f 1519 2212 1521
f 484 1524 2214
f 1525 2214 1524
f 1640 2214 1525
f 528 1526 2214
f 1520 2214 1526
f 1641 2215 1527
f 529 1528 2215
f 1529 2215 1528
f 1530 2215 1529
f 481 1527 2215
f 1642 2217 1529
f 530 1534 2217
f 1535 2217 1534
f 1536 2217 1535
f 490 1529 2217
f 1541 2220 1525
f 496 1542 2220
f 1643 2220 1542
f 531 1543 2220
f 1525 2220 1543
f 1546 2222 1542
f 499 1547 2222
f 1644 2222 1547
f 532 1548 2222
f 1542 2222 1548
f 1645 2223 1535
f 533 1549 2223
f 1550 2223 1549
f 511 1551 2223
f 1535 2223 1551
f 1646 2225 1550
f 534 1554 2225
f 1555 2225 1554
f 514 1556 2225
f 1550 2225 1556
f 1561 2228 1562
f 514 1555 2228
f 1647 2228 1555
f 535 1563 2228
f 1562 2228 1563
f 1566 2230 1567
f 508 1562 2230
f 1648 2230 1562
f 536 1568 2230
f 1567 2230 1568
f 502 1571 2232
f 1567 2232 1571
f 1649 2232 1567
f 537 1573 2232
f 1572 2232 1573
f 499 1575 2234
f 1572 2234 1575
f 1650 2234 1572
f 538 1576 2234
f 1547 2234 1576
f 1651 2235 1577
f 539 1578 2235
f 1527 2235 1578
f 481 1579 2235
f 1577 2235 1579
f 1652 2237 1582
f 540 1583 2237
f 1577 2237 1583
f 478 1584 2237
f 1582 2237 1584
f 1653 2239 1587
f 541 1588 2239
f 1582 2239 1588
f 1589 2239 1582
f 472 1587 2239
f 1654 2241 1519
f 542 1592 2241
f 1587 2241 1592
f 1593 2241 1587
f 469 1519 2241
f 566 1714 2246
f 1714 542 1654
f 2246 1654 467
f 1711 2246 1521
f 565 1710 2248
f 1710 541 1653
f 2248 1653 471
f 1707 2248 1600
f 1706 2250 1703
f 540 1652 2250
f 2250 1652 474
f 2250 1602 545
f 1702 2252 1699
f 539 1651 2252
f 1651 477 1604
f 2252 1604 546
f 562 1698 2256
f 1698 543 1655
f 2256 1655 483
f 1695 2256 1526
f 1694 2258 1691
f 548 1660 2258
f 2258 1660 486
f 2258 1543 531
f 1690 2259 1687
f 547 1659 2259
f 1659 208 1631
f 2259 1631 519
f 559 1686 2261
f 1686 550 1662
f 2261 1662 209
f 1683 2261 1636
f 1682 2264 1679
f 549 1661 2264
f 1661 495 1548
f 2264 1548 532
f 1678 2267 1675
f 521 1633 2267
f 1633 266 1618
f 2267 1618 552
f 556 1674 2269
f 1674 523 1635
f 2269 1635 267
f 1671 2269 1621
f 555 1670 2271
f 1670 551 1663
f 2271 1663 268
f 1667 2271 1623
f 535 1669 2275
f 1669 555 1667
f 2275 1667 554
f 1563 2275 1666
f 512 1554 2276
f 1554 534 1668
f 2276 1668 555
f 1647 2276 1669
f 534 1646 2277
f 1646 509 1615
f 2277 1615 551
f 1668 2277 1670
f 536 1673 2278
f 1673 556 1671
f 2278 1671 553
f 2278 1665 503
f 506 1666 2279
f 1666 554 1672
f 2279 1672 556
f 1648 2279 1673
f 554 1623 2280
f 1623 268 930
f 2280 930 523
f 1672 2280 1674
f 1677 2281 1573
f 557 1675 2281
f 1675 552 1664
f 2281 1664 500
f 503 1665 2282
f 553 1676 2282
f 1676 557 1677
f 2282 1677 537
f 1621 2283 1676
f 267 928 2283
f 928 521 1678
f 2283 1678 557
f 1681 2284 1576
f 558 1679 2284
f 1679 532 1644
f 2284 1644 498
f 1664 2285 1650
f 552 1680 2285
f 1680 558 1681
f 2285 1681 538
f 1618 2286 1680
f 266 1612 2286
f 1612 549 1682
f 2286 1682 558
f 551 1685 2287
f 1685 559 1683
f 2287 1683 524
f 1663 2287 931
f 509 1549 2288
f 1549 533 1684
f 2288 1684 559
f 1615 2288 1685
f 533 1645 2289
f 491 1613 2289
f 2289 1613 550
f 1684 2289 1686
f 1689 2290 1662
f 560 1687 2290
f 1687 519 840
f 2290 840 209
f 491 1534 2291
f 530 1688 2291
f 1688 560 1689
f 2291 1689 550
f 1642 2292 1688
f 488 1606 2292
f 1606 547 1690
f 2292 1690 560
f 1693 2293 1661
f 561 1691 2293
f 1691 531 1643
f 2293 1643 495
f 927 2294 1612
f 520 1692 2294
f 1692 561 1693
f 2294 1693 549
f 1632 2295 1692
f 205 1610 2295
f 1610 548 1694
f 2295 1694 561
f 548 1697 2296
f 1697 562 1695
f 2296 1695 528
f 2296 1640 486
f 205 836 2297
f 836 515 1696
f 2297 1696 562
f 1610 2297 1697
f 515 1627 2298
f 1627 204 1599
f 2298 1599 543
f 1696 2298 1698
f 1701 2299 1659
f 563 1699 2299
f 1699 546 1658
f 2299 1658 208
f 1528 2300 1606
f 529 1700 2300
f 1700 563 1701
f 2300 1701 547
f 1641 2301 1700
f 479 1578 2301
f 1578 539 1702
f 2301 1702 563
f 1705 2302 1630
f 564 1703 2302
f 1703 545 1657
f 2302 1657 206
f 1658 2303 839
f 546 1704 2303
f 1704 564 1705
f 2303 1705 518
f 1604 2304 1704
f 477 1583 2304
f 1583 540 1706
f 2304 1706 564
f 516 1709 2305
f 1709 565 1707
f 2305 1707 544
f 1628 2305 1656
f 206 1657 2306
f 1657 545 1708
f 2306 1708 565
f 837 2306 1709
f 545 1602 2307
f 474 1588 2307
f 2307 1588 541
f 1708 2307 1710
f 543 1713 2308
f 1713 566 1711
f 2308 1711 527
f 1655 2308 1639
f 204 1656 2309
f 1656 544 1712
f 2309 1712 566
f 1599 2309 1713
f 544 1600 2310
f 1600 471 1592
f 2310 1592 542
f 1712 2310 1714
f 523 1717 2311
f 567 1715 2311
f 1715 522 929
f 1635 2311 929
f 268 931 2312
f 931 524 1716
f 2312 1716 567
f 930 2312 1717
f 524 1636 2313
f 1636 209 1309
f 2313 1309 525
f 1716 2313 1718
f 1721 2314 1633
f 568 1719 2314
f 1719 520 927
f 2314 927 266
f 929 2315 928
f 929 522 1720
f 2315 1720 568
f 2315 1721 521
f 522 1634 2316
f 1634 207 1638
f 2316 1638 526
f 1720 2316 1722
f 525 1725 2317
f 1725 569 1723
f 2317 1723 517
f 1637 2317 838
f 840 2318 1309
f 519 1724 2318
f 1724 569 1725
f 2318 1725 525
f 1631 2319 1724
f 208 839 2319
f 839 518 1726
f 2319 1726 569
f 526 1729 2320
f 1729 570 1727
f 2320 1727 515
f 1310 2320 836
f 838 2321 1638
f 517 1728 2321
f 1728 570 1729
f 2321 1729 526
f 1629 2322 1728
f 1629 206 837
f 2322 837 516
f 2322 1730 570
usemtl Stripe.Forteen
f 671 764 98
f 97 1798 671
f 1798 95 762
f 764 762 155
f 675 1356 100
f 99 1799 675
f 1799 97 671
f 1356 671 98
f 678 1355 102
f 101 1801 678
f 1801 99 675
f 1355 675 100
f 681 1354 104
f 103 1803 681
f 1803 101 678
f 1354 678 102
f 684 1353 106
f 105 1805 684
f 1805 103 681
f 1353 681 104
f 687 1352 108
f 107 1807 687
f 1807 105 684
f 1352 684 106
f 690 1351 110
f 109 1809 690
f 1809 107 687
f 1351 687 108
f 693 1350 112
f 111 1811 693
f 1811 109 690
f 1350 690 110
f 696 1349 114
f 113 1813 696
f 1813 111 693
f 1349 693 112
f 699 1348 116
f 115 1815 699
f 1815 113 696
f 1348 696 114
f 702 1347 118
f 117 1817 702
f 1817 115 699
f 1347 699 116
f 705 1346 120
f 119 1819 705
f 1819 117 702
f 1346 702 118
f 708 1345 122
f 121 1821 708
f 1821 119 705
f 1345 705 120
f 711 1344 124
f 123 1823 711
f 1823 121 708
f 1344 708 122
f 714 1343 126
f 125 1825 714
f 1825 123 711
f 1343 711 124
f 717 1342 128
f 127 1827 717
f 1827 125 714
f 1342 714 126
f 720 1341 130
f 129 1829 720
f 1829 127 717
f 1341 717 128
f 723 1340 132
f 131 1831 723
f 1831 129 720
f 1340 720 130
f 726 1339 134
f 133 1833 726
f 1833 131 723
f 1339 723 132
f 729 1338 136
f 135 1835 729
f 1835 133 726
f 1338 726 134
f 732 1337 138
f 137 1837 732
f 1837 135 729
f 1337 729 136
f 735 1336 140
f 139 1839 735
f 1839 137 732
f 1336 732 138
f 738 1335 142
f 141 1841 738
f 736 735 1841
f 1841 140 1335
f 151 1849 1334
f 754 752 1849
f 1849 148 751
f 1334 751 149
f 757 761 153
f 152 1851 757
f 1851 150 754
f 761 754 151
f 762 760 155
f 95 1852 762
f 1852 152 757
f 760 757 153
f 759 846 154
f 153 1853 759
f 1853 151 844
f 846 844 212
f 763 767 156
f 155 1854 763
f 1854 153 759
f 767 759 154
f 768 766 158
f 98 1855 768
f 1855 155 763
f 766 763 156
f 765 852 157
f 156 1856 765
f 1856 154 850
f 852 850 215
f 769 1333 159
f 158 1857 769
f 1857 156 765
f 1333 765 157
f 772 770 160
f 100 1858 772
f 1858 98 768
f 770 768 158
f 771 1332 161
f 160 1859 771
f 1859 158 769
f 1332 769 159
f 775 1331 163
f 162 1860 775
f 1860 160 771
f 1331 771 161
f 774 773 162
f 102 1861 774
f 1861 100 772
f 773 772 160
f 777 776 164
f 104 1862 777
f 1862 102 774
f 776 774 162
f 778 1330 165
f 164 1863 778
f 1863 162 775
f 1330 775 163
f 780 779 166
f 106 1864 780
f 1864 104 777
f 779 777 164
f 781 1329 167
f 166 1865 781
f 1865 164 778
f 1329 778 165
f 783 782 168
f 108 1866 783
f 1866 106 780
f 782 780 166
f 784 1328 169
f 168 1867 784
f 1867 166 781
f 1328 781 167
f 786 785 170
f 110 1868 786
f 1868 108 783
f 785 783 168
f 787 1327 171
f 170 1869 787
f 1869 168 784
f 1327 784 169
f 789 788 172
f 112 1870 789
f 1870 110 786
f 788 786 170
f 790 1326 173
f 172 1871 790
f 1871 170 787
f 1326 787 171
f 792 791 174
f 114 1872 792
f 1872 112 789
f 791 789 172
f 793 1325 175
f 174 1873 793
f 1873 172 790
f 1325 790 173
f 795 794 176
f 116 1874 795
f 1874 114 792
f 794 792 174
f 796 1324 177
f 176 1875 796
f 1875 174 793
f 1324 793 175
f 798 797 178
f 118 1876 798
f 1876 116 795
f 797 795 176
f 799 1323 179
f 178 1877 799
f 1877 176 796
f 1323 796 177
f 801 800 180
f 120 1878 801
f 1878 118 798
f 800 798 178
f 802 1322 181
f 180 1879 802
f 1879 178 799
f 1322 799 179
f 804 803 182
f 122 1880 804
f 1880 120 801
f 803 801 180
f 805 1321 183
f 182 1881 805
f 1881 180 802
f 1321 802 181
f 807 806 184
f 124 1882 807
f 1882 122 804
f 806 804 182
f 808 1320 185
f 184 1883 808
f 1883 182 805
f 1320 805 183
f 810 809 186
f 126 1884 810
f 1884 124 807
f 809 807 184
f 811 1319 187
f 186 1885 811
f 1885 184 808
f 1885 185 1319
f 813 812 188
f 128 1886 813
f 1886 126 810
f 812 810 186
f 814 1318 189
f 188 1887 814
f 1887 186 811
f 1318 811 187
f 816 815 190
f 130 1888 816
f 1888 128 813
f 815 813 188
f 817 1317 191
f 190 1889 817
f 1889 188 814
f 1317 814 189
f 819 818 192
f 132 1890 819
f 1890 130 816
f 818 816 190
f 820 1316 193
f 192 1891 820
f 1891 190 817
f 1316 817 191
f 822 821 194
f 134 1892 822
f 1892 132 819
f 821 819 192
f 823 1315 195
f 194 1893 823
f 1893 192 820
f 1315 820 193
f 825 824 196
f 136 1894 825
f 1894 134 822
f 824 822 194
f 826 1314 197
f 196 1895 826
f 1895 194 823
f 1314 823 195
f 828 827 198
f 138 1896 828
f 1896 136 825
f 827 825 196
f 829 1313 199
f 198 1897 829
f 1897 196 826
f 1313 826 197
f 831 830 200
f 140 1898 831
f 1898 138 828
f 830 828 198
f 832 1312 201
f 200 1899 832
f 1899 198 829
f 1312 829 199
f 834 833 202
f 142 1900 834
f 1335 831 1900
f 1900 200 833
f 835 1311 203
f 202 1901 835
f 833 832 1901
f 1901 201 1311
f 212 1904 843
f 844 1334 1904
f 1904 149 841
f 843 841 210
f 213 1905 849
f 845 843 1905
f 1905 210 842
f 849 842 211
f 850 848 215
f 154 1906 850
f 1906 212 845
f 848 845 213
f 847 934 214
f 213 1907 847
f 849 932 1907
f 1907 269 934
f 216 1908 855
f 851 848 1908
f 848 847 1908
f 1908 214 855
f 218 1909 854
f 856 852 1909
f 1909 215 851
f 1909 216 854
f 217 1910 939
f 853 855 1910
f 855 937 1910
f 1910 272 939
f 219 1911 1308
f 857 854 1911
f 854 853 1911
f 1911 217 1308
f 220 1912 858
f 859 1333 1912
f 1333 856 1912
f 1912 218 858
f 221 1913 1307
f 860 858 1913
f 858 857 1913
f 1913 219 1307
f 222 1914 861
f 862 1332 1914
f 1332 859 1914
f 1914 220 861
f 223 1915 1306
f 863 861 1915
f 861 860 1915
f 1915 221 1306
f 224 1916 864
f 865 1331 1916
f 1331 862 1916
f 1916 222 864
f 225 1917 1305
f 866 864 1917
f 864 863 1917
f 1917 223 1305
f 226 1918 867
f 868 1330 1918
f 1330 865 1918
f 1918 224 867
f 227 1919 1304
f 869 867 1919
f 867 866 1919
f 1919 225 1304
f 228 1920 870
f 871 1329 1920
f 1329 868 1920
f 1920 226 870
f 229 1921 1303
f 872 870 1921
f 870 869 1921
f 1921 227 1303
f 230 1922 873
f 874 1328 1922
f 1328 871 1922
f 1922 228 873
f 231 1923 1302
f 875 873 1923
f 873 872 1923
f 1923 229 1302
f 232 1924 876
f 877 1327 1924
f 1327 874 1924
f 1924 230 876
f 233 1925 1301
f 878 876 1925
f 876 875 1925
f 1925 231 1301
f 234 1926 879
f 173 1926 880
f 1326 877 1926
f 1926 232 879
f 235 1927 1300
f 881 879 1927
f 879 878 1927
f 1927 233 1300
f 236 1928 882
f 883 1325 1928
f 1325 880 1928
f 1928 234 882
f 237 1929 1299
f 884 882 1929
f 882 881 1929
f 1929 235 1299
f 238 1930 885
f 886 1324 1930
f 1324 883 1930
f 1930 236 885
f 239 1931 1298
f 887 885 1931
f 885 884 1931
f 1931 237 1298
f 240 1932 888
f 179 1932 889
f 1323 886 1932
f 1932 238 888
f 241 1933 1297
f 890 888 1933
f 888 887 1933
f 1933 239 1297
f 242 1934 891
f 892 1322 1934
f 1322 889 1934
f 1934 240 891
f 243 1935 1296
f 893 891 1935
f 891 890 1935
f 1935 241 1296
f 244 1936 894
f 895 1321 1936
f 1321 892 1936
f 1936 242 894
f 245 1937 1295
f 896 894 1937
f 894 893 1937
f 1937 243 1295
f 246 1938 897
f 185 1938 898
f 1320 895 1938
f 1938 244 897
f 247 1939 1294
f 899 897 1939
f 897 896 1939
f 1939 245 1294
f 248 1940 900
f 187 1940 901
f 1319 898 1940
f 1940 246 900
f 249 1941 1293
f 902 900 1941
f 900 899 1941
f 1941 247 1293
f 250 1942 903
f 904 1318 1942
f 1318 901 1942
f 1942 248 903
f 251 1943 1292
f 905 903 1943
f 903 902 1943
f 1943 249 1292
f 252 1944 906
f 907 1317 1944
f 1317 904 1944
f 1944 250 906
f 253 1945 1291
f 908 906 1945
f 906 905 1945
f 1945 251 1291
f 254 1946 909
f 910 1316 1946
f 1316 907 1946
f 1946 252 909
f 255 1947 1290
f 911 909 1947
f 909 908 1947
f 1947 253 1290
f 256 1948 912
f 913 1315 1948
f 1315 910 1948
f 1948 254 912
f 257 1949 1289
f 914 912 1949
f 912 911 1949
f 1949 255 1289
f 258 1950 915
f 916 1314 1950
f 1314 913 1950
f 1950 256 915
f 259 1951 1288
f 917 915 1951
f 915 914 1951
f 1951 257 1288
f 260 1952 918
f 919 1313 1952
f 1313 916 1952
f 1952 258 918
f 261 1953 1287
f 920 918 1953
f 918 917 1953
f 1953 259 1287
f 262 1954 921
f 922 1312 1954
f 1312 919 1954
f 1954 260 921
f 263 1955 1286
f 923 921 1955
f 921 920 1955
f 1955 261 1286
f 264 1956 924
f 925 1311 1956
f 1956 201 922
f 924 922 262
f 265 1957 1285
f 926 924 1957
f 1957 262 923
f 1285 923 263
f 937 936 272
f 214 1960 937
f 934 933 1960
f 1960 270 936
f 938 942 273
f 272 1961 938
f 936 935 1961
f 1961 271 942
f 275 1962 941
f 943 939 1962
f 939 938 1962
f 1962 273 941
f 277 1965 945
f 946 1308 1965
f 1308 943 1965
f 1965 275 945
f 279 1967 948
f 949 1307 1967
f 1307 946 1967
f 1967 277 948
f 281 1969 951
f 952 1306 1969
f 1306 949 1969
f 1969 279 951
f 283 1971 954
f 955 1305 1971
f 1305 952 1971
f 1971 281 954
f 285 1973 957
f 958 1304 1973
f 1304 955 1973
f 1973 283 957
f 287 1975 960
f 961 1303 1975
f 1303 958 1975
f 1975 285 960
f 289 1977 963
f 964 1302 1977
f 1302 961 1977
f 1977 287 963
f 291 1979 966
f 967 1301 1979
f 1301 964 1979
f 1979 289 966
f 293 1981 969
f 970 1300 1981
f 1300 967 1981
f 1981 291 969
f 295 1983 972
f 973 1299 1983
f 1299 970 1983
f 1983 293 972
f 297 1985 975
f 976 1298 1985
f 1298 973 1985
f 1985 295 975
f 299 1987 978
f 979 1297 1987
f 1297 976 1987
f 1987 297 978
f 301 1989 981
f 982 1296 1989
f 1296 979 1989
f 1989 299 981
f 303 1991 984
f 985 1295 1991
f 1295 982 1991
f 1991 301 984
f 305 1993 987
f 988 1294 1993
f 1294 985 1993
f 1993 303 987
f 307 1995 990
f 991 1293 1995
f 1293 988 1995
f 1995 305 990
f 309 1997 993
f 994 1292 1997
f 1292 991 1997
f 1997 307 993
f 311 1999 996
f 997 1291 1999
f 1291 994 1999
f 1999 309 996
f 313 2001 999
f 1000 1290 2001
f 1290 997 2001
f 2001 311 999
f 315 2003 1002
f 1003 1289 2003
f 1289 1000 2003
f 2003 313 1002
f 317 2005 1005
f 1006 1288 2005
f 1288 1003 2005
f 2005 315 1005
f 319 2007 1008
f 1009 1287 2007
f 1287 1006 2007
f 2007 317 1008
f 321 2009 1011
f 1012 1286 2009
f 1286 1009 2009
f 2009 319 1011
f 323 2011 1014
f 1015 1285 2011
f 2011 263 1012
f 1014 1012 321
f 1516 1515 468
f 1516 1517 2211
f 2211 484 1518
f 1515 1518 469
f 482 2213 1517
f 1522 1523 2213
f 2213 487 1524
f 1517 1524 484
f 1530 1531 481
f 490 2216 1530
f 1532 1533 2216
f 1531 1533 480
f 1536 1532 490
f 493 2218 1536
f 1537 1538 2218
f 2218 489 1532
f 1539 1523 485
f 494 2219 1539
f 1540 1541 2219
f 2219 487 1523
f 1544 1540 494
f 1544 1545 2221
f 1545 1546 2221
f 2221 496 1540
f 493 2224 1537
f 1551 1552 2224
f 2224 510 1553
f 1537 1553 492
f 511 2226 1552
f 1556 1557 2226
f 1557 1558 2226
f 1552 1558 510
f 1560 1559 507
f 513 2227 1560
f 1557 1561 2227
f 2227 508 1559
f 1565 1564 504
f 507 2229 1565
f 1559 1566 2229
f 2229 505 1564
f 501 2231 1569
f 1570 1564 2231
f 2231 505 1571
f 1569 1571 502
f 497 2233 1545
f 1574 1569 2233
f 2233 502 1575
f 1545 1575 499
f 478 2236 1580
f 1579 1531 2236
f 2236 480 1581
f 1580 1581 476
f 475 2238 1585
f 1584 1580 2238
f 2238 476 1586
f 1585 1586 473
f 1589 1590 472
f 475 2240 1589
f 1585 1591 2240
f 2240 470 1590
f 1593 1515 469
f 472 2242 1593
f 1590 1594 2242
f 2242 468 1515
f 470 2243 1594
f 1595 741 2243
f 2243 143 1596
f 1594 1596 468
f 482 2244 1597
f 1516 1598 2244
f 1598 834 2244
f 2244 202 1597
f 1596 1598 468
f 143 2245 1596
f 739 738 2245
f 2245 142 1598
f 473 2247 1591
f 1601 743 2247
f 2247 144 1595
f 1591 1595 470
f 1603 1586 476
f 146 2249 1603
f 745 1601 2249
f 2249 473 1586
f 1605 1581 480
f 147 2251 1605
f 747 1603 2251
f 2251 476 1581
f 149 2253 1607
f 751 749 2253
f 2253 147 1605
f 1607 1605 480
f 210 2254 1608
f 841 1607 2254
f 1607 1533 2254
f 2254 489 1608
f 485 2255 1609
f 1522 1597 2255
f 1597 835 2255
f 2255 203 1609
f 1539 1611 494
f 485 2257 1539
f 2257 203 925
f 1611 925 264
f 211 2260 1614
f 842 1608 2260
f 1608 1538 2260
f 2260 492 1614
f 932 1616 269
f 211 2262 932
f 2262 492 1553
f 1616 1553 510
f 1544 1617 497
f 494 2263 1544
f 2263 264 926
f 1617 926 265
f 325 2265 1017
f 1619 1617 2265
f 2265 265 1015
f 1017 1015 323
f 1620 1019 327
f 501 2266 1620
f 1574 1619 2266
f 2266 325 1019
f 1622 1021 329
f 504 2268 1622
f 1570 1620 2268
f 2268 327 1021
f 331 2270 1023
f 1624 1565 2270
f 2270 504 1622
f 1023 1622 329
f 333 2272 1025
f 1625 1560 2272
f 2272 507 1624
f 1025 1624 331
f 933 1626 270
f 269 2273 933
f 2273 510 1558
f 1626 1558 513
f 935 1027 271
f 270 2274 935
f 1626 1625 2274
f 2274 333 1027
f 671 1798 764
f 97 673 1798
f 1798 673 95
f 764 1798 762
f 675 1799 1356
f 99 672 1799
f 1799 672 97
f 1356 1799 671
f 678 1801 1355
f 101 676 1801
f 1801 676 99
f 1355 1801 675
f 681 1803 1354
f 103 679 1803
f 1803 679 101
f 1354 1803 678
f 684 1805 1353
f 105 682 1805
f 1805 682 103
f 1353 1805 681
f 687 1807 1352
f 107 685 1807
f 1807 685 105
f 1352 1807 684
f 690 1809 1351
f 109 688 1809
f 1809 688 107
f 1351 1809 687
f 693 1811 1350
f 111 691 1811
f 1811 691 109
f 1350 1811 690
f 696 1813 1349
f 113 694 1813
f 1813 694 111
f 1349 1813 693
f 699 1815 1348
f 115 697 1815
f 1815 697 113
f 1348 1815 696
f 702 1817 1347
f 117 700 1817
f 1817 700 115
f 1347 1817 699
f 705 1819 1346
f 119 703 1819
f 1819 703 117
f 1346 1819 702
f 708 1821 1345
f 121 706 1821
f 1821 706 119
f 1345 1821 705
f 711 1823 1344
f 123 709 1823
f 1823 709 121
f 1344 1823 708
f 714 1825 1343
f 125 712 1825
f 1825 712 123
f 1343 1825 711
f 717 1827 1342
f 127 715 1827
f 1827 715 125
f 1342 1827 714
f 720 1829 1341
f 129 718 1829
f 1829 718 127
f 1341 1829 717
f 723 1831 1340
f 131 721 1831
f 1831 721 129
f 1340 1831 720
f 726 1833 1339
f 133 724 1833
f 1833 724 131
f 1339 1833 723
f 729 1835 1338
f 135 727 1835
f 1835 727 133
f 1338 1835 726
f 732 1837 1337
f 137 730 1837
f 1837 730 135
f 1337 1837 729
f 735 1839 1336
f 139 733 1839
f 1839 733 137
f 1336 1839 732
f 738 1841 1335
f 141 736 1841
f 736 139 735
f 1841 735 140
f 151 754 1849
f 754 150 752
f 1849 752 148
f 1334 1849 751
f 757 1851 761
f 152 755 1851
f 1851 755 150
f 761 1851 754
f 762 1852 760
f 95 758 1852
f 1852 758 152
f 760 1852 757
f 759 1853 846
f 153 761 1853
f 1853 761 151
f 846 1853 844
f 763 1854 767
f 155 760 1854
f 1854 760 153
f 767 1854 759
f 768 1855 766
f 98 764 1855
f 1855 764 155
f 766 1855 763
f 765 1856 852
f 156 767 1856
f 1856 767 154
f 852 1856 850
f 769 1857 1333
f 158 766 1857
f 1857 766 156
f 1333 1857 765
f 772 1858 770
f 100 1356 1858
f 1858 1356 98
f 770 1858 768
f 771 1859 1332
f 160 770 1859
f 1859 770 158
f 1332 1859 769
f 775 1860 1331
f 162 773 1860
f 1860 773 160
f 1331 1860 771
f 774 1861 773
f 102 1355 1861
f 1861 1355 100
f 773 1861 772
f 777 1862 776
f 104 1354 1862
f 1862 1354 102
f 776 1862 774
f 778 1863 1330
f 164 776 1863
f 1863 776 162
f 1330 1863 775
f 780 1864 779
f 106 1353 1864
f 1864 1353 104
f 779 1864 777
f 781 1865 1329
f 166 779 1865
f 1865 779 164
f 1329 1865 778
f 783 1866 782
f 108 1352 1866
f 1866 1352 106
f 782 1866 780
f 784 1867 1328
f 168 782 1867
f 1867 782 166
f 1328 1867 781
f 786 1868 785
f 110 1351 1868
f 1868 1351 108
f 785 1868 783
f 787 1869 1327
f 170 785 1869
f 1869 785 168
f 1327 1869 784
f 789 1870 788
f 112 1350 1870
f 1870 1350 110
f 788 1870 786
f 790 1871 1326
f 172 788 1871
f 1871 788 170
f 1326 1871 787
f 792 1872 791
f 114 1349 1872
f 1872 1349 112
f 791 1872 789
f 793 1873 1325
f 174 791 1873
f 1873 791 172
f 1325 1873 790
f 795 1874 794
f 116 1348 1874
f 1874 1348 114
f 794 1874 792
f 796 1875 1324
f 176 794 1875
f 1875 794 174
f 1324 1875 793
f 798 1876 797
f 118 1347 1876
f 1876 1347 116
f 797 1876 795
f 799 1877 1323
f 178 797 1877
f 1877 797 176
f 1323 1877 796
f 801 1878 800
f 120 1346 1878
f 1878 1346 118
f 800 1878 798
f 802 1879 1322
f 180 800 1879
f 1879 800 178
f 1322 1879 799
f 804 1880 803
f 122 1345 1880
f 1880 1345 120
f 803 1880 801
f 805 1881 1321
f 182 803 1881
f 1881 803 180
f 1321 1881 802
f 807 1882 806
f 124 1344 1882
f 1882 1344 122
f 806 1882 804
f 808 1883 1320
f 184 806 1883
f 1883 806 182
f 1320 1883 805
f 810 1884 809
f 126 1343 1884
f 1884 1343 124
f 809 1884 807
f 811 1885 1319
f 186 809 1885
f 1885 809 184
f 1885 808 185
f 813 1886 812
f 128 1342 1886
f 1886 1342 126
f 812 1886 810
f 814 1887 1318
f 188 812 1887
f 1887 812 186
f 1318 1887 811
f 816 1888 815
f 130 1341 1888
f 1888 1341 128
f 815 1888 813
f 817 1889 1317
f 190 815 1889
f 1889 815 188
f 1317 1889 814
f 819 1890 818
f 132 1340 1890
f 1890 1340 130
f 818 1890 816
f 820 1891 1316
f 192 818 1891
f 1891 818 190
f 1316 1891 817
f 822 1892 821
f 134 1339 1892
f 1892 1339 132
f 821 1892 819
f 823 1893 1315
f 194 821 1893
f 1893 821 192
f 1315 1893 820
f 825 1894 824
f 136 1338 1894
f 1894 1338 134
f 824 1894 822
f 826 1895 1314
f 196 824 1895
f 1895 824 194
f 1314 1895 823
f 828 1896 827
f 138 1337 1896
f 1896 1337 136
f 827 1896 825
f 829 1897 1313
f 198 827 1897
f 1897 827 196
f 1313 1897 826
f 831 1898 830
f 140 1336 1898
f 1898 1336 138
f 830 1898 828
f 832 1899 1312
f 200 830 1899
f 1899 830 198
f 1312 1899 829
f 834 1900 833
f 142 1335 1900
f 1335 140 831
f 1900 831 200
f 835 1901 1311
f 202 833 1901
f 833 200 832
f 1901 832 201
f 212 844 1904
f 844 151 1334
f 1904 1334 149
f 843 1904 841
f 213 845 1905
f 845 212 843
f 1905 843 210
f 849 1905 842
f 850 1906 848
f 154 846 1906
f 1906 846 212
f 848 1906 845
f 847 1907 934
f 213 849 1907
f 849 211 932
f 1907 932 269
f 216 851 1908
f 851 215 848
f 848 213 847
f 1908 847 214
f 218 856 1909
f 856 157 852
f 1909 852 215
f 1909 851 216
f 217 853 1910
f 853 216 855
f 855 214 937
f 1910 937 272
f 219 857 1911
f 857 218 854
f 854 216 853
f 1911 853 217
f 220 859 1912
f 859 159 1333
f 1333 157 856
f 1912 856 218
f 221 860 1913
f 860 220 858
f 858 218 857
f 1913 857 219
f 222 862 1914
f 862 161 1332
f 1332 159 859
f 1914 859 220
f 223 863 1915
f 863 222 861
f 861 220 860
f 1915 860 221
f 224 865 1916
f 865 163 1331
f 1331 161 862
f 1916 862 222
f 225 866 1917
f 866 224 864
f 864 222 863
f 1917 863 223
f 226 868 1918
f 868 165 1330
f 1330 163 865
f 1918 865 224
f 227 869 1919
f 869 226 867
f 867 224 866
f 1919 866 225
f 228 871 1920
f 871 167 1329
f 1329 165 868
f 1920 868 226
f 229 872 1921
f 872 228 870
f 870 226 869
f 1921 869 227
f 230 874 1922
f 874 169 1328
f 1328 167 871
f 1922 871 228
f 231 875 1923
f 875 230 873
f 873 228 872
f 1923 872 229
f 232 877 1924
f 877 171 1327
f 1327 169 874
f 1924 874 230
f 233 878 1925
f 878 232 876
f 876 230 875
f 1925 875 231
f 234 880 1926
f 173 1326 1926
f 1326 171 877
f 1926 877 232
f 235 881 1927
f 881 234 879
f 879 232 878
f 1927 878 233
f 236 883 1928
f 883 175 1325
f 1325 173 880
f 1928 880 234
f 237 884 1929
f 884 236 882
f 882 234 881
f 1929 881 235
f 238 886 1930
f 886 177 1324
f 1324 175 883
f 1930 883 236
f 239 887 1931
f 887 238 885
f 885 236 884
f 1931 884 237
f 240 889 1932
f 179 1323 1932
f 1323 177 886
f 1932 886 238
f 241 890 1933
f 890 240 888
f 888 238 887
f 1933 887 239
f 242 892 1934
f 892 181 1322
f 1322 179 889
f 1934 889 240
f 243 893 1935
f 893 242 891
f 891 240 890
f 1935 890 241
f 244 895 1936
f 895 183 1321
f 1321 181 892
f 1936 892 242
f 245 896 1937
f 896 244 894
f 894 242 893
f 1937 893 243
f 246 898 1938
f 185 1320 1938
f 1320 183 895
f 1938 895 244
f 247 899 1939
f 899 246 897
f 897 244 896
f 1939 896 245
f 248 901 1940
f 187 1319 1940
f 1319 185 898
f 1940 898 246
f 249 902 1941
f 902 248 900
f 900 246 899
f 1941 899 247
f 250 904 1942
f 904 189 1318
f 1318 187 901
f 1942 901 248
f 251 905 1943
f 905 250 903
f 903 248 902
f 1943 902 249
f 252 907 1944
f 907 191 1317
f 1317 189 904
f 1944 904 250
f 253 908 1945
f 908 252 906
f 906 250 905
f 1945 905 251
f 254 910 1946
f 910 193 1316
f 1316 191 907
f 1946 907 252
f 255 911 1947
f 911 254 909
f 909 252 908
f 1947 908 253
f 256 913 1948
f 913 195 1315
f 1315 193 910
f 1948 910 254
f 257 914 1949
f 914 256 912
f 912 254 911
f 1949 911 255
f 258 916 1950
f 916 197 1314
f 1314 195 913
f 1950 913 256
f 259 917 1951
f 917 258 915
f 915 256 914
f 1951 914 257
f 260 919 1952
f 919 199 1313
f 1313 197 916
f 1952 916 258
f 261 920 1953
f 920 260 918
f 918 258 917
f 1953 917 259
f 262 922 1954
f 922 201 1312
f 1312 199 919
f 1954 919 260
f 263 923 1955
f 923 262 921
f 921 260 920
f 1955 920 261
f 264 925 1956
f 925 203 1311
f 1956 1311 201
f 924 1956 922
f 265 926 1957
f 926 264 924
f 1957 924 262
f 1285 1957 923
f 937 1960 936
f 214 934 1960
f 934 269 933
f 1960 933 270
f 938 1961 942
f 272 936 1961
f 936 270 935
f 1961 935 271
f 275 943 1962
f 943 217 939
f 939 272 938
f 1962 938 273
f 277 946 1965
f 946 219 1308
f 1308 217 943
f 1965 943 275
f 279 949 1967
f 949 221 1307
f 1307 219 946
f 1967 946 277
f 281 952 1969
f 952 223 1306
f 1306 221 949
f 1969 949 279
f 283 955 1971
f 955 225 1305
f 1305 223 952
f 1971 952 281
f 285 958 1973
f 958 227 1304
f 1304 225 955
f 1973 955 283
f 287 961 1975
f 961 229 1303
f 1303 227 958
f 1975 958 285
f 289 964 1977
f 964 231 1302
f 1302 229 961
f 1977 961 287
f 291 967 1979
f 967 233 1301
f 1301 231 964
f 1979 964 289
f 293 970 1981
f 970 235 1300
f 1300 233 967
f 1981 967 291
f 295 973 1983
f 973 237 1299
f 1299 235 970
f 1983 970 293
f 297 976 1985
f 976 239 1298
f 1298 237 973
f 1985 973 295
f 299 979 1987
f 979 241 1297
f 1297 239 976
f 1987 976 297
f 301 982 1989
f 982 243 1296
f 1296 241 979
f 1989 979 299
f 303 985 1991
f 985 245 1295
f 1295 243 982
f 1991 982 301
f 305 988 1993
f 988 247 1294
f 1294 245 985
f 1993 985 303
f 307 991 1995
f 991 249 1293
f 1293 247 988
f 1995 988 305
f 309 994 1997
f 994 251 1292
f 1292 249 991
f 1997 991 307
f 311 997 1999
f 997 253 1291
f 1291 251 994
f 1999 994 309
f 313 1000 2001
f 1000 255 1290
f 1290 253 997
f 2001 997 311
f 315 1003 2003
f 1003 257 1289
f 1289 255 1000
f 2003 1000 313
f 317 1006 2005
f 1006 259 1288
f 1288 257 1003
f 2005 1003 315
f 319 1009 2007
f 1009 261 1287
f 1287 259 1006
f 2007 1006 317
f 321 1012 2009
f 1012 263 1286
f 1286 261 1009
f 2009 1009 319
f 323 1015 2011
f 1015 265 1285
f 2011 1285 263
f 1014 2011 1012
f 1516 2211 1515
f 1516 482 1517
f 2211 1517 484
f 1515 2211 1518
f 482 1522 2213
f 1522 485 1523
f 2213 1523 487
f 1517 2213 1524
f 1530 2216 1531
f 490 1532 2216
f 1532 489 1533
f 1531 2216 1533
f 1536 2218 1532
f 493 1537 2218
f 1537 492 1538
f 2218 1538 489
f 1539 2219 1523
f 494 1540 2219
f 1540 496 1541
f 2219 1541 487
f 1544 2221 1540
f 1544 497 1545
f 1545 499 1546
f 2221 1546 496
f 493 1551 2224
f 1551 511 1552
f 2224 1552 510
f 1537 2224 1553
f 511 1556 2226
f 1556 514 1557
f 1557 513 1558
f 1552 2226 1558
f 1560 2227 1559
f 513 1557 2227
f 1557 514 1561
f 2227 1561 508
f 1565 2229 1564
f 507 1559 2229
f 1559 508 1566
f 2229 1566 505
f 501 1570 2231
f 1570 504 1564
f 2231 1564 505
f 1569 2231 1571
f 497 1574 2233
f 1574 501 1569
f 2233 1569 502
f 1545 2233 1575
f 478 1579 2236
f 1579 481 1531
f 2236 1531 480
f 1580 2236 1581
f 475 1584 2238
f 1584 478 1580
f 2238 1580 476
f 1585 2238 1586
f 1589 2240 1590
f 475 1585 2240
f 1585 473 1591
f 2240 1591 470
f 1593 2242 1515
f 472 1590 2242
f 1590 470 1594
f 2242 1594 468
f 470 1595 2243
f 1595 144 741
f 2243 741 143
f 1594 2243 1596
f 482 1516 2244
f 1516 468 1598
f 1598 142 834
f 2244 834 202
f 1596 2245 1598
f 143 739 2245
f 739 141 738
f 2245 738 142
f 473 1601 2247
f 1601 145 743
f 2247 743 144
f 1591 2247 1595
f 1603 2249 1586
f 146 745 2249
f 745 145 1601
f 2249 1601 473
f 1605 2251 1581
f 147 747 2251
f 747 146 1603
f 2251 1603 476
f 149 751 2253
f 751 148 749
f 2253 749 147
f 1607 2253 1605
f 210 841 2254
f 841 149 1607
f 1607 480 1533
f 2254 1533 489
f 485 1522 2255
f 1522 482 1597
f 1597 202 835
f 2255 835 203
f 1539 2257 1611
f 485 1609 2257
f 2257 1609 203
f 1611 2257 925
f 211 842 2260
f 842 210 1608
f 1608 489 1538
f 2260 1538 492
f 932 2262 1616
f 211 1614 2262
f 2262 1614 492
f 1616 2262 1553
f 1544 2263 1617
f 494 1611 2263
f 2263 1611 264
f 1617 2263 926
f 325 1619 2265
f 1619 497 1617
f 2265 1617 265
f 1017 2265 1015
f 1620 2266 1019
f 501 1574 2266
f 1574 497 1619
f 2266 1619 325
f 1622 2268 1021
f 504 1570 2268
f 1570 501 1620
f 2268 1620 327
f 331 1624 2270
f 1624 507 1565
f 2270 1565 504
f 1023 2270 1622
f 333 1625 2272
f 1625 513 1560
f 2272 1560 507
f 1025 2272 1624
f 933 2273 1626
f 269 1616 2273
f 2273 1616 510
f 1626 2273 1558
f 935 2274 1027
f 270 1626 2274
f 1626 513 1625
f 2274 1625 333
