# Blender 4.4.3
# www.blender.org
mtllib 15_ball.mtl
o Stripe.001
v -0.151633 0.043046 0.850290
v -0.149113 0.042064 0.846974
v -0.157407 0.040738 0.845726
v -0.146063 0.046703 0.854193
v -0.154732 0.044173 0.853017
v -0.159542 0.041514 0.847605
v -0.150007 0.048138 0.857663
v -0.158291 0.045402 0.855050
v -0.161993 0.042361 0.849005
v -0.154537 0.049702 0.860251
v -0.162174 0.046686 0.856311
v -0.164668 0.043245 0.849874
v -0.159479 0.051336 0.861855
v -0.166230 0.047974 0.856751
v -0.167462 0.044133 0.850177
v -0.164642 0.052976 0.862416
v -0.170305 0.049219 0.856354
v -0.170269 0.044990 0.849903
v -0.169828 0.054560 0.861910
v -0.174241 0.050372 0.855134
v -0.172980 0.045784 0.849063
v -0.174838 0.056027 0.860358
v -0.177888 0.051388 0.853139
v -0.175492 0.046484 0.847689
v -0.179479 0.057321 0.857819
v -0.181105 0.052229 0.850446
v -0.177708 0.047063 0.845834
v -0.183573 0.058391 0.854391
v -0.183768 0.052862 0.847157
v -0.179542 0.047500 0.843569
v -0.186963 0.059197 0.850205
v -0.185776 0.053263 0.843400
v -0.180925 0.047776 0.840980
v -0.189519 0.059707 0.845423
v -0.187051 0.053417 0.839318
v -0.181803 0.047882 0.838169
v -0.191141 0.059903 0.840228
v -0.187544 0.053317 0.835069
v -0.182143 0.047813 0.835242
v -0.191769 0.059776 0.834819
v -0.187236 0.052968 0.830815
v -0.181931 0.047572 0.832312
v -0.191377 0.059331 0.829405
v -0.186139 0.052382 0.826721
v -0.181175 0.047169 0.829492
v -0.189980 0.058586 0.824194
v -0.184295 0.051583 0.822943
v -0.179905 0.046619 0.826889
v -0.187634 0.057569 0.819386
v -0.181775 0.050601 0.819627
v -0.178169 0.045942 0.824605
v -0.184426 0.056320 0.815165
v -0.178676 0.049474 0.816900
v -0.176035 0.045166 0.822727
v -0.180482 0.054885 0.811695
v -0.175117 0.048245 0.814867
v -0.173583 0.044320 0.821326
v -0.175952 0.053321 0.809107
v -0.171234 0.046962 0.813606
v -0.170909 0.043435 0.820458
v -0.171011 0.051687 0.807503
v -0.167178 0.045673 0.813166
v -0.168115 0.042548 0.820155
v -0.165848 0.050047 0.806942
v -0.163103 0.044428 0.813563
v -0.165308 0.041690 0.820428
v -0.160662 0.048463 0.807448
v -0.159167 0.043276 0.814782
v -0.162597 0.040896 0.821268
v -0.155652 0.046996 0.809000
v -0.155520 0.042259 0.816777
v -0.160085 0.040196 0.822642
v -0.151010 0.045702 0.811539
v -0.152303 0.041418 0.819471
v -0.157869 0.039617 0.824498
v -0.146916 0.044632 0.814967
v -0.149640 0.040785 0.822759
v -0.156034 0.039181 0.826763
v -0.143526 0.043826 0.819153
v -0.147632 0.040384 0.826517
v -0.154651 0.038905 0.829351
v -0.140971 0.043316 0.823935
v -0.146357 0.040230 0.830599
v -0.153773 0.038799 0.832163
v -0.139348 0.043120 0.829130
v -0.145864 0.040330 0.834848
v -0.153434 0.038868 0.835090
v -0.138721 0.043247 0.834539
v -0.146172 0.040680 0.839102
v -0.153646 0.039108 0.838020
v -0.139113 0.043692 0.839952
v -0.147269 0.041265 0.843196
v -0.154401 0.039511 0.840840
v -0.140509 0.044437 0.845164
v -0.134381 0.048904 0.846667
v -0.142856 0.045454 0.849972
v -0.137140 0.050100 0.852321
v -0.132186 0.055826 0.853932
v -0.140911 0.051570 0.857284
v -0.136376 0.057458 0.859446
v -0.145549 0.053257 0.861365
v -0.141530 0.059333 0.863981
v -0.150876 0.055096 0.864408
v -0.147448 0.061376 0.867361
v -0.156686 0.057017 0.866295
v -0.153904 0.063511 0.869458
v -0.162757 0.058946 0.866954
v -0.160650 0.065654 0.870190
v -0.168892 0.060902 0.866355
v -0.167527 0.068114 0.869531
v -0.174902 0.062875 0.864502
v -0.180280 0.063956 0.861454
v -0.185012 0.064959 0.857424
v -0.188941 0.066127 0.852644
v -0.191904 0.067137 0.847205
v -0.193894 0.067169 0.840921
v -0.195186 0.075047 0.841393
v -0.194655 0.066942 0.834504
v -0.196093 0.074539 0.834134
v -0.194195 0.066419 0.828138
v -0.195581 0.073958 0.827060
v -0.192553 0.065543 0.822010
v -0.193757 0.072984 0.820252
v -0.189793 0.064347 0.816356
v -0.190691 0.071656 0.813969
v -0.186022 0.062878 0.811393
v -0.186500 0.070023 0.808455
v -0.181384 0.061191 0.807312
v -0.181347 0.068149 0.803920
v -0.176057 0.059351 0.804270
v -0.175428 0.066105 0.800539
v -0.170247 0.057430 0.802383
v -0.168972 0.063970 0.798443
v -0.164176 0.055501 0.801724
v -0.162226 0.061827 0.797711
v -0.158078 0.053639 0.802318
v -0.155450 0.059757 0.798371
v -0.152187 0.051914 0.804143
v -0.148904 0.057840 0.800399
v -0.146729 0.050393 0.807129
v -0.142840 0.056150 0.803716
v -0.141915 0.049134 0.811160
v -0.137491 0.054752 0.808195
v -0.137928 0.048187 0.816082
v -0.133061 0.053699 0.813664
v -0.134924 0.047586 0.821705
v -0.129723 0.053032 0.819913
v -0.133016 0.047356 0.827814
v -0.127603 0.052777 0.826701
v -0.132278 0.047506 0.834174
v -0.126783 0.052943 0.833767
v -0.132739 0.048028 0.840540
v -0.127295 0.053523 0.840841
v -0.122991 0.059965 0.840844
v -0.129120 0.054497 0.847649
v -0.124928 0.060999 0.848072
v -0.121966 0.068160 0.847919
v -0.128183 0.062409 0.854741
v -0.125285 0.069599 0.854719
v -0.132631 0.064143 0.860595
v -0.129821 0.071366 0.860687
v -0.138102 0.066133 0.865409
v -0.135399 0.073395 0.865596
v -0.144385 0.068302 0.868998
v -0.141805 0.075607 0.869255
v -0.151239 0.070568 0.871224
v -0.148793 0.077917 0.871524
v -0.158400 0.072844 0.872001
v -0.156095 0.080237 0.872317
v -0.165385 0.075186 0.871383
v -0.163085 0.082378 0.871732
v -0.179059 0.078923 0.865825
v -0.177061 0.086392 0.866080
v -0.184826 0.080240 0.861006
v -0.183036 0.087958 0.861148
v -0.189546 0.081551 0.855156
v -0.187915 0.089113 0.855038
v -0.195193 0.082658 0.841060
v -0.193705 0.090054 0.840582
v -0.196027 0.082275 0.833724
v -0.194458 0.089854 0.833290
v -0.195483 0.081659 0.826215
v -0.193904 0.089225 0.825633
v -0.193546 0.080625 0.818986
v -0.191929 0.088171 0.818263
v -0.190291 0.079215 0.812317
v -0.188611 0.086733 0.811464
v -0.185843 0.077481 0.806463
v -0.184075 0.084966 0.805495
v -0.180372 0.075491 0.801649
v -0.178497 0.082937 0.800586
v -0.174089 0.073322 0.798060
v -0.172091 0.080725 0.796927
v -0.167235 0.071056 0.795834
v -0.165103 0.078415 0.794658
v -0.160074 0.068780 0.795057
v -0.157801 0.076095 0.793865
v -0.152880 0.066583 0.795758
v -0.150467 0.073854 0.794580
v -0.145931 0.064548 0.797911
v -0.143381 0.071780 0.796775
v -0.139493 0.062754 0.801433
v -0.136818 0.069950 0.800366
v -0.133814 0.061270 0.806188
v -0.131027 0.068437 0.805214
v -0.129112 0.060152 0.811993
v -0.126233 0.067297 0.811133
v -0.125568 0.059444 0.818627
v -0.122619 0.066575 0.817897
v -0.123318 0.059173 0.825833
v -0.120325 0.066299 0.825244
v -0.122447 0.059349 0.833334
v -0.119438 0.066478 0.832892
v -0.117869 0.074057 0.832458
v -0.119992 0.067107 0.840549
v -0.118413 0.074673 0.839967
v -0.118315 0.082374 0.839122
v -0.120350 0.075707 0.847196
v -0.120139 0.083347 0.845931
v -0.123605 0.077117 0.853865
v -0.123205 0.084676 0.852213
v -0.128053 0.078851 0.859719
v -0.127396 0.086309 0.857727
v -0.133524 0.080840 0.864533
v -0.132549 0.088183 0.862262
v -0.139807 0.083010 0.868122
v -0.138468 0.090227 0.865643
v -0.146661 0.085276 0.870348
v -0.144924 0.092362 0.867739
v -0.153822 0.087551 0.871125
v -0.151670 0.094505 0.868471
v -0.160923 0.089521 0.870529
v -0.158749 0.096313 0.867851
v -0.174490 0.093600 0.864950
v -0.180150 0.095265 0.860111
v -0.184977 0.096229 0.854282
v -0.190731 0.096993 0.840206
v -0.186409 0.103247 0.839713
v -0.191448 0.096983 0.832848
v -0.187113 0.103389 0.832415
v -0.190905 0.096367 0.825338
v -0.186601 0.102809 0.825342
v -0.188968 0.095333 0.818110
v -0.184776 0.101835 0.818533
v -0.185713 0.093923 0.811441
v -0.181710 0.100506 0.812250
v -0.181265 0.092189 0.805587
v -0.177520 0.098873 0.806736
v -0.175794 0.090199 0.800773
v -0.172366 0.096999 0.802201
v -0.169511 0.088030 0.797184
v -0.166448 0.094955 0.798821
v -0.162657 0.085764 0.794958
v -0.159992 0.092821 0.796724
v -0.155496 0.083488 0.794181
v -0.153246 0.090678 0.795992
v -0.148302 0.081291 0.794882
v -0.146470 0.088608 0.796652
v -0.141353 0.079256 0.797035
v -0.139924 0.086691 0.798680
v -0.134915 0.077462 0.800556
v -0.133860 0.085001 0.801997
v -0.129236 0.075978 0.805311
v -0.128510 0.083603 0.806477
v -0.124534 0.074860 0.811117
v -0.124081 0.082550 0.811945
v -0.120990 0.074152 0.817750
v -0.120742 0.081883 0.818194
v -0.118739 0.073881 0.824956
v -0.118622 0.081627 0.824982
v -0.119978 0.089241 0.825319
v -0.117803 0.081793 0.832048
v -0.119240 0.089390 0.831678
v -0.122127 0.096556 0.831363
v -0.119701 0.089913 0.838044
v -0.122519 0.097000 0.836777
v -0.121343 0.090789 0.844172
v -0.123915 0.097745 0.841988
v -0.124103 0.091985 0.849826
v -0.126262 0.098762 0.846796
v -0.127874 0.093454 0.854789
v -0.129469 0.100012 0.851017
v -0.132512 0.095141 0.858870
v -0.133414 0.101447 0.854487
v -0.137838 0.096980 0.861912
v -0.137944 0.103011 0.857075
v -0.143649 0.098901 0.863799
v -0.142885 0.104645 0.858679
v -0.149720 0.100830 0.864458
v -0.148048 0.106285 0.859240
v -0.155901 0.102637 0.863869
v -0.153234 0.107869 0.858734
v -0.162031 0.104223 0.862038
v -0.158244 0.109336 0.857182
v -0.167176 0.106052 0.858946
v -0.162885 0.110630 0.854643
v -0.171779 0.107473 0.854891
v -0.166980 0.111700 0.851215
v -0.175837 0.108223 0.850136
v -0.170370 0.112506 0.847030
v -0.179034 0.108485 0.844742
v -0.172925 0.113016 0.842247
v -0.180902 0.108905 0.838435
v -0.174548 0.113212 0.837052
v -0.181618 0.108826 0.832008
v -0.175175 0.113085 0.831643
v -0.181157 0.108304 0.825642
v -0.174783 0.112640 0.826230
v -0.179515 0.107427 0.819515
v -0.173387 0.111895 0.821018
v -0.176756 0.106232 0.813861
v -0.171040 0.110878 0.816210
v -0.172984 0.104762 0.808898
v -0.167833 0.109629 0.811990
v -0.168346 0.103075 0.804817
v -0.163888 0.108194 0.808519
v -0.163020 0.101236 0.801774
v -0.159359 0.106630 0.805931
v -0.157209 0.099315 0.799887
v -0.154417 0.104996 0.804327
v -0.151138 0.097386 0.799228
v -0.149254 0.103356 0.803766
v -0.145040 0.095523 0.799823
v -0.144068 0.101771 0.804272
v -0.139149 0.093798 0.801648
v -0.139058 0.100304 0.805824
v -0.133691 0.092277 0.804633
v -0.134417 0.099011 0.808363
v -0.128877 0.091019 0.808664
v -0.130322 0.097941 0.811791
v -0.124891 0.090071 0.813586
v -0.126933 0.097135 0.815977
v -0.121886 0.089471 0.819210
v -0.124377 0.096624 0.820759
v -0.128120 0.103069 0.822782
v -0.122755 0.096429 0.825954
v -0.126845 0.102915 0.826864
v -0.132093 0.108450 0.828013
v -0.126352 0.103015 0.831113
v -0.131753 0.108519 0.830940
v -0.126660 0.103364 0.835367
v -0.131965 0.108759 0.833870
v -0.127757 0.103949 0.839462
v -0.132721 0.109163 0.836691
v -0.129601 0.104749 0.843239
v -0.133991 0.109713 0.839293
v -0.132121 0.105730 0.846555
v -0.135727 0.110389 0.841577
v -0.135220 0.106858 0.849282
v -0.137861 0.111166 0.843455
v -0.138779 0.108086 0.851315
v -0.140313 0.112012 0.844856
v -0.142661 0.109370 0.852576
v -0.142987 0.112896 0.845724
v -0.146718 0.110659 0.853016
v -0.145781 0.113784 0.846027
v -0.150793 0.111904 0.852619
v -0.148588 0.114642 0.845754
v -0.154729 0.113056 0.851400
v -0.151299 0.115436 0.844914
v -0.158376 0.114073 0.849405
v -0.153811 0.116136 0.843540
v -0.161593 0.114913 0.846711
v -0.156027 0.116715 0.841684
v -0.164256 0.115547 0.843423
v -0.157862 0.117151 0.839419
v -0.166264 0.115948 0.839665
v -0.159245 0.117427 0.836831
v -0.167539 0.116101 0.835584
v -0.160123 0.117533 0.834019
v -0.168032 0.116002 0.831334
v -0.160462 0.117464 0.831092
v -0.167724 0.115652 0.827080
v -0.160250 0.117224 0.828162
v -0.166627 0.115067 0.822986
v -0.159494 0.116821 0.825342
v -0.164783 0.114268 0.819208
v -0.158224 0.116270 0.822740
v -0.162263 0.113286 0.815892
v -0.156489 0.115594 0.820456
v -0.159164 0.112159 0.813165
v -0.154354 0.114817 0.818577
v -0.155605 0.110930 0.811132
v -0.151902 0.113971 0.817177
v -0.151722 0.109646 0.809871
v -0.149228 0.113087 0.816308
v -0.147666 0.108357 0.809431
v -0.146434 0.112199 0.816005
v -0.143591 0.107113 0.809828
v -0.143627 0.111342 0.816279
v -0.139655 0.105960 0.811048
v -0.140916 0.110548 0.817119
v -0.136008 0.104944 0.813043
v -0.138404 0.109848 0.818493
v -0.132791 0.104103 0.815736
v -0.136188 0.109268 0.820348
v -0.130128 0.103470 0.819025
v -0.134354 0.108832 0.822613
v -0.139234 0.112910 0.826447
v -0.132971 0.108556 0.825202
v -0.138502 0.112764 0.827816
v -0.138038 0.112708 0.829302
v -0.145167 0.116012 0.830836
v -0.153038 0.117475 0.830930
v -0.139959 0.113734 0.836474
v -0.139042 0.113376 0.835266
v -0.138370 0.113085 0.833890
v -0.137971 0.112872 0.832399
v -0.137859 0.112745 0.830850
v -0.140204 0.113141 0.825249
v -0.141375 0.113447 0.824268
v -0.142703 0.113817 0.823542
v -0.144137 0.114237 0.823098
v -0.145621 0.114691 0.822953
v -0.147098 0.115160 0.823114
v -0.148512 0.115627 0.823573
v -0.149808 0.116075 0.824313
v -0.150937 0.116486 0.825306
v -0.151855 0.116843 0.826514
v -0.152526 0.117134 0.827890
v -0.152926 0.117347 0.829381
v -0.152859 0.117511 0.832478
v -0.152394 0.117455 0.833965
v -0.151663 0.117309 0.835333
v -0.150693 0.117078 0.836531
v -0.149521 0.116772 0.837512
v -0.148193 0.116402 0.838238
v -0.146760 0.115982 0.838682
v -0.145276 0.115529 0.838827
v -0.143798 0.115059 0.838667
v -0.142384 0.114592 0.838207
v -0.141088 0.114144 0.837467
v -0.161369 0.039198 0.838292
v -0.155672 0.040062 0.843442
v -0.162041 0.039489 0.839668
v -0.168728 0.040320 0.835346
v -0.162959 0.039846 0.840876
v -0.164087 0.040257 0.841869
v -0.165384 0.040704 0.842609
v -0.166798 0.041172 0.843068
v -0.168275 0.041641 0.843229
v -0.169759 0.042095 0.843084
v -0.171193 0.042514 0.842640
v -0.172521 0.042885 0.841914
v -0.173692 0.043191 0.840933
v -0.174662 0.043421 0.839735
v -0.175394 0.043567 0.838366
v -0.175858 0.043623 0.836880
v -0.176037 0.043587 0.835332
v -0.175925 0.043460 0.833783
v -0.175526 0.043247 0.832292
v -0.174854 0.042956 0.830916
v -0.173936 0.042598 0.829708
v -0.172808 0.042188 0.828715
v -0.171512 0.041740 0.827975
v -0.170098 0.041272 0.827515
v -0.168620 0.040803 0.827355
v -0.167136 0.040350 0.827500
v -0.165703 0.039930 0.827944
v -0.164374 0.039560 0.828670
v -0.163203 0.039254 0.829651
v -0.162233 0.039023 0.830849
v -0.161502 0.038877 0.832218
v -0.161037 0.038821 0.833704
v -0.160858 0.038857 0.835252
v -0.160970 0.038984 0.836801
v -0.170458 0.077514 0.870139
v -0.172350 0.078132 0.869476
v -0.171605 0.078073 0.869785
v -0.191860 0.089882 0.847343
v -0.192536 0.089978 0.845415
v -0.192199 0.089938 0.846511
v -0.189567 0.071862 0.854347
v -0.189705 0.073985 0.854787
v -0.189632 0.073196 0.854728
v -0.193667 0.083331 0.846529
v -0.192963 0.083299 0.848506
v -0.193242 0.083496 0.847773
v -0.175846 0.073612 0.867495
v -0.174665 0.071548 0.867542
v -0.175730 0.073465 0.867525
v -0.169598 0.084302 0.869990
v -0.167736 0.083761 0.870644
v -0.168793 0.084071 0.870322
v -0.166461 0.090353 0.869374
v -0.168392 0.090847 0.868718
v -0.167735 0.090507 0.869044
v -0.171652 0.100161 0.862438
v -0.170564 0.101824 0.861560
v -0.171348 0.100809 0.862092
v -0.175945 0.102462 0.857751
v -0.174800 0.104014 0.857009
v -0.175467 0.103164 0.857454
v -0.180840 0.102464 0.853091
v -0.179540 0.104074 0.852428
v -0.180336 0.103062 0.852949
v -0.184744 0.101866 0.847589
v -0.185222 0.100426 0.849419
v -0.185216 0.100528 0.849259
v -0.180591 0.069612 0.863479
v -0.180517 0.071682 0.864135
v -0.180644 0.070943 0.863872
v -0.185513 0.071722 0.859583
v -0.185473 0.069725 0.859052
v -0.185527 0.070846 0.859380
v -0.192769 0.076087 0.849124
v -0.192286 0.077733 0.850771
v -0.192344 0.077629 0.850623
v -0.166640 0.097328 0.866006
v -0.168782 0.096305 0.866144
v -0.168602 0.096363 0.866161
v -0.189670 0.096171 0.845764
v -0.189006 0.096014 0.847748
v -0.189372 0.095931 0.847033
v -0.178103 0.082690 0.866079
v -0.182057 0.079565 0.863493
v -0.184020 0.084194 0.861188
v -0.187271 0.080872 0.858190
v -0.188848 0.085384 0.855148
v -0.175825 0.090007 0.865644
v -0.177402 0.094519 0.862602
v -0.181716 0.091596 0.860747
v -0.182616 0.095826 0.857299
v -0.186570 0.092700 0.854712
v -0.185540 0.088565 0.858250
v -0.180197 0.087225 0.863686
v -0.192444 0.086528 0.848118
v -0.169152 0.087708 0.869363
v -0.183457 0.101316 0.850976
v -0.178575 0.102396 0.855476
v -0.173876 0.101218 0.860257
v -0.183021 0.071840 0.862007
v -0.168645 0.094079 0.867273
v -0.186843 0.098641 0.848761
v -0.169998 0.097942 0.864669
v -0.177823 0.072801 0.866167
v -0.174436 0.075476 0.868382
v -0.171178 0.081197 0.869751
v -0.192634 0.080038 0.849869
v -0.191283 0.076175 0.852474
v -0.187720 0.073018 0.857226
v -0.190417 0.093039 0.847730
v -0.175467 0.078456 0.867868
v -0.179870 0.074977 0.864988
v -0.173079 0.085282 0.868258
v -0.187202 0.096183 0.850769
v -0.190107 0.089551 0.850935
v -0.191472 0.082468 0.851586
v -0.189715 0.077445 0.854972
v -0.185256 0.075649 0.860297
v -0.171197 0.092171 0.867051
v -0.172954 0.097194 0.863665
v -0.177930 0.099184 0.858895
v -0.182800 0.099662 0.853649
v -0.182637 0.075209 0.862707
v -0.185119 0.099143 0.850876
v -0.180382 0.099561 0.856306
v -0.175443 0.098323 0.861330
v -0.170497 0.095477 0.865751
v -0.172092 0.088740 0.867790
v -0.191426 0.078881 0.852083
v -0.187576 0.076448 0.857683
v -0.190927 0.086030 0.851223
v -0.188781 0.092923 0.850812
v -0.174238 0.081847 0.868201
v -0.176804 0.075216 0.866958
v -0.184204 0.092199 0.857868
v -0.178895 0.090868 0.863269
v -0.186508 0.084797 0.858309
v -0.181199 0.083466 0.863710
v -0.150294 0.042534 0.848698
v -0.154508 0.041717 0.848080
v -0.148809 0.044714 0.852334
v -0.153117 0.043594 0.851734
v -0.157138 0.042673 0.850394
v -0.152348 0.046001 0.855448
v -0.156462 0.044778 0.854125
v -0.160158 0.043716 0.852119
v -0.156412 0.047404 0.857769
v -0.160201 0.046040 0.855780
v -0.163452 0.044805 0.853189
v -0.160845 0.048870 0.859209
v -0.164190 0.047332 0.856635
v -0.166894 0.045898 0.853562
v -0.165477 0.050341 0.859711
v -0.168275 0.048605 0.856657
v -0.170351 0.046955 0.853225
v -0.170130 0.051763 0.859258
v -0.172300 0.049810 0.855844
v -0.173691 0.047933 0.852191
v -0.174624 0.053079 0.857865
v -0.176110 0.050900 0.854230
v -0.176785 0.048795 0.850498
v -0.178789 0.054239 0.855588
v -0.179558 0.051833 0.851874
v -0.179515 0.049508 0.848213
v -0.182462 0.055199 0.852512
v -0.182513 0.052573 0.848869
v -0.181775 0.050046 0.845422
v -0.185503 0.055922 0.848757
v -0.184859 0.053093 0.845328
v -0.183478 0.050386 0.842234
v -0.187796 0.056380 0.844466
v -0.186509 0.053371 0.841390
v -0.184560 0.050516 0.838771
v -0.189251 0.056556 0.839805
v -0.187397 0.053399 0.837204
v -0.184978 0.050432 0.835165
v -0.189814 0.056442 0.834953
v -0.187490 0.053173 0.832932
v -0.184717 0.050135 0.831556
v -0.189463 0.056043 0.830096
v -0.186784 0.052703 0.828738
v -0.183786 0.049639 0.828082
v -0.188210 0.055375 0.825420
v -0.185306 0.052008 0.824783
v -0.182222 0.048961 0.824876
v -0.186105 0.054462 0.821107
v -0.183114 0.051113 0.821218
v -0.180083 0.048127 0.822063
v -0.183227 0.053341 0.817320
v -0.180291 0.050053 0.818182
v -0.177454 0.047171 0.819749
v -0.179688 0.052054 0.814206
v -0.176946 0.048870 0.815791
v -0.174434 0.046128 0.818024
v -0.175624 0.050651 0.811885
v -0.173207 0.047607 0.814136
v -0.171140 0.045039 0.816954
v -0.171191 0.049185 0.810445
v -0.169218 0.046315 0.813281
v -0.167698 0.043946 0.816581
v -0.166559 0.047713 0.809943
v -0.165133 0.045042 0.813260
v -0.164241 0.042889 0.816918
v -0.161906 0.046292 0.810396
v -0.161108 0.043837 0.814072
v -0.160901 0.041911 0.817953
v -0.157412 0.044976 0.811789
v -0.157298 0.042748 0.815687
v -0.157807 0.041049 0.819645
v -0.153248 0.043815 0.814066
v -0.153850 0.041815 0.818042
v -0.155077 0.040336 0.821930
v -0.149574 0.042855 0.817142
v -0.150895 0.041074 0.821048
v -0.152817 0.039798 0.824721
v -0.146533 0.042132 0.820897
v -0.148549 0.040555 0.824588
v -0.151114 0.039458 0.827909
v -0.144240 0.041674 0.825188
v -0.146899 0.040276 0.828527
v -0.150032 0.039328 0.831372
v -0.142785 0.041499 0.829849
v -0.146011 0.040249 0.832712
v -0.149614 0.039412 0.834978
v -0.142222 0.041613 0.834701
v -0.145918 0.040474 0.836985
v -0.149875 0.039709 0.838587
v -0.142573 0.042012 0.839558
v -0.146624 0.040944 0.841179
v -0.150806 0.040205 0.842061
v -0.143826 0.042680 0.844233
v -0.148102 0.041639 0.845134
v -0.137351 0.046518 0.845977
v -0.141569 0.044913 0.847630
v -0.139688 0.044028 0.842596
v -0.145932 0.043592 0.848547
v -0.139916 0.047630 0.851234
v -0.144359 0.046052 0.852166
v -0.134555 0.052841 0.853223
v -0.138908 0.050804 0.854902
v -0.135626 0.049465 0.849568
v -0.143422 0.048996 0.855848
v -0.138555 0.054400 0.858487
v -0.143133 0.052390 0.859446
v -0.147734 0.050564 0.859642
v -0.143475 0.056189 0.862816
v -0.148139 0.054162 0.863025
v -0.152686 0.052274 0.862471
v -0.149124 0.058140 0.866043
v -0.153734 0.056051 0.865501
v -0.158088 0.054060 0.864225
v -0.155287 0.060177 0.868045
v -0.159704 0.057985 0.866780
v -0.163732 0.055854 0.864837
v -0.161727 0.062223 0.868743
v -0.165822 0.059902 0.866812
v -0.169406 0.057597 0.864284
v -0.168293 0.064469 0.868104
v -0.171947 0.061956 0.865584
v -0.174898 0.059232 0.862584
v -0.177677 0.063496 0.863116
v -0.179962 0.060591 0.859801
v -0.182732 0.064434 0.859547
v -0.184428 0.061729 0.856053
v -0.187091 0.065526 0.855112
v -0.188126 0.062637 0.851495
v -0.190541 0.066720 0.850029
v -0.190915 0.063247 0.846290
v -0.193036 0.067243 0.844130
v -0.192699 0.063436 0.840589
v -0.194710 0.071090 0.841231
v -0.194433 0.067073 0.837707
v -0.193387 0.063287 0.834669
v -0.195560 0.070704 0.834325
v -0.194575 0.066726 0.831306
v -0.192959 0.062801 0.828751
v -0.195071 0.070150 0.827572
v -0.193518 0.066023 0.825029
v -0.191433 0.061987 0.823054
v -0.193330 0.069221 0.821073
v -0.191307 0.064982 0.819110
v -0.188867 0.060875 0.817797
v -0.190403 0.067952 0.815076
v -0.188026 0.063643 0.813776
v -0.185361 0.059509 0.813184
v -0.186403 0.066394 0.809812
v -0.183801 0.062057 0.809232
v -0.181049 0.057941 0.809389
v -0.181483 0.064604 0.805483
v -0.178794 0.060286 0.805653
v -0.176097 0.056231 0.806561
v -0.175834 0.062654 0.802256
v -0.173199 0.058397 0.803176
v -0.170695 0.054445 0.804807
v -0.169671 0.060616 0.800255
v -0.167230 0.056462 0.801897
v -0.165051 0.052651 0.804194
v -0.163231 0.058570 0.799556
v -0.161116 0.054557 0.801865
v -0.159382 0.050920 0.804747
v -0.156763 0.056594 0.800186
v -0.155092 0.052755 0.803080
v -0.153905 0.049316 0.806443
v -0.150515 0.054764 0.802122
v -0.149390 0.051124 0.805497
v -0.148831 0.047902 0.809219
v -0.144726 0.053151 0.805289
v -0.144229 0.049727 0.809022
v -0.144355 0.046732 0.812966
v -0.139619 0.051816 0.809564
v -0.139808 0.048619 0.813520
v -0.140649 0.045851 0.817542
v -0.135391 0.050811 0.814785
v -0.136295 0.047841 0.818819
v -0.137855 0.045293 0.822770
v -0.132204 0.050175 0.820749
v -0.133827 0.047424 0.824713
v -0.136082 0.045079 0.828450
v -0.130180 0.049931 0.827229
v -0.132498 0.047384 0.830978
v -0.135396 0.045218 0.834362
v -0.129398 0.050089 0.833975
v -0.132359 0.047721 0.837371
v -0.135824 0.045704 0.840281
v -0.129887 0.050643 0.840727
v -0.133415 0.048424 0.843648
v -0.124989 0.056641 0.840880
v -0.128047 0.053963 0.844295
v -0.126873 0.053182 0.837320
v -0.131628 0.051573 0.847226
v -0.126879 0.057649 0.847932
v -0.130504 0.055120 0.850872
v -0.123285 0.064514 0.848067
v -0.126397 0.061660 0.851493
v -0.123789 0.060432 0.844511
v -0.130055 0.059025 0.854439
v -0.126588 0.065945 0.854834
v -0.130268 0.063240 0.857785
v -0.131102 0.067704 0.860774
v -0.134395 0.060717 0.860151
v -0.135251 0.065110 0.863145
v -0.139733 0.062658 0.864848
v -0.136653 0.069723 0.865659
v -0.141157 0.067200 0.867366
v -0.145863 0.064775 0.868349
v -0.143028 0.071924 0.869301
v -0.147757 0.069428 0.870288
v -0.152551 0.066986 0.870521
v -0.149983 0.074224 0.871559
v -0.154798 0.071710 0.871797
v -0.159538 0.069206 0.871279
v -0.157249 0.076533 0.872348
v -0.161984 0.073975 0.871845
v -0.166525 0.071666 0.870633
v -0.164226 0.078764 0.871752
v -0.177600 0.084549 0.866120
v -0.183472 0.079907 0.862281
v -0.183559 0.086088 0.861202
v -0.188441 0.081189 0.856723
v -0.188420 0.087261 0.855114
v -0.195360 0.078894 0.841299
v -0.194642 0.086388 0.840810
v -0.195772 0.082445 0.837473
v -0.196249 0.078408 0.833933
v -0.195428 0.086103 0.833509
v -0.195931 0.082021 0.829952
v -0.195719 0.077807 0.826606
v -0.194876 0.085477 0.825889
v -0.194685 0.081192 0.822548
v -0.193829 0.076798 0.819554
v -0.192911 0.084428 0.818555
v -0.192077 0.079964 0.815565
v -0.190653 0.075422 0.813047
v -0.189608 0.082997 0.811788
v -0.188206 0.078384 0.809273
v -0.186313 0.073731 0.807335
v -0.185094 0.081238 0.805848
v -0.183223 0.076514 0.803914
v -0.180975 0.071789 0.802638
v -0.179543 0.079219 0.800963
v -0.177317 0.074424 0.799692
v -0.174845 0.069673 0.799136
v -0.173168 0.077018 0.797322
v -0.170717 0.072196 0.796770
v -0.168157 0.067462 0.796965
v -0.166213 0.074719 0.795063
v -0.163676 0.069914 0.795262
v -0.161170 0.065242 0.796206
v -0.158947 0.072410 0.794275
v -0.156464 0.067667 0.795224
v -0.154152 0.063098 0.796891
v -0.151648 0.070180 0.794986
v -0.149358 0.065540 0.796657
v -0.147372 0.061112 0.798991
v -0.144597 0.068116 0.797170
v -0.142632 0.063617 0.799508
v -0.141091 0.059362 0.802427
v -0.138065 0.066295 0.800744
v -0.136545 0.061969 0.803667
v -0.135550 0.057913 0.807066
v -0.132302 0.064789 0.805568
v -0.131329 0.060662 0.808972
v -0.130962 0.056823 0.812731
v -0.127531 0.063655 0.811459
v -0.127186 0.059745 0.815222
v -0.127504 0.056132 0.819203
v -0.123935 0.062936 0.818190
v -0.124275 0.059253 0.822175
v -0.125308 0.055867 0.826234
v -0.121651 0.062661 0.825502
v -0.122707 0.059205 0.829564
v -0.124459 0.056039 0.833553
v -0.120768 0.062840 0.833114
v -0.122543 0.059603 0.837106
v -0.118468 0.070229 0.832673
v -0.119535 0.066737 0.836738
v -0.119702 0.066331 0.829049
v -0.121320 0.063465 0.840733
v -0.119020 0.070855 0.840293
v -0.120805 0.067583 0.844288
v -0.118177 0.078525 0.839576
v -0.119211 0.075140 0.843634
v -0.117965 0.074311 0.836230
v -0.120985 0.071903 0.847627
v -0.120067 0.079534 0.846628
v -0.121819 0.076368 0.850617
v -0.124288 0.073335 0.854394
v -0.123243 0.080910 0.853135
v -0.125689 0.077948 0.856909
v -0.128802 0.075094 0.860334
v -0.127583 0.082601 0.858847
v -0.130673 0.079818 0.862268
v -0.134353 0.077113 0.865219
v -0.132921 0.084543 0.863544
v -0.136579 0.081908 0.866490
v -0.140728 0.079314 0.868860
v -0.139051 0.086659 0.867046
v -0.143179 0.084136 0.869412
v -0.147683 0.081613 0.871119
v -0.145739 0.088870 0.869217
v -0.150220 0.086418 0.870920
v -0.154949 0.083922 0.871907
v -0.152726 0.091090 0.869976
v -0.157421 0.088637 0.870972
v -0.161980 0.085981 0.871322
v -0.159896 0.092962 0.869364
v -0.175176 0.091804 0.865352
v -0.178802 0.094909 0.861387
v -0.180994 0.093407 0.860484
v -0.183809 0.096070 0.855837
v -0.185828 0.094474 0.854516
v -0.192395 0.093605 0.840380
v -0.188731 0.100190 0.840030
v -0.191208 0.097106 0.836600
v -0.193127 0.093492 0.833068
v -0.189437 0.100293 0.832629
v -0.191353 0.096729 0.829076
v -0.192576 0.092867 0.825449
v -0.188906 0.099691 0.825302
v -0.190107 0.095900 0.821671
v -0.190611 0.091818 0.818115
v -0.187017 0.098683 0.818250
v -0.187499 0.094672 0.814689
v -0.187308 0.090387 0.811348
v -0.183841 0.097307 0.811743
v -0.183628 0.093092 0.808397
v -0.182794 0.088628 0.805408
v -0.179501 0.095615 0.806031
v -0.178645 0.091222 0.803037
v -0.177243 0.086609 0.800523
v -0.174163 0.093674 0.801334
v -0.172739 0.089132 0.798816
v -0.170868 0.084407 0.796881
v -0.168032 0.091557 0.797833
v -0.166139 0.086903 0.795894
v -0.163913 0.082108 0.794623
v -0.161345 0.089346 0.795661
v -0.159097 0.084622 0.794385
v -0.156647 0.079799 0.793834
v -0.154358 0.087126 0.794903
v -0.151885 0.082375 0.794347
v -0.149348 0.077570 0.794546
v -0.147340 0.084982 0.795587
v -0.144780 0.080248 0.795781
v -0.142297 0.075505 0.796730
v -0.140560 0.082997 0.797687
v -0.138054 0.078324 0.798632
v -0.135765 0.073685 0.800303
v -0.134278 0.081246 0.801123
v -0.131967 0.076677 0.802790
v -0.130002 0.072178 0.805128
v -0.128738 0.079798 0.805763
v -0.126751 0.075370 0.808096
v -0.125231 0.071044 0.811019
v -0.124150 0.078707 0.811427
v -0.122608 0.074453 0.814346
v -0.121635 0.070326 0.817750
v -0.120692 0.078017 0.817899
v -0.119696 0.073961 0.821299
v -0.119351 0.070051 0.825061
v -0.118496 0.077752 0.824930
v -0.118129 0.073913 0.828688
v -0.119118 0.085469 0.825112
v -0.118047 0.081658 0.828497
v -0.119524 0.081703 0.821536
v -0.117647 0.077924 0.832249
v -0.118336 0.085627 0.831857
v -0.117892 0.082033 0.835601
v -0.120509 0.093045 0.831513
v -0.119321 0.089606 0.834876
v -0.119460 0.089268 0.828482
v -0.118825 0.086182 0.838610
v -0.120937 0.093531 0.837431
v -0.120378 0.090309 0.841153
v -0.120566 0.087111 0.845109
v -0.122463 0.094345 0.843128
v -0.122589 0.091350 0.847072
v -0.123493 0.088380 0.851106
v -0.125029 0.095457 0.848385
v -0.125870 0.092689 0.852406
v -0.127493 0.089938 0.856370
v -0.128535 0.096823 0.852999
v -0.130095 0.094274 0.856950
v -0.132412 0.091727 0.860699
v -0.132847 0.098391 0.856793
v -0.135101 0.096046 0.860529
v -0.138062 0.093678 0.863926
v -0.137799 0.100101 0.859621
v -0.140697 0.097935 0.863006
v -0.144225 0.095716 0.865927
v -0.143201 0.101887 0.861376
v -0.146666 0.099870 0.864285
v -0.150665 0.097762 0.866626
v -0.148845 0.103681 0.861988
v -0.152791 0.101768 0.864318
v -0.157366 0.099572 0.866013
v -0.154525 0.105405 0.861436
v -0.159040 0.103420 0.863114
v -0.160032 0.106992 0.859739
v -0.164715 0.105136 0.860635
v -0.165066 0.108444 0.856950
v -0.169531 0.106843 0.857021
v -0.169516 0.109634 0.853199
v -0.173890 0.107935 0.852586
v -0.173231 0.110491 0.848644
v -0.177580 0.108361 0.847548
v -0.176048 0.111007 0.843445
v -0.180129 0.108707 0.841660
v -0.183783 0.106194 0.839140
v -0.177817 0.111244 0.837741
v -0.181401 0.108939 0.835213
v -0.184498 0.106243 0.832208
v -0.178500 0.111114 0.831820
v -0.181537 0.108611 0.828811
v -0.184009 0.105688 0.825455
v -0.178072 0.110628 0.825901
v -0.180481 0.107908 0.822534
v -0.182268 0.104759 0.818956
v -0.176545 0.109814 0.820205
v -0.178269 0.106867 0.816614
v -0.179341 0.103491 0.812959
v -0.173980 0.108702 0.814948
v -0.174988 0.105528 0.811280
v -0.175341 0.101932 0.807695
v -0.170474 0.107336 0.810334
v -0.170763 0.103942 0.806737
v -0.170421 0.100143 0.803366
v -0.166162 0.105767 0.806540
v -0.165757 0.102170 0.803158
v -0.164771 0.098192 0.800139
v -0.161210 0.104057 0.803711
v -0.160161 0.100281 0.800681
v -0.158609 0.096154 0.798137
v -0.155808 0.102272 0.801957
v -0.154192 0.098347 0.799402
v -0.152169 0.094108 0.797439
v -0.150164 0.100478 0.801345
v -0.148078 0.096442 0.799369
v -0.145701 0.092133 0.798069
v -0.144494 0.098746 0.801897
v -0.142054 0.094639 0.800585
v -0.139452 0.090303 0.800005
v -0.139017 0.097143 0.803594
v -0.136353 0.093008 0.803002
v -0.133664 0.088690 0.803171
v -0.133943 0.095729 0.806370
v -0.131192 0.091612 0.806527
v -0.128557 0.087355 0.807447
v -0.129468 0.094559 0.810117
v -0.126770 0.090503 0.811025
v -0.124329 0.086350 0.812668
v -0.125762 0.093678 0.814693
v -0.123258 0.089726 0.816323
v -0.121142 0.085713 0.818632
v -0.122968 0.093120 0.819921
v -0.120789 0.089309 0.822218
v -0.126100 0.099951 0.821716
v -0.123445 0.096487 0.823317
v -0.125544 0.096841 0.818304
v -0.121194 0.092906 0.825600
v -0.124644 0.099776 0.826377
v -0.122314 0.096452 0.828645
v -0.129336 0.105816 0.827411
v -0.126499 0.102933 0.828978
v -0.127387 0.102960 0.824792
v -0.124082 0.099890 0.831229
v -0.128918 0.105900 0.831017
v -0.126406 0.103159 0.833250
v -0.124433 0.100289 0.836086
v -0.129179 0.106197 0.834626
v -0.127112 0.103629 0.837444
v -0.125686 0.100957 0.840762
v -0.130110 0.106693 0.838100
v -0.128590 0.104324 0.841399
v -0.127791 0.101869 0.845075
v -0.131674 0.107371 0.841306
v -0.130782 0.105219 0.844964
v -0.130669 0.102991 0.848862
v -0.133812 0.108204 0.844119
v -0.133605 0.106278 0.848000
v -0.134207 0.104278 0.851976
v -0.136442 0.109161 0.846433
v -0.136950 0.107462 0.850391
v -0.138272 0.105681 0.854297
v -0.139462 0.110204 0.848158
v -0.140689 0.108725 0.852046
v -0.142705 0.107147 0.855737
v -0.142756 0.111293 0.849228
v -0.144678 0.110017 0.852901
v -0.147337 0.108619 0.856239
v -0.146198 0.112386 0.849601
v -0.148763 0.111290 0.852922
v -0.151990 0.110040 0.855786
v -0.149655 0.113442 0.849264
v -0.152788 0.112494 0.852110
v -0.156484 0.111356 0.854393
v -0.152995 0.114420 0.848230
v -0.156598 0.113584 0.850495
v -0.160648 0.112516 0.852116
v -0.156089 0.115283 0.846537
v -0.160046 0.114517 0.848140
v -0.164322 0.113477 0.849040
v -0.158819 0.115996 0.844252
v -0.163000 0.115258 0.845134
v -0.167363 0.114200 0.845285
v -0.161079 0.116533 0.841461
v -0.165347 0.115777 0.841594
v -0.169656 0.114658 0.840994
v -0.162782 0.116874 0.838273
v -0.166997 0.116056 0.837655
v -0.171111 0.114833 0.836333
v -0.163864 0.117004 0.834810
v -0.167885 0.116083 0.833470
v -0.171674 0.114719 0.831481
v -0.164282 0.116919 0.831204
v -0.167978 0.115858 0.829198
v -0.171322 0.114320 0.826624
v -0.164021 0.116623 0.827595
v -0.167272 0.115388 0.825003
v -0.170070 0.113652 0.821949
v -0.163090 0.116126 0.824121
v -0.165794 0.114692 0.821048
v -0.167964 0.112739 0.817635
v -0.161526 0.115448 0.820915
v -0.163602 0.113798 0.817484
v -0.165087 0.111618 0.813848
v -0.159387 0.114615 0.818102
v -0.160779 0.112738 0.814448
v -0.161548 0.110331 0.810734
v -0.156758 0.113659 0.815788
v -0.157434 0.111554 0.812056
v -0.157484 0.108928 0.808413
v -0.153738 0.112616 0.814063
v -0.153695 0.110292 0.810402
v -0.153051 0.107462 0.806973
v -0.150444 0.111527 0.812993
v -0.149706 0.108999 0.809547
v -0.148419 0.105990 0.806471
v -0.147002 0.110433 0.812620
v -0.145621 0.107727 0.809525
v -0.143766 0.104569 0.806924
v -0.143545 0.109377 0.812957
v -0.141596 0.106522 0.810338
v -0.139271 0.103253 0.808317
v -0.140205 0.108399 0.813991
v -0.137786 0.105432 0.811953
v -0.135107 0.102093 0.810594
v -0.137111 0.107537 0.815684
v -0.134338 0.104499 0.814308
v -0.131434 0.101132 0.813670
v -0.134381 0.106824 0.817969
v -0.131383 0.103759 0.817313
v -0.128393 0.100409 0.817425
v -0.132121 0.106286 0.820760
v -0.129036 0.103239 0.820854
v -0.136777 0.111069 0.824548
v -0.133602 0.108673 0.823873
v -0.135219 0.109031 0.821435
v -0.130418 0.105946 0.823948
v -0.135725 0.110859 0.826518
v -0.132466 0.108481 0.826586
v -0.138172 0.112697 0.828527
v -0.138778 0.112799 0.827079
v -0.141180 0.114237 0.829041
v -0.149777 0.117023 0.830883
v -0.142042 0.114811 0.834162
v -0.141499 0.114599 0.833448
v -0.141102 0.114427 0.832634
v -0.140866 0.114301 0.831752
v -0.140799 0.114226 0.830836
v -0.140905 0.114204 0.829920
v -0.141613 0.114324 0.828232
v -0.142186 0.114460 0.827523
v -0.142879 0.114641 0.826943
v -0.143665 0.114860 0.826514
v -0.144512 0.115109 0.826251
v -0.145390 0.115377 0.826165
v -0.146264 0.115654 0.826260
v -0.147100 0.115931 0.826532
v -0.147867 0.116195 0.826970
v -0.148534 0.116438 0.827557
v -0.149077 0.116650 0.828271
v -0.149474 0.116822 0.829085
v -0.149710 0.116948 0.829967
v -0.149671 0.117045 0.831798
v -0.149396 0.117012 0.832678
v -0.148964 0.116925 0.833487
v -0.148390 0.116789 0.834195
v -0.147697 0.116608 0.834776
v -0.146912 0.116389 0.835205
v -0.146064 0.116140 0.835468
v -0.145186 0.115872 0.835553
v -0.144312 0.115595 0.835459
v -0.143476 0.115318 0.835187
v -0.142709 0.115054 0.834749
v -0.139446 0.112845 0.840407
v -0.141687 0.114351 0.837935
v -0.140457 0.113916 0.837056
v -0.141311 0.113489 0.841473
v -0.143061 0.114815 0.838543
v -0.143346 0.114162 0.842134
v -0.144526 0.115290 0.838857
v -0.145472 0.114837 0.842364
v -0.146028 0.115758 0.838865
v -0.147608 0.115490 0.842156
v -0.147507 0.116200 0.838566
v -0.149671 0.116094 0.841517
v -0.148907 0.116601 0.837973
v -0.151583 0.116627 0.840471
v -0.150174 0.116944 0.837107
v -0.153269 0.117067 0.839060
v -0.151260 0.117216 0.836003
v -0.154665 0.117399 0.837336
v -0.152123 0.117407 0.834702
v -0.155717 0.117609 0.835367
v -0.152729 0.117509 0.833254
v -0.156385 0.117690 0.833227
v -0.153055 0.117519 0.831716
v -0.156482 0.117455 0.828771
v -0.152830 0.117264 0.828604
v -0.153089 0.117436 0.830146
v -0.155907 0.117148 0.826625
v -0.152287 0.117008 0.827151
v -0.154941 0.116729 0.824645
v -0.151481 0.116679 0.825841
v -0.153620 0.116214 0.822906
v -0.150444 0.116290 0.824725
v -0.151996 0.115624 0.821477
v -0.149214 0.115855 0.823846
v -0.150130 0.114979 0.820412
v -0.147840 0.115391 0.823238
v -0.148095 0.114307 0.819751
v -0.146374 0.114916 0.822924
v -0.145969 0.113631 0.819520
v -0.144873 0.114448 0.822916
v -0.143834 0.112979 0.819728
v -0.143394 0.114006 0.823215
v -0.141770 0.112375 0.820367
v -0.141994 0.113605 0.823808
v -0.139859 0.111842 0.821413
v -0.140726 0.113262 0.824674
v -0.138173 0.111401 0.822825
v -0.139641 0.112990 0.825778
v -0.134798 0.110831 0.830884
v -0.137811 0.112770 0.831635
v -0.137846 0.112687 0.830065
v -0.134960 0.111014 0.833114
v -0.138071 0.112942 0.833177
v -0.135535 0.111321 0.835260
v -0.138614 0.113198 0.834630
v -0.136501 0.111740 0.837240
v -0.139420 0.113527 0.835940
v -0.137822 0.112254 0.838978
v -0.156643 0.117638 0.831000
v -0.135057 0.110779 0.828657
v -0.137254 0.109541 0.819364
v -0.139629 0.110184 0.817742
v -0.142253 0.110935 0.816630
v -0.145026 0.111764 0.816070
v -0.147839 0.112641 0.816085
v -0.150587 0.113531 0.816674
v -0.153162 0.114401 0.817814
v -0.155466 0.115216 0.819461
v -0.157411 0.115946 0.821552
v -0.158921 0.116563 0.824007
v -0.159939 0.117042 0.826732
v -0.160425 0.117365 0.829621
v -0.160361 0.117521 0.832563
v -0.159749 0.117502 0.835446
v -0.158613 0.117310 0.838159
v -0.156997 0.116952 0.840598
v -0.154962 0.116442 0.842668
v -0.152586 0.115799 0.844291
v -0.149962 0.115049 0.845403
v -0.147190 0.114219 0.845962
v -0.144376 0.113342 0.845947
v -0.141628 0.112452 0.845359
v -0.139053 0.111582 0.844219
v -0.136749 0.110767 0.842572
v -0.134804 0.110037 0.840480
v -0.133294 0.109421 0.838025
v -0.132276 0.108942 0.835301
v -0.131790 0.108618 0.832412
v -0.131854 0.108463 0.829469
v -0.128531 0.097503 0.813799
v -0.132291 0.098445 0.809973
v -0.136680 0.099633 0.806975
v -0.141529 0.101020 0.804920
v -0.146652 0.102553 0.803886
v -0.151851 0.104173 0.803914
v -0.156928 0.105818 0.805002
v -0.161686 0.107424 0.807108
v -0.165944 0.108931 0.810151
v -0.169537 0.110280 0.814016
v -0.172327 0.111419 0.818552
v -0.174208 0.112304 0.823586
v -0.175106 0.112902 0.828924
v -0.174988 0.113189 0.834361
v -0.173858 0.113154 0.839689
v -0.171759 0.112799 0.844702
v -0.168772 0.112138 0.849208
v -0.165011 0.111196 0.853033
v -0.160622 0.110008 0.856031
v -0.155773 0.108621 0.858086
v -0.150651 0.107088 0.859120
v -0.145451 0.105468 0.859092
v -0.140374 0.103823 0.858005
v -0.135616 0.102216 0.855898
v -0.131358 0.100710 0.852855
v -0.127765 0.099361 0.848990
v -0.124975 0.098222 0.844454
v -0.123094 0.097337 0.839420
v -0.122196 0.096739 0.834082
v -0.122266 0.082166 0.814987
v -0.126169 0.083030 0.809100
v -0.131082 0.084262 0.804102
v -0.136817 0.085813 0.800185
v -0.143152 0.087625 0.797499
v -0.149845 0.089628 0.796149
v -0.156639 0.091745 0.796184
v -0.163272 0.093894 0.797606
v -0.169489 0.095994 0.800358
v -0.175052 0.097962 0.804334
v -0.179746 0.099724 0.809383
v -0.183392 0.101212 0.815310
v -0.185849 0.102369 0.821887
v -0.187023 0.103150 0.828862
v -0.186883 0.103486 0.835995
v -0.155108 0.095521 0.868320
v -0.148277 0.093437 0.868279
v -0.141644 0.091288 0.866858
v -0.135427 0.089189 0.864106
v -0.129864 0.087220 0.860129
v -0.125169 0.085458 0.855080
v -0.121523 0.083970 0.849153
v -0.119066 0.082814 0.842576
v -0.121301 0.066380 0.821514
v -0.124269 0.066882 0.814425
v -0.128493 0.067817 0.808053
v -0.133811 0.069150 0.802643
v -0.140018 0.070830 0.798404
v -0.146876 0.072791 0.795497
v -0.154120 0.074959 0.794035
v -0.161474 0.077250 0.794074
v -0.168653 0.079577 0.795612
v -0.175382 0.081849 0.798591
v -0.181404 0.083979 0.802895
v -0.186485 0.085887 0.808360
v -0.190431 0.087497 0.814775
v -0.193091 0.088749 0.821894
v -0.194361 0.089594 0.829444
v -0.194211 0.090003 0.837089
v -0.184319 0.088273 0.859733
v -0.181648 0.087603 0.862451
v -0.159733 0.081361 0.872163
v -0.152422 0.079082 0.872108
v -0.145243 0.076755 0.870570
v -0.138513 0.074483 0.867591
v -0.132492 0.072352 0.863287
v -0.127411 0.070445 0.857822
v -0.123465 0.068835 0.851407
v -0.127027 0.052807 0.830216
v -0.128504 0.052852 0.823255
v -0.131247 0.053315 0.816705
v -0.135150 0.054180 0.810818
v -0.140063 0.055411 0.805820
v -0.145797 0.056963 0.801903
v -0.152133 0.058775 0.799218
v -0.158826 0.060778 0.797867
v -0.165619 0.062895 0.797903
v -0.172252 0.065044 0.799325
v -0.178469 0.067143 0.802076
v -0.184032 0.069112 0.806053
v -0.188727 0.070874 0.811102
v -0.192373 0.072362 0.817029
v -0.194830 0.073518 0.823606
v -0.196003 0.074299 0.830581
v -0.195838 0.074717 0.837709
v -0.164063 0.066752 0.870034
v -0.157257 0.064587 0.869998
v -0.150624 0.062437 0.868576
v -0.144407 0.060338 0.865824
v -0.138844 0.058370 0.861848
v -0.134150 0.056608 0.856799
v -0.157989 0.039184 0.839557
v -0.154975 0.039769 0.842175
v -0.153957 0.039290 0.839451
v -0.158955 0.039603 0.841538
v -0.152370 0.040883 0.845267
v -0.156485 0.040386 0.844630
v -0.161609 0.039324 0.839031
v -0.164819 0.039682 0.837911
v -0.162415 0.039653 0.840341
v -0.160276 0.040117 0.843276
v -0.163452 0.040042 0.841457
v -0.165362 0.039894 0.838625
v -0.161900 0.040708 0.844705
v -0.164682 0.040477 0.842336
v -0.166029 0.040136 0.839212
v -0.163766 0.041352 0.845770
v -0.166056 0.040941 0.842944
v -0.166796 0.040401 0.839650
v -0.165801 0.042025 0.846431
v -0.167521 0.041416 0.843258
v -0.167632 0.040678 0.839922
v -0.167927 0.042701 0.846662
v -0.169023 0.041884 0.843266
v -0.168506 0.040955 0.840017
v -0.170062 0.043353 0.846454
v -0.170502 0.042326 0.842967
v -0.169383 0.041223 0.839931
v -0.172126 0.043957 0.845815
v -0.171902 0.042727 0.842374
v -0.170231 0.041472 0.839668
v -0.174037 0.044490 0.844769
v -0.173169 0.043070 0.841508
v -0.171017 0.041691 0.839239
v -0.175723 0.044931 0.843357
v -0.174255 0.043342 0.840404
v -0.171710 0.041872 0.838659
v -0.177119 0.045262 0.841634
v -0.175118 0.043533 0.839103
v -0.172283 0.042008 0.837950
v -0.178171 0.045473 0.839664
v -0.175724 0.043635 0.837655
v -0.172716 0.042094 0.837141
v -0.178839 0.045553 0.837525
v -0.176050 0.043645 0.836117
v -0.172990 0.042128 0.836262
v -0.179098 0.045501 0.835298
v -0.176084 0.043562 0.834547
v -0.173097 0.042106 0.835346
v -0.178936 0.045318 0.833068
v -0.175825 0.043390 0.833005
v -0.173030 0.042031 0.834430
v -0.178361 0.045011 0.830922
v -0.175282 0.043134 0.831552
v -0.172794 0.041905 0.833548
v -0.177395 0.044592 0.828942
v -0.174476 0.042805 0.830242
v -0.172397 0.041733 0.832735
v -0.176074 0.044078 0.827204
v -0.173439 0.042416 0.829126
v -0.171854 0.041521 0.832020
v -0.174450 0.043487 0.825775
v -0.172209 0.041981 0.828247
v -0.171187 0.041278 0.831433
v -0.172585 0.042843 0.824709
v -0.170835 0.041517 0.827639
v -0.170420 0.041014 0.830995
v -0.170550 0.042170 0.824048
v -0.169370 0.041042 0.827325
v -0.169584 0.040737 0.830723
v -0.168424 0.041494 0.823818
v -0.167868 0.040574 0.827317
v -0.168710 0.040460 0.830629
v -0.166288 0.040842 0.824026
v -0.166389 0.040131 0.827616
v -0.167832 0.040191 0.830714
v -0.164225 0.040238 0.824665
v -0.164989 0.039731 0.828209
v -0.166984 0.039943 0.830977
v -0.162313 0.039705 0.825711
v -0.163721 0.039388 0.829075
v -0.166199 0.039724 0.831407
v -0.160627 0.039264 0.827122
v -0.162636 0.039116 0.830179
v -0.165506 0.039543 0.831987
v -0.159231 0.038933 0.828846
v -0.161773 0.038925 0.831480
v -0.164932 0.039407 0.832695
v -0.164500 0.039320 0.833504
v -0.158179 0.038722 0.830815
v -0.161167 0.038823 0.832928
v -0.157511 0.038642 0.832955
v -0.160841 0.038813 0.834466
v -0.164225 0.039287 0.834384
v -0.157252 0.038694 0.835182
v -0.160807 0.038895 0.836036
v -0.164119 0.039309 0.835299
v -0.157414 0.038877 0.837411
v -0.161066 0.039068 0.837578
v -0.164185 0.039384 0.836215
v -0.164422 0.039510 0.837097
v -0.138790 0.043430 0.837258
v -0.153471 0.038967 0.836562
v -0.138908 0.043143 0.831821
v -0.153535 0.038811 0.833619
v -0.140038 0.043178 0.826493
v -0.154147 0.038830 0.830736
v -0.142137 0.043532 0.821480
v -0.155283 0.039022 0.828023
v -0.145124 0.044194 0.816975
v -0.156899 0.039380 0.825584
v -0.148885 0.045136 0.813149
v -0.158934 0.039890 0.823514
v -0.153274 0.046324 0.810151
v -0.161310 0.040533 0.821891
v -0.158123 0.047711 0.808096
v -0.163934 0.041283 0.820779
v -0.163245 0.049244 0.807062
v -0.166706 0.042113 0.820220
v -0.168445 0.050864 0.807090
v -0.169520 0.042990 0.820235
v -0.173521 0.052509 0.808177
v -0.172268 0.043880 0.820823
v -0.178280 0.054116 0.810284
v -0.174843 0.044750 0.821963
v -0.182538 0.055622 0.813327
v -0.177147 0.045565 0.823610
v -0.186131 0.056971 0.817192
v -0.179092 0.046295 0.825702
v -0.188921 0.058110 0.821728
v -0.180602 0.046911 0.828157
v -0.190801 0.058995 0.826762
v -0.181619 0.047390 0.830881
v -0.191700 0.059593 0.832100
v -0.182106 0.047714 0.833770
v -0.191582 0.059880 0.837537
v -0.182042 0.047869 0.836713
v -0.190451 0.059845 0.842865
v -0.181430 0.047850 0.839596
v -0.188352 0.059491 0.847878
v -0.180294 0.047658 0.842309
v -0.185365 0.058829 0.852383
v -0.178677 0.047301 0.844747
v -0.181605 0.057887 0.856209
v -0.176642 0.046790 0.846818
v -0.177216 0.056699 0.859207
v -0.174267 0.046148 0.848440
v -0.172367 0.055312 0.861262
v -0.171643 0.045397 0.849552
v -0.167244 0.053779 0.862296
v -0.168870 0.044568 0.850112
v -0.162045 0.052159 0.862268
v -0.166056 0.043691 0.850097
v -0.156968 0.050514 0.861180
v -0.163309 0.042800 0.849508
v -0.152210 0.048907 0.859074
v -0.160734 0.041931 0.848368
v -0.147952 0.047401 0.856031
v -0.158430 0.041116 0.846721
v -0.193175 0.083472 0.847955
v -0.192349 0.087840 0.847623
v -0.192122 0.089926 0.846712
v -0.192959 0.086708 0.846929
v -0.193333 0.083474 0.847525
v -0.192280 0.089949 0.846273
v -0.193332 0.086657 0.845794
v -0.168564 0.084004 0.870400
v -0.166903 0.087068 0.870225
v -0.167484 0.090470 0.869119
v -0.168030 0.087300 0.869901
v -0.168987 0.084127 0.870247
v -0.167905 0.090571 0.868973
v -0.169129 0.086352 0.869732
v -0.180186 0.103264 0.852847
v -0.181971 0.103285 0.850222
v -0.185169 0.100707 0.849023
v -0.182823 0.102081 0.850957
v -0.180451 0.102918 0.853001
v -0.185219 0.100477 0.849341
v -0.182391 0.101916 0.851775
v -0.175325 0.103354 0.857362
v -0.177140 0.104317 0.854690
v -0.177853 0.103425 0.855143
v -0.175584 0.102999 0.857529
v -0.177468 0.102629 0.856298
v -0.171194 0.101010 0.861995
v -0.172588 0.103176 0.859321
v -0.173274 0.102277 0.859802
v -0.171438 0.100659 0.862170
v -0.172910 0.101028 0.861046
v -0.180631 0.071125 0.863929
v -0.184010 0.071562 0.861058
v -0.185527 0.071055 0.859432
v -0.183139 0.070584 0.861690
v -0.180635 0.070681 0.863802
v -0.185521 0.070600 0.859314
v -0.183099 0.069409 0.861333
v -0.166403 0.093585 0.868079
v -0.168328 0.096485 0.866155
v -0.167925 0.093563 0.867780
v -0.168694 0.096335 0.866152
v -0.168424 0.092800 0.867942
v -0.189296 0.095933 0.847212
v -0.186225 0.099459 0.848898
v -0.187425 0.098451 0.847943
v -0.189442 0.095974 0.846781
v -0.187639 0.098908 0.846477
v -0.168726 0.099965 0.863696
v -0.169766 0.098808 0.864240
v -0.169376 0.097378 0.865290
v -0.175790 0.073539 0.867510
v -0.178905 0.072207 0.865385
v -0.178137 0.071916 0.865842
v -0.175573 0.073209 0.867541
v -0.177952 0.070323 0.865462
v -0.172282 0.074699 0.869204
v -0.171375 0.077969 0.869864
v -0.173533 0.075545 0.868854
v -0.171784 0.078109 0.869716
v -0.174912 0.074604 0.868091
v -0.168935 0.080542 0.870614
v -0.170006 0.080954 0.870280
v -0.171428 0.079958 0.869777
v -0.192315 0.077681 0.850699
v -0.192870 0.081323 0.849217
v -0.193033 0.080433 0.849016
v -0.192414 0.077430 0.850409
v -0.193518 0.080022 0.847602
v -0.189644 0.073385 0.854761
v -0.191761 0.076686 0.851699
v -0.191194 0.075189 0.852559
v -0.189627 0.072935 0.854654
v -0.191198 0.073644 0.851988
v -0.188522 0.073147 0.856261
v -0.187718 0.071732 0.857031
v -0.187651 0.070551 0.856702
v -0.190004 0.094216 0.847529
v -0.190984 0.093054 0.846551
v -0.191301 0.093184 0.845406
v -0.165857 0.083206 0.871149
v -0.168360 0.076483 0.870723
v -0.177318 0.078673 0.866873
v -0.180241 0.073069 0.864514
v -0.171046 0.069871 0.868702
v -0.175150 0.085863 0.867189
v -0.190151 0.096595 0.843442
v -0.193071 0.090028 0.843464
v -0.194381 0.083005 0.844251
v -0.188249 0.096103 0.849027
v -0.189028 0.089342 0.853070
v -0.190541 0.081987 0.853421
v -0.192451 0.071452 0.848248
v -0.189382 0.069424 0.853642
v -0.189728 0.075447 0.854862
v -0.185077 0.078004 0.860701
v -0.185334 0.067761 0.858430
v -0.194127 0.075657 0.845223
v -0.180481 0.067192 0.862698
v -0.174908 0.067054 0.866095
v -0.172879 0.092933 0.866024
v -0.164130 0.090073 0.869913
v -0.173741 0.095397 0.864363
v -0.162671 0.096778 0.867099
v -0.173595 0.105474 0.856184
v -0.169131 0.103655 0.860525
v -0.179101 0.097201 0.859558
v -0.164347 0.100983 0.864074
v -0.178033 0.105886 0.851469
v -0.183943 0.097954 0.853984
v -0.181890 0.105381 0.846227
v -0.185751 0.102564 0.843619
v -0.178594 0.080823 0.866007
v -0.180614 0.079227 0.864686
v -0.184459 0.082277 0.861147
v -0.186079 0.080560 0.859629
v -0.189246 0.083493 0.855170
v -0.176462 0.088208 0.865902
v -0.175982 0.094107 0.863800
v -0.182408 0.089789 0.860982
v -0.181409 0.095562 0.858735
v -0.187281 0.090920 0.854896
v -0.186744 0.088849 0.856728
v -0.178708 0.086835 0.864903
v -0.192776 0.085310 0.848060
v -0.168656 0.088864 0.869246
v -0.184166 0.101085 0.850245
v -0.179342 0.102640 0.854504
v -0.174566 0.101902 0.859250
v -0.182091 0.071535 0.862804
v -0.168554 0.095030 0.866874
v -0.187787 0.097654 0.848244
v -0.170579 0.098955 0.863791
v -0.176971 0.072978 0.866744
v -0.173508 0.076469 0.868915
v -0.170380 0.082333 0.869972
v -0.192582 0.079034 0.850115
v -0.190717 0.075168 0.853369
v -0.186912 0.072290 0.858105
v -0.191098 0.091858 0.847383
v -0.173674 0.078256 0.868808
v -0.179478 0.076967 0.865461
v -0.171071 0.084717 0.869271
v -0.186102 0.096248 0.852572
v -0.191131 0.089746 0.848863
v -0.192347 0.082937 0.849812
v -0.189680 0.079524 0.855082
v -0.185414 0.073377 0.859893
v -0.169576 0.091422 0.868023
v -0.172197 0.098912 0.862974
v -0.176789 0.101087 0.858242
v -0.181684 0.101290 0.853323
v -0.181281 0.075049 0.863877
v -0.183975 0.075396 0.861522
v -0.182373 0.077430 0.863154
v -0.182876 0.073114 0.862272
v -0.183969 0.099460 0.852273
v -0.186194 0.098828 0.849561
v -0.184083 0.100495 0.850942
v -0.186208 0.097691 0.850808
v -0.179159 0.099418 0.857615
v -0.181600 0.099669 0.854988
v -0.179259 0.101325 0.855790
v -0.181559 0.097683 0.856842
v -0.174196 0.097813 0.862521
v -0.176690 0.098798 0.860127
v -0.174469 0.100124 0.860663
v -0.176466 0.096407 0.862023
v -0.169347 0.094605 0.866700
v -0.171723 0.096391 0.864731
v -0.170190 0.097012 0.865076
v -0.170829 0.093836 0.866453
v -0.170264 0.088098 0.868770
v -0.174021 0.089411 0.866738
v -0.171627 0.090467 0.867473
v -0.172569 0.087009 0.868073
v -0.190611 0.078122 0.853544
v -0.192178 0.079605 0.850706
v -0.191504 0.080677 0.851822
v -0.191336 0.077197 0.852330
v -0.186444 0.076015 0.859009
v -0.188686 0.076905 0.856344
v -0.187466 0.078706 0.857973
v -0.187666 0.074314 0.857399
v -0.189912 0.085702 0.853257
v -0.191871 0.086340 0.849292
v -0.190564 0.087804 0.851063
v -0.191254 0.084251 0.851392
v -0.187690 0.092838 0.852832
v -0.189799 0.092995 0.848896
v -0.188039 0.094581 0.850776
v -0.189492 0.091251 0.850858
v -0.172335 0.081443 0.869166
v -0.176242 0.082275 0.867163
v -0.173642 0.083563 0.868278
v -0.174842 0.080137 0.868088
v -0.175331 0.075382 0.867845
v -0.178365 0.075052 0.866002
v -0.176125 0.076822 0.867467
v -0.177442 0.073714 0.866464
v -0.182992 0.091909 0.859341
v -0.185402 0.092476 0.856360
v -0.183470 0.094002 0.857623
v -0.184907 0.090394 0.858089
v -0.177422 0.090475 0.864478
v -0.180337 0.091243 0.862042
v -0.178193 0.092679 0.862992
v -0.179574 0.089057 0.863514
v -0.185295 0.084508 0.859782
v -0.187702 0.085085 0.856800
v -0.186059 0.086694 0.858310
v -0.186932 0.082881 0.858286
v -0.179723 0.083085 0.864918
v -0.182641 0.083842 0.862483
v -0.180726 0.085357 0.863735
v -0.181654 0.081558 0.863655
v -0.153372 0.041282 0.846730
v -0.147280 0.044129 0.850516
v -0.155768 0.042182 0.849306
v -0.150504 0.045339 0.853983
v -0.158606 0.043186 0.851335
v -0.154323 0.046691 0.856714
v -0.161778 0.044257 0.852739
v -0.158593 0.048132 0.858603
v -0.165163 0.045354 0.853464
v -0.163147 0.049608 0.859579
v -0.168629 0.046434 0.853482
v -0.167812 0.051062 0.859604
v -0.172044 0.047456 0.852793
v -0.172408 0.052437 0.858676
v -0.175277 0.048380 0.851423
v -0.176758 0.053681 0.856832
v -0.178202 0.049172 0.849424
v -0.180696 0.054747 0.854143
v -0.180709 0.049800 0.846874
v -0.184069 0.055593 0.850711
v -0.182701 0.050241 0.843871
v -0.186749 0.056186 0.846668
v -0.184100 0.050478 0.840529
v -0.188632 0.056504 0.842171
v -0.184853 0.050501 0.836977
v -0.189647 0.056535 0.837391
v -0.184932 0.050309 0.833352
v -0.189753 0.056277 0.832513
v -0.184333 0.049911 0.829794
v -0.188947 0.055741 0.827724
v -0.183080 0.049321 0.826438
v -0.187259 0.054947 0.823208
v -0.181219 0.048561 0.823414
v -0.184756 0.053925 0.819138
v -0.178824 0.047662 0.820837
v -0.181532 0.052715 0.815671
v -0.175986 0.046658 0.818808
v -0.177713 0.051364 0.812940
v -0.172814 0.045587 0.817404
v -0.173444 0.049922 0.811051
v -0.169429 0.044490 0.816679
v -0.168889 0.048446 0.810075
v -0.165963 0.043410 0.816661
v -0.164224 0.046993 0.810050
v -0.162548 0.042388 0.817350
v -0.159628 0.045618 0.810978
v -0.159315 0.041464 0.818720
v -0.155278 0.044373 0.812822
v -0.156389 0.040672 0.820719
v -0.151340 0.043308 0.815511
v -0.153883 0.040044 0.823269
v -0.147967 0.042462 0.818943
v -0.151891 0.039603 0.826273
v -0.145287 0.041869 0.822986
v -0.150492 0.039366 0.829614
v -0.143404 0.041551 0.827483
v -0.149738 0.039343 0.833166
v -0.142390 0.041520 0.832263
v -0.149660 0.039535 0.836791
v -0.142283 0.041777 0.837141
v -0.150258 0.039933 0.840350
v -0.143089 0.042313 0.841930
v -0.151512 0.040523 0.843705
v -0.144777 0.043108 0.846446
v -0.136453 0.046072 0.843171
v -0.138509 0.047039 0.848674
v -0.141559 0.048284 0.853633
v -0.132950 0.052167 0.850303
v -0.136430 0.053588 0.855960
v -0.145487 0.049759 0.857857
v -0.140911 0.055270 0.860780
v -0.150142 0.051406 0.861185
v -0.146221 0.057149 0.864576
v -0.155344 0.053162 0.863487
v -0.152156 0.059153 0.867203
v -0.160893 0.054960 0.864676
v -0.158488 0.061204 0.868560
v -0.166578 0.056733 0.864706
v -0.164985 0.063259 0.868593
v -0.172191 0.058440 0.863575
v -0.177495 0.059945 0.861321
v -0.182280 0.061186 0.858038
v -0.186383 0.062214 0.853865
v -0.189640 0.062990 0.848966
v -0.191938 0.063390 0.843485
v -0.193183 0.063402 0.837641
v -0.195318 0.070862 0.837735
v -0.193312 0.063087 0.831696
v -0.195474 0.070476 0.830933
v -0.192330 0.062433 0.825861
v -0.194354 0.069730 0.824275
v -0.190274 0.061466 0.820358
v -0.192008 0.068626 0.817997
v -0.187224 0.060221 0.815399
v -0.188528 0.067206 0.812339
v -0.183296 0.058746 0.811174
v -0.184047 0.065524 0.807519
v -0.178642 0.057099 0.807847
v -0.178737 0.063645 0.803723
v -0.173440 0.055343 0.805544
v -0.172802 0.061641 0.801096
v -0.167890 0.053545 0.804355
v -0.166470 0.059589 0.799740
v -0.162206 0.051774 0.804325
v -0.159985 0.057568 0.799705
v -0.156606 0.050098 0.805455
v -0.153596 0.055656 0.800995
v -0.151305 0.048581 0.807702
v -0.147548 0.053927 0.803558
v -0.146507 0.047283 0.810979
v -0.142074 0.052445 0.807297
v -0.142396 0.046253 0.815161
v -0.137384 0.051270 0.812068
v -0.139131 0.045530 0.820087
v -0.133659 0.050445 0.817688
v -0.136836 0.045142 0.825567
v -0.131041 0.050003 0.823940
v -0.135600 0.045104 0.831391
v -0.129631 0.049960 0.830585
v -0.135471 0.045418 0.837335
v -0.129484 0.050318 0.837366
v -0.130604 0.051063 0.844024
v -0.124552 0.056287 0.837233
v -0.125768 0.057096 0.844457
v -0.128313 0.058294 0.851270
v -0.122130 0.063939 0.844454
v -0.124776 0.065185 0.851539
v -0.132089 0.059835 0.857409
v -0.128703 0.066788 0.857923
v -0.133760 0.068686 0.863361
v -0.136952 0.061661 0.862638
v -0.142713 0.063699 0.866757
v -0.139752 0.070806 0.867645
v -0.149153 0.065874 0.869608
v -0.146450 0.073067 0.870609
v -0.156023 0.068100 0.871080
v -0.153594 0.075383 0.872140
v -0.163056 0.070332 0.871122
v -0.160872 0.077663 0.872193
v -0.180189 0.081186 0.864856
v -0.185726 0.082590 0.859749
v -0.195991 0.078588 0.837617
v -0.195177 0.086262 0.837295
v -0.196156 0.078160 0.830253
v -0.195331 0.085845 0.829682
v -0.194940 0.077351 0.823029
v -0.194066 0.085003 0.822169
v -0.192395 0.076153 0.816216
v -0.191420 0.083757 0.815084
v -0.188619 0.074612 0.810077
v -0.187493 0.082155 0.808699
v -0.183756 0.072787 0.804847
v -0.182436 0.080257 0.803261
v -0.177995 0.070748 0.800728
v -0.176444 0.078136 0.798977
v -0.171555 0.068574 0.797878
v -0.169747 0.075875 0.796013
v -0.164685 0.066347 0.796406
v -0.162602 0.073560 0.794482
v -0.157648 0.064155 0.796369
v -0.155284 0.071280 0.794443
v -0.150715 0.062080 0.797768
v -0.148074 0.069122 0.795898
v -0.144153 0.060203 0.800549
v -0.141250 0.067170 0.798791
v -0.138214 0.058596 0.804606
v -0.135073 0.065499 0.803010
v -0.133125 0.057321 0.809783
v -0.129781 0.064172 0.808394
v -0.129082 0.056425 0.815881
v -0.125577 0.063241 0.814735
v -0.126242 0.055945 0.822665
v -0.122622 0.062742 0.821790
v -0.124712 0.055899 0.829875
v -0.121032 0.062694 0.829288
v -0.120865 0.063098 0.836941
v -0.118731 0.070083 0.828848
v -0.118565 0.070487 0.836501
v -0.119829 0.071328 0.844014
v -0.117740 0.078172 0.835929
v -0.118956 0.078981 0.843154
v -0.122476 0.072574 0.851098
v -0.121501 0.080179 0.849966
v -0.126403 0.074177 0.857483
v -0.125277 0.081720 0.856105
v -0.131460 0.076075 0.862921
v -0.130139 0.083545 0.861335
v -0.137452 0.078196 0.867205
v -0.135901 0.085584 0.865454
v -0.144149 0.080457 0.870169
v -0.142341 0.087758 0.868304
v -0.151294 0.082772 0.871700
v -0.149211 0.089985 0.869776
v -0.158578 0.085031 0.871754
v -0.156267 0.092143 0.869822
v -0.178091 0.088665 0.864729
v -0.183688 0.090103 0.859569
v -0.192883 0.093630 0.836856
v -0.189202 0.100399 0.836318
v -0.193031 0.093234 0.829241
v -0.189344 0.100045 0.828949
v -0.191766 0.092393 0.821728
v -0.188128 0.099236 0.821725
v -0.189120 0.091147 0.814644
v -0.185583 0.098038 0.814912
v -0.185192 0.089544 0.808259
v -0.181807 0.096496 0.808773
v -0.180136 0.087646 0.802821
v -0.176944 0.094671 0.803544
v -0.174144 0.085526 0.798537
v -0.171183 0.092632 0.799425
v -0.167446 0.083264 0.795573
v -0.164743 0.090458 0.796574
v -0.160302 0.080949 0.794042
v -0.157873 0.088232 0.795102
v -0.152984 0.078669 0.794003
v -0.150836 0.086039 0.795065
v -0.145774 0.076512 0.795458
v -0.143903 0.083965 0.796464
v -0.138950 0.074560 0.798351
v -0.137341 0.082088 0.799245
v -0.132773 0.072888 0.802570
v -0.131401 0.080481 0.803303
v -0.127480 0.071562 0.807954
v -0.126313 0.079205 0.808479
v -0.123276 0.070631 0.814295
v -0.122270 0.078310 0.814577
v -0.120322 0.070132 0.821350
v -0.119430 0.077830 0.821361
v -0.117900 0.077783 0.828571
v -0.119979 0.085541 0.821823
v -0.118569 0.085498 0.828467
v -0.118421 0.085856 0.835249
v -0.120713 0.092931 0.828542
v -0.120584 0.093245 0.834486
v -0.119542 0.086602 0.841907
v -0.121566 0.093898 0.840321
v -0.121887 0.087706 0.848185
v -0.123622 0.094866 0.845825
v -0.125368 0.089126 0.853843
v -0.126672 0.096111 0.850784
v -0.129849 0.090808 0.858663
v -0.130600 0.097585 0.855008
v -0.135159 0.092687 0.862459
v -0.135254 0.099233 0.858335
v -0.141094 0.094691 0.865086
v -0.140456 0.100989 0.860638
v -0.147426 0.096743 0.866442
v -0.146006 0.102787 0.861827
v -0.153940 0.098743 0.866479
v -0.151691 0.104557 0.861857
v -0.157320 0.106215 0.860728
v -0.162617 0.107741 0.858474
v -0.167372 0.109078 0.855185
v -0.171475 0.110107 0.851011
v -0.174763 0.110786 0.846118
v -0.177068 0.111165 0.840639
v -0.184273 0.106346 0.835621
v -0.178296 0.111226 0.834792
v -0.184412 0.106014 0.828816
v -0.178425 0.110914 0.828847
v -0.183292 0.105269 0.822158
v -0.177443 0.110260 0.823011
v -0.180946 0.104165 0.815880
v -0.175387 0.109292 0.817508
v -0.177466 0.102744 0.810222
v -0.172337 0.108048 0.812549
v -0.172985 0.101062 0.805402
v -0.168409 0.106573 0.808325
v -0.167675 0.099183 0.801606
v -0.163754 0.104926 0.804997
v -0.161740 0.097179 0.798979
v -0.158552 0.103170 0.802695
v -0.155408 0.095128 0.797623
v -0.153003 0.101371 0.801506
v -0.148923 0.093107 0.797588
v -0.147318 0.099600 0.801476
v -0.142534 0.091195 0.798878
v -0.141718 0.097924 0.802606
v -0.136486 0.089465 0.801441
v -0.136417 0.096408 0.804853
v -0.131012 0.087984 0.805180
v -0.131619 0.095110 0.808130
v -0.126322 0.086808 0.809951
v -0.127509 0.094080 0.812312
v -0.122597 0.085984 0.815571
v -0.124243 0.093357 0.817237
v -0.121949 0.092969 0.822718
v -0.127147 0.100146 0.819514
v -0.125264 0.099828 0.824011
v -0.124249 0.099797 0.828791
v -0.129796 0.105854 0.825653
v -0.129042 0.105831 0.829205
v -0.124143 0.100054 0.833669
v -0.128964 0.106023 0.832830
v -0.124949 0.100591 0.838458
v -0.129563 0.106421 0.836388
v -0.126636 0.101385 0.842974
v -0.130816 0.107011 0.839744
v -0.129140 0.102407 0.847044
v -0.132676 0.107770 0.842768
v -0.132363 0.103616 0.850511
v -0.135072 0.108669 0.845345
v -0.136183 0.104968 0.853242
v -0.137910 0.109674 0.847374
v -0.140452 0.106410 0.855131
v -0.141082 0.110745 0.848778
v -0.145007 0.107885 0.856107
v -0.144467 0.111842 0.849503
v -0.149672 0.109339 0.856132
v -0.147933 0.112922 0.849521
v -0.154268 0.110714 0.855204
v -0.151348 0.113944 0.848832
v -0.158618 0.111959 0.853360
v -0.154581 0.114868 0.847462
v -0.162556 0.113024 0.850671
v -0.157507 0.115660 0.845463
v -0.165929 0.113870 0.847239
v -0.160013 0.116288 0.842913
v -0.168609 0.114463 0.843197
v -0.162005 0.116729 0.839909
v -0.170492 0.114781 0.838699
v -0.163404 0.116966 0.836568
v -0.171506 0.114812 0.833920
v -0.164158 0.116989 0.833016
v -0.171612 0.114555 0.829041
v -0.164236 0.116797 0.829391
v -0.170806 0.114018 0.824252
v -0.163637 0.116399 0.825832
v -0.169119 0.113224 0.819736
v -0.162384 0.115809 0.822477
v -0.166616 0.112202 0.815666
v -0.160524 0.115049 0.819452
v -0.163392 0.110993 0.812199
v -0.158128 0.114150 0.816876
v -0.159573 0.109641 0.809468
v -0.155290 0.113146 0.814847
v -0.155303 0.108199 0.807579
v -0.152118 0.112075 0.813443
v -0.150749 0.106724 0.806603
v -0.148733 0.110978 0.812718
v -0.146084 0.105270 0.806578
v -0.145267 0.109898 0.812700
v -0.141488 0.103895 0.807506
v -0.141852 0.108876 0.813389
v -0.137138 0.102650 0.809350
v -0.138619 0.107952 0.814759
v -0.133200 0.101585 0.812039
v -0.135693 0.107160 0.816758
v -0.129827 0.100739 0.815471
v -0.133187 0.106532 0.819308
v -0.131195 0.106091 0.822312
v -0.137429 0.111218 0.823646
v -0.136198 0.110945 0.825503
v -0.135333 0.110799 0.827569
v -0.140402 0.113922 0.829269
v -0.140811 0.113991 0.828293
v -0.150443 0.117175 0.831421
v -0.150466 0.117119 0.830362
v -0.141944 0.114744 0.835024
v -0.141244 0.114482 0.834271
v -0.140700 0.114260 0.833387
v -0.140334 0.114087 0.832406
v -0.140159 0.113971 0.831367
v -0.140182 0.113915 0.830307
v -0.141393 0.114120 0.827415
v -0.142126 0.114303 0.826670
v -0.142981 0.114535 0.826086
v -0.143925 0.114805 0.825686
v -0.144923 0.115103 0.825484
v -0.145936 0.115419 0.825490
v -0.146925 0.115739 0.825701
v -0.147852 0.116052 0.826112
v -0.148682 0.116346 0.826705
v -0.149382 0.116609 0.827457
v -0.149925 0.116831 0.828341
v -0.150291 0.117003 0.829322
v -0.150223 0.117169 0.832459
v -0.149814 0.117100 0.833435
v -0.149232 0.116971 0.834313
v -0.148500 0.116787 0.835058
v -0.147645 0.116556 0.835642
v -0.146700 0.116286 0.836043
v -0.145702 0.115987 0.836244
v -0.144689 0.115671 0.836239
v -0.143700 0.115351 0.836027
v -0.142773 0.115038 0.835617
v -0.138594 0.112539 0.839742
v -0.140349 0.113160 0.840996
v -0.142310 0.113822 0.841864
v -0.144402 0.114500 0.842313
v -0.146545 0.115168 0.842324
v -0.148656 0.115800 0.841898
v -0.150655 0.116371 0.841051
v -0.152464 0.116861 0.839815
v -0.154013 0.117249 0.838239
v -0.155244 0.117522 0.836382
v -0.156109 0.117668 0.834316
v -0.156575 0.117682 0.832120
v -0.156624 0.117564 0.829879
v -0.156254 0.117318 0.827679
v -0.155479 0.116953 0.825605
v -0.154329 0.116483 0.823735
v -0.152848 0.115928 0.822143
v -0.151093 0.115307 0.820888
v -0.149132 0.114645 0.820020
v -0.147040 0.113967 0.819572
v -0.144897 0.113299 0.819561
v -0.142786 0.112667 0.819987
v -0.140787 0.112096 0.820834
v -0.138979 0.111606 0.822069
v -0.134867 0.110785 0.829764
v -0.134818 0.110903 0.832005
v -0.135188 0.111149 0.834205
v -0.135963 0.111514 0.836280
v -0.137113 0.111984 0.838149
v -0.157642 0.039014 0.838503
v -0.158417 0.039379 0.840577
v -0.159567 0.039848 0.842447
v -0.163971 0.039501 0.837841
v -0.164514 0.039723 0.838725
v -0.161048 0.040404 0.844039
v -0.165214 0.039986 0.839477
v -0.162803 0.041025 0.845294
v -0.166044 0.040279 0.840070
v -0.164764 0.041687 0.846162
v -0.166971 0.040592 0.840481
v -0.166856 0.042365 0.846610
v -0.167960 0.040913 0.840693
v -0.168999 0.043033 0.846621
v -0.168973 0.041228 0.840698
v -0.171110 0.043665 0.846195
v -0.169971 0.041527 0.840497
v -0.173109 0.044236 0.845348
v -0.170915 0.041797 0.840096
v -0.174917 0.044726 0.844113
v -0.171770 0.042029 0.839512
v -0.176467 0.045114 0.842536
v -0.172503 0.042212 0.838767
v -0.177698 0.045387 0.840679
v -0.173085 0.042341 0.837889
v -0.178563 0.045533 0.838613
v -0.173494 0.042410 0.836913
v -0.179029 0.045547 0.836418
v -0.173714 0.042417 0.835875
v -0.179078 0.045429 0.834177
v -0.173737 0.042361 0.834816
v -0.178707 0.045183 0.831977
v -0.173562 0.042245 0.833776
v -0.177932 0.044818 0.829902
v -0.173195 0.042072 0.832795
v -0.176782 0.044348 0.828033
v -0.172652 0.041850 0.831911
v -0.175302 0.043793 0.826440
v -0.171952 0.041588 0.831158
v -0.173547 0.043172 0.825186
v -0.171122 0.041294 0.830566
v -0.171586 0.042509 0.824318
v -0.170195 0.040981 0.830155
v -0.169494 0.041831 0.823869
v -0.169207 0.040661 0.829943
v -0.167351 0.041164 0.823858
v -0.168194 0.040345 0.829938
v -0.165240 0.040532 0.824284
v -0.167196 0.040046 0.830139
v -0.163241 0.039960 0.825131
v -0.166251 0.039776 0.830540
v -0.161432 0.039471 0.826367
v -0.165396 0.039545 0.831124
v -0.159883 0.039083 0.827943
v -0.164663 0.039361 0.831869
v -0.158652 0.038810 0.829800
v -0.164082 0.039232 0.832747
v -0.163673 0.039163 0.833723
v -0.157786 0.038664 0.831866
v -0.157321 0.038650 0.834062
v -0.163452 0.039156 0.834761
v -0.157272 0.038768 0.836303
v -0.163429 0.039212 0.835820
v -0.163604 0.039329 0.836860
v -0.192869 0.086681 0.847169
v -0.193046 0.086706 0.846687
v -0.167792 0.087245 0.869980
v -0.168258 0.087379 0.869809
v -0.182696 0.102288 0.850812
v -0.182928 0.101944 0.851007
v -0.177704 0.103620 0.855052
v -0.178004 0.103230 0.855218
v -0.173132 0.102474 0.859704
v -0.173400 0.102076 0.859901
v -0.183125 0.070831 0.861763
v -0.183136 0.070332 0.861618
v -0.167653 0.093572 0.867838
v -0.168087 0.093628 0.867707
v -0.187346 0.098456 0.848115
v -0.187466 0.098539 0.847682
v -0.169570 0.098998 0.864165
v -0.169852 0.098667 0.864308
v -0.178126 0.072088 0.865892
v -0.178086 0.071642 0.865794
v -0.173313 0.075390 0.868921
v -0.173706 0.075576 0.868783
v -0.169775 0.080873 0.870360
v -0.170241 0.081009 0.870189
v -0.192965 0.080403 0.849190
v -0.193126 0.080357 0.848765
v -0.191201 0.075365 0.852591
v -0.191211 0.074932 0.852442
v -0.187729 0.071985 0.857079
v -0.187709 0.071479 0.856967
v -0.190886 0.093052 0.846790
v -0.191062 0.093078 0.846307
v -0.167024 0.079788 0.871144
v -0.176116 0.074075 0.867328
v -0.169797 0.073289 0.869892
v -0.172949 0.079859 0.869052
v -0.191799 0.093407 0.843356
v -0.193938 0.086535 0.843765
v -0.188402 0.091103 0.852956
v -0.190279 0.083859 0.853343
v -0.191016 0.070568 0.851113
v -0.186597 0.073791 0.858624
v -0.187481 0.068462 0.856078
v -0.190596 0.076290 0.853567
v -0.194406 0.079458 0.844858
v -0.177831 0.067263 0.864527
v -0.171656 0.065915 0.867277
v -0.170611 0.086441 0.869073
v -0.164885 0.086661 0.870735
v -0.169421 0.093067 0.867400
v -0.163535 0.093406 0.868694
v -0.171343 0.104734 0.858424
v -0.175121 0.095953 0.863217
v -0.166926 0.102296 0.862440
v -0.175840 0.105861 0.853850
v -0.180347 0.097471 0.858223
v -0.180112 0.105601 0.849026
v -0.185087 0.097873 0.852426
v -0.183045 0.105733 0.842791
v -0.188144 0.099575 0.843659
v -0.181608 0.073017 0.863389
v -0.182985 0.067335 0.860652
v -0.193718 0.071445 0.844833
v -0.160983 0.100203 0.865234
v -0.180968 0.077168 0.864336
v -0.183754 0.077705 0.861953
v -0.184139 0.073175 0.861125
v -0.182919 0.100952 0.852098
v -0.185182 0.100049 0.849833
v -0.187244 0.097535 0.849268
v -0.178041 0.101280 0.856986
v -0.180437 0.101388 0.854577
v -0.182762 0.097869 0.855443
v -0.173332 0.099607 0.861805
v -0.175583 0.100664 0.859487
v -0.177800 0.096833 0.860814
v -0.169272 0.096061 0.866018
v -0.171147 0.098001 0.864073
v -0.172302 0.094668 0.865432
v -0.169877 0.089728 0.868464
v -0.173451 0.091179 0.866435
v -0.174589 0.087641 0.867008
v -0.190629 0.080069 0.853487
v -0.192321 0.081223 0.850240
v -0.192025 0.078063 0.851143
v -0.186301 0.078343 0.859363
v -0.188610 0.079084 0.856562
v -0.188714 0.074798 0.856161
v -0.189512 0.087535 0.853169
v -0.191569 0.088014 0.849037
v -0.192168 0.084676 0.849501
v -0.186948 0.094562 0.852705
v -0.189096 0.094546 0.848913
v -0.190506 0.091428 0.848834
v -0.171674 0.083027 0.869277
v -0.175699 0.084073 0.867221
v -0.176783 0.080476 0.867073
v -0.174498 0.076756 0.868371
v -0.177844 0.076864 0.866492
v -0.178824 0.073339 0.865543
v -0.182263 0.093717 0.859086
v -0.184663 0.094272 0.856129
v -0.186109 0.090675 0.856572
v -0.176734 0.092285 0.864195
v -0.179624 0.093055 0.861771
v -0.181022 0.089435 0.862282
v -0.184840 0.086403 0.859790
v -0.187260 0.086980 0.856792
v -0.188118 0.083174 0.856790
v -0.179241 0.084970 0.864949
v -0.182174 0.085734 0.862502
v -0.183088 0.081928 0.862434
s 1
usemtl White
f 572 571 1
f 3 1731 572
f 1731 434 1361
f 571 1361 2
f 573 670 4
f 1 1732 573
f 1732 2 668
f 670 668 96
f 575 574 5
f 6 1733 575
f 1733 3 572
f 574 572 1
f 576 1513 7
f 5 1734 576
f 1734 1 573
f 1513 573 4
f 578 577 8
f 9 1735 578
f 1735 6 575
f 577 575 5
f 579 1511 10
f 8 1736 579
f 1736 5 576
f 1511 576 7
f 581 580 11
f 12 1737 581
f 1737 9 578
f 580 578 8
f 582 1509 13
f 11 1738 582
f 1738 8 579
f 1509 579 10
f 584 583 14
f 15 1739 584
f 1739 12 581
f 583 581 11
f 585 1507 16
f 14 1740 585
f 1740 11 582
f 1507 582 13
f 587 586 17
f 18 1741 587
f 1741 15 584
f 586 584 14
f 588 1505 19
f 17 1742 588
f 1742 14 585
f 1505 585 16
f 590 589 20
f 21 1743 590
f 1743 18 587
f 589 587 17
f 591 1503 22
f 20 1744 591
f 1744 17 588
f 1503 588 19
f 593 592 23
f 24 1745 593
f 1745 21 590
f 592 590 20
f 594 1501 25
f 23 1746 594
f 1746 20 591
f 1501 591 22
f 596 595 26
f 27 1747 596
f 1747 24 593
f 595 593 23
f 597 1499 28
f 26 1748 597
f 1748 23 594
f 1499 594 25
f 599 598 29
f 30 1749 599
f 1749 27 596
f 598 596 26
f 600 1497 31
f 29 1750 600
f 1750 26 597
f 1497 597 28
f 602 601 32
f 33 1751 602
f 1751 30 599
f 601 599 29
f 603 1495 34
f 32 1752 603
f 1752 29 600
f 1495 600 31
f 605 604 35
f 36 1753 605
f 1753 33 602
f 604 602 32
f 606 1493 37
f 35 1754 606
f 1754 32 603
f 1493 603 34
f 608 607 38
f 39 1755 608
f 1755 36 605
f 607 605 35
f 609 1491 40
f 38 1756 609
f 1756 35 606
f 1491 606 37
f 611 610 41
f 42 1757 611
f 1757 39 608
f 610 608 38
f 612 1489 43
f 41 1758 612
f 1758 38 609
f 1489 609 40
f 614 613 44
f 45 1759 614
f 1759 42 611
f 613 611 41
f 615 1487 46
f 44 1760 615
f 1760 41 612
f 1487 612 43
f 617 616 47
f 48 1761 617
f 1761 45 614
f 616 614 44
f 618 1485 49
f 47 1762 618
f 1762 44 615
f 1485 615 46
f 620 619 50
f 51 1763 620
f 1763 48 617
f 619 617 47
f 621 1483 52
f 50 1764 621
f 1764 47 618
f 1483 618 49
f 623 622 53
f 54 1765 623
f 1765 51 620
f 622 620 50
f 624 1481 55
f 53 1766 624
f 1766 50 621
f 1481 621 52
f 626 625 56
f 57 1767 626
f 1767 54 623
f 625 623 53
f 627 1479 58
f 56 1768 627
f 1768 53 624
f 1479 624 55
f 629 628 59
f 60 1769 629
f 1769 57 626
f 628 626 56
f 630 1477 61
f 59 1770 630
f 1770 56 627
f 1477 627 58
f 632 631 62
f 63 1771 632
f 1771 60 629
f 631 629 59
f 633 1475 64
f 62 1772 633
f 1772 59 630
f 1475 630 61
f 635 634 65
f 66 1773 635
f 1773 63 632
f 634 632 62
f 636 1473 67
f 65 1774 636
f 1774 62 633
f 1473 633 64
f 638 637 68
f 69 1775 638
f 1775 66 635
f 637 635 65
f 639 1471 70
f 68 1776 639
f 1776 65 636
f 1471 636 67
f 641 640 71
f 72 1777 641
f 1777 69 638
f 640 638 68
f 642 1469 73
f 71 1778 642
f 1778 68 639
f 1469 639 70
f 644 643 74
f 75 1779 644
f 1779 72 641
f 643 641 71
f 645 1467 76
f 74 1780 645
f 1780 71 642
f 1467 642 73
f 647 646 77
f 78 1781 647
f 1781 75 644
f 646 644 74
f 648 1465 79
f 77 1782 648
f 1782 74 645
f 1465 645 76
f 650 649 80
f 81 1783 650
f 1783 78 647
f 649 647 77
f 651 1463 82
f 80 1784 651
f 1784 77 648
f 1463 648 79
f 653 652 83
f 84 1785 653
f 1785 81 650
f 652 650 80
f 654 1461 85
f 83 1786 654
f 1786 80 651
f 1461 651 82
f 656 655 86
f 87 1787 656
f 1787 84 653
f 655 653 83
f 657 1459 88
f 86 1788 657
f 1788 83 654
f 1459 654 85
f 659 658 89
f 90 1789 659
f 1789 87 656
f 658 656 86
f 660 1457 91
f 89 1790 660
f 1790 86 657
f 1457 657 88
f 662 661 92
f 93 1791 662
f 1791 90 659
f 661 659 89
f 663 667 94
f 92 1792 663
f 1792 89 660
f 667 660 91
f 1361 664 2
f 434 1793 1361
f 1793 93 662
f 664 662 92
f 668 666 96
f 2 1794 668
f 1794 92 663
f 666 663 94
f 665 758 95
f 94 1795 665
f 1795 91 756
f 758 756 152
f 669 673 97
f 96 1796 669
f 1796 94 665
f 673 665 95
f 674 672 99
f 4 1797 674
f 1797 96 669
f 672 669 97
f 677 676 101
f 7 1800 677
f 1800 4 674
f 676 674 99
f 680 679 103
f 10 1802 680
f 1802 7 677
f 679 677 101
f 683 682 105
f 13 1804 683
f 1804 10 680
f 682 680 103
f 686 685 107
f 16 1806 686
f 1806 13 683
f 685 683 105
f 689 688 109
f 19 1808 689
f 1505 686 1808
f 1808 107 688
f 692 691 111
f 22 1810 692
f 1503 689 1810
f 1810 109 691
f 112 1811 693
f 694 1501 1811
f 1501 692 1811
f 1811 111 693
f 113 1812 695
f 696 1499 1812
f 1812 25 694
f 695 694 112
f 698 697 114
f 31 1813 698
f 1497 696 1813
f 1813 113 697
f 115 1814 699
f 700 1495 1814
f 1495 698 1814
f 1814 114 699
f 116 1815 701
f 702 1493 1815
f 1815 34 700
f 701 700 115
f 118 1816 704
f 705 1491 1816
f 1816 37 702
f 704 702 116
f 708 707 120
f 43 1818 708
f 1818 40 705
f 707 705 118
f 711 710 122
f 46 1820 711
f 1820 43 708
f 710 708 120
f 714 713 124
f 49 1822 714
f 1822 46 711
f 713 711 122
f 717 716 126
f 52 1824 717
f 1824 49 714
f 716 714 124
f 720 719 128
f 55 1826 720
f 1826 52 717
f 719 717 126
f 723 722 130
f 58 1828 723
f 1828 55 720
f 722 720 128
f 726 725 132
f 61 1830 726
f 1830 58 723
f 725 723 130
f 729 728 134
f 64 1832 729
f 1832 61 726
f 728 726 132
f 732 731 136
f 67 1834 732
f 1834 64 729
f 731 729 134
f 735 734 138
f 70 1836 735
f 1836 67 732
f 734 732 136
f 738 737 140
f 73 1838 738
f 1838 70 735
f 737 735 138
f 741 740 142
f 76 1840 741
f 1840 73 738
f 740 738 140
f 744 743 144
f 79 1842 744
f 1842 76 741
f 743 741 142
f 747 746 146
f 82 1844 747
f 1844 79 744
f 746 744 144
f 750 749 148
f 85 1846 750
f 1846 82 747
f 749 747 146
f 753 752 150
f 88 1848 753
f 1848 85 750
f 752 750 148
f 756 755 152
f 91 1850 756
f 1850 88 753
f 755 753 150
f 570 1870 1727
f 1730 1628 1870
f 1870 172 1627
f 1727 1627 515
f 569 1871 1723
f 518 1871 1726
f 1630 1629 1871
f 1723 1629 517
f 1722 1719 568
f 526 1926 1722
f 1638 1632 1926
f 1926 520 1719
f 1718 1715 567
f 525 1927 1718
f 1325 1634 1927
f 1927 522 1715
f 274 1964 1034
f 941 943 1964
f 943 1032 1964
f 1964 336 1034
f 276 1965 1285
f 945 942 1965
f 942 941 1965
f 1965 274 1285
f 278 1967 1284
f 948 946 1967
f 946 945 1967
f 1967 276 1284
f 280 1969 1283
f 951 949 1969
f 949 948 1969
f 1969 278 1283
f 282 1971 1282
f 954 952 1971
f 952 951 1971
f 1971 280 1282
f 284 1973 1281
f 957 955 1973
f 955 954 1973
f 1973 282 1281
f 286 1975 1280
f 960 958 1975
f 958 957 1975
f 1975 284 1280
f 288 1977 1279
f 963 961 1977
f 961 960 1977
f 1977 286 1279
f 290 1979 1278
f 966 964 1979
f 964 963 1979
f 1979 288 1278
f 292 1981 1277
f 969 967 1981
f 1981 289 966
f 1277 966 290
f 294 1982 1276
f 971 970 1982
f 1982 291 969
f 1276 969 292
f 973 1275 296
f 295 1983 973
f 1983 293 971
f 1275 971 294
f 975 1274 298
f 297 1984 975
f 974 973 1984
f 1984 296 1274
f 300 1985 1273
f 977 976 1985
f 1985 297 975
f 1273 975 298
f 979 1272 302
f 301 1986 979
f 1986 299 977
f 1272 977 300
f 982 1271 304
f 303 1987 982
f 980 979 1987
f 1987 302 1271
f 985 1270 306
f 305 1989 985
f 983 982 1989
f 1989 304 1270
f 308 1991 1269
f 988 986 1991
f 986 985 1991
f 1991 306 1269
f 310 1993 1268
f 991 989 1993
f 989 988 1993
f 1993 308 1268
f 312 1995 1267
f 994 992 1995
f 992 991 1995
f 1995 310 1267
f 314 1997 1266
f 997 995 1997
f 995 994 1997
f 1997 312 1266
f 316 1999 1265
f 1000 998 1999
f 998 997 1999
f 1999 314 1265
f 318 2001 1264
f 1003 1001 2001
f 1001 1000 2001
f 2001 316 1264
f 320 2003 1263
f 1006 1004 2003
f 1004 1003 2003
f 2003 318 1263
f 322 2005 1262
f 1009 1007 2005
f 1007 1006 2005
f 2005 320 1262
f 324 2007 1261
f 1012 1010 2007
f 1010 1009 2007
f 2007 322 1261
f 326 2009 1260
f 1015 1013 2009
f 1013 1012 2009
f 2009 324 1260
f 328 2011 1259
f 1018 1016 2011
f 1016 1015 2011
f 2011 326 1259
f 330 2013 1258
f 1021 1019 2013
f 1019 1018 2013
f 2013 328 1258
f 332 2015 1257
f 1024 1022 2015
f 1022 1021 2015
f 2015 330 1257
f 334 2017 1031
f 1027 1025 2017
f 1025 1024 2017
f 2017 332 1031
f 336 2018 1030
f 1032 1028 2018
f 1028 1027 2018
f 2018 334 1030
f 335 2019 1127
f 1029 1031 2019
f 1031 1125 2019
f 2019 397 1127
f 337 2020 1037
f 1033 1030 2020
f 1030 1029 2020
f 2020 335 1037
f 339 2021 1036
f 1038 1034 2021
f 1034 1033 2021
f 2021 337 1036
f 338 2022 1133
f 1035 1037 2022
f 1037 1131 2022
f 2022 400 1133
f 340 2023 1256
f 1039 1036 2023
f 1036 1035 2023
f 2023 338 1256
f 341 2024 1040
f 1041 1285 2024
f 1285 1038 2024
f 2024 339 1040
f 342 2025 1255
f 1042 1040 2025
f 1040 1039 2025
f 2025 340 1255
f 343 2026 1043
f 1044 1284 2026
f 1284 1041 2026
f 2026 341 1043
f 344 2027 1254
f 1045 1043 2027
f 1043 1042 2027
f 2027 342 1254
f 345 2028 1046
f 1047 1283 2028
f 1283 1044 2028
f 2028 343 1046
f 346 2029 1253
f 1048 1046 2029
f 1046 1045 2029
f 2029 344 1253
f 347 2030 1049
f 1050 1282 2030
f 1282 1047 2030
f 2030 345 1049
f 348 2031 1252
f 1051 1049 2031
f 1049 1048 2031
f 2031 346 1252
f 349 2032 1052
f 1053 1281 2032
f 1281 1050 2032
f 2032 347 1052
f 350 2033 1251
f 1054 1052 2033
f 1052 1051 2033
f 2033 348 1251
f 351 2034 1055
f 1056 1280 2034
f 1280 1053 2034
f 2034 349 1055
f 352 2035 1250
f 1057 1055 2035
f 1055 1054 2035
f 2035 350 1250
f 353 2036 1058
f 1059 1279 2036
f 1279 1056 2036
f 2036 351 1058
f 354 2037 1249
f 1060 1058 2037
f 1058 1057 2037
f 2037 352 1249
f 355 2038 1061
f 1062 1278 2038
f 1278 1059 2038
f 2038 353 1061
f 356 2039 1248
f 1063 1061 2039
f 1061 1060 2039
f 2039 354 1248
f 357 2040 1064
f 1065 1277 2040
f 1277 1062 2040
f 2040 355 1064
f 358 2041 1247
f 1066 1064 2041
f 1064 1063 2041
f 2041 356 1247
f 359 2042 1067
f 1068 1276 2042
f 1276 1065 2042
f 2042 357 1067
f 360 2043 1246
f 1069 1067 2043
f 1067 1066 2043
f 2043 358 1246
f 361 2044 1070
f 1071 1275 2044
f 1275 1068 2044
f 2044 359 1070
f 362 2045 1245
f 1072 1070 2045
f 1070 1069 2045
f 2045 360 1245
f 363 2046 1073
f 1074 1274 2046
f 1274 1071 2046
f 2046 361 1073
f 364 2047 1244
f 1075 1073 2047
f 1073 1072 2047
f 2047 362 1244
f 365 2048 1076
f 1077 1273 2048
f 1273 1074 2048
f 2048 363 1076
f 366 2049 1243
f 1078 1076 2049
f 1076 1075 2049
f 2049 364 1243
f 367 2050 1079
f 1080 1272 2050
f 1272 1077 2050
f 2050 365 1079
f 368 2051 1242
f 1081 1079 2051
f 1079 1078 2051
f 2051 366 1242
f 369 2052 1082
f 1083 1271 2052
f 1271 1080 2052
f 2052 367 1082
f 370 2053 1241
f 1084 1082 2053
f 1082 1081 2053
f 2053 368 1241
f 371 2054 1085
f 1086 1270 2054
f 1270 1083 2054
f 2054 369 1085
f 372 2055 1240
f 1087 1085 2055
f 1085 1084 2055
f 2055 370 1240
f 373 2056 1088
f 1089 1269 2056
f 1269 1086 2056
f 2056 371 1088
f 374 2057 1239
f 1090 1088 2057
f 1088 1087 2057
f 2057 372 1239
f 375 2058 1091
f 1092 1268 2058
f 1268 1089 2058
f 2058 373 1091
f 376 2059 1238
f 1093 1091 2059
f 1091 1090 2059
f 2059 374 1238
f 377 2060 1094
f 1095 1267 2060
f 1267 1092 2060
f 2060 375 1094
f 378 2061 1237
f 1096 1094 2061
f 1094 1093 2061
f 2061 376 1237
f 379 2062 1097
f 1098 1266 2062
f 1266 1095 2062
f 2062 377 1097
f 380 2063 1236
f 1099 1097 2063
f 1097 1096 2063
f 2063 378 1236
f 381 2064 1100
f 1101 1265 2064
f 1265 1098 2064
f 2064 379 1100
f 382 2065 1235
f 1102 1100 2065
f 1100 1099 2065
f 2065 380 1235
f 383 2066 1103
f 1104 1264 2066
f 1264 1101 2066
f 2066 381 1103
f 384 2067 1234
f 1105 1103 2067
f 1103 1102 2067
f 2067 382 1234
f 385 2068 1106
f 1107 1263 2068
f 1263 1104 2068
f 2068 383 1106
f 386 2069 1233
f 1108 1106 2069
f 1106 1105 2069
f 2069 384 1233
f 387 2070 1109
f 1110 1262 2070
f 1262 1107 2070
f 2070 385 1109
f 388 2071 1232
f 1111 1109 2071
f 1109 1108 2071
f 2071 386 1232
f 389 2072 1112
f 1113 1261 2072
f 1261 1110 2072
f 2072 387 1112
f 390 2073 1231
f 1114 1112 2073
f 1112 1111 2073
f 2073 388 1231
f 391 2074 1115
f 1116 1260 2074
f 1260 1113 2074
f 2074 389 1115
f 392 2075 1230
f 1117 1115 2075
f 1115 1114 2075
f 2075 390 1230
f 393 2076 1118
f 1119 1259 2076
f 1259 1116 2076
f 2076 391 1118
f 394 2077 1229
f 1120 1118 2077
f 1118 1117 2077
f 2077 392 1229
f 395 2078 1121
f 1122 1258 2078
f 1258 1119 2078
f 2078 393 1121
f 396 2079 1228
f 1123 1121 2079
f 1121 1120 2079
f 2079 394 1228
f 397 2080 1124
f 1125 1257 2080
f 1257 1122 2080
f 2080 395 1124
f 398 2081 1130
f 1126 1124 2081
f 1124 1123 2081
f 2081 396 1130
f 400 2082 1129
f 1131 1127 2082
f 1127 1126 2082
f 2082 398 1129
f 1128 1215 399
f 398 2083 1128
f 2083 396 1214
f 1215 1214 410
f 1132 1135 401
f 400 2084 1132
f 2084 398 1128
f 1135 1128 399
f 1227 1134 402
f 338 2085 1227
f 2085 400 1132
f 1134 1132 401
f 1143 1136 403
f 402 2086 1143
f 401 2086 1134
f 1136 1144 403
f 401 2087 1136
f 399 2087 1135
f 1137 1157 403
f 404 2088 1137
f 422 2088 1190
f 1156 1137 403
f 421 2089 1156
f 404 2089 1193
f 1167 1138 403
f 432 2090 1167
f 405 2090 1170
f 1138 1139 403
f 405 2091 1138
f 406 2091 1224
f 1139 1140 403
f 406 2092 1139
f 407 2092 1222
f 1140 1141 403
f 407 2093 1140
f 408 2093 1220
f 1141 1142 403
f 408 2094 1141
f 409 2094 1217
f 1142 1143 403
f 409 2095 1142
f 402 2095 1218
f 1144 1145 403
f 399 2096 1144
f 410 2096 1215
f 1145 1146 403
f 410 2097 1145
f 411 2097 1213
f 1146 1147 403
f 411 2098 1146
f 412 2098 1211
f 1147 1148 403
f 412 2099 1147
f 413 2099 1209
f 1148 1149 403
f 413 2100 1148
f 414 2100 1207
f 1149 1150 403
f 414 2101 1149
f 415 2101 1205
f 1150 1151 403
f 415 2102 1150
f 416 2102 1203
f 1151 1152 403
f 416 2103 1151
f 417 2103 1201
f 1152 1153 403
f 417 2104 1152
f 418 2104 1199
f 1153 1154 403
f 418 2105 1153
f 419 2105 1197
f 1154 1155 403
f 419 2106 1154
f 420 2106 1195
f 1155 1156 403
f 420 2107 1155
f 421 2107 1192
f 1157 1158 403
f 422 2108 1157
f 423 2108 1188
f 1158 1159 403
f 423 2109 1158
f 424 2109 1186
f 1159 1160 403
f 424 2110 1159
f 425 2110 1184
f 1160 1161 403
f 425 2111 1160
f 426 2111 1182
f 1161 1162 403
f 426 2112 1161
f 427 2112 1180
f 1162 1163 403
f 427 2113 1162
f 428 2113 1178
f 1163 1164 403
f 428 2114 1163
f 429 2114 1176
f 1164 1165 403
f 429 2115 1164
f 430 2115 1174
f 1165 1166 403
f 430 2116 1165
f 431 2116 1172
f 1166 1167 403
f 431 2117 1166
f 432 2117 1169
f 1168 1170 432
f 350 2118 1168
f 2118 348 1225
f 1170 1225 405
f 1171 1169 431
f 352 2119 1171
f 2119 350 1168
f 1169 1168 432
f 1173 1172 430
f 354 2120 1173
f 2120 352 1171
f 1172 1171 431
f 1175 1174 429
f 356 2121 1175
f 2121 354 1173
f 1174 1173 430
f 1177 1176 428
f 358 2122 1177
f 2122 356 1175
f 1176 1175 429
f 1179 1178 427
f 360 2123 1179
f 2123 358 1177
f 1178 1177 428
f 1181 1180 426
f 362 2124 1181
f 2124 360 1179
f 1180 1179 427
f 1183 1182 425
f 364 2125 1183
f 2125 362 1181
f 1182 1181 426
f 1185 1184 424
f 366 2126 1185
f 2126 364 1183
f 1184 1183 425
f 1187 1186 423
f 368 2127 1187
f 2127 366 1185
f 1186 1185 424
f 1189 1188 422
f 370 2128 1189
f 2128 368 1187
f 1188 1187 423
f 1226 1190 404
f 372 2129 1226
f 2129 370 1189
f 1190 1189 422
f 1191 1193 421
f 374 2130 1191
f 2130 372 1226
f 1193 1226 404
f 1194 1192 420
f 376 2131 1194
f 2131 374 1191
f 1192 1191 421
f 1196 1195 419
f 378 2132 1196
f 2132 376 1194
f 1195 1194 420
f 1198 1197 418
f 380 2133 1198
f 2133 378 1196
f 1197 1196 419
f 1200 1199 417
f 382 2134 1200
f 2134 380 1198
f 1199 1198 418
f 1202 1201 416
f 384 2135 1202
f 2135 382 1200
f 1201 1200 417
f 1204 1203 415
f 386 2136 1204
f 2136 384 1202
f 1203 1202 416
f 1206 1205 414
f 388 2137 1206
f 2137 386 1204
f 1205 1204 415
f 1208 1207 413
f 390 2138 1208
f 2138 388 1206
f 1207 1206 414
f 1210 1209 412
f 392 2139 1210
f 2139 390 1208
f 1209 1208 413
f 1212 1211 411
f 394 2140 1212
f 2140 392 1210
f 1211 1210 412
f 1214 1213 410
f 396 2141 1214
f 2141 394 1212
f 1213 1212 411
f 1216 1218 409
f 340 2142 1216
f 2142 338 1227
f 1218 1227 402
f 1219 1217 408
f 342 2143 1219
f 2143 340 1216
f 1217 1216 409
f 1221 1220 407
f 344 2144 1221
f 2144 342 1219
f 1220 1219 408
f 1223 1222 406
f 346 2145 1223
f 2145 344 1221
f 1222 1221 407
f 1225 1224 405
f 348 2146 1225
f 2146 346 1223
f 1224 1223 406
f 93 2147 1359
f 1357 1454 2147
f 1454 1453 2147
f 2147 90 1359
f 434 2148 1358
f 1360 1363 2148
f 1363 1357 2148
f 2148 93 1358
f 3 2149 1362
f 1366 1365 2149
f 1365 1360 2149
f 2149 434 1362
f 435 2150 1363
f 1456 1364 436
f 433 2150 1456
f 437 2151 1365
f 1364 1368 436
f 435 2151 1364
f 6 2152 1514
f 1369 1367 2152
f 1367 1366 2152
f 2152 3 1514
f 438 2153 1367
f 1368 1371 436
f 437 2153 1368
f 9 2154 1512
f 1372 1370 2154
f 1370 1369 2154
f 2154 6 1512
f 439 2155 1370
f 1371 1374 436
f 438 2155 1371
f 12 2156 1510
f 1375 1373 2156
f 1373 1372 2156
f 2156 9 1510
f 440 2157 1373
f 1374 1377 436
f 439 2157 1374
f 15 2158 1508
f 1378 1376 2158
f 1376 1375 2158
f 2158 12 1508
f 441 2159 1376
f 1377 1380 436
f 440 2159 1377
f 18 2160 1506
f 1381 1379 2160
f 1379 1378 2160
f 2160 15 1506
f 442 2161 1379
f 1380 1383 436
f 441 2161 1380
f 21 2162 1504
f 1384 1382 2162
f 1382 1381 2162
f 2162 18 1504
f 443 2163 1382
f 1383 1386 436
f 442 2163 1383
f 24 2164 1502
f 1387 1385 2164
f 1385 1384 2164
f 2164 21 1502
f 444 2165 1385
f 1386 1389 436
f 443 2165 1386
f 27 2166 1500
f 1390 1388 2166
f 1388 1387 2166
f 2166 24 1500
f 445 2167 1388
f 1389 1392 436
f 444 2167 1389
f 30 2168 1498
f 1393 1391 2168
f 1391 1390 2168
f 2168 27 1498
f 446 2169 1391
f 1392 1395 436
f 445 2169 1392
f 33 2170 1496
f 1396 1394 2170
f 1394 1393 2170
f 2170 30 1496
f 447 2171 1394
f 1395 1398 436
f 446 2171 1395
f 36 2172 1494
f 1399 1397 2172
f 1397 1396 2172
f 2172 33 1494
f 448 2173 1397
f 1398 1401 436
f 447 2173 1398
f 39 2174 1492
f 1402 1400 2174
f 1400 1399 2174
f 2174 36 1492
f 449 2175 1400
f 1401 1404 436
f 448 2175 1401
f 42 2176 1490
f 1405 1403 2176
f 1403 1402 2176
f 2176 39 1490
f 450 2177 1403
f 1404 1407 436
f 449 2177 1404
f 45 2178 1488
f 1408 1406 2178
f 1406 1405 2178
f 2178 42 1488
f 451 2179 1406
f 1407 1410 436
f 450 2179 1407
f 48 2180 1486
f 1411 1409 2180
f 1409 1408 2180
f 2180 45 1486
f 452 2181 1409
f 1410 1413 436
f 451 2181 1410
f 51 2182 1484
f 1414 1412 2182
f 1412 1411 2182
f 2182 48 1484
f 453 2183 1412
f 1413 1416 436
f 452 2183 1413
f 54 2184 1482
f 1417 1415 2184
f 1415 1414 2184
f 2184 51 1482
f 454 2185 1415
f 1416 1419 436
f 453 2185 1416
f 57 2186 1480
f 1420 1418 2186
f 1418 1417 2186
f 2186 54 1480
f 455 2187 1418
f 1419 1422 436
f 454 2187 1419
f 60 2188 1478
f 1423 1421 2188
f 1421 1420 2188
f 2188 57 1478
f 456 2189 1421
f 1422 1425 436
f 455 2189 1422
f 63 2190 1476
f 1426 1424 2190
f 1424 1423 2190
f 2190 60 1476
f 457 2191 1424
f 1425 1428 436
f 456 2191 1425
f 66 2192 1474
f 1429 1427 2192
f 1427 1426 2192
f 2192 63 1474
f 458 2193 1427
f 1428 1431 436
f 457 2193 1428
f 69 2194 1472
f 1432 1430 2194
f 1430 1429 2194
f 2194 66 1472
f 459 2195 1430
f 1431 1434 436
f 458 2195 1431
f 72 2196 1470
f 1435 1433 2196
f 1433 1432 2196
f 2196 69 1470
f 460 2197 1433
f 1434 1437 436
f 459 2197 1434
f 75 2198 1468
f 1438 1436 2198
f 1436 1435 2198
f 2198 72 1468
f 461 2199 1436
f 1437 1440 436
f 460 2199 1437
f 78 2200 1466
f 1441 1439 2200
f 1439 1438 2200
f 2200 75 1466
f 462 2201 1439
f 1440 1443 436
f 461 2201 1440
f 81 2202 1464
f 1445 1442 2202
f 1442 1441 2202
f 2202 78 1464
f 463 2203 1442
f 1443 1444 436
f 462 2203 1443
f 464 2204 1446
f 1444 1449 436
f 463 2204 1444
f 84 2205 1462
f 1447 1446 2205
f 1446 1445 2205
f 2205 81 1462
f 87 2206 1460
f 1450 1448 2206
f 1448 1447 2206
f 2206 84 1460
f 465 2207 1448
f 1449 1452 436
f 464 2207 1449
f 90 2208 1458
f 1453 1451 2208
f 1451 1450 2208
f 2208 87 1458
f 466 2209 1451
f 1452 1455 436
f 465 2209 1452
f 433 2210 1454
f 1455 1456 436
f 466 2210 1455
f 1639 1515 477
f 527 2211 1639
f 1517 1516 470
f 1518 1517 472
f 478 2211 1518
f 1525 1526 484
f 487 2214 1525
f 1640 1527 486
f 528 2214 1640
f 1526 1528 482
f 1532 1533 496
f 499 2216 1532
f 1641 1534 498
f 529 2216 1641
f 1533 1535 494
f 1538 1539 493
f 496 2218 1538
f 1642 1533 494
f 530 2218 1642
f 1539 1540 491
f 490 2220 1544
f 1539 1543 493
f 1643 1539 491
f 531 2220 1643
f 1544 1545 488
f 1644 1546 501
f 532 2221 1644
f 1548 1547 503
f 1549 1548 505
f 502 2221 1549
f 1555 1527 487
f 511 2224 1555
f 1645 1556 510
f 533 2224 1645
f 1527 1557 486
f 1646 1558 513
f 534 2225 1646
f 1534 1559 498
f 499 2225 1534
f 1558 1560 514
f 511 2228 1556
f 1544 1564 490
f 1647 1544 488
f 535 2228 1647
f 1556 1565 510
f 1648 1566 479
f 536 2229 1648
f 1546 1567 501
f 1568 1546 502
f 481 2229 1568
f 481 2232 1566
f 1574 1573 469
f 1649 1574 468
f 537 2232 1649
f 1566 1575 479
f 469 2234 1574
f 1526 1577 484
f 1650 1526 482
f 538 2234 1650
f 1574 1578 468
f 1651 1579 507
f 539 2235 1651
f 1515 1580 477
f 1581 1515 478
f 508 2235 1581
f 1652 1584 474
f 540 2237 1652
f 1579 1585 507
f 508 2237 1579
f 1584 1586 475
f 1653 1548 503
f 541 2239 1653
f 1584 1589 474
f 475 2239 1584
f 1548 1590 505
f 1654 1517 470
f 542 2241 1654
f 1558 1592 513
f 514 2241 1558
f 1517 1593 472
f 566 2244 1711
f 1714 1648 2244
f 2244 479 1575
f 1711 1575 537
f 565 2246 1707
f 1710 1655 2246
f 2246 468 1578
f 1707 1578 538
f 564 2249 1703
f 1706 1605 2249
f 2249 177 1636
f 1703 1636 524
f 1702 1699 563
f 548 2250 1702
f 1606 1631 2250
f 2250 519 1699
f 1698 1695 562
f 541 2252 1698
f 2252 503 1662
f 2252 550 1695
f 1694 1691 561
f 540 2254 1694
f 1652 1609 2254
f 2254 549 1691
f 1690 1687 560
f 545 2258 1690
f 2258 482 1528
f 2258 528 1687
f 1686 1683 559
f 551 2260 1686
f 1663 1557 2260
f 2260 533 1683
f 1682 1679 558
f 521 2263 1682
f 1633 1617 2263
f 2263 552 1679
f 557 2266 1675
f 1678 1635 2266
f 2266 235 1621
f 1675 1621 553
f 556 2268 1671
f 1674 1658 2268
f 2268 236 1624
f 1671 1624 554
f 555 2271 1667
f 1670 1644 2271
f 2271 501 1598
f 1667 1598 544
f 516 2275 1628
f 1669 1667 2275
f 2275 544 1656
f 1628 1656 172
f 174 2276 789
f 1610 1668 2276
f 2276 555 1669
f 789 1669 516
f 550 2277 1668
f 503 2277 1662
f 2277 532 1670
f 1668 1670 555
f 529 2278 1535
f 1673 1671 2278
f 2278 554 1666
f 1535 1666 494
f 498 2279 1641
f 1559 1672 2279
f 2279 556 1673
f 1641 1673 529
f 534 2280 1672
f 1646 1604 2280
f 2280 546 1674
f 1672 1674 556
f 530 2281 1540
f 1677 1675 2281
f 2281 553 1665
f 2281 491 1540
f 494 2282 1642
f 1666 1676 2282
f 2282 557 1677
f 1642 1677 530
f 554 2283 1676
f 1624 882 2283
f 2283 523 1678
f 1676 1678 557
f 1681 1545 531
f 558 2284 1681
f 1679 1664 2284
f 2284 488 1545
f 491 2285 1643
f 553 2285 1665
f 1680 1681 2285
f 2285 531 1643
f 1621 1680 553
f 235 2286 1621
f 880 1682 2286
f 2286 558 1680
f 1685 1565 535
f 559 2287 1685
f 1683 1645 2287
f 2287 510 1565
f 1664 1647 488
f 552 2288 1664
f 1684 1685 2288
f 2288 535 1647
f 1617 1684 552
f 234 2289 1617
f 1615 1686 2289
f 2289 559 1684
f 1689 1663 551
f 560 2290 1689
f 1687 1640 2290
f 2290 486 1663
f 879 1615 234
f 520 2291 879
f 1688 1689 2291
f 2291 551 1615
f 1632 1688 520
f 173 2292 1632
f 1600 1690 2292
f 2292 560 1688
f 1693 1606 548
f 561 2293 1693
f 1691 1661 2293
f 2293 176 1606
f 1580 1660 477
f 539 2294 1580
f 1692 1693 2294
f 2294 548 1660
f 1651 1692 539
f 507 2295 1651
f 1585 1694 2295
f 2295 561 1692
f 1697 1630 518
f 562 2296 1697
f 1695 1610 2296
f 2296 174 1630
f 1661 791 176
f 549 2297 1661
f 1696 1697 2297
f 2297 518 791
f 1609 1696 549
f 474 2298 1609
f 1589 1698 2298
f 2298 562 1696
f 1701 1605 547
f 563 2299 1701
f 1699 792 2299
f 2299 177 1605
f 470 2300 1659
f 527 2300 1516
f 1700 1701 2300
f 2300 547 1659
f 1639 1700 527
f 477 2301 1639
f 1660 1702 2301
f 2301 563 1700
f 546 2302 1658
f 1705 1703 2302
f 2302 524 883
f 1658 883 236
f 513 2303 1604
f 1592 1704 2303
f 2303 564 1705
f 1604 1705 546
f 542 2304 1704
f 470 2304 1654
f 2304 547 1706
f 1704 1706 564
f 545 2305 1657
f 1709 1707 2305
f 2305 538 1650
f 2305 482 1657
f 173 2306 1600
f 788 1708 2306
f 2306 565 1709
f 1600 1709 545
f 515 2307 1708
f 1627 1597 2307
f 2307 543 1710
f 1708 1710 565
f 543 2308 1655
f 1713 1711 2308
f 2308 537 1649
f 1655 1649 468
f 172 2309 1597
f 1656 1712 2309
f 2309 566 1713
f 1597 1713 543
f 544 2310 1712
f 1598 1567 2310
f 2310 536 1714
f 1712 1714 566
f 523 2311 1635
f 567 2311 1717
f 1715 881 2311
f 1635 881 235
f 236 2312 882
f 883 1716 2312
f 2312 567 1717
f 882 1717 523
f 524 2313 1716
f 1636 1637 2313
f 2313 525 1718
f 1716 1718 567
f 1721 1633 521
f 568 2314 1721
f 1719 879 2314
f 2314 234 1633
f 881 880 235
f 881 1720 2315
f 2315 568 1721
f 2315 521 880
f 522 2316 1720
f 1634 1326 2316
f 2316 526 1722
f 1720 1722 568
f 525 2317 1325
f 1725 1723 2317
f 2317 517 790
f 1325 790 175
f 792 1637 177
f 519 2318 792
f 1724 1725 2318
f 2318 525 1637
f 1631 1724 519
f 176 2319 1631
f 791 1726 2319
f 2319 569 1724
f 526 2320 1638
f 1729 1727 2320
f 2320 515 788
f 1638 788 173
f 790 1326 175
f 517 2321 790
f 1728 1729 2321
f 2321 526 1326
f 1629 1728 517
f 1629 789 2322
f 2322 516 1730
f 2322 570 1728
f 572 1731 571
f 3 1362 1731
f 1731 1362 434
f 571 1731 1361
f 573 1732 670
f 1 571 1732
f 1732 571 2
f 670 1732 668
f 575 1733 574
f 6 1514 1733
f 1733 1514 3
f 574 1733 572
f 576 1734 1513
f 5 574 1734
f 1734 574 1
f 1513 1734 573
f 578 1735 577
f 9 1512 1735
f 1735 1512 6
f 577 1735 575
f 579 1736 1511
f 8 577 1736
f 1736 577 5
f 1511 1736 576
f 581 1737 580
f 12 1510 1737
f 1737 1510 9
f 580 1737 578
f 582 1738 1509
f 11 580 1738
f 1738 580 8
f 1509 1738 579
f 584 1739 583
f 15 1508 1739
f 1739 1508 12
f 583 1739 581
f 585 1740 1507
f 14 583 1740
f 1740 583 11
f 1507 1740 582
f 587 1741 586
f 18 1506 1741
f 1741 1506 15
f 586 1741 584
f 588 1742 1505
f 17 586 1742
f 1742 586 14
f 1505 1742 585
f 590 1743 589
f 21 1504 1743
f 1743 1504 18
f 589 1743 587
f 591 1744 1503
f 20 589 1744
f 1744 589 17
f 1503 1744 588
f 593 1745 592
f 24 1502 1745
f 1745 1502 21
f 592 1745 590
f 594 1746 1501
f 23 592 1746
f 1746 592 20
f 1501 1746 591
f 596 1747 595
f 27 1500 1747
f 1747 1500 24
f 595 1747 593
f 597 1748 1499
f 26 595 1748
f 1748 595 23
f 1499 1748 594
f 599 1749 598
f 30 1498 1749
f 1749 1498 27
f 598 1749 596
f 600 1750 1497
f 29 598 1750
f 1750 598 26
f 1497 1750 597
f 602 1751 601
f 33 1496 1751
f 1751 1496 30
f 601 1751 599
f 603 1752 1495
f 32 601 1752
f 1752 601 29
f 1495 1752 600
f 605 1753 604
f 36 1494 1753
f 1753 1494 33
f 604 1753 602
f 606 1754 1493
f 35 604 1754
f 1754 604 32
f 1493 1754 603
f 608 1755 607
f 39 1492 1755
f 1755 1492 36
f 607 1755 605
f 609 1756 1491
f 38 607 1756
f 1756 607 35
f 1491 1756 606
f 611 1757 610
f 42 1490 1757
f 1757 1490 39
f 610 1757 608
f 612 1758 1489
f 41 610 1758
f 1758 610 38
f 1489 1758 609
f 614 1759 613
f 45 1488 1759
f 1759 1488 42
f 613 1759 611
f 615 1760 1487
f 44 613 1760
f 1760 613 41
f 1487 1760 612
f 617 1761 616
f 48 1486 1761
f 1761 1486 45
f 616 1761 614
f 618 1762 1485
f 47 616 1762
f 1762 616 44
f 1485 1762 615
f 620 1763 619
f 51 1484 1763
f 1763 1484 48
f 619 1763 617
f 621 1764 1483
f 50 619 1764
f 1764 619 47
f 1483 1764 618
f 623 1765 622
f 54 1482 1765
f 1765 1482 51
f 622 1765 620
f 624 1766 1481
f 53 622 1766
f 1766 622 50
f 1481 1766 621
f 626 1767 625
f 57 1480 1767
f 1767 1480 54
f 625 1767 623
f 627 1768 1479
f 56 625 1768
f 1768 625 53
f 1479 1768 624
f 629 1769 628
f 60 1478 1769
f 1769 1478 57
f 628 1769 626
f 630 1770 1477
f 59 628 1770
f 1770 628 56
f 1477 1770 627
f 632 1771 631
f 63 1476 1771
f 1771 1476 60
f 631 1771 629
f 633 1772 1475
f 62 631 1772
f 1772 631 59
f 1475 1772 630
f 635 1773 634
f 66 1474 1773
f 1773 1474 63
f 634 1773 632
f 636 1774 1473
f 65 634 1774
f 1774 634 62
f 1473 1774 633
f 638 1775 637
f 69 1472 1775
f 1775 1472 66
f 637 1775 635
f 639 1776 1471
f 68 637 1776
f 1776 637 65
f 1471 1776 636
f 641 1777 640
f 72 1470 1777
f 1777 1470 69
f 640 1777 638
f 642 1778 1469
f 71 640 1778
f 1778 640 68
f 1469 1778 639
f 644 1779 643
f 75 1468 1779
f 1779 1468 72
f 643 1779 641
f 645 1780 1467
f 74 643 1780
f 1780 643 71
f 1467 1780 642
f 647 1781 646
f 78 1466 1781
f 1781 1466 75
f 646 1781 644
f 648 1782 1465
f 77 646 1782
f 1782 646 74
f 1465 1782 645
f 650 1783 649
f 81 1464 1783
f 1783 1464 78
f 649 1783 647
f 651 1784 1463
f 80 649 1784
f 1784 649 77
f 1463 1784 648
f 653 1785 652
f 84 1462 1785
f 1785 1462 81
f 652 1785 650
f 654 1786 1461
f 83 652 1786
f 1786 652 80
f 1461 1786 651
f 656 1787 655
f 87 1460 1787
f 1787 1460 84
f 655 1787 653
f 657 1788 1459
f 86 655 1788
f 1788 655 83
f 1459 1788 654
f 659 1789 658
f 90 1458 1789
f 1789 1458 87
f 658 1789 656
f 660 1790 1457
f 89 658 1790
f 1790 658 86
f 1457 1790 657
f 662 1791 661
f 93 1359 1791
f 1791 1359 90
f 661 1791 659
f 663 1792 667
f 92 661 1792
f 1792 661 89
f 667 1792 660
f 1361 1793 664
f 434 1358 1793
f 1793 1358 93
f 664 1793 662
f 668 1794 666
f 2 664 1794
f 1794 664 92
f 666 1794 663
f 665 1795 758
f 94 667 1795
f 1795 667 91
f 758 1795 756
f 669 1796 673
f 96 666 1796
f 1796 666 94
f 673 1796 665
f 674 1797 672
f 4 670 1797
f 1797 670 96
f 672 1797 669
f 677 1800 676
f 7 1513 1800
f 1800 1513 4
f 676 1800 674
f 680 1802 679
f 10 1511 1802
f 1802 1511 7
f 679 1802 677
f 683 1804 682
f 13 1509 1804
f 1804 1509 10
f 682 1804 680
f 686 1806 685
f 16 1507 1806
f 1806 1507 13
f 685 1806 683
f 689 1808 688
f 19 1505 1808
f 1505 16 686
f 1808 686 107
f 692 1810 691
f 22 1503 1810
f 1503 19 689
f 1810 689 109
f 112 694 1811
f 694 25 1501
f 1501 22 692
f 1811 692 111
f 113 696 1812
f 696 28 1499
f 1812 1499 25
f 695 1812 694
f 698 1813 697
f 31 1497 1813
f 1497 28 696
f 1813 696 113
f 115 700 1814
f 700 34 1495
f 1495 31 698
f 1814 698 114
f 116 702 1815
f 702 37 1493
f 1815 1493 34
f 701 1815 700
f 118 705 1816
f 705 40 1491
f 1816 1491 37
f 704 1816 702
f 708 1818 707
f 43 1489 1818
f 1818 1489 40
f 707 1818 705
f 711 1820 710
f 46 1487 1820
f 1820 1487 43
f 710 1820 708
f 714 1822 713
f 49 1485 1822
f 1822 1485 46
f 713 1822 711
f 717 1824 716
f 52 1483 1824
f 1824 1483 49
f 716 1824 714
f 720 1826 719
f 55 1481 1826
f 1826 1481 52
f 719 1826 717
f 723 1828 722
f 58 1479 1828
f 1828 1479 55
f 722 1828 720
f 726 1830 725
f 61 1477 1830
f 1830 1477 58
f 725 1830 723
f 729 1832 728
f 64 1475 1832
f 1832 1475 61
f 728 1832 726
f 732 1834 731
f 67 1473 1834
f 1834 1473 64
f 731 1834 729
f 735 1836 734
f 70 1471 1836
f 1836 1471 67
f 734 1836 732
f 738 1838 737
f 73 1469 1838
f 1838 1469 70
f 737 1838 735
f 741 1840 740
f 76 1467 1840
f 1840 1467 73
f 740 1840 738
f 744 1842 743
f 79 1465 1842
f 1842 1465 76
f 743 1842 741
f 747 1844 746
f 82 1463 1844
f 1844 1463 79
f 746 1844 744
f 750 1846 749
f 85 1461 1846
f 1846 1461 82
f 749 1846 747
f 753 1848 752
f 88 1459 1848
f 1848 1459 85
f 752 1848 750
f 756 1850 755
f 91 1457 1850
f 1850 1457 88
f 755 1850 753
f 570 1730 1870
f 1730 516 1628
f 1870 1628 172
f 1727 1870 1627
f 569 1726 1871
f 518 1630 1871
f 1630 174 1629
f 1723 1871 1629
f 1722 1926 1719
f 526 1638 1926
f 1638 173 1632
f 1926 1632 520
f 1718 1927 1715
f 525 1325 1927
f 1325 175 1634
f 1927 1634 522
f 274 941 1964
f 941 273 943
f 943 271 1032
f 1964 1032 336
f 276 945 1965
f 945 275 942
f 942 273 941
f 1965 941 274
f 278 948 1967
f 948 277 946
f 946 275 945
f 1967 945 276
f 280 951 1969
f 951 279 949
f 949 277 948
f 1969 948 278
f 282 954 1971
f 954 281 952
f 952 279 951
f 1971 951 280
f 284 957 1973
f 957 283 955
f 955 281 954
f 1973 954 282
f 286 960 1975
f 960 285 958
f 958 283 957
f 1975 957 284
f 288 963 1977
f 963 287 961
f 961 285 960
f 1977 960 286
f 290 966 1979
f 966 289 964
f 964 287 963
f 1979 963 288
f 292 969 1981
f 969 291 967
f 1981 967 289
f 1277 1981 966
f 294 971 1982
f 971 293 970
f 1982 970 291
f 1276 1982 969
f 973 1983 1275
f 295 972 1983
f 1983 972 293
f 1275 1983 971
f 975 1984 1274
f 297 974 1984
f 974 295 973
f 1984 973 296
f 300 977 1985
f 977 299 976
f 1985 976 297
f 1273 1985 975
f 979 1986 1272
f 301 978 1986
f 1986 978 299
f 1272 1986 977
f 982 1987 1271
f 303 980 1987
f 980 301 979
f 1987 979 302
f 985 1989 1270
f 305 983 1989
f 983 303 982
f 1989 982 304
f 308 988 1991
f 988 307 986
f 986 305 985
f 1991 985 306
f 310 991 1993
f 991 309 989
f 989 307 988
f 1993 988 308
f 312 994 1995
f 994 311 992
f 992 309 991
f 1995 991 310
f 314 997 1997
f 997 313 995
f 995 311 994
f 1997 994 312
f 316 1000 1999
f 1000 315 998
f 998 313 997
f 1999 997 314
f 318 1003 2001
f 1003 317 1001
f 1001 315 1000
f 2001 1000 316
f 320 1006 2003
f 1006 319 1004
f 1004 317 1003
f 2003 1003 318
f 322 1009 2005
f 1009 321 1007
f 1007 319 1006
f 2005 1006 320
f 324 1012 2007
f 1012 323 1010
f 1010 321 1009
f 2007 1009 322
f 326 1015 2009
f 1015 325 1013
f 1013 323 1012
f 2009 1012 324
f 328 1018 2011
f 1018 327 1016
f 1016 325 1015
f 2011 1015 326
f 330 1021 2013
f 1021 329 1019
f 1019 327 1018
f 2013 1018 328
f 332 1024 2015
f 1024 331 1022
f 1022 329 1021
f 2015 1021 330
f 334 1027 2017
f 1027 333 1025
f 1025 331 1024
f 2017 1024 332
f 336 1032 2018
f 1032 271 1028
f 1028 333 1027
f 2018 1027 334
f 335 1029 2019
f 1029 334 1031
f 1031 332 1125
f 2019 1125 397
f 337 1033 2020
f 1033 336 1030
f 1030 334 1029
f 2020 1029 335
f 339 1038 2021
f 1038 274 1034
f 1034 336 1033
f 2021 1033 337
f 338 1035 2022
f 1035 337 1037
f 1037 335 1131
f 2022 1131 400
f 340 1039 2023
f 1039 339 1036
f 1036 337 1035
f 2023 1035 338
f 341 1041 2024
f 1041 276 1285
f 1285 274 1038
f 2024 1038 339
f 342 1042 2025
f 1042 341 1040
f 1040 339 1039
f 2025 1039 340
f 343 1044 2026
f 1044 278 1284
f 1284 276 1041
f 2026 1041 341
f 344 1045 2027
f 1045 343 1043
f 1043 341 1042
f 2027 1042 342
f 345 1047 2028
f 1047 280 1283
f 1283 278 1044
f 2028 1044 343
f 346 1048 2029
f 1048 345 1046
f 1046 343 1045
f 2029 1045 344
f 347 1050 2030
f 1050 282 1282
f 1282 280 1047
f 2030 1047 345
f 348 1051 2031
f 1051 347 1049
f 1049 345 1048
f 2031 1048 346
f 349 1053 2032
f 1053 284 1281
f 1281 282 1050
f 2032 1050 347
f 350 1054 2033
f 1054 349 1052
f 1052 347 1051
f 2033 1051 348
f 351 1056 2034
f 1056 286 1280
f 1280 284 1053
f 2034 1053 349
f 352 1057 2035
f 1057 351 1055
f 1055 349 1054
f 2035 1054 350
f 353 1059 2036
f 1059 288 1279
f 1279 286 1056
f 2036 1056 351
f 354 1060 2037
f 1060 353 1058
f 1058 351 1057
f 2037 1057 352
f 355 1062 2038
f 1062 290 1278
f 1278 288 1059
f 2038 1059 353
f 356 1063 2039
f 1063 355 1061
f 1061 353 1060
f 2039 1060 354
f 357 1065 2040
f 1065 292 1277
f 1277 290 1062
f 2040 1062 355
f 358 1066 2041
f 1066 357 1064
f 1064 355 1063
f 2041 1063 356
f 359 1068 2042
f 1068 294 1276
f 1276 292 1065
f 2042 1065 357
f 360 1069 2043
f 1069 359 1067
f 1067 357 1066
f 2043 1066 358
f 361 1071 2044
f 1071 296 1275
f 1275 294 1068
f 2044 1068 359
f 362 1072 2045
f 1072 361 1070
f 1070 359 1069
f 2045 1069 360
f 363 1074 2046
f 1074 298 1274
f 1274 296 1071
f 2046 1071 361
f 364 1075 2047
f 1075 363 1073
f 1073 361 1072
f 2047 1072 362
f 365 1077 2048
f 1077 300 1273
f 1273 298 1074
f 2048 1074 363
f 366 1078 2049
f 1078 365 1076
f 1076 363 1075
f 2049 1075 364
f 367 1080 2050
f 1080 302 1272
f 1272 300 1077
f 2050 1077 365
f 368 1081 2051
f 1081 367 1079
f 1079 365 1078
f 2051 1078 366
f 369 1083 2052
f 1083 304 1271
f 1271 302 1080
f 2052 1080 367
f 370 1084 2053
f 1084 369 1082
f 1082 367 1081
f 2053 1081 368
f 371 1086 2054
f 1086 306 1270
f 1270 304 1083
f 2054 1083 369
f 372 1087 2055
f 1087 371 1085
f 1085 369 1084
f 2055 1084 370
f 373 1089 2056
f 1089 308 1269
f 1269 306 1086
f 2056 1086 371
f 374 1090 2057
f 1090 373 1088
f 1088 371 1087
f 2057 1087 372
f 375 1092 2058
f 1092 310 1268
f 1268 308 1089
f 2058 1089 373
f 376 1093 2059
f 1093 375 1091
f 1091 373 1090
f 2059 1090 374
f 377 1095 2060
f 1095 312 1267
f 1267 310 1092
f 2060 1092 375
f 378 1096 2061
f 1096 377 1094
f 1094 375 1093
f 2061 1093 376
f 379 1098 2062
f 1098 314 1266
f 1266 312 1095
f 2062 1095 377
f 380 1099 2063
f 1099 379 1097
f 1097 377 1096
f 2063 1096 378
f 381 1101 2064
f 1101 316 1265
f 1265 314 1098
f 2064 1098 379
f 382 1102 2065
f 1102 381 1100
f 1100 379 1099
f 2065 1099 380
f 383 1104 2066
f 1104 318 1264
f 1264 316 1101
f 2066 1101 381
f 384 1105 2067
f 1105 383 1103
f 1103 381 1102
f 2067 1102 382
f 385 1107 2068
f 1107 320 1263
f 1263 318 1104
f 2068 1104 383
f 386 1108 2069
f 1108 385 1106
f 1106 383 1105
f 2069 1105 384
f 387 1110 2070
f 1110 322 1262
f 1262 320 1107
f 2070 1107 385
f 388 1111 2071
f 1111 387 1109
f 1109 385 1108
f 2071 1108 386
f 389 1113 2072
f 1113 324 1261
f 1261 322 1110
f 2072 1110 387
f 390 1114 2073
f 1114 389 1112
f 1112 387 1111
f 2073 1111 388
f 391 1116 2074
f 1116 326 1260
f 1260 324 1113
f 2074 1113 389
f 392 1117 2075
f 1117 391 1115
f 1115 389 1114
f 2075 1114 390
f 393 1119 2076
f 1119 328 1259
f 1259 326 1116
f 2076 1116 391
f 394 1120 2077
f 1120 393 1118
f 1118 391 1117
f 2077 1117 392
f 395 1122 2078
f 1122 330 1258
f 1258 328 1119
f 2078 1119 393
f 396 1123 2079
f 1123 395 1121
f 1121 393 1120
f 2079 1120 394
f 397 1125 2080
f 1125 332 1257
f 1257 330 1122
f 2080 1122 395
f 398 1126 2081
f 1126 397 1124
f 1124 395 1123
f 2081 1123 396
f 400 1131 2082
f 1131 335 1127
f 1127 397 1126
f 2082 1126 398
f 1128 2083 1215
f 398 1130 2083
f 2083 1130 396
f 1215 2083 1214
f 1132 2084 1135
f 400 1129 2084
f 2084 1129 398
f 1135 2084 1128
f 1227 2085 1134
f 338 1133 2085
f 2085 1133 400
f 1134 2085 1132
f 1143 2086 1136
f 402 1134 2086
f 401 1136 2086
f 1136 2087 1144
f 401 1135 2087
f 399 1144 2087
f 1137 2088 1157
f 404 1190 2088
f 422 1157 2088
f 1156 2089 1137
f 421 1193 2089
f 404 1137 2089
f 1167 2090 1138
f 432 1170 2090
f 405 1138 2090
f 1138 2091 1139
f 405 1224 2091
f 406 1139 2091
f 1139 2092 1140
f 406 1222 2092
f 407 1140 2092
f 1140 2093 1141
f 407 1220 2093
f 408 1141 2093
f 1141 2094 1142
f 408 1217 2094
f 409 1142 2094
f 1142 2095 1143
f 409 1218 2095
f 402 1143 2095
f 1144 2096 1145
f 399 1215 2096
f 410 1145 2096
f 1145 2097 1146
f 410 1213 2097
f 411 1146 2097
f 1146 2098 1147
f 411 1211 2098
f 412 1147 2098
f 1147 2099 1148
f 412 1209 2099
f 413 1148 2099
f 1148 2100 1149
f 413 1207 2100
f 414 1149 2100
f 1149 2101 1150
f 414 1205 2101
f 415 1150 2101
f 1150 2102 1151
f 415 1203 2102
f 416 1151 2102
f 1151 2103 1152
f 416 1201 2103
f 417 1152 2103
f 1152 2104 1153
f 417 1199 2104
f 418 1153 2104
f 1153 2105 1154
f 418 1197 2105
f 419 1154 2105
f 1154 2106 1155
f 419 1195 2106
f 420 1155 2106
f 1155 2107 1156
f 420 1192 2107
f 421 1156 2107
f 1157 2108 1158
f 422 1188 2108
f 423 1158 2108
f 1158 2109 1159
f 423 1186 2109
f 424 1159 2109
f 1159 2110 1160
f 424 1184 2110
f 425 1160 2110
f 1160 2111 1161
f 425 1182 2111
f 426 1161 2111
f 1161 2112 1162
f 426 1180 2112
f 427 1162 2112
f 1162 2113 1163
f 427 1178 2113
f 428 1163 2113
f 1163 2114 1164
f 428 1176 2114
f 429 1164 2114
f 1164 2115 1165
f 429 1174 2115
f 430 1165 2115
f 1165 2116 1166
f 430 1172 2116
f 431 1166 2116
f 1166 2117 1167
f 431 1169 2117
f 432 1167 2117
f 1168 2118 1170
f 350 1251 2118
f 2118 1251 348
f 1170 2118 1225
f 1171 2119 1169
f 352 1250 2119
f 2119 1250 350
f 1169 2119 1168
f 1173 2120 1172
f 354 1249 2120
f 2120 1249 352
f 1172 2120 1171
f 1175 2121 1174
f 356 1248 2121
f 2121 1248 354
f 1174 2121 1173
f 1177 2122 1176
f 358 1247 2122
f 2122 1247 356
f 1176 2122 1175
f 1179 2123 1178
f 360 1246 2123
f 2123 1246 358
f 1178 2123 1177
f 1181 2124 1180
f 362 1245 2124
f 2124 1245 360
f 1180 2124 1179
f 1183 2125 1182
f 364 1244 2125
f 2125 1244 362
f 1182 2125 1181
f 1185 2126 1184
f 366 1243 2126
f 2126 1243 364
f 1184 2126 1183
f 1187 2127 1186
f 368 1242 2127
f 2127 1242 366
f 1186 2127 1185
f 1189 2128 1188
f 370 1241 2128
f 2128 1241 368
f 1188 2128 1187
f 1226 2129 1190
f 372 1240 2129
f 2129 1240 370
f 1190 2129 1189
f 1191 2130 1193
f 374 1239 2130
f 2130 1239 372
f 1193 2130 1226
f 1194 2131 1192
f 376 1238 2131
f 2131 1238 374
f 1192 2131 1191
f 1196 2132 1195
f 378 1237 2132
f 2132 1237 376
f 1195 2132 1194
f 1198 2133 1197
f 380 1236 2133
f 2133 1236 378
f 1197 2133 1196
f 1200 2134 1199
f 382 1235 2134
f 2134 1235 380
f 1199 2134 1198
f 1202 2135 1201
f 384 1234 2135
f 2135 1234 382
f 1201 2135 1200
f 1204 2136 1203
f 386 1233 2136
f 2136 1233 384
f 1203 2136 1202
f 1206 2137 1205
f 388 1232 2137
f 2137 1232 386
f 1205 2137 1204
f 1208 2138 1207
f 390 1231 2138
f 2138 1231 388
f 1207 2138 1206
f 1210 2139 1209
f 392 1230 2139
f 2139 1230 390
f 1209 2139 1208
f 1212 2140 1211
f 394 1229 2140
f 2140 1229 392
f 1211 2140 1210
f 1214 2141 1213
f 396 1228 2141
f 2141 1228 394
f 1213 2141 1212
f 1216 2142 1218
f 340 1256 2142
f 2142 1256 338
f 1218 2142 1227
f 1219 2143 1217
f 342 1255 2143
f 2143 1255 340
f 1217 2143 1216
f 1221 2144 1220
f 344 1254 2144
f 2144 1254 342
f 1220 2144 1219
f 1223 2145 1222
f 346 1253 2145
f 2145 1253 344
f 1222 2145 1221
f 1225 2146 1224
f 348 1252 2146
f 2146 1252 346
f 1224 2146 1223
f 93 1357 2147
f 1357 433 1454
f 1454 466 1453
f 2147 1453 90
f 434 1360 2148
f 1360 435 1363
f 1363 433 1357
f 2148 1357 93
f 3 1366 2149
f 1366 437 1365
f 1365 435 1360
f 2149 1360 434
f 435 1364 2150
f 1456 2150 1364
f 433 1363 2150
f 437 1368 2151
f 1364 2151 1368
f 435 1365 2151
f 6 1369 2152
f 1369 438 1367
f 1367 437 1366
f 2152 1366 3
f 438 1371 2153
f 1368 2153 1371
f 437 1367 2153
f 9 1372 2154
f 1372 439 1370
f 1370 438 1369
f 2154 1369 6
f 439 1374 2155
f 1371 2155 1374
f 438 1370 2155
f 12 1375 2156
f 1375 440 1373
f 1373 439 1372
f 2156 1372 9
f 440 1377 2157
f 1374 2157 1377
f 439 1373 2157
f 15 1378 2158
f 1378 441 1376
f 1376 440 1375
f 2158 1375 12
f 441 1380 2159
f 1377 2159 1380
f 440 1376 2159
f 18 1381 2160
f 1381 442 1379
f 1379 441 1378
f 2160 1378 15
f 442 1383 2161
f 1380 2161 1383
f 441 1379 2161
f 21 1384 2162
f 1384 443 1382
f 1382 442 1381
f 2162 1381 18
f 443 1386 2163
f 1383 2163 1386
f 442 1382 2163
f 24 1387 2164
f 1387 444 1385
f 1385 443 1384
f 2164 1384 21
f 444 1389 2165
f 1386 2165 1389
f 443 1385 2165
f 27 1390 2166
f 1390 445 1388
f 1388 444 1387
f 2166 1387 24
f 445 1392 2167
f 1389 2167 1392
f 444 1388 2167
f 30 1393 2168
f 1393 446 1391
f 1391 445 1390
f 2168 1390 27
f 446 1395 2169
f 1392 2169 1395
f 445 1391 2169
f 33 1396 2170
f 1396 447 1394
f 1394 446 1393
f 2170 1393 30
f 447 1398 2171
f 1395 2171 1398
f 446 1394 2171
f 36 1399 2172
f 1399 448 1397
f 1397 447 1396
f 2172 1396 33
f 448 1401 2173
f 1398 2173 1401
f 447 1397 2173
f 39 1402 2174
f 1402 449 1400
f 1400 448 1399
f 2174 1399 36
f 449 1404 2175
f 1401 2175 1404
f 448 1400 2175
f 42 1405 2176
f 1405 450 1403
f 1403 449 1402
f 2176 1402 39
f 450 1407 2177
f 1404 2177 1407
f 449 1403 2177
f 45 1408 2178
f 1408 451 1406
f 1406 450 1405
f 2178 1405 42
f 451 1410 2179
f 1407 2179 1410
f 450 1406 2179
f 48 1411 2180
f 1411 452 1409
f 1409 451 1408
f 2180 1408 45
f 452 1413 2181
f 1410 2181 1413
f 451 1409 2181
f 51 1414 2182
f 1414 453 1412
f 1412 452 1411
f 2182 1411 48
f 453 1416 2183
f 1413 2183 1416
f 452 1412 2183
f 54 1417 2184
f 1417 454 1415
f 1415 453 1414
f 2184 1414 51
f 454 1419 2185
f 1416 2185 1419
f 453 1415 2185
f 57 1420 2186
f 1420 455 1418
f 1418 454 1417
f 2186 1417 54
f 455 1422 2187
f 1419 2187 1422
f 454 1418 2187
f 60 1423 2188
f 1423 456 1421
f 1421 455 1420
f 2188 1420 57
f 456 1425 2189
f 1422 2189 1425
f 455 1421 2189
f 63 1426 2190
f 1426 457 1424
f 1424 456 1423
f 2190 1423 60
f 457 1428 2191
f 1425 2191 1428
f 456 1424 2191
f 66 1429 2192
f 1429 458 1427
f 1427 457 1426
f 2192 1426 63
f 458 1431 2193
f 1428 2193 1431
f 457 1427 2193
f 69 1432 2194
f 1432 459 1430
f 1430 458 1429
f 2194 1429 66
f 459 1434 2195
f 1431 2195 1434
f 458 1430 2195
f 72 1435 2196
f 1435 460 1433
f 1433 459 1432
f 2196 1432 69
f 460 1437 2197
f 1434 2197 1437
f 459 1433 2197
f 75 1438 2198
f 1438 461 1436
f 1436 460 1435
f 2198 1435 72
f 461 1440 2199
f 1437 2199 1440
f 460 1436 2199
f 78 1441 2200
f 1441 462 1439
f 1439 461 1438
f 2200 1438 75
f 462 1443 2201
f 1440 2201 1443
f 461 1439 2201
f 81 1445 2202
f 1445 463 1442
f 1442 462 1441
f 2202 1441 78
f 463 1444 2203
f 1443 2203 1444
f 462 1442 2203
f 464 1449 2204
f 1444 2204 1449
f 463 1446 2204
f 84 1447 2205
f 1447 464 1446
f 1446 463 1445
f 2205 1445 81
f 87 1450 2206
f 1450 465 1448
f 1448 464 1447
f 2206 1447 84
f 465 1452 2207
f 1449 2207 1452
f 464 1448 2207
f 90 1453 2208
f 1453 466 1451
f 1451 465 1450
f 2208 1450 87
f 466 1455 2209
f 1452 2209 1455
f 465 1451 2209
f 433 1456 2210
f 1455 2210 1456
f 466 1454 2210
f 1639 2211 1515
f 527 1516 2211
f 1517 2211 1516
f 1518 2211 1517
f 478 1515 2211
f 1525 2214 1526
f 487 1527 2214
f 1640 2214 1527
f 528 1528 2214
f 1526 2214 1528
f 1532 2216 1533
f 499 1534 2216
f 1641 2216 1534
f 529 1535 2216
f 1533 2216 1535
f 1538 2218 1539
f 496 1533 2218
f 1642 2218 1533
f 530 1540 2218
f 1539 2218 1540
f 490 1543 2220
f 1539 2220 1543
f 1643 2220 1539
f 531 1545 2220
f 1544 2220 1545
f 1644 2221 1546
f 532 1547 2221
f 1548 2221 1547
f 1549 2221 1548
f 502 1546 2221
f 1555 2224 1527
f 511 1556 2224
f 1645 2224 1556
f 533 1557 2224
f 1527 2224 1557
f 1646 2225 1558
f 534 1559 2225
f 1534 2225 1559
f 499 1560 2225
f 1558 2225 1560
f 511 1564 2228
f 1544 2228 1564
f 1647 2228 1544
f 535 1565 2228
f 1556 2228 1565
f 1648 2229 1566
f 536 1567 2229
f 1546 2229 1567
f 1568 2229 1546
f 481 1566 2229
f 481 1573 2232
f 1574 2232 1573
f 1649 2232 1574
f 537 1575 2232
f 1566 2232 1575
f 469 1577 2234
f 1526 2234 1577
f 1650 2234 1526
f 538 1578 2234
f 1574 2234 1578
f 1651 2235 1579
f 539 1580 2235
f 1515 2235 1580
f 1581 2235 1515
f 508 1579 2235
f 1652 2237 1584
f 540 1585 2237
f 1579 2237 1585
f 508 1586 2237
f 1584 2237 1586
f 1653 2239 1548
f 541 1589 2239
f 1584 2239 1589
f 475 1590 2239
f 1548 2239 1590
f 1654 2241 1517
f 542 1592 2241
f 1558 2241 1592
f 514 1593 2241
f 1517 2241 1593
f 566 1714 2244
f 1714 536 1648
f 2244 1648 479
f 1711 2244 1575
f 565 1710 2246
f 1710 543 1655
f 2246 1655 468
f 1707 2246 1578
f 564 1706 2249
f 1706 547 1605
f 2249 1605 177
f 1703 2249 1636
f 1702 2250 1699
f 548 1606 2250
f 1606 176 1631
f 2250 1631 519
f 1698 2252 1695
f 541 1653 2252
f 2252 1653 503
f 2252 1662 550
f 1694 2254 1691
f 540 1652 2254
f 1652 474 1609
f 2254 1609 549
f 1690 2258 1687
f 545 1657 2258
f 2258 1657 482
f 2258 1528 528
f 1686 2260 1683
f 551 1663 2260
f 1663 486 1557
f 2260 1557 533
f 1682 2263 1679
f 521 1633 2263
f 1633 234 1617
f 2263 1617 552
f 557 1678 2266
f 1678 523 1635
f 2266 1635 235
f 1675 2266 1621
f 556 1674 2268
f 1674 546 1658
f 2268 1658 236
f 1671 2268 1624
f 555 1670 2271
f 1670 532 1644
f 2271 1644 501
f 1667 2271 1598
f 516 1669 2275
f 1669 555 1667
f 2275 1667 544
f 1628 2275 1656
f 174 1610 2276
f 1610 550 1668
f 2276 1668 555
f 789 2276 1669
f 550 1662 2277
f 503 1547 2277
f 2277 1547 532
f 1668 2277 1670
f 529 1673 2278
f 1673 556 1671
f 2278 1671 554
f 1535 2278 1666
f 498 1559 2279
f 1559 534 1672
f 2279 1672 556
f 1641 2279 1673
f 534 1646 2280
f 1646 513 1604
f 2280 1604 546
f 1672 2280 1674
f 530 1677 2281
f 1677 557 1675
f 2281 1675 553
f 2281 1665 491
f 494 1666 2282
f 1666 554 1676
f 2282 1676 557
f 1642 2282 1677
f 554 1624 2283
f 1624 236 882
f 2283 882 523
f 1676 2283 1678
f 1681 2284 1545
f 558 1679 2284
f 1679 552 1664
f 2284 1664 488
f 491 1665 2285
f 553 1680 2285
f 1680 558 1681
f 2285 1681 531
f 1621 2286 1680
f 235 880 2286
f 880 521 1682
f 2286 1682 558
f 1685 2287 1565
f 559 1683 2287
f 1683 533 1645
f 2287 1645 510
f 1664 2288 1647
f 552 1684 2288
f 1684 559 1685
f 2288 1685 535
f 1617 2289 1684
f 234 1615 2289
f 1615 551 1686
f 2289 1686 559
f 1689 2290 1663
f 560 1687 2290
f 1687 528 1640
f 2290 1640 486
f 879 2291 1615
f 520 1688 2291
f 1688 560 1689
f 2291 1689 551
f 1632 2292 1688
f 173 1600 2292
f 1600 545 1690
f 2292 1690 560
f 1693 2293 1606
f 561 1691 2293
f 1691 549 1661
f 2293 1661 176
f 1580 2294 1660
f 539 1692 2294
f 1692 561 1693
f 2294 1693 548
f 1651 2295 1692
f 507 1585 2295
f 1585 540 1694
f 2295 1694 561
f 1697 2296 1630
f 562 1695 2296
f 1695 550 1610
f 2296 1610 174
f 1661 2297 791
f 549 1696 2297
f 1696 562 1697
f 2297 1697 518
f 1609 2298 1696
f 474 1589 2298
f 1589 541 1698
f 2298 1698 562
f 1701 2299 1605
f 563 1699 2299
f 1699 519 792
f 2299 792 177
f 470 1516 2300
f 527 1700 2300
f 1700 563 1701
f 2300 1701 547
f 1639 2301 1700
f 477 1660 2301
f 1660 548 1702
f 2301 1702 563
f 546 1705 2302
f 1705 564 1703
f 2302 1703 524
f 1658 2302 883
f 513 1592 2303
f 1592 542 1704
f 2303 1704 564
f 1604 2303 1705
f 542 1654 2304
f 470 1659 2304
f 2304 1659 547
f 1704 2304 1706
f 545 1709 2305
f 1709 565 1707
f 2305 1707 538
f 2305 1650 482
f 173 788 2306
f 788 515 1708
f 2306 1708 565
f 1600 2306 1709
f 515 1627 2307
f 1627 172 1597
f 2307 1597 543
f 1708 2307 1710
f 543 1713 2308
f 1713 566 1711
f 2308 1711 537
f 1655 2308 1649
f 172 1656 2309
f 1656 544 1712
f 2309 1712 566
f 1597 2309 1713
f 544 1598 2310
f 1598 501 1567
f 2310 1567 536
f 1712 2310 1714
f 523 1717 2311
f 567 1715 2311
f 1715 522 881
f 1635 2311 881
f 236 883 2312
f 883 524 1716
f 2312 1716 567
f 882 2312 1717
f 524 1636 2313
f 1636 177 1637
f 2313 1637 525
f 1716 2313 1718
f 1721 2314 1633
f 568 1719 2314
f 1719 520 879
f 2314 879 234
f 881 2315 880
f 881 522 1720
f 2315 1720 568
f 2315 1721 521
f 522 1634 2316
f 1634 175 1326
f 2316 1326 526
f 1720 2316 1722
f 525 1725 2317
f 1725 569 1723
f 2317 1723 517
f 1325 2317 790
f 792 2318 1637
f 519 1724 2318
f 1724 569 1725
f 2318 1725 525
f 1631 2319 1724
f 176 791 2319
f 791 518 1726
f 2319 1726 569
f 526 1729 2320
f 1729 570 1727
f 2320 1727 515
f 1638 2320 788
f 790 2321 1326
f 517 1728 2321
f 1728 570 1729
f 2321 1729 526
f 1629 2322 1728
f 1629 174 789
f 2322 789 516
f 2322 1730 570
usemtl Stripe.Fifteen
f 671 764 98
f 97 1798 671
f 1798 95 762
f 764 762 155
f 675 1356 100
f 99 1799 675
f 1799 97 671
f 1356 671 98
f 678 1355 102
f 101 1801 678
f 1801 99 675
f 1355 675 100
f 681 1354 104
f 103 1803 681
f 1803 101 678
f 1354 678 102
f 684 1353 106
f 105 1805 684
f 1805 103 681
f 1353 681 104
f 687 1352 108
f 107 1807 687
f 1807 105 684
f 1352 684 106
f 690 1351 110
f 109 1809 690
f 688 687 1809
f 1809 108 1351
f 119 1817 1350
f 706 704 1817
f 1817 116 703
f 1350 703 117
f 709 1349 121
f 120 1819 709
f 1819 118 706
f 1349 706 119
f 712 1348 123
f 122 1821 712
f 1821 120 709
f 1348 709 121
f 715 1347 125
f 124 1823 715
f 1823 122 712
f 1347 712 123
f 718 1346 127
f 126 1825 718
f 1825 124 715
f 1346 715 125
f 721 1345 129
f 128 1827 721
f 1827 126 718
f 1345 718 127
f 724 1344 131
f 130 1829 724
f 1829 128 721
f 1344 721 129
f 727 1343 133
f 132 1831 727
f 1831 130 724
f 1343 724 131
f 730 1342 135
f 134 1833 730
f 1833 132 727
f 1342 727 133
f 733 1341 137
f 136 1835 733
f 1835 134 730
f 1341 730 135
f 736 1340 139
f 138 1837 736
f 1837 136 733
f 1340 733 137
f 739 1339 141
f 140 1839 739
f 1839 138 736
f 1339 736 139
f 742 1338 143
f 142 1841 742
f 1841 140 739
f 1338 739 141
f 745 1337 145
f 144 1843 745
f 1843 142 742
f 1337 742 143
f 748 1336 147
f 146 1845 748
f 1845 144 745
f 1336 745 145
f 751 1335 149
f 148 1847 751
f 1847 146 748
f 1335 748 147
f 754 1334 151
f 150 1849 754
f 1849 148 751
f 1334 751 149
f 757 761 153
f 152 1851 757
f 1851 150 754
f 761 754 151
f 762 760 155
f 95 1852 762
f 1852 152 757
f 760 757 153
f 759 846 154
f 153 1853 759
f 1853 151 844
f 846 844 212
f 763 767 156
f 155 1854 763
f 1854 153 759
f 767 759 154
f 768 766 158
f 98 1855 768
f 1855 155 763
f 766 763 156
f 765 852 157
f 156 1856 765
f 1856 154 850
f 852 850 215
f 769 1333 159
f 158 1857 769
f 1857 156 765
f 1333 765 157
f 772 770 160
f 100 1858 772
f 1858 98 768
f 770 768 158
f 771 1332 161
f 160 1859 771
f 1859 158 769
f 1332 769 159
f 775 1331 163
f 162 1860 775
f 1860 160 771
f 1331 771 161
f 774 773 162
f 102 1861 774
f 1861 100 772
f 773 772 160
f 777 776 164
f 104 1862 777
f 1862 102 774
f 776 774 162
f 778 1330 165
f 164 1863 778
f 1863 162 775
f 1330 775 163
f 780 779 166
f 106 1864 780
f 1864 104 777
f 779 777 164
f 167 1865 1329
f 166 1865 781
f 1865 164 778
f 1329 778 165
f 783 782 168
f 108 1866 783
f 1866 106 780
f 782 780 166
f 784 1328 169
f 168 1867 784
f 1867 166 781
f 1328 781 167
f 786 785 170
f 110 1868 786
f 1351 783 1868
f 1868 168 785
f 787 1327 171
f 170 1869 787
f 785 784 1869
f 1869 169 1327
f 180 1872 795
f 796 1350 1872
f 1872 117 793
f 795 793 178
f 181 1873 1324
f 797 795 1873
f 1873 178 794
f 1324 794 179
f 799 798 182
f 121 1874 799
f 1874 119 796
f 798 796 180
f 800 1323 183
f 182 1875 800
f 1875 180 797
f 1323 797 181
f 802 801 184
f 123 1876 802
f 1876 121 799
f 801 799 182
f 803 1322 185
f 184 1877 803
f 1877 182 800
f 1877 183 1322
f 805 804 186
f 125 1878 805
f 1878 123 802
f 804 802 184
f 806 1321 187
f 186 1879 806
f 1879 184 803
f 1879 185 1321
f 808 807 188
f 127 1880 808
f 1880 125 805
f 807 805 186
f 189 1881 1320
f 188 1881 809
f 1881 186 806
f 1320 806 187
f 811 810 190
f 129 1882 811
f 1882 127 808
f 810 808 188
f 191 1883 1319
f 190 1883 812
f 1883 188 809
f 1319 809 189
f 814 813 192
f 131 1884 814
f 1884 129 811
f 813 811 190
f 815 1318 193
f 192 1885 815
f 1885 190 812
f 1318 812 191
f 817 816 194
f 133 1886 817
f 1886 131 814
f 816 814 192
f 195 1887 1317
f 194 1887 818
f 1887 192 815
f 1317 815 193
f 820 819 196
f 135 1888 820
f 1888 133 817
f 819 817 194
f 821 1316 197
f 196 1889 821
f 1889 194 818
f 1316 818 195
f 823 822 198
f 137 1890 823
f 1890 135 820
f 822 820 196
f 824 1315 199
f 198 1891 824
f 1891 196 821
f 1315 821 197
f 826 825 200
f 139 1892 826
f 1892 137 823
f 825 823 198
f 827 1314 201
f 200 1893 827
f 1893 198 824
f 1314 824 199
f 829 828 202
f 141 1894 829
f 1894 139 826
f 828 826 200
f 830 1313 203
f 202 1895 830
f 1895 200 827
f 1313 827 201
f 832 831 204
f 143 1896 832
f 1896 141 829
f 831 829 202
f 833 1312 205
f 204 1897 833
f 1897 202 830
f 1312 830 203
f 835 834 206
f 145 1898 835
f 1898 143 832
f 834 832 204
f 836 1311 207
f 206 1899 836
f 1899 204 833
f 1311 833 205
f 838 837 208
f 147 1900 838
f 1900 145 835
f 837 835 206
f 839 1310 209
f 208 1901 839
f 1901 206 836
f 1310 836 207
f 841 840 210
f 149 1902 841
f 1902 147 838
f 840 838 208
f 842 1309 211
f 210 1903 842
f 1903 208 839
f 1309 839 209
f 844 843 212
f 151 1904 844
f 1904 149 841
f 843 841 210
f 845 849 213
f 212 1905 845
f 1905 210 842
f 849 842 211
f 850 848 215
f 154 1906 850
f 1906 212 845
f 848 845 213
f 214 1907 934
f 847 849 1907
f 849 932 1907
f 1907 269 934
f 216 1908 855
f 851 848 1908
f 848 847 1908
f 1908 214 855
f 218 1909 854
f 157 1909 856
f 852 851 1909
f 1909 216 854
f 217 1910 940
f 853 855 1910
f 855 938 1910
f 1910 272 940
f 219 1911 1308
f 857 854 1911
f 854 853 1911
f 1911 217 1308
f 220 1912 858
f 859 1333 1912
f 1333 856 1912
f 1912 218 858
f 221 1913 1307
f 860 858 1913
f 858 857 1913
f 1913 219 1307
f 222 1914 861
f 862 1332 1914
f 1332 859 1914
f 1914 220 861
f 223 1915 1306
f 863 861 1915
f 861 860 1915
f 1915 221 1306
f 224 1916 864
f 163 1916 865
f 1916 161 862
f 1916 222 864
f 225 1917 1305
f 866 864 1917
f 864 863 1917
f 1917 223 1305
f 226 1918 867
f 165 1918 868
f 1330 865 1918
f 1918 224 867
f 227 1919 1304
f 869 867 1919
f 867 866 1919
f 1919 225 1304
f 871 870 228
f 871 1329 1920
f 1329 868 1920
f 1920 226 870
f 229 1921 1303
f 872 870 1921
f 870 869 1921
f 1921 227 1303
f 230 1922 873
f 874 1328 1922
f 1328 871 1922
f 1922 228 873
f 231 1923 1302
f 875 873 1923
f 873 872 1923
f 1923 229 1302
f 232 1924 876
f 877 1327 1924
f 1924 169 874
f 876 874 230
f 233 1925 1301
f 878 876 1925
f 1925 230 875
f 1301 875 231
f 887 886 239
f 181 1928 887
f 1324 884 1928
f 1928 237 886
f 888 1300 240
f 239 1929 888
f 886 885 1929
f 1929 238 1300
f 241 1930 889
f 890 1323 1930
f 1323 887 1930
f 1930 239 889
f 242 1931 1299
f 891 889 1931
f 889 888 1931
f 1931 240 1299
f 243 1932 892
f 893 1322 1932
f 1322 890 1932
f 1932 241 892
f 244 1933 1298
f 894 892 1933
f 892 891 1933
f 1933 242 1298
f 245 1934 895
f 896 1321 1934
f 1321 893 1934
f 1934 243 895
f 246 1935 1297
f 897 895 1935
f 895 894 1935
f 1935 244 1297
f 247 1936 898
f 189 1936 899
f 1320 896 1936
f 1936 245 898
f 248 1937 1296
f 900 898 1937
f 898 897 1937
f 1937 246 1296
f 249 1938 901
f 902 1319 1938
f 1938 189 899
f 1938 247 901
f 250 1939 1295
f 903 901 1939
f 901 900 1939
f 1939 248 1295
f 251 1940 904
f 905 1318 1940
f 1318 902 1940
f 1940 249 904
f 252 1941 1294
f 906 904 1941
f 904 903 1941
f 1941 250 1294
f 253 1942 907
f 908 1317 1942
f 1942 193 905
f 1942 251 907
f 254 1943 1293
f 909 907 1943
f 907 906 1943
f 1943 252 1293
f 255 1944 910
f 911 1316 1944
f 1316 908 1944
f 1944 253 910
f 256 1945 1292
f 912 910 1945
f 910 909 1945
f 1945 254 1292
f 257 1946 913
f 914 1315 1946
f 1946 197 911
f 1946 255 913
f 258 1947 1291
f 915 913 1947
f 913 912 1947
f 1947 256 1291
f 259 1948 916
f 917 1314 1948
f 1314 914 1948
f 916 914 257
f 260 1949 1290
f 918 916 1949
f 916 915 1949
f 1949 258 1290
f 261 1950 919
f 920 1313 1950
f 1313 917 1950
f 1950 259 919
f 262 1951 1289
f 921 919 1951
f 919 918 1951
f 1951 260 1289
f 263 1952 922
f 205 1952 923
f 1952 203 920
f 1952 261 922
f 264 1953 1288
f 924 922 1953
f 922 921 1953
f 1953 262 1288
f 265 1954 925
f 926 1311 1954
f 1311 923 1954
f 1954 263 925
f 266 1955 1287
f 927 925 1955
f 925 924 1955
f 1955 264 1287
f 267 1956 928
f 929 1310 1956
f 1310 926 1956
f 1956 265 928
f 268 1957 1286
f 930 928 1957
f 928 927 1957
f 1957 266 1286
f 269 1958 931
f 932 1309 1958
f 1309 929 1958
f 1958 267 931
f 270 1959 937
f 933 931 1959
f 931 930 1959
f 1959 268 937
f 272 1960 936
f 938 934 1960
f 934 933 1960
f 1960 270 936
f 271 1961 1028
f 935 937 1961
f 937 1026 1961
f 1961 333 1028
f 273 1962 943
f 939 936 1962
f 936 935 1962
f 1962 271 943
f 275 1963 942
f 944 940 1963
f 940 939 1963
f 1963 273 942
f 277 1966 946
f 947 1308 1966
f 1308 944 1966
f 1966 275 946
f 279 1968 949
f 950 1307 1968
f 1307 947 1968
f 1968 277 949
f 281 1970 952
f 953 1306 1970
f 1306 950 1970
f 1970 279 952
f 283 1972 955
f 956 1305 1972
f 1305 953 1972
f 1972 281 955
f 285 1974 958
f 959 1304 1974
f 1304 956 1974
f 1974 283 958
f 287 1976 961
f 962 1303 1976
f 1303 959 1976
f 1976 285 961
f 289 1978 964
f 965 1302 1978
f 1302 962 1978
f 1978 287 964
f 291 1980 967
f 968 1301 1980
f 1980 231 965
f 967 965 289
f 984 983 305
f 240 1988 984
f 1300 981 1988
f 1988 303 983
f 307 1990 986
f 987 1299 1990
f 1299 984 1990
f 1990 305 986
f 309 1992 989
f 990 1298 1992
f 1298 987 1992
f 1992 307 989
f 311 1994 992
f 993 1297 1994
f 1297 990 1994
f 1994 309 992
f 313 1996 995
f 996 1296 1996
f 1296 993 1996
f 1996 311 995
f 315 1998 998
f 999 1295 1998
f 1295 996 1998
f 1998 313 998
f 317 2000 1001
f 1002 1294 2000
f 1294 999 2000
f 2000 315 1001
f 319 2002 1004
f 1005 1293 2002
f 1293 1002 2002
f 2002 317 1004
f 321 2004 1007
f 1008 1292 2004
f 1292 1005 2004
f 2004 319 1007
f 323 2006 1010
f 1011 1291 2006
f 1291 1008 2006
f 2006 321 1010
f 325 2008 1013
f 1014 1290 2008
f 1290 1011 2008
f 2008 323 1013
f 327 2010 1016
f 1017 1289 2010
f 1289 1014 2010
f 2010 325 1016
f 329 2012 1019
f 1020 1288 2012
f 1288 1017 2012
f 2012 327 1019
f 331 2014 1022
f 1023 1287 2014
f 1287 1020 2014
f 2014 329 1022
f 333 2016 1025
f 1026 1286 2016
f 1286 1023 2016
f 2016 331 1025
f 1518 1519 478
f 472 2212 1518
f 1520 1521 2212
f 2212 476 1519
f 1523 1522 483
f 485 2213 1523
f 1524 1525 2213
f 2213 484 1522
f 1530 1529 495
f 497 2215 1530
f 1531 1532 2215
f 2215 496 1529
f 1537 1536 492
f 495 2217 1537
f 1529 1538 2217
f 2217 493 1536
f 489 2219 1541
f 1542 1536 2219
f 2219 493 1543
f 1541 1543 490
f 1549 1550 502
f 505 2222 1549
f 1551 1552 2222
f 2222 500 1550
f 1553 1524 485
f 1553 1554 2223
f 1554 1555 2223
f 2223 487 1524
f 514 2226 1561
f 1560 1531 2226
f 1531 1562 2226
f 1561 1562 512
f 509 2227 1554
f 1563 1541 2227
f 2227 490 1564
f 1554 1564 511
f 1568 1569 481
f 502 2230 1568
f 1550 1570 2230
f 2230 480 1569
f 1571 1569 480
f 1571 1572 2231
f 2231 469 1573
f 1569 1573 481
f 467 2233 1572
f 1576 1522 2233
f 2233 484 1577
f 1572 1577 469
f 1581 1582 508
f 478 2236 1581
f 1519 1583 2236
f 1582 1583 506
f 475 2238 1587
f 1586 1582 2238
f 2238 506 1588
f 1587 1588 473
f 505 2240 1551
f 1590 1587 2240
f 2240 473 1591
f 1551 1591 504
f 472 2242 1520
f 1593 1561 2242
f 2242 512 1594
f 1520 1594 471
f 483 2243 1595
f 1576 1596 2243
f 1596 787 2243
f 2243 171 1595
f 467 2245 1596
f 1571 1599 2245
f 1599 786 2245
f 2245 170 1596
f 884 1601 237
f 179 2247 884
f 2247 471 1594
f 1601 1594 512
f 179 2248 1602
f 794 1603 2248
f 1603 1521 2248
f 2248 471 1602
f 1607 1588 506
f 115 2251 1607
f 699 1608 2251
f 2251 473 1588
f 1608 1591 473
f 114 2253 1608
f 697 1611 2253
f 2253 504 1591
f 178 2255 1603
f 793 1612 2255
f 1612 1583 2255
f 2255 476 1603
f 500 2256 1570
f 1613 693 2256
f 2256 111 1614
f 1570 1614 480
f 1614 1599 480
f 111 2257 1614
f 691 690 2257
f 2257 110 1599
f 1523 1616 485
f 483 2259 1523
f 2259 171 877
f 1616 877 232
f 1553 1618 509
f 485 2261 1553
f 2261 232 878
f 1618 878 233
f 1619 974 297
f 492 2262 1619
f 1542 1620 2262
f 2262 295 974
f 1620 972 295
f 489 2264 1620
f 1563 1622 2264
f 2264 293 972
f 299 2265 976
f 1623 1537 2265
f 2265 492 1619
f 976 1619 297
f 301 2267 978
f 1625 1530 2267
f 2267 495 1623
f 978 1623 299
f 981 980 303
f 238 2269 981
f 1626 1625 2269
f 2269 301 980
f 885 1626 238
f 237 2270 885
f 2270 512 1562
f 1626 1562 497
f 504 2272 1552
f 1611 695 2272
f 2272 112 1613
f 1552 1613 500
f 117 2273 1612
f 703 701 2273
f 2273 115 1607
f 1612 1607 506
f 293 2274 970
f 1622 1618 2274
f 2274 233 968
f 970 968 291
f 671 1798 764
f 97 673 1798
f 1798 673 95
f 764 1798 762
f 675 1799 1356
f 99 672 1799
f 1799 672 97
f 1356 1799 671
f 678 1801 1355
f 101 676 1801
f 1801 676 99
f 1355 1801 675
f 681 1803 1354
f 103 679 1803
f 1803 679 101
f 1354 1803 678
f 684 1805 1353
f 105 682 1805
f 1805 682 103
f 1353 1805 681
f 687 1807 1352
f 107 685 1807
f 1807 685 105
f 1352 1807 684
f 690 1809 1351
f 109 688 1809
f 688 107 687
f 1809 687 108
f 119 706 1817
f 706 118 704
f 1817 704 116
f 1350 1817 703
f 709 1819 1349
f 120 707 1819
f 1819 707 118
f 1349 1819 706
f 712 1821 1348
f 122 710 1821
f 1821 710 120
f 1348 1821 709
f 715 1823 1347
f 124 713 1823
f 1823 713 122
f 1347 1823 712
f 718 1825 1346
f 126 716 1825
f 1825 716 124
f 1346 1825 715
f 721 1827 1345
f 128 719 1827
f 1827 719 126
f 1345 1827 718
f 724 1829 1344
f 130 722 1829
f 1829 722 128
f 1344 1829 721
f 727 1831 1343
f 132 725 1831
f 1831 725 130
f 1343 1831 724
f 730 1833 1342
f 134 728 1833
f 1833 728 132
f 1342 1833 727
f 733 1835 1341
f 136 731 1835
f 1835 731 134
f 1341 1835 730
f 736 1837 1340
f 138 734 1837
f 1837 734 136
f 1340 1837 733
f 739 1839 1339
f 140 737 1839
f 1839 737 138
f 1339 1839 736
f 742 1841 1338
f 142 740 1841
f 1841 740 140
f 1338 1841 739
f 745 1843 1337
f 144 743 1843
f 1843 743 142
f 1337 1843 742
f 748 1845 1336
f 146 746 1845
f 1845 746 144
f 1336 1845 745
f 751 1847 1335
f 148 749 1847
f 1847 749 146
f 1335 1847 748
f 754 1849 1334
f 150 752 1849
f 1849 752 148
f 1334 1849 751
f 757 1851 761
f 152 755 1851
f 1851 755 150
f 761 1851 754
f 762 1852 760
f 95 758 1852
f 1852 758 152
f 760 1852 757
f 759 1853 846
f 153 761 1853
f 1853 761 151
f 846 1853 844
f 763 1854 767
f 155 760 1854
f 1854 760 153
f 767 1854 759
f 768 1855 766
f 98 764 1855
f 1855 764 155
f 766 1855 763
f 765 1856 852
f 156 767 1856
f 1856 767 154
f 852 1856 850
f 769 1857 1333
f 158 766 1857
f 1857 766 156
f 1333 1857 765
f 772 1858 770
f 100 1356 1858
f 1858 1356 98
f 770 1858 768
f 771 1859 1332
f 160 770 1859
f 1859 770 158
f 1332 1859 769
f 775 1860 1331
f 162 773 1860
f 1860 773 160
f 1331 1860 771
f 774 1861 773
f 102 1355 1861
f 1861 1355 100
f 773 1861 772
f 777 1862 776
f 104 1354 1862
f 1862 1354 102
f 776 1862 774
f 778 1863 1330
f 164 776 1863
f 1863 776 162
f 1330 1863 775
f 780 1864 779
f 106 1353 1864
f 1864 1353 104
f 779 1864 777
f 167 781 1865
f 166 779 1865
f 1865 779 164
f 1329 1865 778
f 783 1866 782
f 108 1352 1866
f 1866 1352 106
f 782 1866 780
f 784 1867 1328
f 168 782 1867
f 1867 782 166
f 1328 1867 781
f 786 1868 785
f 110 1351 1868
f 1351 108 783
f 1868 783 168
f 787 1869 1327
f 170 785 1869
f 785 168 784
f 1869 784 169
f 180 796 1872
f 796 119 1350
f 1872 1350 117
f 795 1872 793
f 181 797 1873
f 797 180 795
f 1873 795 178
f 1324 1873 794
f 799 1874 798
f 121 1349 1874
f 1874 1349 119
f 798 1874 796
f 800 1875 1323
f 182 798 1875
f 1875 798 180
f 1323 1875 797
f 802 1876 801
f 123 1348 1876
f 1876 1348 121
f 801 1876 799
f 803 1877 1322
f 184 801 1877
f 1877 801 182
f 1877 800 183
f 805 1878 804
f 125 1347 1878
f 1878 1347 123
f 804 1878 802
f 806 1879 1321
f 186 804 1879
f 1879 804 184
f 1879 803 185
f 808 1880 807
f 127 1346 1880
f 1880 1346 125
f 807 1880 805
f 189 809 1881
f 188 807 1881
f 1881 807 186
f 1320 1881 806
f 811 1882 810
f 129 1345 1882
f 1882 1345 127
f 810 1882 808
f 191 812 1883
f 190 810 1883
f 1883 810 188
f 1319 1883 809
f 814 1884 813
f 131 1344 1884
f 1884 1344 129
f 813 1884 811
f 815 1885 1318
f 192 813 1885
f 1885 813 190
f 1318 1885 812
f 817 1886 816
f 133 1343 1886
f 1886 1343 131
f 816 1886 814
f 195 818 1887
f 194 816 1887
f 1887 816 192
f 1317 1887 815
f 820 1888 819
f 135 1342 1888
f 1888 1342 133
f 819 1888 817
f 821 1889 1316
f 196 819 1889
f 1889 819 194
f 1316 1889 818
f 823 1890 822
f 137 1341 1890
f 1890 1341 135
f 822 1890 820
f 824 1891 1315
f 198 822 1891
f 1891 822 196
f 1315 1891 821
f 826 1892 825
f 139 1340 1892
f 1892 1340 137
f 825 1892 823
f 827 1893 1314
f 200 825 1893
f 1893 825 198
f 1314 1893 824
f 829 1894 828
f 141 1339 1894
f 1894 1339 139
f 828 1894 826
f 830 1895 1313
f 202 828 1895
f 1895 828 200
f 1313 1895 827
f 832 1896 831
f 143 1338 1896
f 1896 1338 141
f 831 1896 829
f 833 1897 1312
f 204 831 1897
f 1897 831 202
f 1312 1897 830
f 835 1898 834
f 145 1337 1898
f 1898 1337 143
f 834 1898 832
f 836 1899 1311
f 206 834 1899
f 1899 834 204
f 1311 1899 833
f 838 1900 837
f 147 1336 1900
f 1900 1336 145
f 837 1900 835
f 839 1901 1310
f 208 837 1901
f 1901 837 206
f 1310 1901 836
f 841 1902 840
f 149 1335 1902
f 1902 1335 147
f 840 1902 838
f 842 1903 1309
f 210 840 1903
f 1903 840 208
f 1309 1903 839
f 844 1904 843
f 151 1334 1904
f 1904 1334 149
f 843 1904 841
f 845 1905 849
f 212 843 1905
f 1905 843 210
f 849 1905 842
f 850 1906 848
f 154 846 1906
f 1906 846 212
f 848 1906 845
f 214 847 1907
f 847 213 849
f 849 211 932
f 1907 932 269
f 216 851 1908
f 851 215 848
f 848 213 847
f 1908 847 214
f 218 856 1909
f 157 852 1909
f 852 215 851
f 1909 851 216
f 217 853 1910
f 853 216 855
f 855 214 938
f 1910 938 272
f 219 857 1911
f 857 218 854
f 854 216 853
f 1911 853 217
f 220 859 1912
f 859 159 1333
f 1333 157 856
f 1912 856 218
f 221 860 1913
f 860 220 858
f 858 218 857
f 1913 857 219
f 222 862 1914
f 862 161 1332
f 1332 159 859
f 1914 859 220
f 223 863 1915
f 863 222 861
f 861 220 860
f 1915 860 221
f 224 865 1916
f 163 1331 1916
f 1916 1331 161
f 1916 862 222
f 225 866 1917
f 866 224 864
f 864 222 863
f 1917 863 223
f 226 868 1918
f 165 1330 1918
f 1330 163 865
f 1918 865 224
f 227 869 1919
f 869 226 867
f 867 224 866
f 1919 866 225
f 871 1920 870
f 871 167 1329
f 1329 165 868
f 1920 868 226
f 229 872 1921
f 872 228 870
f 870 226 869
f 1921 869 227
f 230 874 1922
f 874 169 1328
f 1328 167 871
f 1922 871 228
f 231 875 1923
f 875 230 873
f 873 228 872
f 1923 872 229
f 232 877 1924
f 877 171 1327
f 1924 1327 169
f 876 1924 874
f 233 878 1925
f 878 232 876
f 1925 876 230
f 1301 1925 875
f 887 1928 886
f 181 1324 1928
f 1324 179 884
f 1928 884 237
f 888 1929 1300
f 239 886 1929
f 886 237 885
f 1929 885 238
f 241 890 1930
f 890 183 1323
f 1323 181 887
f 1930 887 239
f 242 891 1931
f 891 241 889
f 889 239 888
f 1931 888 240
f 243 893 1932
f 893 185 1322
f 1322 183 890
f 1932 890 241
f 244 894 1933
f 894 243 892
f 892 241 891
f 1933 891 242
f 245 896 1934
f 896 187 1321
f 1321 185 893
f 1934 893 243
f 246 897 1935
f 897 245 895
f 895 243 894
f 1935 894 244
f 247 899 1936
f 189 1320 1936
f 1320 187 896
f 1936 896 245
f 248 900 1937
f 900 247 898
f 898 245 897
f 1937 897 246
f 249 902 1938
f 902 191 1319
f 1938 1319 189
f 1938 899 247
f 250 903 1939
f 903 249 901
f 901 247 900
f 1939 900 248
f 251 905 1940
f 905 193 1318
f 1318 191 902
f 1940 902 249
f 252 906 1941
f 906 251 904
f 904 249 903
f 1941 903 250
f 253 908 1942
f 908 195 1317
f 1942 1317 193
f 1942 905 251
f 254 909 1943
f 909 253 907
f 907 251 906
f 1943 906 252
f 255 911 1944
f 911 197 1316
f 1316 195 908
f 1944 908 253
f 256 912 1945
f 912 255 910
f 910 253 909
f 1945 909 254
f 257 914 1946
f 914 199 1315
f 1946 1315 197
f 1946 911 255
f 258 915 1947
f 915 257 913
f 913 255 912
f 1947 912 256
f 259 917 1948
f 917 201 1314
f 1314 199 914
f 916 1948 914
f 260 918 1949
f 918 259 916
f 916 257 915
f 1949 915 258
f 261 920 1950
f 920 203 1313
f 1313 201 917
f 1950 917 259
f 262 921 1951
f 921 261 919
f 919 259 918
f 1951 918 260
f 263 923 1952
f 205 1312 1952
f 1952 1312 203
f 1952 920 261
f 264 924 1953
f 924 263 922
f 922 261 921
f 1953 921 262
f 265 926 1954
f 926 207 1311
f 1311 205 923
f 1954 923 263
f 266 927 1955
f 927 265 925
f 925 263 924
f 1955 924 264
f 267 929 1956
f 929 209 1310
f 1310 207 926
f 1956 926 265
f 268 930 1957
f 930 267 928
f 928 265 927
f 1957 927 266
f 269 932 1958
f 932 211 1309
f 1309 209 929
f 1958 929 267
f 270 933 1959
f 933 269 931
f 931 267 930
f 1959 930 268
f 272 938 1960
f 938 214 934
f 934 269 933
f 1960 933 270
f 271 935 1961
f 935 270 937
f 937 268 1026
f 1961 1026 333
f 273 939 1962
f 939 272 936
f 936 270 935
f 1962 935 271
f 275 944 1963
f 944 217 940
f 940 272 939
f 1963 939 273
f 277 947 1966
f 947 219 1308
f 1308 217 944
f 1966 944 275
f 279 950 1968
f 950 221 1307
f 1307 219 947
f 1968 947 277
f 281 953 1970
f 953 223 1306
f 1306 221 950
f 1970 950 279
f 283 956 1972
f 956 225 1305
f 1305 223 953
f 1972 953 281
f 285 959 1974
f 959 227 1304
f 1304 225 956
f 1974 956 283
f 287 962 1976
f 962 229 1303
f 1303 227 959
f 1976 959 285
f 289 965 1978
f 965 231 1302
f 1302 229 962
f 1978 962 287
f 291 968 1980
f 968 233 1301
f 1980 1301 231
f 967 1980 965
f 984 1988 983
f 240 1300 1988
f 1300 238 981
f 1988 981 303
f 307 987 1990
f 987 242 1299
f 1299 240 984
f 1990 984 305
f 309 990 1992
f 990 244 1298
f 1298 242 987
f 1992 987 307
f 311 993 1994
f 993 246 1297
f 1297 244 990
f 1994 990 309
f 313 996 1996
f 996 248 1296
f 1296 246 993
f 1996 993 311
f 315 999 1998
f 999 250 1295
f 1295 248 996
f 1998 996 313
f 317 1002 2000
f 1002 252 1294
f 1294 250 999
f 2000 999 315
f 319 1005 2002
f 1005 254 1293
f 1293 252 1002
f 2002 1002 317
f 321 1008 2004
f 1008 256 1292
f 1292 254 1005
f 2004 1005 319
f 323 1011 2006
f 1011 258 1291
f 1291 256 1008
f 2006 1008 321
f 325 1014 2008
f 1014 260 1290
f 1290 258 1011
f 2008 1011 323
f 327 1017 2010
f 1017 262 1289
f 1289 260 1014
f 2010 1014 325
f 329 1020 2012
f 1020 264 1288
f 1288 262 1017
f 2012 1017 327
f 331 1023 2014
f 1023 266 1287
f 1287 264 1020
f 2014 1020 329
f 333 1026 2016
f 1026 268 1286
f 1286 266 1023
f 2016 1023 331
f 1518 2212 1519
f 472 1520 2212
f 1520 471 1521
f 2212 1521 476
f 1523 2213 1522
f 485 1524 2213
f 1524 487 1525
f 2213 1525 484
f 1530 2215 1529
f 497 1531 2215
f 1531 499 1532
f 2215 1532 496
f 1537 2217 1536
f 495 1529 2217
f 1529 496 1538
f 2217 1538 493
f 489 1542 2219
f 1542 492 1536
f 2219 1536 493
f 1541 2219 1543
f 1549 2222 1550
f 505 1551 2222
f 1551 504 1552
f 2222 1552 500
f 1553 2223 1524
f 1553 509 1554
f 1554 511 1555
f 2223 1555 487
f 514 1560 2226
f 1560 499 1531
f 1531 497 1562
f 1561 2226 1562
f 509 1563 2227
f 1563 489 1541
f 2227 1541 490
f 1554 2227 1564
f 1568 2230 1569
f 502 1550 2230
f 1550 500 1570
f 2230 1570 480
f 1571 2231 1569
f 1571 467 1572
f 2231 1572 469
f 1569 2231 1573
f 467 1576 2233
f 1576 483 1522
f 2233 1522 484
f 1572 2233 1577
f 1581 2236 1582
f 478 1519 2236
f 1519 476 1583
f 1582 2236 1583
f 475 1586 2238
f 1586 508 1582
f 2238 1582 506
f 1587 2238 1588
f 505 1590 2240
f 1590 475 1587
f 2240 1587 473
f 1551 2240 1591
f 472 1593 2242
f 1593 514 1561
f 2242 1561 512
f 1520 2242 1594
f 483 1576 2243
f 1576 467 1596
f 1596 170 787
f 2243 787 171
f 467 1571 2245
f 1571 480 1599
f 1599 110 786
f 2245 786 170
f 884 2247 1601
f 179 1602 2247
f 2247 1602 471
f 1601 2247 1594
f 179 794 2248
f 794 178 1603
f 1603 476 1521
f 2248 1521 471
f 1607 2251 1588
f 115 699 2251
f 699 114 1608
f 2251 1608 473
f 1608 2253 1591
f 114 697 2253
f 697 113 1611
f 2253 1611 504
f 178 793 2255
f 793 117 1612
f 1612 506 1583
f 2255 1583 476
f 500 1613 2256
f 1613 112 693
f 2256 693 111
f 1570 2256 1614
f 1614 2257 1599
f 111 691 2257
f 691 109 690
f 2257 690 110
f 1523 2259 1616
f 483 1595 2259
f 2259 1595 171
f 1616 2259 877
f 1553 2261 1618
f 485 1616 2261
f 2261 1616 232
f 1618 2261 878
f 1619 2262 974
f 492 1542 2262
f 1542 489 1620
f 2262 1620 295
f 1620 2264 972
f 489 1563 2264
f 1563 509 1622
f 2264 1622 293
f 299 1623 2265
f 1623 495 1537
f 2265 1537 492
f 976 2265 1619
f 301 1625 2267
f 1625 497 1530
f 2267 1530 495
f 978 2267 1623
f 981 2269 980
f 238 1626 2269
f 1626 497 1625
f 2269 1625 301
f 885 2270 1626
f 237 1601 2270
f 2270 1601 512
f 1626 2270 1562
f 504 1611 2272
f 1611 113 695
f 2272 695 112
f 1552 2272 1613
f 117 703 2273
f 703 116 701
f 2273 701 115
f 1612 2273 1607
f 293 1622 2274
f 1622 509 1618
f 2274 1618 233
f 970 2274 968
