# Blender 4.4.3
# www.blender.org
mtllib 2_ball.mtl
o Solid.013
v -0.076578 -0.140481 0.866275
v -0.073273 -0.142076 0.864075
v -0.080542 -0.146399 0.863317
v -0.073008 -0.133843 0.867958
v -0.080347 -0.139234 0.867871
v -0.083139 -0.145540 0.864416
v -0.077806 -0.132257 0.869989
v -0.084437 -0.138385 0.868800
v -0.085956 -0.144955 0.865056
v -0.083011 -0.131176 0.871172
v -0.088689 -0.137965 0.869028
v -0.088885 -0.144666 0.865213
v -0.088424 -0.130642 0.871461
v -0.092941 -0.137992 0.868545
v -0.091813 -0.144684 0.864880
v -0.093835 -0.130675 0.870847
v -0.097029 -0.138463 0.867370
v -0.094629 -0.145009 0.864071
v -0.099037 -0.131275 0.869352
v -0.100795 -0.139361 0.865548
v -0.097223 -0.145627 0.862816
v -0.103831 -0.132417 0.867033
v -0.104095 -0.140651 0.863150
v -0.099497 -0.146516 0.861164
v -0.108032 -0.134059 0.863980
v -0.106803 -0.142283 0.860266
v -0.101362 -0.147641 0.859178
v -0.111478 -0.136137 0.860310
v -0.108814 -0.144196 0.857009
v -0.102747 -0.148958 0.856934
v -0.114037 -0.138571 0.856165
v -0.110051 -0.146315 0.853503
v -0.103599 -0.150417 0.854520
v -0.115612 -0.141268 0.851703
v -0.110466 -0.148559 0.849884
v -0.103885 -0.151963 0.852026
v -0.116140 -0.144124 0.847096
v -0.110044 -0.150841 0.846289
v -0.103594 -0.153535 0.849550
v -0.115602 -0.147030 0.842521
v -0.108800 -0.153075 0.842858
v -0.102737 -0.155074 0.847187
v -0.114019 -0.149873 0.838153
v -0.106783 -0.155174 0.839722
v -0.101348 -0.156520 0.845026
v -0.111452 -0.152544 0.834162
v -0.104069 -0.157057 0.837001
v -0.099479 -0.157817 0.843153
v -0.107999 -0.154941 0.830699
v -0.100764 -0.158653 0.834801
v -0.097202 -0.158916 0.841637
v -0.103792 -0.156972 0.827899
v -0.096995 -0.159899 0.833205
v -0.094605 -0.159775 0.840538
v -0.098994 -0.158558 0.825868
v -0.092905 -0.160749 0.832276
v -0.091788 -0.160360 0.839898
v -0.093789 -0.159639 0.824685
v -0.088653 -0.161168 0.832048
v -0.088859 -0.160649 0.839741
v -0.088377 -0.160173 0.824395
v -0.084401 -0.161142 0.832531
v -0.085931 -0.160631 0.840074
v -0.082965 -0.160140 0.825010
v -0.080313 -0.160671 0.833706
v -0.083115 -0.160306 0.840883
v -0.077763 -0.159540 0.826505
v -0.076547 -0.159773 0.835528
v -0.080521 -0.159688 0.842138
v -0.072969 -0.158397 0.828824
v -0.073247 -0.158483 0.837926
v -0.078248 -0.158799 0.843790
v -0.068769 -0.156756 0.831877
v -0.070539 -0.156850 0.840809
v -0.076382 -0.157674 0.845776
v -0.065322 -0.154678 0.835546
v -0.068528 -0.154938 0.844067
v -0.074997 -0.156357 0.848019
v -0.062763 -0.152243 0.839692
v -0.067291 -0.152819 0.847572
v -0.074145 -0.154897 0.850434
v -0.061189 -0.149546 0.844154
v -0.066876 -0.150575 0.851192
v -0.073859 -0.153352 0.852928
v -0.060660 -0.146690 0.848761
v -0.067298 -0.148292 0.854787
v -0.074150 -0.151779 0.855404
v -0.061198 -0.143785 0.853336
v -0.068542 -0.146058 0.858218
v -0.075007 -0.150241 0.857767
v -0.062781 -0.140942 0.857703
v -0.070559 -0.143960 0.861354
v -0.076397 -0.148795 0.859927
v -0.065348 -0.138271 0.861695
v -0.060964 -0.131947 0.860936
v -0.068802 -0.135874 0.865158
v -0.065025 -0.129129 0.865008
v -0.062087 -0.122100 0.863632
v -0.069971 -0.126741 0.868301
v -0.067584 -0.119447 0.867291
v -0.075613 -0.124875 0.870689
v -0.073852 -0.117375 0.869944
v -0.081734 -0.123604 0.872080
v -0.080653 -0.115962 0.871490
v -0.088098 -0.122977 0.872421
v -0.087725 -0.115265 0.871868
v -0.094461 -0.123016 0.871698
v -0.094795 -0.115308 0.871065
v -0.100578 -0.123721 0.869940
v -0.101592 -0.116092 0.869112
v -0.106215 -0.125064 0.867213
v -0.107855 -0.117585 0.866082
v -0.111155 -0.126995 0.863623
v -0.113344 -0.119730 0.862093
v -0.115207 -0.129439 0.859308
v -0.117847 -0.122445 0.857299
v -0.118216 -0.132301 0.854434
v -0.121191 -0.125625 0.851882
v -0.120068 -0.135472 0.849187
v -0.123247 -0.129149 0.846053
v -0.120689 -0.138831 0.843770
v -0.123938 -0.132881 0.840033
v -0.120057 -0.142247 0.838390
v -0.123235 -0.136677 0.834055
v -0.118195 -0.145590 0.833255
v -0.121167 -0.140391 0.828349
v -0.115176 -0.148731 0.828561
v -0.117813 -0.143881 0.823134
v -0.111116 -0.151550 0.824489
v -0.113301 -0.147013 0.818610
v -0.106169 -0.153938 0.821196
v -0.107805 -0.149667 0.814951
v -0.100527 -0.155803 0.818808
v -0.101536 -0.151739 0.812298
v -0.094407 -0.157074 0.817417
v -0.094735 -0.153152 0.810752
v -0.088043 -0.157702 0.817077
v -0.087663 -0.153849 0.810373
v -0.081680 -0.157663 0.817799
v -0.080593 -0.153806 0.811177
v -0.075562 -0.156958 0.819558
v -0.073796 -0.153022 0.813130
v -0.069926 -0.155614 0.822284
v -0.067533 -0.151529 0.816160
v -0.064986 -0.153683 0.825874
v -0.062044 -0.149384 0.820148
v -0.060934 -0.151240 0.830189
v -0.057541 -0.146669 0.824943
v -0.057924 -0.148377 0.835064
v -0.054197 -0.143488 0.830359
v -0.056073 -0.145206 0.840310
v -0.052141 -0.139965 0.836189
v -0.055452 -0.141848 0.845728
v -0.051450 -0.136233 0.842209
v -0.056084 -0.138432 0.851107
v -0.052153 -0.132437 0.848186
v -0.057945 -0.135089 0.856243
v -0.054221 -0.128723 0.853893
v -0.051751 -0.122089 0.850743
v -0.057575 -0.125232 0.859108
v -0.055312 -0.118384 0.856279
v -0.054261 -0.111665 0.852560
v -0.060102 -0.115059 0.861082
v -0.059145 -0.108275 0.857457
v -0.065936 -0.112242 0.864967
v -0.065094 -0.105403 0.861417
v -0.072592 -0.110042 0.867783
v -0.071879 -0.103160 0.864289
v -0.079811 -0.108543 0.869424
v -0.079240 -0.101631 0.865962
v -0.087318 -0.107802 0.869826
v -0.086894 -0.100876 0.866372
v -0.094824 -0.107848 0.868973
v -0.094547 -0.100923 0.865503
v -0.102040 -0.108680 0.866899
v -0.101904 -0.101771 0.863388
v -0.108689 -0.110265 0.863683
v -0.108684 -0.103387 0.860109
v -0.114515 -0.112542 0.859449
v -0.114624 -0.105709 0.855792
v -0.119296 -0.115425 0.854359
v -0.119498 -0.108648 0.850602
v -0.122845 -0.118801 0.848609
v -0.123117 -0.112090 0.844739
v -0.125029 -0.122542 0.842420
v -0.125344 -0.115904 0.838429
v -0.125762 -0.126503 0.836030
v -0.126091 -0.119943 0.831914
v -0.125016 -0.130533 0.829684
v -0.125331 -0.124052 0.825443
v -0.122821 -0.134476 0.823626
v -0.123092 -0.128073 0.819267
v -0.119259 -0.138182 0.818090
v -0.119461 -0.131851 0.813622
v -0.114469 -0.141506 0.813287
v -0.114577 -0.135241 0.808725
v -0.108635 -0.144323 0.809403
v -0.108629 -0.138112 0.804765
v -0.101980 -0.146523 0.806586
v -0.101843 -0.140356 0.801893
v -0.094760 -0.148023 0.804945
v -0.094482 -0.141885 0.800220
v -0.087253 -0.148763 0.804543
v -0.086828 -0.142640 0.799810
v -0.079748 -0.148717 0.805396
v -0.079175 -0.142592 0.800679
v -0.072531 -0.147885 0.807470
v -0.071818 -0.141745 0.802794
v -0.065882 -0.146300 0.810686
v -0.065039 -0.140129 0.806073
v -0.060056 -0.144023 0.814920
v -0.059098 -0.137807 0.810391
v -0.055276 -0.141141 0.820010
v -0.054224 -0.134868 0.815580
v -0.051726 -0.137764 0.825760
v -0.050605 -0.131425 0.821443
v -0.049542 -0.134024 0.831949
v -0.048378 -0.127611 0.827753
v -0.048810 -0.130062 0.838340
v -0.047631 -0.123572 0.834269
v -0.049555 -0.126033 0.844685
v -0.048391 -0.119464 0.840739
v -0.048706 -0.112983 0.836498
v -0.050630 -0.115443 0.846915
v -0.050901 -0.109039 0.842556
v -0.052555 -0.103125 0.837833
v -0.054463 -0.105334 0.848092
v -0.055909 -0.099634 0.843048
v -0.059253 -0.102009 0.852895
v -0.060421 -0.096502 0.847572
v -0.065087 -0.099193 0.856779
v -0.065918 -0.093849 0.851231
v -0.071742 -0.096992 0.859596
v -0.072186 -0.091776 0.853884
v -0.078962 -0.095493 0.861237
v -0.078987 -0.090364 0.855430
v -0.086469 -0.094752 0.861639
v -0.086059 -0.089666 0.855809
v -0.093975 -0.094799 0.860786
v -0.093129 -0.089710 0.855006
v -0.101191 -0.095630 0.858712
v -0.099926 -0.090493 0.853052
v -0.107840 -0.097215 0.855496
v -0.106189 -0.091986 0.850022
v -0.113666 -0.099493 0.851262
v -0.111678 -0.094132 0.846034
v -0.118446 -0.102375 0.846172
v -0.116181 -0.096847 0.841239
v -0.121996 -0.105751 0.840422
v -0.119525 -0.100027 0.835823
v -0.124180 -0.109492 0.834233
v -0.121581 -0.103551 0.829993
v -0.124913 -0.113453 0.827843
v -0.122272 -0.107282 0.823973
v -0.124167 -0.117483 0.821497
v -0.121569 -0.111078 0.817996
v -0.121971 -0.121426 0.815439
v -0.119501 -0.114793 0.812290
v -0.118410 -0.125132 0.809903
v -0.116147 -0.118283 0.807074
v -0.113620 -0.128457 0.805100
v -0.111635 -0.121415 0.802550
v -0.107786 -0.131273 0.801216
v -0.106139 -0.124068 0.798891
v -0.101131 -0.133474 0.798399
v -0.099870 -0.126141 0.796238
v -0.093911 -0.134973 0.796758
v -0.093069 -0.127553 0.794692
v -0.086404 -0.135714 0.796356
v -0.085997 -0.128251 0.794314
v -0.078898 -0.135667 0.797209
v -0.078927 -0.128207 0.795117
v -0.071682 -0.134836 0.799283
v -0.072130 -0.127424 0.797071
v -0.065033 -0.133251 0.802499
v -0.065867 -0.125931 0.800100
v -0.059207 -0.130973 0.806733
v -0.060378 -0.123786 0.804089
v -0.054427 -0.128091 0.811823
v -0.055875 -0.121071 0.808883
v -0.050877 -0.124715 0.817573
v -0.052531 -0.117890 0.814300
v -0.048693 -0.120974 0.823762
v -0.050475 -0.114367 0.820130
v -0.047960 -0.117012 0.830152
v -0.049784 -0.110635 0.826149
v -0.053033 -0.104685 0.822413
v -0.050487 -0.106839 0.832127
v -0.053665 -0.101269 0.827792
v -0.058120 -0.096486 0.823661
v -0.055527 -0.097926 0.832928
v -0.059703 -0.093643 0.828029
v -0.058546 -0.094785 0.837621
v -0.062270 -0.090972 0.832020
v -0.062606 -0.091966 0.841693
v -0.065723 -0.088574 0.835483
v -0.067553 -0.089578 0.844986
v -0.069930 -0.086544 0.838283
v -0.073195 -0.087713 0.847374
v -0.074728 -0.084957 0.840314
v -0.079315 -0.086442 0.848765
v -0.079933 -0.083876 0.841497
v -0.085679 -0.085814 0.849105
v -0.085345 -0.083342 0.841787
v -0.092042 -0.085853 0.848383
v -0.090757 -0.083376 0.841172
v -0.098160 -0.086558 0.846624
v -0.095959 -0.083975 0.839677
v -0.103797 -0.087902 0.843898
v -0.100753 -0.085118 0.837358
v -0.108736 -0.089832 0.840308
v -0.104953 -0.086760 0.834305
v -0.112788 -0.092276 0.835993
v -0.108400 -0.088838 0.830636
v -0.115798 -0.095138 0.831119
v -0.110959 -0.091272 0.826490
v -0.117649 -0.098309 0.825872
v -0.112533 -0.093969 0.822028
v -0.118270 -0.101668 0.820454
v -0.113062 -0.096825 0.817421
v -0.117638 -0.105084 0.815075
v -0.112524 -0.099731 0.812846
v -0.115777 -0.108427 0.809939
v -0.110941 -0.102573 0.808479
v -0.112758 -0.111568 0.805246
v -0.108374 -0.105245 0.804487
v -0.108697 -0.114387 0.801174
v -0.104920 -0.107642 0.801025
v -0.103751 -0.116775 0.797881
v -0.100714 -0.109673 0.798224
v -0.098109 -0.118640 0.795493
v -0.095916 -0.111259 0.796193
v -0.091988 -0.119911 0.794102
v -0.090711 -0.112340 0.795010
v -0.085624 -0.120539 0.793761
v -0.085298 -0.112874 0.794721
v -0.079261 -0.120500 0.794484
v -0.079887 -0.112841 0.795335
v -0.073144 -0.119795 0.796243
v -0.074685 -0.112241 0.796831
v -0.067507 -0.118451 0.798969
v -0.069891 -0.111098 0.799149
v -0.062567 -0.116520 0.802559
v -0.065690 -0.109456 0.802202
v -0.058515 -0.114077 0.806874
v -0.062244 -0.107378 0.805872
v -0.055506 -0.111215 0.811748
v -0.059685 -0.104944 0.810017
v -0.053655 -0.108043 0.816995
v -0.058111 -0.102247 0.814479
v -0.063671 -0.097201 0.812679
v -0.057582 -0.099391 0.819086
v -0.063256 -0.094957 0.816298
v -0.069837 -0.091552 0.814156
v -0.063679 -0.092674 0.819893
v -0.070128 -0.089980 0.816632
v -0.064922 -0.090440 0.823324
v -0.070985 -0.088442 0.818995
v -0.066940 -0.088342 0.826461
v -0.072375 -0.086996 0.821156
v -0.069653 -0.086458 0.829181
v -0.074243 -0.085699 0.823030
v -0.072958 -0.084863 0.831381
v -0.076520 -0.084599 0.824545
v -0.076728 -0.083616 0.832977
v -0.079117 -0.083741 0.825644
v -0.080817 -0.082767 0.833906
v -0.081934 -0.083156 0.826284
v -0.085070 -0.082347 0.834134
v -0.084863 -0.082867 0.826441
v -0.089321 -0.082374 0.833651
v -0.087791 -0.082885 0.826109
v -0.093409 -0.082845 0.832476
v -0.090607 -0.083210 0.825299
v -0.097175 -0.083743 0.830655
v -0.093201 -0.083828 0.824044
v -0.100476 -0.085033 0.828256
v -0.095475 -0.084717 0.822392
v -0.103183 -0.086665 0.825373
v -0.097340 -0.085841 0.820406
v -0.105194 -0.088578 0.822116
v -0.098725 -0.087159 0.818163
v -0.106431 -0.090697 0.818610
v -0.099577 -0.088618 0.815748
v -0.106846 -0.092941 0.814990
v -0.099863 -0.090164 0.813255
v -0.106424 -0.095223 0.811395
v -0.099572 -0.091736 0.810779
v -0.105180 -0.097457 0.807964
v -0.098715 -0.093275 0.808415
v -0.103163 -0.099556 0.804828
v -0.097326 -0.094720 0.806255
v -0.100450 -0.101439 0.802107
v -0.095457 -0.096018 0.804381
v -0.097145 -0.103035 0.799907
v -0.093180 -0.097117 0.802865
v -0.093375 -0.104281 0.798312
v -0.090583 -0.097975 0.801766
v -0.089285 -0.105131 0.797382
v -0.087766 -0.098560 0.801126
v -0.085033 -0.105550 0.797154
v -0.084837 -0.098849 0.800969
v -0.080781 -0.105524 0.797637
v -0.081909 -0.098831 0.801302
v -0.076694 -0.105053 0.798812
v -0.079093 -0.098507 0.802111
v -0.072927 -0.104155 0.800634
v -0.076499 -0.097888 0.803366
v -0.069627 -0.102865 0.803033
v -0.074226 -0.097000 0.805018
v -0.066919 -0.101232 0.805916
v -0.072360 -0.095875 0.807004
v -0.064908 -0.099320 0.809173
v -0.070975 -0.094558 0.809248
v -0.077392 -0.090935 0.810169
v -0.070123 -0.093098 0.811662
v -0.076941 -0.090163 0.811446
v -0.076790 -0.089346 0.812764
v -0.084676 -0.088178 0.812024
v -0.092512 -0.089443 0.810979
v -0.080323 -0.085670 0.818258
v -0.079120 -0.086251 0.817456
v -0.078131 -0.086937 0.816465
v -0.077397 -0.087701 0.815323
v -0.076944 -0.088515 0.814074
v -0.078124 -0.091632 0.808983
v -0.079110 -0.092226 0.807933
v -0.080312 -0.092696 0.807059
v -0.081684 -0.093023 0.806396
v -0.083173 -0.093194 0.805968
v -0.084721 -0.093204 0.805792
v -0.086270 -0.093051 0.805875
v -0.087759 -0.092742 0.806214
v -0.089132 -0.092288 0.806795
v -0.090336 -0.091707 0.807596
v -0.091324 -0.091021 0.808587
v -0.092059 -0.090257 0.809729
v -0.092665 -0.088612 0.812288
v -0.092514 -0.087794 0.813606
v -0.092064 -0.087023 0.814883
v -0.091331 -0.086326 0.816069
v -0.090345 -0.085732 0.817119
v -0.089143 -0.085262 0.817993
v -0.087772 -0.084935 0.818656
v -0.086283 -0.084763 0.819084
v -0.084734 -0.084754 0.819260
v -0.083186 -0.084906 0.819177
v -0.081696 -0.085216 0.818839
v -0.082398 -0.152495 0.857595
v -0.078265 -0.147498 0.861801
v -0.083386 -0.151809 0.858586
v -0.089046 -0.155337 0.854158
v -0.084590 -0.151228 0.859387
v -0.085963 -0.150774 0.859969
v -0.087452 -0.150464 0.860307
v -0.089001 -0.150312 0.860390
v -0.090550 -0.150321 0.860214
v -0.092038 -0.150493 0.859786
v -0.093410 -0.150820 0.859123
v -0.094612 -0.151289 0.858249
v -0.095598 -0.151884 0.857199
v -0.096330 -0.152581 0.856013
v -0.096781 -0.153352 0.854736
v -0.096932 -0.154170 0.853418
v -0.096778 -0.155001 0.852109
v -0.096325 -0.155814 0.850859
v -0.095591 -0.156579 0.849717
v -0.094602 -0.157265 0.848726
v -0.093399 -0.157846 0.847924
v -0.092026 -0.158300 0.847343
v -0.090536 -0.158609 0.847005
v -0.088988 -0.158762 0.846922
v -0.087439 -0.158752 0.847098
v -0.085951 -0.158581 0.847526
v -0.084579 -0.158254 0.848189
v -0.083377 -0.157784 0.849063
v -0.082391 -0.157189 0.850113
v -0.081658 -0.156493 0.851299
v -0.081208 -0.155721 0.852576
v -0.081057 -0.154904 0.853894
v -0.081210 -0.154073 0.855203
v -0.081663 -0.153259 0.856453
v -0.074859 -0.141238 0.865246
v -0.078520 -0.143545 0.864949
v -0.074735 -0.137236 0.867281
v -0.078413 -0.139811 0.867153
v -0.081718 -0.142487 0.866303
v -0.079039 -0.135813 0.869103
v -0.082362 -0.138758 0.868421
v -0.085188 -0.141766 0.867092
v -0.083709 -0.134843 0.870164
v -0.086553 -0.138120 0.869003
v -0.088796 -0.141410 0.867285
v -0.088565 -0.134364 0.870424
v -0.090825 -0.137923 0.868874
v -0.092404 -0.141433 0.866875
v -0.093419 -0.134394 0.869873
v -0.095015 -0.138172 0.868042
v -0.095872 -0.141832 0.865878
v -0.098087 -0.134932 0.868531
v -0.098961 -0.138860 0.866536
v -0.099068 -0.142594 0.864332
v -0.102388 -0.135957 0.866451
v -0.102512 -0.139959 0.864416
v -0.101868 -0.143689 0.862297
v -0.106156 -0.137430 0.863712
v -0.105530 -0.141428 0.861762
v -0.104166 -0.145074 0.859851
v -0.109248 -0.139295 0.860420
v -0.107901 -0.143209 0.858677
v -0.105872 -0.146697 0.857087
v -0.111544 -0.141479 0.856701
v -0.109533 -0.145234 0.855279
v -0.106921 -0.148495 0.854113
v -0.112957 -0.143898 0.852697
v -0.110363 -0.147426 0.851699
v -0.107274 -0.150399 0.851041
v -0.113431 -0.146460 0.848564
v -0.110359 -0.149701 0.848075
v -0.106915 -0.152336 0.847991
v -0.112948 -0.149067 0.844460
v -0.109522 -0.151970 0.844545
v -0.105860 -0.154231 0.845080
v -0.111528 -0.151618 0.840541
v -0.107884 -0.154147 0.841245
v -0.104148 -0.156012 0.842419
v -0.109225 -0.154014 0.836960
v -0.105507 -0.156147 0.838302
v -0.101846 -0.157610 0.840111
v -0.106127 -0.156165 0.833854
v -0.102483 -0.157895 0.835830
v -0.099042 -0.158964 0.838244
v -0.102353 -0.157987 0.831341
v -0.098929 -0.159323 0.833923
v -0.095843 -0.160021 0.836890
v -0.098048 -0.159410 0.829519
v -0.094980 -0.160376 0.832654
v -0.092373 -0.160742 0.836101
v -0.093378 -0.160380 0.828458
v -0.090789 -0.161013 0.832073
v -0.088765 -0.161098 0.835908
v -0.088523 -0.160859 0.828198
v -0.086516 -0.161211 0.832201
v -0.085158 -0.161075 0.836318
v -0.083668 -0.160829 0.828750
v -0.082327 -0.160961 0.833034
v -0.081689 -0.160676 0.837315
v -0.079000 -0.160291 0.830091
v -0.078381 -0.160273 0.834540
v -0.078494 -0.159914 0.838860
v -0.074700 -0.159266 0.832171
v -0.074830 -0.159174 0.836660
v -0.075693 -0.158819 0.840896
v -0.070931 -0.157793 0.834910
v -0.071812 -0.157706 0.839314
v -0.073396 -0.157434 0.843342
v -0.067839 -0.155928 0.838202
v -0.069441 -0.155925 0.842399
v -0.071690 -0.155811 0.846106
v -0.065543 -0.153744 0.841922
v -0.067809 -0.153899 0.845797
v -0.070640 -0.154013 0.849080
v -0.064131 -0.151325 0.845925
v -0.066979 -0.151707 0.849377
v -0.070288 -0.152109 0.852152
v -0.063657 -0.148763 0.850058
v -0.066983 -0.149433 0.853001
v -0.070646 -0.150173 0.855202
v -0.064139 -0.146156 0.854163
v -0.067820 -0.147164 0.856531
v -0.071702 -0.148277 0.858113
v -0.065559 -0.143605 0.858081
v -0.069458 -0.144987 0.859831
v -0.073413 -0.146496 0.860774
v -0.067862 -0.141209 0.861662
v -0.071835 -0.142986 0.862773
v -0.063042 -0.135174 0.861452
v -0.066972 -0.137032 0.863501
v -0.063947 -0.139578 0.859756
v -0.070961 -0.139058 0.864769
v -0.066817 -0.132553 0.865237
v -0.070820 -0.134807 0.866648
v -0.063444 -0.125633 0.864471
v -0.067399 -0.127875 0.866760
v -0.062873 -0.130491 0.863060
v -0.071416 -0.130333 0.868299
v -0.068690 -0.123100 0.867964
v -0.072718 -0.125738 0.869615
v -0.076661 -0.128599 0.870519
v -0.074674 -0.121122 0.870497
v -0.078628 -0.124162 0.871513
v -0.082351 -0.127417 0.871812
v -0.081166 -0.119774 0.871972
v -0.084901 -0.123208 0.872383
v -0.088268 -0.126833 0.872129
v -0.087916 -0.119108 0.872333
v -0.091295 -0.122912 0.872191
v -0.094183 -0.126870 0.871457
v -0.094665 -0.119149 0.871567
v -0.097565 -0.123286 0.870945
v -0.099870 -0.127525 0.869822
v -0.101154 -0.119897 0.869702
v -0.103471 -0.124316 0.868692
v -0.105111 -0.128775 0.867288
v -0.107133 -0.121322 0.866810
v -0.108785 -0.125961 0.865518
v -0.109703 -0.130570 0.863950
v -0.112372 -0.123370 0.863002
v -0.113302 -0.128158 0.861547
v -0.113471 -0.132841 0.859939
v -0.116670 -0.125962 0.858425
v -0.116850 -0.130824 0.856930
v -0.116268 -0.135502 0.855407
v -0.119862 -0.128998 0.853255
v -0.119292 -0.133855 0.851844
v -0.117989 -0.138451 0.850529
v -0.121826 -0.132362 0.847690
v -0.120534 -0.137136 0.846487
v -0.118567 -0.141573 0.845492
v -0.122485 -0.135924 0.841944
v -0.120529 -0.140540 0.841062
v -0.117979 -0.144749 0.840491
v -0.121814 -0.139547 0.836238
v -0.119276 -0.143936 0.835779
v -0.116249 -0.147857 0.835717
v -0.119840 -0.143093 0.830791
v -0.116824 -0.147193 0.830841
v -0.113442 -0.150777 0.831353
v -0.116638 -0.146425 0.825812
v -0.113267 -0.150188 0.826437
v -0.109667 -0.153398 0.827568
v -0.112331 -0.149415 0.821494
v -0.108742 -0.152804 0.822737
v -0.105068 -0.155618 0.824506
v -0.107084 -0.151947 0.818001
v -0.103422 -0.154940 0.819883
v -0.099823 -0.157352 0.822286
v -0.101100 -0.153926 0.815468
v -0.097513 -0.156516 0.817984
v -0.094133 -0.158533 0.820993
v -0.094608 -0.155274 0.813993
v -0.091240 -0.157470 0.817114
v -0.088216 -0.159117 0.820676
v -0.087858 -0.155940 0.813631
v -0.084846 -0.157766 0.817306
v -0.082301 -0.159081 0.821348
v -0.081109 -0.155898 0.814398
v -0.078575 -0.157392 0.818553
v -0.076613 -0.158425 0.822983
v -0.074620 -0.155151 0.816263
v -0.072670 -0.156363 0.820806
v -0.071373 -0.157176 0.825518
v -0.068641 -0.153725 0.819155
v -0.067356 -0.154718 0.823979
v -0.066781 -0.155381 0.828855
v -0.063402 -0.151678 0.822962
v -0.062839 -0.152520 0.827951
v -0.063013 -0.153110 0.832867
v -0.059104 -0.149086 0.827539
v -0.059291 -0.149854 0.832568
v -0.060215 -0.150448 0.837398
v -0.055912 -0.146050 0.832710
v -0.056849 -0.146823 0.837653
v -0.058495 -0.147500 0.842276
v -0.053949 -0.142686 0.838275
v -0.055606 -0.143542 0.843011
v -0.057917 -0.144378 0.847313
v -0.053290 -0.139124 0.844021
v -0.055612 -0.140139 0.848435
v -0.058505 -0.141202 0.852314
v -0.053960 -0.135501 0.849727
v -0.056865 -0.136743 0.853718
v -0.060235 -0.138094 0.857089
v -0.055934 -0.131955 0.855174
v -0.059316 -0.133485 0.858657
v -0.052822 -0.125424 0.852411
v -0.055744 -0.126941 0.856575
v -0.053020 -0.130561 0.851088
v -0.059137 -0.128623 0.860152
v -0.056297 -0.121808 0.857813
v -0.059697 -0.123614 0.861468
v -0.054631 -0.114992 0.854523
v -0.057564 -0.116666 0.858785
v -0.053368 -0.120198 0.853590
v -0.060970 -0.118564 0.862499
v -0.059492 -0.111618 0.859396
v -0.062902 -0.113580 0.863149
v -0.065412 -0.108760 0.863337
v -0.066663 -0.115816 0.866288
v -0.069177 -0.111059 0.866516
v -0.073156 -0.113669 0.869037
v -0.072165 -0.106528 0.866195
v -0.076148 -0.109201 0.868756
v -0.080200 -0.112207 0.870638
v -0.079490 -0.105006 0.867860
v -0.083547 -0.108075 0.869782
v -0.087525 -0.111484 0.871030
v -0.087107 -0.104255 0.868268
v -0.091089 -0.107726 0.869556
v -0.094848 -0.111529 0.870198
v -0.094723 -0.104302 0.867403
v -0.098486 -0.108167 0.868085
v -0.101888 -0.112340 0.868174
v -0.102045 -0.105146 0.865299
v -0.105452 -0.109382 0.865427
v -0.108376 -0.113887 0.865036
v -0.108792 -0.106754 0.862035
v -0.111720 -0.111322 0.861684
v -0.114061 -0.116109 0.860905
v -0.114704 -0.109065 0.857739
v -0.117049 -0.113914 0.856999
v -0.118724 -0.118921 0.855939
v -0.119554 -0.111989 0.852574
v -0.121234 -0.117059 0.851553
v -0.122188 -0.122215 0.850329
v -0.123156 -0.115415 0.846740
v -0.124114 -0.120635 0.845555
v -0.124318 -0.125865 0.844290
v -0.125372 -0.119211 0.840460
v -0.125580 -0.124504 0.839235
v -0.125033 -0.129730 0.838055
v -0.126115 -0.123230 0.833976
v -0.125573 -0.128519 0.832836
v -0.124306 -0.133662 0.831864
v -0.125359 -0.127319 0.827537
v -0.124096 -0.132525 0.826604
v -0.122164 -0.137509 0.825954
v -0.123131 -0.131320 0.821391
v -0.121203 -0.136368 0.820779
v -0.118689 -0.141125 0.820552
v -0.119517 -0.135080 0.815773
v -0.117007 -0.139900 0.815585
v -0.114016 -0.144369 0.815866
v -0.114657 -0.138454 0.810899
v -0.111670 -0.142986 0.811220
v -0.108323 -0.147117 0.812076
v -0.108737 -0.141312 0.806958
v -0.105395 -0.145506 0.807853
v -0.101830 -0.149264 0.809328
v -0.101984 -0.143544 0.804100
v -0.098424 -0.147365 0.805614
v -0.094786 -0.150726 0.807727
v -0.094659 -0.145066 0.802435
v -0.091025 -0.148490 0.804587
v -0.087461 -0.151449 0.807334
v -0.087041 -0.145817 0.802027
v -0.083482 -0.148839 0.804814
v -0.080138 -0.151404 0.808166
v -0.079426 -0.145770 0.802892
v -0.076086 -0.148398 0.806284
v -0.073097 -0.150593 0.810190
v -0.072104 -0.144926 0.804997
v -0.069120 -0.147184 0.808942
v -0.066610 -0.149046 0.813328
v -0.065357 -0.143318 0.808260
v -0.062852 -0.145243 0.812685
v -0.060925 -0.146824 0.817459
v -0.059445 -0.141007 0.812557
v -0.057523 -0.142651 0.817370
v -0.056261 -0.144012 0.822425
v -0.054595 -0.138083 0.817721
v -0.053338 -0.139507 0.822816
v -0.052798 -0.140718 0.828036
v -0.050993 -0.134657 0.823556
v -0.050457 -0.135931 0.828815
v -0.050667 -0.137068 0.834074
v -0.048777 -0.130861 0.829836
v -0.048992 -0.132061 0.835135
v -0.049952 -0.133203 0.840309
v -0.048033 -0.126842 0.836320
v -0.048998 -0.128046 0.841533
v -0.050680 -0.129271 0.846500
v -0.048790 -0.122753 0.842759
v -0.050476 -0.124040 0.847765
v -0.048363 -0.116196 0.838645
v -0.049330 -0.117432 0.843879
v -0.047823 -0.121517 0.837525
v -0.051018 -0.118752 0.848905
v -0.050591 -0.112195 0.844792
v -0.052279 -0.113514 0.849818
v -0.051558 -0.106006 0.840229
v -0.052519 -0.107148 0.845403
v -0.049627 -0.110991 0.839578
v -0.054205 -0.108435 0.850409
v -0.055033 -0.102391 0.845631
v -0.056715 -0.103616 0.850598
v -0.059065 -0.105062 0.855283
v -0.059706 -0.099147 0.850316
v -0.062053 -0.100530 0.854962
v -0.064985 -0.102204 0.859224
v -0.065399 -0.096399 0.854106
v -0.068328 -0.098009 0.858329
v -0.071738 -0.099971 0.862082
v -0.071892 -0.094252 0.856855
v -0.075298 -0.096151 0.860568
v -0.079064 -0.098450 0.863747
v -0.078936 -0.092789 0.858456
v -0.082697 -0.095025 0.861595
v -0.086681 -0.097698 0.864155
v -0.086261 -0.092066 0.858848
v -0.090240 -0.094677 0.861368
v -0.094297 -0.097745 0.863290
v -0.093584 -0.092112 0.858016
v -0.097636 -0.095118 0.859898
v -0.101618 -0.098589 0.861185
v -0.100625 -0.092923 0.855992
v -0.104603 -0.096332 0.857240
v -0.108365 -0.100197 0.857922
v -0.107112 -0.094470 0.852854
v -0.110870 -0.098272 0.853497
v -0.114277 -0.102508 0.853625
v -0.112797 -0.096691 0.848723
v -0.116199 -0.100865 0.848812
v -0.119127 -0.105433 0.848461
v -0.117461 -0.099504 0.843757
v -0.120385 -0.104009 0.843366
v -0.122729 -0.108859 0.842626
v -0.120924 -0.102798 0.838147
v -0.123265 -0.107585 0.837368
v -0.124945 -0.112654 0.836347
v -0.123055 -0.106448 0.832108
v -0.124730 -0.111454 0.831048
v -0.125689 -0.116674 0.829863
v -0.123770 -0.110313 0.825873
v -0.124724 -0.115469 0.824649
v -0.124932 -0.120763 0.823424
v -0.123042 -0.114245 0.819682
v -0.123246 -0.119475 0.818417
v -0.122704 -0.124764 0.817277
v -0.120900 -0.118092 0.813771
v -0.120354 -0.123318 0.812592
v -0.119091 -0.128524 0.811659
v -0.117425 -0.121707 0.808370
v -0.116158 -0.126850 0.807397
v -0.114230 -0.131897 0.806786
v -0.112752 -0.124951 0.803684
v -0.110820 -0.129936 0.803033
v -0.108310 -0.134755 0.802845
v -0.107059 -0.127699 0.799894
v -0.104545 -0.132456 0.799666
v -0.101558 -0.136988 0.799987
v -0.100566 -0.129846 0.797145
v -0.097574 -0.134315 0.797427
v -0.094232 -0.138509 0.798322
v -0.093522 -0.131309 0.795545
v -0.090175 -0.135440 0.796400
v -0.086615 -0.139261 0.797914
v -0.086197 -0.132032 0.795152
v -0.082633 -0.135789 0.796627
v -0.078999 -0.139214 0.798779
v -0.078874 -0.131987 0.795984
v -0.075236 -0.135348 0.798097
v -0.071677 -0.138370 0.800884
v -0.071834 -0.131175 0.798008
v -0.068270 -0.134134 0.800755
v -0.064930 -0.136762 0.804147
v -0.065346 -0.129629 0.801146
v -0.062002 -0.132194 0.804498
v -0.059018 -0.134451 0.808443
v -0.059662 -0.127407 0.805277
v -0.056673 -0.129601 0.809183
v -0.054168 -0.131526 0.813608
v -0.054998 -0.124595 0.810243
v -0.052488 -0.126457 0.814629
v -0.050566 -0.128100 0.819442
v -0.051534 -0.121300 0.815853
v -0.049608 -0.122881 0.820627
v -0.048351 -0.124305 0.825722
v -0.049404 -0.117650 0.821892
v -0.048142 -0.119011 0.826947
v -0.047607 -0.120285 0.832206
v -0.048689 -0.113785 0.828127
v -0.048149 -0.114996 0.833346
v -0.051237 -0.107592 0.824238
v -0.049962 -0.108736 0.829158
v -0.049956 -0.112518 0.823130
v -0.049416 -0.109854 0.834318
v -0.051908 -0.103968 0.829944
v -0.051354 -0.104963 0.835028
v -0.055743 -0.098767 0.825691
v -0.054446 -0.099580 0.830403
v -0.053193 -0.102976 0.825120
v -0.053882 -0.100423 0.835391
v -0.057473 -0.095659 0.830466
v -0.056898 -0.096322 0.835341
v -0.057084 -0.097091 0.840370
v -0.060280 -0.092738 0.834829
v -0.060455 -0.093328 0.839745
v -0.061391 -0.094101 0.844688
v -0.064055 -0.090118 0.838614
v -0.064980 -0.090712 0.843445
v -0.066638 -0.091568 0.848181
v -0.068654 -0.087898 0.841676
v -0.070300 -0.088575 0.846299
v -0.072622 -0.089590 0.850714
v -0.073899 -0.086164 0.843896
v -0.076209 -0.086999 0.848198
v -0.079114 -0.088242 0.852189
v -0.079589 -0.084982 0.845189
v -0.082482 -0.086045 0.849068
v -0.085864 -0.087576 0.852551
v -0.085506 -0.084398 0.845506
v -0.088876 -0.085750 0.848876
v -0.092613 -0.087617 0.851784
v -0.091421 -0.084435 0.844834
v -0.095147 -0.086124 0.847630
v -0.099102 -0.088365 0.849919
v -0.097109 -0.085090 0.843199
v -0.101052 -0.087153 0.845376
v -0.105081 -0.089790 0.847027
v -0.102349 -0.086340 0.840665
v -0.106366 -0.088798 0.842203
v -0.110320 -0.091838 0.843220
v -0.106941 -0.088134 0.837327
v -0.110884 -0.090996 0.838232
v -0.114618 -0.094430 0.838643
v -0.110709 -0.090406 0.833316
v -0.114432 -0.093661 0.833614
v -0.117810 -0.097466 0.833472
v -0.113507 -0.093067 0.828784
v -0.116874 -0.096693 0.828529
v -0.119773 -0.100830 0.827907
v -0.115228 -0.096016 0.823906
v -0.118116 -0.099973 0.823171
v -0.120433 -0.104392 0.822161
v -0.115805 -0.099138 0.818869
v -0.118110 -0.103377 0.817747
v -0.119762 -0.108015 0.816455
v -0.115218 -0.102314 0.813868
v -0.116858 -0.106773 0.812464
v -0.117788 -0.111561 0.811008
v -0.113487 -0.105422 0.809094
v -0.114406 -0.110031 0.807526
v -0.114586 -0.114893 0.806030
v -0.110680 -0.108342 0.804730
v -0.110849 -0.113025 0.803122
v -0.110279 -0.117882 0.801711
v -0.106905 -0.110963 0.800945
v -0.106323 -0.115641 0.799422
v -0.105032 -0.120415 0.798218
v -0.102307 -0.113183 0.797883
v -0.101004 -0.117778 0.796568
v -0.099048 -0.122394 0.795686
v -0.097061 -0.114917 0.795663
v -0.095094 -0.119353 0.794669
v -0.092556 -0.123742 0.794210
v -0.091371 -0.116098 0.794370
v -0.088821 -0.120308 0.793799
v -0.085806 -0.124408 0.793849
v -0.085455 -0.116682 0.794053
v -0.082427 -0.120603 0.793991
v -0.079057 -0.124366 0.794615
v -0.079539 -0.116646 0.794725
v -0.076157 -0.120229 0.795237
v -0.072568 -0.123618 0.796480
v -0.073852 -0.115990 0.796360
v -0.070251 -0.119200 0.797491
v -0.066589 -0.122193 0.799372
v -0.068611 -0.114741 0.798895
v -0.064938 -0.117555 0.800664
v -0.061350 -0.120145 0.803180
v -0.064019 -0.112946 0.802232
v -0.060420 -0.115357 0.804635
v -0.057052 -0.117554 0.807757
v -0.060252 -0.110674 0.806244
v -0.056872 -0.112692 0.809253
v -0.053860 -0.114518 0.812927
v -0.057454 -0.108013 0.810775
v -0.054430 -0.109660 0.814338
v -0.051896 -0.111154 0.818492
v -0.055733 -0.105065 0.815653
v -0.053188 -0.106380 0.819695
v -0.060765 -0.099617 0.813485
v -0.057713 -0.100832 0.816776
v -0.058770 -0.103622 0.812219
v -0.055155 -0.101943 0.820690
v -0.060291 -0.097055 0.817618
v -0.057718 -0.097938 0.821389
v -0.066449 -0.093117 0.815141
v -0.063363 -0.093815 0.818108
v -0.063359 -0.096089 0.814483
v -0.060774 -0.094449 0.821723
v -0.066807 -0.091180 0.818191
v -0.064200 -0.091546 0.821638
v -0.062194 -0.091898 0.825641
v -0.067862 -0.089285 0.821102
v -0.065838 -0.089369 0.824937
v -0.064497 -0.089501 0.829222
v -0.069574 -0.087504 0.823763
v -0.068215 -0.087368 0.827880
v -0.067595 -0.087351 0.832328
v -0.071876 -0.085906 0.826072
v -0.071239 -0.085620 0.830352
v -0.071369 -0.085529 0.834841
v -0.074680 -0.084552 0.827938
v -0.074793 -0.084193 0.832259
v -0.075674 -0.084106 0.836663
v -0.077879 -0.083495 0.829292
v -0.078742 -0.083140 0.833528
v -0.080344 -0.083136 0.837724
v -0.081349 -0.082774 0.830081
v -0.082933 -0.082502 0.834109
v -0.085199 -0.082657 0.837984
v -0.084957 -0.082418 0.830274
v -0.087206 -0.082305 0.833981
v -0.090054 -0.082687 0.837433
v -0.088564 -0.082440 0.829864
v -0.091396 -0.082554 0.833148
v -0.094722 -0.083225 0.836091
v -0.092033 -0.082840 0.828867
v -0.095341 -0.083242 0.831642
v -0.099022 -0.084250 0.834011
v -0.095228 -0.083602 0.827322
v -0.098892 -0.084341 0.829522
v -0.102791 -0.085723 0.831272
v -0.098029 -0.084696 0.825287
v -0.101911 -0.085810 0.826868
v -0.105883 -0.087587 0.827980
v -0.100326 -0.086082 0.822840
v -0.104281 -0.087591 0.823783
v -0.108179 -0.089771 0.824260
v -0.102032 -0.087704 0.820077
v -0.105913 -0.089617 0.820386
v -0.109591 -0.092191 0.820257
v -0.103082 -0.089502 0.817102
v -0.106743 -0.091809 0.816806
v -0.110066 -0.094753 0.816124
v -0.103434 -0.091406 0.814031
v -0.106739 -0.094083 0.813181
v -0.109583 -0.097360 0.812019
v -0.103076 -0.093343 0.810981
v -0.105902 -0.096352 0.809651
v -0.108163 -0.099910 0.808101
v -0.102021 -0.095238 0.808069
v -0.104264 -0.098529 0.806351
v -0.105860 -0.102307 0.804520
v -0.100309 -0.097019 0.805408
v -0.101887 -0.100529 0.803409
v -0.102761 -0.104457 0.801414
v -0.098007 -0.098617 0.803100
v -0.098864 -0.102277 0.800936
v -0.098988 -0.106279 0.798901
v -0.095202 -0.099971 0.801233
v -0.095309 -0.103705 0.799029
v -0.094683 -0.107703 0.797079
v -0.092004 -0.101029 0.799879
v -0.091360 -0.104758 0.797761
v -0.090013 -0.108672 0.796018
v -0.088534 -0.101749 0.799090
v -0.087169 -0.105395 0.797179
v -0.085157 -0.109151 0.795758
v -0.084926 -0.102105 0.798897
v -0.082897 -0.105593 0.797308
v -0.080303 -0.109121 0.796309
v -0.081318 -0.102083 0.799307
v -0.078707 -0.105343 0.798141
v -0.075635 -0.108584 0.797651
v -0.077850 -0.101683 0.800304
v -0.074761 -0.104655 0.799646
v -0.071334 -0.107558 0.799731
v -0.074654 -0.100921 0.801850
v -0.071210 -0.103556 0.801766
v -0.067566 -0.106085 0.802470
v -0.071854 -0.099827 0.803885
v -0.068192 -0.102088 0.804420
v -0.064474 -0.104221 0.805762
v -0.069556 -0.098442 0.806331
v -0.065821 -0.100307 0.807505
v -0.062178 -0.102037 0.809482
v -0.067850 -0.096819 0.809095
v -0.064189 -0.098281 0.810903
v -0.074221 -0.092571 0.809622
v -0.070480 -0.093842 0.810439
v -0.071604 -0.095238 0.808099
v -0.066801 -0.095021 0.812069
v -0.073573 -0.091460 0.811459
v -0.069908 -0.092332 0.812905
v -0.076756 -0.089771 0.812103
v -0.077061 -0.090577 0.810787
v -0.080093 -0.089223 0.811601
v -0.089302 -0.088797 0.811324
v -0.082093 -0.086565 0.815629
v -0.081381 -0.086909 0.815155
v -0.080797 -0.087314 0.814569
v -0.080362 -0.087766 0.813894
v -0.080094 -0.088248 0.813155
v -0.080003 -0.088739 0.812380
v -0.080359 -0.089679 0.810846
v -0.080792 -0.090091 0.810144
v -0.081376 -0.090443 0.809523
v -0.082087 -0.090720 0.809006
v -0.082898 -0.090914 0.808614
v -0.083778 -0.091015 0.808361
v -0.084694 -0.091021 0.808257
v -0.085610 -0.090931 0.808306
v -0.086491 -0.090748 0.808506
v -0.087303 -0.090479 0.808850
v -0.088015 -0.090136 0.809324
v -0.088599 -0.089730 0.809910
v -0.089034 -0.089278 0.810585
v -0.089393 -0.088305 0.812099
v -0.089303 -0.087822 0.812878
v -0.089037 -0.087365 0.813634
v -0.088604 -0.086953 0.814335
v -0.088020 -0.086602 0.814956
v -0.087309 -0.086324 0.815473
v -0.086498 -0.086130 0.815865
v -0.085618 -0.086029 0.816118
v -0.084702 -0.086023 0.816222
v -0.083786 -0.086114 0.816173
v -0.082905 -0.086297 0.815973
v -0.080416 -0.084340 0.822098
v -0.082409 -0.085012 0.819102
v -0.080958 -0.085399 0.818636
v -0.082559 -0.083895 0.822585
v -0.083950 -0.084778 0.819316
v -0.084788 -0.083675 0.822704
v -0.085520 -0.084705 0.819269
v -0.087016 -0.083689 0.822451
v -0.087060 -0.084797 0.818963
v -0.089159 -0.083936 0.821836
v -0.088510 -0.085050 0.818409
v -0.091133 -0.084406 0.820881
v -0.089815 -0.085454 0.817630
v -0.092863 -0.085082 0.819624
v -0.090924 -0.085994 0.816655
v -0.094282 -0.085938 0.818112
v -0.091795 -0.086648 0.815521
v -0.095336 -0.086940 0.816405
v -0.092395 -0.087393 0.814272
v -0.095984 -0.088051 0.814568
v -0.092700 -0.088198 0.812957
v -0.096202 -0.089227 0.812671
v -0.092699 -0.089034 0.811625
v -0.095328 -0.091594 0.808988
v -0.091789 -0.090668 0.809115
v -0.092391 -0.089868 0.810327
v -0.094271 -0.092694 0.807344
v -0.090916 -0.091403 0.808033
v -0.092849 -0.093682 0.805918
v -0.089804 -0.092046 0.807125
v -0.091117 -0.094518 0.804765
v -0.088498 -0.092570 0.806424
v -0.089141 -0.095171 0.803929
v -0.087047 -0.092957 0.805958
v -0.086997 -0.095616 0.803442
v -0.085506 -0.093192 0.805744
v -0.084769 -0.095836 0.803322
v -0.083936 -0.093264 0.805791
v -0.082540 -0.095822 0.803576
v -0.082397 -0.093172 0.806097
v -0.080398 -0.095575 0.804191
v -0.080946 -0.092920 0.806650
v -0.078424 -0.095105 0.805146
v -0.079642 -0.092516 0.807430
v -0.076694 -0.094429 0.806403
v -0.078532 -0.091976 0.808405
v -0.075275 -0.093573 0.807914
v -0.077661 -0.091321 0.809539
v -0.073576 -0.089087 0.815240
v -0.077065 -0.088102 0.814733
v -0.076757 -0.088936 0.813435
v -0.074228 -0.087917 0.817039
v -0.077667 -0.087302 0.815945
v -0.075285 -0.086817 0.818683
v -0.078541 -0.086566 0.817027
v -0.076708 -0.085829 0.820108
v -0.079652 -0.085924 0.817935
v -0.078440 -0.084993 0.821262
v -0.095980 -0.090424 0.810787
v -0.073355 -0.090284 0.813356
v -0.073237 -0.096464 0.805974
v -0.075316 -0.097476 0.804146
v -0.077762 -0.098233 0.802685
v -0.080480 -0.098707 0.801648
v -0.083366 -0.098879 0.801075
v -0.086309 -0.098743 0.800986
v -0.089196 -0.098304 0.801387
v -0.091916 -0.097578 0.802261
v -0.094364 -0.096595 0.803574
v -0.096447 -0.095391 0.805277
v -0.098084 -0.094013 0.807304
v -0.099213 -0.092513 0.809577
v -0.099789 -0.090950 0.812008
v -0.099792 -0.089384 0.814505
v -0.099220 -0.087874 0.816971
v -0.098096 -0.086479 0.819311
v -0.096463 -0.085252 0.821436
v -0.094384 -0.084240 0.823264
v -0.091938 -0.083483 0.824725
v -0.089220 -0.083010 0.825762
v -0.086334 -0.082837 0.826336
v -0.083391 -0.082974 0.826424
v -0.080504 -0.083413 0.826024
v -0.077784 -0.084138 0.825150
v -0.075336 -0.085121 0.823836
v -0.073253 -0.086325 0.822133
v -0.071616 -0.087703 0.820106
v -0.070488 -0.089203 0.817833
v -0.069911 -0.090766 0.815402
v -0.060847 -0.106200 0.807895
v -0.063864 -0.108467 0.803968
v -0.067706 -0.110336 0.800591
v -0.072225 -0.111735 0.797892
v -0.077247 -0.112611 0.795976
v -0.082580 -0.112929 0.794916
v -0.088018 -0.112677 0.794752
v -0.093352 -0.111866 0.795492
v -0.098378 -0.110526 0.797107
v -0.102902 -0.108708 0.799534
v -0.106750 -0.106484 0.802681
v -0.109775 -0.103937 0.806426
v -0.111860 -0.101167 0.810626
v -0.112926 -0.098279 0.815119
v -0.112930 -0.095384 0.819732
v -0.111874 -0.092594 0.824288
v -0.109797 -0.090016 0.828613
v -0.106780 -0.087749 0.832539
v -0.102938 -0.085880 0.835917
v -0.098419 -0.084481 0.838616
v -0.093397 -0.083606 0.840532
v -0.088064 -0.083288 0.841592
v -0.082626 -0.083539 0.841755
v -0.077292 -0.084351 0.841015
v -0.072266 -0.085691 0.839401
v -0.067742 -0.087508 0.836973
v -0.063894 -0.089733 0.833827
v -0.060869 -0.092279 0.830081
v -0.058783 -0.095050 0.825882
v -0.051336 -0.116163 0.817177
v -0.054050 -0.119531 0.811526
v -0.057992 -0.122493 0.806396
v -0.063012 -0.124935 0.801983
v -0.068916 -0.126763 0.798457
v -0.075478 -0.127907 0.795954
v -0.082445 -0.128322 0.794569
v -0.089550 -0.127994 0.794355
v -0.096520 -0.126934 0.795322
v -0.103086 -0.125183 0.797432
v -0.108997 -0.122808 0.800603
v -0.114025 -0.119902 0.804714
v -0.117978 -0.116575 0.809608
v -0.120702 -0.112955 0.815095
v -0.122094 -0.109181 0.820965
v -0.122100 -0.105400 0.826992
v -0.120720 -0.101754 0.832946
v -0.118007 -0.098386 0.838596
v -0.114064 -0.095424 0.843726
v -0.109044 -0.092982 0.848139
v -0.103140 -0.091154 0.851665
v -0.096578 -0.090011 0.854169
v -0.089611 -0.089595 0.855554
v -0.082506 -0.089924 0.855767
v -0.075536 -0.090984 0.854800
v -0.068970 -0.092735 0.852691
v -0.063059 -0.095109 0.849519
v -0.058031 -0.098016 0.845408
v -0.054078 -0.101343 0.840515
v -0.047817 -0.125610 0.831001
v -0.049311 -0.129556 0.824557
v -0.052248 -0.133202 0.818441
v -0.056515 -0.136408 0.812888
v -0.061948 -0.139051 0.808112
v -0.068339 -0.141029 0.804295
v -0.075442 -0.142267 0.801585
v -0.082983 -0.142717 0.800086
v -0.090673 -0.142361 0.799855
v -0.098217 -0.141214 0.800902
v -0.105325 -0.139319 0.803185
v -0.111723 -0.136749 0.806618
v -0.117165 -0.133603 0.811068
v -0.121443 -0.130001 0.816364
v -0.124392 -0.126083 0.822303
v -0.125899 -0.121999 0.828657
v -0.125905 -0.117905 0.835181
v -0.124411 -0.113960 0.841625
v -0.121474 -0.110314 0.847741
v -0.117207 -0.107108 0.853294
v -0.111774 -0.104465 0.858070
v -0.105383 -0.102486 0.861887
v -0.098281 -0.101248 0.864597
v -0.090739 -0.100799 0.866096
v -0.083049 -0.101154 0.866327
v -0.075505 -0.102302 0.865281
v -0.068397 -0.104197 0.862997
v -0.062000 -0.106767 0.859564
v -0.056557 -0.109913 0.855114
v -0.051628 -0.134334 0.845217
v -0.051622 -0.138116 0.839190
v -0.053002 -0.141761 0.833237
v -0.055716 -0.145130 0.827586
v -0.059658 -0.148092 0.822456
v -0.064678 -0.150533 0.818043
v -0.070582 -0.152361 0.814517
v -0.077144 -0.153505 0.812013
v -0.084111 -0.153921 0.810628
v -0.091216 -0.153592 0.810415
v -0.098186 -0.152532 0.811382
v -0.104752 -0.150781 0.813491
v -0.110663 -0.148407 0.816663
v -0.115691 -0.145500 0.820774
v -0.119644 -0.142173 0.825667
v -0.122368 -0.138553 0.831154
v -0.123760 -0.134780 0.837025
v -0.123766 -0.130998 0.843052
v -0.122386 -0.127352 0.849005
v -0.119672 -0.123984 0.854656
v -0.115730 -0.121022 0.859786
v -0.110710 -0.118580 0.864199
v -0.104806 -0.116752 0.867725
v -0.098244 -0.115609 0.870229
v -0.091277 -0.115193 0.871614
v -0.084172 -0.115522 0.871827
v -0.077202 -0.116582 0.870860
v -0.070636 -0.118333 0.868751
v -0.064725 -0.120707 0.865579
v -0.079451 -0.150821 0.858838
v -0.077275 -0.148125 0.860905
v -0.075638 -0.149503 0.858878
v -0.080873 -0.149834 0.860264
v -0.075715 -0.144898 0.863082
v -0.079358 -0.146921 0.862608
v -0.082807 -0.152112 0.858149
v -0.085707 -0.153380 0.856858
v -0.083918 -0.151470 0.859057
v -0.082605 -0.148998 0.861417
v -0.085224 -0.150945 0.859758
v -0.086419 -0.153036 0.857332
v -0.084581 -0.148345 0.862253
v -0.086675 -0.150558 0.860225
v -0.087231 -0.152768 0.857676
v -0.086725 -0.147899 0.862740
v -0.088216 -0.150324 0.860438
v -0.088112 -0.152585 0.857876
v -0.088953 -0.147679 0.862860
v -0.089786 -0.150251 0.860391
v -0.089028 -0.152495 0.857925
v -0.091182 -0.147693 0.862607
v -0.091326 -0.150343 0.860085
v -0.089944 -0.152500 0.857821
v -0.093324 -0.147940 0.861991
v -0.092776 -0.150596 0.859532
v -0.090824 -0.152602 0.857568
v -0.095298 -0.148411 0.861036
v -0.094081 -0.151000 0.858752
v -0.091636 -0.152795 0.857176
v -0.097028 -0.149087 0.859779
v -0.095190 -0.151540 0.857777
v -0.092346 -0.153073 0.856659
v -0.098447 -0.149943 0.858268
v -0.096061 -0.152194 0.856643
v -0.092930 -0.153425 0.856038
v -0.099501 -0.150945 0.856561
v -0.096661 -0.152939 0.855395
v -0.093363 -0.153837 0.855336
v -0.100150 -0.152056 0.854723
v -0.096966 -0.153744 0.854079
v -0.093629 -0.154293 0.854581
v -0.100367 -0.153232 0.852826
v -0.096965 -0.154580 0.852747
v -0.093719 -0.154776 0.853802
v -0.100146 -0.154428 0.850942
v -0.096657 -0.155414 0.851450
v -0.093628 -0.155268 0.853027
v -0.099494 -0.155599 0.849143
v -0.096055 -0.156214 0.850237
v -0.093360 -0.155749 0.852288
v -0.098437 -0.156699 0.847500
v -0.095181 -0.156949 0.849156
v -0.092925 -0.156201 0.851613
v -0.097015 -0.157686 0.846074
v -0.094070 -0.157592 0.848247
v -0.092341 -0.156607 0.851027
v -0.095282 -0.158522 0.844920
v -0.092764 -0.158116 0.847546
v -0.091629 -0.156951 0.850553
v -0.093306 -0.159176 0.844084
v -0.091313 -0.158503 0.847080
v -0.090817 -0.157219 0.850209
v -0.091163 -0.159621 0.843597
v -0.089772 -0.158738 0.846866
v -0.089936 -0.157402 0.850009
v -0.088934 -0.159841 0.843478
v -0.088202 -0.158810 0.846913
v -0.089020 -0.157492 0.849960
v -0.086706 -0.159827 0.843731
v -0.086662 -0.158718 0.847219
v -0.088104 -0.157487 0.850064
v -0.084563 -0.159580 0.844347
v -0.085212 -0.158466 0.847773
v -0.087224 -0.157385 0.850317
v -0.082589 -0.159109 0.845301
v -0.083907 -0.158062 0.848552
v -0.086413 -0.157192 0.850709
v -0.080859 -0.158433 0.846559
v -0.082798 -0.157522 0.849527
v -0.085702 -0.156914 0.851226
v -0.079440 -0.157578 0.848070
v -0.081927 -0.156867 0.850661
v -0.085119 -0.156562 0.851847
v -0.078386 -0.156575 0.849777
v -0.081327 -0.156123 0.851910
v -0.084685 -0.156150 0.852549
v -0.084419 -0.155694 0.853304
v -0.077738 -0.155465 0.851614
v -0.081022 -0.155317 0.853225
v -0.077520 -0.154288 0.853512
v -0.081023 -0.154482 0.854558
v -0.084330 -0.155211 0.854083
v -0.077742 -0.153092 0.855396
v -0.081331 -0.153648 0.855855
v -0.084421 -0.154719 0.854858
v -0.078394 -0.151921 0.857194
v -0.081933 -0.152848 0.857067
v -0.084688 -0.154238 0.855597
v -0.085123 -0.153786 0.856272
v -0.061862 -0.142349 0.855556
v -0.074510 -0.151002 0.856605
v -0.060796 -0.145237 0.851064
v -0.073933 -0.152565 0.854174
v -0.060792 -0.148132 0.846450
v -0.073931 -0.154132 0.851677
v -0.061848 -0.150921 0.841894
v -0.074502 -0.155642 0.849211
v -0.063925 -0.153499 0.837569
v -0.075626 -0.157037 0.846871
v -0.066942 -0.155766 0.833643
v -0.077259 -0.158264 0.844746
v -0.070784 -0.157635 0.830265
v -0.079338 -0.159275 0.842918
v -0.075303 -0.159034 0.827567
v -0.081784 -0.160032 0.841457
v -0.080325 -0.159910 0.825650
v -0.084502 -0.160506 0.840420
v -0.085658 -0.160228 0.824590
v -0.087388 -0.160678 0.839846
v -0.091096 -0.159976 0.824427
v -0.090331 -0.160542 0.839758
v -0.096430 -0.159165 0.825167
v -0.093218 -0.160103 0.840159
v -0.101456 -0.157825 0.826782
v -0.095938 -0.159378 0.841032
v -0.105980 -0.156008 0.829209
v -0.098386 -0.158394 0.842346
v -0.109828 -0.153783 0.832356
v -0.100469 -0.157190 0.844049
v -0.112853 -0.151236 0.836101
v -0.102106 -0.155812 0.846076
v -0.114939 -0.148466 0.840300
v -0.103235 -0.154313 0.848349
v -0.116004 -0.145578 0.844793
v -0.103811 -0.152750 0.850780
v -0.116009 -0.142683 0.849406
v -0.103814 -0.151183 0.853277
v -0.114952 -0.139893 0.853963
v -0.103242 -0.149673 0.855743
v -0.112875 -0.137315 0.858287
v -0.102118 -0.148278 0.858083
v -0.109858 -0.135048 0.862214
v -0.100485 -0.147051 0.860208
v -0.106016 -0.133179 0.865591
v -0.098406 -0.146040 0.862036
v -0.101497 -0.131780 0.868290
v -0.095960 -0.145283 0.863497
v -0.096475 -0.130905 0.870206
v -0.093242 -0.144809 0.864534
v -0.091142 -0.130587 0.871266
v -0.090356 -0.144637 0.865107
v -0.085705 -0.130839 0.871430
v -0.087413 -0.144773 0.865196
v -0.080370 -0.131650 0.870690
v -0.084526 -0.145212 0.864795
v -0.075344 -0.132990 0.869075
v -0.081806 -0.145937 0.863921
v -0.077061 -0.144187 0.864076
v -0.072772 -0.138101 0.866106
v -0.080077 -0.142976 0.865694
v -0.076831 -0.136471 0.868283
v -0.083428 -0.142083 0.866770
v -0.081339 -0.135269 0.869732
v -0.086984 -0.141542 0.867264
v -0.086125 -0.134541 0.870396
v -0.090609 -0.141374 0.867155
v -0.091004 -0.134315 0.870249
v -0.094164 -0.141586 0.866448
v -0.095788 -0.134601 0.869298
v -0.097512 -0.142170 0.865171
v -0.100294 -0.135386 0.867579
v -0.100524 -0.143102 0.863372
v -0.104348 -0.136641 0.865158
v -0.103086 -0.144348 0.861120
v -0.107795 -0.138318 0.862128
v -0.105097 -0.145860 0.858502
v -0.110502 -0.140352 0.858605
v -0.106482 -0.147578 0.855619
v -0.112365 -0.142665 0.854725
v -0.107186 -0.149438 0.852582
v -0.113313 -0.145168 0.850637
v -0.107183 -0.151368 0.849506
v -0.113309 -0.147764 0.846498
v -0.106473 -0.153293 0.846511
v -0.112353 -0.150355 0.842468
v -0.105082 -0.155140 0.843711
v -0.110482 -0.152841 0.838700
v -0.103066 -0.156838 0.841215
v -0.107768 -0.155126 0.835340
v -0.100500 -0.158321 0.839117
v -0.104316 -0.157122 0.832517
v -0.097484 -0.159532 0.837499
v -0.100257 -0.158752 0.830339
v -0.094134 -0.160425 0.836423
v -0.095748 -0.159954 0.828891
v -0.090578 -0.160966 0.835929
v -0.090962 -0.160682 0.828227
v -0.086953 -0.161134 0.836038
v -0.086083 -0.160908 0.828373
v -0.083398 -0.160922 0.836745
v -0.081299 -0.160622 0.829324
v -0.080050 -0.160338 0.838022
v -0.076793 -0.159837 0.831043
v -0.077037 -0.159406 0.839821
v -0.072739 -0.158582 0.833465
v -0.074476 -0.158160 0.842073
v -0.069292 -0.156905 0.836495
v -0.072464 -0.156649 0.844691
v -0.066585 -0.154871 0.840017
v -0.071080 -0.154930 0.847574
v -0.064722 -0.152558 0.843897
v -0.070376 -0.153070 0.850611
v -0.063774 -0.150055 0.847985
v -0.070379 -0.151140 0.853687
v -0.063779 -0.147459 0.852124
v -0.071089 -0.149215 0.856682
v -0.064734 -0.144867 0.856155
v -0.072479 -0.147368 0.859481
v -0.066605 -0.142382 0.859923
v -0.074496 -0.145671 0.861978
v -0.069319 -0.140097 0.863283
v -0.061510 -0.136603 0.859333
v -0.064817 -0.133819 0.863427
v -0.069024 -0.131387 0.866867
v -0.061161 -0.127078 0.862405
v -0.065961 -0.124303 0.866330
v -0.073969 -0.129401 0.869520
v -0.071604 -0.122037 0.869357
v -0.079464 -0.127936 0.871285
v -0.077872 -0.120365 0.871371
v -0.085295 -0.127049 0.872094
v -0.084525 -0.119353 0.872294
v -0.091240 -0.126774 0.871916
v -0.091307 -0.119040 0.872090
v -0.097069 -0.127121 0.870757
v -0.097958 -0.119436 0.870768
v -0.102560 -0.128078 0.868662
v -0.104222 -0.120528 0.868378
v -0.107500 -0.129608 0.865712
v -0.109858 -0.122273 0.865012
v -0.111700 -0.131651 0.862019
v -0.114650 -0.124604 0.860800
v -0.114998 -0.134129 0.857727
v -0.118413 -0.127431 0.855902
v -0.117269 -0.136947 0.852999
v -0.121003 -0.130647 0.850509
v -0.118423 -0.139997 0.848018
v -0.122321 -0.134126 0.844826
v -0.118418 -0.143162 0.842975
v -0.122315 -0.137736 0.839072
v -0.117254 -0.146319 0.838064
v -0.120986 -0.141339 0.833469
v -0.114974 -0.149348 0.833473
v -0.118386 -0.144794 0.828231
v -0.111667 -0.152131 0.829378
v -0.114613 -0.147970 0.823560
v -0.107460 -0.154563 0.825939
v -0.109813 -0.150745 0.819635
v -0.102514 -0.156550 0.823285
v -0.104171 -0.153011 0.816608
v -0.097020 -0.158015 0.821520
v -0.097902 -0.154682 0.814594
v -0.091189 -0.158902 0.820711
v -0.091249 -0.155694 0.813671
v -0.085244 -0.159177 0.820889
v -0.084467 -0.156008 0.813875
v -0.079415 -0.158829 0.822048
v -0.077816 -0.155611 0.815197
v -0.073924 -0.157872 0.824143
v -0.071552 -0.154520 0.817587
v -0.068984 -0.156343 0.827093
v -0.065916 -0.152775 0.820953
v -0.064784 -0.154300 0.830786
v -0.061124 -0.150444 0.825165
v -0.061486 -0.151822 0.835078
v -0.057361 -0.147616 0.830062
v -0.059215 -0.149003 0.839806
v -0.054771 -0.144401 0.835456
v -0.058061 -0.145953 0.844787
v -0.053453 -0.140921 0.841139
v -0.058066 -0.142789 0.849830
v -0.053459 -0.137311 0.846893
v -0.059230 -0.139632 0.854742
v -0.054788 -0.133709 0.852496
v -0.057389 -0.130254 0.857734
v -0.051578 -0.127327 0.849505
v -0.054400 -0.123578 0.855189
v -0.058494 -0.120132 0.860257
v -0.052659 -0.116832 0.851794
v -0.056916 -0.113248 0.857065
v -0.063702 -0.117121 0.864515
v -0.062333 -0.110117 0.861494
v -0.068700 -0.107560 0.864910
v -0.069824 -0.114662 0.867800
v -0.076626 -0.112848 0.869985
v -0.075773 -0.105674 0.867182
v -0.083845 -0.111750 0.870987
v -0.083281 -0.104532 0.868223
v -0.091204 -0.111410 0.870766
v -0.090934 -0.104178 0.867994
v -0.098421 -0.111840 0.869331
v -0.098439 -0.104626 0.866502
v -0.105217 -0.113025 0.866738
v -0.105507 -0.105857 0.863805
v -0.111333 -0.114918 0.863086
v -0.111867 -0.107826 0.860007
v -0.116532 -0.117448 0.858515
v -0.117274 -0.110457 0.855253
v -0.120616 -0.120516 0.853201
v -0.121521 -0.113647 0.849727
v -0.123426 -0.124004 0.847349
v -0.124444 -0.117276 0.843641
v -0.124856 -0.127780 0.841182
v -0.125930 -0.121202 0.837228
v -0.124849 -0.131697 0.834939
v -0.125924 -0.125276 0.830735
v -0.123408 -0.135606 0.828859
v -0.124424 -0.129341 0.824412
v -0.120586 -0.139355 0.823176
v -0.121490 -0.133240 0.818502
v -0.116492 -0.142801 0.818107
v -0.117232 -0.136824 0.813231
v -0.111284 -0.145812 0.813849
v -0.111816 -0.139955 0.808802
v -0.105161 -0.148271 0.810564
v -0.105449 -0.142512 0.805386
v -0.098360 -0.150085 0.808379
v -0.098376 -0.144398 0.803113
v -0.091141 -0.151183 0.807378
v -0.090868 -0.145540 0.802072
v -0.083782 -0.151523 0.807598
v -0.083215 -0.145894 0.802302
v -0.076565 -0.151093 0.809033
v -0.075710 -0.145447 0.803794
v -0.069769 -0.149908 0.811626
v -0.068642 -0.144215 0.806491
v -0.063653 -0.148015 0.815278
v -0.062282 -0.142246 0.810289
v -0.058454 -0.145485 0.819849
v -0.056875 -0.139615 0.815042
v -0.054370 -0.142418 0.825163
v -0.052628 -0.136425 0.820568
v -0.051560 -0.138929 0.831016
v -0.049705 -0.132796 0.826655
v -0.050130 -0.135153 0.837182
v -0.048218 -0.128870 0.833068
v -0.050136 -0.131236 0.843425
v -0.048225 -0.124796 0.839560
v -0.049724 -0.120731 0.845883
v -0.047798 -0.118240 0.835447
v -0.049298 -0.114175 0.841770
v -0.052232 -0.110276 0.847681
v -0.050314 -0.107910 0.837323
v -0.053136 -0.104161 0.843007
v -0.056490 -0.106692 0.852952
v -0.057230 -0.100714 0.848075
v -0.061906 -0.103561 0.857380
v -0.062438 -0.097704 0.852333
v -0.068273 -0.101003 0.860796
v -0.068561 -0.095245 0.855618
v -0.075346 -0.099117 0.863069
v -0.075362 -0.093431 0.857803
v -0.082854 -0.097975 0.864110
v -0.082581 -0.092333 0.858805
v -0.090507 -0.097621 0.863880
v -0.089940 -0.091993 0.858584
v -0.098012 -0.098069 0.862388
v -0.097157 -0.092423 0.857149
v -0.105080 -0.099301 0.859692
v -0.103954 -0.093608 0.854556
v -0.111440 -0.101270 0.855893
v -0.110069 -0.095501 0.850904
v -0.116848 -0.103900 0.851140
v -0.115268 -0.098030 0.846333
v -0.121094 -0.107091 0.845614
v -0.119352 -0.101098 0.841019
v -0.124017 -0.110719 0.839527
v -0.122162 -0.104587 0.835167
v -0.125504 -0.114646 0.833115
v -0.123592 -0.108363 0.829000
v -0.125497 -0.118720 0.826622
v -0.123586 -0.112280 0.822757
v -0.123998 -0.122784 0.820299
v -0.122144 -0.116188 0.816677
v -0.121063 -0.126683 0.814388
v -0.119322 -0.119938 0.810993
v -0.116806 -0.130267 0.809117
v -0.115228 -0.123384 0.805925
v -0.111389 -0.133398 0.804689
v -0.110020 -0.126394 0.801667
v -0.105022 -0.135956 0.801273
v -0.103898 -0.128854 0.798382
v -0.097949 -0.137842 0.799000
v -0.097096 -0.130667 0.796197
v -0.090442 -0.138984 0.797959
v -0.089877 -0.131765 0.795195
v -0.082788 -0.139338 0.798188
v -0.082518 -0.132106 0.795416
v -0.075283 -0.138890 0.799680
v -0.075301 -0.131675 0.796851
v -0.068215 -0.137658 0.802377
v -0.068505 -0.130491 0.799444
v -0.061855 -0.135689 0.806175
v -0.062389 -0.128597 0.803096
v -0.056448 -0.133059 0.810929
v -0.057190 -0.126068 0.807667
v -0.052201 -0.129868 0.816455
v -0.053107 -0.123000 0.812981
v -0.049278 -0.126240 0.822541
v -0.050296 -0.119511 0.818833
v -0.047792 -0.122313 0.828954
v -0.048866 -0.115736 0.825000
v -0.048873 -0.111818 0.831243
v -0.051401 -0.109389 0.821356
v -0.051407 -0.105779 0.827110
v -0.052736 -0.102177 0.832714
v -0.055304 -0.100354 0.823207
v -0.056468 -0.097197 0.828119
v -0.055336 -0.098722 0.837951
v -0.058748 -0.094168 0.832710
v -0.059109 -0.095546 0.842622
v -0.062055 -0.091384 0.836804
v -0.063909 -0.092771 0.846547
v -0.066262 -0.088952 0.840244
v -0.069552 -0.090505 0.849574
v -0.071208 -0.086966 0.842897
v -0.075820 -0.088833 0.851588
v -0.076702 -0.085501 0.844662
v -0.082473 -0.087821 0.852511
v -0.082533 -0.084614 0.845471
v -0.089255 -0.087508 0.852307
v -0.088478 -0.084339 0.845293
v -0.095906 -0.087904 0.850985
v -0.094308 -0.084686 0.844134
v -0.102170 -0.088996 0.848595
v -0.099798 -0.085643 0.842039
v -0.107806 -0.090741 0.845229
v -0.104738 -0.087173 0.839089
v -0.112598 -0.093072 0.841017
v -0.108938 -0.089216 0.835397
v -0.116361 -0.095899 0.836120
v -0.112236 -0.091694 0.831104
v -0.118951 -0.099115 0.830726
v -0.114507 -0.094512 0.826376
v -0.120269 -0.102594 0.825043
v -0.115662 -0.097562 0.821395
v -0.120263 -0.106204 0.819289
v -0.115657 -0.100727 0.816352
v -0.118934 -0.109806 0.813686
v -0.114492 -0.103884 0.811441
v -0.116333 -0.113262 0.808448
v -0.112212 -0.106912 0.806850
v -0.112561 -0.116438 0.803777
v -0.108905 -0.109696 0.802755
v -0.107761 -0.119212 0.799852
v -0.104698 -0.112128 0.799316
v -0.102118 -0.121479 0.796825
v -0.099753 -0.114115 0.796662
v -0.095850 -0.123150 0.794811
v -0.094259 -0.115580 0.794897
v -0.089197 -0.124162 0.793888
v -0.088427 -0.116467 0.794088
v -0.082415 -0.124476 0.794092
v -0.082482 -0.116742 0.794266
v -0.075764 -0.124079 0.795414
v -0.076653 -0.116394 0.795425
v -0.069500 -0.122988 0.797804
v -0.071163 -0.115437 0.797520
v -0.063864 -0.121243 0.801170
v -0.066222 -0.113908 0.800470
v -0.059072 -0.118912 0.805382
v -0.062022 -0.111865 0.804163
v -0.055309 -0.116084 0.810280
v -0.058724 -0.109386 0.808455
v -0.052719 -0.112869 0.815673
v -0.056454 -0.106568 0.813183
v -0.055299 -0.103518 0.818164
v -0.061357 -0.100851 0.811457
v -0.060409 -0.098348 0.815545
v -0.060413 -0.095751 0.819684
v -0.066536 -0.094078 0.813600
v -0.066539 -0.092148 0.816676
v -0.061369 -0.093160 0.823715
v -0.067249 -0.090223 0.819671
v -0.063240 -0.090675 0.827482
v -0.068640 -0.088376 0.822471
v -0.065954 -0.088390 0.830842
v -0.070656 -0.086678 0.824967
v -0.069407 -0.086394 0.833665
v -0.073222 -0.085195 0.827065
v -0.073465 -0.084764 0.835843
v -0.076238 -0.083983 0.828683
v -0.077974 -0.083561 0.837292
v -0.079588 -0.083090 0.829760
v -0.082760 -0.082834 0.837955
v -0.083144 -0.082549 0.830253
v -0.087639 -0.082608 0.837809
v -0.086770 -0.082382 0.830144
v -0.092423 -0.082893 0.836858
v -0.090324 -0.082594 0.829437
v -0.096929 -0.083679 0.835139
v -0.093673 -0.083177 0.828160
v -0.100983 -0.084934 0.832718
v -0.096685 -0.084110 0.826361
v -0.104430 -0.086610 0.829687
v -0.099246 -0.085356 0.824109
v -0.107137 -0.088644 0.826165
v -0.101258 -0.086867 0.821492
v -0.109000 -0.090957 0.822285
v -0.102642 -0.088586 0.818609
v -0.109948 -0.093460 0.818197
v -0.103347 -0.090446 0.815571
v -0.109944 -0.096057 0.814058
v -0.103344 -0.092375 0.812496
v -0.108988 -0.098648 0.810027
v -0.102633 -0.094301 0.809500
v -0.107117 -0.101134 0.806260
v -0.101243 -0.096147 0.806701
v -0.104403 -0.103418 0.802900
v -0.099227 -0.097845 0.804204
v -0.100950 -0.105414 0.800077
v -0.096661 -0.099328 0.802106
v -0.096892 -0.107045 0.797899
v -0.093645 -0.100540 0.800488
v -0.092383 -0.108247 0.796450
v -0.090295 -0.101433 0.799412
v -0.087597 -0.108975 0.795786
v -0.086738 -0.101974 0.798918
v -0.082718 -0.109200 0.795933
v -0.083113 -0.102142 0.799027
v -0.077934 -0.108915 0.796884
v -0.079558 -0.101930 0.799734
v -0.073428 -0.108130 0.798603
v -0.076210 -0.101346 0.801011
v -0.069374 -0.106875 0.801024
v -0.073198 -0.100413 0.802811
v -0.065927 -0.105198 0.804054
v -0.070636 -0.099167 0.805062
v -0.063220 -0.103164 0.807577
v -0.068625 -0.097656 0.807680
v -0.067240 -0.095937 0.810563
v -0.074691 -0.093091 0.808745
v -0.073835 -0.092029 0.810527
v -0.073400 -0.090879 0.812405
v -0.079324 -0.089123 0.811996
v -0.079530 -0.089667 0.811108
v -0.090080 -0.088626 0.811673
v -0.089873 -0.089188 0.810798
v -0.082159 -0.086173 0.816403
v -0.081278 -0.086527 0.815930
v -0.080528 -0.086961 0.815318
v -0.079939 -0.087457 0.814588
v -0.079533 -0.087997 0.813770
v -0.079325 -0.088559 0.812895
v -0.079935 -0.090169 0.810266
v -0.080522 -0.090610 0.809501
v -0.081271 -0.090975 0.808843
v -0.082151 -0.091247 0.808317
v -0.083130 -0.091418 0.807944
v -0.084168 -0.091480 0.807737
v -0.085228 -0.091431 0.807706
v -0.086267 -0.091273 0.807850
v -0.087246 -0.091011 0.808164
v -0.088127 -0.090657 0.808637
v -0.088877 -0.090224 0.809250
v -0.089466 -0.089728 0.809980
v -0.090081 -0.088062 0.812572
v -0.089875 -0.087518 0.813459
v -0.089471 -0.087016 0.814302
v -0.088883 -0.086574 0.815067
v -0.088134 -0.086210 0.815725
v -0.087254 -0.085938 0.816250
v -0.086276 -0.085767 0.816624
v -0.085237 -0.085705 0.816830
v -0.084177 -0.085754 0.816862
v -0.083138 -0.085912 0.816718
v -0.079398 -0.084639 0.821729
v -0.081469 -0.084086 0.822395
v -0.083667 -0.083752 0.822699
v -0.085908 -0.083648 0.822632
v -0.088106 -0.083779 0.822195
v -0.090176 -0.084140 0.821406
v -0.092038 -0.084717 0.820293
v -0.093622 -0.085487 0.818901
v -0.094865 -0.086421 0.817283
v -0.095721 -0.087484 0.815501
v -0.096157 -0.088634 0.813623
v -0.096155 -0.089827 0.811722
v -0.095716 -0.091017 0.809870
v -0.094856 -0.092159 0.808139
v -0.093610 -0.093208 0.806596
v -0.092023 -0.094125 0.805299
v -0.090159 -0.094874 0.804299
v -0.088088 -0.095426 0.803633
v -0.085889 -0.095760 0.803328
v -0.083648 -0.095864 0.803396
v -0.081450 -0.095733 0.803832
v -0.079381 -0.095372 0.804622
v -0.077518 -0.094796 0.805734
v -0.075935 -0.094026 0.807126
v -0.073402 -0.089686 0.814306
v -0.073841 -0.088496 0.816158
v -0.074700 -0.087354 0.817888
v -0.075947 -0.086304 0.819432
v -0.077533 -0.085388 0.820729
v -0.078866 -0.151357 0.858043
v -0.080113 -0.150308 0.859586
v -0.081699 -0.149391 0.860883
v -0.084845 -0.153292 0.856932
v -0.085595 -0.152858 0.857545
v -0.083563 -0.148642 0.861883
v -0.086476 -0.152504 0.858018
v -0.085634 -0.148089 0.862549
v -0.087455 -0.152243 0.858333
v -0.087833 -0.147755 0.862854
v -0.088494 -0.152085 0.858477
v -0.090074 -0.147651 0.862787
v -0.089554 -0.152036 0.858445
v -0.092272 -0.147783 0.862350
v -0.090593 -0.152098 0.858238
v -0.094341 -0.148143 0.861560
v -0.091571 -0.152269 0.857865
v -0.096204 -0.148720 0.860448
v -0.092451 -0.152541 0.857339
v -0.097787 -0.149490 0.859056
v -0.093200 -0.152905 0.856681
v -0.099031 -0.150424 0.857437
v -0.093788 -0.153347 0.855916
v -0.099887 -0.151487 0.855655
v -0.094192 -0.153849 0.855074
v -0.100322 -0.152637 0.853777
v -0.094398 -0.154393 0.854186
v -0.100320 -0.153830 0.851876
v -0.094397 -0.154956 0.853288
v -0.099881 -0.155020 0.850025
v -0.094189 -0.155519 0.852412
v -0.099022 -0.156162 0.848294
v -0.093783 -0.156059 0.851594
v -0.097775 -0.157211 0.846750
v -0.093194 -0.156555 0.850865
v -0.096189 -0.158128 0.845453
v -0.092444 -0.156988 0.850252
v -0.094324 -0.158877 0.844453
v -0.091563 -0.157342 0.849779
v -0.092253 -0.159429 0.843788
v -0.090584 -0.157603 0.849464
v -0.090055 -0.159764 0.843483
v -0.089545 -0.157761 0.849320
v -0.087814 -0.159867 0.843550
v -0.088485 -0.157810 0.849352
v -0.085616 -0.159736 0.843987
v -0.087446 -0.157748 0.849558
v -0.083546 -0.159375 0.844777
v -0.086468 -0.157578 0.849932
v -0.081684 -0.158799 0.845889
v -0.085588 -0.157305 0.850457
v -0.080100 -0.158029 0.847281
v -0.084839 -0.156941 0.851115
v -0.078857 -0.157094 0.848899
v -0.084252 -0.156500 0.851880
v -0.078001 -0.156032 0.850681
v -0.083847 -0.155997 0.852723
v -0.083641 -0.155454 0.853610
v -0.077566 -0.154882 0.852559
v -0.077567 -0.153689 0.854460
v -0.083642 -0.154890 0.854509
v -0.078007 -0.152499 0.856312
v -0.083850 -0.154327 0.855384
v -0.084256 -0.153788 0.856202
s 1
usemtl Solid.Two
f 484 483 1
f 3 1475 484
f 1475 450 1321
f 483 1321 2
f 485 582 4
f 1 1476 485
f 1476 2 580
f 582 580 96
f 487 486 5
f 6 1477 487
f 1477 3 484
f 486 484 1
f 488 1473 7
f 5 1478 488
f 1478 1 485
f 1473 485 4
f 490 489 8
f 9 1479 490
f 1479 6 487
f 489 487 5
f 491 1471 10
f 8 1480 491
f 1480 5 488
f 1471 488 7
f 493 492 11
f 12 1481 493
f 1481 9 490
f 492 490 8
f 494 1469 13
f 11 1482 494
f 1482 8 491
f 1469 491 10
f 496 495 14
f 15 1483 496
f 1483 12 493
f 495 493 11
f 497 1467 16
f 14 1484 497
f 1484 11 494
f 1467 494 13
f 499 498 17
f 18 1485 499
f 1485 15 496
f 498 496 14
f 500 1465 19
f 17 1486 500
f 1486 14 497
f 1465 497 16
f 502 501 20
f 21 1487 502
f 1487 18 499
f 501 499 17
f 503 1463 22
f 20 1488 503
f 1488 17 500
f 1463 500 19
f 505 504 23
f 24 1489 505
f 1489 21 502
f 504 502 20
f 506 1461 25
f 23 1490 506
f 1490 20 503
f 1461 503 22
f 508 507 26
f 27 1491 508
f 1491 24 505
f 507 505 23
f 509 1459 28
f 26 1492 509
f 1492 23 506
f 1459 506 25
f 511 510 29
f 30 1493 511
f 1493 27 508
f 510 508 26
f 512 1457 31
f 29 1494 512
f 1494 26 509
f 1457 509 28
f 514 513 32
f 33 1495 514
f 1495 30 511
f 513 511 29
f 515 1455 34
f 32 1496 515
f 1496 29 512
f 1455 512 31
f 517 516 35
f 36 1497 517
f 1497 33 514
f 516 514 32
f 518 1453 37
f 35 1498 518
f 1498 32 515
f 1453 515 34
f 520 519 38
f 39 1499 520
f 1499 36 517
f 519 517 35
f 521 1451 40
f 38 1500 521
f 1500 35 518
f 1451 518 37
f 523 522 41
f 42 1501 523
f 1501 39 520
f 522 520 38
f 524 1449 43
f 41 1502 524
f 1502 38 521
f 1449 521 40
f 526 525 44
f 45 1503 526
f 1503 42 523
f 525 523 41
f 527 1447 46
f 44 1504 527
f 1504 41 524
f 1447 524 43
f 529 528 47
f 48 1505 529
f 1505 45 526
f 528 526 44
f 530 1445 49
f 47 1506 530
f 1506 44 527
f 1445 527 46
f 532 531 50
f 51 1507 532
f 1507 48 529
f 531 529 47
f 533 1443 52
f 50 1508 533
f 1508 47 530
f 1443 530 49
f 535 534 53
f 54 1509 535
f 1509 51 532
f 534 532 50
f 536 1441 55
f 53 1510 536
f 1510 50 533
f 1441 533 52
f 538 537 56
f 57 1511 538
f 1511 54 535
f 537 535 53
f 539 1439 58
f 56 1512 539
f 1512 53 536
f 1439 536 55
f 541 540 59
f 60 1513 541
f 1513 57 538
f 540 538 56
f 542 1437 61
f 59 1514 542
f 1514 56 539
f 1437 539 58
f 544 543 62
f 63 1515 544
f 1515 60 541
f 543 541 59
f 545 1435 64
f 62 1516 545
f 1516 59 542
f 1435 542 61
f 547 546 65
f 66 1517 547
f 1517 63 544
f 546 544 62
f 548 1433 67
f 65 1518 548
f 1518 62 545
f 1433 545 64
f 550 549 68
f 69 1519 550
f 1519 66 547
f 549 547 65
f 551 1431 70
f 68 1520 551
f 1520 65 548
f 1431 548 67
f 553 552 71
f 72 1521 553
f 1521 69 550
f 552 550 68
f 554 1429 73
f 71 1522 554
f 1522 68 551
f 1429 551 70
f 556 555 74
f 75 1523 556
f 1523 72 553
f 555 553 71
f 557 1427 76
f 74 1524 557
f 1524 71 554
f 1427 554 73
f 559 558 77
f 78 1525 559
f 1525 75 556
f 558 556 74
f 560 1425 79
f 77 1526 560
f 1526 74 557
f 1425 557 76
f 562 561 80
f 81 1527 562
f 1527 78 559
f 561 559 77
f 563 1423 82
f 80 1528 563
f 1528 77 560
f 1423 560 79
f 565 564 83
f 84 1529 565
f 1529 81 562
f 564 562 80
f 566 1421 85
f 83 1530 566
f 1530 80 563
f 1421 563 82
f 568 567 86
f 87 1531 568
f 1531 84 565
f 567 565 83
f 569 1419 88
f 86 1532 569
f 1532 83 566
f 1419 566 85
f 571 570 89
f 90 1533 571
f 1533 87 568
f 570 568 86
f 572 1417 91
f 89 1534 572
f 1534 86 569
f 1417 569 88
f 574 573 92
f 93 1535 574
f 1535 90 571
f 573 571 89
f 575 579 94
f 92 1536 575
f 1536 89 572
f 579 572 91
f 1321 576 2
f 450 1537 1321
f 1537 93 574
f 576 574 92
f 580 578 96
f 2 1538 580
f 1538 92 575
f 578 575 94
f 577 675 95
f 94 1539 577
f 1539 91 673
f 675 673 157
f 581 585 97
f 96 1540 581
f 1540 94 577
f 585 577 95
f 586 584 99
f 4 1541 586
f 1541 96 581
f 584 581 97
f 583 681 98
f 97 1542 583
f 1542 95 679
f 681 679 160
f 587 1316 100
f 99 1543 587
f 1543 97 583
f 1316 583 98
f 589 588 101
f 7 1544 589
f 1544 4 586
f 588 586 99
f 590 1315 102
f 101 1545 590
f 1545 99 587
f 1315 587 100
f 592 591 103
f 10 1546 592
f 1546 7 589
f 591 589 101
f 593 1314 104
f 103 1547 593
f 1547 101 590
f 1314 590 102
f 595 594 105
f 13 1548 595
f 1548 10 592
f 594 592 103
f 596 1313 106
f 105 1549 596
f 1549 103 593
f 1313 593 104
f 598 597 107
f 16 1550 598
f 1550 13 595
f 597 595 105
f 599 1312 108
f 107 1551 599
f 1551 105 596
f 1312 596 106
f 601 600 109
f 19 1552 601
f 1552 16 598
f 600 598 107
f 602 1311 110
f 109 1553 602
f 1553 107 599
f 1311 599 108
f 604 603 111
f 22 1554 604
f 1554 19 601
f 603 601 109
f 605 1310 112
f 111 1555 605
f 1555 109 602
f 1310 602 110
f 607 606 113
f 25 1556 607
f 1556 22 604
f 606 604 111
f 608 1309 114
f 113 1557 608
f 1557 111 605
f 1309 605 112
f 610 609 115
f 28 1558 610
f 1558 25 607
f 609 607 113
f 611 1308 116
f 115 1559 611
f 1559 113 608
f 1308 608 114
f 613 612 117
f 31 1560 613
f 1560 28 610
f 612 610 115
f 614 1307 118
f 117 1561 614
f 1561 115 611
f 1307 611 116
f 616 615 119
f 34 1562 616
f 1562 31 613
f 615 613 117
f 617 1306 120
f 119 1563 617
f 1563 117 614
f 1306 614 118
f 619 618 121
f 37 1564 619
f 1564 34 616
f 618 616 119
f 620 1305 122
f 121 1565 620
f 1565 119 617
f 1305 617 120
f 622 621 123
f 40 1566 622
f 1566 37 619
f 621 619 121
f 623 1304 124
f 123 1567 623
f 1567 121 620
f 1304 620 122
f 625 624 125
f 43 1568 625
f 1568 40 622
f 624 622 123
f 626 1303 126
f 125 1569 626
f 1569 123 623
f 1303 623 124
f 628 627 127
f 46 1570 628
f 1570 43 625
f 627 625 125
f 629 1302 128
f 127 1571 629
f 1571 125 626
f 1302 626 126
f 631 630 129
f 49 1572 631
f 1572 46 628
f 630 628 127
f 632 1301 130
f 129 1573 632
f 1573 127 629
f 1301 629 128
f 634 633 131
f 52 1574 634
f 1574 49 631
f 633 631 129
f 635 1300 132
f 131 1575 635
f 1575 129 632
f 1300 632 130
f 637 636 133
f 55 1576 637
f 1576 52 634
f 636 634 131
f 638 1299 134
f 133 1577 638
f 1577 131 635
f 1299 635 132
f 640 639 135
f 58 1578 640
f 1578 55 637
f 639 637 133
f 641 1298 136
f 135 1579 641
f 1579 133 638
f 1298 638 134
f 643 642 137
f 61 1580 643
f 1580 58 640
f 642 640 135
f 644 1297 138
f 137 1581 644
f 1581 135 641
f 1297 641 136
f 646 645 139
f 64 1582 646
f 1582 61 643
f 645 643 137
f 647 1296 140
f 139 1583 647
f 1583 137 644
f 1296 644 138
f 649 648 141
f 67 1584 649
f 1584 64 646
f 648 646 139
f 650 1295 142
f 141 1585 650
f 1585 139 647
f 1295 647 140
f 652 651 143
f 70 1586 652
f 1586 67 649
f 651 649 141
f 653 1294 144
f 143 1587 653
f 1587 141 650
f 1294 650 142
f 655 654 145
f 73 1588 655
f 1588 70 652
f 654 652 143
f 656 1293 146
f 145 1589 656
f 1589 143 653
f 1293 653 144
f 658 657 147
f 76 1590 658
f 1590 73 655
f 657 655 145
f 659 1292 148
f 147 1591 659
f 1591 145 656
f 1292 656 146
f 661 660 149
f 79 1592 661
f 1592 76 658
f 660 658 147
f 662 1291 150
f 149 1593 662
f 1593 147 659
f 1291 659 148
f 664 663 151
f 82 1594 664
f 1594 79 661
f 663 661 149
f 665 1290 152
f 151 1595 665
f 1595 149 662
f 1290 662 150
f 667 666 153
f 85 1596 667
f 1596 82 664
f 666 664 151
f 668 1289 154
f 153 1597 668
f 1597 151 665
f 1289 665 152
f 670 669 155
f 88 1598 670
f 1598 85 667
f 669 667 153
f 671 1288 156
f 155 1599 671
f 1599 153 668
f 1288 668 154
f 673 672 157
f 91 1600 673
f 1600 88 670
f 672 670 155
f 674 678 158
f 157 1601 674
f 1601 155 671
f 678 671 156
f 679 677 160
f 95 1602 679
f 1602 157 674
f 677 674 158
f 676 774 159
f 158 1603 676
f 1603 156 772
f 774 772 221
f 680 684 161
f 160 1604 680
f 1604 158 676
f 684 676 159
f 685 683 163
f 98 1605 685
f 1605 160 680
f 683 680 161
f 162 1606 780
f 161 1606 682
f 1606 159 778
f 780 778 224
f 686 1287 164
f 163 1607 686
f 1607 161 682
f 1287 682 162
f 689 687 165
f 100 1608 689
f 1608 98 685
f 687 685 163
f 166 1609 1286
f 165 1609 688
f 1609 163 686
f 1609 164 1286
f 692 1285 168
f 167 1610 692
f 1610 165 688
f 1285 688 166
f 691 690 167
f 102 1611 691
f 1611 100 689
f 690 689 165
f 694 693 169
f 104 1612 694
f 1612 102 691
f 693 691 167
f 695 1284 170
f 169 1613 695
f 1613 167 692
f 1284 692 168
f 697 696 171
f 106 1614 697
f 1614 104 694
f 696 694 169
f 698 1283 172
f 171 1615 698
f 1615 169 695
f 1283 695 170
f 700 699 173
f 108 1616 700
f 1616 106 697
f 699 697 171
f 174 1617 1282
f 173 1617 701
f 1617 171 698
f 1282 698 172
f 703 702 175
f 110 1618 703
f 1618 108 700
f 702 700 173
f 704 1281 176
f 175 1619 704
f 1619 173 701
f 1281 701 174
f 706 705 177
f 112 1620 706
f 1620 110 703
f 705 703 175
f 707 1280 178
f 177 1621 707
f 1621 175 704
f 1280 704 176
f 709 708 179
f 114 1622 709
f 1622 112 706
f 708 706 177
f 180 1623 1279
f 179 1623 710
f 1623 177 707
f 1279 707 178
f 712 711 181
f 116 1624 712
f 1624 114 709
f 711 709 179
f 713 1278 182
f 181 1625 713
f 1625 179 710
f 1278 710 180
f 715 714 183
f 118 1626 715
f 1626 116 712
f 714 712 181
f 716 1277 184
f 183 1627 716
f 1627 181 713
f 1277 713 182
f 718 717 185
f 120 1628 718
f 1628 118 715
f 717 715 183
f 719 1276 186
f 185 1629 719
f 1629 183 716
f 1276 716 184
f 721 720 187
f 122 1630 721
f 1630 120 718
f 720 718 185
f 188 1631 1275
f 187 1631 722
f 1631 185 719
f 1275 719 186
f 724 723 189
f 124 1632 724
f 1632 122 721
f 723 721 187
f 725 1274 190
f 189 1633 725
f 1633 187 722
f 1633 188 1274
f 727 726 191
f 126 1634 727
f 1634 124 724
f 726 724 189
f 192 1635 1273
f 191 1635 728
f 1635 189 725
f 1635 190 1273
f 730 729 193
f 128 1636 730
f 1636 126 727
f 729 727 191
f 194 1637 1272
f 193 1637 731
f 1637 191 728
f 1272 728 192
f 733 732 195
f 130 1638 733
f 1638 128 730
f 732 730 193
f 734 1271 196
f 734 732 1639
f 1639 193 731
f 1271 731 194
f 736 735 197
f 132 1640 736
f 1640 130 733
f 735 733 195
f 737 1270 198
f 197 1641 737
f 1641 195 734
f 1270 734 196
f 739 738 199
f 134 1642 739
f 1642 132 736
f 738 736 197
f 740 1269 200
f 199 1643 740
f 1643 197 737
f 1269 737 198
f 742 741 201
f 136 1644 742
f 1644 134 739
f 741 739 199
f 202 1645 1268
f 201 1645 743
f 1645 199 740
f 1268 740 200
f 745 744 203
f 138 1646 745
f 1646 136 742
f 744 742 201
f 746 1267 204
f 203 1647 746
f 1647 201 743
f 1647 202 1267
f 748 747 205
f 140 1648 748
f 1648 138 745
f 747 745 203
f 749 1266 206
f 205 1649 749
f 1649 203 746
f 1266 746 204
f 751 750 207
f 142 1650 751
f 1650 140 748
f 750 748 205
f 752 1265 208
f 207 1651 752
f 1651 205 749
f 1265 749 206
f 754 753 209
f 144 1652 754
f 1652 142 751
f 753 751 207
f 755 1264 210
f 209 1653 755
f 1653 207 752
f 1264 752 208
f 757 756 211
f 146 1654 757
f 1654 144 754
f 756 754 209
f 758 1263 212
f 211 1655 758
f 1655 209 755
f 1263 755 210
f 760 759 213
f 148 1656 760
f 1656 146 757
f 759 757 211
f 761 1262 214
f 213 1657 761
f 1657 211 758
f 1262 758 212
f 763 762 215
f 150 1658 763
f 1658 148 760
f 762 760 213
f 764 1261 216
f 215 1659 764
f 1659 213 761
f 1261 761 214
f 766 765 217
f 152 1660 766
f 1660 150 763
f 765 763 215
f 767 1260 218
f 217 1661 767
f 1661 215 764
f 1260 764 216
f 769 768 219
f 154 1662 769
f 1662 152 766
f 768 766 217
f 770 1259 220
f 219 1663 770
f 1663 217 767
f 1259 767 218
f 772 771 221
f 156 1664 772
f 1664 154 769
f 771 769 219
f 773 777 222
f 221 1665 773
f 1665 219 770
f 777 770 220
f 224 1666 776
f 159 1666 778
f 1666 221 773
f 1666 222 776
f 223 1667 873
f 775 777 1667
f 777 871 1667
f 1667 285 873
f 225 1668 783
f 779 776 1668
f 1668 222 775
f 1668 223 783
f 227 1669 782
f 784 780 1669
f 780 779 1669
f 1669 225 782
f 226 1670 879
f 781 783 1670
f 783 877 1670
f 1670 288 879
f 228 1671 1258
f 785 782 1671
f 782 781 1671
f 1671 226 1258
f 229 1672 786
f 164 1672 787
f 1287 784 1672
f 1672 227 786
f 230 1673 1257
f 788 786 1673
f 786 785 1673
f 1673 228 1257
f 231 1674 789
f 790 1286 1674
f 1286 787 1674
f 1674 229 789
f 232 1675 1256
f 791 789 1675
f 789 788 1675
f 1675 230 1256
f 233 1676 792
f 793 1285 1676
f 1285 790 1676
f 1676 231 792
f 234 1677 1255
f 794 792 1677
f 792 791 1677
f 1677 232 1255
f 235 1678 795
f 796 1284 1678
f 1284 793 1678
f 1678 233 795
f 236 1679 1254
f 797 795 1679
f 795 794 1679
f 1679 234 1254
f 237 1680 798
f 799 1283 1680
f 1283 796 1680
f 1680 235 798
f 238 1681 1253
f 800 798 1681
f 798 797 1681
f 1681 236 1253
f 239 1682 801
f 802 1282 1682
f 1282 799 1682
f 1682 237 801
f 240 1683 1252
f 803 801 1683
f 801 800 1683
f 1683 238 1252
f 241 1684 804
f 176 1684 805
f 1684 174 802
f 1684 239 804
f 242 1685 1251
f 806 804 1685
f 804 803 1685
f 1685 240 1251
f 243 1686 807
f 178 1686 808
f 1686 176 805
f 1686 241 807
f 244 1687 1250
f 809 807 1687
f 807 806 1687
f 1687 242 1250
f 245 1688 810
f 180 1688 811
f 1279 808 1688
f 810 808 243
f 246 1689 1249
f 812 810 1689
f 810 809 1689
f 1689 244 1249
f 247 1690 813
f 814 1278 1690
f 1278 811 1690
f 1690 245 813
f 248 1691 1248
f 815 813 1691
f 813 812 1691
f 1691 246 1248
f 249 1692 816
f 817 1277 1692
f 1277 814 1692
f 1692 247 816
f 250 1693 1247
f 818 816 1693
f 816 815 1693
f 1693 248 1247
f 251 1694 819
f 186 1694 820
f 1276 817 1694
f 1694 249 819
f 252 1695 1246
f 821 819 1695
f 819 818 1695
f 1695 250 1246
f 253 1696 822
f 823 1275 1696
f 1275 820 1696
f 1696 251 822
f 254 1697 1245
f 824 822 1697
f 822 821 1697
f 1697 252 1245
f 255 1698 825
f 826 1274 1698
f 1274 823 1698
f 1698 253 825
f 256 1699 1244
f 827 825 1699
f 825 824 1699
f 1699 254 1244
f 257 1700 828
f 192 1700 829
f 1273 826 1700
f 1700 255 828
f 258 1701 1243
f 830 828 1701
f 828 827 1701
f 1701 256 1243
f 259 1702 831
f 832 1272 1702
f 1702 192 829
f 1702 257 831
f 260 1703 1242
f 833 831 1703
f 831 830 1703
f 1703 258 1242
f 261 1704 834
f 196 1704 835
f 1271 832 1704
f 1704 259 834
f 262 1705 1241
f 836 834 1705
f 834 833 1705
f 1705 260 1241
f 838 837 263
f 838 1270 1706
f 1270 835 1706
f 1706 261 837
f 264 1707 1240
f 839 837 1707
f 837 836 1707
f 1707 262 1240
f 265 1708 840
f 841 1269 1708
f 1269 838 1708
f 1708 263 840
f 266 1709 1239
f 842 840 1709
f 840 839 1709
f 1709 264 1239
f 267 1710 843
f 844 1268 1710
f 1268 841 1710
f 1710 265 843
f 268 1711 1238
f 845 843 1711
f 843 842 1711
f 1711 266 1238
f 269 1712 846
f 847 1267 1712
f 1267 844 1712
f 1712 267 846
f 270 1713 1237
f 848 846 1713
f 846 845 1713
f 1713 268 1237
f 271 1714 849
f 206 1714 850
f 1714 204 847
f 1714 269 849
f 272 1715 1236
f 851 849 1715
f 849 848 1715
f 1715 270 1236
f 273 1716 852
f 853 1265 1716
f 1265 850 1716
f 1716 271 852
f 274 1717 1235
f 854 852 1717
f 852 851 1717
f 1717 272 1235
f 275 1718 855
f 856 1264 1718
f 1264 853 1718
f 1718 273 855
f 276 1719 1234
f 857 855 1719
f 855 854 1719
f 1719 274 1234
f 277 1720 858
f 859 1263 1720
f 1720 210 856
f 1720 275 858
f 278 1721 1233
f 860 858 1721
f 858 857 1721
f 1721 276 1233
f 279 1722 861
f 862 1262 1722
f 1722 212 859
f 1722 277 861
f 280 1723 1232
f 863 861 1723
f 861 860 1723
f 1723 278 1232
f 281 1724 864
f 865 1261 1724
f 1724 214 862
f 1724 279 864
f 282 1725 1231
f 866 864 1725
f 864 863 1725
f 1725 280 1231
f 283 1726 867
f 868 1260 1726
f 1260 865 1726
f 1726 281 867
f 284 1727 1230
f 869 867 1727
f 867 866 1727
f 1727 282 1230
f 285 1728 870
f 220 1728 871
f 1259 868 1728
f 1728 283 870
f 286 1729 876
f 872 870 1729
f 870 869 1729
f 1729 284 876
f 288 1730 875
f 877 873 1730
f 873 872 1730
f 1730 286 875
f 287 1731 972
f 874 876 1731
f 876 970 1731
f 1731 349 972
f 289 1732 882
f 878 875 1732
f 875 874 1732
f 1732 287 882
f 291 1733 881
f 883 879 1733
f 879 878 1733
f 1733 289 881
f 290 1734 978
f 880 882 1734
f 882 976 1734
f 1734 352 978
f 292 1735 1229
f 884 881 1735
f 881 880 1735
f 1735 290 1229
f 293 1736 885
f 886 1258 1736
f 1258 883 1736
f 1736 291 885
f 294 1737 1228
f 887 885 1737
f 885 884 1737
f 1737 292 1228
f 295 1738 888
f 889 1257 1738
f 1257 886 1738
f 1738 293 888
f 296 1739 1227
f 890 888 1739
f 888 887 1739
f 1739 294 1227
f 297 1740 891
f 892 1256 1740
f 1256 889 1740
f 1740 295 891
f 298 1741 1226
f 893 891 1741
f 891 890 1741
f 1741 296 1226
f 299 1742 894
f 895 1255 1742
f 1255 892 1742
f 1742 297 894
f 300 1743 1225
f 896 894 1743
f 894 893 1743
f 1743 298 1225
f 301 1744 897
f 898 1254 1744
f 1254 895 1744
f 1744 299 897
f 302 1745 1224
f 899 897 1745
f 897 896 1745
f 1745 300 1224
f 303 1746 900
f 901 1253 1746
f 1253 898 1746
f 1746 301 900
f 304 1747 1223
f 902 900 1747
f 900 899 1747
f 1747 302 1223
f 305 1748 903
f 904 1252 1748
f 1252 901 1748
f 1748 303 903
f 306 1749 1222
f 905 903 1749
f 903 902 1749
f 1749 304 1222
f 307 1750 906
f 907 1251 1750
f 1251 904 1750
f 1750 305 906
f 308 1751 1221
f 908 906 1751
f 906 905 1751
f 1751 306 1221
f 309 1752 909
f 910 1250 1752
f 1250 907 1752
f 1752 307 909
f 310 1753 1220
f 911 909 1753
f 909 908 1753
f 1753 308 1220
f 311 1754 912
f 913 1249 1754
f 1249 910 1754
f 1754 309 912
f 312 1755 1219
f 914 912 1755
f 912 911 1755
f 1755 310 1219
f 313 1756 915
f 916 1248 1756
f 1248 913 1756
f 1756 311 915
f 314 1757 1218
f 917 915 1757
f 915 914 1757
f 1757 312 1218
f 315 1758 918
f 919 1247 1758
f 1247 916 1758
f 1758 313 918
f 316 1759 1217
f 920 918 1759
f 918 917 1759
f 1759 314 1217
f 317 1760 921
f 922 1246 1760
f 1246 919 1760
f 1760 315 921
f 318 1761 1216
f 923 921 1761
f 921 920 1761
f 1761 316 1216
f 319 1762 924
f 925 1245 1762
f 1245 922 1762
f 1762 317 924
f 320 1763 1215
f 926 924 1763
f 924 923 1763
f 1763 318 1215
f 321 1764 927
f 928 1244 1764
f 1244 925 1764
f 1764 319 927
f 322 1765 1214
f 929 927 1765
f 927 926 1765
f 1765 320 1214
f 323 1766 930
f 931 1243 1766
f 1243 928 1766
f 1766 321 930
f 324 1767 1213
f 932 930 1767
f 930 929 1767
f 1767 322 1213
f 325 1768 933
f 934 1242 1768
f 1242 931 1768
f 1768 323 933
f 326 1769 1212
f 935 933 1769
f 933 932 1769
f 1769 324 1212
f 327 1770 936
f 937 1241 1770
f 1241 934 1770
f 1770 325 936
f 328 1771 1211
f 938 936 1771
f 936 935 1771
f 1771 326 1211
f 329 1772 939
f 940 1240 1772
f 1240 937 1772
f 1772 327 939
f 330 1773 1210
f 941 939 1773
f 939 938 1773
f 1773 328 1210
f 331 1774 942
f 943 1239 1774
f 1239 940 1774
f 1774 329 942
f 332 1775 1209
f 944 942 1775
f 942 941 1775
f 1775 330 1209
f 333 1776 945
f 946 1238 1776
f 1238 943 1776
f 1776 331 945
f 334 1777 1208
f 947 945 1777
f 945 944 1777
f 1777 332 1208
f 335 1778 948
f 949 1237 1778
f 1237 946 1778
f 1778 333 948
f 336 1779 1207
f 950 948 1779
f 948 947 1779
f 1779 334 1207
f 337 1780 951
f 952 1236 1780
f 1236 949 1780
f 1780 335 951
f 338 1781 1206
f 953 951 1781
f 951 950 1781
f 1781 336 1206
f 339 1782 954
f 955 1235 1782
f 1235 952 1782
f 1782 337 954
f 340 1783 1205
f 956 954 1783
f 954 953 1783
f 1783 338 1205
f 341 1784 957
f 958 1234 1784
f 1234 955 1784
f 1784 339 957
f 342 1785 1204
f 959 957 1785
f 957 956 1785
f 1785 340 1204
f 343 1786 960
f 961 1233 1786
f 1233 958 1786
f 1786 341 960
f 344 1787 1203
f 962 960 1787
f 960 959 1787
f 1787 342 1203
f 345 1788 963
f 964 1232 1788
f 1232 961 1788
f 1788 343 963
f 346 1789 1202
f 965 963 1789
f 963 962 1789
f 1789 344 1202
f 347 1790 966
f 967 1231 1790
f 1231 964 1790
f 1790 345 966
f 348 1791 1201
f 968 966 1791
f 966 965 1791
f 1791 346 1201
f 349 1792 969
f 970 1230 1792
f 1230 967 1792
f 1792 347 969
f 350 1793 975
f 971 969 1793
f 969 968 1793
f 1793 348 975
f 352 1794 974
f 976 972 1794
f 972 971 1794
f 1794 350 974
f 351 1795 1071
f 973 975 1795
f 975 1069 1795
f 1795 413 1071
f 353 1796 981
f 977 974 1796
f 974 973 1796
f 1796 351 981
f 355 1797 980
f 982 978 1797
f 978 977 1797
f 1797 353 980
f 354 1798 1077
f 979 981 1798
f 981 1075 1798
f 1798 416 1077
f 356 1799 1200
f 983 980 1799
f 980 979 1799
f 1799 354 1200
f 357 1800 984
f 985 1229 1800
f 1229 982 1800
f 1800 355 984
f 358 1801 1199
f 986 984 1801
f 984 983 1801
f 1801 356 1199
f 359 1802 987
f 988 1228 1802
f 1228 985 1802
f 1802 357 987
f 360 1803 1198
f 989 987 1803
f 987 986 1803
f 1803 358 1198
f 361 1804 990
f 991 1227 1804
f 1227 988 1804
f 1804 359 990
f 362 1805 1197
f 992 990 1805
f 990 989 1805
f 1805 360 1197
f 363 1806 993
f 994 1226 1806
f 1226 991 1806
f 1806 361 993
f 364 1807 1196
f 995 993 1807
f 993 992 1807
f 1807 362 1196
f 365 1808 996
f 997 1225 1808
f 1225 994 1808
f 1808 363 996
f 366 1809 1195
f 998 996 1809
f 996 995 1809
f 1809 364 1195
f 367 1810 999
f 1000 1224 1810
f 1224 997 1810
f 1810 365 999
f 368 1811 1194
f 1001 999 1811
f 999 998 1811
f 1811 366 1194
f 369 1812 1002
f 1003 1223 1812
f 1223 1000 1812
f 1812 367 1002
f 370 1813 1193
f 1004 1002 1813
f 1002 1001 1813
f 1813 368 1193
f 371 1814 1005
f 1006 1222 1814
f 1222 1003 1814
f 1814 369 1005
f 372 1815 1192
f 1007 1005 1815
f 1005 1004 1815
f 1815 370 1192
f 373 1816 1008
f 1009 1221 1816
f 1221 1006 1816
f 1816 371 1008
f 374 1817 1191
f 1010 1008 1817
f 1008 1007 1817
f 1817 372 1191
f 375 1818 1011
f 1012 1220 1818
f 1220 1009 1818
f 1818 373 1011
f 376 1819 1190
f 1013 1011 1819
f 1011 1010 1819
f 1819 374 1190
f 377 1820 1014
f 1015 1219 1820
f 1219 1012 1820
f 1820 375 1014
f 378 1821 1189
f 1016 1014 1821
f 1014 1013 1821
f 1821 376 1189
f 379 1822 1017
f 1018 1218 1822
f 1218 1015 1822
f 1822 377 1017
f 380 1823 1188
f 1019 1017 1823
f 1017 1016 1823
f 1823 378 1188
f 381 1824 1020
f 1021 1217 1824
f 1217 1018 1824
f 1824 379 1020
f 382 1825 1187
f 1022 1020 1825
f 1020 1019 1825
f 1825 380 1187
f 383 1826 1023
f 1024 1216 1826
f 1216 1021 1826
f 1826 381 1023
f 384 1827 1186
f 1025 1023 1827
f 1023 1022 1827
f 1827 382 1186
f 385 1828 1026
f 1027 1215 1828
f 1215 1024 1828
f 1828 383 1026
f 386 1829 1185
f 1028 1026 1829
f 1026 1025 1829
f 1829 384 1185
f 387 1830 1029
f 1030 1214 1830
f 1214 1027 1830
f 1830 385 1029
f 388 1831 1184
f 1031 1029 1831
f 1029 1028 1831
f 1831 386 1184
f 389 1832 1032
f 1033 1213 1832
f 1213 1030 1832
f 1832 387 1032
f 390 1833 1183
f 1034 1032 1833
f 1032 1031 1833
f 1833 388 1183
f 391 1834 1035
f 1036 1212 1834
f 1212 1033 1834
f 1834 389 1035
f 392 1835 1182
f 1037 1035 1835
f 1035 1034 1835
f 1835 390 1182
f 393 1836 1038
f 1039 1211 1836
f 1211 1036 1836
f 1836 391 1038
f 394 1837 1181
f 1040 1038 1837
f 1038 1037 1837
f 1837 392 1181
f 395 1838 1041
f 1042 1210 1838
f 1210 1039 1838
f 1838 393 1041
f 396 1839 1180
f 1043 1041 1839
f 1041 1040 1839
f 1839 394 1180
f 397 1840 1044
f 1045 1209 1840
f 1209 1042 1840
f 1840 395 1044
f 398 1841 1179
f 1046 1044 1841
f 1044 1043 1841
f 1841 396 1179
f 399 1842 1047
f 1048 1208 1842
f 1208 1045 1842
f 1842 397 1047
f 400 1843 1178
f 1049 1047 1843
f 1047 1046 1843
f 1843 398 1178
f 401 1844 1050
f 1051 1207 1844
f 1207 1048 1844
f 1844 399 1050
f 402 1845 1177
f 1052 1050 1845
f 1050 1049 1845
f 1845 400 1177
f 403 1846 1053
f 1054 1206 1846
f 1206 1051 1846
f 1846 401 1053
f 404 1847 1176
f 1055 1053 1847
f 1053 1052 1847
f 1847 402 1176
f 405 1848 1056
f 1057 1205 1848
f 1205 1054 1848
f 1848 403 1056
f 406 1849 1175
f 1058 1056 1849
f 1056 1055 1849
f 1849 404 1175
f 407 1850 1059
f 1060 1204 1850
f 1204 1057 1850
f 1850 405 1059
f 408 1851 1174
f 1061 1059 1851
f 1059 1058 1851
f 1851 406 1174
f 409 1852 1062
f 1063 1203 1852
f 1203 1060 1852
f 1852 407 1062
f 410 1853 1173
f 1064 1062 1853
f 1062 1061 1853
f 1853 408 1173
f 411 1854 1065
f 1066 1202 1854
f 1202 1063 1854
f 1854 409 1065
f 412 1855 1172
f 1067 1065 1855
f 1065 1064 1855
f 1855 410 1172
f 413 1856 1068
f 1069 1201 1856
f 1201 1066 1856
f 1856 411 1068
f 414 1857 1074
f 1070 1068 1857
f 1068 1067 1857
f 1857 412 1074
f 416 1858 1073
f 1075 1071 1858
f 1071 1070 1858
f 1858 414 1073
f 1072 1159 415
f 414 1859 1072
f 1859 412 1158
f 1159 1158 426
f 1076 1079 417
f 416 1860 1076
f 1860 414 1072
f 1079 1072 415
f 1171 1078 418
f 354 1861 1171
f 1861 416 1076
f 1078 1076 417
f 1087 1080 419
f 418 1862 1087
f 417 1862 1078
f 1080 1088 419
f 417 1863 1080
f 415 1863 1079
f 1081 1101 419
f 420 1864 1081
f 438 1864 1134
f 1100 1081 419
f 437 1865 1100
f 420 1865 1137
f 1111 1082 419
f 448 1866 1111
f 421 1866 1114
f 1082 1083 419
f 421 1867 1082
f 422 1867 1168
f 1083 1084 419
f 422 1868 1083
f 423 1868 1166
f 1084 1085 419
f 423 1869 1084
f 424 1869 1164
f 1085 1086 419
f 424 1870 1085
f 425 1870 1161
f 1086 1087 419
f 425 1871 1086
f 418 1871 1162
f 1088 1089 419
f 415 1872 1088
f 426 1872 1159
f 1089 1090 419
f 426 1873 1089
f 427 1873 1157
f 1090 1091 419
f 427 1874 1090
f 428 1874 1155
f 1091 1092 419
f 428 1875 1091
f 429 1875 1153
f 1092 1093 419
f 429 1876 1092
f 430 1876 1151
f 1093 1094 419
f 430 1877 1093
f 431 1877 1149
f 1094 1095 419
f 431 1878 1094
f 432 1878 1147
f 1095 1096 419
f 432 1879 1095
f 433 1879 1145
f 1096 1097 419
f 433 1880 1096
f 434 1880 1143
f 1097 1098 419
f 434 1881 1097
f 435 1881 1141
f 1098 1099 419
f 435 1882 1098
f 436 1882 1139
f 1099 1100 419
f 436 1883 1099
f 437 1883 1136
f 1101 1102 419
f 438 1884 1101
f 439 1884 1132
f 1102 1103 419
f 439 1885 1102
f 440 1885 1130
f 1103 1104 419
f 440 1886 1103
f 441 1886 1128
f 1104 1105 419
f 441 1887 1104
f 442 1887 1126
f 1105 1106 419
f 442 1888 1105
f 443 1888 1124
f 1106 1107 419
f 443 1889 1106
f 444 1889 1122
f 1107 1108 419
f 444 1890 1107
f 445 1890 1120
f 1108 1109 419
f 445 1891 1108
f 446 1891 1118
f 1109 1110 419
f 446 1892 1109
f 447 1892 1116
f 1110 1111 419
f 447 1893 1110
f 448 1893 1113
f 1112 1114 448
f 366 1894 1112
f 1894 364 1169
f 1114 1169 421
f 1115 1113 447
f 368 1895 1115
f 1895 366 1112
f 1113 1112 448
f 1117 1116 446
f 370 1896 1117
f 1896 368 1115
f 1116 1115 447
f 1119 1118 445
f 372 1897 1119
f 1897 370 1117
f 1118 1117 446
f 1121 1120 444
f 374 1898 1121
f 1898 372 1119
f 1120 1119 445
f 1123 1122 443
f 376 1899 1123
f 1899 374 1121
f 1122 1121 444
f 1125 1124 442
f 378 1900 1125
f 1900 376 1123
f 1124 1123 443
f 1127 1126 441
f 380 1901 1127
f 1901 378 1125
f 1126 1125 442
f 1129 1128 440
f 382 1902 1129
f 1902 380 1127
f 1128 1127 441
f 1131 1130 439
f 384 1903 1131
f 1903 382 1129
f 1130 1129 440
f 1133 1132 438
f 386 1904 1133
f 1904 384 1131
f 1132 1131 439
f 1170 1134 420
f 388 1905 1170
f 1905 386 1133
f 1134 1133 438
f 1135 1137 437
f 390 1906 1135
f 1906 388 1170
f 1137 1170 420
f 1138 1136 436
f 392 1907 1138
f 1907 390 1135
f 1136 1135 437
f 1140 1139 435
f 394 1908 1140
f 1908 392 1138
f 1139 1138 436
f 1142 1141 434
f 396 1909 1142
f 1909 394 1140
f 1141 1140 435
f 1144 1143 433
f 398 1910 1144
f 1910 396 1142
f 1143 1142 434
f 1146 1145 432
f 400 1911 1146
f 1911 398 1144
f 1145 1144 433
f 1148 1147 431
f 402 1912 1148
f 1912 400 1146
f 1147 1146 432
f 1150 1149 430
f 404 1913 1150
f 1913 402 1148
f 1149 1148 431
f 1152 1151 429
f 406 1914 1152
f 1914 404 1150
f 1151 1150 430
f 1154 1153 428
f 408 1915 1154
f 1915 406 1152
f 1153 1152 429
f 1156 1155 427
f 410 1916 1156
f 1916 408 1154
f 1155 1154 428
f 1158 1157 426
f 412 1917 1158
f 1917 410 1156
f 1157 1156 427
f 1160 1162 425
f 356 1918 1160
f 1918 354 1171
f 1162 1171 418
f 1163 1161 424
f 358 1919 1163
f 1919 356 1160
f 1161 1160 425
f 1165 1164 423
f 360 1920 1165
f 1920 358 1163
f 1164 1163 424
f 1167 1166 422
f 362 1921 1167
f 1921 360 1165
f 1166 1165 423
f 1169 1168 421
f 364 1922 1169
f 1922 362 1167
f 1168 1167 422
f 484 1475 483
f 3 1322 1475
f 1475 1322 450
f 483 1475 1321
f 485 1476 582
f 1 483 1476
f 1476 483 2
f 582 1476 580
f 487 1477 486
f 6 1474 1477
f 1477 1474 3
f 486 1477 484
f 488 1478 1473
f 5 486 1478
f 1478 486 1
f 1473 1478 485
f 490 1479 489
f 9 1472 1479
f 1479 1472 6
f 489 1479 487
f 491 1480 1471
f 8 489 1480
f 1480 489 5
f 1471 1480 488
f 493 1481 492
f 12 1470 1481
f 1481 1470 9
f 492 1481 490
f 494 1482 1469
f 11 492 1482
f 1482 492 8
f 1469 1482 491
f 496 1483 495
f 15 1468 1483
f 1483 1468 12
f 495 1483 493
f 497 1484 1467
f 14 495 1484
f 1484 495 11
f 1467 1484 494
f 499 1485 498
f 18 1466 1485
f 1485 1466 15
f 498 1485 496
f 500 1486 1465
f 17 498 1486
f 1486 498 14
f 1465 1486 497
f 502 1487 501
f 21 1464 1487
f 1487 1464 18
f 501 1487 499
f 503 1488 1463
f 20 501 1488
f 1488 501 17
f 1463 1488 500
f 505 1489 504
f 24 1462 1489
f 1489 1462 21
f 504 1489 502
f 506 1490 1461
f 23 504 1490
f 1490 504 20
f 1461 1490 503
f 508 1491 507
f 27 1460 1491
f 1491 1460 24
f 507 1491 505
f 509 1492 1459
f 26 507 1492
f 1492 507 23
f 1459 1492 506
f 511 1493 510
f 30 1458 1493
f 1493 1458 27
f 510 1493 508
f 512 1494 1457
f 29 510 1494
f 1494 510 26
f 1457 1494 509
f 514 1495 513
f 33 1456 1495
f 1495 1456 30
f 513 1495 511
f 515 1496 1455
f 32 513 1496
f 1496 513 29
f 1455 1496 512
f 517 1497 516
f 36 1454 1497
f 1497 1454 33
f 516 1497 514
f 518 1498 1453
f 35 516 1498
f 1498 516 32
f 1453 1498 515
f 520 1499 519
f 39 1452 1499
f 1499 1452 36
f 519 1499 517
f 521 1500 1451
f 38 519 1500
f 1500 519 35
f 1451 1500 518
f 523 1501 522
f 42 1450 1501
f 1501 1450 39
f 522 1501 520
f 524 1502 1449
f 41 522 1502
f 1502 522 38
f 1449 1502 521
f 526 1503 525
f 45 1448 1503
f 1503 1448 42
f 525 1503 523
f 527 1504 1447
f 44 525 1504
f 1504 525 41
f 1447 1504 524
f 529 1505 528
f 48 1446 1505
f 1505 1446 45
f 528 1505 526
f 530 1506 1445
f 47 528 1506
f 1506 528 44
f 1445 1506 527
f 532 1507 531
f 51 1444 1507
f 1507 1444 48
f 531 1507 529
f 533 1508 1443
f 50 531 1508
f 1508 531 47
f 1443 1508 530
f 535 1509 534
f 54 1442 1509
f 1509 1442 51
f 534 1509 532
f 536 1510 1441
f 53 534 1510
f 1510 534 50
f 1441 1510 533
f 538 1511 537
f 57 1440 1511
f 1511 1440 54
f 537 1511 535
f 539 1512 1439
f 56 537 1512
f 1512 537 53
f 1439 1512 536
f 541 1513 540
f 60 1438 1513
f 1513 1438 57
f 540 1513 538
f 542 1514 1437
f 59 540 1514
f 1514 540 56
f 1437 1514 539
f 544 1515 543
f 63 1436 1515
f 1515 1436 60
f 543 1515 541
f 545 1516 1435
f 62 543 1516
f 1516 543 59
f 1435 1516 542
f 547 1517 546
f 66 1434 1517
f 1517 1434 63
f 546 1517 544
f 548 1518 1433
f 65 546 1518
f 1518 546 62
f 1433 1518 545
f 550 1519 549
f 69 1432 1519
f 1519 1432 66
f 549 1519 547
f 551 1520 1431
f 68 549 1520
f 1520 549 65
f 1431 1520 548
f 553 1521 552
f 72 1430 1521
f 1521 1430 69
f 552 1521 550
f 554 1522 1429
f 71 552 1522
f 1522 552 68
f 1429 1522 551
f 556 1523 555
f 75 1428 1523
f 1523 1428 72
f 555 1523 553
f 557 1524 1427
f 74 555 1524
f 1524 555 71
f 1427 1524 554
f 559 1525 558
f 78 1426 1525
f 1525 1426 75
f 558 1525 556
f 560 1526 1425
f 77 558 1526
f 1526 558 74
f 1425 1526 557
f 562 1527 561
f 81 1424 1527
f 1527 1424 78
f 561 1527 559
f 563 1528 1423
f 80 561 1528
f 1528 561 77
f 1423 1528 560
f 565 1529 564
f 84 1422 1529
f 1529 1422 81
f 564 1529 562
f 566 1530 1421
f 83 564 1530
f 1530 564 80
f 1421 1530 563
f 568 1531 567
f 87 1420 1531
f 1531 1420 84
f 567 1531 565
f 569 1532 1419
f 86 567 1532
f 1532 567 83
f 1419 1532 566
f 571 1533 570
f 90 1418 1533
f 1533 1418 87
f 570 1533 568
f 572 1534 1417
f 89 570 1534
f 1534 570 86
f 1417 1534 569
f 574 1535 573
f 93 1319 1535
f 1535 1319 90
f 573 1535 571
f 575 1536 579
f 92 573 1536
f 1536 573 89
f 579 1536 572
f 1321 1537 576
f 450 1318 1537
f 1537 1318 93
f 576 1537 574
f 580 1538 578
f 2 576 1538
f 1538 576 92
f 578 1538 575
f 577 1539 675
f 94 579 1539
f 1539 579 91
f 675 1539 673
f 581 1540 585
f 96 578 1540
f 1540 578 94
f 585 1540 577
f 586 1541 584
f 4 582 1541
f 1541 582 96
f 584 1541 581
f 583 1542 681
f 97 585 1542
f 1542 585 95
f 681 1542 679
f 587 1543 1316
f 99 584 1543
f 1543 584 97
f 1316 1543 583
f 589 1544 588
f 7 1473 1544
f 1544 1473 4
f 588 1544 586
f 590 1545 1315
f 101 588 1545
f 1545 588 99
f 1315 1545 587
f 592 1546 591
f 10 1471 1546
f 1546 1471 7
f 591 1546 589
f 593 1547 1314
f 103 591 1547
f 1547 591 101
f 1314 1547 590
f 595 1548 594
f 13 1469 1548
f 1548 1469 10
f 594 1548 592
f 596 1549 1313
f 105 594 1549
f 1549 594 103
f 1313 1549 593
f 598 1550 597
f 16 1467 1550
f 1550 1467 13
f 597 1550 595
f 599 1551 1312
f 107 597 1551
f 1551 597 105
f 1312 1551 596
f 601 1552 600
f 19 1465 1552
f 1552 1465 16
f 600 1552 598
f 602 1553 1311
f 109 600 1553
f 1553 600 107
f 1311 1553 599
f 604 1554 603
f 22 1463 1554
f 1554 1463 19
f 603 1554 601
f 605 1555 1310
f 111 603 1555
f 1555 603 109
f 1310 1555 602
f 607 1556 606
f 25 1461 1556
f 1556 1461 22
f 606 1556 604
f 608 1557 1309
f 113 606 1557
f 1557 606 111
f 1309 1557 605
f 610 1558 609
f 28 1459 1558
f 1558 1459 25
f 609 1558 607
f 611 1559 1308
f 115 609 1559
f 1559 609 113
f 1308 1559 608
f 613 1560 612
f 31 1457 1560
f 1560 1457 28
f 612 1560 610
f 614 1561 1307
f 117 612 1561
f 1561 612 115
f 1307 1561 611
f 616 1562 615
f 34 1455 1562
f 1562 1455 31
f 615 1562 613
f 617 1563 1306
f 119 615 1563
f 1563 615 117
f 1306 1563 614
f 619 1564 618
f 37 1453 1564
f 1564 1453 34
f 618 1564 616
f 620 1565 1305
f 121 618 1565
f 1565 618 119
f 1305 1565 617
f 622 1566 621
f 40 1451 1566
f 1566 1451 37
f 621 1566 619
f 623 1567 1304
f 123 621 1567
f 1567 621 121
f 1304 1567 620
f 625 1568 624
f 43 1449 1568
f 1568 1449 40
f 624 1568 622
f 626 1569 1303
f 125 624 1569
f 1569 624 123
f 1303 1569 623
f 628 1570 627
f 46 1447 1570
f 1570 1447 43
f 627 1570 625
f 629 1571 1302
f 127 627 1571
f 1571 627 125
f 1302 1571 626
f 631 1572 630
f 49 1445 1572
f 1572 1445 46
f 630 1572 628
f 632 1573 1301
f 129 630 1573
f 1573 630 127
f 1301 1573 629
f 634 1574 633
f 52 1443 1574
f 1574 1443 49
f 633 1574 631
f 635 1575 1300
f 131 633 1575
f 1575 633 129
f 1300 1575 632
f 637 1576 636
f 55 1441 1576
f 1576 1441 52
f 636 1576 634
f 638 1577 1299
f 133 636 1577
f 1577 636 131
f 1299 1577 635
f 640 1578 639
f 58 1439 1578
f 1578 1439 55
f 639 1578 637
f 641 1579 1298
f 135 639 1579
f 1579 639 133
f 1298 1579 638
f 643 1580 642
f 61 1437 1580
f 1580 1437 58
f 642 1580 640
f 644 1581 1297
f 137 642 1581
f 1581 642 135
f 1297 1581 641
f 646 1582 645
f 64 1435 1582
f 1582 1435 61
f 645 1582 643
f 647 1583 1296
f 139 645 1583
f 1583 645 137
f 1296 1583 644
f 649 1584 648
f 67 1433 1584
f 1584 1433 64
f 648 1584 646
f 650 1585 1295
f 141 648 1585
f 1585 648 139
f 1295 1585 647
f 652 1586 651
f 70 1431 1586
f 1586 1431 67
f 651 1586 649
f 653 1587 1294
f 143 651 1587
f 1587 651 141
f 1294 1587 650
f 655 1588 654
f 73 1429 1588
f 1588 1429 70
f 654 1588 652
f 656 1589 1293
f 145 654 1589
f 1589 654 143
f 1293 1589 653
f 658 1590 657
f 76 1427 1590
f 1590 1427 73
f 657 1590 655
f 659 1591 1292
f 147 657 1591
f 1591 657 145
f 1292 1591 656
f 661 1592 660
f 79 1425 1592
f 1592 1425 76
f 660 1592 658
f 662 1593 1291
f 149 660 1593
f 1593 660 147
f 1291 1593 659
f 664 1594 663
f 82 1423 1594
f 1594 1423 79
f 663 1594 661
f 665 1595 1290
f 151 663 1595
f 1595 663 149
f 1290 1595 662
f 667 1596 666
f 85 1421 1596
f 1596 1421 82
f 666 1596 664
f 668 1597 1289
f 153 666 1597
f 1597 666 151
f 1289 1597 665
f 670 1598 669
f 88 1419 1598
f 1598 1419 85
f 669 1598 667
f 671 1599 1288
f 155 669 1599
f 1599 669 153
f 1288 1599 668
f 673 1600 672
f 91 1417 1600
f 1600 1417 88
f 672 1600 670
f 674 1601 678
f 157 672 1601
f 1601 672 155
f 678 1601 671
f 679 1602 677
f 95 675 1602
f 1602 675 157
f 677 1602 674
f 676 1603 774
f 158 678 1603
f 1603 678 156
f 774 1603 772
f 680 1604 684
f 160 677 1604
f 1604 677 158
f 684 1604 676
f 685 1605 683
f 98 681 1605
f 1605 681 160
f 683 1605 680
f 162 682 1606
f 161 684 1606
f 1606 684 159
f 780 1606 778
f 686 1607 1287
f 163 683 1607
f 1607 683 161
f 1287 1607 682
f 689 1608 687
f 100 1316 1608
f 1608 1316 98
f 687 1608 685
f 166 688 1609
f 165 687 1609
f 1609 687 163
f 1609 686 164
f 692 1610 1285
f 167 690 1610
f 1610 690 165
f 1285 1610 688
f 691 1611 690
f 102 1315 1611
f 1611 1315 100
f 690 1611 689
f 694 1612 693
f 104 1314 1612
f 1612 1314 102
f 693 1612 691
f 695 1613 1284
f 169 693 1613
f 1613 693 167
f 1284 1613 692
f 697 1614 696
f 106 1313 1614
f 1614 1313 104
f 696 1614 694
f 698 1615 1283
f 171 696 1615
f 1615 696 169
f 1283 1615 695
f 700 1616 699
f 108 1312 1616
f 1616 1312 106
f 699 1616 697
f 174 701 1617
f 173 699 1617
f 1617 699 171
f 1282 1617 698
f 703 1618 702
f 110 1311 1618
f 1618 1311 108
f 702 1618 700
f 704 1619 1281
f 175 702 1619
f 1619 702 173
f 1281 1619 701
f 706 1620 705
f 112 1310 1620
f 1620 1310 110
f 705 1620 703
f 707 1621 1280
f 177 705 1621
f 1621 705 175
f 1280 1621 704
f 709 1622 708
f 114 1309 1622
f 1622 1309 112
f 708 1622 706
f 180 710 1623
f 179 708 1623
f 1623 708 177
f 1279 1623 707
f 712 1624 711
f 116 1308 1624
f 1624 1308 114
f 711 1624 709
f 713 1625 1278
f 181 711 1625
f 1625 711 179
f 1278 1625 710
f 715 1626 714
f 118 1307 1626
f 1626 1307 116
f 714 1626 712
f 716 1627 1277
f 183 714 1627
f 1627 714 181
f 1277 1627 713
f 718 1628 717
f 120 1306 1628
f 1628 1306 118
f 717 1628 715
f 719 1629 1276
f 185 717 1629
f 1629 717 183
f 1276 1629 716
f 721 1630 720
f 122 1305 1630
f 1630 1305 120
f 720 1630 718
f 188 722 1631
f 187 720 1631
f 1631 720 185
f 1275 1631 719
f 724 1632 723
f 124 1304 1632
f 1632 1304 122
f 723 1632 721
f 725 1633 1274
f 189 723 1633
f 1633 723 187
f 1633 722 188
f 727 1634 726
f 126 1303 1634
f 1634 1303 124
f 726 1634 724
f 192 728 1635
f 191 726 1635
f 1635 726 189
f 1635 725 190
f 730 1636 729
f 128 1302 1636
f 1636 1302 126
f 729 1636 727
f 194 731 1637
f 193 729 1637
f 1637 729 191
f 1272 1637 728
f 733 1638 732
f 130 1301 1638
f 1638 1301 128
f 732 1638 730
f 734 1639 1271
f 734 195 732
f 1639 732 193
f 1271 1639 731
f 736 1640 735
f 132 1300 1640
f 1640 1300 130
f 735 1640 733
f 737 1641 1270
f 197 735 1641
f 1641 735 195
f 1270 1641 734
f 739 1642 738
f 134 1299 1642
f 1642 1299 132
f 738 1642 736
f 740 1643 1269
f 199 738 1643
f 1643 738 197
f 1269 1643 737
f 742 1644 741
f 136 1298 1644
f 1644 1298 134
f 741 1644 739
f 202 743 1645
f 201 741 1645
f 1645 741 199
f 1268 1645 740
f 745 1646 744
f 138 1297 1646
f 1646 1297 136
f 744 1646 742
f 746 1647 1267
f 203 744 1647
f 1647 744 201
f 1647 743 202
f 748 1648 747
f 140 1296 1648
f 1648 1296 138
f 747 1648 745
f 749 1649 1266
f 205 747 1649
f 1649 747 203
f 1266 1649 746
f 751 1650 750
f 142 1295 1650
f 1650 1295 140
f 750 1650 748
f 752 1651 1265
f 207 750 1651
f 1651 750 205
f 1265 1651 749
f 754 1652 753
f 144 1294 1652
f 1652 1294 142
f 753 1652 751
f 755 1653 1264
f 209 753 1653
f 1653 753 207
f 1264 1653 752
f 757 1654 756
f 146 1293 1654
f 1654 1293 144
f 756 1654 754
f 758 1655 1263
f 211 756 1655
f 1655 756 209
f 1263 1655 755
f 760 1656 759
f 148 1292 1656
f 1656 1292 146
f 759 1656 757
f 761 1657 1262
f 213 759 1657
f 1657 759 211
f 1262 1657 758
f 763 1658 762
f 150 1291 1658
f 1658 1291 148
f 762 1658 760
f 764 1659 1261
f 215 762 1659
f 1659 762 213
f 1261 1659 761
f 766 1660 765
f 152 1290 1660
f 1660 1290 150
f 765 1660 763
f 767 1661 1260
f 217 765 1661
f 1661 765 215
f 1260 1661 764
f 769 1662 768
f 154 1289 1662
f 1662 1289 152
f 768 1662 766
f 770 1663 1259
f 219 768 1663
f 1663 768 217
f 1259 1663 767
f 772 1664 771
f 156 1288 1664
f 1664 1288 154
f 771 1664 769
f 773 1665 777
f 221 771 1665
f 1665 771 219
f 777 1665 770
f 224 778 1666
f 159 774 1666
f 1666 774 221
f 1666 773 222
f 223 775 1667
f 775 222 777
f 777 220 871
f 1667 871 285
f 225 779 1668
f 779 224 776
f 1668 776 222
f 1668 775 223
f 227 784 1669
f 784 162 780
f 780 224 779
f 1669 779 225
f 226 781 1670
f 781 225 783
f 783 223 877
f 1670 877 288
f 228 785 1671
f 785 227 782
f 782 225 781
f 1671 781 226
f 229 787 1672
f 164 1287 1672
f 1287 162 784
f 1672 784 227
f 230 788 1673
f 788 229 786
f 786 227 785
f 1673 785 228
f 231 790 1674
f 790 166 1286
f 1286 164 787
f 1674 787 229
f 232 791 1675
f 791 231 789
f 789 229 788
f 1675 788 230
f 233 793 1676
f 793 168 1285
f 1285 166 790
f 1676 790 231
f 234 794 1677
f 794 233 792
f 792 231 791
f 1677 791 232
f 235 796 1678
f 796 170 1284
f 1284 168 793
f 1678 793 233
f 236 797 1679
f 797 235 795
f 795 233 794
f 1679 794 234
f 237 799 1680
f 799 172 1283
f 1283 170 796
f 1680 796 235
f 238 800 1681
f 800 237 798
f 798 235 797
f 1681 797 236
f 239 802 1682
f 802 174 1282
f 1282 172 799
f 1682 799 237
f 240 803 1683
f 803 239 801
f 801 237 800
f 1683 800 238
f 241 805 1684
f 176 1281 1684
f 1684 1281 174
f 1684 802 239
f 242 806 1685
f 806 241 804
f 804 239 803
f 1685 803 240
f 243 808 1686
f 178 1280 1686
f 1686 1280 176
f 1686 805 241
f 244 809 1687
f 809 243 807
f 807 241 806
f 1687 806 242
f 245 811 1688
f 180 1279 1688
f 1279 178 808
f 810 1688 808
f 246 812 1689
f 812 245 810
f 810 243 809
f 1689 809 244
f 247 814 1690
f 814 182 1278
f 1278 180 811
f 1690 811 245
f 248 815 1691
f 815 247 813
f 813 245 812
f 1691 812 246
f 249 817 1692
f 817 184 1277
f 1277 182 814
f 1692 814 247
f 250 818 1693
f 818 249 816
f 816 247 815
f 1693 815 248
f 251 820 1694
f 186 1276 1694
f 1276 184 817
f 1694 817 249
f 252 821 1695
f 821 251 819
f 819 249 818
f 1695 818 250
f 253 823 1696
f 823 188 1275
f 1275 186 820
f 1696 820 251
f 254 824 1697
f 824 253 822
f 822 251 821
f 1697 821 252
f 255 826 1698
f 826 190 1274
f 1274 188 823
f 1698 823 253
f 256 827 1699
f 827 255 825
f 825 253 824
f 1699 824 254
f 257 829 1700
f 192 1273 1700
f 1273 190 826
f 1700 826 255
f 258 830 1701
f 830 257 828
f 828 255 827
f 1701 827 256
f 259 832 1702
f 832 194 1272
f 1702 1272 192
f 1702 829 257
f 260 833 1703
f 833 259 831
f 831 257 830
f 1703 830 258
f 261 835 1704
f 196 1271 1704
f 1271 194 832
f 1704 832 259
f 262 836 1705
f 836 261 834
f 834 259 833
f 1705 833 260
f 838 1706 837
f 838 198 1270
f 1270 196 835
f 1706 835 261
f 264 839 1707
f 839 263 837
f 837 261 836
f 1707 836 262
f 265 841 1708
f 841 200 1269
f 1269 198 838
f 1708 838 263
f 266 842 1709
f 842 265 840
f 840 263 839
f 1709 839 264
f 267 844 1710
f 844 202 1268
f 1268 200 841
f 1710 841 265
f 268 845 1711
f 845 267 843
f 843 265 842
f 1711 842 266
f 269 847 1712
f 847 204 1267
f 1267 202 844
f 1712 844 267
f 270 848 1713
f 848 269 846
f 846 267 845
f 1713 845 268
f 271 850 1714
f 206 1266 1714
f 1714 1266 204
f 1714 847 269
f 272 851 1715
f 851 271 849
f 849 269 848
f 1715 848 270
f 273 853 1716
f 853 208 1265
f 1265 206 850
f 1716 850 271
f 274 854 1717
f 854 273 852
f 852 271 851
f 1717 851 272
f 275 856 1718
f 856 210 1264
f 1264 208 853
f 1718 853 273
f 276 857 1719
f 857 275 855
f 855 273 854
f 1719 854 274
f 277 859 1720
f 859 212 1263
f 1720 1263 210
f 1720 856 275
f 278 860 1721
f 860 277 858
f 858 275 857
f 1721 857 276
f 279 862 1722
f 862 214 1262
f 1722 1262 212
f 1722 859 277
f 280 863 1723
f 863 279 861
f 861 277 860
f 1723 860 278
f 281 865 1724
f 865 216 1261
f 1724 1261 214
f 1724 862 279
f 282 866 1725
f 866 281 864
f 864 279 863
f 1725 863 280
f 283 868 1726
f 868 218 1260
f 1260 216 865
f 1726 865 281
f 284 869 1727
f 869 283 867
f 867 281 866
f 1727 866 282
f 285 871 1728
f 220 1259 1728
f 1259 218 868
f 1728 868 283
f 286 872 1729
f 872 285 870
f 870 283 869
f 1729 869 284
f 288 877 1730
f 877 223 873
f 873 285 872
f 1730 872 286
f 287 874 1731
f 874 286 876
f 876 284 970
f 1731 970 349
f 289 878 1732
f 878 288 875
f 875 286 874
f 1732 874 287
f 291 883 1733
f 883 226 879
f 879 288 878
f 1733 878 289
f 290 880 1734
f 880 289 882
f 882 287 976
f 1734 976 352
f 292 884 1735
f 884 291 881
f 881 289 880
f 1735 880 290
f 293 886 1736
f 886 228 1258
f 1258 226 883
f 1736 883 291
f 294 887 1737
f 887 293 885
f 885 291 884
f 1737 884 292
f 295 889 1738
f 889 230 1257
f 1257 228 886
f 1738 886 293
f 296 890 1739
f 890 295 888
f 888 293 887
f 1739 887 294
f 297 892 1740
f 892 232 1256
f 1256 230 889
f 1740 889 295
f 298 893 1741
f 893 297 891
f 891 295 890
f 1741 890 296
f 299 895 1742
f 895 234 1255
f 1255 232 892
f 1742 892 297
f 300 896 1743
f 896 299 894
f 894 297 893
f 1743 893 298
f 301 898 1744
f 898 236 1254
f 1254 234 895
f 1744 895 299
f 302 899 1745
f 899 301 897
f 897 299 896
f 1745 896 300
f 303 901 1746
f 901 238 1253
f 1253 236 898
f 1746 898 301
f 304 902 1747
f 902 303 900
f 900 301 899
f 1747 899 302
f 305 904 1748
f 904 240 1252
f 1252 238 901
f 1748 901 303
f 306 905 1749
f 905 305 903
f 903 303 902
f 1749 902 304
f 307 907 1750
f 907 242 1251
f 1251 240 904
f 1750 904 305
f 308 908 1751
f 908 307 906
f 906 305 905
f 1751 905 306
f 309 910 1752
f 910 244 1250
f 1250 242 907
f 1752 907 307
f 310 911 1753
f 911 309 909
f 909 307 908
f 1753 908 308
f 311 913 1754
f 913 246 1249
f 1249 244 910
f 1754 910 309
f 312 914 1755
f 914 311 912
f 912 309 911
f 1755 911 310
f 313 916 1756
f 916 248 1248
f 1248 246 913
f 1756 913 311
f 314 917 1757
f 917 313 915
f 915 311 914
f 1757 914 312
f 315 919 1758
f 919 250 1247
f 1247 248 916
f 1758 916 313
f 316 920 1759
f 920 315 918
f 918 313 917
f 1759 917 314
f 317 922 1760
f 922 252 1246
f 1246 250 919
f 1760 919 315
f 318 923 1761
f 923 317 921
f 921 315 920
f 1761 920 316
f 319 925 1762
f 925 254 1245
f 1245 252 922
f 1762 922 317
f 320 926 1763
f 926 319 924
f 924 317 923
f 1763 923 318
f 321 928 1764
f 928 256 1244
f 1244 254 925
f 1764 925 319
f 322 929 1765
f 929 321 927
f 927 319 926
f 1765 926 320
f 323 931 1766
f 931 258 1243
f 1243 256 928
f 1766 928 321
f 324 932 1767
f 932 323 930
f 930 321 929
f 1767 929 322
f 325 934 1768
f 934 260 1242
f 1242 258 931
f 1768 931 323
f 326 935 1769
f 935 325 933
f 933 323 932
f 1769 932 324
f 327 937 1770
f 937 262 1241
f 1241 260 934
f 1770 934 325
f 328 938 1771
f 938 327 936
f 936 325 935
f 1771 935 326
f 329 940 1772
f 940 264 1240
f 1240 262 937
f 1772 937 327
f 330 941 1773
f 941 329 939
f 939 327 938
f 1773 938 328
f 331 943 1774
f 943 266 1239
f 1239 264 940
f 1774 940 329
f 332 944 1775
f 944 331 942
f 942 329 941
f 1775 941 330
f 333 946 1776
f 946 268 1238
f 1238 266 943
f 1776 943 331
f 334 947 1777
f 947 333 945
f 945 331 944
f 1777 944 332
f 335 949 1778
f 949 270 1237
f 1237 268 946
f 1778 946 333
f 336 950 1779
f 950 335 948
f 948 333 947
f 1779 947 334
f 337 952 1780
f 952 272 1236
f 1236 270 949
f 1780 949 335
f 338 953 1781
f 953 337 951
f 951 335 950
f 1781 950 336
f 339 955 1782
f 955 274 1235
f 1235 272 952
f 1782 952 337
f 340 956 1783
f 956 339 954
f 954 337 953
f 1783 953 338
f 341 958 1784
f 958 276 1234
f 1234 274 955
f 1784 955 339
f 342 959 1785
f 959 341 957
f 957 339 956
f 1785 956 340
f 343 961 1786
f 961 278 1233
f 1233 276 958
f 1786 958 341
f 344 962 1787
f 962 343 960
f 960 341 959
f 1787 959 342
f 345 964 1788
f 964 280 1232
f 1232 278 961
f 1788 961 343
f 346 965 1789
f 965 345 963
f 963 343 962
f 1789 962 344
f 347 967 1790
f 967 282 1231
f 1231 280 964
f 1790 964 345
f 348 968 1791
f 968 347 966
f 966 345 965
f 1791 965 346
f 349 970 1792
f 970 284 1230
f 1230 282 967
f 1792 967 347
f 350 971 1793
f 971 349 969
f 969 347 968
f 1793 968 348
f 352 976 1794
f 976 287 972
f 972 349 971
f 1794 971 350
f 351 973 1795
f 973 350 975
f 975 348 1069
f 1795 1069 413
f 353 977 1796
f 977 352 974
f 974 350 973
f 1796 973 351
f 355 982 1797
f 982 290 978
f 978 352 977
f 1797 977 353
f 354 979 1798
f 979 353 981
f 981 351 1075
f 1798 1075 416
f 356 983 1799
f 983 355 980
f 980 353 979
f 1799 979 354
f 357 985 1800
f 985 292 1229
f 1229 290 982
f 1800 982 355
f 358 986 1801
f 986 357 984
f 984 355 983
f 1801 983 356
f 359 988 1802
f 988 294 1228
f 1228 292 985
f 1802 985 357
f 360 989 1803
f 989 359 987
f 987 357 986
f 1803 986 358
f 361 991 1804
f 991 296 1227
f 1227 294 988
f 1804 988 359
f 362 992 1805
f 992 361 990
f 990 359 989
f 1805 989 360
f 363 994 1806
f 994 298 1226
f 1226 296 991
f 1806 991 361
f 364 995 1807
f 995 363 993
f 993 361 992
f 1807 992 362
f 365 997 1808
f 997 300 1225
f 1225 298 994
f 1808 994 363
f 366 998 1809
f 998 365 996
f 996 363 995
f 1809 995 364
f 367 1000 1810
f 1000 302 1224
f 1224 300 997
f 1810 997 365
f 368 1001 1811
f 1001 367 999
f 999 365 998
f 1811 998 366
f 369 1003 1812
f 1003 304 1223
f 1223 302 1000
f 1812 1000 367
f 370 1004 1813
f 1004 369 1002
f 1002 367 1001
f 1813 1001 368
f 371 1006 1814
f 1006 306 1222
f 1222 304 1003
f 1814 1003 369
f 372 1007 1815
f 1007 371 1005
f 1005 369 1004
f 1815 1004 370
f 373 1009 1816
f 1009 308 1221
f 1221 306 1006
f 1816 1006 371
f 374 1010 1817
f 1010 373 1008
f 1008 371 1007
f 1817 1007 372
f 375 1012 1818
f 1012 310 1220
f 1220 308 1009
f 1818 1009 373
f 376 1013 1819
f 1013 375 1011
f 1011 373 1010
f 1819 1010 374
f 377 1015 1820
f 1015 312 1219
f 1219 310 1012
f 1820 1012 375
f 378 1016 1821
f 1016 377 1014
f 1014 375 1013
f 1821 1013 376
f 379 1018 1822
f 1018 314 1218
f 1218 312 1015
f 1822 1015 377
f 380 1019 1823
f 1019 379 1017
f 1017 377 1016
f 1823 1016 378
f 381 1021 1824
f 1021 316 1217
f 1217 314 1018
f 1824 1018 379
f 382 1022 1825
f 1022 381 1020
f 1020 379 1019
f 1825 1019 380
f 383 1024 1826
f 1024 318 1216
f 1216 316 1021
f 1826 1021 381
f 384 1025 1827
f 1025 383 1023
f 1023 381 1022
f 1827 1022 382
f 385 1027 1828
f 1027 320 1215
f 1215 318 1024
f 1828 1024 383
f 386 1028 1829
f 1028 385 1026
f 1026 383 1025
f 1829 1025 384
f 387 1030 1830
f 1030 322 1214
f 1214 320 1027
f 1830 1027 385
f 388 1031 1831
f 1031 387 1029
f 1029 385 1028
f 1831 1028 386
f 389 1033 1832
f 1033 324 1213
f 1213 322 1030
f 1832 1030 387
f 390 1034 1833
f 1034 389 1032
f 1032 387 1031
f 1833 1031 388
f 391 1036 1834
f 1036 326 1212
f 1212 324 1033
f 1834 1033 389
f 392 1037 1835
f 1037 391 1035
f 1035 389 1034
f 1835 1034 390
f 393 1039 1836
f 1039 328 1211
f 1211 326 1036
f 1836 1036 391
f 394 1040 1837
f 1040 393 1038
f 1038 391 1037
f 1837 1037 392
f 395 1042 1838
f 1042 330 1210
f 1210 328 1039
f 1838 1039 393
f 396 1043 1839
f 1043 395 1041
f 1041 393 1040
f 1839 1040 394
f 397 1045 1840
f 1045 332 1209
f 1209 330 1042
f 1840 1042 395
f 398 1046 1841
f 1046 397 1044
f 1044 395 1043
f 1841 1043 396
f 399 1048 1842
f 1048 334 1208
f 1208 332 1045
f 1842 1045 397
f 400 1049 1843
f 1049 399 1047
f 1047 397 1046
f 1843 1046 398
f 401 1051 1844
f 1051 336 1207
f 1207 334 1048
f 1844 1048 399
f 402 1052 1845
f 1052 401 1050
f 1050 399 1049
f 1845 1049 400
f 403 1054 1846
f 1054 338 1206
f 1206 336 1051
f 1846 1051 401
f 404 1055 1847
f 1055 403 1053
f 1053 401 1052
f 1847 1052 402
f 405 1057 1848
f 1057 340 1205
f 1205 338 1054
f 1848 1054 403
f 406 1058 1849
f 1058 405 1056
f 1056 403 1055
f 1849 1055 404
f 407 1060 1850
f 1060 342 1204
f 1204 340 1057
f 1850 1057 405
f 408 1061 1851
f 1061 407 1059
f 1059 405 1058
f 1851 1058 406
f 409 1063 1852
f 1063 344 1203
f 1203 342 1060
f 1852 1060 407
f 410 1064 1853
f 1064 409 1062
f 1062 407 1061
f 1853 1061 408
f 411 1066 1854
f 1066 346 1202
f 1202 344 1063
f 1854 1063 409
f 412 1067 1855
f 1067 411 1065
f 1065 409 1064
f 1855 1064 410
f 413 1069 1856
f 1069 348 1201
f 1201 346 1066
f 1856 1066 411
f 414 1070 1857
f 1070 413 1068
f 1068 411 1067
f 1857 1067 412
f 416 1075 1858
f 1075 351 1071
f 1071 413 1070
f 1858 1070 414
f 1072 1859 1159
f 414 1074 1859
f 1859 1074 412
f 1159 1859 1158
f 1076 1860 1079
f 416 1073 1860
f 1860 1073 414
f 1079 1860 1072
f 1171 1861 1078
f 354 1077 1861
f 1861 1077 416
f 1078 1861 1076
f 1087 1862 1080
f 418 1078 1862
f 417 1080 1862
f 1080 1863 1088
f 417 1079 1863
f 415 1088 1863
f 1081 1864 1101
f 420 1134 1864
f 438 1101 1864
f 1100 1865 1081
f 437 1137 1865
f 420 1081 1865
f 1111 1866 1082
f 448 1114 1866
f 421 1082 1866
f 1082 1867 1083
f 421 1168 1867
f 422 1083 1867
f 1083 1868 1084
f 422 1166 1868
f 423 1084 1868
f 1084 1869 1085
f 423 1164 1869
f 424 1085 1869
f 1085 1870 1086
f 424 1161 1870
f 425 1086 1870
f 1086 1871 1087
f 425 1162 1871
f 418 1087 1871
f 1088 1872 1089
f 415 1159 1872
f 426 1089 1872
f 1089 1873 1090
f 426 1157 1873
f 427 1090 1873
f 1090 1874 1091
f 427 1155 1874
f 428 1091 1874
f 1091 1875 1092
f 428 1153 1875
f 429 1092 1875
f 1092 1876 1093
f 429 1151 1876
f 430 1093 1876
f 1093 1877 1094
f 430 1149 1877
f 431 1094 1877
f 1094 1878 1095
f 431 1147 1878
f 432 1095 1878
f 1095 1879 1096
f 432 1145 1879
f 433 1096 1879
f 1096 1880 1097
f 433 1143 1880
f 434 1097 1880
f 1097 1881 1098
f 434 1141 1881
f 435 1098 1881
f 1098 1882 1099
f 435 1139 1882
f 436 1099 1882
f 1099 1883 1100
f 436 1136 1883
f 437 1100 1883
f 1101 1884 1102
f 438 1132 1884
f 439 1102 1884
f 1102 1885 1103
f 439 1130 1885
f 440 1103 1885
f 1103 1886 1104
f 440 1128 1886
f 441 1104 1886
f 1104 1887 1105
f 441 1126 1887
f 442 1105 1887
f 1105 1888 1106
f 442 1124 1888
f 443 1106 1888
f 1106 1889 1107
f 443 1122 1889
f 444 1107 1889
f 1107 1890 1108
f 444 1120 1890
f 445 1108 1890
f 1108 1891 1109
f 445 1118 1891
f 446 1109 1891
f 1109 1892 1110
f 446 1116 1892
f 447 1110 1892
f 1110 1893 1111
f 447 1113 1893
f 448 1111 1893
f 1112 1894 1114
f 366 1195 1894
f 1894 1195 364
f 1114 1894 1169
f 1115 1895 1113
f 368 1194 1895
f 1895 1194 366
f 1113 1895 1112
f 1117 1896 1116
f 370 1193 1896
f 1896 1193 368
f 1116 1896 1115
f 1119 1897 1118
f 372 1192 1897
f 1897 1192 370
f 1118 1897 1117
f 1121 1898 1120
f 374 1191 1898
f 1898 1191 372
f 1120 1898 1119
f 1123 1899 1122
f 376 1190 1899
f 1899 1190 374
f 1122 1899 1121
f 1125 1900 1124
f 378 1189 1900
f 1900 1189 376
f 1124 1900 1123
f 1127 1901 1126
f 380 1188 1901
f 1901 1188 378
f 1126 1901 1125
f 1129 1902 1128
f 382 1187 1902
f 1902 1187 380
f 1128 1902 1127
f 1131 1903 1130
f 384 1186 1903
f 1903 1186 382
f 1130 1903 1129
f 1133 1904 1132
f 386 1185 1904
f 1904 1185 384
f 1132 1904 1131
f 1170 1905 1134
f 388 1184 1905
f 1905 1184 386
f 1134 1905 1133
f 1135 1906 1137
f 390 1183 1906
f 1906 1183 388
f 1137 1906 1170
f 1138 1907 1136
f 392 1182 1907
f 1907 1182 390
f 1136 1907 1135
f 1140 1908 1139
f 394 1181 1908
f 1908 1181 392
f 1139 1908 1138
f 1142 1909 1141
f 396 1180 1909
f 1909 1180 394
f 1141 1909 1140
f 1144 1910 1143
f 398 1179 1910
f 1910 1179 396
f 1143 1910 1142
f 1146 1911 1145
f 400 1178 1911
f 1911 1178 398
f 1145 1911 1144
f 1148 1912 1147
f 402 1177 1912
f 1912 1177 400
f 1147 1912 1146
f 1150 1913 1149
f 404 1176 1913
f 1913 1176 402
f 1149 1913 1148
f 1152 1914 1151
f 406 1175 1914
f 1914 1175 404
f 1151 1914 1150
f 1154 1915 1153
f 408 1174 1915
f 1915 1174 406
f 1153 1915 1152
f 1156 1916 1155
f 410 1173 1916
f 1916 1173 408
f 1155 1916 1154
f 1158 1917 1157
f 412 1172 1917
f 1917 1172 410
f 1157 1917 1156
f 1160 1918 1162
f 356 1200 1918
f 1918 1200 354
f 1162 1918 1171
f 1163 1919 1161
f 358 1199 1919
f 1919 1199 356
f 1161 1919 1160
f 1165 1920 1164
f 360 1198 1920
f 1920 1198 358
f 1164 1920 1163
f 1167 1921 1166
f 362 1197 1921
f 1921 1197 360
f 1166 1921 1165
f 1169 1922 1168
f 364 1196 1922
f 1922 1196 362
f 1168 1922 1167
usemtl White
f 93 1923 1319
f 1317 1414 1923
f 1414 1413 1923
f 1923 90 1319
f 450 1924 1318
f 1320 1323 1924
f 1323 1317 1924
f 1924 93 1318
f 3 1925 1322
f 1326 1325 1925
f 1325 1320 1925
f 1925 450 1322
f 451 1926 1323
f 1416 1324 452
f 449 1926 1416
f 453 1927 1325
f 1324 1328 452
f 451 1927 1324
f 6 1928 1474
f 1329 1327 1928
f 1327 1326 1928
f 1928 3 1474
f 454 1929 1327
f 1328 1331 452
f 453 1929 1328
f 9 1930 1472
f 1332 1330 1930
f 1330 1329 1930
f 1930 6 1472
f 455 1931 1330
f 1331 1334 452
f 454 1931 1331
f 12 1932 1470
f 1335 1333 1932
f 1333 1332 1932
f 1932 9 1470
f 456 1933 1333
f 1334 1337 452
f 455 1933 1334
f 15 1934 1468
f 1338 1336 1934
f 1336 1335 1934
f 1934 12 1468
f 457 1935 1336
f 1337 1340 452
f 456 1935 1337
f 18 1936 1466
f 1341 1339 1936
f 1339 1338 1936
f 1936 15 1466
f 458 1937 1339
f 1340 1343 452
f 457 1937 1340
f 21 1938 1464
f 1344 1342 1938
f 1342 1341 1938
f 1938 18 1464
f 459 1939 1342
f 1343 1346 452
f 458 1939 1343
f 24 1940 1462
f 1347 1345 1940
f 1345 1344 1940
f 1940 21 1462
f 460 1941 1345
f 1346 1349 452
f 459 1941 1346
f 27 1942 1460
f 1350 1348 1942
f 1348 1347 1942
f 1942 24 1460
f 461 1943 1348
f 1349 1352 452
f 460 1943 1349
f 30 1944 1458
f 1353 1351 1944
f 1351 1350 1944
f 1944 27 1458
f 462 1945 1351
f 1352 1355 452
f 461 1945 1352
f 33 1946 1456
f 1356 1354 1946
f 1354 1353 1946
f 1946 30 1456
f 463 1947 1354
f 1355 1358 452
f 462 1947 1355
f 36 1948 1454
f 1359 1357 1948
f 1357 1356 1948
f 1948 33 1454
f 464 1949 1357
f 1358 1361 452
f 463 1949 1358
f 39 1950 1452
f 1362 1360 1950
f 1360 1359 1950
f 1950 36 1452
f 465 1951 1360
f 1361 1364 452
f 464 1951 1361
f 42 1952 1450
f 1365 1363 1952
f 1363 1362 1952
f 1952 39 1450
f 466 1953 1363
f 1364 1367 452
f 465 1953 1364
f 45 1954 1448
f 1368 1366 1954
f 1366 1365 1954
f 1954 42 1448
f 467 1955 1366
f 1367 1370 452
f 466 1955 1367
f 48 1956 1446
f 1371 1369 1956
f 1369 1368 1956
f 1956 45 1446
f 468 1957 1369
f 1370 1373 452
f 467 1957 1370
f 51 1958 1444
f 1374 1372 1958
f 1372 1371 1958
f 1958 48 1444
f 469 1959 1372
f 1373 1376 452
f 468 1959 1373
f 54 1960 1442
f 1377 1375 1960
f 1375 1374 1960
f 1960 51 1442
f 470 1961 1375
f 1376 1379 452
f 469 1961 1376
f 57 1962 1440
f 1380 1378 1962
f 1378 1377 1962
f 1962 54 1440
f 471 1963 1378
f 1379 1382 452
f 470 1963 1379
f 60 1964 1438
f 1383 1381 1964
f 1381 1380 1964
f 1964 57 1438
f 472 1965 1381
f 1382 1385 452
f 471 1965 1382
f 63 1966 1436
f 1386 1384 1966
f 1384 1383 1966
f 1966 60 1436
f 473 1967 1384
f 1385 1388 452
f 472 1967 1385
f 66 1968 1434
f 1389 1387 1968
f 1387 1386 1968
f 1968 63 1434
f 474 1969 1387
f 1388 1391 452
f 473 1969 1388
f 69 1970 1432
f 1392 1390 1970
f 1390 1389 1970
f 1970 66 1432
f 475 1971 1390
f 1391 1394 452
f 474 1971 1391
f 72 1972 1430
f 1395 1393 1972
f 1393 1392 1972
f 1972 69 1430
f 476 1973 1393
f 1394 1397 452
f 475 1973 1394
f 75 1974 1428
f 1398 1396 1974
f 1396 1395 1974
f 1974 72 1428
f 477 1975 1396
f 1397 1400 452
f 476 1975 1397
f 78 1976 1426
f 1401 1399 1976
f 1399 1398 1976
f 1976 75 1426
f 478 1977 1399
f 1400 1403 452
f 477 1977 1400
f 81 1978 1424
f 1405 1402 1978
f 1402 1401 1978
f 1978 78 1424
f 479 1979 1402
f 1403 1404 452
f 478 1979 1403
f 480 1980 1406
f 1404 1409 452
f 479 1980 1404
f 84 1981 1422
f 1407 1406 1981
f 1406 1405 1981
f 1981 81 1422
f 87 1982 1420
f 1410 1408 1982
f 1408 1407 1982
f 1982 84 1420
f 481 1983 1408
f 1409 1412 452
f 480 1983 1409
f 90 1984 1418
f 1413 1411 1984
f 1411 1410 1984
f 1984 87 1418
f 482 1985 1411
f 1412 1415 452
f 481 1985 1412
f 449 1986 1414
f 1415 1416 452
f 482 1986 1415
f 93 1317 1923
f 1317 449 1414
f 1414 482 1413
f 1923 1413 90
f 450 1320 1924
f 1320 451 1323
f 1323 449 1317
f 1924 1317 93
f 3 1326 1925
f 1326 453 1325
f 1325 451 1320
f 1925 1320 450
f 451 1324 1926
f 1416 1926 1324
f 449 1323 1926
f 453 1328 1927
f 1324 1927 1328
f 451 1325 1927
f 6 1329 1928
f 1329 454 1327
f 1327 453 1326
f 1928 1326 3
f 454 1331 1929
f 1328 1929 1331
f 453 1327 1929
f 9 1332 1930
f 1332 455 1330
f 1330 454 1329
f 1930 1329 6
f 455 1334 1931
f 1331 1931 1334
f 454 1330 1931
f 12 1335 1932
f 1335 456 1333
f 1333 455 1332
f 1932 1332 9
f 456 1337 1933
f 1334 1933 1337
f 455 1333 1933
f 15 1338 1934
f 1338 457 1336
f 1336 456 1335
f 1934 1335 12
f 457 1340 1935
f 1337 1935 1340
f 456 1336 1935
f 18 1341 1936
f 1341 458 1339
f 1339 457 1338
f 1936 1338 15
f 458 1343 1937
f 1340 1937 1343
f 457 1339 1937
f 21 1344 1938
f 1344 459 1342
f 1342 458 1341
f 1938 1341 18
f 459 1346 1939
f 1343 1939 1346
f 458 1342 1939
f 24 1347 1940
f 1347 460 1345
f 1345 459 1344
f 1940 1344 21
f 460 1349 1941
f 1346 1941 1349
f 459 1345 1941
f 27 1350 1942
f 1350 461 1348
f 1348 460 1347
f 1942 1347 24
f 461 1352 1943
f 1349 1943 1352
f 460 1348 1943
f 30 1353 1944
f 1353 462 1351
f 1351 461 1350
f 1944 1350 27
f 462 1355 1945
f 1352 1945 1355
f 461 1351 1945
f 33 1356 1946
f 1356 463 1354
f 1354 462 1353
f 1946 1353 30
f 463 1358 1947
f 1355 1947 1358
f 462 1354 1947
f 36 1359 1948
f 1359 464 1357
f 1357 463 1356
f 1948 1356 33
f 464 1361 1949
f 1358 1949 1361
f 463 1357 1949
f 39 1362 1950
f 1362 465 1360
f 1360 464 1359
f 1950 1359 36
f 465 1364 1951
f 1361 1951 1364
f 464 1360 1951
f 42 1365 1952
f 1365 466 1363
f 1363 465 1362
f 1952 1362 39
f 466 1367 1953
f 1364 1953 1367
f 465 1363 1953
f 45 1368 1954
f 1368 467 1366
f 1366 466 1365
f 1954 1365 42
f 467 1370 1955
f 1367 1955 1370
f 466 1366 1955
f 48 1371 1956
f 1371 468 1369
f 1369 467 1368
f 1956 1368 45
f 468 1373 1957
f 1370 1957 1373
f 467 1369 1957
f 51 1374 1958
f 1374 469 1372
f 1372 468 1371
f 1958 1371 48
f 469 1376 1959
f 1373 1959 1376
f 468 1372 1959
f 54 1377 1960
f 1377 470 1375
f 1375 469 1374
f 1960 1374 51
f 470 1379 1961
f 1376 1961 1379
f 469 1375 1961
f 57 1380 1962
f 1380 471 1378
f 1378 470 1377
f 1962 1377 54
f 471 1382 1963
f 1379 1963 1382
f 470 1378 1963
f 60 1383 1964
f 1383 472 1381
f 1381 471 1380
f 1964 1380 57
f 472 1385 1965
f 1382 1965 1385
f 471 1381 1965
f 63 1386 1966
f 1386 473 1384
f 1384 472 1383
f 1966 1383 60
f 473 1388 1967
f 1385 1967 1388
f 472 1384 1967
f 66 1389 1968
f 1389 474 1387
f 1387 473 1386
f 1968 1386 63
f 474 1391 1969
f 1388 1969 1391
f 473 1387 1969
f 69 1392 1970
f 1392 475 1390
f 1390 474 1389
f 1970 1389 66
f 475 1394 1971
f 1391 1971 1394
f 474 1390 1971
f 72 1395 1972
f 1395 476 1393
f 1393 475 1392
f 1972 1392 69
f 476 1397 1973
f 1394 1973 1397
f 475 1393 1973
f 75 1398 1974
f 1398 477 1396
f 1396 476 1395
f 1974 1395 72
f 477 1400 1975
f 1397 1975 1400
f 476 1396 1975
f 78 1401 1976
f 1401 478 1399
f 1399 477 1398
f 1976 1398 75
f 478 1403 1977
f 1400 1977 1403
f 477 1399 1977
f 81 1405 1978
f 1405 479 1402
f 1402 478 1401
f 1978 1401 78
f 479 1404 1979
f 1403 1979 1404
f 478 1402 1979
f 480 1409 1980
f 1404 1980 1409
f 479 1406 1980
f 84 1407 1981
f 1407 480 1406
f 1406 479 1405
f 1981 1405 81
f 87 1410 1982
f 1410 481 1408
f 1408 480 1407
f 1982 1407 84
f 481 1412 1983
f 1409 1983 1412
f 480 1408 1983
f 90 1413 1984
f 1413 482 1411
f 1411 481 1410
f 1984 1410 87
f 482 1415 1985
f 1412 1985 1415
f 481 1411 1985
f 449 1416 1986
f 1415 1986 1416
f 482 1414 1986
