# Blender 4.4.3
# www.blender.org
mtllib 3_ball.mtl
o Solid.012
v 0.027452 -0.015710 0.819863
v 0.030654 -0.012907 0.819416
v 0.027221 -0.013266 0.827175
v 0.028721 -0.019135 0.813059
v 0.024502 -0.018549 0.821108
v 0.025190 -0.015221 0.828033
v 0.024967 -0.022748 0.814644
v 0.021919 -0.021314 0.823105
v 0.023410 -0.017126 0.829408
v 0.021679 -0.026268 0.817186
v 0.019800 -0.023900 0.825777
v 0.021951 -0.018907 0.831248
v 0.018983 -0.029559 0.820586
v 0.018228 -0.026207 0.829020
v 0.020868 -0.020496 0.833482
v 0.016982 -0.032495 0.824714
v 0.017263 -0.028146 0.832710
v 0.020203 -0.021832 0.836024
v 0.015754 -0.034962 0.829411
v 0.016943 -0.029642 0.836706
v 0.019982 -0.022863 0.838777
v 0.015346 -0.036867 0.834497
v 0.017278 -0.030639 0.840854
v 0.020213 -0.023549 0.841634
v 0.015773 -0.038136 0.839776
v 0.018257 -0.031098 0.844994
v 0.020888 -0.023865 0.844486
v 0.017019 -0.038720 0.845045
v 0.019842 -0.031001 0.848968
v 0.021980 -0.023799 0.847223
v 0.019036 -0.038597 0.850103
v 0.021972 -0.030353 0.852622
v 0.023447 -0.023352 0.849740
v 0.021747 -0.037771 0.854753
v 0.024565 -0.029177 0.855816
v 0.025233 -0.022542 0.851940
v 0.025047 -0.036275 0.858819
v 0.027521 -0.027519 0.858428
v 0.027269 -0.021400 0.853739
v 0.028810 -0.034165 0.862144
v 0.030727 -0.025443 0.860357
v 0.029478 -0.019970 0.855068
v 0.032891 -0.031523 0.864599
v 0.034060 -0.023029 0.861529
v 0.031773 -0.018307 0.855875
v 0.037133 -0.028450 0.866090
v 0.037392 -0.020369 0.861899
v 0.034068 -0.016475 0.856130
v 0.041373 -0.025065 0.866561
v 0.040594 -0.017566 0.861452
v 0.036274 -0.014544 0.855822
v 0.045448 -0.021497 0.865993
v 0.043543 -0.014727 0.860207
v 0.038305 -0.012589 0.854964
v 0.049202 -0.017884 0.864407
v 0.046127 -0.011961 0.858210
v 0.040085 -0.010684 0.853589
v 0.052490 -0.014364 0.861866
v 0.048245 -0.009376 0.855539
v 0.041544 -0.008903 0.851749
v 0.055187 -0.011073 0.858466
v 0.049817 -0.007069 0.852295
v 0.042627 -0.007314 0.849515
v 0.057187 -0.008137 0.854338
v 0.050782 -0.005130 0.848605
v 0.043292 -0.005978 0.846973
v 0.058415 -0.005669 0.849641
v 0.051103 -0.003633 0.844609
v 0.043513 -0.004947 0.844220
v 0.058824 -0.003764 0.844555
v 0.050767 -0.002636 0.840461
v 0.043281 -0.004261 0.841363
v 0.058397 -0.002495 0.839276
v 0.049788 -0.002177 0.836321
v 0.042607 -0.003944 0.838511
v 0.057151 -0.001911 0.834006
v 0.048204 -0.002274 0.832347
v 0.041515 -0.004011 0.835774
v 0.055134 -0.002034 0.828949
v 0.046074 -0.002923 0.828693
v 0.040048 -0.004458 0.833257
v 0.052423 -0.002860 0.824298
v 0.043481 -0.004099 0.825499
v 0.038262 -0.005268 0.831057
v 0.049123 -0.004357 0.820232
v 0.040524 -0.005757 0.822887
v 0.036226 -0.006410 0.829258
v 0.045360 -0.006466 0.816908
v 0.037318 -0.007832 0.820958
v 0.034017 -0.007840 0.827929
v 0.041279 -0.009109 0.814453
v 0.033985 -0.010247 0.819786
v 0.031722 -0.009503 0.827122
v 0.037037 -0.012181 0.812961
v 0.040760 -0.015232 0.806910
v 0.032797 -0.015567 0.812491
v 0.035774 -0.019213 0.806357
v 0.039470 -0.023705 0.801251
v 0.030982 -0.023408 0.807025
v 0.034145 -0.028367 0.801993
v 0.026567 -0.027657 0.808889
v 0.029241 -0.033088 0.804064
v 0.022701 -0.031796 0.811878
v 0.024944 -0.037687 0.807385
v 0.019530 -0.035666 0.815876
v 0.021421 -0.041987 0.811827
v 0.017178 -0.039118 0.820730
v 0.018807 -0.045822 0.817221
v 0.015734 -0.042020 0.826253
v 0.017203 -0.049047 0.823358
v 0.015254 -0.044260 0.832233
v 0.016669 -0.051536 0.830003
v 0.015756 -0.045752 0.838441
v 0.017227 -0.053194 0.836900
v 0.017221 -0.046439 0.844637
v 0.018855 -0.053957 0.843785
v 0.019593 -0.046294 0.850584
v 0.021491 -0.053796 0.850393
v 0.022780 -0.045323 0.856053
v 0.025033 -0.052717 0.856469
v 0.026661 -0.043563 0.860833
v 0.029345 -0.050762 0.861782
v 0.031086 -0.041082 0.864742
v 0.034261 -0.048005 0.866125
v 0.035884 -0.037975 0.867629
v 0.039593 -0.044553 0.869333
v 0.040872 -0.034362 0.869383
v 0.045135 -0.040538 0.871282
v 0.045858 -0.030381 0.869937
v 0.050675 -0.036115 0.871897
v 0.050650 -0.026186 0.869269
v 0.056000 -0.031453 0.871154
v 0.055064 -0.021937 0.867404
v 0.060905 -0.026732 0.869083
v 0.058931 -0.017798 0.864416
v 0.065201 -0.022133 0.865762
v 0.062101 -0.013929 0.860418
v 0.068724 -0.017833 0.861320
v 0.064454 -0.010476 0.855564
v 0.071338 -0.013998 0.855926
v 0.065898 -0.007575 0.850041
v 0.072943 -0.010773 0.849789
v 0.066378 -0.005335 0.844061
v 0.073476 -0.008284 0.843144
v 0.065876 -0.003842 0.837853
v 0.072918 -0.006626 0.836247
v 0.064411 -0.003156 0.831657
v 0.071290 -0.005863 0.829362
v 0.062039 -0.003301 0.825710
v 0.068655 -0.006024 0.822754
v 0.058851 -0.004272 0.820241
v 0.065113 -0.007103 0.816678
v 0.054971 -0.006031 0.815460
v 0.060801 -0.009058 0.811366
v 0.050546 -0.008512 0.811551
v 0.055884 -0.011815 0.807022
v 0.045748 -0.011619 0.808664
v 0.050553 -0.015267 0.803814
v 0.055509 -0.019913 0.800089
v 0.045010 -0.019282 0.801866
v 0.049625 -0.024175 0.798021
v 0.054427 -0.029724 0.795523
v 0.043744 -0.028871 0.797368
v 0.048431 -0.034511 0.794858
v 0.038091 -0.033820 0.798156
v 0.042667 -0.039557 0.795661
v 0.032884 -0.038831 0.800355
v 0.037359 -0.044667 0.797903
v 0.028323 -0.043713 0.803880
v 0.032708 -0.049645 0.801498
v 0.024584 -0.048278 0.808596
v 0.028895 -0.054299 0.806306
v 0.021809 -0.052350 0.814321
v 0.026066 -0.058451 0.812144
v 0.020105 -0.055773 0.820836
v 0.024329 -0.061941 0.818786
v 0.019539 -0.058416 0.827891
v 0.023751 -0.064635 0.825979
v 0.020131 -0.060176 0.835213
v 0.024355 -0.066429 0.833444
v 0.021859 -0.060986 0.842522
v 0.026118 -0.067255 0.840897
v 0.024657 -0.060815 0.849537
v 0.028970 -0.067081 0.848049
v 0.028417 -0.059669 0.855988
v 0.032804 -0.065913 0.854626
v 0.032995 -0.057594 0.861627
v 0.037471 -0.063797 0.860376
v 0.038214 -0.054667 0.866238
v 0.042792 -0.060813 0.865077
v 0.043874 -0.051003 0.869643
v 0.048564 -0.057077 0.868549
v 0.049758 -0.046740 0.871712
v 0.054563 -0.052731 0.870659
v 0.055639 -0.042045 0.872365
v 0.060559 -0.047943 0.871324
v 0.061292 -0.037096 0.871577
v 0.066323 -0.042898 0.870521
v 0.066499 -0.032084 0.869378
v 0.071632 -0.037788 0.868279
v 0.071060 -0.027202 0.865853
v 0.076282 -0.032810 0.864685
v 0.074800 -0.022637 0.861137
v 0.080095 -0.028156 0.859876
v 0.077575 -0.018565 0.855411
v 0.082924 -0.024004 0.854039
v 0.079278 -0.015142 0.848896
v 0.084661 -0.020514 0.847396
v 0.079844 -0.012500 0.841842
v 0.085239 -0.017820 0.840203
v 0.079252 -0.010740 0.834520
v 0.084635 -0.016025 0.832738
v 0.077524 -0.009930 0.827211
v 0.082873 -0.015199 0.825285
v 0.074726 -0.010101 0.820196
v 0.080020 -0.015374 0.818133
v 0.070966 -0.011246 0.813745
v 0.076186 -0.016541 0.811556
v 0.066388 -0.013322 0.808106
v 0.071519 -0.018658 0.805806
v 0.061169 -0.016248 0.803495
v 0.066198 -0.021642 0.801105
v 0.070776 -0.027787 0.799944
v 0.060427 -0.025378 0.797633
v 0.065116 -0.031452 0.796539
v 0.069397 -0.037902 0.796849
v 0.059232 -0.035714 0.794470
v 0.063855 -0.041916 0.794901
v 0.053351 -0.040410 0.793817
v 0.058315 -0.046340 0.794286
v 0.047698 -0.045358 0.794605
v 0.052990 -0.051001 0.795028
v 0.042491 -0.050370 0.796804
v 0.048085 -0.055722 0.797099
v 0.037930 -0.055252 0.800329
v 0.043789 -0.060321 0.800420
v 0.034190 -0.059817 0.805045
v 0.040266 -0.064621 0.804862
v 0.031416 -0.063889 0.810771
v 0.037652 -0.068457 0.810256
v 0.029712 -0.067312 0.817286
v 0.036048 -0.071681 0.816393
v 0.029146 -0.069955 0.824340
v 0.035514 -0.074170 0.823038
v 0.029738 -0.071715 0.831662
v 0.036072 -0.075828 0.829935
v 0.031466 -0.072525 0.838971
v 0.037700 -0.076591 0.836820
v 0.034264 -0.072354 0.845986
v 0.040336 -0.076430 0.843428
v 0.038024 -0.071208 0.852437
v 0.043877 -0.075351 0.849504
v 0.042602 -0.069133 0.858076
v 0.048189 -0.073396 0.854817
v 0.047821 -0.066206 0.862687
v 0.053106 -0.070639 0.859160
v 0.053481 -0.062541 0.866093
v 0.058437 -0.067187 0.862368
v 0.059365 -0.058279 0.868162
v 0.063980 -0.063173 0.864317
v 0.065246 -0.053584 0.868814
v 0.069520 -0.058749 0.864932
v 0.070899 -0.048635 0.868026
v 0.074845 -0.054088 0.864189
v 0.076106 -0.043623 0.865827
v 0.079749 -0.049367 0.862118
v 0.080667 -0.038741 0.862302
v 0.084046 -0.044768 0.858797
v 0.084407 -0.034176 0.857586
v 0.087569 -0.040468 0.854355
v 0.087182 -0.030104 0.851861
v 0.090183 -0.036632 0.848962
v 0.088885 -0.026681 0.845346
v 0.091787 -0.033408 0.842825
v 0.089451 -0.024039 0.838291
v 0.092321 -0.030919 0.836180
v 0.088859 -0.022279 0.830969
v 0.091763 -0.029261 0.829282
v 0.087131 -0.021469 0.823660
v 0.090135 -0.028498 0.822397
v 0.084333 -0.021640 0.816645
v 0.087499 -0.028659 0.815789
v 0.080573 -0.022785 0.810194
v 0.083957 -0.029738 0.809713
v 0.075995 -0.024861 0.804555
v 0.079646 -0.031693 0.804401
v 0.082329 -0.038892 0.805349
v 0.074729 -0.034450 0.800057
v 0.077905 -0.041372 0.801440
v 0.080180 -0.048290 0.804039
v 0.073106 -0.044479 0.798553
v 0.076099 -0.050932 0.801584
v 0.068118 -0.048092 0.796799
v 0.071857 -0.054005 0.800092
v 0.063132 -0.052073 0.796245
v 0.067617 -0.057390 0.799621
v 0.058340 -0.056269 0.796914
v 0.063542 -0.060958 0.800189
v 0.053926 -0.060517 0.798778
v 0.059788 -0.064571 0.801775
v 0.050059 -0.064656 0.801766
v 0.056500 -0.068091 0.804316
v 0.046889 -0.068526 0.805764
v 0.053803 -0.071382 0.807716
v 0.044536 -0.071978 0.810618
v 0.051803 -0.074318 0.811844
v 0.043092 -0.074880 0.816141
v 0.050575 -0.076786 0.816541
v 0.042612 -0.077120 0.822122
v 0.050166 -0.078690 0.821627
v 0.043114 -0.078612 0.828329
v 0.050593 -0.079959 0.826906
v 0.044579 -0.079299 0.834525
v 0.051839 -0.080543 0.832176
v 0.046951 -0.079154 0.840472
v 0.053857 -0.080420 0.837233
v 0.050139 -0.078183 0.845941
v 0.056567 -0.079594 0.841884
v 0.054019 -0.076423 0.850722
v 0.059868 -0.078098 0.845950
v 0.058444 -0.073942 0.854631
v 0.063630 -0.075988 0.849274
v 0.063242 -0.070836 0.857518
v 0.067711 -0.073346 0.851729
v 0.068230 -0.067222 0.859272
v 0.071953 -0.070273 0.853221
v 0.073216 -0.063242 0.859825
v 0.076193 -0.066888 0.853691
v 0.078008 -0.059046 0.859157
v 0.080269 -0.063320 0.853123
v 0.082423 -0.054798 0.857293
v 0.084023 -0.059707 0.851538
v 0.086289 -0.050659 0.854304
v 0.087311 -0.056187 0.848996
v 0.089460 -0.046789 0.850306
v 0.090007 -0.052896 0.845596
v 0.091812 -0.043337 0.845452
v 0.092008 -0.049960 0.841468
v 0.093256 -0.040435 0.839929
v 0.093236 -0.047492 0.836771
v 0.093737 -0.038195 0.833949
v 0.093644 -0.045587 0.831685
v 0.093234 -0.036703 0.827742
v 0.093217 -0.044318 0.826406
v 0.091769 -0.036016 0.821545
v 0.091971 -0.043734 0.821137
v 0.089397 -0.036161 0.815598
v 0.089954 -0.043857 0.816080
v 0.086210 -0.037132 0.810130
v 0.087243 -0.044683 0.811429
v 0.087018 -0.052102 0.813560
v 0.083943 -0.046180 0.807363
v 0.084425 -0.053278 0.810366
v 0.083757 -0.059913 0.814242
v 0.081469 -0.054935 0.807754
v 0.081721 -0.061054 0.812443
v 0.078263 -0.057011 0.805825
v 0.079513 -0.062484 0.811114
v 0.074930 -0.059426 0.804653
v 0.077217 -0.064147 0.810307
v 0.071598 -0.062085 0.804283
v 0.074922 -0.065979 0.810052
v 0.068396 -0.064889 0.804730
v 0.072716 -0.067910 0.810360
v 0.065447 -0.067728 0.805975
v 0.070685 -0.069866 0.811218
v 0.062863 -0.070493 0.807972
v 0.068905 -0.071771 0.812593
v 0.060745 -0.073079 0.810644
v 0.067446 -0.073552 0.814433
v 0.059173 -0.075386 0.813887
v 0.066363 -0.075141 0.816667
v 0.058208 -0.077324 0.817577
v 0.065699 -0.076476 0.819209
v 0.057887 -0.078821 0.821573
v 0.065478 -0.077507 0.821962
v 0.058223 -0.079818 0.825721
v 0.065709 -0.078194 0.824819
v 0.059202 -0.080277 0.829861
v 0.066383 -0.078510 0.827671
v 0.060787 -0.080180 0.833835
v 0.067475 -0.078443 0.830408
v 0.062916 -0.079531 0.837489
v 0.068942 -0.077996 0.832925
v 0.065509 -0.078356 0.840683
v 0.070728 -0.077187 0.835125
v 0.068466 -0.076698 0.843295
v 0.072764 -0.076045 0.836924
v 0.071672 -0.074622 0.845224
v 0.074973 -0.074615 0.838253
v 0.075005 -0.072208 0.846396
v 0.077269 -0.072952 0.839060
v 0.078336 -0.069548 0.846766
v 0.079563 -0.071120 0.839315
v 0.081538 -0.066745 0.846319
v 0.081769 -0.069189 0.839007
v 0.084488 -0.063906 0.845074
v 0.083801 -0.067233 0.838149
v 0.087071 -0.061140 0.843077
v 0.085580 -0.065328 0.836774
v 0.089190 -0.058555 0.840406
v 0.087039 -0.063547 0.834934
v 0.090762 -0.056248 0.837162
v 0.088122 -0.061958 0.832700
v 0.091727 -0.054309 0.833472
v 0.088787 -0.060623 0.830158
v 0.092048 -0.052812 0.829476
v 0.089008 -0.059592 0.827405
v 0.091712 -0.051815 0.825328
v 0.088777 -0.058905 0.824548
v 0.090733 -0.051356 0.821188
v 0.088102 -0.058589 0.821697
v 0.089148 -0.051453 0.817214
v 0.087011 -0.058656 0.818960
v 0.083791 -0.064980 0.821146
v 0.085544 -0.059103 0.816442
v 0.083015 -0.065216 0.819815
v 0.082071 -0.065645 0.818651
v 0.079216 -0.070919 0.823954
v 0.076258 -0.074174 0.830644
v 0.076233 -0.069873 0.816599
v 0.077399 -0.068852 0.816436
v 0.078612 -0.067884 0.816571
v 0.079826 -0.067004 0.816998
v 0.080994 -0.066248 0.817700
v 0.084368 -0.064945 0.822593
v 0.084725 -0.065112 0.824101
v 0.084847 -0.065475 0.825611
v 0.084730 -0.066020 0.827067
v 0.084379 -0.066726 0.828411
v 0.083806 -0.067566 0.829592
v 0.083034 -0.068508 0.830565
v 0.082094 -0.069515 0.831292
v 0.081019 -0.070549 0.831746
v 0.079853 -0.071570 0.831908
v 0.078640 -0.072539 0.831774
v 0.077426 -0.073418 0.831347
v 0.075182 -0.074778 0.829693
v 0.074237 -0.075206 0.828530
v 0.073461 -0.075443 0.827199
v 0.072884 -0.075478 0.825752
v 0.072528 -0.075311 0.824244
v 0.072406 -0.074948 0.822733
v 0.072522 -0.074402 0.821278
v 0.072874 -0.073696 0.819934
v 0.073446 -0.072856 0.818753
v 0.074218 -0.071914 0.817780
v 0.075159 -0.070907 0.817052
v 0.030350 -0.009916 0.834408
v 0.029427 -0.011335 0.826867
v 0.029137 -0.010884 0.834274
v 0.029775 -0.011535 0.842228
v 0.027971 -0.011905 0.834436
v 0.026897 -0.012939 0.834890
v 0.025956 -0.013946 0.835617
v 0.025184 -0.014888 0.836590
v 0.024612 -0.015728 0.837771
v 0.024260 -0.016434 0.839115
v 0.024143 -0.016980 0.840571
v 0.024266 -0.017343 0.842081
v 0.024622 -0.017510 0.843589
v 0.025199 -0.017474 0.845036
v 0.025975 -0.017238 0.846367
v 0.026919 -0.016810 0.847531
v 0.027996 -0.016206 0.848482
v 0.029164 -0.015450 0.849184
v 0.030378 -0.014571 0.849611
v 0.031591 -0.013602 0.849746
v 0.032757 -0.012581 0.849583
v 0.033831 -0.011547 0.849130
v 0.034772 -0.010540 0.848402
v 0.035544 -0.009598 0.847430
v 0.036116 -0.008758 0.846248
v 0.036468 -0.008052 0.844904
v 0.036585 -0.007507 0.843449
v 0.036462 -0.007144 0.841938
v 0.036106 -0.006977 0.840430
v 0.035529 -0.007012 0.838983
v 0.034753 -0.007248 0.837652
v 0.033809 -0.007677 0.836489
v 0.032732 -0.008280 0.835538
v 0.031564 -0.009036 0.834835
v 0.029029 -0.014297 0.819538
v 0.027205 -0.014359 0.823472
v 0.027959 -0.017307 0.816380
v 0.025938 -0.017132 0.820388
v 0.024703 -0.016767 0.824529
v 0.024591 -0.020549 0.817803
v 0.023158 -0.019947 0.822017
v 0.022510 -0.019114 0.826224
v 0.021641 -0.023707 0.820083
v 0.020796 -0.022636 0.824362
v 0.020713 -0.021308 0.828490
v 0.019222 -0.026659 0.823133
v 0.018942 -0.025094 0.827334
v 0.019379 -0.023265 0.831242
v 0.017427 -0.029293 0.826837
v 0.017667 -0.027227 0.830818
v 0.018560 -0.024910 0.834373
v 0.016325 -0.031507 0.831051
v 0.017021 -0.028953 0.834679
v 0.018288 -0.026180 0.837764
v 0.015959 -0.033216 0.835614
v 0.017029 -0.030206 0.838771
v 0.018573 -0.027026 0.841283
v 0.016342 -0.034355 0.840350
v 0.017689 -0.030938 0.842935
v 0.019404 -0.027415 0.844796
v 0.017460 -0.034879 0.845077
v 0.018977 -0.031120 0.847011
v 0.020748 -0.027333 0.848168
v 0.019269 -0.034768 0.849615
v 0.020843 -0.030745 0.850844
v 0.022556 -0.026783 0.851268
v 0.021702 -0.034027 0.853787
v 0.023216 -0.029828 0.854285
v 0.024756 -0.025785 0.853979
v 0.024662 -0.032685 0.857435
v 0.026004 -0.028405 0.857202
v 0.027264 -0.024379 0.856195
v 0.028038 -0.030792 0.860417
v 0.029101 -0.026529 0.859483
v 0.029985 -0.022617 0.857831
v 0.031699 -0.028421 0.862620
v 0.032386 -0.024273 0.861041
v 0.032813 -0.020569 0.858826
v 0.035505 -0.025665 0.863958
v 0.035734 -0.021724 0.861816
v 0.035639 -0.018312 0.859140
v 0.039309 -0.022627 0.864380
v 0.039017 -0.018979 0.861777
v 0.038356 -0.015933 0.858761
v 0.042966 -0.019426 0.863871
v 0.042107 -0.016144 0.860927
v 0.040859 -0.013525 0.857704
v 0.046333 -0.016185 0.862448
v 0.044887 -0.013328 0.859298
v 0.043051 -0.011178 0.856010
v 0.049284 -0.013027 0.860168
v 0.047250 -0.010640 0.856953
v 0.044848 -0.008984 0.853743
v 0.051703 -0.010074 0.857118
v 0.049104 -0.008182 0.853981
v 0.046182 -0.007027 0.850991
v 0.053497 -0.007440 0.853414
v 0.050378 -0.006049 0.850497
v 0.047001 -0.005382 0.847860
v 0.054599 -0.005226 0.849200
v 0.051024 -0.004322 0.846636
v 0.047273 -0.004112 0.844469
v 0.054966 -0.003517 0.844638
v 0.051017 -0.003070 0.842544
v 0.046988 -0.003266 0.840950
v 0.054583 -0.002379 0.839901
v 0.050357 -0.002338 0.838380
v 0.046158 -0.002876 0.837437
v 0.053465 -0.001855 0.835174
v 0.049068 -0.002156 0.834304
v 0.044813 -0.002959 0.834066
v 0.051655 -0.001965 0.830636
v 0.047202 -0.002531 0.830471
v 0.043006 -0.003509 0.830965
v 0.049223 -0.002706 0.826464
v 0.044829 -0.003448 0.827030
v 0.040806 -0.004507 0.828255
v 0.046262 -0.004049 0.822816
v 0.042041 -0.004871 0.824113
v 0.038297 -0.005913 0.826038
v 0.042886 -0.005942 0.819834
v 0.038945 -0.006747 0.821832
v 0.035577 -0.007675 0.824402
v 0.039225 -0.008312 0.817631
v 0.035660 -0.009003 0.820274
v 0.032749 -0.009723 0.823407
v 0.035419 -0.011069 0.816293
v 0.032311 -0.011552 0.819499
v 0.038823 -0.013574 0.809824
v 0.034906 -0.013843 0.812597
v 0.039168 -0.010598 0.813582
v 0.031615 -0.014106 0.815871
v 0.034188 -0.017275 0.809309
v 0.030729 -0.017336 0.812646
v 0.037540 -0.021363 0.803662
v 0.033342 -0.021294 0.806539
v 0.038254 -0.017186 0.806481
v 0.029732 -0.021175 0.809931
v 0.032458 -0.025813 0.804371
v 0.028716 -0.025536 0.807811
v 0.025629 -0.025125 0.811664
v 0.027775 -0.030320 0.806348
v 0.024556 -0.029750 0.810249
v 0.022034 -0.028973 0.814442
v 0.023674 -0.034710 0.809518
v 0.021020 -0.033774 0.813759
v 0.019086 -0.032571 0.818159
v 0.020311 -0.038815 0.813758
v 0.018245 -0.037453 0.818207
v 0.016899 -0.035780 0.822672
v 0.017816 -0.042476 0.818907
v 0.016338 -0.040645 0.823420
v 0.015557 -0.038478 0.827806
v 0.016284 -0.045554 0.824765
v 0.015371 -0.043228 0.829200
v 0.015110 -0.040560 0.833366
v 0.015775 -0.047930 0.831108
v 0.015382 -0.045104 0.835323
v 0.015577 -0.041947 0.839137
v 0.016308 -0.049513 0.837692
v 0.016371 -0.046198 0.841555
v 0.016939 -0.042586 0.844898
v 0.017862 -0.050241 0.844265
v 0.018298 -0.046470 0.847656
v 0.019144 -0.042451 0.850427
v 0.020378 -0.050087 0.850572
v 0.021092 -0.045910 0.853392
v 0.022108 -0.041549 0.855511
v 0.023759 -0.049057 0.856373
v 0.024643 -0.044538 0.858541
v 0.025716 -0.039913 0.859956
v 0.027875 -0.047191 0.861444
v 0.028816 -0.042407 0.862907
v 0.029829 -0.037606 0.863590
v 0.032568 -0.044559 0.865590
v 0.033449 -0.039600 0.866321
v 0.034290 -0.034718 0.866274
v 0.037657 -0.041264 0.868652
v 0.038366 -0.036224 0.868653
v 0.038927 -0.031359 0.867904
v 0.042948 -0.037432 0.870512
v 0.043377 -0.032408 0.869812
v 0.043563 -0.027658 0.868419
v 0.048237 -0.033210 0.871099
v 0.048290 -0.028301 0.869755
v 0.048018 -0.023757 0.867798
v 0.053319 -0.028760 0.870391
v 0.052915 -0.024058 0.868482
v 0.052122 -0.019807 0.866064
v 0.058001 -0.024253 0.868414
v 0.057076 -0.019844 0.866044
v 0.055717 -0.015960 0.863286
v 0.062103 -0.019863 0.865244
v 0.060612 -0.015820 0.862534
v 0.058664 -0.012362 0.859569
v 0.065466 -0.015758 0.861003
v 0.063386 -0.012142 0.858087
v 0.060851 -0.009152 0.855057
v 0.067961 -0.012097 0.855855
v 0.065294 -0.008949 0.852873
v 0.062194 -0.006454 0.849922
v 0.069492 -0.009019 0.849996
v 0.066261 -0.006366 0.847094
v 0.062640 -0.004372 0.844362
v 0.070002 -0.006643 0.843653
v 0.066250 -0.004491 0.840970
v 0.062173 -0.002985 0.838591
v 0.069469 -0.005060 0.837069
v 0.065261 -0.003396 0.834738
v 0.060811 -0.002346 0.832830
v 0.067915 -0.004332 0.830497
v 0.063333 -0.003124 0.828638
v 0.058606 -0.002481 0.827302
v 0.065399 -0.004486 0.824189
v 0.060540 -0.003684 0.822902
v 0.055643 -0.003384 0.822217
v 0.062018 -0.005515 0.818389
v 0.056989 -0.005056 0.817752
v 0.052035 -0.005020 0.817773
v 0.057902 -0.007382 0.813318
v 0.052816 -0.007187 0.813387
v 0.047921 -0.007326 0.814139
v 0.053209 -0.010014 0.809172
v 0.048182 -0.009994 0.809972
v 0.043460 -0.010215 0.811455
v 0.048120 -0.013309 0.806110
v 0.043265 -0.013371 0.807641
v 0.053024 -0.017476 0.801801
v 0.047795 -0.017213 0.802677
v 0.053258 -0.013462 0.805268
v 0.042829 -0.017141 0.804249
v 0.047283 -0.021634 0.799783
v 0.042227 -0.021453 0.801389
v 0.052014 -0.026880 0.796596
v 0.046670 -0.026480 0.797514
v 0.052581 -0.021979 0.798882
v 0.041545 -0.026216 0.799146
v 0.046047 -0.031645 0.795934
v 0.040875 -0.031325 0.797582
v 0.040311 -0.036666 0.796734
v 0.036030 -0.031044 0.799915
v 0.035419 -0.036330 0.799083
v 0.030949 -0.035934 0.802060
v 0.035028 -0.041752 0.798965
v 0.030512 -0.041300 0.801959
v 0.026499 -0.040697 0.805500
v 0.030400 -0.046705 0.802542
v 0.026341 -0.046047 0.806100
v 0.022850 -0.045151 0.810101
v 0.026605 -0.051337 0.807327
v 0.023068 -0.050386 0.811346
v 0.020143 -0.049124 0.815687
v 0.023789 -0.055469 0.813137
v 0.020818 -0.054152 0.817495
v 0.018481 -0.052464 0.822044
v 0.022061 -0.058942 0.819747
v 0.019677 -0.057199 0.824313
v 0.017928 -0.055042 0.828927
v 0.021486 -0.061623 0.826905
v 0.019690 -0.059411 0.831536
v 0.018506 -0.056759 0.836071
v 0.022087 -0.063409 0.834335
v 0.020856 -0.060702 0.838887
v 0.020192 -0.057550 0.843202
v 0.023841 -0.064231 0.841751
v 0.023130 -0.061023 0.846083
v 0.022922 -0.057383 0.850046
v 0.026680 -0.064058 0.848869
v 0.026425 -0.060362 0.852849
v 0.026591 -0.056265 0.856340
v 0.030495 -0.062896 0.855414
v 0.030614 -0.058744 0.858923
v 0.031057 -0.054240 0.861843
v 0.035140 -0.060789 0.861136
v 0.035536 -0.056230 0.864073
v 0.036149 -0.051385 0.866341
v 0.040436 -0.057820 0.865815
v 0.041002 -0.052919 0.868101
v 0.041672 -0.047809 0.869664
v 0.046179 -0.054101 0.869270
v 0.046802 -0.048936 0.870851
v 0.047412 -0.043651 0.871683
v 0.052149 -0.049777 0.871370
v 0.052713 -0.044436 0.872218
v 0.053151 -0.039069 0.872320
v 0.058117 -0.045012 0.872032
v 0.058508 -0.039590 0.872150
v 0.058666 -0.034241 0.871551
v 0.063852 -0.039991 0.871232
v 0.063964 -0.034586 0.870650
v 0.063746 -0.029351 0.869405
v 0.069136 -0.034906 0.869001
v 0.068872 -0.029615 0.867774
v 0.068196 -0.024588 0.865966
v 0.073764 -0.029952 0.865424
v 0.073042 -0.024869 0.863633
v 0.071845 -0.020134 0.861364
v 0.077558 -0.025320 0.860639
v 0.076315 -0.020530 0.858387
v 0.074553 -0.016161 0.855778
v 0.080374 -0.021188 0.854830
v 0.078565 -0.016764 0.852237
v 0.076215 -0.012821 0.849421
v 0.082102 -0.017715 0.848219
v 0.079706 -0.013717 0.845420
v 0.076767 -0.010243 0.842539
v 0.082677 -0.015034 0.841061
v 0.079693 -0.011505 0.838197
v 0.076190 -0.008526 0.835395
v 0.082076 -0.013248 0.833631
v 0.078527 -0.010213 0.830846
v 0.074503 -0.007735 0.828263
v 0.080322 -0.012426 0.826215
v 0.076253 -0.009892 0.823649
v 0.071773 -0.007902 0.821419
v 0.077484 -0.012599 0.819097
v 0.072958 -0.010554 0.816884
v 0.068105 -0.009020 0.815125
v 0.073668 -0.013762 0.812552
v 0.068769 -0.012172 0.810810
v 0.063639 -0.011045 0.809623
v 0.069024 -0.015868 0.806830
v 0.063847 -0.014685 0.805660
v 0.058546 -0.013900 0.805124
v 0.063728 -0.018837 0.802151
v 0.058381 -0.017997 0.801632
v 0.068555 -0.024635 0.800367
v 0.063355 -0.023424 0.799206
v 0.068928 -0.020048 0.803312
v 0.057985 -0.022556 0.798696
v 0.062811 -0.028353 0.796912
v 0.057441 -0.027485 0.796402
v 0.067318 -0.034645 0.796518
v 0.062188 -0.033518 0.795331
v 0.067988 -0.029536 0.798082
v 0.056841 -0.032678 0.794813
v 0.061578 -0.038804 0.794500
v 0.056277 -0.038019 0.793964
v 0.050874 -0.037442 0.794150
v 0.055839 -0.043385 0.793863
v 0.050482 -0.042864 0.794032
v 0.045138 -0.042464 0.794950
v 0.050324 -0.048214 0.794632
v 0.045026 -0.047869 0.795532
v 0.039855 -0.047549 0.797181
v 0.045244 -0.053103 0.796777
v 0.040119 -0.052839 0.798408
v 0.035227 -0.052503 0.800758
v 0.040794 -0.057867 0.800216
v 0.035948 -0.057586 0.802549
v 0.031432 -0.057134 0.805543
v 0.037145 -0.062321 0.804818
v 0.032675 -0.061925 0.807795
v 0.028616 -0.061266 0.811353
v 0.034437 -0.066294 0.810404
v 0.030425 -0.065691 0.813945
v 0.026888 -0.064740 0.817963
v 0.032775 -0.069633 0.816761
v 0.029284 -0.068738 0.820762
v 0.026313 -0.067421 0.825121
v 0.032223 -0.072211 0.823643
v 0.029297 -0.070950 0.827985
v 0.026914 -0.069207 0.832551
v 0.032801 -0.073929 0.830788
v 0.030463 -0.072241 0.835336
v 0.028668 -0.070029 0.839967
v 0.034487 -0.074719 0.837919
v 0.032737 -0.072562 0.842533
v 0.031507 -0.069855 0.847085
v 0.037217 -0.074552 0.844763
v 0.036032 -0.071901 0.849298
v 0.035322 -0.068693 0.853630
v 0.040885 -0.073435 0.851057
v 0.040221 -0.070283 0.855372
v 0.039966 -0.066587 0.859353
v 0.045351 -0.071410 0.856559
v 0.045143 -0.067769 0.860522
v 0.045262 -0.063617 0.864031
v 0.050444 -0.068554 0.861058
v 0.050609 -0.064458 0.864550
v 0.051006 -0.059899 0.867486
v 0.055966 -0.064979 0.864381
v 0.056409 -0.060475 0.867300
v 0.056976 -0.055574 0.869586
v 0.061707 -0.060820 0.866399
v 0.062320 -0.055975 0.868668
v 0.062943 -0.050810 0.870248
v 0.067445 -0.056239 0.867036
v 0.068115 -0.051129 0.868600
v 0.068679 -0.045788 0.869448
v 0.072961 -0.051410 0.866267
v 0.073571 -0.046125 0.867099
v 0.073962 -0.040703 0.867217
v 0.078041 -0.046521 0.864122
v 0.078479 -0.041154 0.864223
v 0.078590 -0.035749 0.863640
v 0.082491 -0.041757 0.860682
v 0.082649 -0.036408 0.860083
v 0.082385 -0.031117 0.858855
v 0.086140 -0.037303 0.856081
v 0.085922 -0.032069 0.854837
v 0.085201 -0.026986 0.853046
v 0.088847 -0.033330 0.850495
v 0.088172 -0.028303 0.848687
v 0.086929 -0.023512 0.846435
v 0.090509 -0.029990 0.844138
v 0.089313 -0.025256 0.841869
v 0.087504 -0.020831 0.839277
v 0.091062 -0.027412 0.837256
v 0.089300 -0.023044 0.834646
v 0.086903 -0.019045 0.831847
v 0.090484 -0.025695 0.830111
v 0.088134 -0.021752 0.827295
v 0.085149 -0.018223 0.824431
v 0.088798 -0.024905 0.822980
v 0.085860 -0.021431 0.820099
v 0.082310 -0.018397 0.817313
v 0.086068 -0.025072 0.816136
v 0.082565 -0.022093 0.813333
v 0.078495 -0.019559 0.810768
v 0.082399 -0.026189 0.809842
v 0.078376 -0.023711 0.807259
v 0.073850 -0.021665 0.805046
v 0.077933 -0.028214 0.804339
v 0.073454 -0.026224 0.802109
v 0.081115 -0.035264 0.804738
v 0.077252 -0.032977 0.802097
v 0.081888 -0.030610 0.806948
v 0.072841 -0.031070 0.799841
v 0.076422 -0.037895 0.800592
v 0.072103 -0.036097 0.798303
v 0.079161 -0.044848 0.802592
v 0.075541 -0.042855 0.799861
v 0.080175 -0.040047 0.803275
v 0.071333 -0.041190 0.797530
v 0.074700 -0.047737 0.799909
v 0.070624 -0.046231 0.797529
v 0.066042 -0.045023 0.795670
v 0.070063 -0.051096 0.798278
v 0.065613 -0.050046 0.796370
v 0.060754 -0.049245 0.795083
v 0.065427 -0.054797 0.797763
v 0.060700 -0.054154 0.796427
v 0.055671 -0.053695 0.795791
v 0.060972 -0.058697 0.798385
v 0.056075 -0.058396 0.797700
v 0.050989 -0.058201 0.797769
v 0.056868 -0.062647 0.800118
v 0.051914 -0.062611 0.800138
v 0.046887 -0.062591 0.800938
v 0.053274 -0.066495 0.802896
v 0.048379 -0.066634 0.803648
v 0.043525 -0.066696 0.805179
v 0.050326 -0.070093 0.806613
v 0.045604 -0.070313 0.808095
v 0.041029 -0.070358 0.810327
v 0.048139 -0.073302 0.811126
v 0.043696 -0.073505 0.813309
v 0.039498 -0.073436 0.816186
v 0.046796 -0.076000 0.816260
v 0.042729 -0.076089 0.819088
v 0.038988 -0.075812 0.822529
v 0.046350 -0.078083 0.821820
v 0.042741 -0.077964 0.825212
v 0.039521 -0.077394 0.829113
v 0.046817 -0.079470 0.827591
v 0.043729 -0.079058 0.831444
v 0.041075 -0.078123 0.835685
v 0.048179 -0.080108 0.833352
v 0.045657 -0.079331 0.837545
v 0.043591 -0.077969 0.841993
v 0.050384 -0.079974 0.838880
v 0.048450 -0.078770 0.843280
v 0.046972 -0.076939 0.847794
v 0.053347 -0.079071 0.843965
v 0.052001 -0.077398 0.848430
v 0.051088 -0.075073 0.852864
v 0.056955 -0.077435 0.848410
v 0.056174 -0.075268 0.852796
v 0.055781 -0.072441 0.857011
v 0.061069 -0.075128 0.852044
v 0.060808 -0.072460 0.856210
v 0.060871 -0.069146 0.860073
v 0.065530 -0.072240 0.854728
v 0.065725 -0.069084 0.858541
v 0.066161 -0.065313 0.861933
v 0.070167 -0.068881 0.856358
v 0.070736 -0.065269 0.859701
v 0.071450 -0.061091 0.862520
v 0.074803 -0.065180 0.856873
v 0.075648 -0.061161 0.859643
v 0.076533 -0.056641 0.861811
v 0.079258 -0.061280 0.856252
v 0.080274 -0.056918 0.858371
v 0.081215 -0.052135 0.859834
v 0.083362 -0.057330 0.854518
v 0.084434 -0.052704 0.855933
v 0.085316 -0.047745 0.856664
v 0.086956 -0.053482 0.851740
v 0.087970 -0.048681 0.852423
v 0.088679 -0.043640 0.852424
v 0.089904 -0.049884 0.848023
v 0.090745 -0.045002 0.847975
v 0.091174 -0.039978 0.847275
v 0.092091 -0.046675 0.843511
v 0.092652 -0.041809 0.842762
v 0.092706 -0.036900 0.841417
v 0.093434 -0.043977 0.838376
v 0.093619 -0.039226 0.836982
v 0.093215 -0.034525 0.835074
v 0.093880 -0.041894 0.832816
v 0.093608 -0.037351 0.830859
v 0.092682 -0.032942 0.828490
v 0.093413 -0.040507 0.827045
v 0.092619 -0.036256 0.824627
v 0.091128 -0.032213 0.821917
v 0.092051 -0.039869 0.821284
v 0.090692 -0.035984 0.818526
v 0.088612 -0.032367 0.815610
v 0.089846 -0.040003 0.815756
v 0.087898 -0.036545 0.812791
v 0.085232 -0.033397 0.809809
v 0.086882 -0.040906 0.810671
v 0.084347 -0.037917 0.807641
v 0.087289 -0.048427 0.812395
v 0.085659 -0.045351 0.809312
v 0.088679 -0.044184 0.813692
v 0.083275 -0.042542 0.806227
v 0.084328 -0.049770 0.808747
v 0.082111 -0.047163 0.805600
v 0.084235 -0.056669 0.812204
v 0.082986 -0.054050 0.808980
v 0.085774 -0.052626 0.811898
v 0.080952 -0.051663 0.805765
v 0.081726 -0.058076 0.809987
v 0.079890 -0.055926 0.806699
v 0.077291 -0.054033 0.803562
v 0.079006 -0.059837 0.808351
v 0.076604 -0.058182 0.805141
v 0.073485 -0.056790 0.802224
v 0.076178 -0.061886 0.807356
v 0.073256 -0.060731 0.804366
v 0.069681 -0.059827 0.801802
v 0.073351 -0.064143 0.807043
v 0.069973 -0.063476 0.804405
v 0.066025 -0.063028 0.802312
v 0.070634 -0.066521 0.807421
v 0.066883 -0.066311 0.805255
v 0.062657 -0.066270 0.803734
v 0.068131 -0.068930 0.808478
v 0.064103 -0.069126 0.806884
v 0.059707 -0.069428 0.806014
v 0.065939 -0.071276 0.810172
v 0.061740 -0.071815 0.809229
v 0.057288 -0.072380 0.809064
v 0.064142 -0.073470 0.812439
v 0.059886 -0.074273 0.812201
v 0.055493 -0.075014 0.812768
v 0.062808 -0.075428 0.815191
v 0.058612 -0.076406 0.815685
v 0.054391 -0.077228 0.816982
v 0.061989 -0.077073 0.818322
v 0.057966 -0.078132 0.819546
v 0.054024 -0.078937 0.821545
v 0.061717 -0.078343 0.821713
v 0.057973 -0.079385 0.823638
v 0.054408 -0.080076 0.826281
v 0.062002 -0.079189 0.825232
v 0.058634 -0.080116 0.827802
v 0.055525 -0.080600 0.831008
v 0.062832 -0.079578 0.828745
v 0.059922 -0.080298 0.831878
v 0.057335 -0.080489 0.835546
v 0.064177 -0.079496 0.832117
v 0.061788 -0.079924 0.835711
v 0.059767 -0.079748 0.839718
v 0.065984 -0.078945 0.835217
v 0.064161 -0.079007 0.839152
v 0.062728 -0.078406 0.843366
v 0.068184 -0.077948 0.837928
v 0.066949 -0.077583 0.842069
v 0.066104 -0.076513 0.846348
v 0.070693 -0.076541 0.840144
v 0.070045 -0.075708 0.844350
v 0.069765 -0.074142 0.848551
v 0.073413 -0.074780 0.841780
v 0.073331 -0.073452 0.845908
v 0.073571 -0.071386 0.849889
v 0.076241 -0.072731 0.842775
v 0.076679 -0.070902 0.846683
v 0.077375 -0.068348 0.850312
v 0.079068 -0.070475 0.843089
v 0.079961 -0.068158 0.846644
v 0.081031 -0.065147 0.849802
v 0.081785 -0.068096 0.842710
v 0.083052 -0.065323 0.845794
v 0.084399 -0.061906 0.848379
v 0.084288 -0.065687 0.841653
v 0.085832 -0.062507 0.844165
v 0.087349 -0.058748 0.846099
v 0.086480 -0.063341 0.839959
v 0.088194 -0.059819 0.841820
v 0.089768 -0.055795 0.843049
v 0.088277 -0.061147 0.837692
v 0.090048 -0.057361 0.838848
v 0.091563 -0.053161 0.839346
v 0.089611 -0.059190 0.834940
v 0.091323 -0.055227 0.835365
v 0.092665 -0.050947 0.835131
v 0.090430 -0.057544 0.831809
v 0.091969 -0.053501 0.831503
v 0.093031 -0.049238 0.830569
v 0.090702 -0.056274 0.828418
v 0.091962 -0.052248 0.827411
v 0.092648 -0.048100 0.825832
v 0.090417 -0.055429 0.824899
v 0.091301 -0.051517 0.823247
v 0.091530 -0.047576 0.821105
v 0.089587 -0.055039 0.821386
v 0.090013 -0.051335 0.819171
v 0.089721 -0.047686 0.816568
v 0.088242 -0.055121 0.818015
v 0.088147 -0.051710 0.815338
v 0.085487 -0.061996 0.820028
v 0.086321 -0.058832 0.817667
v 0.087606 -0.058574 0.820307
v 0.086435 -0.055672 0.814914
v 0.084371 -0.062336 0.818113
v 0.084686 -0.059464 0.815297
v 0.082593 -0.065358 0.819166
v 0.083465 -0.065022 0.820430
v 0.081558 -0.067661 0.821471
v 0.077562 -0.072959 0.827876
v 0.077547 -0.070415 0.819569
v 0.078237 -0.069812 0.819473
v 0.078954 -0.069239 0.819552
v 0.079672 -0.068719 0.819805
v 0.080363 -0.068271 0.820220
v 0.081000 -0.067914 0.820783
v 0.082017 -0.067521 0.822258
v 0.082358 -0.067500 0.823114
v 0.082569 -0.067599 0.824006
v 0.082641 -0.067814 0.824899
v 0.082572 -0.068136 0.825760
v 0.082364 -0.068554 0.826555
v 0.082026 -0.069051 0.827253
v 0.081570 -0.069608 0.827829
v 0.081013 -0.070204 0.828259
v 0.080378 -0.070815 0.828527
v 0.079688 -0.071419 0.828623
v 0.078970 -0.071992 0.828544
v 0.078253 -0.072512 0.828291
v 0.076925 -0.073316 0.827313
v 0.076367 -0.073569 0.826625
v 0.075908 -0.073709 0.825838
v 0.075567 -0.073730 0.824982
v 0.075356 -0.073631 0.824090
v 0.075283 -0.073416 0.823197
v 0.075353 -0.073094 0.822336
v 0.075560 -0.072676 0.821541
v 0.075899 -0.072179 0.820843
v 0.076355 -0.071622 0.820267
v 0.076912 -0.071027 0.819837
v 0.073064 -0.070526 0.814137
v 0.074629 -0.071422 0.817323
v 0.075651 -0.070387 0.816725
v 0.071710 -0.071976 0.815184
v 0.073761 -0.072410 0.818185
v 0.070600 -0.073331 0.816584
v 0.073079 -0.073314 0.819277
v 0.069776 -0.074540 0.818284
v 0.072611 -0.074098 0.820558
v 0.069270 -0.075556 0.820218
v 0.072373 -0.074732 0.821977
v 0.069102 -0.076341 0.822313
v 0.072376 -0.075192 0.823481
v 0.069278 -0.076863 0.824487
v 0.072619 -0.075461 0.825011
v 0.069791 -0.077104 0.826657
v 0.073092 -0.075528 0.826509
v 0.070622 -0.077053 0.828739
v 0.073778 -0.075390 0.827918
v 0.071738 -0.076713 0.830654
v 0.074650 -0.075054 0.829182
v 0.073097 -0.076097 0.832329
v 0.075675 -0.074530 0.830254
v 0.076327 -0.074140 0.834709
v 0.078020 -0.073012 0.831665
v 0.076813 -0.073841 0.831093
v 0.078074 -0.072874 0.835323
v 0.079251 -0.072075 0.831950
v 0.079820 -0.071480 0.835517
v 0.080457 -0.071066 0.831936
v 0.081498 -0.070011 0.835283
v 0.081593 -0.070025 0.831623
v 0.083044 -0.068523 0.834630
v 0.082615 -0.068990 0.831025
v 0.084398 -0.067074 0.833583
v 0.083483 -0.068002 0.830163
v 0.085509 -0.065718 0.832183
v 0.084164 -0.067098 0.829071
v 0.086333 -0.064509 0.830483
v 0.084633 -0.066314 0.827790
v 0.086838 -0.063493 0.828549
v 0.084870 -0.065680 0.826371
v 0.087007 -0.062709 0.826455
v 0.084867 -0.065220 0.824867
v 0.086831 -0.062186 0.824281
v 0.084625 -0.064951 0.823337
v 0.086318 -0.061945 0.822111
v 0.084151 -0.064884 0.821839
v 0.081462 -0.063821 0.815070
v 0.080431 -0.066571 0.817255
v 0.081569 -0.065882 0.818094
v 0.079782 -0.064909 0.814059
v 0.079223 -0.067400 0.816683
v 0.078035 -0.066175 0.813444
v 0.077993 -0.068337 0.816398
v 0.076289 -0.067569 0.813250
v 0.076786 -0.069346 0.816412
v 0.074610 -0.069038 0.813484
v 0.074647 -0.075228 0.833698
v 0.083012 -0.062953 0.816439
v 0.088494 -0.058700 0.823115
v 0.088949 -0.059204 0.825983
v 0.088954 -0.060067 0.828801
v 0.088509 -0.061256 0.831461
v 0.087631 -0.062725 0.833861
v 0.086354 -0.064418 0.835908
v 0.084726 -0.066270 0.837524
v 0.082811 -0.068209 0.838646
v 0.080683 -0.070162 0.839231
v 0.078422 -0.072053 0.839258
v 0.076115 -0.073809 0.838724
v 0.073852 -0.075363 0.837651
v 0.071719 -0.076655 0.836080
v 0.069799 -0.077635 0.834070
v 0.068165 -0.078267 0.831700
v 0.066879 -0.078525 0.829060
v 0.065992 -0.078399 0.826252
v 0.065537 -0.077896 0.823384
v 0.065532 -0.077033 0.820566
v 0.065977 -0.075844 0.817906
v 0.066855 -0.074374 0.815506
v 0.068132 -0.072681 0.813459
v 0.069759 -0.070829 0.811844
v 0.071674 -0.068890 0.810722
v 0.073803 -0.066937 0.810136
v 0.076064 -0.065047 0.810110
v 0.078370 -0.063291 0.810643
v 0.080633 -0.061737 0.811716
v 0.082766 -0.060445 0.813288
v 0.091055 -0.043707 0.818569
v 0.092694 -0.043939 0.823758
v 0.093535 -0.044870 0.829058
v 0.093544 -0.046464 0.834265
v 0.092722 -0.048661 0.839180
v 0.091100 -0.051376 0.843614
v 0.088740 -0.054505 0.847396
v 0.085733 -0.057927 0.850381
v 0.082195 -0.061510 0.852455
v 0.078262 -0.065118 0.853537
v 0.074084 -0.068612 0.853586
v 0.069822 -0.071856 0.852600
v 0.065641 -0.074728 0.850617
v 0.061700 -0.077115 0.847713
v 0.058151 -0.078927 0.844000
v 0.055131 -0.080094 0.839621
v 0.052756 -0.080571 0.834743
v 0.051116 -0.080339 0.829555
v 0.050276 -0.079408 0.824255
v 0.050266 -0.077813 0.819048
v 0.051089 -0.075616 0.814133
v 0.052711 -0.072902 0.809699
v 0.055071 -0.069773 0.805917
v 0.058077 -0.066351 0.802931
v 0.061615 -0.062767 0.800858
v 0.065549 -0.059159 0.799776
v 0.069727 -0.055666 0.799727
v 0.073989 -0.052421 0.800713
v 0.078170 -0.049550 0.802696
v 0.085834 -0.029085 0.812670
v 0.088937 -0.028462 0.819043
v 0.091080 -0.028765 0.825821
v 0.092178 -0.029981 0.832746
v 0.092190 -0.032065 0.839550
v 0.091116 -0.034935 0.845972
v 0.088996 -0.038482 0.851765
v 0.085913 -0.042570 0.856706
v 0.081985 -0.047041 0.860607
v 0.077362 -0.051723 0.863316
v 0.072222 -0.056437 0.864729
v 0.066764 -0.061002 0.864793
v 0.061196 -0.065241 0.863505
v 0.055732 -0.068993 0.860915
v 0.050583 -0.072112 0.857121
v 0.045947 -0.074479 0.852270
v 0.042001 -0.076004 0.846548
v 0.038897 -0.076627 0.840175
v 0.036755 -0.076324 0.833396
v 0.035657 -0.075108 0.826471
v 0.035645 -0.073024 0.819667
v 0.036719 -0.070154 0.813245
v 0.038838 -0.066607 0.807452
v 0.041922 -0.062519 0.802511
v 0.045850 -0.058048 0.798611
v 0.050473 -0.053366 0.795902
v 0.055613 -0.048652 0.794488
v 0.061071 -0.044087 0.794424
v 0.066639 -0.039848 0.795712
v 0.073946 -0.017485 0.808563
v 0.078217 -0.015835 0.814756
v 0.081577 -0.015161 0.821654
v 0.083895 -0.015488 0.828992
v 0.085084 -0.016805 0.836487
v 0.085097 -0.019060 0.843851
v 0.083934 -0.022167 0.850802
v 0.081640 -0.026007 0.857073
v 0.078303 -0.030431 0.862422
v 0.074051 -0.035270 0.866643
v 0.069047 -0.040338 0.869575
v 0.063484 -0.045441 0.871106
v 0.057576 -0.050381 0.871175
v 0.051549 -0.054970 0.869781
v 0.045635 -0.059030 0.866976
v 0.040062 -0.062407 0.862870
v 0.035044 -0.064969 0.857619
v 0.030773 -0.066619 0.851426
v 0.027414 -0.067294 0.844528
v 0.025095 -0.066966 0.837190
v 0.023906 -0.065650 0.829695
v 0.023893 -0.063394 0.822331
v 0.025056 -0.060287 0.815380
v 0.027350 -0.056448 0.809109
v 0.030687 -0.052024 0.803761
v 0.034939 -0.047184 0.799539
v 0.039943 -0.042116 0.796607
v 0.045506 -0.037014 0.795077
v 0.051414 -0.032073 0.795007
v 0.058407 -0.010343 0.809061
v 0.063043 -0.007975 0.813913
v 0.066989 -0.006451 0.819634
v 0.070093 -0.005828 0.826007
v 0.072235 -0.006130 0.832786
v 0.073333 -0.007347 0.839711
v 0.073345 -0.009430 0.846515
v 0.072271 -0.012301 0.852937
v 0.070152 -0.015848 0.858730
v 0.067068 -0.019935 0.863671
v 0.063140 -0.024406 0.867572
v 0.058517 -0.029089 0.870281
v 0.053378 -0.033803 0.871694
v 0.047919 -0.038367 0.871758
v 0.042351 -0.042607 0.870470
v 0.036887 -0.046358 0.867879
v 0.031739 -0.049477 0.864086
v 0.027102 -0.051845 0.859235
v 0.023156 -0.053369 0.853513
v 0.020053 -0.053992 0.847140
v 0.017911 -0.053690 0.840361
v 0.016812 -0.052473 0.833436
v 0.016800 -0.050390 0.826632
v 0.017874 -0.047519 0.820210
v 0.019994 -0.043972 0.814417
v 0.023077 -0.039885 0.809476
v 0.027006 -0.035414 0.805575
v 0.031628 -0.030731 0.802866
v 0.036768 -0.026017 0.801453
v 0.030916 -0.009580 0.830859
v 0.030569 -0.010402 0.826924
v 0.032875 -0.008646 0.827458
v 0.029170 -0.010974 0.830665
v 0.029922 -0.011980 0.823094
v 0.028307 -0.012293 0.826951
v 0.029739 -0.010380 0.834232
v 0.029302 -0.011036 0.837559
v 0.028533 -0.011388 0.834247
v 0.027492 -0.012444 0.830899
v 0.027397 -0.012430 0.834559
v 0.028612 -0.011639 0.837655
v 0.025946 -0.013932 0.831552
v 0.026376 -0.013465 0.835158
v 0.027977 -0.012251 0.837923
v 0.024592 -0.015381 0.832599
v 0.025507 -0.014453 0.836020
v 0.027421 -0.012847 0.838353
v 0.023481 -0.016736 0.833999
v 0.024826 -0.015356 0.837112
v 0.026964 -0.013404 0.838929
v 0.022657 -0.017945 0.835699
v 0.024358 -0.016140 0.838392
v 0.026626 -0.013900 0.839627
v 0.022152 -0.018962 0.837633
v 0.024120 -0.016775 0.839811
v 0.026418 -0.014318 0.840422
v 0.021984 -0.019746 0.839727
v 0.024123 -0.017235 0.841315
v 0.026349 -0.014640 0.841283
v 0.022159 -0.020269 0.841901
v 0.024366 -0.017504 0.842845
v 0.026421 -0.014855 0.842176
v 0.022672 -0.020509 0.844071
v 0.024839 -0.017571 0.844343
v 0.026632 -0.014954 0.843068
v 0.023503 -0.020458 0.846154
v 0.025525 -0.017433 0.845752
v 0.026973 -0.014933 0.843924
v 0.024619 -0.020118 0.848069
v 0.026397 -0.017096 0.847016
v 0.027432 -0.014793 0.844711
v 0.025979 -0.019502 0.849744
v 0.027422 -0.016573 0.848088
v 0.027991 -0.014540 0.845399
v 0.027528 -0.018633 0.851113
v 0.028559 -0.015884 0.848927
v 0.028627 -0.014183 0.845962
v 0.029209 -0.017545 0.852124
v 0.029767 -0.015054 0.849499
v 0.029318 -0.013736 0.846377
v 0.030955 -0.016280 0.852738
v 0.030997 -0.014118 0.849784
v 0.030036 -0.013216 0.846630
v 0.032702 -0.014886 0.852932
v 0.032204 -0.013109 0.849770
v 0.030753 -0.012643 0.846709
v 0.034380 -0.013416 0.852698
v 0.033340 -0.012067 0.849457
v 0.031443 -0.012039 0.846613
v 0.035926 -0.011928 0.852045
v 0.034361 -0.011032 0.848859
v 0.032078 -0.011428 0.846345
v 0.037280 -0.010479 0.850998
v 0.035229 -0.010044 0.847997
v 0.032635 -0.010832 0.845915
v 0.038390 -0.009124 0.849598
v 0.035911 -0.009141 0.846905
v 0.033091 -0.010275 0.845339
v 0.039214 -0.007915 0.847898
v 0.036379 -0.008357 0.845624
v 0.033430 -0.009778 0.844641
v 0.039720 -0.006898 0.845964
v 0.036617 -0.007723 0.844205
v 0.033638 -0.009361 0.843846
v 0.039888 -0.006114 0.843870
v 0.036614 -0.007262 0.842702
v 0.033707 -0.009038 0.842985
v 0.039712 -0.005591 0.841696
v 0.036371 -0.006993 0.841171
v 0.033634 -0.008824 0.842092
v 0.039199 -0.005351 0.839526
v 0.035898 -0.006926 0.839673
v 0.033424 -0.008725 0.841200
v 0.038368 -0.005402 0.837443
v 0.035212 -0.007064 0.838265
v 0.033082 -0.008746 0.840344
v 0.032623 -0.008885 0.839557
v 0.037252 -0.005742 0.835528
v 0.034340 -0.007401 0.837000
v 0.035893 -0.006358 0.833853
v 0.033315 -0.007924 0.835928
v 0.032065 -0.009139 0.838869
v 0.034343 -0.007227 0.832484
v 0.032177 -0.008614 0.835090
v 0.031428 -0.009496 0.838306
v 0.032663 -0.008315 0.831473
v 0.030970 -0.009443 0.834517
v 0.030738 -0.009943 0.837891
v 0.030020 -0.010463 0.837638
v 0.043350 -0.007727 0.815565
v 0.035138 -0.007092 0.828531
v 0.047290 -0.005339 0.818469
v 0.037271 -0.005800 0.830103
v 0.050839 -0.003528 0.822182
v 0.039191 -0.004819 0.832112
v 0.053859 -0.002361 0.826561
v 0.040826 -0.004188 0.834482
v 0.056234 -0.001884 0.831439
v 0.042111 -0.003930 0.837122
v 0.057874 -0.002116 0.836627
v 0.042998 -0.004055 0.839930
v 0.058714 -0.003047 0.841927
v 0.043453 -0.004559 0.842798
v 0.058724 -0.004641 0.847135
v 0.043458 -0.005422 0.845616
v 0.057902 -0.006838 0.852050
v 0.043013 -0.006611 0.848276
v 0.056279 -0.009553 0.856483
v 0.042135 -0.008080 0.850676
v 0.053920 -0.012682 0.860266
v 0.040858 -0.009773 0.852723
v 0.050913 -0.016103 0.863251
v 0.039231 -0.011625 0.854338
v 0.047375 -0.019687 0.865324
v 0.037316 -0.013565 0.855460
v 0.043441 -0.023295 0.866406
v 0.035187 -0.015517 0.856046
v 0.039263 -0.026789 0.866455
v 0.032926 -0.017408 0.856072
v 0.035002 -0.030033 0.865469
v 0.030620 -0.019164 0.855539
v 0.030820 -0.032904 0.863486
v 0.028357 -0.020718 0.854466
v 0.026879 -0.035292 0.860583
v 0.026224 -0.022010 0.852894
v 0.023331 -0.037104 0.856870
v 0.024304 -0.022991 0.850885
v 0.020311 -0.038271 0.852490
v 0.022669 -0.023622 0.848515
v 0.017935 -0.038747 0.847613
v 0.021384 -0.023880 0.845875
v 0.016296 -0.038516 0.842424
v 0.020497 -0.023755 0.843067
v 0.015455 -0.037585 0.837125
v 0.020042 -0.023251 0.840199
v 0.015446 -0.035990 0.831917
v 0.020037 -0.022388 0.837381
v 0.016268 -0.033793 0.827002
v 0.020482 -0.021199 0.834721
v 0.017890 -0.031078 0.822568
v 0.021359 -0.019730 0.832321
v 0.020250 -0.027950 0.818786
v 0.022637 -0.018037 0.830274
v 0.023257 -0.024528 0.815801
v 0.024264 -0.016185 0.828659
v 0.026795 -0.020944 0.813727
v 0.026179 -0.014245 0.827537
v 0.028543 -0.013160 0.823197
v 0.029760 -0.015694 0.816010
v 0.025921 -0.015565 0.823918
v 0.026231 -0.018931 0.816980
v 0.023562 -0.017954 0.825300
v 0.023056 -0.022146 0.818840
v 0.021558 -0.020235 0.827290
v 0.020359 -0.025216 0.821519
v 0.019985 -0.022321 0.829812
v 0.018242 -0.028023 0.824912
v 0.018903 -0.024131 0.832768
v 0.016786 -0.030458 0.828890
v 0.018355 -0.025595 0.836044
v 0.016049 -0.032429 0.833299
v 0.018361 -0.026658 0.839516
v 0.016057 -0.033860 0.837971
v 0.018922 -0.027279 0.843049
v 0.016811 -0.034695 0.842726
v 0.020015 -0.027433 0.846508
v 0.018282 -0.034903 0.847381
v 0.021598 -0.027116 0.849760
v 0.020413 -0.034475 0.851757
v 0.023611 -0.026338 0.852679
v 0.023123 -0.033428 0.855686
v 0.025977 -0.025130 0.855154
v 0.026306 -0.031803 0.859017
v 0.028604 -0.023538 0.857090
v 0.029842 -0.029661 0.861622
v 0.031392 -0.021624 0.858412
v 0.033593 -0.027085 0.863401
v 0.034233 -0.019461 0.859069
v 0.037417 -0.024174 0.864285
v 0.037018 -0.017132 0.859036
v 0.041165 -0.021040 0.864242
v 0.039640 -0.014727 0.858315
v 0.044694 -0.017803 0.863271
v 0.041999 -0.012338 0.856933
v 0.047868 -0.014588 0.861411
v 0.044004 -0.010057 0.854943
v 0.050566 -0.011518 0.858733
v 0.045577 -0.007971 0.852421
v 0.052683 -0.008711 0.855339
v 0.046658 -0.006161 0.849466
v 0.054138 -0.006275 0.851361
v 0.047206 -0.004696 0.846189
v 0.054876 -0.004304 0.846952
v 0.047200 -0.003633 0.842717
v 0.054867 -0.002874 0.842280
v 0.046640 -0.003013 0.839184
v 0.054113 -0.002038 0.837525
v 0.045547 -0.002858 0.835725
v 0.052642 -0.001831 0.832870
v 0.043963 -0.003176 0.832474
v 0.050511 -0.002258 0.828494
v 0.041950 -0.003954 0.829554
v 0.047802 -0.003305 0.824565
v 0.039584 -0.005162 0.827079
v 0.044618 -0.004931 0.821234
v 0.036957 -0.006754 0.825143
v 0.041083 -0.007073 0.818629
v 0.034169 -0.008668 0.823821
v 0.037331 -0.009649 0.816850
v 0.031328 -0.010831 0.823164
v 0.033508 -0.012560 0.815966
v 0.041153 -0.011843 0.810503
v 0.036494 -0.015390 0.809425
v 0.031927 -0.019209 0.809479
v 0.040172 -0.019213 0.803794
v 0.034961 -0.023571 0.803855
v 0.027626 -0.023153 0.810661
v 0.030055 -0.028070 0.805205
v 0.023758 -0.027071 0.812928
v 0.025642 -0.032540 0.807791
v 0.020471 -0.030812 0.816191
v 0.021892 -0.036808 0.811514
v 0.017892 -0.034232 0.820326
v 0.018949 -0.040710 0.816231
v 0.016118 -0.037200 0.825173
v 0.016925 -0.044096 0.821761
v 0.015220 -0.039602 0.830546
v 0.015900 -0.046836 0.827891
v 0.015230 -0.041345 0.836239
v 0.015912 -0.048825 0.834386
v 0.016149 -0.042362 0.842033
v 0.016960 -0.049986 0.840996
v 0.017941 -0.042616 0.847705
v 0.019005 -0.050275 0.847467
v 0.020538 -0.042094 0.853037
v 0.021967 -0.049680 0.853550
v 0.023839 -0.040819 0.857824
v 0.025734 -0.048225 0.859013
v 0.027719 -0.038838 0.861883
v 0.030160 -0.045965 0.863643
v 0.032027 -0.036228 0.865058
v 0.035075 -0.042987 0.867265
v 0.036598 -0.033089 0.867225
v 0.040290 -0.039406 0.869738
v 0.041257 -0.029542 0.868303
v 0.045605 -0.035360 0.870968
v 0.045824 -0.025723 0.868250
v 0.050816 -0.031002 0.870906
v 0.050124 -0.021779 0.867067
v 0.055722 -0.026503 0.869557
v 0.053992 -0.017861 0.864800
v 0.060135 -0.022033 0.866971
v 0.057279 -0.014121 0.861537
v 0.063885 -0.017765 0.863248
v 0.059859 -0.010700 0.857402
v 0.066828 -0.013863 0.858531
v 0.061632 -0.007732 0.852555
v 0.068852 -0.010477 0.853001
v 0.062531 -0.005331 0.847182
v 0.069877 -0.007737 0.846871
v 0.062521 -0.003588 0.841489
v 0.069865 -0.005748 0.840376
v 0.061602 -0.002570 0.835695
v 0.068817 -0.004587 0.833766
v 0.059809 -0.002317 0.830023
v 0.066772 -0.004298 0.827295
v 0.057213 -0.002838 0.824691
v 0.063809 -0.004893 0.821211
v 0.053911 -0.004113 0.819904
v 0.060043 -0.006348 0.815749
v 0.050032 -0.006094 0.815845
v 0.055617 -0.008608 0.811118
v 0.045724 -0.008704 0.812671
v 0.050702 -0.011586 0.807497
v 0.045487 -0.015167 0.805024
v 0.055826 -0.015606 0.803307
v 0.050167 -0.019492 0.800623
v 0.044400 -0.023883 0.799289
v 0.055014 -0.024652 0.797470
v 0.049016 -0.029219 0.796083
v 0.038746 -0.028611 0.799355
v 0.043136 -0.034135 0.796152
v 0.037600 -0.039213 0.797675
v 0.033422 -0.033493 0.800820
v 0.028634 -0.038343 0.803625
v 0.032620 -0.044257 0.800593
v 0.024565 -0.042974 0.807665
v 0.028388 -0.049073 0.804794
v 0.021371 -0.047208 0.812784
v 0.025067 -0.053476 0.810117
v 0.019176 -0.050882 0.818784
v 0.022784 -0.057297 0.816357
v 0.018063 -0.053855 0.825436
v 0.021627 -0.060389 0.823275
v 0.018076 -0.056013 0.832483
v 0.021640 -0.062633 0.830604
v 0.019214 -0.057273 0.839655
v 0.022823 -0.063943 0.838062
v 0.021432 -0.057586 0.846677
v 0.025131 -0.064269 0.845365
v 0.024647 -0.056941 0.853278
v 0.028474 -0.063598 0.852229
v 0.028734 -0.055362 0.859204
v 0.032724 -0.061956 0.858393
v 0.033537 -0.052910 0.864229
v 0.037719 -0.059406 0.863618
v 0.038870 -0.049679 0.868159
v 0.043265 -0.056046 0.867705
v 0.044529 -0.045793 0.870842
v 0.049150 -0.052005 0.870496
v 0.050296 -0.041402 0.872176
v 0.055148 -0.047438 0.871883
v 0.055950 -0.036675 0.872110
v 0.061027 -0.042522 0.871814
v 0.061273 -0.031792 0.870646
v 0.066564 -0.037444 0.870292
v 0.066061 -0.026942 0.867840
v 0.071543 -0.032400 0.867373
v 0.070130 -0.022311 0.863800
v 0.075775 -0.027584 0.863172
v 0.073324 -0.018077 0.858682
v 0.079096 -0.023181 0.857849
v 0.075519 -0.014403 0.852681
v 0.081379 -0.019360 0.851609
v 0.076632 -0.011430 0.846030
v 0.082536 -0.016268 0.844692
v 0.076619 -0.009272 0.838982
v 0.082523 -0.014024 0.837362
v 0.075482 -0.008012 0.831810
v 0.081340 -0.012714 0.829904
v 0.073263 -0.007699 0.824789
v 0.079033 -0.012388 0.822601
v 0.070048 -0.008344 0.818188
v 0.075690 -0.013059 0.815737
v 0.065961 -0.009923 0.812261
v 0.071439 -0.014701 0.809573
v 0.061159 -0.012375 0.807236
v 0.066445 -0.017251 0.804348
v 0.060899 -0.020611 0.800261
v 0.071272 -0.023049 0.802564
v 0.065725 -0.026409 0.798477
v 0.059840 -0.030450 0.795686
v 0.070120 -0.032775 0.798023
v 0.064462 -0.036661 0.795340
v 0.053843 -0.035016 0.794299
v 0.058694 -0.041052 0.794006
v 0.047963 -0.039933 0.794368
v 0.053040 -0.045780 0.794072
v 0.042427 -0.045011 0.795891
v 0.047717 -0.050663 0.795536
v 0.037447 -0.050054 0.798809
v 0.042929 -0.055512 0.798342
v 0.033215 -0.054870 0.803010
v 0.038860 -0.060143 0.802382
v 0.029894 -0.059273 0.808333
v 0.035666 -0.064377 0.807500
v 0.027611 -0.063094 0.814573
v 0.033471 -0.068051 0.813501
v 0.026454 -0.066186 0.821491
v 0.032358 -0.071025 0.820153
v 0.026467 -0.068431 0.828820
v 0.032371 -0.073183 0.827200
v 0.027650 -0.069741 0.836279
v 0.033508 -0.074442 0.834372
v 0.029957 -0.070067 0.843581
v 0.035727 -0.074756 0.841394
v 0.033301 -0.069396 0.850445
v 0.038942 -0.074111 0.847995
v 0.037551 -0.067754 0.856609
v 0.043029 -0.072532 0.853921
v 0.042545 -0.065203 0.861834
v 0.047831 -0.070079 0.858946
v 0.048091 -0.061843 0.865921
v 0.053164 -0.066848 0.862876
v 0.053977 -0.057802 0.868712
v 0.058823 -0.062963 0.865559
v 0.059974 -0.053236 0.870099
v 0.064590 -0.058572 0.866893
v 0.065854 -0.048319 0.870030
v 0.070244 -0.053844 0.866827
v 0.071390 -0.043241 0.868508
v 0.075568 -0.048961 0.865363
v 0.076370 -0.038198 0.865589
v 0.080356 -0.044111 0.862557
v 0.080602 -0.033382 0.861388
v 0.084425 -0.039481 0.858517
v 0.083923 -0.028979 0.856065
v 0.087619 -0.035247 0.853398
v 0.086206 -0.025158 0.849825
v 0.089814 -0.031573 0.847398
v 0.087363 -0.022066 0.842908
v 0.090927 -0.028599 0.840746
v 0.087350 -0.019821 0.835579
v 0.090914 -0.026441 0.833699
v 0.086167 -0.018511 0.828120
v 0.089776 -0.025182 0.826527
v 0.083859 -0.018185 0.820818
v 0.087558 -0.024868 0.819505
v 0.080516 -0.018856 0.813953
v 0.084343 -0.025513 0.812904
v 0.076266 -0.020498 0.807789
v 0.080256 -0.027092 0.806978
v 0.075454 -0.029545 0.801953
v 0.083256 -0.034230 0.807170
v 0.078830 -0.036489 0.802539
v 0.073915 -0.039467 0.798917
v 0.081272 -0.043616 0.804299
v 0.076963 -0.046226 0.801124
v 0.068700 -0.043048 0.796444
v 0.072392 -0.049365 0.798957
v 0.063385 -0.047095 0.795215
v 0.067734 -0.052912 0.797879
v 0.058174 -0.051452 0.795276
v 0.063166 -0.056731 0.797933
v 0.053268 -0.055952 0.796625
v 0.058866 -0.060675 0.799115
v 0.048855 -0.060422 0.799211
v 0.054998 -0.064593 0.801382
v 0.045105 -0.064690 0.802934
v 0.051711 -0.068334 0.804645
v 0.042162 -0.068591 0.807651
v 0.049131 -0.071754 0.808780
v 0.040139 -0.071978 0.813181
v 0.047358 -0.074722 0.813627
v 0.039113 -0.074718 0.819312
v 0.046459 -0.077124 0.819000
v 0.039125 -0.076706 0.825806
v 0.046470 -0.078867 0.824693
v 0.040173 -0.077868 0.832416
v 0.047388 -0.079885 0.830487
v 0.042218 -0.078156 0.838888
v 0.049181 -0.080138 0.836159
v 0.045181 -0.077562 0.844971
v 0.051778 -0.079617 0.841491
v 0.048947 -0.076107 0.850433
v 0.055079 -0.078341 0.846278
v 0.053373 -0.073847 0.855064
v 0.058958 -0.076360 0.850337
v 0.058288 -0.070869 0.858685
v 0.063266 -0.073750 0.853512
v 0.063503 -0.067288 0.861158
v 0.067838 -0.070612 0.855679
v 0.068819 -0.063241 0.862388
v 0.072496 -0.067064 0.856757
v 0.074029 -0.058884 0.862327
v 0.077064 -0.063245 0.856704
v 0.078935 -0.054384 0.860977
v 0.081364 -0.059301 0.855521
v 0.083348 -0.049914 0.858392
v 0.085232 -0.055384 0.853254
v 0.087098 -0.045647 0.854668
v 0.088519 -0.051643 0.849991
v 0.090042 -0.041745 0.849951
v 0.091098 -0.048223 0.845856
v 0.092065 -0.038359 0.844421
v 0.092872 -0.045255 0.841009
v 0.093090 -0.035618 0.838291
v 0.093771 -0.042853 0.835636
v 0.093079 -0.033630 0.831796
v 0.093760 -0.041110 0.829943
v 0.092030 -0.032468 0.825186
v 0.092841 -0.040092 0.824149
v 0.089985 -0.032180 0.818715
v 0.091049 -0.039839 0.818477
v 0.087023 -0.032774 0.812632
v 0.088452 -0.040360 0.813145
v 0.085151 -0.041636 0.808358
v 0.088577 -0.047979 0.814425
v 0.085868 -0.049026 0.810496
v 0.082684 -0.050652 0.807165
v 0.085379 -0.056117 0.813503
v 0.083013 -0.057325 0.811028
v 0.079148 -0.052794 0.804560
v 0.080386 -0.058916 0.809092
v 0.075397 -0.055370 0.802781
v 0.077598 -0.060830 0.807770
v 0.071574 -0.058281 0.801897
v 0.074757 -0.062994 0.807113
v 0.067825 -0.061415 0.801941
v 0.071972 -0.065322 0.807146
v 0.064296 -0.064652 0.802911
v 0.069350 -0.067728 0.807867
v 0.061122 -0.067867 0.804771
v 0.066991 -0.070117 0.809249
v 0.058424 -0.070937 0.807450
v 0.064987 -0.072398 0.811239
v 0.056307 -0.073744 0.810843
v 0.063413 -0.074484 0.813761
v 0.054852 -0.076179 0.814821
v 0.062332 -0.076293 0.816716
v 0.054114 -0.078150 0.819230
v 0.061784 -0.077758 0.819993
v 0.054123 -0.079581 0.823902
v 0.061790 -0.078821 0.823465
v 0.054877 -0.080416 0.828657
v 0.062350 -0.079442 0.826998
v 0.056348 -0.080624 0.833312
v 0.063443 -0.079596 0.830457
v 0.058479 -0.080196 0.837688
v 0.065027 -0.079278 0.833708
v 0.061188 -0.079149 0.841617
v 0.067040 -0.078500 0.836628
v 0.064372 -0.077524 0.844948
v 0.069406 -0.077293 0.839103
v 0.067907 -0.075382 0.847553
v 0.072033 -0.075701 0.841039
v 0.071659 -0.072806 0.849332
v 0.074821 -0.073787 0.842361
v 0.075482 -0.069895 0.850217
v 0.077662 -0.071624 0.843018
v 0.079231 -0.066761 0.850173
v 0.080447 -0.069295 0.842985
v 0.082760 -0.063524 0.849202
v 0.083069 -0.066890 0.842264
v 0.085934 -0.060309 0.847342
v 0.085428 -0.064501 0.840882
v 0.088631 -0.057239 0.844664
v 0.087432 -0.062219 0.838892
v 0.090749 -0.054432 0.841270
v 0.089006 -0.060134 0.836370
v 0.092204 -0.051996 0.837293
v 0.090087 -0.058324 0.833415
v 0.092942 -0.050025 0.832883
v 0.090635 -0.056859 0.830138
v 0.092933 -0.048595 0.828211
v 0.090629 -0.055796 0.826666
v 0.092179 -0.047759 0.823456
v 0.090069 -0.055175 0.823133
v 0.090708 -0.047552 0.818801
v 0.088976 -0.055021 0.819674
v 0.087392 -0.055339 0.816423
v 0.085946 -0.061928 0.821051
v 0.084967 -0.062124 0.819041
v 0.083722 -0.062605 0.817236
v 0.081590 -0.067282 0.820688
v 0.082178 -0.067055 0.821542
v 0.076922 -0.073470 0.828169
v 0.077690 -0.073005 0.828735
v 0.076906 -0.070675 0.819041
v 0.077672 -0.069973 0.818831
v 0.078486 -0.069292 0.818821
v 0.079316 -0.068660 0.819013
v 0.080131 -0.068101 0.819399
v 0.080899 -0.067635 0.819965
v 0.082641 -0.066962 0.822492
v 0.082960 -0.067007 0.823503
v 0.083124 -0.067189 0.824535
v 0.083126 -0.067499 0.825549
v 0.082966 -0.067927 0.826507
v 0.082650 -0.068456 0.827371
v 0.082190 -0.069066 0.828107
v 0.081604 -0.069732 0.828689
v 0.080915 -0.070430 0.829093
v 0.080149 -0.071133 0.829304
v 0.079335 -0.071814 0.829313
v 0.078505 -0.072446 0.829121
v 0.076231 -0.073823 0.827446
v 0.075643 -0.074051 0.826593
v 0.075180 -0.074144 0.825643
v 0.074861 -0.074098 0.824632
v 0.074697 -0.073917 0.823599
v 0.074695 -0.073606 0.822585
v 0.074855 -0.073178 0.821627
v 0.075171 -0.072650 0.820764
v 0.075631 -0.072040 0.820027
v 0.076217 -0.071374 0.819445
v 0.073813 -0.069783 0.813752
v 0.072355 -0.071260 0.814606
v 0.071116 -0.072670 0.815836
v 0.070143 -0.073959 0.817395
v 0.069475 -0.075078 0.819222
v 0.069136 -0.075984 0.821248
v 0.069140 -0.076641 0.823394
v 0.069486 -0.077025 0.825578
v 0.070162 -0.077120 0.827717
v 0.071141 -0.076924 0.829727
v 0.072385 -0.076443 0.831532
v 0.073848 -0.075696 0.833062
v 0.075472 -0.074712 0.834259
v 0.077195 -0.073529 0.835076
v 0.078952 -0.072192 0.835482
v 0.080673 -0.070752 0.835462
v 0.082295 -0.069265 0.835016
v 0.083753 -0.067788 0.834162
v 0.084992 -0.066378 0.832931
v 0.085964 -0.065088 0.831373
v 0.086633 -0.063969 0.829545
v 0.086972 -0.063064 0.827520
v 0.086968 -0.062407 0.825373
v 0.086622 -0.062023 0.823189
v 0.082260 -0.063352 0.815706
v 0.080636 -0.064336 0.814509
v 0.078912 -0.065519 0.813692
v 0.077156 -0.066856 0.813286
v 0.075434 -0.068296 0.813306
v 0.031795 -0.008926 0.831106
v 0.030039 -0.010263 0.830700
v 0.028317 -0.011703 0.830720
v 0.029655 -0.010641 0.836869
v 0.028841 -0.011321 0.836878
v 0.026696 -0.013190 0.831166
v 0.028075 -0.012024 0.837089
v 0.025237 -0.014667 0.832021
v 0.027386 -0.012722 0.837493
v 0.023998 -0.016077 0.833251
v 0.026800 -0.013389 0.838075
v 0.023026 -0.017366 0.834810
v 0.026340 -0.013998 0.838811
v 0.022357 -0.018485 0.836637
v 0.026024 -0.014527 0.839675
v 0.022018 -0.019391 0.838663
v 0.025864 -0.014955 0.840633
v 0.022022 -0.020048 0.840809
v 0.025866 -0.015266 0.841647
v 0.022369 -0.020431 0.842993
v 0.026030 -0.015447 0.842680
v 0.023044 -0.020527 0.845131
v 0.026349 -0.015492 0.843690
v 0.024023 -0.020330 0.847141
v 0.026812 -0.015399 0.844641
v 0.025268 -0.019850 0.848946
v 0.027400 -0.015172 0.845494
v 0.026730 -0.019103 0.850476
v 0.028091 -0.014819 0.846217
v 0.028354 -0.018119 0.851673
v 0.028859 -0.014354 0.846783
v 0.030078 -0.016936 0.852490
v 0.029674 -0.013795 0.847169
v 0.031834 -0.015598 0.852897
v 0.030504 -0.013163 0.847361
v 0.033556 -0.014159 0.852876
v 0.031318 -0.012482 0.847351
v 0.035177 -0.012672 0.852431
v 0.032084 -0.011779 0.847141
v 0.036635 -0.011195 0.851576
v 0.032773 -0.011081 0.846737
v 0.037874 -0.009784 0.850346
v 0.033359 -0.010414 0.846155
v 0.038847 -0.008495 0.848787
v 0.033819 -0.009805 0.845418
v 0.039515 -0.007376 0.846960
v 0.034135 -0.009276 0.844555
v 0.039854 -0.006471 0.844934
v 0.034295 -0.008848 0.843597
v 0.039850 -0.005814 0.842788
v 0.034293 -0.008537 0.842583
v 0.039504 -0.005430 0.840604
v 0.034129 -0.008356 0.841550
v 0.038828 -0.005334 0.838465
v 0.033810 -0.008311 0.840540
v 0.037849 -0.005531 0.836455
v 0.033347 -0.008404 0.839589
v 0.032759 -0.008631 0.838736
v 0.036605 -0.006012 0.834650
v 0.035142 -0.006759 0.833120
v 0.032068 -0.008984 0.838013
v 0.033518 -0.007742 0.831923
v 0.031300 -0.009449 0.837447
v 0.030485 -0.010009 0.837061
s 1
usemtl Solid.Three
f 484 483 1
f 3 1475 484
f 1475 450 1321
f 483 1321 2
f 485 582 4
f 1 1476 485
f 1476 2 580
f 582 580 96
f 487 486 5
f 6 1477 487
f 1477 3 484
f 486 484 1
f 488 1473 7
f 5 1478 488
f 1478 1 485
f 1473 485 4
f 490 489 8
f 9 1479 490
f 1479 6 487
f 489 487 5
f 491 1471 10
f 8 1480 491
f 1480 5 488
f 1471 488 7
f 493 492 11
f 12 1481 493
f 1481 9 490
f 492 490 8
f 494 1469 13
f 11 1482 494
f 1482 8 491
f 1469 491 10
f 496 495 14
f 15 1483 496
f 1483 12 493
f 495 493 11
f 497 1467 16
f 14 1484 497
f 1484 11 494
f 1467 494 13
f 499 498 17
f 18 1485 499
f 1485 15 496
f 498 496 14
f 500 1465 19
f 17 1486 500
f 1486 14 497
f 1465 497 16
f 502 501 20
f 21 1487 502
f 1487 18 499
f 501 499 17
f 503 1463 22
f 20 1488 503
f 1488 17 500
f 1463 500 19
f 505 504 23
f 24 1489 505
f 1489 21 502
f 504 502 20
f 506 1461 25
f 23 1490 506
f 1490 20 503
f 1461 503 22
f 508 507 26
f 27 1491 508
f 1491 24 505
f 507 505 23
f 509 1459 28
f 26 1492 509
f 1492 23 506
f 1459 506 25
f 511 510 29
f 30 1493 511
f 1493 27 508
f 510 508 26
f 512 1457 31
f 29 1494 512
f 1494 26 509
f 1457 509 28
f 514 513 32
f 33 1495 514
f 1495 30 511
f 513 511 29
f 515 1455 34
f 32 1496 515
f 1496 29 512
f 1455 512 31
f 517 516 35
f 36 1497 517
f 1497 33 514
f 516 514 32
f 518 1453 37
f 35 1498 518
f 1498 32 515
f 1453 515 34
f 520 519 38
f 39 1499 520
f 1499 36 517
f 519 517 35
f 521 1451 40
f 38 1500 521
f 1500 35 518
f 1451 518 37
f 523 522 41
f 42 1501 523
f 1501 39 520
f 522 520 38
f 524 1449 43
f 41 1502 524
f 1502 38 521
f 1449 521 40
f 526 525 44
f 45 1503 526
f 1503 42 523
f 525 523 41
f 527 1447 46
f 44 1504 527
f 1504 41 524
f 1447 524 43
f 529 528 47
f 48 1505 529
f 1505 45 526
f 528 526 44
f 530 1445 49
f 47 1506 530
f 1506 44 527
f 1445 527 46
f 532 531 50
f 51 1507 532
f 1507 48 529
f 531 529 47
f 533 1443 52
f 50 1508 533
f 1508 47 530
f 1443 530 49
f 535 534 53
f 54 1509 535
f 1509 51 532
f 534 532 50
f 536 1441 55
f 53 1510 536
f 1510 50 533
f 1441 533 52
f 538 537 56
f 57 1511 538
f 1511 54 535
f 537 535 53
f 539 1439 58
f 56 1512 539
f 1512 53 536
f 1439 536 55
f 541 540 59
f 60 1513 541
f 1513 57 538
f 540 538 56
f 542 1437 61
f 59 1514 542
f 1514 56 539
f 1437 539 58
f 544 543 62
f 63 1515 544
f 1515 60 541
f 543 541 59
f 545 1435 64
f 62 1516 545
f 1516 59 542
f 1435 542 61
f 547 546 65
f 66 1517 547
f 1517 63 544
f 546 544 62
f 548 1433 67
f 65 1518 548
f 1518 62 545
f 1433 545 64
f 550 549 68
f 69 1519 550
f 1519 66 547
f 549 547 65
f 551 1431 70
f 68 1520 551
f 1520 65 548
f 1431 548 67
f 553 552 71
f 72 1521 553
f 1521 69 550
f 552 550 68
f 554 1429 73
f 71 1522 554
f 1522 68 551
f 1429 551 70
f 556 555 74
f 75 1523 556
f 1523 72 553
f 555 553 71
f 557 1427 76
f 74 1524 557
f 1524 71 554
f 1427 554 73
f 559 558 77
f 78 1525 559
f 1525 75 556
f 558 556 74
f 560 1425 79
f 77 1526 560
f 1526 74 557
f 1425 557 76
f 562 561 80
f 81 1527 562
f 1527 78 559
f 561 559 77
f 563 1423 82
f 80 1528 563
f 1528 77 560
f 1423 560 79
f 565 564 83
f 84 1529 565
f 1529 81 562
f 564 562 80
f 566 1421 85
f 83 1530 566
f 1530 80 563
f 1421 563 82
f 568 567 86
f 87 1531 568
f 1531 84 565
f 567 565 83
f 569 1419 88
f 86 1532 569
f 1532 83 566
f 1419 566 85
f 571 570 89
f 90 1533 571
f 1533 87 568
f 570 568 86
f 572 1417 91
f 89 1534 572
f 1534 86 569
f 1417 569 88
f 574 573 92
f 93 1535 574
f 1535 90 571
f 573 571 89
f 575 579 94
f 92 1536 575
f 1536 89 572
f 579 572 91
f 1321 576 2
f 450 1537 1321
f 1537 93 574
f 576 574 92
f 580 578 96
f 2 1538 580
f 1538 92 575
f 578 575 94
f 577 675 95
f 94 1539 577
f 1539 91 673
f 675 673 157
f 581 585 97
f 96 1540 581
f 1540 94 577
f 585 577 95
f 586 584 99
f 4 1541 586
f 1541 96 581
f 584 581 97
f 583 681 98
f 97 1542 583
f 1542 95 679
f 681 679 160
f 587 1316 100
f 99 1543 587
f 1543 97 583
f 1316 583 98
f 589 588 101
f 7 1544 589
f 1544 4 586
f 588 586 99
f 590 1315 102
f 101 1545 590
f 1545 99 587
f 1315 587 100
f 592 591 103
f 10 1546 592
f 1546 7 589
f 591 589 101
f 593 1314 104
f 103 1547 593
f 1547 101 590
f 1314 590 102
f 595 594 105
f 13 1548 595
f 1548 10 592
f 594 592 103
f 596 1313 106
f 105 1549 596
f 1549 103 593
f 1313 593 104
f 598 597 107
f 16 1550 598
f 1550 13 595
f 597 595 105
f 599 1312 108
f 107 1551 599
f 1551 105 596
f 1312 596 106
f 601 600 109
f 19 1552 601
f 1552 16 598
f 600 598 107
f 602 1311 110
f 109 1553 602
f 1553 107 599
f 1311 599 108
f 604 603 111
f 22 1554 604
f 1554 19 601
f 603 601 109
f 605 1310 112
f 111 1555 605
f 1555 109 602
f 1310 602 110
f 607 606 113
f 25 1556 607
f 1556 22 604
f 606 604 111
f 608 1309 114
f 113 1557 608
f 1557 111 605
f 1309 605 112
f 610 609 115
f 28 1558 610
f 1558 25 607
f 609 607 113
f 611 1308 116
f 115 1559 611
f 1559 113 608
f 1308 608 114
f 613 612 117
f 31 1560 613
f 1560 28 610
f 612 610 115
f 614 1307 118
f 117 1561 614
f 1561 115 611
f 1307 611 116
f 616 615 119
f 34 1562 616
f 1562 31 613
f 615 613 117
f 617 1306 120
f 119 1563 617
f 1563 117 614
f 1306 614 118
f 619 618 121
f 37 1564 619
f 1564 34 616
f 618 616 119
f 620 1305 122
f 121 1565 620
f 1565 119 617
f 1305 617 120
f 622 621 123
f 40 1566 622
f 1566 37 619
f 621 619 121
f 623 1304 124
f 123 1567 623
f 1567 121 620
f 1304 620 122
f 625 624 125
f 43 1568 625
f 1568 40 622
f 624 622 123
f 626 1303 126
f 125 1569 626
f 1569 123 623
f 1303 623 124
f 628 627 127
f 46 1570 628
f 1570 43 625
f 627 625 125
f 629 1302 128
f 127 1571 629
f 1571 125 626
f 1302 626 126
f 631 630 129
f 49 1572 631
f 1572 46 628
f 630 628 127
f 632 1301 130
f 129 1573 632
f 1573 127 629
f 1301 629 128
f 634 633 131
f 52 1574 634
f 1574 49 631
f 633 631 129
f 635 1300 132
f 131 1575 635
f 1575 129 632
f 1300 632 130
f 637 636 133
f 55 1576 637
f 1576 52 634
f 636 634 131
f 638 1299 134
f 133 1577 638
f 1577 131 635
f 1299 635 132
f 640 639 135
f 58 1578 640
f 1578 55 637
f 639 637 133
f 641 1298 136
f 135 1579 641
f 1579 133 638
f 1298 638 134
f 643 642 137
f 61 1580 643
f 1580 58 640
f 642 640 135
f 644 1297 138
f 137 1581 644
f 1581 135 641
f 1297 641 136
f 646 645 139
f 64 1582 646
f 1582 61 643
f 645 643 137
f 647 1296 140
f 139 1583 647
f 1583 137 644
f 1296 644 138
f 649 648 141
f 67 1584 649
f 1584 64 646
f 648 646 139
f 650 1295 142
f 141 1585 650
f 1585 139 647
f 1295 647 140
f 652 651 143
f 70 1586 652
f 1586 67 649
f 651 649 141
f 653 1294 144
f 143 1587 653
f 1587 141 650
f 1294 650 142
f 655 654 145
f 73 1588 655
f 1588 70 652
f 654 652 143
f 656 1293 146
f 145 1589 656
f 1589 143 653
f 1293 653 144
f 658 657 147
f 76 1590 658
f 1590 73 655
f 657 655 145
f 659 1292 148
f 147 1591 659
f 1591 145 656
f 1292 656 146
f 661 660 149
f 79 1592 661
f 1592 76 658
f 660 658 147
f 662 1291 150
f 149 1593 662
f 1593 147 659
f 1291 659 148
f 664 663 151
f 82 1594 664
f 1594 79 661
f 663 661 149
f 665 1290 152
f 151 1595 665
f 1595 149 662
f 1290 662 150
f 667 666 153
f 85 1596 667
f 1596 82 664
f 666 664 151
f 668 1289 154
f 153 1597 668
f 1597 151 665
f 1289 665 152
f 670 669 155
f 88 1598 670
f 1598 85 667
f 669 667 153
f 671 1288 156
f 155 1599 671
f 1599 153 668
f 1288 668 154
f 673 672 157
f 91 1600 673
f 1600 88 670
f 672 670 155
f 674 678 158
f 157 1601 674
f 1601 155 671
f 678 671 156
f 679 677 160
f 95 1602 679
f 1602 157 674
f 677 674 158
f 676 774 159
f 158 1603 676
f 1603 156 772
f 774 772 221
f 680 684 161
f 160 1604 680
f 1604 158 676
f 684 676 159
f 685 683 163
f 98 1605 685
f 1605 160 680
f 683 680 161
f 682 780 162
f 161 1606 682
f 1606 159 778
f 780 778 224
f 686 1287 164
f 163 1607 686
f 1607 161 682
f 1607 162 1287
f 689 687 165
f 100 1608 689
f 1608 98 685
f 687 685 163
f 688 1286 166
f 165 1609 688
f 1609 163 686
f 1286 686 164
f 692 1285 168
f 167 1610 692
f 1610 165 688
f 1285 688 166
f 691 690 167
f 102 1611 691
f 1611 100 689
f 690 689 165
f 694 693 169
f 104 1612 694
f 1612 102 691
f 693 691 167
f 695 1284 170
f 169 1613 695
f 1613 167 692
f 1284 692 168
f 697 696 171
f 106 1614 697
f 1614 104 694
f 696 694 169
f 698 1283 172
f 171 1615 698
f 1615 169 695
f 1283 695 170
f 700 699 173
f 108 1616 700
f 1616 106 697
f 699 697 171
f 701 1282 174
f 173 1617 701
f 1617 171 698
f 1282 698 172
f 703 702 175
f 110 1618 703
f 1618 108 700
f 702 700 173
f 704 1281 176
f 175 1619 704
f 1619 173 701
f 1281 701 174
f 706 705 177
f 112 1620 706
f 1620 110 703
f 705 703 175
f 707 1280 178
f 177 1621 707
f 1621 175 704
f 1280 704 176
f 709 708 179
f 114 1622 709
f 1622 112 706
f 708 706 177
f 710 1279 180
f 179 1623 710
f 1623 177 707
f 1279 707 178
f 712 711 181
f 116 1624 712
f 1624 114 709
f 711 709 179
f 713 1278 182
f 181 1625 713
f 1625 179 710
f 1278 710 180
f 715 714 183
f 118 1626 715
f 1626 116 712
f 714 712 181
f 716 1277 184
f 183 1627 716
f 1627 181 713
f 1277 713 182
f 718 717 185
f 120 1628 718
f 1628 118 715
f 717 715 183
f 719 1276 186
f 185 1629 719
f 1629 183 716
f 1629 184 1276
f 721 720 187
f 122 1630 721
f 1630 120 718
f 720 718 185
f 722 1275 188
f 187 1631 722
f 1631 185 719
f 1275 719 186
f 724 723 189
f 124 1632 724
f 1632 122 721
f 723 721 187
f 725 1274 190
f 189 1633 725
f 1633 187 722
f 1633 188 1274
f 727 726 191
f 126 1634 727
f 1634 124 724
f 726 724 189
f 728 1273 192
f 191 1635 728
f 1635 189 725
f 1273 725 190
f 730 729 193
f 128 1636 730
f 1636 126 727
f 729 727 191
f 731 1272 194
f 193 1637 731
f 1637 191 728
f 1272 728 192
f 733 732 195
f 130 1638 733
f 1638 128 730
f 732 730 193
f 734 1271 196
f 195 1639 734
f 1639 193 731
f 1271 731 194
f 736 735 197
f 132 1640 736
f 1640 130 733
f 735 733 195
f 737 1270 198
f 197 1641 737
f 1641 195 734
f 1270 734 196
f 739 738 199
f 134 1642 739
f 1642 132 736
f 738 736 197
f 740 1269 200
f 199 1643 740
f 1643 197 737
f 1269 737 198
f 742 741 201
f 136 1644 742
f 1644 134 739
f 741 739 199
f 743 1268 202
f 201 1645 743
f 1645 199 740
f 1268 740 200
f 745 744 203
f 138 1646 745
f 1646 136 742
f 744 742 201
f 204 1647 1267
f 203 1647 746
f 1647 201 743
f 1267 743 202
f 748 747 205
f 140 1648 748
f 1648 138 745
f 747 745 203
f 749 1266 206
f 205 1649 749
f 1649 203 746
f 1266 746 204
f 751 750 207
f 142 1650 751
f 1650 140 748
f 750 748 205
f 752 1265 208
f 207 1651 752
f 1651 205 749
f 1265 749 206
f 754 753 209
f 144 1652 754
f 1652 142 751
f 753 751 207
f 755 1264 210
f 209 1653 755
f 1653 207 752
f 1264 752 208
f 757 756 211
f 146 1654 757
f 1654 144 754
f 756 754 209
f 758 1263 212
f 211 1655 758
f 1655 209 755
f 1263 755 210
f 760 759 213
f 148 1656 760
f 1656 146 757
f 759 757 211
f 761 1262 214
f 213 1657 761
f 1657 211 758
f 1262 758 212
f 763 762 215
f 150 1658 763
f 1658 148 760
f 762 760 213
f 764 1261 216
f 215 1659 764
f 1659 213 761
f 1261 761 214
f 766 765 217
f 152 1660 766
f 1660 150 763
f 765 763 215
f 767 1260 218
f 217 1661 767
f 1661 215 764
f 1260 764 216
f 769 768 219
f 154 1662 769
f 1662 152 766
f 768 766 217
f 770 1259 220
f 219 1663 770
f 1663 217 767
f 1259 767 218
f 772 771 221
f 156 1664 772
f 1664 154 769
f 771 769 219
f 773 777 222
f 221 1665 773
f 1665 219 770
f 777 770 220
f 778 776 224
f 159 1666 778
f 1666 221 773
f 776 773 222
f 223 1667 873
f 775 777 1667
f 777 871 1667
f 1667 285 873
f 225 1668 783
f 779 776 1668
f 776 775 1668
f 1668 223 783
f 227 1669 782
f 784 780 1669
f 780 779 1669
f 1669 225 782
f 226 1670 879
f 781 783 1670
f 783 877 1670
f 1670 288 879
f 228 1671 1258
f 785 782 1671
f 782 781 1671
f 1671 226 1258
f 229 1672 786
f 787 1287 1672
f 1672 162 784
f 1672 227 786
f 230 1673 1257
f 788 786 1673
f 786 785 1673
f 1673 228 1257
f 231 1674 789
f 790 1286 1674
f 1674 164 787
f 1674 229 789
f 232 1675 1256
f 791 789 1675
f 789 788 1675
f 1675 230 1256
f 233 1676 792
f 793 1285 1676
f 1285 790 1676
f 1676 231 792
f 234 1677 1255
f 794 792 1677
f 792 791 1677
f 1677 232 1255
f 235 1678 795
f 170 1678 796
f 1284 793 1678
f 1678 233 795
f 236 1679 1254
f 797 795 1679
f 795 794 1679
f 1679 234 1254
f 237 1680 798
f 172 1680 799
f 1283 796 1680
f 1680 235 798
f 238 1681 1253
f 800 798 1681
f 798 797 1681
f 1681 236 1253
f 239 1682 801
f 802 1282 1682
f 1282 799 1682
f 1682 237 801
f 240 1683 1252
f 803 801 1683
f 801 800 1683
f 1683 238 1252
f 241 1684 804
f 805 1281 1684
f 1281 802 1684
f 1684 239 804
f 242 1685 1251
f 806 804 1685
f 804 803 1685
f 1685 240 1251
f 243 1686 807
f 808 1280 1686
f 1280 805 1686
f 1686 241 807
f 244 1687 1250
f 809 807 1687
f 807 806 1687
f 1687 242 1250
f 245 1688 810
f 811 1279 1688
f 1279 808 1688
f 1688 243 810
f 246 1689 1249
f 812 810 1689
f 810 809 1689
f 1689 244 1249
f 247 1690 813
f 814 1278 1690
f 1278 811 1690
f 1690 245 813
f 248 1691 1248
f 815 813 1691
f 813 812 1691
f 1691 246 1248
f 249 1692 816
f 817 1277 1692
f 1277 814 1692
f 1692 247 816
f 250 1693 1247
f 818 816 1693
f 816 815 1693
f 1693 248 1247
f 251 1694 819
f 820 1276 1694
f 1276 817 1694
f 1694 249 819
f 252 1695 1246
f 821 819 1695
f 819 818 1695
f 1695 250 1246
f 253 1696 822
f 823 1275 1696
f 1275 820 1696
f 1696 251 822
f 254 1697 1245
f 824 822 1697
f 822 821 1697
f 1697 252 1245
f 255 1698 825
f 826 1274 1698
f 1274 823 1698
f 1698 253 825
f 256 1699 1244
f 827 825 1699
f 825 824 1699
f 1699 254 1244
f 257 1700 828
f 192 1700 829
f 1273 826 1700
f 1700 255 828
f 258 1701 1243
f 830 828 1701
f 828 827 1701
f 1701 256 1243
f 259 1702 831
f 832 1272 1702
f 1272 829 1702
f 1702 257 831
f 260 1703 1242
f 833 831 1703
f 831 830 1703
f 1703 258 1242
f 261 1704 834
f 835 1271 1704
f 1271 832 1704
f 1704 259 834
f 262 1705 1241
f 836 834 1705
f 834 833 1705
f 1705 260 1241
f 263 1706 837
f 838 1270 1706
f 1270 835 1706
f 1706 261 837
f 264 1707 1240
f 839 837 1707
f 837 836 1707
f 1707 262 1240
f 265 1708 840
f 841 1269 1708
f 1269 838 1708
f 1708 263 840
f 266 1709 1239
f 842 840 1709
f 840 839 1709
f 1709 264 1239
f 267 1710 843
f 844 1268 1710
f 1268 841 1710
f 1710 265 843
f 268 1711 1238
f 845 843 1711
f 843 842 1711
f 1711 266 1238
f 269 1712 846
f 847 1267 1712
f 1267 844 1712
f 1712 267 846
f 270 1713 1237
f 848 846 1713
f 846 845 1713
f 1713 268 1237
f 271 1714 849
f 850 1266 1714
f 1266 847 1714
f 1714 269 849
f 272 1715 1236
f 851 849 1715
f 849 848 1715
f 1715 270 1236
f 273 1716 852
f 853 1265 1716
f 1265 850 1716
f 1716 271 852
f 274 1717 1235
f 854 852 1717
f 852 851 1717
f 1717 272 1235
f 275 1718 855
f 210 1718 856
f 1264 853 1718
f 1718 273 855
f 276 1719 1234
f 857 855 1719
f 855 854 1719
f 1719 274 1234
f 277 1720 858
f 859 1263 1720
f 1263 856 1720
f 1720 275 858
f 278 1721 1233
f 860 858 1721
f 858 857 1721
f 1721 276 1233
f 279 1722 861
f 862 1262 1722
f 1262 859 1722
f 1722 277 861
f 280 1723 1232
f 863 861 1723
f 861 860 1723
f 1723 278 1232
f 281 1724 864
f 865 1261 1724
f 1261 862 1724
f 1724 279 864
f 282 1725 1231
f 866 864 1725
f 864 863 1725
f 1725 280 1231
f 283 1726 867
f 868 1260 1726
f 1260 865 1726
f 1726 281 867
f 284 1727 1230
f 869 867 1727
f 867 866 1727
f 1727 282 1230
f 285 1728 870
f 220 1728 871
f 1259 868 1728
f 1728 283 870
f 286 1729 876
f 872 870 1729
f 870 869 1729
f 1729 284 876
f 288 1730 875
f 877 873 1730
f 873 872 1730
f 1730 286 875
f 287 1731 972
f 874 876 1731
f 876 970 1731
f 1731 349 972
f 289 1732 882
f 878 875 1732
f 875 874 1732
f 1732 287 882
f 291 1733 881
f 883 879 1733
f 879 878 1733
f 1733 289 881
f 290 1734 978
f 880 882 1734
f 882 976 1734
f 1734 352 978
f 292 1735 1229
f 884 881 1735
f 881 880 1735
f 1735 290 1229
f 293 1736 885
f 886 1258 1736
f 1258 883 1736
f 1736 291 885
f 294 1737 1228
f 887 885 1737
f 885 884 1737
f 1737 292 1228
f 295 1738 888
f 889 1257 1738
f 1257 886 1738
f 1738 293 888
f 296 1739 1227
f 890 888 1739
f 888 887 1739
f 1739 294 1227
f 297 1740 891
f 892 1256 1740
f 1256 889 1740
f 1740 295 891
f 298 1741 1226
f 893 891 1741
f 891 890 1741
f 1741 296 1226
f 299 1742 894
f 895 1255 1742
f 1255 892 1742
f 1742 297 894
f 300 1743 1225
f 896 894 1743
f 894 893 1743
f 1743 298 1225
f 301 1744 897
f 898 1254 1744
f 1254 895 1744
f 1744 299 897
f 302 1745 1224
f 899 897 1745
f 897 896 1745
f 1745 300 1224
f 303 1746 900
f 901 1253 1746
f 1253 898 1746
f 1746 301 900
f 304 1747 1223
f 902 900 1747
f 900 899 1747
f 1747 302 1223
f 305 1748 903
f 904 1252 1748
f 1252 901 1748
f 1748 303 903
f 306 1749 1222
f 905 903 1749
f 903 902 1749
f 1749 304 1222
f 307 1750 906
f 907 1251 1750
f 1251 904 1750
f 1750 305 906
f 308 1751 1221
f 908 906 1751
f 906 905 1751
f 1751 306 1221
f 309 1752 909
f 910 1250 1752
f 1250 907 1752
f 1752 307 909
f 310 1753 1220
f 911 909 1753
f 909 908 1753
f 1753 308 1220
f 311 1754 912
f 913 1249 1754
f 1249 910 1754
f 1754 309 912
f 312 1755 1219
f 914 912 1755
f 912 911 1755
f 1755 310 1219
f 313 1756 915
f 916 1248 1756
f 1248 913 1756
f 1756 311 915
f 314 1757 1218
f 917 915 1757
f 915 914 1757
f 1757 312 1218
f 315 1758 918
f 919 1247 1758
f 1247 916 1758
f 1758 313 918
f 316 1759 1217
f 920 918 1759
f 918 917 1759
f 1759 314 1217
f 317 1760 921
f 922 1246 1760
f 1246 919 1760
f 1760 315 921
f 318 1761 1216
f 923 921 1761
f 921 920 1761
f 1761 316 1216
f 319 1762 924
f 925 1245 1762
f 1245 922 1762
f 1762 317 924
f 320 1763 1215
f 926 924 1763
f 924 923 1763
f 1763 318 1215
f 321 1764 927
f 928 1244 1764
f 1244 925 1764
f 1764 319 927
f 322 1765 1214
f 929 927 1765
f 927 926 1765
f 1765 320 1214
f 323 1766 930
f 931 1243 1766
f 1243 928 1766
f 1766 321 930
f 324 1767 1213
f 932 930 1767
f 930 929 1767
f 1767 322 1213
f 325 1768 933
f 934 1242 1768
f 1242 931 1768
f 1768 323 933
f 326 1769 1212
f 935 933 1769
f 933 932 1769
f 1769 324 1212
f 327 1770 936
f 937 1241 1770
f 1241 934 1770
f 1770 325 936
f 328 1771 1211
f 938 936 1771
f 936 935 1771
f 1771 326 1211
f 329 1772 939
f 940 1240 1772
f 1240 937 1772
f 1772 327 939
f 330 1773 1210
f 941 939 1773
f 939 938 1773
f 1773 328 1210
f 331 1774 942
f 943 1239 1774
f 1239 940 1774
f 1774 329 942
f 332 1775 1209
f 944 942 1775
f 942 941 1775
f 1775 330 1209
f 333 1776 945
f 946 1238 1776
f 1238 943 1776
f 1776 331 945
f 334 1777 1208
f 947 945 1777
f 945 944 1777
f 1777 332 1208
f 335 1778 948
f 949 1237 1778
f 1237 946 1778
f 1778 333 948
f 336 1779 1207
f 950 948 1779
f 948 947 1779
f 1779 334 1207
f 337 1780 951
f 952 1236 1780
f 1236 949 1780
f 1780 335 951
f 338 1781 1206
f 953 951 1781
f 951 950 1781
f 1781 336 1206
f 339 1782 954
f 955 1235 1782
f 1235 952 1782
f 1782 337 954
f 340 1783 1205
f 956 954 1783
f 954 953 1783
f 1783 338 1205
f 341 1784 957
f 958 1234 1784
f 1234 955 1784
f 1784 339 957
f 342 1785 1204
f 959 957 1785
f 957 956 1785
f 1785 340 1204
f 343 1786 960
f 961 1233 1786
f 1233 958 1786
f 1786 341 960
f 344 1787 1203
f 962 960 1787
f 960 959 1787
f 1787 342 1203
f 345 1788 963
f 964 1232 1788
f 1232 961 1788
f 1788 343 963
f 346 1789 1202
f 965 963 1789
f 963 962 1789
f 1789 344 1202
f 347 1790 966
f 967 1231 1790
f 1231 964 1790
f 1790 345 966
f 348 1791 1201
f 968 966 1791
f 966 965 1791
f 1791 346 1201
f 349 1792 969
f 970 1230 1792
f 1230 967 1792
f 1792 347 969
f 350 1793 975
f 971 969 1793
f 969 968 1793
f 1793 348 975
f 352 1794 974
f 976 972 1794
f 972 971 1794
f 1794 350 974
f 351 1795 1071
f 973 975 1795
f 975 1069 1795
f 1795 413 1071
f 353 1796 981
f 977 974 1796
f 974 973 1796
f 1796 351 981
f 355 1797 980
f 982 978 1797
f 978 977 1797
f 1797 353 980
f 354 1798 1077
f 979 981 1798
f 981 1075 1798
f 1798 416 1077
f 356 1799 1200
f 983 980 1799
f 980 979 1799
f 1799 354 1200
f 357 1800 984
f 985 1229 1800
f 1229 982 1800
f 1800 355 984
f 358 1801 1199
f 986 984 1801
f 984 983 1801
f 1801 356 1199
f 359 1802 987
f 988 1228 1802
f 1228 985 1802
f 1802 357 987
f 360 1803 1198
f 989 987 1803
f 987 986 1803
f 1803 358 1198
f 361 1804 990
f 991 1227 1804
f 1227 988 1804
f 1804 359 990
f 362 1805 1197
f 992 990 1805
f 990 989 1805
f 1805 360 1197
f 363 1806 993
f 994 1226 1806
f 1226 991 1806
f 1806 361 993
f 364 1807 1196
f 995 993 1807
f 993 992 1807
f 1807 362 1196
f 365 1808 996
f 997 1225 1808
f 1225 994 1808
f 1808 363 996
f 366 1809 1195
f 998 996 1809
f 996 995 1809
f 1809 364 1195
f 367 1810 999
f 1000 1224 1810
f 1224 997 1810
f 1810 365 999
f 368 1811 1194
f 1001 999 1811
f 999 998 1811
f 1811 366 1194
f 369 1812 1002
f 1003 1223 1812
f 1223 1000 1812
f 1812 367 1002
f 370 1813 1193
f 1004 1002 1813
f 1002 1001 1813
f 1813 368 1193
f 371 1814 1005
f 1006 1222 1814
f 1222 1003 1814
f 1814 369 1005
f 372 1815 1192
f 1007 1005 1815
f 1005 1004 1815
f 1815 370 1192
f 373 1816 1008
f 1009 1221 1816
f 1221 1006 1816
f 1816 371 1008
f 374 1817 1191
f 1010 1008 1817
f 1008 1007 1817
f 1817 372 1191
f 375 1818 1011
f 1012 1220 1818
f 1220 1009 1818
f 1818 373 1011
f 376 1819 1190
f 1013 1011 1819
f 1011 1010 1819
f 1819 374 1190
f 377 1820 1014
f 1015 1219 1820
f 1219 1012 1820
f 1820 375 1014
f 378 1821 1189
f 1016 1014 1821
f 1014 1013 1821
f 1821 376 1189
f 379 1822 1017
f 1018 1218 1822
f 1218 1015 1822
f 1822 377 1017
f 380 1823 1188
f 1019 1017 1823
f 1017 1016 1823
f 1823 378 1188
f 381 1824 1020
f 1021 1217 1824
f 1217 1018 1824
f 1824 379 1020
f 382 1825 1187
f 1022 1020 1825
f 1020 1019 1825
f 1825 380 1187
f 383 1826 1023
f 1024 1216 1826
f 1216 1021 1826
f 1826 381 1023
f 384 1827 1186
f 1025 1023 1827
f 1023 1022 1827
f 1827 382 1186
f 385 1828 1026
f 1027 1215 1828
f 1215 1024 1828
f 1828 383 1026
f 386 1829 1185
f 1028 1026 1829
f 1026 1025 1829
f 1829 384 1185
f 387 1830 1029
f 1030 1214 1830
f 1214 1027 1830
f 1830 385 1029
f 388 1831 1184
f 1031 1029 1831
f 1029 1028 1831
f 1831 386 1184
f 389 1832 1032
f 1033 1213 1832
f 1213 1030 1832
f 1832 387 1032
f 390 1833 1183
f 1034 1032 1833
f 1032 1031 1833
f 1833 388 1183
f 391 1834 1035
f 1036 1212 1834
f 1212 1033 1834
f 1834 389 1035
f 392 1835 1182
f 1037 1035 1835
f 1035 1034 1835
f 1835 390 1182
f 393 1836 1038
f 1039 1211 1836
f 1211 1036 1836
f 1836 391 1038
f 394 1837 1181
f 1040 1038 1837
f 1038 1037 1837
f 1837 392 1181
f 395 1838 1041
f 1042 1210 1838
f 1210 1039 1838
f 1838 393 1041
f 396 1839 1180
f 1043 1041 1839
f 1041 1040 1839
f 1839 394 1180
f 397 1840 1044
f 1045 1209 1840
f 1209 1042 1840
f 1840 395 1044
f 398 1841 1179
f 1046 1044 1841
f 1044 1043 1841
f 1841 396 1179
f 399 1842 1047
f 1048 1208 1842
f 1208 1045 1842
f 1842 397 1047
f 400 1843 1178
f 1049 1047 1843
f 1047 1046 1843
f 1843 398 1178
f 401 1844 1050
f 1051 1207 1844
f 1207 1048 1844
f 1844 399 1050
f 402 1845 1177
f 1052 1050 1845
f 1050 1049 1845
f 1845 400 1177
f 403 1846 1053
f 1054 1206 1846
f 1206 1051 1846
f 1846 401 1053
f 404 1847 1176
f 1055 1053 1847
f 1053 1052 1847
f 1847 402 1176
f 405 1848 1056
f 1057 1205 1848
f 1205 1054 1848
f 1848 403 1056
f 406 1849 1175
f 1058 1056 1849
f 1056 1055 1849
f 1849 404 1175
f 407 1850 1059
f 1060 1204 1850
f 1204 1057 1850
f 1850 405 1059
f 408 1851 1174
f 1061 1059 1851
f 1059 1058 1851
f 1851 406 1174
f 409 1852 1062
f 1063 1203 1852
f 1203 1060 1852
f 1852 407 1062
f 410 1853 1173
f 1064 1062 1853
f 1062 1061 1853
f 1853 408 1173
f 411 1854 1065
f 1066 1202 1854
f 1202 1063 1854
f 1854 409 1065
f 412 1855 1172
f 1067 1065 1855
f 1065 1064 1855
f 1855 410 1172
f 413 1856 1068
f 1069 1201 1856
f 1201 1066 1856
f 1856 411 1068
f 414 1857 1074
f 1070 1068 1857
f 1068 1067 1857
f 1857 412 1074
f 416 1858 1073
f 1075 1071 1858
f 1071 1070 1858
f 1858 414 1073
f 1072 1159 415
f 414 1859 1072
f 1859 412 1158
f 1159 1158 426
f 1076 1079 417
f 416 1860 1076
f 1860 414 1072
f 1079 1072 415
f 1171 1078 418
f 354 1861 1171
f 1861 416 1076
f 1078 1076 417
f 1087 1080 419
f 418 1862 1087
f 417 1862 1078
f 1080 1088 419
f 417 1863 1080
f 415 1863 1079
f 1081 1101 419
f 420 1864 1081
f 438 1864 1134
f 1100 1081 419
f 437 1865 1100
f 420 1865 1137
f 1111 1082 419
f 448 1866 1111
f 421 1866 1114
f 1082 1083 419
f 421 1867 1082
f 422 1867 1168
f 1083 1084 419
f 422 1868 1083
f 423 1868 1166
f 1084 1085 419
f 423 1869 1084
f 424 1869 1164
f 1085 1086 419
f 424 1870 1085
f 425 1870 1161
f 1086 1087 419
f 425 1871 1086
f 418 1871 1162
f 1088 1089 419
f 415 1872 1088
f 426 1872 1159
f 1089 1090 419
f 426 1873 1089
f 427 1873 1157
f 1090 1091 419
f 427 1874 1090
f 428 1874 1155
f 1091 1092 419
f 428 1875 1091
f 429 1875 1153
f 1092 1093 419
f 429 1876 1092
f 430 1876 1151
f 1093 1094 419
f 430 1877 1093
f 431 1877 1149
f 1094 1095 419
f 431 1878 1094
f 432 1878 1147
f 1095 1096 419
f 432 1879 1095
f 433 1879 1145
f 1096 1097 419
f 433 1880 1096
f 434 1880 1143
f 1097 1098 419
f 434 1881 1097
f 435 1881 1141
f 1098 1099 419
f 435 1882 1098
f 436 1882 1139
f 1099 1100 419
f 436 1883 1099
f 437 1883 1136
f 1101 1102 419
f 438 1884 1101
f 439 1884 1132
f 1102 1103 419
f 439 1885 1102
f 440 1885 1130
f 1103 1104 419
f 440 1886 1103
f 441 1886 1128
f 1104 1105 419
f 441 1887 1104
f 442 1887 1126
f 1105 1106 419
f 442 1888 1105
f 443 1888 1124
f 1106 1107 419
f 443 1889 1106
f 444 1889 1122
f 1107 1108 419
f 444 1890 1107
f 445 1890 1120
f 1108 1109 419
f 445 1891 1108
f 446 1891 1118
f 1109 1110 419
f 446 1892 1109
f 447 1892 1116
f 1110 1111 419
f 447 1893 1110
f 448 1893 1113
f 1112 1114 448
f 366 1894 1112
f 1894 364 1169
f 1114 1169 421
f 1115 1113 447
f 368 1895 1115
f 1895 366 1112
f 1113 1112 448
f 1117 1116 446
f 370 1896 1117
f 1896 368 1115
f 1116 1115 447
f 1119 1118 445
f 372 1897 1119
f 1897 370 1117
f 1118 1117 446
f 1121 1120 444
f 374 1898 1121
f 1898 372 1119
f 1120 1119 445
f 1123 1122 443
f 376 1899 1123
f 1899 374 1121
f 1122 1121 444
f 1125 1124 442
f 378 1900 1125
f 1900 376 1123
f 1124 1123 443
f 1127 1126 441
f 380 1901 1127
f 1901 378 1125
f 1126 1125 442
f 1129 1128 440
f 382 1902 1129
f 1902 380 1127
f 1128 1127 441
f 1131 1130 439
f 384 1903 1131
f 1903 382 1129
f 1130 1129 440
f 1133 1132 438
f 386 1904 1133
f 1904 384 1131
f 1132 1131 439
f 1170 1134 420
f 388 1905 1170
f 1905 386 1133
f 1134 1133 438
f 1135 1137 437
f 390 1906 1135
f 1906 388 1170
f 1137 1170 420
f 1138 1136 436
f 392 1907 1138
f 1907 390 1135
f 1136 1135 437
f 1140 1139 435
f 394 1908 1140
f 1908 392 1138
f 1139 1138 436
f 1142 1141 434
f 396 1909 1142
f 1909 394 1140
f 1141 1140 435
f 1144 1143 433
f 398 1910 1144
f 1910 396 1142
f 1143 1142 434
f 1146 1145 432
f 400 1911 1146
f 1911 398 1144
f 1145 1144 433
f 1148 1147 431
f 402 1912 1148
f 1912 400 1146
f 1147 1146 432
f 1150 1149 430
f 404 1913 1150
f 1913 402 1148
f 1149 1148 431
f 1152 1151 429
f 406 1914 1152
f 1914 404 1150
f 1151 1150 430
f 1154 1153 428
f 408 1915 1154
f 1915 406 1152
f 1153 1152 429
f 1156 1155 427
f 410 1916 1156
f 1916 408 1154
f 1155 1154 428
f 1158 1157 426
f 412 1917 1158
f 1917 410 1156
f 1157 1156 427
f 1160 1162 425
f 356 1918 1160
f 1918 354 1171
f 1162 1171 418
f 1163 1161 424
f 358 1919 1163
f 1919 356 1160
f 1161 1160 425
f 1165 1164 423
f 360 1920 1165
f 1920 358 1163
f 1164 1163 424
f 1167 1166 422
f 362 1921 1167
f 1921 360 1165
f 1166 1165 423
f 1169 1168 421
f 364 1922 1169
f 1922 362 1167
f 1168 1167 422
f 484 1475 483
f 3 1322 1475
f 1475 1322 450
f 483 1475 1321
f 485 1476 582
f 1 483 1476
f 1476 483 2
f 582 1476 580
f 487 1477 486
f 6 1474 1477
f 1477 1474 3
f 486 1477 484
f 488 1478 1473
f 5 486 1478
f 1478 486 1
f 1473 1478 485
f 490 1479 489
f 9 1472 1479
f 1479 1472 6
f 489 1479 487
f 491 1480 1471
f 8 489 1480
f 1480 489 5
f 1471 1480 488
f 493 1481 492
f 12 1470 1481
f 1481 1470 9
f 492 1481 490
f 494 1482 1469
f 11 492 1482
f 1482 492 8
f 1469 1482 491
f 496 1483 495
f 15 1468 1483
f 1483 1468 12
f 495 1483 493
f 497 1484 1467
f 14 495 1484
f 1484 495 11
f 1467 1484 494
f 499 1485 498
f 18 1466 1485
f 1485 1466 15
f 498 1485 496
f 500 1486 1465
f 17 498 1486
f 1486 498 14
f 1465 1486 497
f 502 1487 501
f 21 1464 1487
f 1487 1464 18
f 501 1487 499
f 503 1488 1463
f 20 501 1488
f 1488 501 17
f 1463 1488 500
f 505 1489 504
f 24 1462 1489
f 1489 1462 21
f 504 1489 502
f 506 1490 1461
f 23 504 1490
f 1490 504 20
f 1461 1490 503
f 508 1491 507
f 27 1460 1491
f 1491 1460 24
f 507 1491 505
f 509 1492 1459
f 26 507 1492
f 1492 507 23
f 1459 1492 506
f 511 1493 510
f 30 1458 1493
f 1493 1458 27
f 510 1493 508
f 512 1494 1457
f 29 510 1494
f 1494 510 26
f 1457 1494 509
f 514 1495 513
f 33 1456 1495
f 1495 1456 30
f 513 1495 511
f 515 1496 1455
f 32 513 1496
f 1496 513 29
f 1455 1496 512
f 517 1497 516
f 36 1454 1497
f 1497 1454 33
f 516 1497 514
f 518 1498 1453
f 35 516 1498
f 1498 516 32
f 1453 1498 515
f 520 1499 519
f 39 1452 1499
f 1499 1452 36
f 519 1499 517
f 521 1500 1451
f 38 519 1500
f 1500 519 35
f 1451 1500 518
f 523 1501 522
f 42 1450 1501
f 1501 1450 39
f 522 1501 520
f 524 1502 1449
f 41 522 1502
f 1502 522 38
f 1449 1502 521
f 526 1503 525
f 45 1448 1503
f 1503 1448 42
f 525 1503 523
f 527 1504 1447
f 44 525 1504
f 1504 525 41
f 1447 1504 524
f 529 1505 528
f 48 1446 1505
f 1505 1446 45
f 528 1505 526
f 530 1506 1445
f 47 528 1506
f 1506 528 44
f 1445 1506 527
f 532 1507 531
f 51 1444 1507
f 1507 1444 48
f 531 1507 529
f 533 1508 1443
f 50 531 1508
f 1508 531 47
f 1443 1508 530
f 535 1509 534
f 54 1442 1509
f 1509 1442 51
f 534 1509 532
f 536 1510 1441
f 53 534 1510
f 1510 534 50
f 1441 1510 533
f 538 1511 537
f 57 1440 1511
f 1511 1440 54
f 537 1511 535
f 539 1512 1439
f 56 537 1512
f 1512 537 53
f 1439 1512 536
f 541 1513 540
f 60 1438 1513
f 1513 1438 57
f 540 1513 538
f 542 1514 1437
f 59 540 1514
f 1514 540 56
f 1437 1514 539
f 544 1515 543
f 63 1436 1515
f 1515 1436 60
f 543 1515 541
f 545 1516 1435
f 62 543 1516
f 1516 543 59
f 1435 1516 542
f 547 1517 546
f 66 1434 1517
f 1517 1434 63
f 546 1517 544
f 548 1518 1433
f 65 546 1518
f 1518 546 62
f 1433 1518 545
f 550 1519 549
f 69 1432 1519
f 1519 1432 66
f 549 1519 547
f 551 1520 1431
f 68 549 1520
f 1520 549 65
f 1431 1520 548
f 553 1521 552
f 72 1430 1521
f 1521 1430 69
f 552 1521 550
f 554 1522 1429
f 71 552 1522
f 1522 552 68
f 1429 1522 551
f 556 1523 555
f 75 1428 1523
f 1523 1428 72
f 555 1523 553
f 557 1524 1427
f 74 555 1524
f 1524 555 71
f 1427 1524 554
f 559 1525 558
f 78 1426 1525
f 1525 1426 75
f 558 1525 556
f 560 1526 1425
f 77 558 1526
f 1526 558 74
f 1425 1526 557
f 562 1527 561
f 81 1424 1527
f 1527 1424 78
f 561 1527 559
f 563 1528 1423
f 80 561 1528
f 1528 561 77
f 1423 1528 560
f 565 1529 564
f 84 1422 1529
f 1529 1422 81
f 564 1529 562
f 566 1530 1421
f 83 564 1530
f 1530 564 80
f 1421 1530 563
f 568 1531 567
f 87 1420 1531
f 1531 1420 84
f 567 1531 565
f 569 1532 1419
f 86 567 1532
f 1532 567 83
f 1419 1532 566
f 571 1533 570
f 90 1418 1533
f 1533 1418 87
f 570 1533 568
f 572 1534 1417
f 89 570 1534
f 1534 570 86
f 1417 1534 569
f 574 1535 573
f 93 1319 1535
f 1535 1319 90
f 573 1535 571
f 575 1536 579
f 92 573 1536
f 1536 573 89
f 579 1536 572
f 1321 1537 576
f 450 1318 1537
f 1537 1318 93
f 576 1537 574
f 580 1538 578
f 2 576 1538
f 1538 576 92
f 578 1538 575
f 577 1539 675
f 94 579 1539
f 1539 579 91
f 675 1539 673
f 581 1540 585
f 96 578 1540
f 1540 578 94
f 585 1540 577
f 586 1541 584
f 4 582 1541
f 1541 582 96
f 584 1541 581
f 583 1542 681
f 97 585 1542
f 1542 585 95
f 681 1542 679
f 587 1543 1316
f 99 584 1543
f 1543 584 97
f 1316 1543 583
f 589 1544 588
f 7 1473 1544
f 1544 1473 4
f 588 1544 586
f 590 1545 1315
f 101 588 1545
f 1545 588 99
f 1315 1545 587
f 592 1546 591
f 10 1471 1546
f 1546 1471 7
f 591 1546 589
f 593 1547 1314
f 103 591 1547
f 1547 591 101
f 1314 1547 590
f 595 1548 594
f 13 1469 1548
f 1548 1469 10
f 594 1548 592
f 596 1549 1313
f 105 594 1549
f 1549 594 103
f 1313 1549 593
f 598 1550 597
f 16 1467 1550
f 1550 1467 13
f 597 1550 595
f 599 1551 1312
f 107 597 1551
f 1551 597 105
f 1312 1551 596
f 601 1552 600
f 19 1465 1552
f 1552 1465 16
f 600 1552 598
f 602 1553 1311
f 109 600 1553
f 1553 600 107
f 1311 1553 599
f 604 1554 603
f 22 1463 1554
f 1554 1463 19
f 603 1554 601
f 605 1555 1310
f 111 603 1555
f 1555 603 109
f 1310 1555 602
f 607 1556 606
f 25 1461 1556
f 1556 1461 22
f 606 1556 604
f 608 1557 1309
f 113 606 1557
f 1557 606 111
f 1309 1557 605
f 610 1558 609
f 28 1459 1558
f 1558 1459 25
f 609 1558 607
f 611 1559 1308
f 115 609 1559
f 1559 609 113
f 1308 1559 608
f 613 1560 612
f 31 1457 1560
f 1560 1457 28
f 612 1560 610
f 614 1561 1307
f 117 612 1561
f 1561 612 115
f 1307 1561 611
f 616 1562 615
f 34 1455 1562
f 1562 1455 31
f 615 1562 613
f 617 1563 1306
f 119 615 1563
f 1563 615 117
f 1306 1563 614
f 619 1564 618
f 37 1453 1564
f 1564 1453 34
f 618 1564 616
f 620 1565 1305
f 121 618 1565
f 1565 618 119
f 1305 1565 617
f 622 1566 621
f 40 1451 1566
f 1566 1451 37
f 621 1566 619
f 623 1567 1304
f 123 621 1567
f 1567 621 121
f 1304 1567 620
f 625 1568 624
f 43 1449 1568
f 1568 1449 40
f 624 1568 622
f 626 1569 1303
f 125 624 1569
f 1569 624 123
f 1303 1569 623
f 628 1570 627
f 46 1447 1570
f 1570 1447 43
f 627 1570 625
f 629 1571 1302
f 127 627 1571
f 1571 627 125
f 1302 1571 626
f 631 1572 630
f 49 1445 1572
f 1572 1445 46
f 630 1572 628
f 632 1573 1301
f 129 630 1573
f 1573 630 127
f 1301 1573 629
f 634 1574 633
f 52 1443 1574
f 1574 1443 49
f 633 1574 631
f 635 1575 1300
f 131 633 1575
f 1575 633 129
f 1300 1575 632
f 637 1576 636
f 55 1441 1576
f 1576 1441 52
f 636 1576 634
f 638 1577 1299
f 133 636 1577
f 1577 636 131
f 1299 1577 635
f 640 1578 639
f 58 1439 1578
f 1578 1439 55
f 639 1578 637
f 641 1579 1298
f 135 639 1579
f 1579 639 133
f 1298 1579 638
f 643 1580 642
f 61 1437 1580
f 1580 1437 58
f 642 1580 640
f 644 1581 1297
f 137 642 1581
f 1581 642 135
f 1297 1581 641
f 646 1582 645
f 64 1435 1582
f 1582 1435 61
f 645 1582 643
f 647 1583 1296
f 139 645 1583
f 1583 645 137
f 1296 1583 644
f 649 1584 648
f 67 1433 1584
f 1584 1433 64
f 648 1584 646
f 650 1585 1295
f 141 648 1585
f 1585 648 139
f 1295 1585 647
f 652 1586 651
f 70 1431 1586
f 1586 1431 67
f 651 1586 649
f 653 1587 1294
f 143 651 1587
f 1587 651 141
f 1294 1587 650
f 655 1588 654
f 73 1429 1588
f 1588 1429 70
f 654 1588 652
f 656 1589 1293
f 145 654 1589
f 1589 654 143
f 1293 1589 653
f 658 1590 657
f 76 1427 1590
f 1590 1427 73
f 657 1590 655
f 659 1591 1292
f 147 657 1591
f 1591 657 145
f 1292 1591 656
f 661 1592 660
f 79 1425 1592
f 1592 1425 76
f 660 1592 658
f 662 1593 1291
f 149 660 1593
f 1593 660 147
f 1291 1593 659
f 664 1594 663
f 82 1423 1594
f 1594 1423 79
f 663 1594 661
f 665 1595 1290
f 151 663 1595
f 1595 663 149
f 1290 1595 662
f 667 1596 666
f 85 1421 1596
f 1596 1421 82
f 666 1596 664
f 668 1597 1289
f 153 666 1597
f 1597 666 151
f 1289 1597 665
f 670 1598 669
f 88 1419 1598
f 1598 1419 85
f 669 1598 667
f 671 1599 1288
f 155 669 1599
f 1599 669 153
f 1288 1599 668
f 673 1600 672
f 91 1417 1600
f 1600 1417 88
f 672 1600 670
f 674 1601 678
f 157 672 1601
f 1601 672 155
f 678 1601 671
f 679 1602 677
f 95 675 1602
f 1602 675 157
f 677 1602 674
f 676 1603 774
f 158 678 1603
f 1603 678 156
f 774 1603 772
f 680 1604 684
f 160 677 1604
f 1604 677 158
f 684 1604 676
f 685 1605 683
f 98 681 1605
f 1605 681 160
f 683 1605 680
f 682 1606 780
f 161 684 1606
f 1606 684 159
f 780 1606 778
f 686 1607 1287
f 163 683 1607
f 1607 683 161
f 1607 682 162
f 689 1608 687
f 100 1316 1608
f 1608 1316 98
f 687 1608 685
f 688 1609 1286
f 165 687 1609
f 1609 687 163
f 1286 1609 686
f 692 1610 1285
f 167 690 1610
f 1610 690 165
f 1285 1610 688
f 691 1611 690
f 102 1315 1611
f 1611 1315 100
f 690 1611 689
f 694 1612 693
f 104 1314 1612
f 1612 1314 102
f 693 1612 691
f 695 1613 1284
f 169 693 1613
f 1613 693 167
f 1284 1613 692
f 697 1614 696
f 106 1313 1614
f 1614 1313 104
f 696 1614 694
f 698 1615 1283
f 171 696 1615
f 1615 696 169
f 1283 1615 695
f 700 1616 699
f 108 1312 1616
f 1616 1312 106
f 699 1616 697
f 701 1617 1282
f 173 699 1617
f 1617 699 171
f 1282 1617 698
f 703 1618 702
f 110 1311 1618
f 1618 1311 108
f 702 1618 700
f 704 1619 1281
f 175 702 1619
f 1619 702 173
f 1281 1619 701
f 706 1620 705
f 112 1310 1620
f 1620 1310 110
f 705 1620 703
f 707 1621 1280
f 177 705 1621
f 1621 705 175
f 1280 1621 704
f 709 1622 708
f 114 1309 1622
f 1622 1309 112
f 708 1622 706
f 710 1623 1279
f 179 708 1623
f 1623 708 177
f 1279 1623 707
f 712 1624 711
f 116 1308 1624
f 1624 1308 114
f 711 1624 709
f 713 1625 1278
f 181 711 1625
f 1625 711 179
f 1278 1625 710
f 715 1626 714
f 118 1307 1626
f 1626 1307 116
f 714 1626 712
f 716 1627 1277
f 183 714 1627
f 1627 714 181
f 1277 1627 713
f 718 1628 717
f 120 1306 1628
f 1628 1306 118
f 717 1628 715
f 719 1629 1276
f 185 717 1629
f 1629 717 183
f 1629 716 184
f 721 1630 720
f 122 1305 1630
f 1630 1305 120
f 720 1630 718
f 722 1631 1275
f 187 720 1631
f 1631 720 185
f 1275 1631 719
f 724 1632 723
f 124 1304 1632
f 1632 1304 122
f 723 1632 721
f 725 1633 1274
f 189 723 1633
f 1633 723 187
f 1633 722 188
f 727 1634 726
f 126 1303 1634
f 1634 1303 124
f 726 1634 724
f 728 1635 1273
f 191 726 1635
f 1635 726 189
f 1273 1635 725
f 730 1636 729
f 128 1302 1636
f 1636 1302 126
f 729 1636 727
f 731 1637 1272
f 193 729 1637
f 1637 729 191
f 1272 1637 728
f 733 1638 732
f 130 1301 1638
f 1638 1301 128
f 732 1638 730
f 734 1639 1271
f 195 732 1639
f 1639 732 193
f 1271 1639 731
f 736 1640 735
f 132 1300 1640
f 1640 1300 130
f 735 1640 733
f 737 1641 1270
f 197 735 1641
f 1641 735 195
f 1270 1641 734
f 739 1642 738
f 134 1299 1642
f 1642 1299 132
f 738 1642 736
f 740 1643 1269
f 199 738 1643
f 1643 738 197
f 1269 1643 737
f 742 1644 741
f 136 1298 1644
f 1644 1298 134
f 741 1644 739
f 743 1645 1268
f 201 741 1645
f 1645 741 199
f 1268 1645 740
f 745 1646 744
f 138 1297 1646
f 1646 1297 136
f 744 1646 742
f 204 746 1647
f 203 744 1647
f 1647 744 201
f 1267 1647 743
f 748 1648 747
f 140 1296 1648
f 1648 1296 138
f 747 1648 745
f 749 1649 1266
f 205 747 1649
f 1649 747 203
f 1266 1649 746
f 751 1650 750
f 142 1295 1650
f 1650 1295 140
f 750 1650 748
f 752 1651 1265
f 207 750 1651
f 1651 750 205
f 1265 1651 749
f 754 1652 753
f 144 1294 1652
f 1652 1294 142
f 753 1652 751
f 755 1653 1264
f 209 753 1653
f 1653 753 207
f 1264 1653 752
f 757 1654 756
f 146 1293 1654
f 1654 1293 144
f 756 1654 754
f 758 1655 1263
f 211 756 1655
f 1655 756 209
f 1263 1655 755
f 760 1656 759
f 148 1292 1656
f 1656 1292 146
f 759 1656 757
f 761 1657 1262
f 213 759 1657
f 1657 759 211
f 1262 1657 758
f 763 1658 762
f 150 1291 1658
f 1658 1291 148
f 762 1658 760
f 764 1659 1261
f 215 762 1659
f 1659 762 213
f 1261 1659 761
f 766 1660 765
f 152 1290 1660
f 1660 1290 150
f 765 1660 763
f 767 1661 1260
f 217 765 1661
f 1661 765 215
f 1260 1661 764
f 769 1662 768
f 154 1289 1662
f 1662 1289 152
f 768 1662 766
f 770 1663 1259
f 219 768 1663
f 1663 768 217
f 1259 1663 767
f 772 1664 771
f 156 1288 1664
f 1664 1288 154
f 771 1664 769
f 773 1665 777
f 221 771 1665
f 1665 771 219
f 777 1665 770
f 778 1666 776
f 159 774 1666
f 1666 774 221
f 776 1666 773
f 223 775 1667
f 775 222 777
f 777 220 871
f 1667 871 285
f 225 779 1668
f 779 224 776
f 776 222 775
f 1668 775 223
f 227 784 1669
f 784 162 780
f 780 224 779
f 1669 779 225
f 226 781 1670
f 781 225 783
f 783 223 877
f 1670 877 288
f 228 785 1671
f 785 227 782
f 782 225 781
f 1671 781 226
f 229 787 1672
f 787 164 1287
f 1672 1287 162
f 1672 784 227
f 230 788 1673
f 788 229 786
f 786 227 785
f 1673 785 228
f 231 790 1674
f 790 166 1286
f 1674 1286 164
f 1674 787 229
f 232 791 1675
f 791 231 789
f 789 229 788
f 1675 788 230
f 233 793 1676
f 793 168 1285
f 1285 166 790
f 1676 790 231
f 234 794 1677
f 794 233 792
f 792 231 791
f 1677 791 232
f 235 796 1678
f 170 1284 1678
f 1284 168 793
f 1678 793 233
f 236 797 1679
f 797 235 795
f 795 233 794
f 1679 794 234
f 237 799 1680
f 172 1283 1680
f 1283 170 796
f 1680 796 235
f 238 800 1681
f 800 237 798
f 798 235 797
f 1681 797 236
f 239 802 1682
f 802 174 1282
f 1282 172 799
f 1682 799 237
f 240 803 1683
f 803 239 801
f 801 237 800
f 1683 800 238
f 241 805 1684
f 805 176 1281
f 1281 174 802
f 1684 802 239
f 242 806 1685
f 806 241 804
f 804 239 803
f 1685 803 240
f 243 808 1686
f 808 178 1280
f 1280 176 805
f 1686 805 241
f 244 809 1687
f 809 243 807
f 807 241 806
f 1687 806 242
f 245 811 1688
f 811 180 1279
f 1279 178 808
f 1688 808 243
f 246 812 1689
f 812 245 810
f 810 243 809
f 1689 809 244
f 247 814 1690
f 814 182 1278
f 1278 180 811
f 1690 811 245
f 248 815 1691
f 815 247 813
f 813 245 812
f 1691 812 246
f 249 817 1692
f 817 184 1277
f 1277 182 814
f 1692 814 247
f 250 818 1693
f 818 249 816
f 816 247 815
f 1693 815 248
f 251 820 1694
f 820 186 1276
f 1276 184 817
f 1694 817 249
f 252 821 1695
f 821 251 819
f 819 249 818
f 1695 818 250
f 253 823 1696
f 823 188 1275
f 1275 186 820
f 1696 820 251
f 254 824 1697
f 824 253 822
f 822 251 821
f 1697 821 252
f 255 826 1698
f 826 190 1274
f 1274 188 823
f 1698 823 253
f 256 827 1699
f 827 255 825
f 825 253 824
f 1699 824 254
f 257 829 1700
f 192 1273 1700
f 1273 190 826
f 1700 826 255
f 258 830 1701
f 830 257 828
f 828 255 827
f 1701 827 256
f 259 832 1702
f 832 194 1272
f 1272 192 829
f 1702 829 257
f 260 833 1703
f 833 259 831
f 831 257 830
f 1703 830 258
f 261 835 1704
f 835 196 1271
f 1271 194 832
f 1704 832 259
f 262 836 1705
f 836 261 834
f 834 259 833
f 1705 833 260
f 263 838 1706
f 838 198 1270
f 1270 196 835
f 1706 835 261
f 264 839 1707
f 839 263 837
f 837 261 836
f 1707 836 262
f 265 841 1708
f 841 200 1269
f 1269 198 838
f 1708 838 263
f 266 842 1709
f 842 265 840
f 840 263 839
f 1709 839 264
f 267 844 1710
f 844 202 1268
f 1268 200 841
f 1710 841 265
f 268 845 1711
f 845 267 843
f 843 265 842
f 1711 842 266
f 269 847 1712
f 847 204 1267
f 1267 202 844
f 1712 844 267
f 270 848 1713
f 848 269 846
f 846 267 845
f 1713 845 268
f 271 850 1714
f 850 206 1266
f 1266 204 847
f 1714 847 269
f 272 851 1715
f 851 271 849
f 849 269 848
f 1715 848 270
f 273 853 1716
f 853 208 1265
f 1265 206 850
f 1716 850 271
f 274 854 1717
f 854 273 852
f 852 271 851
f 1717 851 272
f 275 856 1718
f 210 1264 1718
f 1264 208 853
f 1718 853 273
f 276 857 1719
f 857 275 855
f 855 273 854
f 1719 854 274
f 277 859 1720
f 859 212 1263
f 1263 210 856
f 1720 856 275
f 278 860 1721
f 860 277 858
f 858 275 857
f 1721 857 276
f 279 862 1722
f 862 214 1262
f 1262 212 859
f 1722 859 277
f 280 863 1723
f 863 279 861
f 861 277 860
f 1723 860 278
f 281 865 1724
f 865 216 1261
f 1261 214 862
f 1724 862 279
f 282 866 1725
f 866 281 864
f 864 279 863
f 1725 863 280
f 283 868 1726
f 868 218 1260
f 1260 216 865
f 1726 865 281
f 284 869 1727
f 869 283 867
f 867 281 866
f 1727 866 282
f 285 871 1728
f 220 1259 1728
f 1259 218 868
f 1728 868 283
f 286 872 1729
f 872 285 870
f 870 283 869
f 1729 869 284
f 288 877 1730
f 877 223 873
f 873 285 872
f 1730 872 286
f 287 874 1731
f 874 286 876
f 876 284 970
f 1731 970 349
f 289 878 1732
f 878 288 875
f 875 286 874
f 1732 874 287
f 291 883 1733
f 883 226 879
f 879 288 878
f 1733 878 289
f 290 880 1734
f 880 289 882
f 882 287 976
f 1734 976 352
f 292 884 1735
f 884 291 881
f 881 289 880
f 1735 880 290
f 293 886 1736
f 886 228 1258
f 1258 226 883
f 1736 883 291
f 294 887 1737
f 887 293 885
f 885 291 884
f 1737 884 292
f 295 889 1738
f 889 230 1257
f 1257 228 886
f 1738 886 293
f 296 890 1739
f 890 295 888
f 888 293 887
f 1739 887 294
f 297 892 1740
f 892 232 1256
f 1256 230 889
f 1740 889 295
f 298 893 1741
f 893 297 891
f 891 295 890
f 1741 890 296
f 299 895 1742
f 895 234 1255
f 1255 232 892
f 1742 892 297
f 300 896 1743
f 896 299 894
f 894 297 893
f 1743 893 298
f 301 898 1744
f 898 236 1254
f 1254 234 895
f 1744 895 299
f 302 899 1745
f 899 301 897
f 897 299 896
f 1745 896 300
f 303 901 1746
f 901 238 1253
f 1253 236 898
f 1746 898 301
f 304 902 1747
f 902 303 900
f 900 301 899
f 1747 899 302
f 305 904 1748
f 904 240 1252
f 1252 238 901
f 1748 901 303
f 306 905 1749
f 905 305 903
f 903 303 902
f 1749 902 304
f 307 907 1750
f 907 242 1251
f 1251 240 904
f 1750 904 305
f 308 908 1751
f 908 307 906
f 906 305 905
f 1751 905 306
f 309 910 1752
f 910 244 1250
f 1250 242 907
f 1752 907 307
f 310 911 1753
f 911 309 909
f 909 307 908
f 1753 908 308
f 311 913 1754
f 913 246 1249
f 1249 244 910
f 1754 910 309
f 312 914 1755
f 914 311 912
f 912 309 911
f 1755 911 310
f 313 916 1756
f 916 248 1248
f 1248 246 913
f 1756 913 311
f 314 917 1757
f 917 313 915
f 915 311 914
f 1757 914 312
f 315 919 1758
f 919 250 1247
f 1247 248 916
f 1758 916 313
f 316 920 1759
f 920 315 918
f 918 313 917
f 1759 917 314
f 317 922 1760
f 922 252 1246
f 1246 250 919
f 1760 919 315
f 318 923 1761
f 923 317 921
f 921 315 920
f 1761 920 316
f 319 925 1762
f 925 254 1245
f 1245 252 922
f 1762 922 317
f 320 926 1763
f 926 319 924
f 924 317 923
f 1763 923 318
f 321 928 1764
f 928 256 1244
f 1244 254 925
f 1764 925 319
f 322 929 1765
f 929 321 927
f 927 319 926
f 1765 926 320
f 323 931 1766
f 931 258 1243
f 1243 256 928
f 1766 928 321
f 324 932 1767
f 932 323 930
f 930 321 929
f 1767 929 322
f 325 934 1768
f 934 260 1242
f 1242 258 931
f 1768 931 323
f 326 935 1769
f 935 325 933
f 933 323 932
f 1769 932 324
f 327 937 1770
f 937 262 1241
f 1241 260 934
f 1770 934 325
f 328 938 1771
f 938 327 936
f 936 325 935
f 1771 935 326
f 329 940 1772
f 940 264 1240
f 1240 262 937
f 1772 937 327
f 330 941 1773
f 941 329 939
f 939 327 938
f 1773 938 328
f 331 943 1774
f 943 266 1239
f 1239 264 940
f 1774 940 329
f 332 944 1775
f 944 331 942
f 942 329 941
f 1775 941 330
f 333 946 1776
f 946 268 1238
f 1238 266 943
f 1776 943 331
f 334 947 1777
f 947 333 945
f 945 331 944
f 1777 944 332
f 335 949 1778
f 949 270 1237
f 1237 268 946
f 1778 946 333
f 336 950 1779
f 950 335 948
f 948 333 947
f 1779 947 334
f 337 952 1780
f 952 272 1236
f 1236 270 949
f 1780 949 335
f 338 953 1781
f 953 337 951
f 951 335 950
f 1781 950 336
f 339 955 1782
f 955 274 1235
f 1235 272 952
f 1782 952 337
f 340 956 1783
f 956 339 954
f 954 337 953
f 1783 953 338
f 341 958 1784
f 958 276 1234
f 1234 274 955
f 1784 955 339
f 342 959 1785
f 959 341 957
f 957 339 956
f 1785 956 340
f 343 961 1786
f 961 278 1233
f 1233 276 958
f 1786 958 341
f 344 962 1787
f 962 343 960
f 960 341 959
f 1787 959 342
f 345 964 1788
f 964 280 1232
f 1232 278 961
f 1788 961 343
f 346 965 1789
f 965 345 963
f 963 343 962
f 1789 962 344
f 347 967 1790
f 967 282 1231
f 1231 280 964
f 1790 964 345
f 348 968 1791
f 968 347 966
f 966 345 965
f 1791 965 346
f 349 970 1792
f 970 284 1230
f 1230 282 967
f 1792 967 347
f 350 971 1793
f 971 349 969
f 969 347 968
f 1793 968 348
f 352 976 1794
f 976 287 972
f 972 349 971
f 1794 971 350
f 351 973 1795
f 973 350 975
f 975 348 1069
f 1795 1069 413
f 353 977 1796
f 977 352 974
f 974 350 973
f 1796 973 351
f 355 982 1797
f 982 290 978
f 978 352 977
f 1797 977 353
f 354 979 1798
f 979 353 981
f 981 351 1075
f 1798 1075 416
f 356 983 1799
f 983 355 980
f 980 353 979
f 1799 979 354
f 357 985 1800
f 985 292 1229
f 1229 290 982
f 1800 982 355
f 358 986 1801
f 986 357 984
f 984 355 983
f 1801 983 356
f 359 988 1802
f 988 294 1228
f 1228 292 985
f 1802 985 357
f 360 989 1803
f 989 359 987
f 987 357 986
f 1803 986 358
f 361 991 1804
f 991 296 1227
f 1227 294 988
f 1804 988 359
f 362 992 1805
f 992 361 990
f 990 359 989
f 1805 989 360
f 363 994 1806
f 994 298 1226
f 1226 296 991
f 1806 991 361
f 364 995 1807
f 995 363 993
f 993 361 992
f 1807 992 362
f 365 997 1808
f 997 300 1225
f 1225 298 994
f 1808 994 363
f 366 998 1809
f 998 365 996
f 996 363 995
f 1809 995 364
f 367 1000 1810
f 1000 302 1224
f 1224 300 997
f 1810 997 365
f 368 1001 1811
f 1001 367 999
f 999 365 998
f 1811 998 366
f 369 1003 1812
f 1003 304 1223
f 1223 302 1000
f 1812 1000 367
f 370 1004 1813
f 1004 369 1002
f 1002 367 1001
f 1813 1001 368
f 371 1006 1814
f 1006 306 1222
f 1222 304 1003
f 1814 1003 369
f 372 1007 1815
f 1007 371 1005
f 1005 369 1004
f 1815 1004 370
f 373 1009 1816
f 1009 308 1221
f 1221 306 1006
f 1816 1006 371
f 374 1010 1817
f 1010 373 1008
f 1008 371 1007
f 1817 1007 372
f 375 1012 1818
f 1012 310 1220
f 1220 308 1009
f 1818 1009 373
f 376 1013 1819
f 1013 375 1011
f 1011 373 1010
f 1819 1010 374
f 377 1015 1820
f 1015 312 1219
f 1219 310 1012
f 1820 1012 375
f 378 1016 1821
f 1016 377 1014
f 1014 375 1013
f 1821 1013 376
f 379 1018 1822
f 1018 314 1218
f 1218 312 1015
f 1822 1015 377
f 380 1019 1823
f 1019 379 1017
f 1017 377 1016
f 1823 1016 378
f 381 1021 1824
f 1021 316 1217
f 1217 314 1018
f 1824 1018 379
f 382 1022 1825
f 1022 381 1020
f 1020 379 1019
f 1825 1019 380
f 383 1024 1826
f 1024 318 1216
f 1216 316 1021
f 1826 1021 381
f 384 1025 1827
f 1025 383 1023
f 1023 381 1022
f 1827 1022 382
f 385 1027 1828
f 1027 320 1215
f 1215 318 1024
f 1828 1024 383
f 386 1028 1829
f 1028 385 1026
f 1026 383 1025
f 1829 1025 384
f 387 1030 1830
f 1030 322 1214
f 1214 320 1027
f 1830 1027 385
f 388 1031 1831
f 1031 387 1029
f 1029 385 1028
f 1831 1028 386
f 389 1033 1832
f 1033 324 1213
f 1213 322 1030
f 1832 1030 387
f 390 1034 1833
f 1034 389 1032
f 1032 387 1031
f 1833 1031 388
f 391 1036 1834
f 1036 326 1212
f 1212 324 1033
f 1834 1033 389
f 392 1037 1835
f 1037 391 1035
f 1035 389 1034
f 1835 1034 390
f 393 1039 1836
f 1039 328 1211
f 1211 326 1036
f 1836 1036 391
f 394 1040 1837
f 1040 393 1038
f 1038 391 1037
f 1837 1037 392
f 395 1042 1838
f 1042 330 1210
f 1210 328 1039
f 1838 1039 393
f 396 1043 1839
f 1043 395 1041
f 1041 393 1040
f 1839 1040 394
f 397 1045 1840
f 1045 332 1209
f 1209 330 1042
f 1840 1042 395
f 398 1046 1841
f 1046 397 1044
f 1044 395 1043
f 1841 1043 396
f 399 1048 1842
f 1048 334 1208
f 1208 332 1045
f 1842 1045 397
f 400 1049 1843
f 1049 399 1047
f 1047 397 1046
f 1843 1046 398
f 401 1051 1844
f 1051 336 1207
f 1207 334 1048
f 1844 1048 399
f 402 1052 1845
f 1052 401 1050
f 1050 399 1049
f 1845 1049 400
f 403 1054 1846
f 1054 338 1206
f 1206 336 1051
f 1846 1051 401
f 404 1055 1847
f 1055 403 1053
f 1053 401 1052
f 1847 1052 402
f 405 1057 1848
f 1057 340 1205
f 1205 338 1054
f 1848 1054 403
f 406 1058 1849
f 1058 405 1056
f 1056 403 1055
f 1849 1055 404
f 407 1060 1850
f 1060 342 1204
f 1204 340 1057
f 1850 1057 405
f 408 1061 1851
f 1061 407 1059
f 1059 405 1058
f 1851 1058 406
f 409 1063 1852
f 1063 344 1203
f 1203 342 1060
f 1852 1060 407
f 410 1064 1853
f 1064 409 1062
f 1062 407 1061
f 1853 1061 408
f 411 1066 1854
f 1066 346 1202
f 1202 344 1063
f 1854 1063 409
f 412 1067 1855
f 1067 411 1065
f 1065 409 1064
f 1855 1064 410
f 413 1069 1856
f 1069 348 1201
f 1201 346 1066
f 1856 1066 411
f 414 1070 1857
f 1070 413 1068
f 1068 411 1067
f 1857 1067 412
f 416 1075 1858
f 1075 351 1071
f 1071 413 1070
f 1858 1070 414
f 1072 1859 1159
f 414 1074 1859
f 1859 1074 412
f 1159 1859 1158
f 1076 1860 1079
f 416 1073 1860
f 1860 1073 414
f 1079 1860 1072
f 1171 1861 1078
f 354 1077 1861
f 1861 1077 416
f 1078 1861 1076
f 1087 1862 1080
f 418 1078 1862
f 417 1080 1862
f 1080 1863 1088
f 417 1079 1863
f 415 1088 1863
f 1081 1864 1101
f 420 1134 1864
f 438 1101 1864
f 1100 1865 1081
f 437 1137 1865
f 420 1081 1865
f 1111 1866 1082
f 448 1114 1866
f 421 1082 1866
f 1082 1867 1083
f 421 1168 1867
f 422 1083 1867
f 1083 1868 1084
f 422 1166 1868
f 423 1084 1868
f 1084 1869 1085
f 423 1164 1869
f 424 1085 1869
f 1085 1870 1086
f 424 1161 1870
f 425 1086 1870
f 1086 1871 1087
f 425 1162 1871
f 418 1087 1871
f 1088 1872 1089
f 415 1159 1872
f 426 1089 1872
f 1089 1873 1090
f 426 1157 1873
f 427 1090 1873
f 1090 1874 1091
f 427 1155 1874
f 428 1091 1874
f 1091 1875 1092
f 428 1153 1875
f 429 1092 1875
f 1092 1876 1093
f 429 1151 1876
f 430 1093 1876
f 1093 1877 1094
f 430 1149 1877
f 431 1094 1877
f 1094 1878 1095
f 431 1147 1878
f 432 1095 1878
f 1095 1879 1096
f 432 1145 1879
f 433 1096 1879
f 1096 1880 1097
f 433 1143 1880
f 434 1097 1880
f 1097 1881 1098
f 434 1141 1881
f 435 1098 1881
f 1098 1882 1099
f 435 1139 1882
f 436 1099 1882
f 1099 1883 1100
f 436 1136 1883
f 437 1100 1883
f 1101 1884 1102
f 438 1132 1884
f 439 1102 1884
f 1102 1885 1103
f 439 1130 1885
f 440 1103 1885
f 1103 1886 1104
f 440 1128 1886
f 441 1104 1886
f 1104 1887 1105
f 441 1126 1887
f 442 1105 1887
f 1105 1888 1106
f 442 1124 1888
f 443 1106 1888
f 1106 1889 1107
f 443 1122 1889
f 444 1107 1889
f 1107 1890 1108
f 444 1120 1890
f 445 1108 1890
f 1108 1891 1109
f 445 1118 1891
f 446 1109 1891
f 1109 1892 1110
f 446 1116 1892
f 447 1110 1892
f 1110 1893 1111
f 447 1113 1893
f 448 1111 1893
f 1112 1894 1114
f 366 1195 1894
f 1894 1195 364
f 1114 1894 1169
f 1115 1895 1113
f 368 1194 1895
f 1895 1194 366
f 1113 1895 1112
f 1117 1896 1116
f 370 1193 1896
f 1896 1193 368
f 1116 1896 1115
f 1119 1897 1118
f 372 1192 1897
f 1897 1192 370
f 1118 1897 1117
f 1121 1898 1120
f 374 1191 1898
f 1898 1191 372
f 1120 1898 1119
f 1123 1899 1122
f 376 1190 1899
f 1899 1190 374
f 1122 1899 1121
f 1125 1900 1124
f 378 1189 1900
f 1900 1189 376
f 1124 1900 1123
f 1127 1901 1126
f 380 1188 1901
f 1901 1188 378
f 1126 1901 1125
f 1129 1902 1128
f 382 1187 1902
f 1902 1187 380
f 1128 1902 1127
f 1131 1903 1130
f 384 1186 1903
f 1903 1186 382
f 1130 1903 1129
f 1133 1904 1132
f 386 1185 1904
f 1904 1185 384
f 1132 1904 1131
f 1170 1905 1134
f 388 1184 1905
f 1905 1184 386
f 1134 1905 1133
f 1135 1906 1137
f 390 1183 1906
f 1906 1183 388
f 1137 1906 1170
f 1138 1907 1136
f 392 1182 1907
f 1907 1182 390
f 1136 1907 1135
f 1140 1908 1139
f 394 1181 1908
f 1908 1181 392
f 1139 1908 1138
f 1142 1909 1141
f 396 1180 1909
f 1909 1180 394
f 1141 1909 1140
f 1144 1910 1143
f 398 1179 1910
f 1910 1179 396
f 1143 1910 1142
f 1146 1911 1145
f 400 1178 1911
f 1911 1178 398
f 1145 1911 1144
f 1148 1912 1147
f 402 1177 1912
f 1912 1177 400
f 1147 1912 1146
f 1150 1913 1149
f 404 1176 1913
f 1913 1176 402
f 1149 1913 1148
f 1152 1914 1151
f 406 1175 1914
f 1914 1175 404
f 1151 1914 1150
f 1154 1915 1153
f 408 1174 1915
f 1915 1174 406
f 1153 1915 1152
f 1156 1916 1155
f 410 1173 1916
f 1916 1173 408
f 1155 1916 1154
f 1158 1917 1157
f 412 1172 1917
f 1917 1172 410
f 1157 1917 1156
f 1160 1918 1162
f 356 1200 1918
f 1918 1200 354
f 1162 1918 1171
f 1163 1919 1161
f 358 1199 1919
f 1919 1199 356
f 1161 1919 1160
f 1165 1920 1164
f 360 1198 1920
f 1920 1198 358
f 1164 1920 1163
f 1167 1921 1166
f 362 1197 1921
f 1921 1197 360
f 1166 1921 1165
f 1169 1922 1168
f 364 1196 1922
f 1922 1196 362
f 1168 1922 1167
usemtl White
f 93 1923 1319
f 1317 1414 1923
f 1414 1413 1923
f 1923 90 1319
f 450 1924 1318
f 1320 1323 1924
f 1323 1317 1924
f 1924 93 1318
f 3 1925 1322
f 1326 1325 1925
f 1325 1320 1925
f 1925 450 1322
f 451 1926 1323
f 1416 1324 452
f 449 1926 1416
f 453 1927 1325
f 1324 1328 452
f 451 1927 1324
f 6 1928 1474
f 1329 1327 1928
f 1327 1326 1928
f 1928 3 1474
f 454 1929 1327
f 1328 1331 452
f 453 1929 1328
f 9 1930 1472
f 1332 1330 1930
f 1330 1329 1930
f 1930 6 1472
f 455 1931 1330
f 1331 1334 452
f 454 1931 1331
f 12 1932 1470
f 1335 1333 1932
f 1333 1332 1932
f 1932 9 1470
f 456 1933 1333
f 1334 1337 452
f 455 1933 1334
f 15 1934 1468
f 1338 1336 1934
f 1336 1335 1934
f 1934 12 1468
f 457 1935 1336
f 1337 1340 452
f 456 1935 1337
f 18 1936 1466
f 1341 1339 1936
f 1339 1338 1936
f 1936 15 1466
f 458 1937 1339
f 1340 1343 452
f 457 1937 1340
f 21 1938 1464
f 1344 1342 1938
f 1342 1341 1938
f 1938 18 1464
f 459 1939 1342
f 1343 1346 452
f 458 1939 1343
f 24 1940 1462
f 1347 1345 1940
f 1345 1344 1940
f 1940 21 1462
f 460 1941 1345
f 1346 1349 452
f 459 1941 1346
f 27 1942 1460
f 1350 1348 1942
f 1348 1347 1942
f 1942 24 1460
f 461 1943 1348
f 1349 1352 452
f 460 1943 1349
f 30 1944 1458
f 1353 1351 1944
f 1351 1350 1944
f 1944 27 1458
f 462 1945 1351
f 1352 1355 452
f 461 1945 1352
f 33 1946 1456
f 1356 1354 1946
f 1354 1353 1946
f 1946 30 1456
f 463 1947 1354
f 1355 1358 452
f 462 1947 1355
f 36 1948 1454
f 1359 1357 1948
f 1357 1356 1948
f 1948 33 1454
f 464 1949 1357
f 1358 1361 452
f 463 1949 1358
f 39 1950 1452
f 1362 1360 1950
f 1360 1359 1950
f 1950 36 1452
f 465 1951 1360
f 1361 1364 452
f 464 1951 1361
f 42 1952 1450
f 1365 1363 1952
f 1363 1362 1952
f 1952 39 1450
f 466 1953 1363
f 1364 1367 452
f 465 1953 1364
f 45 1954 1448
f 1368 1366 1954
f 1366 1365 1954
f 1954 42 1448
f 467 1955 1366
f 1367 1370 452
f 466 1955 1367
f 48 1956 1446
f 1371 1369 1956
f 1369 1368 1956
f 1956 45 1446
f 468 1957 1369
f 1370 1373 452
f 467 1957 1370
f 51 1958 1444
f 1374 1372 1958
f 1372 1371 1958
f 1958 48 1444
f 469 1959 1372
f 1373 1376 452
f 468 1959 1373
f 54 1960 1442
f 1377 1375 1960
f 1375 1374 1960
f 1960 51 1442
f 470 1961 1375
f 1376 1379 452
f 469 1961 1376
f 57 1962 1440
f 1380 1378 1962
f 1378 1377 1962
f 1962 54 1440
f 471 1963 1378
f 1379 1382 452
f 470 1963 1379
f 60 1964 1438
f 1383 1381 1964
f 1381 1380 1964
f 1964 57 1438
f 472 1965 1381
f 1382 1385 452
f 471 1965 1382
f 63 1966 1436
f 1386 1384 1966
f 1384 1383 1966
f 1966 60 1436
f 473 1967 1384
f 1385 1388 452
f 472 1967 1385
f 66 1968 1434
f 1389 1387 1968
f 1387 1386 1968
f 1968 63 1434
f 474 1969 1387
f 1388 1391 452
f 473 1969 1388
f 69 1970 1432
f 1392 1390 1970
f 1390 1389 1970
f 1970 66 1432
f 475 1971 1390
f 1391 1394 452
f 474 1971 1391
f 72 1972 1430
f 1395 1393 1972
f 1393 1392 1972
f 1972 69 1430
f 476 1973 1393
f 1394 1397 452
f 475 1973 1394
f 75 1974 1428
f 1398 1396 1974
f 1396 1395 1974
f 1974 72 1428
f 477 1975 1396
f 1397 1400 452
f 476 1975 1397
f 78 1976 1426
f 1401 1399 1976
f 1399 1398 1976
f 1976 75 1426
f 478 1977 1399
f 1400 1403 452
f 477 1977 1400
f 81 1978 1424
f 1405 1402 1978
f 1402 1401 1978
f 1978 78 1424
f 479 1979 1402
f 1403 1404 452
f 478 1979 1403
f 480 1980 1406
f 1404 1409 452
f 479 1980 1404
f 84 1981 1422
f 1407 1406 1981
f 1406 1405 1981
f 1981 81 1422
f 87 1982 1420
f 1410 1408 1982
f 1408 1407 1982
f 1982 84 1420
f 481 1983 1408
f 1409 1412 452
f 480 1983 1409
f 90 1984 1418
f 1413 1411 1984
f 1411 1410 1984
f 1984 87 1418
f 482 1985 1411
f 1412 1415 452
f 481 1985 1412
f 449 1986 1414
f 1415 1416 452
f 482 1986 1415
f 93 1317 1923
f 1317 449 1414
f 1414 482 1413
f 1923 1413 90
f 450 1320 1924
f 1320 451 1323
f 1323 449 1317
f 1924 1317 93
f 3 1326 1925
f 1326 453 1325
f 1325 451 1320
f 1925 1320 450
f 451 1324 1926
f 1416 1926 1324
f 449 1323 1926
f 453 1328 1927
f 1324 1927 1328
f 451 1325 1927
f 6 1329 1928
f 1329 454 1327
f 1327 453 1326
f 1928 1326 3
f 454 1331 1929
f 1328 1929 1331
f 453 1327 1929
f 9 1332 1930
f 1332 455 1330
f 1330 454 1329
f 1930 1329 6
f 455 1334 1931
f 1331 1931 1334
f 454 1330 1931
f 12 1335 1932
f 1335 456 1333
f 1333 455 1332
f 1932 1332 9
f 456 1337 1933
f 1334 1933 1337
f 455 1333 1933
f 15 1338 1934
f 1338 457 1336
f 1336 456 1335
f 1934 1335 12
f 457 1340 1935
f 1337 1935 1340
f 456 1336 1935
f 18 1341 1936
f 1341 458 1339
f 1339 457 1338
f 1936 1338 15
f 458 1343 1937
f 1340 1937 1343
f 457 1339 1937
f 21 1344 1938
f 1344 459 1342
f 1342 458 1341
f 1938 1341 18
f 459 1346 1939
f 1343 1939 1346
f 458 1342 1939
f 24 1347 1940
f 1347 460 1345
f 1345 459 1344
f 1940 1344 21
f 460 1349 1941
f 1346 1941 1349
f 459 1345 1941
f 27 1350 1942
f 1350 461 1348
f 1348 460 1347
f 1942 1347 24
f 461 1352 1943
f 1349 1943 1352
f 460 1348 1943
f 30 1353 1944
f 1353 462 1351
f 1351 461 1350
f 1944 1350 27
f 462 1355 1945
f 1352 1945 1355
f 461 1351 1945
f 33 1356 1946
f 1356 463 1354
f 1354 462 1353
f 1946 1353 30
f 463 1358 1947
f 1355 1947 1358
f 462 1354 1947
f 36 1359 1948
f 1359 464 1357
f 1357 463 1356
f 1948 1356 33
f 464 1361 1949
f 1358 1949 1361
f 463 1357 1949
f 39 1362 1950
f 1362 465 1360
f 1360 464 1359
f 1950 1359 36
f 465 1364 1951
f 1361 1951 1364
f 464 1360 1951
f 42 1365 1952
f 1365 466 1363
f 1363 465 1362
f 1952 1362 39
f 466 1367 1953
f 1364 1953 1367
f 465 1363 1953
f 45 1368 1954
f 1368 467 1366
f 1366 466 1365
f 1954 1365 42
f 467 1370 1955
f 1367 1955 1370
f 466 1366 1955
f 48 1371 1956
f 1371 468 1369
f 1369 467 1368
f 1956 1368 45
f 468 1373 1957
f 1370 1957 1373
f 467 1369 1957
f 51 1374 1958
f 1374 469 1372
f 1372 468 1371
f 1958 1371 48
f 469 1376 1959
f 1373 1959 1376
f 468 1372 1959
f 54 1377 1960
f 1377 470 1375
f 1375 469 1374
f 1960 1374 51
f 470 1379 1961
f 1376 1961 1379
f 469 1375 1961
f 57 1380 1962
f 1380 471 1378
f 1378 470 1377
f 1962 1377 54
f 471 1382 1963
f 1379 1963 1382
f 470 1378 1963
f 60 1383 1964
f 1383 472 1381
f 1381 471 1380
f 1964 1380 57
f 472 1385 1965
f 1382 1965 1385
f 471 1381 1965
f 63 1386 1966
f 1386 473 1384
f 1384 472 1383
f 1966 1383 60
f 473 1388 1967
f 1385 1967 1388
f 472 1384 1967
f 66 1389 1968
f 1389 474 1387
f 1387 473 1386
f 1968 1386 63
f 474 1391 1969
f 1388 1969 1391
f 473 1387 1969
f 69 1392 1970
f 1392 475 1390
f 1390 474 1389
f 1970 1389 66
f 475 1394 1971
f 1391 1971 1394
f 474 1390 1971
f 72 1395 1972
f 1395 476 1393
f 1393 475 1392
f 1972 1392 69
f 476 1397 1973
f 1394 1973 1397
f 475 1393 1973
f 75 1398 1974
f 1398 477 1396
f 1396 476 1395
f 1974 1395 72
f 477 1400 1975
f 1397 1975 1400
f 476 1396 1975
f 78 1401 1976
f 1401 478 1399
f 1399 477 1398
f 1976 1398 75
f 478 1403 1977
f 1400 1977 1403
f 477 1399 1977
f 81 1405 1978
f 1405 479 1402
f 1402 478 1401
f 1978 1401 78
f 479 1404 1979
f 1403 1979 1404
f 478 1402 1979
f 480 1409 1980
f 1404 1980 1409
f 479 1406 1980
f 84 1407 1981
f 1407 480 1406
f 1406 479 1405
f 1981 1405 81
f 87 1410 1982
f 1410 481 1408
f 1408 480 1407
f 1982 1407 84
f 481 1412 1983
f 1409 1983 1412
f 480 1408 1983
f 90 1413 1984
f 1413 482 1411
f 1411 481 1410
f 1984 1410 87
f 482 1415 1985
f 1412 1985 1415
f 481 1411 1985
f 449 1416 1986
f 1415 1986 1416
f 482 1414 1986
