# Blender 4.4.3
# www.blender.org
mtllib 4_ball.mtl
o Solid.011
v -0.043084 0.103918 0.820131
v -0.039870 0.106710 0.819701
v -0.043288 0.106303 0.827463
v -0.041844 0.100544 0.813296
v -0.046044 0.101083 0.821359
v -0.045327 0.104350 0.828309
v -0.045612 0.096936 0.814860
v -0.048637 0.098313 0.823338
v -0.047113 0.102442 0.829673
v -0.048911 0.093410 0.817379
v -0.050762 0.095715 0.825993
v -0.048576 0.100653 0.831501
v -0.051616 0.090104 0.820757
v -0.052338 0.093389 0.829220
v -0.049662 0.099050 0.833724
v -0.053622 0.087143 0.824865
v -0.053304 0.091424 0.832896
v -0.050328 0.097697 0.836256
v -0.054852 0.084642 0.829544
v -0.053624 0.089896 0.836880
v -0.050548 0.096644 0.839000
v -0.055259 0.082697 0.834614
v -0.053285 0.088863 0.841019
v -0.050314 0.095933 0.841851
v -0.054827 0.081383 0.839882
v -0.052299 0.088366 0.845153
v -0.049636 0.095590 0.844699
v -0.053573 0.080749 0.845144
v -0.050706 0.088422 0.849124
v -0.048538 0.095629 0.847434
v -0.051545 0.080821 0.850198
v -0.048566 0.089031 0.852779
v -0.047064 0.096048 0.849952
v -0.048821 0.081596 0.854850
v -0.045961 0.090168 0.855978
v -0.045269 0.096831 0.852155
v -0.045506 0.083043 0.858921
v -0.042991 0.091790 0.858597
v -0.043224 0.097949 0.853959
v -0.041726 0.085108 0.862254
v -0.039771 0.093835 0.860536
v -0.041006 0.099357 0.855295
v -0.037628 0.087710 0.864723
v -0.036425 0.096223 0.861721
v -0.038701 0.101002 0.856111
v -0.033368 0.090750 0.866231
v -0.033080 0.098865 0.862106
v -0.036397 0.102822 0.856376
v -0.029111 0.094112 0.866721
v -0.029866 0.101656 0.861676
v -0.034183 0.104745 0.856080
v -0.025021 0.097665 0.866174
v -0.026905 0.104492 0.860448
v -0.032144 0.106698 0.855234
v -0.021253 0.101274 0.864610
v -0.024313 0.107261 0.858469
v -0.030358 0.108606 0.853871
v -0.017953 0.104799 0.862091
v -0.022188 0.109859 0.855814
v -0.028894 0.110395 0.852043
v -0.015248 0.108106 0.858713
v -0.020612 0.112185 0.852587
v -0.027809 0.111997 0.849820
v -0.013243 0.111066 0.854605
v -0.019645 0.114150 0.848911
v -0.027143 0.113351 0.847287
v -0.012012 0.113567 0.849926
v -0.019326 0.115679 0.844927
v -0.026923 0.114403 0.844543
v -0.011606 0.115512 0.844856
v -0.019665 0.116711 0.840788
v -0.027157 0.115115 0.841692
v -0.012037 0.116827 0.839588
v -0.020650 0.117209 0.836654
v -0.027835 0.115458 0.838845
v -0.013291 0.117460 0.834326
v -0.022244 0.117153 0.832683
v -0.028933 0.115419 0.836109
v -0.015320 0.117388 0.829272
v -0.024384 0.116544 0.829028
v -0.030407 0.115000 0.833592
v -0.018044 0.116614 0.824620
v -0.026989 0.115407 0.825829
v -0.032201 0.114216 0.831388
v -0.021359 0.115167 0.820549
v -0.029958 0.113785 0.823210
v -0.034247 0.113099 0.829584
v -0.025139 0.113102 0.817215
v -0.033178 0.111740 0.821271
v -0.036465 0.111691 0.828248
v -0.029237 0.110499 0.814747
v -0.036525 0.109351 0.820086
v -0.038770 0.110045 0.827432
v -0.033496 0.107459 0.813239
v -0.029800 0.104441 0.807155
v -0.037753 0.104098 0.812749
v -0.034806 0.100488 0.806579
v -0.031141 0.096021 0.801428
v -0.039616 0.096310 0.807223
v -0.036486 0.091379 0.802143
v -0.044047 0.092067 0.809061
v -0.041409 0.086664 0.804185
v -0.047927 0.087921 0.812023
v -0.045720 0.082058 0.807477
v -0.051107 0.084034 0.815995
v -0.049254 0.077738 0.811891
v -0.053466 0.080552 0.820825
v -0.051875 0.073870 0.817258
v -0.054912 0.077612 0.826327
v -0.053482 0.070602 0.823371
v -0.055391 0.075324 0.832290
v -0.054014 0.068061 0.829996
v -0.054883 0.073779 0.838484
v -0.053450 0.066343 0.836879
v -0.053408 0.073034 0.844671
v -0.051811 0.065515 0.843754
v -0.051024 0.073118 0.850614
v -0.049161 0.065609 0.850357
v -0.047820 0.074029 0.856084
v -0.045602 0.066621 0.856435
v -0.043922 0.075731 0.860871
v -0.041270 0.068512 0.861754
v -0.039478 0.078158 0.864791
v -0.036332 0.071210 0.866110
v -0.034659 0.081219 0.867694
v -0.030977 0.074610 0.869335
v -0.029650 0.084794 0.869467
v -0.025412 0.078583 0.871305
v -0.024644 0.088746 0.870043
v -0.019850 0.082974 0.871945
v -0.019834 0.092925 0.869400
v -0.014505 0.087617 0.871231
v -0.015404 0.097168 0.867562
v -0.009582 0.092332 0.869188
v -0.011524 0.101313 0.864599
v -0.005271 0.096938 0.865897
v -0.008343 0.105201 0.860627
v -0.001737 0.101258 0.861483
v -0.005984 0.108683 0.855797
v 0.000884 0.105126 0.856116
v -0.004538 0.111623 0.850295
v 0.002491 0.108394 0.850002
v -0.004060 0.113911 0.844332
v 0.003022 0.110935 0.843377
v -0.004567 0.115456 0.838139
v 0.002458 0.112653 0.836495
v -0.006042 0.116201 0.831951
v 0.000820 0.113481 0.829620
v -0.008427 0.116117 0.826008
v -0.001830 0.113387 0.823017
v -0.011630 0.115206 0.820538
v -0.005389 0.112375 0.816939
v -0.015529 0.113504 0.815751
v -0.009721 0.110484 0.811619
v -0.019973 0.111076 0.811831
v -0.014659 0.107786 0.807264
v -0.024792 0.108016 0.808929
v -0.020014 0.104386 0.804039
v -0.015087 0.099748 0.800265
v -0.025579 0.100413 0.802068
v -0.020995 0.095531 0.798173
v -0.016224 0.089981 0.795620
v -0.026900 0.090868 0.797494
v -0.022244 0.085227 0.794927
v -0.032574 0.085940 0.798253
v -0.028030 0.080202 0.795701
v -0.037800 0.080934 0.800421
v -0.033358 0.075098 0.797912
v -0.042376 0.076044 0.803915
v -0.038024 0.070113 0.801475
v -0.046128 0.071458 0.808601
v -0.041850 0.065437 0.806252
v -0.048910 0.067352 0.814298
v -0.044686 0.061250 0.812061
v -0.050617 0.063883 0.820788
v -0.046426 0.057713 0.818678
v -0.051181 0.061185 0.827822
v -0.047001 0.054962 0.825849
v -0.050582 0.059362 0.835128
v -0.046391 0.053103 0.833299
v -0.048843 0.058483 0.842426
v -0.044617 0.052207 0.840740
v -0.046030 0.058583 0.849436
v -0.041749 0.052309 0.847888
v -0.042251 0.059657 0.855889
v -0.037897 0.053404 0.854466
v -0.037652 0.061665 0.861535
v -0.033208 0.055451 0.860224
v -0.032410 0.064528 0.866160
v -0.027863 0.058371 0.864938
v -0.026726 0.068138 0.869583
v -0.022067 0.062051 0.868429
v -0.020818 0.072355 0.871675
v -0.016043 0.066351 0.870562
v -0.014913 0.077018 0.872355
v -0.010023 0.071105 0.871255
v -0.009239 0.081946 0.871596
v -0.004238 0.076130 0.870481
v -0.004013 0.086952 0.869427
v 0.001091 0.081233 0.868270
v 0.000564 0.091841 0.865933
v 0.005757 0.086219 0.864708
v 0.004315 0.096427 0.861247
v 0.009582 0.090895 0.859930
v 0.007098 0.100534 0.855550
v 0.012419 0.095082 0.854121
v 0.008804 0.104003 0.849060
v 0.014159 0.098619 0.847504
v 0.009368 0.106701 0.842027
v 0.014734 0.101369 0.840333
v 0.008769 0.108524 0.834720
v 0.014123 0.103229 0.832883
v 0.007030 0.109403 0.827422
v 0.012350 0.104124 0.825442
v 0.004217 0.109303 0.820412
v 0.009482 0.104023 0.818295
v 0.000438 0.108229 0.813960
v 0.005629 0.102928 0.811716
v -0.004160 0.106221 0.808313
v 0.000940 0.100881 0.805958
v -0.009403 0.103358 0.803689
v -0.004405 0.097961 0.801244
v 0.000143 0.091804 0.800023
v -0.010200 0.094280 0.797753
v -0.005542 0.088194 0.796599
v -0.001290 0.081722 0.796847
v -0.011450 0.083977 0.794507
v -0.006855 0.077749 0.794877
v -0.017354 0.079314 0.793828
v -0.012417 0.073357 0.794237
v -0.023029 0.074386 0.794587
v -0.017762 0.068715 0.794952
v -0.028254 0.069380 0.796755
v -0.022685 0.064000 0.796994
v -0.032831 0.064490 0.800249
v -0.026996 0.059394 0.800286
v -0.036583 0.059904 0.804935
v -0.030530 0.055074 0.804699
v -0.039365 0.055798 0.810632
v -0.033151 0.051205 0.810066
v -0.041071 0.052329 0.817122
v -0.034758 0.047938 0.816180
v -0.041636 0.049631 0.824156
v -0.035290 0.045397 0.822805
v -0.041037 0.047808 0.831462
v -0.034726 0.043679 0.829687
v -0.039297 0.046929 0.838760
v -0.033087 0.042851 0.836562
v -0.036484 0.047029 0.845770
v -0.030437 0.042945 0.843166
v -0.032706 0.048103 0.852223
v -0.026878 0.043957 0.849244
v -0.028107 0.050111 0.857869
v -0.022546 0.045848 0.854563
v -0.022865 0.052974 0.862494
v -0.017608 0.048546 0.858919
v -0.017180 0.056584 0.865917
v -0.012253 0.051946 0.862144
v -0.011272 0.060801 0.868009
v -0.006688 0.055918 0.864114
v -0.005368 0.065464 0.868689
v -0.001126 0.060310 0.864754
v 0.000306 0.070392 0.867930
v 0.004219 0.064953 0.864039
v 0.005532 0.075398 0.865761
v 0.009141 0.069668 0.861997
v 0.010109 0.080287 0.862267
v 0.013453 0.074274 0.858705
v 0.013861 0.084873 0.857581
v 0.016987 0.078594 0.854292
v 0.016643 0.088980 0.851884
v 0.019607 0.082462 0.848925
v 0.018349 0.092449 0.845394
v 0.021215 0.085730 0.842811
v 0.018914 0.095147 0.838361
v 0.021746 0.088271 0.836186
v 0.018315 0.096970 0.831054
v 0.021182 0.089989 0.829304
v 0.016575 0.097849 0.823756
v 0.019544 0.090816 0.822429
v 0.013762 0.097749 0.816746
v 0.016894 0.090723 0.815825
v 0.009984 0.096675 0.810293
v 0.013334 0.089711 0.809747
v 0.005385 0.094667 0.804647
v 0.009003 0.087820 0.804428
v 0.011654 0.080601 0.805311
v 0.004064 0.085122 0.800072
v 0.007210 0.078173 0.801391
v 0.009459 0.071224 0.803928
v 0.002391 0.075113 0.798488
v 0.005360 0.068622 0.801459
v -0.002617 0.071538 0.796715
v 0.001101 0.065581 0.799951
v -0.007623 0.067585 0.796139
v -0.003156 0.062220 0.799461
v -0.012434 0.063407 0.796782
v -0.007247 0.058667 0.800009
v -0.016864 0.059164 0.798621
v -0.011015 0.055058 0.801572
v -0.020744 0.055018 0.801583
v -0.014314 0.051533 0.804091
v -0.023924 0.051130 0.805555
v -0.017019 0.048226 0.807469
v -0.026283 0.047649 0.810385
v -0.019025 0.045266 0.811577
v -0.027729 0.044708 0.815887
v -0.020255 0.042765 0.816256
v -0.028208 0.042421 0.821850
v -0.020662 0.040820 0.821327
v -0.027700 0.040875 0.828044
v -0.020230 0.039505 0.826594
v -0.026225 0.040131 0.834231
v -0.018976 0.038872 0.831856
v -0.023841 0.040215 0.840174
v -0.016948 0.038943 0.836910
v -0.020638 0.041126 0.845644
v -0.014224 0.039718 0.841562
v -0.016739 0.042828 0.850431
v -0.010908 0.041165 0.845633
v -0.012295 0.045255 0.854351
v -0.007129 0.043230 0.848967
v -0.007476 0.048316 0.857254
v -0.003031 0.045832 0.851435
v -0.002467 0.051891 0.859027
v 0.001229 0.048873 0.852943
v 0.002539 0.055843 0.859603
v 0.005486 0.052234 0.853433
v 0.007349 0.060022 0.858960
v 0.009577 0.055788 0.852886
v 0.011779 0.064265 0.857122
v 0.013344 0.059396 0.851323
v 0.015659 0.068410 0.854159
v 0.016644 0.062921 0.848804
v 0.018840 0.072298 0.850187
v 0.019349 0.066228 0.845425
v 0.021198 0.075779 0.845357
v 0.021355 0.069188 0.841318
v 0.022645 0.078720 0.839855
v 0.022585 0.071689 0.836639
v 0.023123 0.081007 0.833892
v 0.022992 0.073634 0.831568
v 0.022615 0.082553 0.827698
v 0.022560 0.074949 0.826300
v 0.021141 0.083298 0.821511
v 0.021306 0.075583 0.821039
v 0.018756 0.083214 0.815568
v 0.019278 0.075511 0.815985
v 0.015553 0.082303 0.810098
v 0.016554 0.074736 0.811333
v 0.016298 0.067301 0.813403
v 0.013238 0.073289 0.807262
v 0.013693 0.066164 0.810205
v 0.013002 0.059501 0.814027
v 0.010724 0.064542 0.807585
v 0.010956 0.058383 0.812223
v 0.007504 0.062497 0.805646
v 0.008739 0.056975 0.810887
v 0.004157 0.060108 0.804461
v 0.006433 0.055329 0.810071
v 0.000812 0.057467 0.804076
v 0.004130 0.053510 0.809806
v -0.002402 0.054675 0.804506
v 0.001916 0.051587 0.810102
v -0.005362 0.051840 0.805734
v -0.000124 0.049634 0.810948
v -0.007955 0.049070 0.807714
v -0.001909 0.047726 0.812311
v -0.010080 0.046472 0.810368
v -0.003373 0.045937 0.814140
v -0.011656 0.044146 0.813595
v -0.004459 0.044334 0.816363
v -0.012622 0.042181 0.817271
v -0.005124 0.042981 0.818895
v -0.012942 0.040653 0.821256
v -0.005345 0.041928 0.821639
v -0.012603 0.039620 0.825394
v -0.005111 0.041217 0.824490
v -0.011617 0.039123 0.829528
v -0.004432 0.040874 0.827338
v -0.010024 0.039179 0.833499
v -0.003335 0.040913 0.830073
v -0.007884 0.039788 0.837154
v -0.001860 0.041332 0.832591
v -0.005279 0.040925 0.840353
v -0.000066 0.042115 0.834794
v -0.002309 0.042547 0.842972
v 0.001979 0.043233 0.836598
v 0.000911 0.044592 0.844912
v 0.004197 0.044641 0.837934
v 0.004257 0.046980 0.846097
v 0.006503 0.046287 0.838750
v 0.007602 0.049622 0.846481
v 0.008806 0.048106 0.839015
v 0.010816 0.052413 0.846052
v 0.011020 0.050029 0.838719
v 0.013777 0.055249 0.844823
v 0.013059 0.051982 0.837873
v 0.016369 0.058018 0.842844
v 0.014845 0.053890 0.836510
v 0.018494 0.060616 0.840190
v 0.016309 0.055679 0.834681
v 0.020070 0.062942 0.836962
v 0.017395 0.057281 0.832458
v 0.021037 0.064907 0.833286
v 0.018060 0.058635 0.829926
v 0.021356 0.066436 0.829302
v 0.018281 0.059688 0.827182
v 0.021017 0.067468 0.825163
v 0.018047 0.060399 0.824331
v 0.020032 0.067966 0.821029
v 0.017368 0.060742 0.821483
v 0.018438 0.067910 0.817058
v 0.016271 0.060703 0.818748
v 0.013026 0.054376 0.820889
v 0.014796 0.060284 0.816231
v 0.012246 0.054154 0.819558
v 0.011297 0.053740 0.818393
v 0.008428 0.048435 0.823658
v 0.005469 0.045139 0.830327
v 0.005436 0.049556 0.816317
v 0.006606 0.050573 0.816161
v 0.007824 0.051535 0.816301
v 0.009043 0.052405 0.816732
v 0.010216 0.053149 0.817439
v 0.013606 0.054397 0.822335
v 0.013965 0.054215 0.823841
v 0.014088 0.053839 0.825348
v 0.013972 0.053282 0.826799
v 0.013620 0.052567 0.828138
v 0.013046 0.051720 0.829313
v 0.012272 0.050774 0.830280
v 0.011328 0.049765 0.831001
v 0.010250 0.048732 0.831448
v 0.009079 0.047715 0.831605
v 0.007861 0.046753 0.831464
v 0.006642 0.045883 0.831033
v 0.004388 0.044548 0.829373
v 0.003439 0.044134 0.828208
v 0.002660 0.043912 0.826877
v 0.002079 0.043892 0.825430
v 0.001720 0.044073 0.823925
v 0.001597 0.044449 0.822417
v 0.001713 0.045006 0.820966
v 0.002065 0.045721 0.819627
v 0.002639 0.046568 0.818452
v 0.003413 0.047515 0.817485
v 0.004357 0.048523 0.816764
v -0.040128 0.109578 0.834718
v -0.041074 0.108226 0.827167
v -0.041346 0.108616 0.834578
v -0.040696 0.107897 0.842525
v -0.042517 0.107600 0.834734
v -0.043595 0.106567 0.835182
v -0.044539 0.105558 0.835902
v -0.045313 0.104612 0.836869
v -0.045887 0.103765 0.838044
v -0.046239 0.103049 0.839383
v -0.046356 0.102493 0.840834
v -0.046232 0.102117 0.842342
v -0.045873 0.101935 0.843847
v -0.045293 0.101956 0.845294
v -0.044514 0.102177 0.846625
v -0.043565 0.102592 0.847790
v -0.042483 0.103182 0.848744
v -0.041311 0.103927 0.849450
v -0.040092 0.104797 0.849881
v -0.038874 0.105759 0.850022
v -0.037703 0.106776 0.849865
v -0.036625 0.107808 0.849418
v -0.035681 0.108817 0.848697
v -0.034907 0.109763 0.847730
v -0.034333 0.110610 0.846555
v -0.033981 0.111326 0.845216
v -0.033864 0.111883 0.843765
v -0.033988 0.112259 0.842258
v -0.034347 0.112440 0.840752
v -0.034927 0.112420 0.839306
v -0.035707 0.112198 0.837975
v -0.036655 0.111784 0.836810
v -0.037737 0.111193 0.835856
v -0.038910 0.110448 0.835149
v -0.041501 0.105327 0.819814
v -0.043317 0.105241 0.823752
v -0.042591 0.102348 0.816634
v -0.044603 0.102499 0.820647
v -0.045828 0.102835 0.824794
v -0.045972 0.099110 0.818037
v -0.047393 0.099683 0.822259
v -0.048028 0.100485 0.826474
v -0.048932 0.095947 0.820297
v -0.049763 0.096986 0.824587
v -0.049831 0.098281 0.828726
v -0.051358 0.092981 0.823328
v -0.051623 0.094513 0.827542
v -0.051168 0.096307 0.831464
v -0.053158 0.090325 0.827013
v -0.052900 0.092357 0.831010
v -0.051989 0.094640 0.834583
v -0.054262 0.088081 0.831211
v -0.053546 0.090602 0.834859
v -0.052260 0.093343 0.837964
v -0.054627 0.086336 0.835760
v -0.053536 0.089315 0.838940
v -0.051972 0.092467 0.841475
v -0.054239 0.085157 0.840486
v -0.052871 0.088546 0.843096
v -0.051136 0.092044 0.844983
v -0.053114 0.084588 0.845207
v -0.051575 0.088324 0.847169
v -0.049784 0.092092 0.848352
v -0.051295 0.084653 0.849741
v -0.049699 0.088658 0.851000
v -0.047968 0.092609 0.851454
v -0.048851 0.085348 0.853914
v -0.047315 0.089535 0.854443
v -0.045758 0.093574 0.854168
v -0.045876 0.086646 0.857567
v -0.044514 0.090922 0.857366
v -0.043238 0.094950 0.856390
v -0.042485 0.088498 0.860558
v -0.041405 0.092764 0.859657
v -0.040506 0.096685 0.858036
v -0.038809 0.090833 0.862772
v -0.038106 0.094992 0.861226
v -0.037666 0.098712 0.859041
v -0.034987 0.093561 0.864125
v -0.034744 0.097519 0.862015
v -0.034828 0.100953 0.859368
v -0.031168 0.096577 0.864565
v -0.031449 0.100248 0.861993
v -0.032101 0.103322 0.859003
v -0.027498 0.099765 0.864074
v -0.028346 0.103075 0.861160
v -0.029589 0.105727 0.857961
v -0.024118 0.103002 0.862672
v -0.025557 0.105891 0.859548
v -0.027390 0.108077 0.856281
v -0.021157 0.106165 0.860411
v -0.023186 0.108588 0.857220
v -0.025587 0.110282 0.854029
v -0.018731 0.109131 0.857381
v -0.021327 0.111062 0.854265
v -0.024249 0.112255 0.851291
v -0.016931 0.111788 0.853695
v -0.020049 0.113218 0.850797
v -0.023429 0.113923 0.848172
v -0.015827 0.114031 0.849497
v -0.019403 0.114973 0.846948
v -0.023158 0.115219 0.844791
v -0.015462 0.115776 0.844948
v -0.019413 0.116260 0.842867
v -0.023446 0.116096 0.841280
v -0.015850 0.116956 0.840222
v -0.020079 0.117029 0.838710
v -0.024282 0.116518 0.837772
v -0.016975 0.117524 0.835502
v -0.021374 0.117251 0.834638
v -0.025634 0.116470 0.834402
v -0.018794 0.117460 0.830967
v -0.023250 0.116916 0.830807
v -0.027450 0.115954 0.831301
v -0.021238 0.116765 0.826794
v -0.025634 0.116039 0.827363
v -0.029660 0.114989 0.828587
v -0.024213 0.115466 0.823141
v -0.028435 0.114653 0.824440
v -0.032180 0.113613 0.826365
v -0.027604 0.113614 0.820150
v -0.031545 0.112811 0.822150
v -0.034912 0.111878 0.824719
v -0.031280 0.111279 0.817936
v -0.034844 0.110583 0.820580
v -0.037752 0.109851 0.823714
v -0.035102 0.108551 0.816583
v -0.038206 0.108056 0.819792
v -0.031723 0.106084 0.810086
v -0.035635 0.105811 0.812865
v -0.031357 0.109027 0.813869
v -0.038921 0.105536 0.816143
v -0.036377 0.102410 0.809551
v -0.039829 0.102336 0.812894
v -0.033055 0.098352 0.803863
v -0.037247 0.098418 0.806749
v -0.032316 0.102503 0.806715
v -0.040849 0.098525 0.810149
v -0.038157 0.093920 0.804545
v -0.041890 0.094186 0.807996
v -0.044968 0.094580 0.811858
v -0.042856 0.089419 0.806495
v -0.046065 0.089972 0.810408
v -0.048575 0.090726 0.814612
v -0.046972 0.085023 0.809637
v -0.049613 0.085936 0.813892
v -0.051532 0.087112 0.818305
v -0.050345 0.080899 0.813850
v -0.052396 0.082233 0.818314
v -0.053725 0.083875 0.822795
v -0.052847 0.077206 0.818974
v -0.054307 0.079007 0.823505
v -0.055070 0.081141 0.827911
v -0.054381 0.074087 0.824809
v -0.055274 0.076380 0.829265
v -0.055514 0.079015 0.833454
v -0.054889 0.071661 0.831134
v -0.055260 0.074454 0.835373
v -0.055042 0.077578 0.839212
v -0.054350 0.070022 0.837703
v -0.054264 0.073304 0.841593
v -0.053671 0.076885 0.844965
v -0.052786 0.069231 0.844266
v -0.052325 0.072972 0.847688
v -0.051454 0.076964 0.850489
v -0.050257 0.069321 0.850570
v -0.049517 0.073472 0.853422
v -0.048476 0.077810 0.855575
v -0.046859 0.070287 0.856372
v -0.045949 0.074784 0.858575
v -0.044852 0.079393 0.860026
v -0.042724 0.072092 0.861449
v -0.041758 0.076859 0.862950
v -0.040720 0.081650 0.863670
v -0.038010 0.074667 0.865607
v -0.037104 0.079616 0.866378
v -0.036240 0.084495 0.866368
v -0.032899 0.077913 0.868686
v -0.032166 0.082950 0.868727
v -0.031584 0.087819 0.868017
v -0.027586 0.081705 0.870567
v -0.027135 0.086732 0.869907
v -0.026930 0.091493 0.868553
v -0.022277 0.085898 0.871178
v -0.022203 0.090817 0.869873
v -0.022458 0.095378 0.867954
v -0.017175 0.090329 0.870495
v -0.017560 0.095048 0.868627
v -0.018339 0.099323 0.866246
v -0.012475 0.094830 0.868545
v -0.013385 0.099263 0.866215
v -0.014732 0.103177 0.863492
v -0.008360 0.099227 0.865404
v -0.009838 0.103299 0.862731
v -0.011775 0.106791 0.859798
v -0.004987 0.103351 0.861190
v -0.007055 0.107002 0.858308
v -0.009582 0.110028 0.855308
v -0.002485 0.107043 0.856067
v -0.005143 0.110228 0.853117
v -0.008237 0.112762 0.850193
v -0.000951 0.110163 0.850231
v -0.004176 0.112855 0.847357
v -0.007792 0.114888 0.844650
v -0.000443 0.112588 0.843907
v -0.004191 0.114780 0.841250
v -0.008265 0.116325 0.838891
v -0.000982 0.114228 0.837337
v -0.005187 0.115931 0.835029
v -0.009635 0.117018 0.833139
v -0.002546 0.115018 0.830774
v -0.007126 0.116263 0.828935
v -0.011853 0.116939 0.827614
v -0.005075 0.114929 0.824471
v -0.009933 0.115763 0.823201
v -0.014831 0.116092 0.822528
v -0.008473 0.113963 0.818669
v -0.013501 0.114450 0.818047
v -0.018455 0.114510 0.818078
v -0.012608 0.112157 0.813591
v -0.017693 0.112376 0.813673
v -0.022587 0.112253 0.814433
v -0.017322 0.109582 0.809434
v -0.022347 0.109618 0.810245
v -0.027067 0.109408 0.811735
v -0.022433 0.106337 0.806355
v -0.027284 0.106285 0.807896
v -0.017557 0.102182 0.802002
v -0.022784 0.102462 0.802891
v -0.017297 0.106166 0.805501
v -0.027746 0.102544 0.804474
v -0.023322 0.098068 0.799961
v -0.028374 0.098259 0.801579
v -0.018622 0.092826 0.796722
v -0.023962 0.093244 0.797654
v -0.018027 0.097705 0.799046
v -0.029083 0.093519 0.799298
v -0.024613 0.088095 0.796032
v -0.029779 0.088425 0.797694
v -0.030370 0.083094 0.796802
v -0.034619 0.088710 0.800039
v -0.035256 0.083434 0.799165
v -0.039718 0.083826 0.802154
v -0.035673 0.078016 0.799002
v -0.040181 0.078463 0.802010
v -0.044183 0.079055 0.805563
v -0.040317 0.073054 0.802548
v -0.044365 0.073702 0.806119
v -0.047844 0.074581 0.810135
v -0.044124 0.068401 0.807302
v -0.047648 0.069335 0.811336
v -0.050558 0.070574 0.815694
v -0.046947 0.064234 0.813083
v -0.049903 0.065529 0.817459
v -0.052223 0.067190 0.822026
v -0.048678 0.060714 0.819669
v -0.051044 0.062431 0.824254
v -0.052774 0.064557 0.828889
v -0.049251 0.057977 0.826805
v -0.051026 0.060159 0.831458
v -0.052189 0.062778 0.836017
v -0.048643 0.056126 0.834219
v -0.049852 0.058801 0.838796
v -0.050492 0.061921 0.843138
v -0.046878 0.055235 0.841624
v -0.047564 0.058410 0.845984
v -0.047748 0.062018 0.849978
v -0.044024 0.055336 0.848737
v -0.044253 0.059000 0.852748
v -0.044061 0.063066 0.856273
v -0.040190 0.056426 0.855284
v -0.040044 0.060548 0.858827
v -0.039574 0.065025 0.861783
v -0.035523 0.058463 0.861014
v -0.035100 0.062996 0.863987
v -0.034459 0.067819 0.866295
v -0.030204 0.061369 0.865706
v -0.029610 0.066248 0.868031
v -0.028913 0.071341 0.869635
v -0.024436 0.065031 0.869180
v -0.023786 0.070180 0.870802
v -0.023149 0.075456 0.871676
v -0.018442 0.069311 0.871302
v -0.017851 0.074642 0.872194
v -0.017388 0.080005 0.872339
v -0.012450 0.074041 0.871992
v -0.012033 0.079460 0.872154
v -0.011851 0.084814 0.871598
v -0.006693 0.079042 0.871222
v -0.006557 0.084451 0.870684
v -0.006753 0.089697 0.869483
v -0.001390 0.084121 0.869022
v -0.001632 0.089423 0.867839
v -0.002287 0.094468 0.866074
v 0.003254 0.089083 0.865476
v 0.002552 0.094184 0.863729
v 0.001373 0.098943 0.861502
v 0.007060 0.093736 0.860722
v 0.005835 0.098551 0.858512
v 0.004088 0.102949 0.855943
v 0.009883 0.097903 0.854941
v 0.008090 0.102357 0.852389
v 0.005753 0.106334 0.849611
v 0.011615 0.101423 0.848355
v 0.009231 0.105455 0.845595
v 0.006303 0.108966 0.842748
v 0.012187 0.104160 0.841219
v 0.009214 0.107727 0.838390
v 0.005719 0.110745 0.835620
v 0.011580 0.106010 0.833805
v 0.008039 0.109084 0.831053
v 0.004022 0.111603 0.828499
v 0.009815 0.106902 0.826400
v 0.005752 0.109476 0.823864
v 0.001277 0.111505 0.821659
v 0.006960 0.106801 0.819287
v 0.002440 0.108886 0.817100
v -0.002409 0.110457 0.815364
v 0.003126 0.105711 0.812740
v -0.001769 0.107338 0.811021
v -0.006896 0.108498 0.809854
v -0.001540 0.103674 0.807010
v -0.006713 0.104890 0.805861
v -0.012011 0.105704 0.805343
v -0.006859 0.100768 0.802318
v -0.012203 0.101638 0.801818
v -0.002063 0.094963 0.800476
v -0.007260 0.096207 0.799336
v -0.001663 0.099524 0.803459
v -0.012627 0.097105 0.798844
v -0.007831 0.091300 0.797002
v -0.013198 0.092198 0.796511
v -0.003354 0.084991 0.796547
v -0.008482 0.086151 0.795380
v -0.002658 0.090084 0.798151
v -0.013826 0.087021 0.794880
v -0.009119 0.080876 0.794506
v -0.014417 0.081690 0.793988
v -0.019817 0.082290 0.794190
v -0.014880 0.076327 0.793843
v -0.020234 0.076871 0.794028
v -0.025575 0.077289 0.794960
v -0.020416 0.071518 0.794584
v -0.025711 0.071880 0.795499
v -0.030877 0.072211 0.797161
v -0.025515 0.066634 0.796699
v -0.030636 0.066909 0.798344
v -0.035521 0.067249 0.800706
v -0.029980 0.061864 0.800109
v -0.034820 0.062148 0.802453
v -0.039328 0.062596 0.805461
v -0.033641 0.057389 0.804680
v -0.038103 0.057781 0.807670
v -0.042151 0.058429 0.811242
v -0.036355 0.053382 0.810239
v -0.040358 0.053975 0.813793
v -0.043882 0.054909 0.817827
v -0.038020 0.049998 0.816572
v -0.041499 0.050877 0.820588
v -0.044455 0.052172 0.824963
v -0.038571 0.047366 0.823434
v -0.041481 0.048605 0.827792
v -0.043847 0.050322 0.832377
v -0.037986 0.045587 0.830562
v -0.040306 0.047247 0.835130
v -0.042082 0.049430 0.839782
v -0.036289 0.044729 0.837683
v -0.038019 0.046856 0.842318
v -0.039228 0.049531 0.846895
v -0.033545 0.044826 0.844523
v -0.034707 0.047446 0.849082
v -0.035394 0.050621 0.853442
v -0.029858 0.045875 0.850819
v -0.030499 0.048994 0.855161
v -0.030728 0.052658 0.859172
v -0.025371 0.047833 0.856328
v -0.025554 0.051442 0.860321
v -0.025408 0.055564 0.863864
v -0.020256 0.050627 0.860840
v -0.020064 0.054694 0.864365
v -0.019641 0.059227 0.867338
v -0.014710 0.054149 0.864180
v -0.014240 0.058626 0.867136
v -0.013646 0.063506 0.869461
v -0.008946 0.058264 0.866221
v -0.008305 0.063088 0.868528
v -0.007655 0.068237 0.870150
v -0.003185 0.062813 0.866884
v -0.002488 0.067906 0.868488
v -0.001897 0.073237 0.869380
v 0.002352 0.067622 0.866143
v 0.002988 0.072897 0.867018
v 0.003406 0.078316 0.867180
v 0.007450 0.072506 0.864028
v 0.007913 0.077869 0.864173
v 0.008049 0.083278 0.863634
v 0.011916 0.077276 0.860619
v 0.012098 0.082630 0.860063
v 0.011856 0.087931 0.858880
v 0.015576 0.081751 0.856047
v 0.015380 0.086997 0.854846
v 0.014679 0.092098 0.853099
v 0.018291 0.085758 0.850488
v 0.017636 0.090803 0.848723
v 0.016410 0.095618 0.846514
v 0.019956 0.089142 0.844156
v 0.018776 0.093901 0.841929
v 0.016983 0.098355 0.839377
v 0.020506 0.091774 0.837294
v 0.018759 0.096173 0.834724
v 0.016375 0.100205 0.831964
v 0.019922 0.093553 0.830165
v 0.017584 0.097530 0.827387
v 0.014610 0.101097 0.824558
v 0.018225 0.094411 0.823044
v 0.015297 0.097922 0.820198
v 0.011756 0.100996 0.817445
v 0.015480 0.094313 0.816204
v 0.011985 0.097332 0.813434
v 0.007922 0.099906 0.810898
v 0.011793 0.093265 0.809909
v 0.007776 0.095784 0.807355
v 0.003256 0.097869 0.805168
v 0.007307 0.091307 0.804399
v 0.002832 0.093336 0.802195
v 0.010456 0.084240 0.804733
v 0.006598 0.086566 0.802119
v 0.011255 0.088871 0.806979
v 0.002192 0.088513 0.799888
v 0.005743 0.081665 0.800575
v 0.001427 0.083502 0.798310
v 0.008453 0.074682 0.802512
v 0.004836 0.076715 0.799805
v 0.009490 0.079473 0.803232
v 0.000631 0.078419 0.797497
v 0.003972 0.071837 0.799814
v -0.000101 0.073382 0.797455
v -0.004681 0.074627 0.795616
v -0.000684 0.068513 0.798165
v -0.005133 0.069600 0.796275
v -0.009991 0.070434 0.795005
v -0.005338 0.064838 0.797630
v -0.010065 0.065514 0.796309
v -0.015093 0.066002 0.795687
v -0.009810 0.060954 0.798228
v -0.014707 0.061283 0.797556
v -0.019792 0.061502 0.797637
v -0.013929 0.057009 0.799937
v -0.018882 0.057069 0.799967
v -0.023907 0.057105 0.800779
v -0.017536 0.053155 0.802691
v -0.022430 0.053033 0.803452
v -0.027281 0.052981 0.804992
v -0.020493 0.049541 0.806384
v -0.025213 0.049330 0.807874
v -0.029783 0.049288 0.810115
v -0.022686 0.046304 0.810874
v -0.027124 0.046104 0.813065
v -0.031317 0.046169 0.815951
v -0.024030 0.043570 0.815989
v -0.028092 0.043477 0.818825
v -0.031824 0.043743 0.822275
v -0.024475 0.041444 0.821533
v -0.028077 0.041551 0.824933
v -0.031286 0.042104 0.828845
v -0.024003 0.040007 0.827291
v -0.027081 0.040400 0.831153
v -0.029722 0.041314 0.835408
v -0.022632 0.039314 0.833043
v -0.025142 0.040069 0.837248
v -0.027192 0.041403 0.841711
v -0.020415 0.039393 0.838568
v -0.022334 0.040569 0.842982
v -0.023795 0.042369 0.847513
v -0.017437 0.040239 0.843654
v -0.018766 0.041881 0.848135
v -0.019659 0.044174 0.852591
v -0.013812 0.041822 0.848104
v -0.014575 0.043956 0.852510
v -0.014946 0.046749 0.856749
v -0.009681 0.044079 0.851749
v -0.009921 0.046713 0.855937
v -0.009834 0.049995 0.859827
v -0.005201 0.046924 0.854447
v -0.004983 0.050047 0.858287
v -0.004522 0.053787 0.861708
v -0.000544 0.050247 0.856096
v 0.000048 0.053829 0.859467
v 0.000788 0.057980 0.862319
v 0.004110 0.053922 0.856631
v 0.004980 0.057914 0.859433
v 0.005890 0.062412 0.861637
v 0.008582 0.057807 0.856033
v 0.009623 0.062145 0.858186
v 0.010589 0.066912 0.859687
v 0.012701 0.061752 0.854324
v 0.013798 0.066360 0.855775
v 0.014704 0.071309 0.856545
v 0.016308 0.065605 0.851570
v 0.017345 0.070396 0.852291
v 0.018078 0.075433 0.852332
v 0.019264 0.069220 0.847877
v 0.020128 0.074098 0.847868
v 0.020580 0.079125 0.847209
v 0.021457 0.072456 0.843387
v 0.022040 0.077325 0.842677
v 0.022114 0.082245 0.841373
v 0.022802 0.075190 0.838272
v 0.023007 0.079952 0.836917
v 0.022621 0.084671 0.835049
v 0.023247 0.077317 0.832728
v 0.022992 0.081877 0.830810
v 0.022083 0.086310 0.828479
v 0.022775 0.078754 0.826970
v 0.021996 0.083028 0.824589
v 0.020519 0.087100 0.821916
v 0.021404 0.079447 0.821218
v 0.020057 0.083360 0.818495
v 0.017989 0.087011 0.815613
v 0.019187 0.079368 0.815693
v 0.017250 0.082860 0.812761
v 0.014592 0.086045 0.809811
v 0.016209 0.078521 0.810607
v 0.013682 0.081547 0.807607
v 0.016583 0.070984 0.812268
v 0.014962 0.074094 0.809214
v 0.017997 0.075210 0.813597
v 0.012584 0.076939 0.806157
v 0.013609 0.069686 0.808615
v 0.011398 0.072329 0.805494
v 0.013490 0.062758 0.812015
v 0.012247 0.065410 0.808816
v 0.015048 0.066796 0.811739
v 0.010218 0.067833 0.805624
v 0.010970 0.061382 0.809792
v 0.009137 0.063568 0.806525
v 0.006541 0.065498 0.803410
v 0.008238 0.059647 0.808147
v 0.005838 0.061340 0.804956
v 0.002720 0.062771 0.802057
v 0.005399 0.057620 0.807141
v 0.002476 0.058813 0.804167
v -0.001100 0.059755 0.801617
v 0.002561 0.055379 0.806815
v -0.000819 0.056084 0.804190
v -0.004770 0.056567 0.802108
v -0.000166 0.053010 0.807179
v -0.003921 0.053256 0.805023
v -0.008150 0.053330 0.803511
v -0.002678 0.050604 0.808222
v -0.006711 0.050440 0.806634
v -0.011110 0.050167 0.805771
v -0.004878 0.048254 0.809901
v -0.009081 0.047743 0.808962
v -0.013537 0.047200 0.808802
v -0.006681 0.046050 0.812153
v -0.010941 0.045270 0.811917
v -0.015337 0.044544 0.812487
v -0.008018 0.044076 0.814891
v -0.012218 0.043114 0.815386
v -0.016440 0.042301 0.816685
v -0.008838 0.042409 0.818011
v -0.012864 0.041359 0.819234
v -0.016805 0.040555 0.821234
v -0.009109 0.041112 0.821391
v -0.012854 0.040072 0.823315
v -0.016418 0.039376 0.825960
v -0.008822 0.040236 0.824903
v -0.012189 0.039303 0.827472
v -0.015293 0.038808 0.830681
v -0.007986 0.039814 0.828411
v -0.010893 0.039081 0.831544
v -0.013473 0.038872 0.835215
v -0.006634 0.039862 0.831780
v -0.009017 0.039415 0.835375
v -0.011029 0.039567 0.839388
v -0.004817 0.040378 0.834881
v -0.006633 0.040292 0.838819
v -0.008055 0.040865 0.843041
v -0.002607 0.041343 0.837595
v -0.003833 0.041679 0.841742
v -0.004664 0.042718 0.846032
v -0.000088 0.042719 0.839817
v -0.000723 0.043521 0.844032
v -0.000987 0.045053 0.848246
v 0.002644 0.044454 0.841463
v 0.002576 0.045749 0.845602
v 0.002834 0.047780 0.849599
v 0.005484 0.046481 0.842468
v 0.005938 0.048276 0.846391
v 0.006654 0.050796 0.850039
v 0.008322 0.048722 0.842795
v 0.009233 0.051005 0.846368
v 0.010324 0.053984 0.849548
v 0.011049 0.051091 0.842430
v 0.012336 0.053832 0.845535
v 0.013704 0.057222 0.848145
v 0.013561 0.053497 0.841388
v 0.015125 0.056648 0.843923
v 0.016664 0.060384 0.845885
v 0.015761 0.055847 0.839709
v 0.017496 0.059345 0.841595
v 0.019091 0.063351 0.842855
v 0.017564 0.058051 0.837457
v 0.019355 0.061819 0.838640
v 0.020891 0.066007 0.839169
v 0.018901 0.060025 0.834718
v 0.020633 0.063975 0.835172
v 0.021994 0.068251 0.834971
v 0.019721 0.061692 0.831599
v 0.021279 0.065730 0.831323
v 0.022359 0.069996 0.830422
v 0.019992 0.062989 0.828219
v 0.021269 0.067017 0.827242
v 0.021972 0.071175 0.825696
v 0.019704 0.063865 0.824707
v 0.020603 0.067786 0.823086
v 0.020847 0.071743 0.820976
v 0.018868 0.064287 0.821199
v 0.019308 0.068008 0.819014
v 0.019027 0.071679 0.816441
v 0.017516 0.064239 0.817830
v 0.017432 0.067673 0.815182
v 0.014733 0.057361 0.819792
v 0.015577 0.060540 0.817456
v 0.016869 0.060770 0.820095
v 0.015700 0.063723 0.814729
v 0.013612 0.057042 0.817877
v 0.013935 0.059936 0.815084
v 0.011822 0.054020 0.818908
v 0.012698 0.054342 0.820174
v 0.010781 0.051703 0.821196
v 0.006773 0.046371 0.827565
v 0.006753 0.048983 0.819280
v 0.007445 0.049585 0.819187
v 0.008166 0.050153 0.819270
v 0.008887 0.050668 0.819525
v 0.009580 0.051108 0.819943
v 0.010220 0.051458 0.820507
v 0.011242 0.051834 0.821984
v 0.011585 0.051846 0.822839
v 0.011797 0.051739 0.823729
v 0.011871 0.051516 0.824621
v 0.011802 0.051187 0.825479
v 0.011593 0.050764 0.826271
v 0.011254 0.050263 0.826966
v 0.010796 0.049703 0.827538
v 0.010238 0.049107 0.827964
v 0.009600 0.048496 0.828229
v 0.008908 0.047895 0.828321
v 0.008188 0.047326 0.828238
v 0.007467 0.046811 0.827983
v 0.006133 0.046021 0.827001
v 0.005572 0.045776 0.826312
v 0.005111 0.045645 0.825525
v 0.004768 0.045633 0.824670
v 0.004556 0.045740 0.823779
v 0.004483 0.045963 0.822888
v 0.004552 0.046292 0.822030
v 0.004760 0.046715 0.821238
v 0.005099 0.047216 0.820543
v 0.005557 0.047776 0.819971
v 0.006116 0.048373 0.819544
v 0.002259 0.048938 0.813857
v 0.003826 0.048009 0.817032
v 0.004851 0.049044 0.816440
v 0.000900 0.047487 0.814894
v 0.002955 0.047017 0.817888
v -0.000214 0.046125 0.816286
v 0.002271 0.046108 0.818974
v -0.001040 0.044906 0.817977
v 0.001802 0.045316 0.820248
v -0.001546 0.043876 0.819904
v 0.001564 0.044671 0.821663
v -0.001714 0.043075 0.821992
v 0.001568 0.044198 0.823163
v -0.001536 0.042534 0.824161
v 0.001812 0.043915 0.824690
v -0.001020 0.042273 0.826328
v 0.002289 0.043834 0.826187
v -0.000184 0.042302 0.828409
v 0.002978 0.043957 0.827595
v 0.000937 0.042621 0.830325
v 0.003854 0.044279 0.828860
v 0.002303 0.043217 0.832002
v 0.004884 0.044789 0.829935
v 0.005547 0.045139 0.834391
v 0.007239 0.046284 0.831353
v 0.006026 0.045466 0.830776
v 0.007301 0.046391 0.835012
v 0.008474 0.047213 0.831643
v 0.009054 0.047776 0.835214
v 0.009685 0.048216 0.831635
v 0.010739 0.049239 0.834988
v 0.010825 0.049255 0.831329
v 0.012290 0.050725 0.834345
v 0.011851 0.050290 0.830736
v 0.013649 0.052177 0.833307
v 0.012722 0.051281 0.829881
v 0.014763 0.053538 0.831916
v 0.013405 0.052190 0.828795
v 0.015589 0.054757 0.830225
v 0.013875 0.052983 0.827520
v 0.016095 0.055787 0.828298
v 0.014112 0.053628 0.826106
v 0.016263 0.056588 0.826209
v 0.014109 0.054101 0.824606
v 0.016085 0.057130 0.824040
v 0.013864 0.054383 0.823078
v 0.015569 0.057391 0.821873
v 0.013388 0.054465 0.821582
v 0.010690 0.055596 0.814827
v 0.009650 0.052833 0.816992
v 0.010793 0.053510 0.817834
v 0.009002 0.054524 0.813811
v 0.008438 0.052014 0.816415
v 0.007248 0.053272 0.813190
v 0.007202 0.051086 0.816126
v 0.005495 0.051888 0.812988
v 0.005991 0.050083 0.816134
v 0.003810 0.050424 0.813213
v 0.003859 0.044068 0.833374
v 0.012246 0.056446 0.816200
v 0.017762 0.060618 0.822900
v 0.018220 0.060088 0.825763
v 0.018227 0.059202 0.828574
v 0.017782 0.057993 0.831225
v 0.016902 0.056508 0.833614
v 0.015621 0.054804 0.835650
v 0.013989 0.052946 0.837253
v 0.012067 0.051006 0.838363
v 0.009930 0.049059 0.838937
v 0.007660 0.047179 0.838953
v 0.005345 0.045438 0.838409
v 0.003072 0.043904 0.837328
v 0.000930 0.042635 0.835750
v -0.000999 0.041680 0.833737
v -0.002641 0.041076 0.831365
v -0.003933 0.040846 0.828726
v -0.004826 0.040998 0.825921
v -0.005284 0.041528 0.823058
v -0.005291 0.042414 0.820247
v -0.004846 0.043623 0.817596
v -0.003966 0.045108 0.815207
v -0.002685 0.046812 0.813171
v -0.001053 0.048670 0.811568
v 0.000869 0.050610 0.810458
v 0.003006 0.052557 0.809884
v 0.005276 0.054437 0.809869
v 0.007591 0.056178 0.810412
v 0.009864 0.057712 0.811493
v 0.012006 0.058981 0.813071
v 0.020384 0.075635 0.818473
v 0.022033 0.075353 0.823656
v 0.022880 0.074374 0.828946
v 0.022893 0.072737 0.834140
v 0.022070 0.070503 0.839039
v 0.020444 0.067759 0.843453
v 0.018078 0.064610 0.847214
v 0.015061 0.061178 0.850177
v 0.011510 0.057594 0.852228
v 0.007562 0.053995 0.853289
v 0.003368 0.050521 0.853317
v -0.000911 0.047305 0.852314
v -0.005110 0.044470 0.850316
v -0.009068 0.042125 0.847401
v -0.012632 0.040360 0.843680
v -0.015667 0.039244 0.839298
v -0.018054 0.038819 0.834421
v -0.019703 0.039101 0.829238
v -0.020550 0.040080 0.823948
v -0.020563 0.041718 0.818754
v -0.019741 0.043951 0.813856
v -0.018115 0.046695 0.809441
v -0.015748 0.049844 0.805680
v -0.012731 0.053276 0.802717
v -0.009181 0.056860 0.800666
v -0.005232 0.060459 0.799606
v -0.001038 0.063933 0.799577
v 0.003241 0.067149 0.800581
v 0.007440 0.069984 0.802579
v 0.015220 0.090330 0.812706
v 0.018339 0.090885 0.819077
v 0.020494 0.090517 0.825849
v 0.021601 0.089238 0.832761
v 0.021617 0.087098 0.839547
v 0.020542 0.084179 0.845947
v 0.018418 0.080594 0.851715
v 0.015326 0.076480 0.856629
v 0.011384 0.071996 0.860500
v 0.006745 0.067313 0.863180
v 0.001586 0.062611 0.864565
v -0.003893 0.058072 0.864603
v -0.009484 0.053870 0.863292
v -0.014970 0.050166 0.860681
v -0.020141 0.047102 0.856872
v -0.024799 0.044797 0.852012
v -0.028764 0.043338 0.846285
v -0.031883 0.042782 0.839914
v -0.034038 0.043151 0.833142
v -0.035144 0.044430 0.826230
v -0.035161 0.046570 0.819444
v -0.034086 0.049488 0.813044
v -0.031962 0.053073 0.807276
v -0.028869 0.057187 0.802362
v -0.024928 0.061672 0.798491
v -0.020289 0.066355 0.795811
v -0.015130 0.071056 0.794426
v -0.009650 0.075595 0.794388
v -0.004060 0.079798 0.795699
v 0.003379 0.102019 0.808720
v 0.007670 0.103598 0.814918
v 0.011046 0.104199 0.821814
v 0.013379 0.103800 0.829144
v 0.014576 0.102416 0.836625
v 0.014594 0.100100 0.843971
v 0.013431 0.096941 0.850898
v 0.011132 0.093060 0.857141
v 0.007785 0.088607 0.862460
v 0.003518 0.083753 0.866651
v -0.001503 0.078684 0.869551
v -0.007087 0.073596 0.871051
v -0.013018 0.068682 0.871091
v -0.019069 0.064134 0.869672
v -0.025008 0.060124 0.866846
v -0.030605 0.056808 0.862724
v -0.035646 0.054313 0.857462
v -0.039937 0.052734 0.851264
v -0.043314 0.052133 0.844368
v -0.045646 0.052532 0.837038
v -0.046844 0.053916 0.829557
v -0.046862 0.056232 0.822212
v -0.045698 0.059391 0.815284
v -0.043399 0.063272 0.809041
v -0.040052 0.067725 0.803722
v -0.035786 0.072579 0.799532
v -0.030764 0.077647 0.796631
v -0.025181 0.082736 0.795132
v -0.019249 0.087649 0.795091
v -0.012126 0.109230 0.809310
v -0.007469 0.111535 0.814171
v -0.003504 0.112994 0.819897
v -0.000384 0.113549 0.826268
v 0.001770 0.113181 0.833040
v 0.002877 0.111902 0.839952
v 0.002893 0.109762 0.846738
v 0.001819 0.106843 0.853138
v -0.000306 0.103258 0.858906
v -0.003398 0.099144 0.863820
v -0.007339 0.094660 0.867692
v -0.011979 0.089977 0.870371
v -0.017137 0.085275 0.871757
v -0.022617 0.080736 0.871794
v -0.028208 0.076534 0.870483
v -0.033694 0.072830 0.867872
v -0.038865 0.069766 0.864064
v -0.043523 0.067461 0.859203
v -0.047487 0.066002 0.853477
v -0.050607 0.065446 0.847105
v -0.052761 0.065815 0.840334
v -0.053868 0.067094 0.833422
v -0.053885 0.069234 0.826635
v -0.052810 0.072152 0.820235
v -0.050686 0.075737 0.814467
v -0.047593 0.079851 0.809553
v -0.043652 0.084336 0.805682
v -0.039013 0.089019 0.803002
v -0.033854 0.093720 0.801617
v -0.039568 0.109940 0.831170
v -0.039928 0.109153 0.827230
v -0.037612 0.110894 0.827773
v -0.041321 0.108556 0.830969
v -0.040589 0.107610 0.823387
v -0.042198 0.107273 0.827245
v -0.040742 0.109119 0.834539
v -0.041175 0.108437 0.837861
v -0.041953 0.108116 0.834548
v -0.043006 0.107093 0.831194
v -0.043093 0.107077 0.834854
v -0.041868 0.107836 0.837954
v -0.044558 0.105607 0.831838
v -0.044118 0.106042 0.835446
v -0.042505 0.107225 0.838218
v -0.045916 0.104155 0.832875
v -0.044989 0.105050 0.836301
v -0.043064 0.106628 0.838645
v -0.047030 0.102793 0.834266
v -0.045673 0.104141 0.837387
v -0.043521 0.106069 0.839216
v -0.047856 0.101574 0.835958
v -0.046142 0.103349 0.838662
v -0.043861 0.105568 0.839911
v -0.048363 0.100544 0.837885
v -0.046380 0.102704 0.840077
v -0.044069 0.105145 0.840703
v -0.048530 0.099743 0.839973
v -0.046376 0.102231 0.841576
v -0.044138 0.104815 0.841561
v -0.048352 0.099202 0.842142
v -0.046131 0.101949 0.843104
v -0.044065 0.104593 0.842453
v -0.047836 0.098941 0.844309
v -0.045655 0.101867 0.844600
v -0.043853 0.104486 0.843343
v -0.047001 0.098971 0.846390
v -0.044966 0.101990 0.846009
v -0.043509 0.104498 0.844199
v -0.045879 0.099290 0.848306
v -0.044090 0.102312 0.847274
v -0.043048 0.104629 0.844986
v -0.044514 0.099886 0.849982
v -0.043060 0.102822 0.848348
v -0.042487 0.104874 0.845675
v -0.042957 0.100736 0.851355
v -0.041918 0.103499 0.849190
v -0.041848 0.105223 0.846239
v -0.041270 0.101808 0.852372
v -0.040705 0.104317 0.849767
v -0.041154 0.105664 0.846657
v -0.039516 0.103060 0.852993
v -0.039470 0.105246 0.850057
v -0.040433 0.106178 0.846912
v -0.037763 0.104444 0.853194
v -0.038259 0.106249 0.850048
v -0.039713 0.106747 0.846995
v -0.036078 0.105907 0.852969
v -0.037118 0.107288 0.849742
v -0.039021 0.107348 0.846902
v -0.034526 0.107393 0.852325
v -0.036093 0.108323 0.849150
v -0.038383 0.107959 0.846638
v -0.033168 0.108845 0.851288
v -0.035222 0.109314 0.848294
v -0.037825 0.108556 0.846211
v -0.032054 0.110207 0.849897
v -0.034539 0.110223 0.847208
v -0.037367 0.109115 0.845640
v -0.031228 0.111426 0.848205
v -0.034069 0.111016 0.845934
v -0.037027 0.109616 0.844945
v -0.030721 0.112456 0.846278
v -0.033832 0.111661 0.844519
v -0.036819 0.110040 0.844153
v -0.030554 0.113257 0.844190
v -0.033835 0.112134 0.843020
v -0.036750 0.110369 0.843295
v -0.030731 0.113798 0.842021
v -0.034080 0.112416 0.841492
v -0.036823 0.110591 0.842403
v -0.031248 0.114059 0.839854
v -0.034556 0.112498 0.839995
v -0.037036 0.110698 0.841513
v -0.032083 0.114029 0.837773
v -0.035246 0.112375 0.838587
v -0.037379 0.110686 0.840657
v -0.037840 0.110555 0.839870
v -0.033205 0.113710 0.835857
v -0.036122 0.112053 0.837322
v -0.034570 0.113114 0.834181
v -0.037151 0.111543 0.836248
v -0.038401 0.110310 0.839181
v -0.036127 0.112264 0.832808
v -0.038294 0.110866 0.835406
v -0.039041 0.109961 0.838617
v -0.037814 0.111192 0.831791
v -0.039506 0.110047 0.834829
v -0.039734 0.109520 0.838199
v -0.040455 0.109006 0.837944
v -0.027158 0.111862 0.815866
v -0.035340 0.112428 0.828854
v -0.023200 0.114207 0.818782
v -0.033198 0.113697 0.830432
v -0.019635 0.115971 0.822502
v -0.031268 0.114652 0.832445
v -0.016601 0.117088 0.826884
v -0.029626 0.115256 0.834817
v -0.014213 0.117513 0.831761
v -0.028334 0.115486 0.837456
v -0.012564 0.117231 0.836944
v -0.027442 0.115334 0.840261
v -0.011717 0.116252 0.842234
v -0.026983 0.114804 0.843124
v -0.011704 0.114614 0.847428
v -0.026976 0.113917 0.845935
v -0.012527 0.112380 0.852326
v -0.027422 0.112709 0.848586
v -0.014153 0.109637 0.856741
v -0.028301 0.111224 0.850975
v -0.016519 0.106488 0.860502
v -0.029582 0.109520 0.853011
v -0.019536 0.103056 0.863465
v -0.031215 0.107662 0.854614
v -0.023087 0.099471 0.865516
v -0.033137 0.105722 0.855724
v -0.027035 0.095873 0.866576
v -0.035273 0.103775 0.856298
v -0.031229 0.092399 0.866605
v -0.037543 0.101895 0.856314
v -0.035508 0.089183 0.865601
v -0.039859 0.100154 0.855770
v -0.039707 0.086347 0.863603
v -0.042131 0.098620 0.854689
v -0.043665 0.084003 0.860688
v -0.044273 0.097351 0.853112
v -0.047230 0.082238 0.856968
v -0.046202 0.096396 0.851098
v -0.050264 0.081122 0.852585
v -0.047845 0.095792 0.848726
v -0.052652 0.080697 0.847709
v -0.049137 0.095561 0.846087
v -0.054301 0.080979 0.842526
v -0.050029 0.095714 0.843282
v -0.055148 0.081958 0.837236
v -0.050488 0.096244 0.840419
v -0.055160 0.083595 0.832042
v -0.050494 0.097130 0.837608
v -0.054338 0.085829 0.827143
v -0.050049 0.098339 0.834957
v -0.052712 0.088573 0.822729
v -0.049169 0.099824 0.832568
v -0.050345 0.091722 0.818968
v -0.047889 0.101528 0.830533
v -0.047328 0.095154 0.816005
v -0.046256 0.103386 0.828929
v -0.043778 0.098738 0.813954
v -0.044334 0.105325 0.827819
v -0.041974 0.106436 0.823484
v -0.040784 0.103956 0.816273
v -0.044606 0.104037 0.824190
v -0.044326 0.100727 0.817224
v -0.046973 0.101647 0.825558
v -0.047512 0.097512 0.819064
v -0.048984 0.099359 0.827533
v -0.050218 0.094432 0.821723
v -0.050562 0.097260 0.830040
v -0.052341 0.091607 0.825097
v -0.051646 0.095431 0.832983
v -0.053800 0.089146 0.829058
v -0.052194 0.093942 0.836249
v -0.054538 0.087142 0.833452
v -0.052185 0.092850 0.839712
v -0.054527 0.085672 0.838112
v -0.051621 0.092198 0.843238
v -0.053767 0.084794 0.842858
v -0.050522 0.092009 0.846693
v -0.052287 0.084541 0.847508
v -0.048930 0.092293 0.849944
v -0.050145 0.084923 0.851883
v -0.046907 0.093037 0.852866
v -0.047423 0.085924 0.855815
v -0.044531 0.094213 0.855346
v -0.044225 0.087507 0.859153
v -0.041892 0.095777 0.857289
v -0.040674 0.089611 0.861768
v -0.039093 0.097667 0.858621
v -0.036907 0.092154 0.863560
v -0.036240 0.099811 0.859291
v -0.033068 0.095040 0.864461
v -0.033444 0.102127 0.859271
v -0.029305 0.098157 0.864435
v -0.030812 0.104526 0.858564
v -0.025763 0.101385 0.863484
v -0.028445 0.106915 0.857197
v -0.022577 0.104601 0.861644
v -0.026434 0.109203 0.855222
v -0.019871 0.107680 0.858986
v -0.024856 0.111302 0.852715
v -0.017748 0.110505 0.855611
v -0.023772 0.113132 0.849772
v -0.016289 0.112967 0.851651
v -0.023224 0.114621 0.846506
v -0.015551 0.114971 0.847256
v -0.023232 0.115712 0.843043
v -0.015562 0.116440 0.842596
v -0.023797 0.116365 0.839517
v -0.016322 0.117318 0.837850
v -0.024896 0.116553 0.836062
v -0.017802 0.117571 0.833200
v -0.026488 0.116270 0.832811
v -0.019944 0.117190 0.828825
v -0.028511 0.115525 0.829889
v -0.022666 0.116188 0.824893
v -0.030887 0.114349 0.827409
v -0.025864 0.114605 0.821555
v -0.033526 0.112786 0.825465
v -0.029415 0.112502 0.818940
v -0.036325 0.110896 0.824134
v -0.033182 0.109958 0.817148
v -0.039178 0.108752 0.823464
v -0.037021 0.107072 0.816247
v -0.029384 0.107798 0.810775
v -0.034062 0.104282 0.809677
v -0.038647 0.100484 0.809709
v -0.030414 0.100488 0.804007
v -0.035645 0.096155 0.804043
v -0.042963 0.096551 0.810868
v -0.040569 0.091668 0.805366
v -0.046845 0.092632 0.813110
v -0.044997 0.087197 0.807924
v -0.050142 0.088880 0.816349
v -0.048760 0.082916 0.811619
v -0.052730 0.085438 0.820461
v -0.051712 0.078989 0.816310
v -0.054507 0.082438 0.825287
v -0.053740 0.075567 0.821816
v -0.055406 0.079997 0.830642
v -0.054765 0.072781 0.827925
v -0.055393 0.078206 0.836320
v -0.054750 0.070739 0.834404
v -0.054467 0.077136 0.842103
v -0.053693 0.069518 0.841002
v -0.052664 0.076828 0.847769
v -0.051637 0.069166 0.847466
v -0.050054 0.077293 0.853100
v -0.048659 0.069696 0.853548
v -0.046737 0.078513 0.857891
v -0.044874 0.071088 0.859014
v -0.042840 0.080442 0.861958
v -0.040428 0.073289 0.863654
v -0.038513 0.083005 0.865145
v -0.035492 0.076214 0.867290
v -0.033923 0.086105 0.867329
v -0.030255 0.079750 0.869781
v -0.029245 0.089621 0.868426
v -0.024918 0.083761 0.871033
v -0.024660 0.093419 0.868395
v -0.019687 0.088094 0.870997
v -0.020344 0.097352 0.867236
v -0.014763 0.092582 0.869675
v -0.016462 0.101270 0.864993
v -0.010334 0.097052 0.867117
v -0.013164 0.105023 0.861754
v -0.006572 0.101333 0.863421
v -0.010577 0.108465 0.857643
v -0.003620 0.105260 0.858731
v -0.008800 0.111464 0.852817
v -0.001592 0.108683 0.853225
v -0.007901 0.113906 0.847462
v -0.000566 0.111469 0.847115
v -0.007914 0.115697 0.841784
v -0.000582 0.113511 0.840637
v -0.008840 0.116767 0.836000
v -0.001638 0.114732 0.834039
v -0.010643 0.117075 0.830334
v -0.003695 0.115084 0.827575
v -0.013253 0.116610 0.825004
v -0.006673 0.114554 0.821493
v -0.016570 0.115390 0.820213
v -0.010458 0.113161 0.816027
v -0.020467 0.113461 0.816146
v -0.014903 0.110961 0.811387
v -0.024794 0.110898 0.812959
v -0.019840 0.108036 0.807751
v -0.025077 0.104500 0.805259
v -0.014743 0.104026 0.803517
v -0.020426 0.100190 0.800813
v -0.026217 0.095837 0.799455
v -0.015610 0.095033 0.797608
v -0.021632 0.090506 0.796195
v -0.031893 0.091135 0.799494
v -0.027535 0.085617 0.796236
v -0.033092 0.080552 0.797728
v -0.037236 0.086266 0.800929
v -0.042041 0.081415 0.803704
v -0.038089 0.075508 0.800614
v -0.046124 0.076770 0.807714
v -0.042335 0.070677 0.804784
v -0.049327 0.072509 0.812804
v -0.045666 0.066246 0.810078
v -0.051527 0.068796 0.818778
v -0.047954 0.062384 0.816291
v -0.052640 0.065773 0.825408
v -0.049111 0.059240 0.823185
v -0.052623 0.063556 0.832437
v -0.049094 0.056935 0.830495
v -0.051477 0.062232 0.839596
v -0.047902 0.055558 0.837940
v -0.049245 0.061850 0.846610
v -0.045581 0.055161 0.845235
v -0.046014 0.062425 0.853209
v -0.042221 0.055759 0.852098
v -0.041907 0.063936 0.859140
v -0.037950 0.057330 0.858266
v -0.037083 0.066324 0.864175
v -0.032933 0.059814 0.863502
v -0.031727 0.069497 0.868120
v -0.027363 0.063114 0.867605
v -0.026044 0.073334 0.870824
v -0.021453 0.067104 0.870416
v -0.020254 0.077687 0.872182
v -0.015431 0.071631 0.871829
v -0.014578 0.082388 0.872143
v -0.009528 0.076520 0.871789
v -0.009235 0.087258 0.870708
v -0.003971 0.081584 0.870296
v -0.004429 0.092108 0.867933
v 0.001026 0.086629 0.867410
v -0.000347 0.096754 0.863923
v 0.005271 0.091459 0.863240
v 0.002856 0.101015 0.858833
v 0.008602 0.095891 0.857946
v 0.005056 0.104728 0.852859
v 0.010891 0.099753 0.851733
v 0.006169 0.107751 0.846230
v 0.012048 0.102896 0.844839
v 0.006152 0.109967 0.839200
v 0.012031 0.105201 0.837529
v 0.005006 0.111292 0.832041
v 0.010838 0.106579 0.830084
v 0.002775 0.111674 0.825027
v 0.008518 0.106976 0.822789
v -0.000457 0.111098 0.818428
v 0.005157 0.106377 0.815926
v -0.004563 0.109588 0.812497
v 0.000887 0.104806 0.809758
v -0.009387 0.107200 0.807462
v -0.004130 0.102323 0.804522
v -0.009700 0.099023 0.800420
v 0.000666 0.096518 0.802680
v -0.004905 0.093218 0.798578
v -0.010814 0.089228 0.795766
v -0.000540 0.086835 0.798062
v -0.006223 0.082998 0.795358
v -0.016836 0.084701 0.794353
v -0.012014 0.078645 0.794000
v -0.022739 0.079812 0.794394
v -0.017690 0.073944 0.794039
v -0.028296 0.074747 0.795886
v -0.023033 0.069074 0.795474
v -0.033293 0.069703 0.798773
v -0.027838 0.064223 0.798249
v -0.037539 0.064872 0.802943
v -0.031921 0.059578 0.802259
v -0.040870 0.060441 0.808236
v -0.035124 0.055317 0.807349
v -0.043158 0.056579 0.814449
v -0.037324 0.051604 0.813323
v -0.044316 0.053435 0.821343
v -0.038437 0.048581 0.819953
v -0.044298 0.051130 0.828653
v -0.038420 0.046364 0.826982
v -0.043106 0.049753 0.836098
v -0.037274 0.045040 0.834141
v -0.040785 0.049356 0.843393
v -0.035042 0.044658 0.841155
v -0.037425 0.049954 0.850256
v -0.031811 0.045233 0.847754
v -0.033154 0.051525 0.856424
v -0.027704 0.046744 0.853685
v -0.028137 0.054009 0.861660
v -0.022880 0.049132 0.858720
v -0.022567 0.057309 0.865763
v -0.017524 0.052305 0.862665
v -0.016657 0.061299 0.868574
v -0.011841 0.056142 0.865369
v -0.010635 0.065826 0.869987
v -0.006051 0.060495 0.866727
v -0.004733 0.070715 0.869947
v -0.000375 0.065196 0.866688
v 0.000824 0.075779 0.868454
v 0.004968 0.070066 0.865254
v 0.005822 0.080824 0.865568
v 0.009774 0.074917 0.862478
v 0.010067 0.085654 0.861398
v 0.013856 0.079562 0.858468
v 0.013398 0.090086 0.856104
v 0.017059 0.083823 0.853378
v 0.015686 0.093948 0.849891
v 0.019259 0.087536 0.847404
v 0.016844 0.097091 0.842997
v 0.020372 0.090559 0.840775
v 0.016826 0.099396 0.835687
v 0.020355 0.092776 0.833746
v 0.015634 0.100774 0.828242
v 0.019209 0.094100 0.826586
v 0.013313 0.101171 0.820948
v 0.016978 0.094482 0.819572
v 0.009953 0.100573 0.814084
v 0.013746 0.093907 0.812973
v 0.005682 0.099001 0.807916
v 0.009640 0.092396 0.807042
v 0.004816 0.090008 0.802007
v 0.012607 0.085243 0.807169
v 0.008161 0.083043 0.802529
v 0.003224 0.080118 0.798893
v 0.010572 0.075890 0.804224
v 0.006246 0.073327 0.801037
v -0.002013 0.076582 0.796401
v 0.001655 0.070227 0.798853
v -0.007349 0.072571 0.795149
v -0.003022 0.066711 0.797756
v -0.012580 0.068238 0.795185
v -0.007607 0.062913 0.797788
v -0.017505 0.063750 0.796507
v -0.011924 0.058980 0.798947
v -0.021933 0.059279 0.799065
v -0.015805 0.055061 0.801189
v -0.025696 0.054998 0.802761
v -0.019103 0.051309 0.804428
v -0.028647 0.051071 0.807452
v -0.021690 0.047867 0.808540
v -0.030675 0.047649 0.812958
v -0.023468 0.044867 0.813366
v -0.031701 0.044863 0.819067
v -0.024367 0.042425 0.818721
v -0.031685 0.042821 0.825545
v -0.024353 0.040635 0.824399
v -0.030629 0.041600 0.832143
v -0.023427 0.039565 0.830182
v -0.028572 0.041248 0.838607
v -0.021625 0.039257 0.835848
v -0.025594 0.041778 0.844689
v -0.019014 0.039721 0.841179
v -0.021810 0.043171 0.850155
v -0.015697 0.040942 0.845970
v -0.017364 0.045371 0.854796
v -0.011800 0.042871 0.850037
v -0.012428 0.048296 0.858431
v -0.007474 0.045434 0.853224
v -0.007191 0.051832 0.860923
v -0.002883 0.048533 0.855408
v -0.001854 0.055843 0.862175
v 0.001794 0.052050 0.856505
v 0.003377 0.060176 0.862139
v 0.006379 0.055847 0.856474
v 0.008301 0.064664 0.860817
v 0.010696 0.059781 0.855314
v 0.012730 0.069134 0.858259
v 0.014577 0.063699 0.853072
v 0.016492 0.073415 0.854563
v 0.017875 0.067452 0.849833
v 0.019444 0.077342 0.849872
v 0.020462 0.070894 0.845722
v 0.021472 0.080765 0.844366
v 0.022240 0.073893 0.840896
v 0.022498 0.083551 0.838257
v 0.023139 0.076335 0.835541
v 0.022482 0.085593 0.831779
v 0.023125 0.078126 0.829862
v 0.021426 0.086814 0.825181
v 0.022199 0.079196 0.824079
v 0.019369 0.087166 0.818717
v 0.020396 0.079504 0.818413
v 0.016391 0.086636 0.812635
v 0.017786 0.079039 0.813082
v 0.014469 0.077819 0.808291
v 0.017878 0.071409 0.814299
v 0.015156 0.070408 0.810367
v 0.011957 0.068825 0.807029
v 0.014639 0.063295 0.813316
v 0.012263 0.062118 0.810836
v 0.008407 0.066721 0.804414
v 0.009625 0.060555 0.808893
v 0.004639 0.064177 0.802622
v 0.006825 0.058665 0.807561
v 0.000801 0.061292 0.801721
v 0.003973 0.056521 0.806892
v -0.002962 0.058175 0.801747
v 0.001177 0.054205 0.806911
v -0.006504 0.054947 0.802698
v -0.001455 0.051806 0.807618
v -0.009690 0.051731 0.804538
v -0.003822 0.049417 0.808985
v -0.012397 0.048652 0.807197
v -0.005834 0.047128 0.810960
v -0.014520 0.045827 0.810571
v -0.007411 0.045029 0.813468
v -0.015979 0.043365 0.814531
v -0.008495 0.043200 0.816411
v -0.016716 0.041361 0.818926
v -0.009044 0.041711 0.819676
v -0.016705 0.039892 0.823586
v -0.009035 0.040619 0.823139
v -0.015945 0.039014 0.828332
v -0.008471 0.039967 0.826666
v -0.014466 0.038760 0.832982
v -0.007371 0.039779 0.830121
v -0.012324 0.039142 0.837357
v -0.005780 0.040062 0.833372
v -0.009601 0.040143 0.841289
v -0.003757 0.040806 0.836293
v -0.006403 0.041726 0.844627
v -0.001380 0.041983 0.838773
v -0.002852 0.043830 0.847242
v 0.001258 0.043546 0.840717
v 0.000915 0.046374 0.849034
v 0.004058 0.045436 0.842049
v 0.004754 0.049259 0.849935
v 0.006910 0.047580 0.842718
v 0.008516 0.052376 0.849909
v 0.009706 0.049896 0.842699
v 0.012059 0.055604 0.848958
v 0.012338 0.052295 0.841992
v 0.015244 0.058820 0.847118
v 0.014705 0.054684 0.840625
v 0.017951 0.061899 0.844460
v 0.016716 0.056973 0.838649
v 0.020074 0.064724 0.841085
v 0.018294 0.059072 0.836142
v 0.021533 0.067186 0.837125
v 0.019378 0.060901 0.833199
v 0.022271 0.069190 0.832730
v 0.019926 0.062390 0.829933
v 0.022259 0.070659 0.828070
v 0.019918 0.063482 0.826471
v 0.021499 0.071538 0.823324
v 0.019353 0.064134 0.822944
v 0.020020 0.071791 0.818674
v 0.018254 0.064322 0.819489
v 0.016662 0.064039 0.816238
v 0.015195 0.057419 0.820815
v 0.014211 0.057244 0.818805
v 0.012960 0.056784 0.816999
v 0.010813 0.052088 0.820417
v 0.011404 0.052305 0.821271
v 0.006132 0.045860 0.827856
v 0.006903 0.046317 0.828424
v 0.006110 0.048731 0.818752
v 0.006879 0.049432 0.818545
v 0.007696 0.050108 0.818540
v 0.008530 0.050735 0.818735
v 0.009348 0.051287 0.819124
v 0.010119 0.051744 0.819692
v 0.011869 0.052388 0.822221
v 0.012191 0.052333 0.823230
v 0.012356 0.052142 0.824261
v 0.012358 0.051823 0.825273
v 0.012198 0.051388 0.826227
v 0.011881 0.050854 0.827087
v 0.011420 0.050240 0.827820
v 0.010832 0.049572 0.828397
v 0.010141 0.048873 0.828796
v 0.009371 0.048172 0.829003
v 0.008554 0.047496 0.829009
v 0.007721 0.046869 0.828813
v 0.005437 0.045516 0.827131
v 0.004846 0.045299 0.826277
v 0.004381 0.045216 0.825327
v 0.004060 0.045271 0.824318
v 0.003895 0.045462 0.823287
v 0.003892 0.045781 0.822275
v 0.004053 0.046216 0.821321
v 0.004369 0.046750 0.820461
v 0.004830 0.047364 0.819728
v 0.005418 0.048032 0.819151
v 0.003010 0.049681 0.813476
v 0.001547 0.048204 0.814321
v 0.000304 0.046790 0.815542
v -0.000672 0.045492 0.817092
v -0.001342 0.044361 0.818912
v -0.001681 0.043440 0.820930
v -0.001676 0.042766 0.823071
v -0.001327 0.042362 0.825251
v -0.000647 0.042246 0.827387
v 0.000337 0.042421 0.829397
v 0.001588 0.042881 0.831203
v 0.003057 0.043608 0.832736
v 0.004688 0.044575 0.833938
v 0.006418 0.045743 0.834761
v 0.008182 0.047069 0.835175
v 0.009910 0.048500 0.835163
v 0.011538 0.049983 0.834726
v 0.013001 0.051461 0.833881
v 0.014244 0.052875 0.832660
v 0.015220 0.054173 0.831110
v 0.015890 0.055304 0.829290
v 0.016229 0.056224 0.827272
v 0.016223 0.056899 0.825131
v 0.015874 0.057303 0.822951
v 0.011491 0.056056 0.815466
v 0.009860 0.055090 0.814264
v 0.008129 0.053922 0.813441
v 0.006366 0.052596 0.813027
v 0.004637 0.051164 0.813039
v -0.038686 0.110589 0.831421
v -0.040449 0.109263 0.831007
v -0.042178 0.107831 0.831019
v -0.040822 0.108836 0.837174
v -0.041639 0.108159 0.837179
v -0.043805 0.106348 0.831456
v -0.042408 0.107458 0.837386
v -0.045268 0.104871 0.832301
v -0.043100 0.106760 0.837785
v -0.046512 0.103457 0.833523
v -0.043687 0.106091 0.838363
v -0.047487 0.102159 0.835073
v -0.044149 0.105478 0.839095
v -0.048157 0.101028 0.836892
v -0.044465 0.104944 0.839955
v -0.048496 0.100107 0.838911
v -0.044625 0.104508 0.840910
v -0.048491 0.099433 0.841051
v -0.044623 0.104189 0.841921
v -0.048142 0.099029 0.843232
v -0.044458 0.103999 0.842952
v -0.047462 0.098913 0.845368
v -0.044137 0.103944 0.843962
v -0.046478 0.099088 0.847377
v -0.043672 0.104027 0.844912
v -0.045228 0.099548 0.849183
v -0.043081 0.104244 0.845765
v -0.043759 0.100275 0.850717
v -0.042386 0.104588 0.846490
v -0.042127 0.101242 0.851918
v -0.041615 0.105045 0.847058
v -0.040397 0.102410 0.852742
v -0.040797 0.105597 0.847447
v -0.038633 0.103736 0.853155
v -0.039964 0.106223 0.847643
v -0.036905 0.105168 0.853143
v -0.039146 0.106900 0.847637
v -0.035278 0.106650 0.852706
v -0.038377 0.107601 0.847431
v -0.033814 0.108128 0.851861
v -0.037686 0.108299 0.847031
v -0.032571 0.109542 0.850640
v -0.037098 0.108968 0.846454
v -0.031596 0.110840 0.849090
v -0.036637 0.109581 0.845721
v -0.030926 0.111971 0.847271
v -0.036320 0.110116 0.844861
v -0.030587 0.112891 0.845252
v -0.036160 0.110551 0.843907
v -0.030592 0.113566 0.843111
v -0.036162 0.110870 0.842895
v -0.030941 0.113970 0.840931
v -0.036327 0.111061 0.841864
v -0.031621 0.114086 0.838795
v -0.036649 0.111116 0.840855
v -0.032605 0.113911 0.836785
v -0.037114 0.111033 0.839905
v -0.037705 0.110816 0.839051
v -0.033855 0.113451 0.834979
v -0.035324 0.112723 0.833446
v -0.038399 0.110472 0.838326
v -0.036955 0.111757 0.832244
v -0.039170 0.110015 0.837758
v -0.039988 0.109463 0.837369
s 1
usemtl Solid.Four
f 484 483 1
f 3 1475 484
f 1475 450 1321
f 483 1321 2
f 485 582 4
f 1 1476 485
f 1476 2 580
f 582 580 96
f 487 486 5
f 6 1477 487
f 1477 3 484
f 486 484 1
f 488 1473 7
f 5 1478 488
f 1478 1 485
f 1473 485 4
f 490 489 8
f 9 1479 490
f 1479 6 487
f 489 487 5
f 491 1471 10
f 8 1480 491
f 1480 5 488
f 1471 488 7
f 493 492 11
f 12 1481 493
f 1481 9 490
f 492 490 8
f 494 1469 13
f 11 1482 494
f 1482 8 491
f 1469 491 10
f 496 495 14
f 15 1483 496
f 1483 12 493
f 495 493 11
f 497 1467 16
f 14 1484 497
f 1484 11 494
f 1467 494 13
f 499 498 17
f 18 1485 499
f 1485 15 496
f 498 496 14
f 500 1465 19
f 17 1486 500
f 1486 14 497
f 1465 497 16
f 502 501 20
f 21 1487 502
f 1487 18 499
f 501 499 17
f 503 1463 22
f 20 1488 503
f 1488 17 500
f 1463 500 19
f 505 504 23
f 24 1489 505
f 1489 21 502
f 504 502 20
f 506 1461 25
f 23 1490 506
f 1490 20 503
f 1461 503 22
f 508 507 26
f 27 1491 508
f 1491 24 505
f 507 505 23
f 509 1459 28
f 26 1492 509
f 1492 23 506
f 1459 506 25
f 511 510 29
f 30 1493 511
f 1493 27 508
f 510 508 26
f 512 1457 31
f 29 1494 512
f 1494 26 509
f 1457 509 28
f 514 513 32
f 33 1495 514
f 1495 30 511
f 513 511 29
f 515 1455 34
f 32 1496 515
f 1496 29 512
f 1455 512 31
f 517 516 35
f 36 1497 517
f 1497 33 514
f 516 514 32
f 518 1453 37
f 35 1498 518
f 1498 32 515
f 1453 515 34
f 520 519 38
f 39 1499 520
f 1499 36 517
f 519 517 35
f 521 1451 40
f 38 1500 521
f 1500 35 518
f 1451 518 37
f 523 522 41
f 42 1501 523
f 1501 39 520
f 522 520 38
f 524 1449 43
f 41 1502 524
f 1502 38 521
f 1449 521 40
f 526 525 44
f 45 1503 526
f 1503 42 523
f 525 523 41
f 527 1447 46
f 44 1504 527
f 1504 41 524
f 1447 524 43
f 529 528 47
f 48 1505 529
f 1505 45 526
f 528 526 44
f 530 1445 49
f 47 1506 530
f 1506 44 527
f 1445 527 46
f 532 531 50
f 51 1507 532
f 1507 48 529
f 531 529 47
f 533 1443 52
f 50 1508 533
f 1508 47 530
f 1443 530 49
f 535 534 53
f 54 1509 535
f 1509 51 532
f 534 532 50
f 536 1441 55
f 53 1510 536
f 1510 50 533
f 1441 533 52
f 538 537 56
f 57 1511 538
f 1511 54 535
f 537 535 53
f 539 1439 58
f 56 1512 539
f 1512 53 536
f 1439 536 55
f 541 540 59
f 60 1513 541
f 1513 57 538
f 540 538 56
f 542 1437 61
f 59 1514 542
f 1514 56 539
f 1437 539 58
f 544 543 62
f 63 1515 544
f 1515 60 541
f 543 541 59
f 545 1435 64
f 62 1516 545
f 1516 59 542
f 1435 542 61
f 547 546 65
f 66 1517 547
f 1517 63 544
f 546 544 62
f 548 1433 67
f 65 1518 548
f 1518 62 545
f 1433 545 64
f 550 549 68
f 69 1519 550
f 1519 66 547
f 549 547 65
f 551 1431 70
f 68 1520 551
f 1520 65 548
f 1431 548 67
f 553 552 71
f 72 1521 553
f 1521 69 550
f 552 550 68
f 554 1429 73
f 71 1522 554
f 1522 68 551
f 1429 551 70
f 556 555 74
f 75 1523 556
f 1523 72 553
f 555 553 71
f 557 1427 76
f 74 1524 557
f 1524 71 554
f 1427 554 73
f 559 558 77
f 78 1525 559
f 1525 75 556
f 558 556 74
f 560 1425 79
f 77 1526 560
f 1526 74 557
f 1425 557 76
f 562 561 80
f 81 1527 562
f 1527 78 559
f 561 559 77
f 563 1423 82
f 80 1528 563
f 1528 77 560
f 1423 560 79
f 565 564 83
f 84 1529 565
f 1529 81 562
f 564 562 80
f 566 1421 85
f 83 1530 566
f 1530 80 563
f 1421 563 82
f 568 567 86
f 87 1531 568
f 1531 84 565
f 567 565 83
f 569 1419 88
f 86 1532 569
f 1532 83 566
f 1419 566 85
f 571 570 89
f 90 1533 571
f 1533 87 568
f 570 568 86
f 572 1417 91
f 89 1534 572
f 1534 86 569
f 1417 569 88
f 574 573 92
f 93 1535 574
f 1535 90 571
f 573 571 89
f 575 579 94
f 92 1536 575
f 1536 89 572
f 579 572 91
f 1321 576 2
f 450 1537 1321
f 1537 93 574
f 576 574 92
f 580 578 96
f 2 1538 580
f 1538 92 575
f 578 575 94
f 577 675 95
f 94 1539 577
f 1539 91 673
f 675 673 157
f 581 585 97
f 96 1540 581
f 1540 94 577
f 585 577 95
f 586 584 99
f 4 1541 586
f 1541 96 581
f 584 581 97
f 583 681 98
f 97 1542 583
f 1542 95 679
f 681 679 160
f 587 1316 100
f 99 1543 587
f 1543 97 583
f 1316 583 98
f 589 588 101
f 7 1544 589
f 1544 4 586
f 588 586 99
f 590 1315 102
f 101 1545 590
f 1545 99 587
f 1315 587 100
f 592 591 103
f 10 1546 592
f 1546 7 589
f 591 589 101
f 593 1314 104
f 103 1547 593
f 1547 101 590
f 1314 590 102
f 595 594 105
f 13 1548 595
f 1548 10 592
f 594 592 103
f 596 1313 106
f 105 1549 596
f 1549 103 593
f 1313 593 104
f 598 597 107
f 16 1550 598
f 1550 13 595
f 597 595 105
f 599 1312 108
f 107 1551 599
f 1551 105 596
f 1312 596 106
f 601 600 109
f 19 1552 601
f 1552 16 598
f 600 598 107
f 602 1311 110
f 109 1553 602
f 1553 107 599
f 1311 599 108
f 604 603 111
f 22 1554 604
f 1554 19 601
f 603 601 109
f 605 1310 112
f 111 1555 605
f 1555 109 602
f 1310 602 110
f 607 606 113
f 25 1556 607
f 1556 22 604
f 606 604 111
f 608 1309 114
f 113 1557 608
f 1557 111 605
f 1309 605 112
f 610 609 115
f 28 1558 610
f 1558 25 607
f 609 607 113
f 611 1308 116
f 115 1559 611
f 1559 113 608
f 1308 608 114
f 613 612 117
f 31 1560 613
f 1560 28 610
f 612 610 115
f 614 1307 118
f 117 1561 614
f 1561 115 611
f 1307 611 116
f 616 615 119
f 34 1562 616
f 1562 31 613
f 615 613 117
f 617 1306 120
f 119 1563 617
f 1563 117 614
f 1306 614 118
f 619 618 121
f 37 1564 619
f 1564 34 616
f 618 616 119
f 620 1305 122
f 121 1565 620
f 1565 119 617
f 1305 617 120
f 622 621 123
f 40 1566 622
f 1566 37 619
f 621 619 121
f 623 1304 124
f 123 1567 623
f 1567 121 620
f 1304 620 122
f 625 624 125
f 43 1568 625
f 1568 40 622
f 624 622 123
f 626 1303 126
f 125 1569 626
f 1569 123 623
f 1303 623 124
f 628 627 127
f 46 1570 628
f 1570 43 625
f 627 625 125
f 629 1302 128
f 127 1571 629
f 1571 125 626
f 1302 626 126
f 631 630 129
f 49 1572 631
f 1572 46 628
f 630 628 127
f 632 1301 130
f 129 1573 632
f 1573 127 629
f 1301 629 128
f 634 633 131
f 52 1574 634
f 1574 49 631
f 633 631 129
f 635 1300 132
f 131 1575 635
f 1575 129 632
f 1300 632 130
f 637 636 133
f 55 1576 637
f 1576 52 634
f 636 634 131
f 638 1299 134
f 133 1577 638
f 1577 131 635
f 1299 635 132
f 640 639 135
f 58 1578 640
f 1578 55 637
f 639 637 133
f 641 1298 136
f 135 1579 641
f 1579 133 638
f 1298 638 134
f 643 642 137
f 61 1580 643
f 1580 58 640
f 642 640 135
f 644 1297 138
f 137 1581 644
f 1581 135 641
f 1297 641 136
f 646 645 139
f 64 1582 646
f 1582 61 643
f 645 643 137
f 647 1296 140
f 139 1583 647
f 1583 137 644
f 1296 644 138
f 649 648 141
f 67 1584 649
f 1584 64 646
f 648 646 139
f 650 1295 142
f 141 1585 650
f 1585 139 647
f 1295 647 140
f 652 651 143
f 70 1586 652
f 1586 67 649
f 651 649 141
f 653 1294 144
f 143 1587 653
f 1587 141 650
f 1294 650 142
f 655 654 145
f 73 1588 655
f 1588 70 652
f 654 652 143
f 656 1293 146
f 145 1589 656
f 1589 143 653
f 1293 653 144
f 658 657 147
f 76 1590 658
f 1590 73 655
f 657 655 145
f 659 1292 148
f 147 1591 659
f 1591 145 656
f 1292 656 146
f 661 660 149
f 79 1592 661
f 1592 76 658
f 660 658 147
f 662 1291 150
f 149 1593 662
f 1593 147 659
f 1291 659 148
f 664 663 151
f 82 1594 664
f 1594 79 661
f 663 661 149
f 665 1290 152
f 151 1595 665
f 1595 149 662
f 1290 662 150
f 667 666 153
f 85 1596 667
f 1596 82 664
f 666 664 151
f 668 1289 154
f 153 1597 668
f 1597 151 665
f 1289 665 152
f 670 669 155
f 88 1598 670
f 1598 85 667
f 669 667 153
f 671 1288 156
f 155 1599 671
f 1599 153 668
f 1288 668 154
f 673 672 157
f 91 1600 673
f 1600 88 670
f 672 670 155
f 674 678 158
f 157 1601 674
f 1601 155 671
f 678 671 156
f 679 677 160
f 95 1602 679
f 1602 157 674
f 677 674 158
f 676 774 159
f 158 1603 676
f 1603 156 772
f 774 772 221
f 680 684 161
f 160 1604 680
f 1604 158 676
f 684 676 159
f 685 683 163
f 98 1605 685
f 1605 160 680
f 683 680 161
f 682 780 162
f 161 1606 682
f 1606 159 778
f 780 778 224
f 686 1287 164
f 163 1607 686
f 1607 161 682
f 1287 682 162
f 689 687 165
f 100 1608 689
f 1608 98 685
f 687 685 163
f 688 1286 166
f 165 1609 688
f 1609 163 686
f 1286 686 164
f 692 1285 168
f 167 1610 692
f 1610 165 688
f 1285 688 166
f 691 690 167
f 102 1611 691
f 1611 100 689
f 690 689 165
f 694 693 169
f 104 1612 694
f 1612 102 691
f 693 691 167
f 695 1284 170
f 169 1613 695
f 1613 167 692
f 1284 692 168
f 697 696 171
f 106 1614 697
f 1614 104 694
f 696 694 169
f 172 1615 1283
f 171 1615 698
f 1615 169 695
f 1283 695 170
f 700 699 173
f 108 1616 700
f 1616 106 697
f 699 697 171
f 701 1282 174
f 173 1617 701
f 1617 171 698
f 1282 698 172
f 703 702 175
f 110 1618 703
f 1618 108 700
f 702 700 173
f 704 1281 176
f 175 1619 704
f 1619 173 701
f 1281 701 174
f 706 705 177
f 112 1620 706
f 1620 110 703
f 705 703 175
f 707 1280 178
f 177 1621 707
f 1621 175 704
f 1280 704 176
f 709 708 179
f 114 1622 709
f 1622 112 706
f 708 706 177
f 710 1279 180
f 179 1623 710
f 1623 177 707
f 1279 707 178
f 712 711 181
f 116 1624 712
f 1624 114 709
f 711 709 179
f 713 1278 182
f 181 1625 713
f 1625 179 710
f 1278 710 180
f 715 714 183
f 118 1626 715
f 1626 116 712
f 714 712 181
f 716 1277 184
f 183 1627 716
f 1627 181 713
f 1277 713 182
f 718 717 185
f 120 1628 718
f 1628 118 715
f 717 715 183
f 719 1276 186
f 185 1629 719
f 1629 183 716
f 1276 716 184
f 721 720 187
f 122 1630 721
f 1630 120 718
f 720 718 185
f 722 1275 188
f 187 1631 722
f 1631 185 719
f 1275 719 186
f 724 723 189
f 124 1632 724
f 1632 122 721
f 723 721 187
f 190 1633 1274
f 189 1633 725
f 1633 187 722
f 1274 722 188
f 727 726 191
f 126 1634 727
f 1634 124 724
f 726 724 189
f 728 1273 192
f 191 1635 728
f 1635 189 725
f 1273 725 190
f 730 729 193
f 128 1636 730
f 1636 126 727
f 729 727 191
f 731 1272 194
f 193 1637 731
f 1637 191 728
f 1272 728 192
f 733 732 195
f 130 1638 733
f 1638 128 730
f 732 730 193
f 734 1271 196
f 195 1639 734
f 1639 193 731
f 1271 731 194
f 736 735 197
f 132 1640 736
f 1640 130 733
f 735 733 195
f 737 1270 198
f 197 1641 737
f 1641 195 734
f 1641 196 1270
f 739 738 199
f 134 1642 739
f 1642 132 736
f 738 736 197
f 740 1269 200
f 199 1643 740
f 1643 197 737
f 1269 737 198
f 742 741 201
f 136 1644 742
f 1644 134 739
f 741 739 199
f 743 1268 202
f 201 1645 743
f 1645 199 740
f 1268 740 200
f 745 744 203
f 138 1646 745
f 1646 136 742
f 744 742 201
f 746 1267 204
f 203 1647 746
f 1647 201 743
f 1267 743 202
f 748 747 205
f 140 1648 748
f 1648 138 745
f 747 745 203
f 749 1266 206
f 205 1649 749
f 1649 203 746
f 1266 746 204
f 751 750 207
f 142 1650 751
f 1650 140 748
f 750 748 205
f 752 1265 208
f 207 1651 752
f 1651 205 749
f 1265 749 206
f 754 753 209
f 144 1652 754
f 1652 142 751
f 753 751 207
f 755 1264 210
f 209 1653 755
f 1653 207 752
f 1264 752 208
f 757 756 211
f 146 1654 757
f 1654 144 754
f 756 754 209
f 758 1263 212
f 211 1655 758
f 1655 209 755
f 1263 755 210
f 760 759 213
f 148 1656 760
f 1656 146 757
f 759 757 211
f 761 1262 214
f 213 1657 761
f 1657 211 758
f 1262 758 212
f 763 762 215
f 150 1658 763
f 1658 148 760
f 762 760 213
f 764 1261 216
f 215 1659 764
f 1659 213 761
f 1261 761 214
f 766 765 217
f 152 1660 766
f 1660 150 763
f 765 763 215
f 767 1260 218
f 217 1661 767
f 1661 215 764
f 1661 216 1260
f 769 768 219
f 154 1662 769
f 1662 152 766
f 768 766 217
f 770 1259 220
f 219 1663 770
f 1663 217 767
f 1259 767 218
f 772 771 221
f 156 1664 772
f 1664 154 769
f 771 769 219
f 773 777 222
f 221 1665 773
f 1665 219 770
f 1665 220 777
f 778 776 224
f 159 1666 778
f 1666 221 773
f 1666 222 776
f 223 1667 873
f 222 1667 775
f 777 871 1667
f 1667 285 873
f 225 1668 783
f 779 776 1668
f 776 775 1668
f 1668 223 783
f 227 1669 782
f 784 780 1669
f 780 779 1669
f 1669 225 782
f 226 1670 879
f 781 783 1670
f 783 877 1670
f 1670 288 879
f 228 1671 1258
f 785 782 1671
f 782 781 1671
f 1671 226 1258
f 229 1672 786
f 787 1287 1672
f 1287 784 1672
f 1672 227 786
f 230 1673 1257
f 788 786 1673
f 786 785 1673
f 1673 228 1257
f 231 1674 789
f 790 1286 1674
f 1286 787 1674
f 1674 229 789
f 232 1675 1256
f 791 789 1675
f 789 788 1675
f 1675 230 1256
f 233 1676 792
f 168 1676 793
f 1285 790 1676
f 1676 231 792
f 234 1677 1255
f 794 792 1677
f 792 791 1677
f 1677 232 1255
f 235 1678 795
f 796 1284 1678
f 1284 793 1678
f 1678 233 795
f 236 1679 1254
f 797 795 1679
f 795 794 1679
f 1679 234 1254
f 237 1680 798
f 172 1680 799
f 1283 796 1680
f 1680 235 798
f 238 1681 1253
f 800 798 1681
f 798 797 1681
f 1681 236 1253
f 239 1682 801
f 174 1682 802
f 1282 799 1682
f 1682 237 801
f 240 1683 1252
f 803 801 1683
f 801 800 1683
f 1683 238 1252
f 241 1684 804
f 805 1281 1684
f 1281 802 1684
f 1684 239 804
f 242 1685 1251
f 806 804 1685
f 804 803 1685
f 1685 240 1251
f 243 1686 807
f 178 1686 808
f 1280 805 1686
f 1686 241 807
f 244 1687 1250
f 809 807 1687
f 807 806 1687
f 1687 242 1250
f 245 1688 810
f 811 1279 1688
f 1279 808 1688
f 1688 243 810
f 246 1689 1249
f 812 810 1689
f 810 809 1689
f 1689 244 1249
f 247 1690 813
f 182 1690 814
f 1278 811 1690
f 1690 245 813
f 248 1691 1248
f 815 813 1691
f 813 812 1691
f 1691 246 1248
f 249 1692 816
f 817 1277 1692
f 1277 814 1692
f 1692 247 816
f 250 1693 1247
f 818 816 1693
f 816 815 1693
f 1693 248 1247
f 251 1694 819
f 186 1694 820
f 1276 817 1694
f 1694 249 819
f 252 1695 1246
f 821 819 1695
f 819 818 1695
f 1695 250 1246
f 253 1696 822
f 823 1275 1696
f 1275 820 1696
f 1696 251 822
f 254 1697 1245
f 824 822 1697
f 822 821 1697
f 1697 252 1245
f 255 1698 825
f 826 1274 1698
f 1274 823 1698
f 1698 253 825
f 256 1699 1244
f 827 825 1699
f 825 824 1699
f 1699 254 1244
f 257 1700 828
f 829 1273 1700
f 1273 826 1700
f 1700 255 828
f 258 1701 1243
f 830 828 1701
f 828 827 1701
f 1701 256 1243
f 259 1702 831
f 832 1272 1702
f 1272 829 1702
f 1702 257 831
f 260 1703 1242
f 833 831 1703
f 831 830 1703
f 1703 258 1242
f 261 1704 834
f 835 1271 1704
f 1271 832 1704
f 1704 259 834
f 262 1705 1241
f 836 834 1705
f 834 833 1705
f 1705 260 1241
f 263 1706 837
f 838 1270 1706
f 1270 835 1706
f 1706 261 837
f 264 1707 1240
f 839 837 1707
f 837 836 1707
f 1707 262 1240
f 265 1708 840
f 841 1269 1708
f 1269 838 1708
f 1708 263 840
f 266 1709 1239
f 842 840 1709
f 840 839 1709
f 1709 264 1239
f 267 1710 843
f 844 1268 1710
f 1268 841 1710
f 1710 265 843
f 268 1711 1238
f 845 843 1711
f 843 842 1711
f 1711 266 1238
f 269 1712 846
f 204 1712 847
f 1267 844 1712
f 1712 267 846
f 270 1713 1237
f 848 846 1713
f 846 845 1713
f 1713 268 1237
f 271 1714 849
f 206 1714 850
f 1266 847 1714
f 1714 269 849
f 272 1715 1236
f 851 849 1715
f 849 848 1715
f 1715 270 1236
f 273 1716 852
f 208 1716 853
f 1265 850 1716
f 1716 271 852
f 274 1717 1235
f 854 852 1717
f 852 851 1717
f 1717 272 1235
f 275 1718 855
f 856 1264 1718
f 1718 208 853
f 1718 273 855
f 276 1719 1234
f 857 855 1719
f 855 854 1719
f 1719 274 1234
f 277 1720 858
f 859 1263 1720
f 1263 856 1720
f 1720 275 858
f 278 1721 1233
f 860 858 1721
f 858 857 1721
f 1721 276 1233
f 279 1722 861
f 862 1262 1722
f 1262 859 1722
f 1722 277 861
f 280 1723 1232
f 863 861 1723
f 861 860 1723
f 1723 278 1232
f 281 1724 864
f 865 1261 1724
f 1261 862 1724
f 1724 279 864
f 282 1725 1231
f 866 864 1725
f 864 863 1725
f 1725 280 1231
f 283 1726 867
f 868 1260 1726
f 1260 865 1726
f 1726 281 867
f 284 1727 1230
f 869 867 1727
f 867 866 1727
f 1727 282 1230
f 285 1728 870
f 871 1259 1728
f 1259 868 1728
f 1728 283 870
f 286 1729 876
f 872 870 1729
f 870 869 1729
f 1729 284 876
f 288 1730 875
f 877 873 1730
f 873 872 1730
f 1730 286 875
f 287 1731 972
f 874 876 1731
f 876 970 1731
f 1731 349 972
f 289 1732 882
f 878 875 1732
f 875 874 1732
f 1732 287 882
f 291 1733 881
f 883 879 1733
f 879 878 1733
f 1733 289 881
f 290 1734 978
f 880 882 1734
f 882 976 1734
f 1734 352 978
f 292 1735 1229
f 884 881 1735
f 881 880 1735
f 1735 290 1229
f 293 1736 885
f 886 1258 1736
f 1258 883 1736
f 1736 291 885
f 294 1737 1228
f 887 885 1737
f 885 884 1737
f 1737 292 1228
f 295 1738 888
f 889 1257 1738
f 1257 886 1738
f 1738 293 888
f 296 1739 1227
f 890 888 1739
f 888 887 1739
f 1739 294 1227
f 297 1740 891
f 892 1256 1740
f 1256 889 1740
f 1740 295 891
f 298 1741 1226
f 893 891 1741
f 891 890 1741
f 1741 296 1226
f 299 1742 894
f 895 1255 1742
f 1255 892 1742
f 1742 297 894
f 300 1743 1225
f 896 894 1743
f 894 893 1743
f 1743 298 1225
f 301 1744 897
f 898 1254 1744
f 1254 895 1744
f 1744 299 897
f 302 1745 1224
f 899 897 1745
f 897 896 1745
f 1745 300 1224
f 303 1746 900
f 901 1253 1746
f 1253 898 1746
f 1746 301 900
f 304 1747 1223
f 902 900 1747
f 900 899 1747
f 1747 302 1223
f 305 1748 903
f 904 1252 1748
f 1252 901 1748
f 1748 303 903
f 306 1749 1222
f 905 903 1749
f 903 902 1749
f 1749 304 1222
f 307 1750 906
f 907 1251 1750
f 1251 904 1750
f 1750 305 906
f 308 1751 1221
f 908 906 1751
f 906 905 1751
f 1751 306 1221
f 309 1752 909
f 910 1250 1752
f 1250 907 1752
f 1752 307 909
f 310 1753 1220
f 911 909 1753
f 909 908 1753
f 1753 308 1220
f 311 1754 912
f 913 1249 1754
f 1249 910 1754
f 1754 309 912
f 312 1755 1219
f 914 912 1755
f 912 911 1755
f 1755 310 1219
f 313 1756 915
f 916 1248 1756
f 1248 913 1756
f 1756 311 915
f 314 1757 1218
f 917 915 1757
f 915 914 1757
f 1757 312 1218
f 315 1758 918
f 919 1247 1758
f 1247 916 1758
f 1758 313 918
f 316 1759 1217
f 920 918 1759
f 918 917 1759
f 1759 314 1217
f 317 1760 921
f 922 1246 1760
f 1246 919 1760
f 1760 315 921
f 318 1761 1216
f 923 921 1761
f 921 920 1761
f 1761 316 1216
f 319 1762 924
f 925 1245 1762
f 1245 922 1762
f 1762 317 924
f 320 1763 1215
f 926 924 1763
f 924 923 1763
f 1763 318 1215
f 321 1764 927
f 928 1244 1764
f 1244 925 1764
f 1764 319 927
f 322 1765 1214
f 929 927 1765
f 927 926 1765
f 1765 320 1214
f 323 1766 930
f 931 1243 1766
f 1243 928 1766
f 1766 321 930
f 324 1767 1213
f 932 930 1767
f 930 929 1767
f 1767 322 1213
f 325 1768 933
f 934 1242 1768
f 1242 931 1768
f 1768 323 933
f 326 1769 1212
f 935 933 1769
f 933 932 1769
f 1769 324 1212
f 327 1770 936
f 937 1241 1770
f 1241 934 1770
f 1770 325 936
f 328 1771 1211
f 938 936 1771
f 936 935 1771
f 1771 326 1211
f 329 1772 939
f 940 1240 1772
f 1240 937 1772
f 1772 327 939
f 330 1773 1210
f 941 939 1773
f 939 938 1773
f 1773 328 1210
f 331 1774 942
f 943 1239 1774
f 1239 940 1774
f 1774 329 942
f 332 1775 1209
f 944 942 1775
f 942 941 1775
f 1775 330 1209
f 333 1776 945
f 946 1238 1776
f 1238 943 1776
f 1776 331 945
f 334 1777 1208
f 947 945 1777
f 945 944 1777
f 1777 332 1208
f 335 1778 948
f 949 1237 1778
f 1237 946 1778
f 1778 333 948
f 336 1779 1207
f 950 948 1779
f 948 947 1779
f 1779 334 1207
f 337 1780 951
f 952 1236 1780
f 1236 949 1780
f 1780 335 951
f 338 1781 1206
f 953 951 1781
f 951 950 1781
f 1781 336 1206
f 339 1782 954
f 955 1235 1782
f 1235 952 1782
f 1782 337 954
f 340 1783 1205
f 956 954 1783
f 954 953 1783
f 1783 338 1205
f 341 1784 957
f 958 1234 1784
f 1234 955 1784
f 1784 339 957
f 342 1785 1204
f 959 957 1785
f 957 956 1785
f 1785 340 1204
f 343 1786 960
f 961 1233 1786
f 1233 958 1786
f 1786 341 960
f 344 1787 1203
f 962 960 1787
f 960 959 1787
f 1787 342 1203
f 345 1788 963
f 964 1232 1788
f 1232 961 1788
f 1788 343 963
f 346 1789 1202
f 965 963 1789
f 963 962 1789
f 1789 344 1202
f 347 1790 966
f 967 1231 1790
f 1231 964 1790
f 1790 345 966
f 348 1791 1201
f 968 966 1791
f 966 965 1791
f 1791 346 1201
f 349 1792 969
f 970 1230 1792
f 1230 967 1792
f 1792 347 969
f 350 1793 975
f 971 969 1793
f 969 968 1793
f 1793 348 975
f 352 1794 974
f 976 972 1794
f 972 971 1794
f 1794 350 974
f 351 1795 1071
f 973 975 1795
f 975 1069 1795
f 1795 413 1071
f 353 1796 981
f 977 974 1796
f 974 973 1796
f 1796 351 981
f 355 1797 980
f 982 978 1797
f 978 977 1797
f 1797 353 980
f 354 1798 1077
f 979 981 1798
f 981 1075 1798
f 1798 416 1077
f 356 1799 1200
f 983 980 1799
f 980 979 1799
f 1799 354 1200
f 357 1800 984
f 985 1229 1800
f 1229 982 1800
f 1800 355 984
f 358 1801 1199
f 986 984 1801
f 984 983 1801
f 1801 356 1199
f 359 1802 987
f 988 1228 1802
f 1228 985 1802
f 1802 357 987
f 360 1803 1198
f 989 987 1803
f 987 986 1803
f 1803 358 1198
f 361 1804 990
f 991 1227 1804
f 1227 988 1804
f 1804 359 990
f 362 1805 1197
f 992 990 1805
f 990 989 1805
f 1805 360 1197
f 363 1806 993
f 994 1226 1806
f 1226 991 1806
f 1806 361 993
f 364 1807 1196
f 995 993 1807
f 993 992 1807
f 1807 362 1196
f 365 1808 996
f 997 1225 1808
f 1225 994 1808
f 1808 363 996
f 366 1809 1195
f 998 996 1809
f 996 995 1809
f 1809 364 1195
f 367 1810 999
f 1000 1224 1810
f 1224 997 1810
f 1810 365 999
f 368 1811 1194
f 1001 999 1811
f 999 998 1811
f 1811 366 1194
f 369 1812 1002
f 1003 1223 1812
f 1223 1000 1812
f 1812 367 1002
f 370 1813 1193
f 1004 1002 1813
f 1002 1001 1813
f 1813 368 1193
f 371 1814 1005
f 1006 1222 1814
f 1222 1003 1814
f 1814 369 1005
f 372 1815 1192
f 1007 1005 1815
f 1005 1004 1815
f 1815 370 1192
f 373 1816 1008
f 1009 1221 1816
f 1221 1006 1816
f 1816 371 1008
f 374 1817 1191
f 1010 1008 1817
f 1008 1007 1817
f 1817 372 1191
f 375 1818 1011
f 1012 1220 1818
f 1220 1009 1818
f 1818 373 1011
f 376 1819 1190
f 1013 1011 1819
f 1011 1010 1819
f 1819 374 1190
f 377 1820 1014
f 1015 1219 1820
f 1219 1012 1820
f 1820 375 1014
f 378 1821 1189
f 1016 1014 1821
f 1014 1013 1821
f 1821 376 1189
f 379 1822 1017
f 1018 1218 1822
f 1218 1015 1822
f 1822 377 1017
f 380 1823 1188
f 1019 1017 1823
f 1017 1016 1823
f 1823 378 1188
f 381 1824 1020
f 1021 1217 1824
f 1217 1018 1824
f 1824 379 1020
f 382 1825 1187
f 1022 1020 1825
f 1020 1019 1825
f 1825 380 1187
f 383 1826 1023
f 1024 1216 1826
f 1216 1021 1826
f 1826 381 1023
f 384 1827 1186
f 1025 1023 1827
f 1023 1022 1827
f 1827 382 1186
f 385 1828 1026
f 1027 1215 1828
f 1215 1024 1828
f 1828 383 1026
f 386 1829 1185
f 1028 1026 1829
f 1026 1025 1829
f 1829 384 1185
f 387 1830 1029
f 1030 1214 1830
f 1214 1027 1830
f 1830 385 1029
f 388 1831 1184
f 1031 1029 1831
f 1029 1028 1831
f 1831 386 1184
f 389 1832 1032
f 1033 1213 1832
f 1213 1030 1832
f 1832 387 1032
f 390 1833 1183
f 1034 1032 1833
f 1032 1031 1833
f 1833 388 1183
f 391 1834 1035
f 1036 1212 1834
f 1212 1033 1834
f 1834 389 1035
f 392 1835 1182
f 1037 1035 1835
f 1035 1034 1835
f 1835 390 1182
f 393 1836 1038
f 1039 1211 1836
f 1211 1036 1836
f 1836 391 1038
f 394 1837 1181
f 1040 1038 1837
f 1038 1037 1837
f 1837 392 1181
f 395 1838 1041
f 1042 1210 1838
f 1210 1039 1838
f 1838 393 1041
f 396 1839 1180
f 1043 1041 1839
f 1041 1040 1839
f 1839 394 1180
f 397 1840 1044
f 1045 1209 1840
f 1209 1042 1840
f 1840 395 1044
f 398 1841 1179
f 1046 1044 1841
f 1044 1043 1841
f 1841 396 1179
f 399 1842 1047
f 1048 1208 1842
f 1208 1045 1842
f 1842 397 1047
f 400 1843 1178
f 1049 1047 1843
f 1047 1046 1843
f 1843 398 1178
f 401 1844 1050
f 1051 1207 1844
f 1207 1048 1844
f 1844 399 1050
f 402 1845 1177
f 1052 1050 1845
f 1050 1049 1845
f 1845 400 1177
f 403 1846 1053
f 1054 1206 1846
f 1206 1051 1846
f 1846 401 1053
f 404 1847 1176
f 1055 1053 1847
f 1053 1052 1847
f 1847 402 1176
f 405 1848 1056
f 1057 1205 1848
f 1205 1054 1848
f 1848 403 1056
f 406 1849 1175
f 1058 1056 1849
f 1056 1055 1849
f 1849 404 1175
f 407 1850 1059
f 1060 1204 1850
f 1204 1057 1850
f 1850 405 1059
f 408 1851 1174
f 1061 1059 1851
f 1059 1058 1851
f 1851 406 1174
f 409 1852 1062
f 1063 1203 1852
f 1203 1060 1852
f 1852 407 1062
f 410 1853 1173
f 1064 1062 1853
f 1062 1061 1853
f 1853 408 1173
f 411 1854 1065
f 1066 1202 1854
f 1202 1063 1854
f 1854 409 1065
f 412 1855 1172
f 1067 1065 1855
f 1065 1064 1855
f 1855 410 1172
f 413 1856 1068
f 1069 1201 1856
f 1201 1066 1856
f 1856 411 1068
f 414 1857 1074
f 1070 1068 1857
f 1068 1067 1857
f 1857 412 1074
f 416 1858 1073
f 1075 1071 1858
f 1071 1070 1858
f 1858 414 1073
f 1072 1159 415
f 414 1859 1072
f 1859 412 1158
f 1159 1158 426
f 1076 1079 417
f 416 1860 1076
f 1860 414 1072
f 1079 1072 415
f 1171 1078 418
f 354 1861 1171
f 1861 416 1076
f 1078 1076 417
f 1087 1080 419
f 418 1862 1087
f 417 1862 1078
f 1080 1088 419
f 417 1863 1080
f 415 1863 1079
f 1081 1101 419
f 420 1864 1081
f 438 1864 1134
f 1100 1081 419
f 437 1865 1100
f 420 1865 1137
f 1111 1082 419
f 448 1866 1111
f 421 1866 1114
f 1082 1083 419
f 421 1867 1082
f 422 1867 1168
f 1083 1084 419
f 422 1868 1083
f 423 1868 1166
f 1084 1085 419
f 423 1869 1084
f 424 1869 1164
f 1085 1086 419
f 424 1870 1085
f 425 1870 1161
f 1086 1087 419
f 425 1871 1086
f 418 1871 1162
f 1088 1089 419
f 415 1872 1088
f 426 1872 1159
f 1089 1090 419
f 426 1873 1089
f 427 1873 1157
f 1090 1091 419
f 427 1874 1090
f 428 1874 1155
f 1091 1092 419
f 428 1875 1091
f 429 1875 1153
f 1092 1093 419
f 429 1876 1092
f 430 1876 1151
f 1093 1094 419
f 430 1877 1093
f 431 1877 1149
f 1094 1095 419
f 431 1878 1094
f 432 1878 1147
f 1095 1096 419
f 432 1879 1095
f 433 1879 1145
f 1096 1097 419
f 433 1880 1096
f 434 1880 1143
f 1097 1098 419
f 434 1881 1097
f 435 1881 1141
f 1098 1099 419
f 435 1882 1098
f 436 1882 1139
f 1099 1100 419
f 436 1883 1099
f 437 1883 1136
f 1101 1102 419
f 438 1884 1101
f 439 1884 1132
f 1102 1103 419
f 439 1885 1102
f 440 1885 1130
f 1103 1104 419
f 440 1886 1103
f 441 1886 1128
f 1104 1105 419
f 441 1887 1104
f 442 1887 1126
f 1105 1106 419
f 442 1888 1105
f 443 1888 1124
f 1106 1107 419
f 443 1889 1106
f 444 1889 1122
f 1107 1108 419
f 444 1890 1107
f 445 1890 1120
f 1108 1109 419
f 445 1891 1108
f 446 1891 1118
f 1109 1110 419
f 446 1892 1109
f 447 1892 1116
f 1110 1111 419
f 447 1893 1110
f 448 1893 1113
f 1112 1114 448
f 366 1894 1112
f 1894 364 1169
f 1114 1169 421
f 1115 1113 447
f 368 1895 1115
f 1895 366 1112
f 1113 1112 448
f 1117 1116 446
f 370 1896 1117
f 1896 368 1115
f 1116 1115 447
f 1119 1118 445
f 372 1897 1119
f 1897 370 1117
f 1118 1117 446
f 1121 1120 444
f 374 1898 1121
f 1898 372 1119
f 1120 1119 445
f 1123 1122 443
f 376 1899 1123
f 1899 374 1121
f 1122 1121 444
f 1125 1124 442
f 378 1900 1125
f 1900 376 1123
f 1124 1123 443
f 1127 1126 441
f 380 1901 1127
f 1901 378 1125
f 1126 1125 442
f 1129 1128 440
f 382 1902 1129
f 1902 380 1127
f 1128 1127 441
f 1131 1130 439
f 384 1903 1131
f 1903 382 1129
f 1130 1129 440
f 1133 1132 438
f 386 1904 1133
f 1904 384 1131
f 1132 1131 439
f 1170 1134 420
f 388 1905 1170
f 1905 386 1133
f 1134 1133 438
f 1135 1137 437
f 390 1906 1135
f 1906 388 1170
f 1137 1170 420
f 1138 1136 436
f 392 1907 1138
f 1907 390 1135
f 1136 1135 437
f 1140 1139 435
f 394 1908 1140
f 1908 392 1138
f 1139 1138 436
f 1142 1141 434
f 396 1909 1142
f 1909 394 1140
f 1141 1140 435
f 1144 1143 433
f 398 1910 1144
f 1910 396 1142
f 1143 1142 434
f 1146 1145 432
f 400 1911 1146
f 1911 398 1144
f 1145 1144 433
f 1148 1147 431
f 402 1912 1148
f 1912 400 1146
f 1147 1146 432
f 1150 1149 430
f 404 1913 1150
f 1913 402 1148
f 1149 1148 431
f 1152 1151 429
f 406 1914 1152
f 1914 404 1150
f 1151 1150 430
f 1154 1153 428
f 408 1915 1154
f 1915 406 1152
f 1153 1152 429
f 1156 1155 427
f 410 1916 1156
f 1916 408 1154
f 1155 1154 428
f 1158 1157 426
f 412 1917 1158
f 1917 410 1156
f 1157 1156 427
f 1160 1162 425
f 356 1918 1160
f 1918 354 1171
f 1162 1171 418
f 1163 1161 424
f 358 1919 1163
f 1919 356 1160
f 1161 1160 425
f 1165 1164 423
f 360 1920 1165
f 1920 358 1163
f 1164 1163 424
f 1167 1166 422
f 362 1921 1167
f 1921 360 1165
f 1166 1165 423
f 1169 1168 421
f 364 1922 1169
f 1922 362 1167
f 1168 1167 422
f 484 1475 483
f 3 1322 1475
f 1475 1322 450
f 483 1475 1321
f 485 1476 582
f 1 483 1476
f 1476 483 2
f 582 1476 580
f 487 1477 486
f 6 1474 1477
f 1477 1474 3
f 486 1477 484
f 488 1478 1473
f 5 486 1478
f 1478 486 1
f 1473 1478 485
f 490 1479 489
f 9 1472 1479
f 1479 1472 6
f 489 1479 487
f 491 1480 1471
f 8 489 1480
f 1480 489 5
f 1471 1480 488
f 493 1481 492
f 12 1470 1481
f 1481 1470 9
f 492 1481 490
f 494 1482 1469
f 11 492 1482
f 1482 492 8
f 1469 1482 491
f 496 1483 495
f 15 1468 1483
f 1483 1468 12
f 495 1483 493
f 497 1484 1467
f 14 495 1484
f 1484 495 11
f 1467 1484 494
f 499 1485 498
f 18 1466 1485
f 1485 1466 15
f 498 1485 496
f 500 1486 1465
f 17 498 1486
f 1486 498 14
f 1465 1486 497
f 502 1487 501
f 21 1464 1487
f 1487 1464 18
f 501 1487 499
f 503 1488 1463
f 20 501 1488
f 1488 501 17
f 1463 1488 500
f 505 1489 504
f 24 1462 1489
f 1489 1462 21
f 504 1489 502
f 506 1490 1461
f 23 504 1490
f 1490 504 20
f 1461 1490 503
f 508 1491 507
f 27 1460 1491
f 1491 1460 24
f 507 1491 505
f 509 1492 1459
f 26 507 1492
f 1492 507 23
f 1459 1492 506
f 511 1493 510
f 30 1458 1493
f 1493 1458 27
f 510 1493 508
f 512 1494 1457
f 29 510 1494
f 1494 510 26
f 1457 1494 509
f 514 1495 513
f 33 1456 1495
f 1495 1456 30
f 513 1495 511
f 515 1496 1455
f 32 513 1496
f 1496 513 29
f 1455 1496 512
f 517 1497 516
f 36 1454 1497
f 1497 1454 33
f 516 1497 514
f 518 1498 1453
f 35 516 1498
f 1498 516 32
f 1453 1498 515
f 520 1499 519
f 39 1452 1499
f 1499 1452 36
f 519 1499 517
f 521 1500 1451
f 38 519 1500
f 1500 519 35
f 1451 1500 518
f 523 1501 522
f 42 1450 1501
f 1501 1450 39
f 522 1501 520
f 524 1502 1449
f 41 522 1502
f 1502 522 38
f 1449 1502 521
f 526 1503 525
f 45 1448 1503
f 1503 1448 42
f 525 1503 523
f 527 1504 1447
f 44 525 1504
f 1504 525 41
f 1447 1504 524
f 529 1505 528
f 48 1446 1505
f 1505 1446 45
f 528 1505 526
f 530 1506 1445
f 47 528 1506
f 1506 528 44
f 1445 1506 527
f 532 1507 531
f 51 1444 1507
f 1507 1444 48
f 531 1507 529
f 533 1508 1443
f 50 531 1508
f 1508 531 47
f 1443 1508 530
f 535 1509 534
f 54 1442 1509
f 1509 1442 51
f 534 1509 532
f 536 1510 1441
f 53 534 1510
f 1510 534 50
f 1441 1510 533
f 538 1511 537
f 57 1440 1511
f 1511 1440 54
f 537 1511 535
f 539 1512 1439
f 56 537 1512
f 1512 537 53
f 1439 1512 536
f 541 1513 540
f 60 1438 1513
f 1513 1438 57
f 540 1513 538
f 542 1514 1437
f 59 540 1514
f 1514 540 56
f 1437 1514 539
f 544 1515 543
f 63 1436 1515
f 1515 1436 60
f 543 1515 541
f 545 1516 1435
f 62 543 1516
f 1516 543 59
f 1435 1516 542
f 547 1517 546
f 66 1434 1517
f 1517 1434 63
f 546 1517 544
f 548 1518 1433
f 65 546 1518
f 1518 546 62
f 1433 1518 545
f 550 1519 549
f 69 1432 1519
f 1519 1432 66
f 549 1519 547
f 551 1520 1431
f 68 549 1520
f 1520 549 65
f 1431 1520 548
f 553 1521 552
f 72 1430 1521
f 1521 1430 69
f 552 1521 550
f 554 1522 1429
f 71 552 1522
f 1522 552 68
f 1429 1522 551
f 556 1523 555
f 75 1428 1523
f 1523 1428 72
f 555 1523 553
f 557 1524 1427
f 74 555 1524
f 1524 555 71
f 1427 1524 554
f 559 1525 558
f 78 1426 1525
f 1525 1426 75
f 558 1525 556
f 560 1526 1425
f 77 558 1526
f 1526 558 74
f 1425 1526 557
f 562 1527 561
f 81 1424 1527
f 1527 1424 78
f 561 1527 559
f 563 1528 1423
f 80 561 1528
f 1528 561 77
f 1423 1528 560
f 565 1529 564
f 84 1422 1529
f 1529 1422 81
f 564 1529 562
f 566 1530 1421
f 83 564 1530
f 1530 564 80
f 1421 1530 563
f 568 1531 567
f 87 1420 1531
f 1531 1420 84
f 567 1531 565
f 569 1532 1419
f 86 567 1532
f 1532 567 83
f 1419 1532 566
f 571 1533 570
f 90 1418 1533
f 1533 1418 87
f 570 1533 568
f 572 1534 1417
f 89 570 1534
f 1534 570 86
f 1417 1534 569
f 574 1535 573
f 93 1319 1535
f 1535 1319 90
f 573 1535 571
f 575 1536 579
f 92 573 1536
f 1536 573 89
f 579 1536 572
f 1321 1537 576
f 450 1318 1537
f 1537 1318 93
f 576 1537 574
f 580 1538 578
f 2 576 1538
f 1538 576 92
f 578 1538 575
f 577 1539 675
f 94 579 1539
f 1539 579 91
f 675 1539 673
f 581 1540 585
f 96 578 1540
f 1540 578 94
f 585 1540 577
f 586 1541 584
f 4 582 1541
f 1541 582 96
f 584 1541 581
f 583 1542 681
f 97 585 1542
f 1542 585 95
f 681 1542 679
f 587 1543 1316
f 99 584 1543
f 1543 584 97
f 1316 1543 583
f 589 1544 588
f 7 1473 1544
f 1544 1473 4
f 588 1544 586
f 590 1545 1315
f 101 588 1545
f 1545 588 99
f 1315 1545 587
f 592 1546 591
f 10 1471 1546
f 1546 1471 7
f 591 1546 589
f 593 1547 1314
f 103 591 1547
f 1547 591 101
f 1314 1547 590
f 595 1548 594
f 13 1469 1548
f 1548 1469 10
f 594 1548 592
f 596 1549 1313
f 105 594 1549
f 1549 594 103
f 1313 1549 593
f 598 1550 597
f 16 1467 1550
f 1550 1467 13
f 597 1550 595
f 599 1551 1312
f 107 597 1551
f 1551 597 105
f 1312 1551 596
f 601 1552 600
f 19 1465 1552
f 1552 1465 16
f 600 1552 598
f 602 1553 1311
f 109 600 1553
f 1553 600 107
f 1311 1553 599
f 604 1554 603
f 22 1463 1554
f 1554 1463 19
f 603 1554 601
f 605 1555 1310
f 111 603 1555
f 1555 603 109
f 1310 1555 602
f 607 1556 606
f 25 1461 1556
f 1556 1461 22
f 606 1556 604
f 608 1557 1309
f 113 606 1557
f 1557 606 111
f 1309 1557 605
f 610 1558 609
f 28 1459 1558
f 1558 1459 25
f 609 1558 607
f 611 1559 1308
f 115 609 1559
f 1559 609 113
f 1308 1559 608
f 613 1560 612
f 31 1457 1560
f 1560 1457 28
f 612 1560 610
f 614 1561 1307
f 117 612 1561
f 1561 612 115
f 1307 1561 611
f 616 1562 615
f 34 1455 1562
f 1562 1455 31
f 615 1562 613
f 617 1563 1306
f 119 615 1563
f 1563 615 117
f 1306 1563 614
f 619 1564 618
f 37 1453 1564
f 1564 1453 34
f 618 1564 616
f 620 1565 1305
f 121 618 1565
f 1565 618 119
f 1305 1565 617
f 622 1566 621
f 40 1451 1566
f 1566 1451 37
f 621 1566 619
f 623 1567 1304
f 123 621 1567
f 1567 621 121
f 1304 1567 620
f 625 1568 624
f 43 1449 1568
f 1568 1449 40
f 624 1568 622
f 626 1569 1303
f 125 624 1569
f 1569 624 123
f 1303 1569 623
f 628 1570 627
f 46 1447 1570
f 1570 1447 43
f 627 1570 625
f 629 1571 1302
f 127 627 1571
f 1571 627 125
f 1302 1571 626
f 631 1572 630
f 49 1445 1572
f 1572 1445 46
f 630 1572 628
f 632 1573 1301
f 129 630 1573
f 1573 630 127
f 1301 1573 629
f 634 1574 633
f 52 1443 1574
f 1574 1443 49
f 633 1574 631
f 635 1575 1300
f 131 633 1575
f 1575 633 129
f 1300 1575 632
f 637 1576 636
f 55 1441 1576
f 1576 1441 52
f 636 1576 634
f 638 1577 1299
f 133 636 1577
f 1577 636 131
f 1299 1577 635
f 640 1578 639
f 58 1439 1578
f 1578 1439 55
f 639 1578 637
f 641 1579 1298
f 135 639 1579
f 1579 639 133
f 1298 1579 638
f 643 1580 642
f 61 1437 1580
f 1580 1437 58
f 642 1580 640
f 644 1581 1297
f 137 642 1581
f 1581 642 135
f 1297 1581 641
f 646 1582 645
f 64 1435 1582
f 1582 1435 61
f 645 1582 643
f 647 1583 1296
f 139 645 1583
f 1583 645 137
f 1296 1583 644
f 649 1584 648
f 67 1433 1584
f 1584 1433 64
f 648 1584 646
f 650 1585 1295
f 141 648 1585
f 1585 648 139
f 1295 1585 647
f 652 1586 651
f 70 1431 1586
f 1586 1431 67
f 651 1586 649
f 653 1587 1294
f 143 651 1587
f 1587 651 141
f 1294 1587 650
f 655 1588 654
f 73 1429 1588
f 1588 1429 70
f 654 1588 652
f 656 1589 1293
f 145 654 1589
f 1589 654 143
f 1293 1589 653
f 658 1590 657
f 76 1427 1590
f 1590 1427 73
f 657 1590 655
f 659 1591 1292
f 147 657 1591
f 1591 657 145
f 1292 1591 656
f 661 1592 660
f 79 1425 1592
f 1592 1425 76
f 660 1592 658
f 662 1593 1291
f 149 660 1593
f 1593 660 147
f 1291 1593 659
f 664 1594 663
f 82 1423 1594
f 1594 1423 79
f 663 1594 661
f 665 1595 1290
f 151 663 1595
f 1595 663 149
f 1290 1595 662
f 667 1596 666
f 85 1421 1596
f 1596 1421 82
f 666 1596 664
f 668 1597 1289
f 153 666 1597
f 1597 666 151
f 1289 1597 665
f 670 1598 669
f 88 1419 1598
f 1598 1419 85
f 669 1598 667
f 671 1599 1288
f 155 669 1599
f 1599 669 153
f 1288 1599 668
f 673 1600 672
f 91 1417 1600
f 1600 1417 88
f 672 1600 670
f 674 1601 678
f 157 672 1601
f 1601 672 155
f 678 1601 671
f 679 1602 677
f 95 675 1602
f 1602 675 157
f 677 1602 674
f 676 1603 774
f 158 678 1603
f 1603 678 156
f 774 1603 772
f 680 1604 684
f 160 677 1604
f 1604 677 158
f 684 1604 676
f 685 1605 683
f 98 681 1605
f 1605 681 160
f 683 1605 680
f 682 1606 780
f 161 684 1606
f 1606 684 159
f 780 1606 778
f 686 1607 1287
f 163 683 1607
f 1607 683 161
f 1287 1607 682
f 689 1608 687
f 100 1316 1608
f 1608 1316 98
f 687 1608 685
f 688 1609 1286
f 165 687 1609
f 1609 687 163
f 1286 1609 686
f 692 1610 1285
f 167 690 1610
f 1610 690 165
f 1285 1610 688
f 691 1611 690
f 102 1315 1611
f 1611 1315 100
f 690 1611 689
f 694 1612 693
f 104 1314 1612
f 1612 1314 102
f 693 1612 691
f 695 1613 1284
f 169 693 1613
f 1613 693 167
f 1284 1613 692
f 697 1614 696
f 106 1313 1614
f 1614 1313 104
f 696 1614 694
f 172 698 1615
f 171 696 1615
f 1615 696 169
f 1283 1615 695
f 700 1616 699
f 108 1312 1616
f 1616 1312 106
f 699 1616 697
f 701 1617 1282
f 173 699 1617
f 1617 699 171
f 1282 1617 698
f 703 1618 702
f 110 1311 1618
f 1618 1311 108
f 702 1618 700
f 704 1619 1281
f 175 702 1619
f 1619 702 173
f 1281 1619 701
f 706 1620 705
f 112 1310 1620
f 1620 1310 110
f 705 1620 703
f 707 1621 1280
f 177 705 1621
f 1621 705 175
f 1280 1621 704
f 709 1622 708
f 114 1309 1622
f 1622 1309 112
f 708 1622 706
f 710 1623 1279
f 179 708 1623
f 1623 708 177
f 1279 1623 707
f 712 1624 711
f 116 1308 1624
f 1624 1308 114
f 711 1624 709
f 713 1625 1278
f 181 711 1625
f 1625 711 179
f 1278 1625 710
f 715 1626 714
f 118 1307 1626
f 1626 1307 116
f 714 1626 712
f 716 1627 1277
f 183 714 1627
f 1627 714 181
f 1277 1627 713
f 718 1628 717
f 120 1306 1628
f 1628 1306 118
f 717 1628 715
f 719 1629 1276
f 185 717 1629
f 1629 717 183
f 1276 1629 716
f 721 1630 720
f 122 1305 1630
f 1630 1305 120
f 720 1630 718
f 722 1631 1275
f 187 720 1631
f 1631 720 185
f 1275 1631 719
f 724 1632 723
f 124 1304 1632
f 1632 1304 122
f 723 1632 721
f 190 725 1633
f 189 723 1633
f 1633 723 187
f 1274 1633 722
f 727 1634 726
f 126 1303 1634
f 1634 1303 124
f 726 1634 724
f 728 1635 1273
f 191 726 1635
f 1635 726 189
f 1273 1635 725
f 730 1636 729
f 128 1302 1636
f 1636 1302 126
f 729 1636 727
f 731 1637 1272
f 193 729 1637
f 1637 729 191
f 1272 1637 728
f 733 1638 732
f 130 1301 1638
f 1638 1301 128
f 732 1638 730
f 734 1639 1271
f 195 732 1639
f 1639 732 193
f 1271 1639 731
f 736 1640 735
f 132 1300 1640
f 1640 1300 130
f 735 1640 733
f 737 1641 1270
f 197 735 1641
f 1641 735 195
f 1641 734 196
f 739 1642 738
f 134 1299 1642
f 1642 1299 132
f 738 1642 736
f 740 1643 1269
f 199 738 1643
f 1643 738 197
f 1269 1643 737
f 742 1644 741
f 136 1298 1644
f 1644 1298 134
f 741 1644 739
f 743 1645 1268
f 201 741 1645
f 1645 741 199
f 1268 1645 740
f 745 1646 744
f 138 1297 1646
f 1646 1297 136
f 744 1646 742
f 746 1647 1267
f 203 744 1647
f 1647 744 201
f 1267 1647 743
f 748 1648 747
f 140 1296 1648
f 1648 1296 138
f 747 1648 745
f 749 1649 1266
f 205 747 1649
f 1649 747 203
f 1266 1649 746
f 751 1650 750
f 142 1295 1650
f 1650 1295 140
f 750 1650 748
f 752 1651 1265
f 207 750 1651
f 1651 750 205
f 1265 1651 749
f 754 1652 753
f 144 1294 1652
f 1652 1294 142
f 753 1652 751
f 755 1653 1264
f 209 753 1653
f 1653 753 207
f 1264 1653 752
f 757 1654 756
f 146 1293 1654
f 1654 1293 144
f 756 1654 754
f 758 1655 1263
f 211 756 1655
f 1655 756 209
f 1263 1655 755
f 760 1656 759
f 148 1292 1656
f 1656 1292 146
f 759 1656 757
f 761 1657 1262
f 213 759 1657
f 1657 759 211
f 1262 1657 758
f 763 1658 762
f 150 1291 1658
f 1658 1291 148
f 762 1658 760
f 764 1659 1261
f 215 762 1659
f 1659 762 213
f 1261 1659 761
f 766 1660 765
f 152 1290 1660
f 1660 1290 150
f 765 1660 763
f 767 1661 1260
f 217 765 1661
f 1661 765 215
f 1661 764 216
f 769 1662 768
f 154 1289 1662
f 1662 1289 152
f 768 1662 766
f 770 1663 1259
f 219 768 1663
f 1663 768 217
f 1259 1663 767
f 772 1664 771
f 156 1288 1664
f 1664 1288 154
f 771 1664 769
f 773 1665 777
f 221 771 1665
f 1665 771 219
f 1665 770 220
f 778 1666 776
f 159 774 1666
f 1666 774 221
f 1666 773 222
f 223 775 1667
f 222 777 1667
f 777 220 871
f 1667 871 285
f 225 779 1668
f 779 224 776
f 776 222 775
f 1668 775 223
f 227 784 1669
f 784 162 780
f 780 224 779
f 1669 779 225
f 226 781 1670
f 781 225 783
f 783 223 877
f 1670 877 288
f 228 785 1671
f 785 227 782
f 782 225 781
f 1671 781 226
f 229 787 1672
f 787 164 1287
f 1287 162 784
f 1672 784 227
f 230 788 1673
f 788 229 786
f 786 227 785
f 1673 785 228
f 231 790 1674
f 790 166 1286
f 1286 164 787
f 1674 787 229
f 232 791 1675
f 791 231 789
f 789 229 788
f 1675 788 230
f 233 793 1676
f 168 1285 1676
f 1285 166 790
f 1676 790 231
f 234 794 1677
f 794 233 792
f 792 231 791
f 1677 791 232
f 235 796 1678
f 796 170 1284
f 1284 168 793
f 1678 793 233
f 236 797 1679
f 797 235 795
f 795 233 794
f 1679 794 234
f 237 799 1680
f 172 1283 1680
f 1283 170 796
f 1680 796 235
f 238 800 1681
f 800 237 798
f 798 235 797
f 1681 797 236
f 239 802 1682
f 174 1282 1682
f 1282 172 799
f 1682 799 237
f 240 803 1683
f 803 239 801
f 801 237 800
f 1683 800 238
f 241 805 1684
f 805 176 1281
f 1281 174 802
f 1684 802 239
f 242 806 1685
f 806 241 804
f 804 239 803
f 1685 803 240
f 243 808 1686
f 178 1280 1686
f 1280 176 805
f 1686 805 241
f 244 809 1687
f 809 243 807
f 807 241 806
f 1687 806 242
f 245 811 1688
f 811 180 1279
f 1279 178 808
f 1688 808 243
f 246 812 1689
f 812 245 810
f 810 243 809
f 1689 809 244
f 247 814 1690
f 182 1278 1690
f 1278 180 811
f 1690 811 245
f 248 815 1691
f 815 247 813
f 813 245 812
f 1691 812 246
f 249 817 1692
f 817 184 1277
f 1277 182 814
f 1692 814 247
f 250 818 1693
f 818 249 816
f 816 247 815
f 1693 815 248
f 251 820 1694
f 186 1276 1694
f 1276 184 817
f 1694 817 249
f 252 821 1695
f 821 251 819
f 819 249 818
f 1695 818 250
f 253 823 1696
f 823 188 1275
f 1275 186 820
f 1696 820 251
f 254 824 1697
f 824 253 822
f 822 251 821
f 1697 821 252
f 255 826 1698
f 826 190 1274
f 1274 188 823
f 1698 823 253
f 256 827 1699
f 827 255 825
f 825 253 824
f 1699 824 254
f 257 829 1700
f 829 192 1273
f 1273 190 826
f 1700 826 255
f 258 830 1701
f 830 257 828
f 828 255 827
f 1701 827 256
f 259 832 1702
f 832 194 1272
f 1272 192 829
f 1702 829 257
f 260 833 1703
f 833 259 831
f 831 257 830
f 1703 830 258
f 261 835 1704
f 835 196 1271
f 1271 194 832
f 1704 832 259
f 262 836 1705
f 836 261 834
f 834 259 833
f 1705 833 260
f 263 838 1706
f 838 198 1270
f 1270 196 835
f 1706 835 261
f 264 839 1707
f 839 263 837
f 837 261 836
f 1707 836 262
f 265 841 1708
f 841 200 1269
f 1269 198 838
f 1708 838 263
f 266 842 1709
f 842 265 840
f 840 263 839
f 1709 839 264
f 267 844 1710
f 844 202 1268
f 1268 200 841
f 1710 841 265
f 268 845 1711
f 845 267 843
f 843 265 842
f 1711 842 266
f 269 847 1712
f 204 1267 1712
f 1267 202 844
f 1712 844 267
f 270 848 1713
f 848 269 846
f 846 267 845
f 1713 845 268
f 271 850 1714
f 206 1266 1714
f 1266 204 847
f 1714 847 269
f 272 851 1715
f 851 271 849
f 849 269 848
f 1715 848 270
f 273 853 1716
f 208 1265 1716
f 1265 206 850
f 1716 850 271
f 274 854 1717
f 854 273 852
f 852 271 851
f 1717 851 272
f 275 856 1718
f 856 210 1264
f 1718 1264 208
f 1718 853 273
f 276 857 1719
f 857 275 855
f 855 273 854
f 1719 854 274
f 277 859 1720
f 859 212 1263
f 1263 210 856
f 1720 856 275
f 278 860 1721
f 860 277 858
f 858 275 857
f 1721 857 276
f 279 862 1722
f 862 214 1262
f 1262 212 859
f 1722 859 277
f 280 863 1723
f 863 279 861
f 861 277 860
f 1723 860 278
f 281 865 1724
f 865 216 1261
f 1261 214 862
f 1724 862 279
f 282 866 1725
f 866 281 864
f 864 279 863
f 1725 863 280
f 283 868 1726
f 868 218 1260
f 1260 216 865
f 1726 865 281
f 284 869 1727
f 869 283 867
f 867 281 866
f 1727 866 282
f 285 871 1728
f 871 220 1259
f 1259 218 868
f 1728 868 283
f 286 872 1729
f 872 285 870
f 870 283 869
f 1729 869 284
f 288 877 1730
f 877 223 873
f 873 285 872
f 1730 872 286
f 287 874 1731
f 874 286 876
f 876 284 970
f 1731 970 349
f 289 878 1732
f 878 288 875
f 875 286 874
f 1732 874 287
f 291 883 1733
f 883 226 879
f 879 288 878
f 1733 878 289
f 290 880 1734
f 880 289 882
f 882 287 976
f 1734 976 352
f 292 884 1735
f 884 291 881
f 881 289 880
f 1735 880 290
f 293 886 1736
f 886 228 1258
f 1258 226 883
f 1736 883 291
f 294 887 1737
f 887 293 885
f 885 291 884
f 1737 884 292
f 295 889 1738
f 889 230 1257
f 1257 228 886
f 1738 886 293
f 296 890 1739
f 890 295 888
f 888 293 887
f 1739 887 294
f 297 892 1740
f 892 232 1256
f 1256 230 889
f 1740 889 295
f 298 893 1741
f 893 297 891
f 891 295 890
f 1741 890 296
f 299 895 1742
f 895 234 1255
f 1255 232 892
f 1742 892 297
f 300 896 1743
f 896 299 894
f 894 297 893
f 1743 893 298
f 301 898 1744
f 898 236 1254
f 1254 234 895
f 1744 895 299
f 302 899 1745
f 899 301 897
f 897 299 896
f 1745 896 300
f 303 901 1746
f 901 238 1253
f 1253 236 898
f 1746 898 301
f 304 902 1747
f 902 303 900
f 900 301 899
f 1747 899 302
f 305 904 1748
f 904 240 1252
f 1252 238 901
f 1748 901 303
f 306 905 1749
f 905 305 903
f 903 303 902
f 1749 902 304
f 307 907 1750
f 907 242 1251
f 1251 240 904
f 1750 904 305
f 308 908 1751
f 908 307 906
f 906 305 905
f 1751 905 306
f 309 910 1752
f 910 244 1250
f 1250 242 907
f 1752 907 307
f 310 911 1753
f 911 309 909
f 909 307 908
f 1753 908 308
f 311 913 1754
f 913 246 1249
f 1249 244 910
f 1754 910 309
f 312 914 1755
f 914 311 912
f 912 309 911
f 1755 911 310
f 313 916 1756
f 916 248 1248
f 1248 246 913
f 1756 913 311
f 314 917 1757
f 917 313 915
f 915 311 914
f 1757 914 312
f 315 919 1758
f 919 250 1247
f 1247 248 916
f 1758 916 313
f 316 920 1759
f 920 315 918
f 918 313 917
f 1759 917 314
f 317 922 1760
f 922 252 1246
f 1246 250 919
f 1760 919 315
f 318 923 1761
f 923 317 921
f 921 315 920
f 1761 920 316
f 319 925 1762
f 925 254 1245
f 1245 252 922
f 1762 922 317
f 320 926 1763
f 926 319 924
f 924 317 923
f 1763 923 318
f 321 928 1764
f 928 256 1244
f 1244 254 925
f 1764 925 319
f 322 929 1765
f 929 321 927
f 927 319 926
f 1765 926 320
f 323 931 1766
f 931 258 1243
f 1243 256 928
f 1766 928 321
f 324 932 1767
f 932 323 930
f 930 321 929
f 1767 929 322
f 325 934 1768
f 934 260 1242
f 1242 258 931
f 1768 931 323
f 326 935 1769
f 935 325 933
f 933 323 932
f 1769 932 324
f 327 937 1770
f 937 262 1241
f 1241 260 934
f 1770 934 325
f 328 938 1771
f 938 327 936
f 936 325 935
f 1771 935 326
f 329 940 1772
f 940 264 1240
f 1240 262 937
f 1772 937 327
f 330 941 1773
f 941 329 939
f 939 327 938
f 1773 938 328
f 331 943 1774
f 943 266 1239
f 1239 264 940
f 1774 940 329
f 332 944 1775
f 944 331 942
f 942 329 941
f 1775 941 330
f 333 946 1776
f 946 268 1238
f 1238 266 943
f 1776 943 331
f 334 947 1777
f 947 333 945
f 945 331 944
f 1777 944 332
f 335 949 1778
f 949 270 1237
f 1237 268 946
f 1778 946 333
f 336 950 1779
f 950 335 948
f 948 333 947
f 1779 947 334
f 337 952 1780
f 952 272 1236
f 1236 270 949
f 1780 949 335
f 338 953 1781
f 953 337 951
f 951 335 950
f 1781 950 336
f 339 955 1782
f 955 274 1235
f 1235 272 952
f 1782 952 337
f 340 956 1783
f 956 339 954
f 954 337 953
f 1783 953 338
f 341 958 1784
f 958 276 1234
f 1234 274 955
f 1784 955 339
f 342 959 1785
f 959 341 957
f 957 339 956
f 1785 956 340
f 343 961 1786
f 961 278 1233
f 1233 276 958
f 1786 958 341
f 344 962 1787
f 962 343 960
f 960 341 959
f 1787 959 342
f 345 964 1788
f 964 280 1232
f 1232 278 961
f 1788 961 343
f 346 965 1789
f 965 345 963
f 963 343 962
f 1789 962 344
f 347 967 1790
f 967 282 1231
f 1231 280 964
f 1790 964 345
f 348 968 1791
f 968 347 966
f 966 345 965
f 1791 965 346
f 349 970 1792
f 970 284 1230
f 1230 282 967
f 1792 967 347
f 350 971 1793
f 971 349 969
f 969 347 968
f 1793 968 348
f 352 976 1794
f 976 287 972
f 972 349 971
f 1794 971 350
f 351 973 1795
f 973 350 975
f 975 348 1069
f 1795 1069 413
f 353 977 1796
f 977 352 974
f 974 350 973
f 1796 973 351
f 355 982 1797
f 982 290 978
f 978 352 977
f 1797 977 353
f 354 979 1798
f 979 353 981
f 981 351 1075
f 1798 1075 416
f 356 983 1799
f 983 355 980
f 980 353 979
f 1799 979 354
f 357 985 1800
f 985 292 1229
f 1229 290 982
f 1800 982 355
f 358 986 1801
f 986 357 984
f 984 355 983
f 1801 983 356
f 359 988 1802
f 988 294 1228
f 1228 292 985
f 1802 985 357
f 360 989 1803
f 989 359 987
f 987 357 986
f 1803 986 358
f 361 991 1804
f 991 296 1227
f 1227 294 988
f 1804 988 359
f 362 992 1805
f 992 361 990
f 990 359 989
f 1805 989 360
f 363 994 1806
f 994 298 1226
f 1226 296 991
f 1806 991 361
f 364 995 1807
f 995 363 993
f 993 361 992
f 1807 992 362
f 365 997 1808
f 997 300 1225
f 1225 298 994
f 1808 994 363
f 366 998 1809
f 998 365 996
f 996 363 995
f 1809 995 364
f 367 1000 1810
f 1000 302 1224
f 1224 300 997
f 1810 997 365
f 368 1001 1811
f 1001 367 999
f 999 365 998
f 1811 998 366
f 369 1003 1812
f 1003 304 1223
f 1223 302 1000
f 1812 1000 367
f 370 1004 1813
f 1004 369 1002
f 1002 367 1001
f 1813 1001 368
f 371 1006 1814
f 1006 306 1222
f 1222 304 1003
f 1814 1003 369
f 372 1007 1815
f 1007 371 1005
f 1005 369 1004
f 1815 1004 370
f 373 1009 1816
f 1009 308 1221
f 1221 306 1006
f 1816 1006 371
f 374 1010 1817
f 1010 373 1008
f 1008 371 1007
f 1817 1007 372
f 375 1012 1818
f 1012 310 1220
f 1220 308 1009
f 1818 1009 373
f 376 1013 1819
f 1013 375 1011
f 1011 373 1010
f 1819 1010 374
f 377 1015 1820
f 1015 312 1219
f 1219 310 1012
f 1820 1012 375
f 378 1016 1821
f 1016 377 1014
f 1014 375 1013
f 1821 1013 376
f 379 1018 1822
f 1018 314 1218
f 1218 312 1015
f 1822 1015 377
f 380 1019 1823
f 1019 379 1017
f 1017 377 1016
f 1823 1016 378
f 381 1021 1824
f 1021 316 1217
f 1217 314 1018
f 1824 1018 379
f 382 1022 1825
f 1022 381 1020
f 1020 379 1019
f 1825 1019 380
f 383 1024 1826
f 1024 318 1216
f 1216 316 1021
f 1826 1021 381
f 384 1025 1827
f 1025 383 1023
f 1023 381 1022
f 1827 1022 382
f 385 1027 1828
f 1027 320 1215
f 1215 318 1024
f 1828 1024 383
f 386 1028 1829
f 1028 385 1026
f 1026 383 1025
f 1829 1025 384
f 387 1030 1830
f 1030 322 1214
f 1214 320 1027
f 1830 1027 385
f 388 1031 1831
f 1031 387 1029
f 1029 385 1028
f 1831 1028 386
f 389 1033 1832
f 1033 324 1213
f 1213 322 1030
f 1832 1030 387
f 390 1034 1833
f 1034 389 1032
f 1032 387 1031
f 1833 1031 388
f 391 1036 1834
f 1036 326 1212
f 1212 324 1033
f 1834 1033 389
f 392 1037 1835
f 1037 391 1035
f 1035 389 1034
f 1835 1034 390
f 393 1039 1836
f 1039 328 1211
f 1211 326 1036
f 1836 1036 391
f 394 1040 1837
f 1040 393 1038
f 1038 391 1037
f 1837 1037 392
f 395 1042 1838
f 1042 330 1210
f 1210 328 1039
f 1838 1039 393
f 396 1043 1839
f 1043 395 1041
f 1041 393 1040
f 1839 1040 394
f 397 1045 1840
f 1045 332 1209
f 1209 330 1042
f 1840 1042 395
f 398 1046 1841
f 1046 397 1044
f 1044 395 1043
f 1841 1043 396
f 399 1048 1842
f 1048 334 1208
f 1208 332 1045
f 1842 1045 397
f 400 1049 1843
f 1049 399 1047
f 1047 397 1046
f 1843 1046 398
f 401 1051 1844
f 1051 336 1207
f 1207 334 1048
f 1844 1048 399
f 402 1052 1845
f 1052 401 1050
f 1050 399 1049
f 1845 1049 400
f 403 1054 1846
f 1054 338 1206
f 1206 336 1051
f 1846 1051 401
f 404 1055 1847
f 1055 403 1053
f 1053 401 1052
f 1847 1052 402
f 405 1057 1848
f 1057 340 1205
f 1205 338 1054
f 1848 1054 403
f 406 1058 1849
f 1058 405 1056
f 1056 403 1055
f 1849 1055 404
f 407 1060 1850
f 1060 342 1204
f 1204 340 1057
f 1850 1057 405
f 408 1061 1851
f 1061 407 1059
f 1059 405 1058
f 1851 1058 406
f 409 1063 1852
f 1063 344 1203
f 1203 342 1060
f 1852 1060 407
f 410 1064 1853
f 1064 409 1062
f 1062 407 1061
f 1853 1061 408
f 411 1066 1854
f 1066 346 1202
f 1202 344 1063
f 1854 1063 409
f 412 1067 1855
f 1067 411 1065
f 1065 409 1064
f 1855 1064 410
f 413 1069 1856
f 1069 348 1201
f 1201 346 1066
f 1856 1066 411
f 414 1070 1857
f 1070 413 1068
f 1068 411 1067
f 1857 1067 412
f 416 1075 1858
f 1075 351 1071
f 1071 413 1070
f 1858 1070 414
f 1072 1859 1159
f 414 1074 1859
f 1859 1074 412
f 1159 1859 1158
f 1076 1860 1079
f 416 1073 1860
f 1860 1073 414
f 1079 1860 1072
f 1171 1861 1078
f 354 1077 1861
f 1861 1077 416
f 1078 1861 1076
f 1087 1862 1080
f 418 1078 1862
f 417 1080 1862
f 1080 1863 1088
f 417 1079 1863
f 415 1088 1863
f 1081 1864 1101
f 420 1134 1864
f 438 1101 1864
f 1100 1865 1081
f 437 1137 1865
f 420 1081 1865
f 1111 1866 1082
f 448 1114 1866
f 421 1082 1866
f 1082 1867 1083
f 421 1168 1867
f 422 1083 1867
f 1083 1868 1084
f 422 1166 1868
f 423 1084 1868
f 1084 1869 1085
f 423 1164 1869
f 424 1085 1869
f 1085 1870 1086
f 424 1161 1870
f 425 1086 1870
f 1086 1871 1087
f 425 1162 1871
f 418 1087 1871
f 1088 1872 1089
f 415 1159 1872
f 426 1089 1872
f 1089 1873 1090
f 426 1157 1873
f 427 1090 1873
f 1090 1874 1091
f 427 1155 1874
f 428 1091 1874
f 1091 1875 1092
f 428 1153 1875
f 429 1092 1875
f 1092 1876 1093
f 429 1151 1876
f 430 1093 1876
f 1093 1877 1094
f 430 1149 1877
f 431 1094 1877
f 1094 1878 1095
f 431 1147 1878
f 432 1095 1878
f 1095 1879 1096
f 432 1145 1879
f 433 1096 1879
f 1096 1880 1097
f 433 1143 1880
f 434 1097 1880
f 1097 1881 1098
f 434 1141 1881
f 435 1098 1881
f 1098 1882 1099
f 435 1139 1882
f 436 1099 1882
f 1099 1883 1100
f 436 1136 1883
f 437 1100 1883
f 1101 1884 1102
f 438 1132 1884
f 439 1102 1884
f 1102 1885 1103
f 439 1130 1885
f 440 1103 1885
f 1103 1886 1104
f 440 1128 1886
f 441 1104 1886
f 1104 1887 1105
f 441 1126 1887
f 442 1105 1887
f 1105 1888 1106
f 442 1124 1888
f 443 1106 1888
f 1106 1889 1107
f 443 1122 1889
f 444 1107 1889
f 1107 1890 1108
f 444 1120 1890
f 445 1108 1890
f 1108 1891 1109
f 445 1118 1891
f 446 1109 1891
f 1109 1892 1110
f 446 1116 1892
f 447 1110 1892
f 1110 1893 1111
f 447 1113 1893
f 448 1111 1893
f 1112 1894 1114
f 366 1195 1894
f 1894 1195 364
f 1114 1894 1169
f 1115 1895 1113
f 368 1194 1895
f 1895 1194 366
f 1113 1895 1112
f 1117 1896 1116
f 370 1193 1896
f 1896 1193 368
f 1116 1896 1115
f 1119 1897 1118
f 372 1192 1897
f 1897 1192 370
f 1118 1897 1117
f 1121 1898 1120
f 374 1191 1898
f 1898 1191 372
f 1120 1898 1119
f 1123 1899 1122
f 376 1190 1899
f 1899 1190 374
f 1122 1899 1121
f 1125 1900 1124
f 378 1189 1900
f 1900 1189 376
f 1124 1900 1123
f 1127 1901 1126
f 380 1188 1901
f 1901 1188 378
f 1126 1901 1125
f 1129 1902 1128
f 382 1187 1902
f 1902 1187 380
f 1128 1902 1127
f 1131 1903 1130
f 384 1186 1903
f 1903 1186 382
f 1130 1903 1129
f 1133 1904 1132
f 386 1185 1904
f 1904 1185 384
f 1132 1904 1131
f 1170 1905 1134
f 388 1184 1905
f 1905 1184 386
f 1134 1905 1133
f 1135 1906 1137
f 390 1183 1906
f 1906 1183 388
f 1137 1906 1170
f 1138 1907 1136
f 392 1182 1907
f 1907 1182 390
f 1136 1907 1135
f 1140 1908 1139
f 394 1181 1908
f 1908 1181 392
f 1139 1908 1138
f 1142 1909 1141
f 396 1180 1909
f 1909 1180 394
f 1141 1909 1140
f 1144 1910 1143
f 398 1179 1910
f 1910 1179 396
f 1143 1910 1142
f 1146 1911 1145
f 400 1178 1911
f 1911 1178 398
f 1145 1911 1144
f 1148 1912 1147
f 402 1177 1912
f 1912 1177 400
f 1147 1912 1146
f 1150 1913 1149
f 404 1176 1913
f 1913 1176 402
f 1149 1913 1148
f 1152 1914 1151
f 406 1175 1914
f 1914 1175 404
f 1151 1914 1150
f 1154 1915 1153
f 408 1174 1915
f 1915 1174 406
f 1153 1915 1152
f 1156 1916 1155
f 410 1173 1916
f 1916 1173 408
f 1155 1916 1154
f 1158 1917 1157
f 412 1172 1917
f 1917 1172 410
f 1157 1917 1156
f 1160 1918 1162
f 356 1200 1918
f 1918 1200 354
f 1162 1918 1171
f 1163 1919 1161
f 358 1199 1919
f 1919 1199 356
f 1161 1919 1160
f 1165 1920 1164
f 360 1198 1920
f 1920 1198 358
f 1164 1920 1163
f 1167 1921 1166
f 362 1197 1921
f 1921 1197 360
f 1166 1921 1165
f 1169 1922 1168
f 364 1196 1922
f 1922 1196 362
f 1168 1922 1167
usemtl White
f 93 1923 1319
f 1317 1414 1923
f 1414 1413 1923
f 1923 90 1319
f 450 1924 1318
f 1320 1323 1924
f 1323 1317 1924
f 1924 93 1318
f 3 1925 1322
f 1326 1325 1925
f 1325 1320 1925
f 1925 450 1322
f 451 1926 1323
f 1416 1324 452
f 449 1926 1416
f 453 1927 1325
f 1324 1328 452
f 451 1927 1324
f 6 1928 1474
f 1329 1327 1928
f 1327 1326 1928
f 1928 3 1474
f 454 1929 1327
f 1328 1331 452
f 453 1929 1328
f 9 1930 1472
f 1332 1330 1930
f 1330 1329 1930
f 1930 6 1472
f 455 1931 1330
f 1331 1334 452
f 454 1931 1331
f 12 1932 1470
f 1335 1333 1932
f 1333 1332 1932
f 1932 9 1470
f 456 1933 1333
f 1334 1337 452
f 455 1933 1334
f 15 1934 1468
f 1338 1336 1934
f 1336 1335 1934
f 1934 12 1468
f 457 1935 1336
f 1337 1340 452
f 456 1935 1337
f 18 1936 1466
f 1341 1339 1936
f 1339 1338 1936
f 1936 15 1466
f 458 1937 1339
f 1340 1343 452
f 457 1937 1340
f 21 1938 1464
f 1344 1342 1938
f 1342 1341 1938
f 1938 18 1464
f 459 1939 1342
f 1343 1346 452
f 458 1939 1343
f 24 1940 1462
f 1347 1345 1940
f 1345 1344 1940
f 1940 21 1462
f 460 1941 1345
f 1346 1349 452
f 459 1941 1346
f 27 1942 1460
f 1350 1348 1942
f 1348 1347 1942
f 1942 24 1460
f 461 1943 1348
f 1349 1352 452
f 460 1943 1349
f 30 1944 1458
f 1353 1351 1944
f 1351 1350 1944
f 1944 27 1458
f 462 1945 1351
f 1352 1355 452
f 461 1945 1352
f 33 1946 1456
f 1356 1354 1946
f 1354 1353 1946
f 1946 30 1456
f 463 1947 1354
f 1355 1358 452
f 462 1947 1355
f 36 1948 1454
f 1359 1357 1948
f 1357 1356 1948
f 1948 33 1454
f 464 1949 1357
f 1358 1361 452
f 463 1949 1358
f 39 1950 1452
f 1362 1360 1950
f 1360 1359 1950
f 1950 36 1452
f 465 1951 1360
f 1361 1364 452
f 464 1951 1361
f 42 1952 1450
f 1365 1363 1952
f 1363 1362 1952
f 1952 39 1450
f 466 1953 1363
f 1364 1367 452
f 465 1953 1364
f 45 1954 1448
f 1368 1366 1954
f 1366 1365 1954
f 1954 42 1448
f 467 1955 1366
f 1367 1370 452
f 466 1955 1367
f 48 1956 1446
f 1371 1369 1956
f 1369 1368 1956
f 1956 45 1446
f 468 1957 1369
f 1370 1373 452
f 467 1957 1370
f 51 1958 1444
f 1374 1372 1958
f 1372 1371 1958
f 1958 48 1444
f 469 1959 1372
f 1373 1376 452
f 468 1959 1373
f 54 1960 1442
f 1377 1375 1960
f 1375 1374 1960
f 1960 51 1442
f 470 1961 1375
f 1376 1379 452
f 469 1961 1376
f 57 1962 1440
f 1380 1378 1962
f 1378 1377 1962
f 1962 54 1440
f 471 1963 1378
f 1379 1382 452
f 470 1963 1379
f 60 1964 1438
f 1383 1381 1964
f 1381 1380 1964
f 1964 57 1438
f 472 1965 1381
f 1382 1385 452
f 471 1965 1382
f 63 1966 1436
f 1386 1384 1966
f 1384 1383 1966
f 1966 60 1436
f 473 1967 1384
f 1385 1388 452
f 472 1967 1385
f 66 1968 1434
f 1389 1387 1968
f 1387 1386 1968
f 1968 63 1434
f 474 1969 1387
f 1388 1391 452
f 473 1969 1388
f 69 1970 1432
f 1392 1390 1970
f 1390 1389 1970
f 1970 66 1432
f 475 1971 1390
f 1391 1394 452
f 474 1971 1391
f 72 1972 1430
f 1395 1393 1972
f 1393 1392 1972
f 1972 69 1430
f 476 1973 1393
f 1394 1397 452
f 475 1973 1394
f 75 1974 1428
f 1398 1396 1974
f 1396 1395 1974
f 1974 72 1428
f 477 1975 1396
f 1397 1400 452
f 476 1975 1397
f 78 1976 1426
f 1401 1399 1976
f 1399 1398 1976
f 1976 75 1426
f 478 1977 1399
f 1400 1403 452
f 477 1977 1400
f 81 1978 1424
f 1405 1402 1978
f 1402 1401 1978
f 1978 78 1424
f 479 1979 1402
f 1403 1404 452
f 478 1979 1403
f 480 1980 1406
f 1404 1409 452
f 479 1980 1404
f 84 1981 1422
f 1407 1406 1981
f 1406 1405 1981
f 1981 81 1422
f 87 1982 1420
f 1410 1408 1982
f 1408 1407 1982
f 1982 84 1420
f 481 1983 1408
f 1409 1412 452
f 480 1983 1409
f 90 1984 1418
f 1413 1411 1984
f 1411 1410 1984
f 1984 87 1418
f 482 1985 1411
f 1412 1415 452
f 481 1985 1412
f 449 1986 1414
f 1415 1416 452
f 482 1986 1415
f 93 1317 1923
f 1317 449 1414
f 1414 482 1413
f 1923 1413 90
f 450 1320 1924
f 1320 451 1323
f 1323 449 1317
f 1924 1317 93
f 3 1326 1925
f 1326 453 1325
f 1325 451 1320
f 1925 1320 450
f 451 1324 1926
f 1416 1926 1324
f 449 1323 1926
f 453 1328 1927
f 1324 1927 1328
f 451 1325 1927
f 6 1329 1928
f 1329 454 1327
f 1327 453 1326
f 1928 1326 3
f 454 1331 1929
f 1328 1929 1331
f 453 1327 1929
f 9 1332 1930
f 1332 455 1330
f 1330 454 1329
f 1930 1329 6
f 455 1334 1931
f 1331 1931 1334
f 454 1330 1931
f 12 1335 1932
f 1335 456 1333
f 1333 455 1332
f 1932 1332 9
f 456 1337 1933
f 1334 1933 1337
f 455 1333 1933
f 15 1338 1934
f 1338 457 1336
f 1336 456 1335
f 1934 1335 12
f 457 1340 1935
f 1337 1935 1340
f 456 1336 1935
f 18 1341 1936
f 1341 458 1339
f 1339 457 1338
f 1936 1338 15
f 458 1343 1937
f 1340 1937 1343
f 457 1339 1937
f 21 1344 1938
f 1344 459 1342
f 1342 458 1341
f 1938 1341 18
f 459 1346 1939
f 1343 1939 1346
f 458 1342 1939
f 24 1347 1940
f 1347 460 1345
f 1345 459 1344
f 1940 1344 21
f 460 1349 1941
f 1346 1941 1349
f 459 1345 1941
f 27 1350 1942
f 1350 461 1348
f 1348 460 1347
f 1942 1347 24
f 461 1352 1943
f 1349 1943 1352
f 460 1348 1943
f 30 1353 1944
f 1353 462 1351
f 1351 461 1350
f 1944 1350 27
f 462 1355 1945
f 1352 1945 1355
f 461 1351 1945
f 33 1356 1946
f 1356 463 1354
f 1354 462 1353
f 1946 1353 30
f 463 1358 1947
f 1355 1947 1358
f 462 1354 1947
f 36 1359 1948
f 1359 464 1357
f 1357 463 1356
f 1948 1356 33
f 464 1361 1949
f 1358 1949 1361
f 463 1357 1949
f 39 1362 1950
f 1362 465 1360
f 1360 464 1359
f 1950 1359 36
f 465 1364 1951
f 1361 1951 1364
f 464 1360 1951
f 42 1365 1952
f 1365 466 1363
f 1363 465 1362
f 1952 1362 39
f 466 1367 1953
f 1364 1953 1367
f 465 1363 1953
f 45 1368 1954
f 1368 467 1366
f 1366 466 1365
f 1954 1365 42
f 467 1370 1955
f 1367 1955 1370
f 466 1366 1955
f 48 1371 1956
f 1371 468 1369
f 1369 467 1368
f 1956 1368 45
f 468 1373 1957
f 1370 1957 1373
f 467 1369 1957
f 51 1374 1958
f 1374 469 1372
f 1372 468 1371
f 1958 1371 48
f 469 1376 1959
f 1373 1959 1376
f 468 1372 1959
f 54 1377 1960
f 1377 470 1375
f 1375 469 1374
f 1960 1374 51
f 470 1379 1961
f 1376 1961 1379
f 469 1375 1961
f 57 1380 1962
f 1380 471 1378
f 1378 470 1377
f 1962 1377 54
f 471 1382 1963
f 1379 1963 1382
f 470 1378 1963
f 60 1383 1964
f 1383 472 1381
f 1381 471 1380
f 1964 1380 57
f 472 1385 1965
f 1382 1965 1385
f 471 1381 1965
f 63 1386 1966
f 1386 473 1384
f 1384 472 1383
f 1966 1383 60
f 473 1388 1967
f 1385 1967 1388
f 472 1384 1967
f 66 1389 1968
f 1389 474 1387
f 1387 473 1386
f 1968 1386 63
f 474 1391 1969
f 1388 1969 1391
f 473 1387 1969
f 69 1392 1970
f 1392 475 1390
f 1390 474 1389
f 1970 1389 66
f 475 1394 1971
f 1391 1971 1394
f 474 1390 1971
f 72 1395 1972
f 1395 476 1393
f 1393 475 1392
f 1972 1392 69
f 476 1397 1973
f 1394 1973 1397
f 475 1393 1973
f 75 1398 1974
f 1398 477 1396
f 1396 476 1395
f 1974 1395 72
f 477 1400 1975
f 1397 1975 1400
f 476 1396 1975
f 78 1401 1976
f 1401 478 1399
f 1399 477 1398
f 1976 1398 75
f 478 1403 1977
f 1400 1977 1403
f 477 1399 1977
f 81 1405 1978
f 1405 479 1402
f 1402 478 1401
f 1978 1401 78
f 479 1404 1979
f 1403 1979 1404
f 478 1402 1979
f 480 1409 1980
f 1404 1980 1409
f 479 1406 1980
f 84 1407 1981
f 1407 480 1406
f 1406 479 1405
f 1981 1405 81
f 87 1410 1982
f 1410 481 1408
f 1408 480 1407
f 1982 1407 84
f 481 1412 1983
f 1409 1983 1412
f 480 1408 1983
f 90 1413 1984
f 1413 482 1411
f 1411 481 1410
f 1984 1410 87
f 482 1415 1985
f 1412 1985 1415
f 481 1411 1985
f 449 1416 1986
f 1415 1986 1416
f 482 1414 1986
