# Blender 4.4.3
# www.blender.org
mtllib 5_ball.mtl
o Solid.010
v -0.115663 0.061521 0.845245
v -0.112766 0.063289 0.847851
v -0.116616 0.056361 0.850898
v -0.113603 0.065755 0.839125
v -0.118355 0.059039 0.843030
v -0.118471 0.054651 0.849372
v -0.117029 0.062597 0.836306
v -0.120739 0.055940 0.841292
v -0.120113 0.052517 0.848175
v -0.120063 0.058652 0.834093
v -0.122723 0.052342 0.840097
v -0.121480 0.050038 0.847352
v -0.122589 0.054073 0.832572
v -0.124232 0.048384 0.839491
v -0.122519 0.047312 0.846935
v -0.124509 0.049035 0.831801
v -0.125207 0.044217 0.839498
v -0.123190 0.044442 0.846940
v -0.125750 0.043732 0.831810
v -0.125610 0.040003 0.840117
v -0.123468 0.041539 0.847366
v -0.126263 0.038368 0.832599
v -0.125427 0.035902 0.841325
v -0.123342 0.038714 0.848198
v -0.126030 0.033148 0.834136
v -0.124664 0.032072 0.843075
v -0.122816 0.036076 0.849404
v -0.125059 0.028274 0.836363
v -0.123350 0.028661 0.845300
v -0.121911 0.033727 0.850936
v -0.123387 0.023933 0.839195
v -0.121537 0.025800 0.847914
v -0.120662 0.031756 0.852737
v -0.121079 0.020291 0.842522
v -0.119293 0.023598 0.850818
v -0.119117 0.030239 0.854737
v -0.118223 0.017489 0.846217
v -0.116705 0.022141 0.853898
v -0.117334 0.029235 0.856858
v -0.114929 0.015634 0.850138
v -0.113873 0.021483 0.857037
v -0.115383 0.028782 0.859021
v -0.111325 0.014797 0.854134
v -0.110905 0.021651 0.860115
v -0.113339 0.028898 0.861141
v -0.107547 0.015011 0.858051
v -0.107915 0.022638 0.863013
v -0.111279 0.029578 0.863137
v -0.103742 0.016267 0.861739
v -0.105019 0.024407 0.865619
v -0.109284 0.030796 0.864932
v -0.100055 0.018518 0.865056
v -0.102327 0.026888 0.867834
v -0.107430 0.032505 0.866458
v -0.096629 0.021676 0.867876
v -0.099943 0.029987 0.869573
v -0.105788 0.034640 0.867655
v -0.093594 0.025621 0.870088
v -0.097958 0.033585 0.870768
v -0.104421 0.037118 0.868478
v -0.091069 0.030200 0.871609
v -0.096449 0.037543 0.871373
v -0.103382 0.039845 0.868896
v -0.089149 0.035238 0.872380
v -0.095475 0.041710 0.871366
v -0.102710 0.042715 0.868891
v -0.087908 0.040541 0.872371
v -0.095071 0.045925 0.870747
v -0.102432 0.045618 0.868464
v -0.087394 0.045905 0.871583
v -0.095255 0.050026 0.869539
v -0.102559 0.048443 0.867632
v -0.087628 0.051125 0.870045
v -0.096018 0.053855 0.867789
v -0.103084 0.051081 0.866427
v -0.088599 0.055999 0.867818
v -0.097331 0.057266 0.865564
v -0.103989 0.053430 0.864894
v -0.090271 0.060340 0.864986
v -0.099145 0.060128 0.862950
v -0.105238 0.055401 0.863093
v -0.092579 0.063982 0.861659
v -0.101388 0.062329 0.860047
v -0.106784 0.056918 0.861094
v -0.095435 0.066784 0.857964
v -0.103976 0.063787 0.856966
v -0.108566 0.057922 0.858972
v -0.098728 0.068639 0.854043
v -0.106808 0.064444 0.853827
v -0.110517 0.058374 0.856809
v -0.102333 0.069476 0.850047
v -0.109777 0.064276 0.850749
v -0.112562 0.058259 0.854689
v -0.106111 0.069262 0.846130
v -0.101705 0.073025 0.841010
v -0.109916 0.068006 0.842442
v -0.106180 0.071547 0.836673
v -0.101701 0.073778 0.830767
v -0.110515 0.068901 0.832773
v -0.106518 0.070838 0.826433
v -0.114544 0.065187 0.829458
v -0.110995 0.066711 0.822749
v -0.118112 0.060549 0.826856
v -0.114959 0.061558 0.819859
v -0.121082 0.055165 0.825068
v -0.118259 0.055575 0.817872
v -0.123339 0.049241 0.824161
v -0.120768 0.048992 0.816864
v -0.124798 0.043005 0.824172
v -0.122389 0.042064 0.816876
v -0.125402 0.036697 0.825099
v -0.123060 0.035055 0.817906
v -0.125128 0.030560 0.826906
v -0.122755 0.028235 0.819915
v -0.123986 0.024828 0.829526
v -0.121486 0.021867 0.822825
v -0.122020 0.019723 0.832855
v -0.119302 0.016194 0.826525
v -0.119306 0.015441 0.836768
v -0.116286 0.011436 0.830872
v -0.115948 0.012146 0.841113
v -0.112555 0.007775 0.835700
v -0.112075 0.009964 0.845723
v -0.108252 0.005351 0.840822
v -0.107836 0.008981 0.850421
v -0.103542 0.004258 0.846043
v -0.103394 0.009232 0.855028
v -0.098606 0.004537 0.851161
v -0.098920 0.010710 0.859364
v -0.093634 0.006179 0.855980
v -0.094585 0.013356 0.863265
v -0.088817 0.009119 0.860314
v -0.090556 0.017070 0.866580
v -0.084340 0.013246 0.863998
v -0.086988 0.021708 0.869182
v -0.080376 0.018400 0.866888
v -0.084018 0.027092 0.870970
v -0.077076 0.024383 0.868876
v -0.081760 0.033016 0.871876
v -0.074567 0.030965 0.869883
v -0.080301 0.039252 0.871866
v -0.072946 0.037894 0.869871
v -0.079697 0.045560 0.870939
v -0.072275 0.044902 0.868841
v -0.079972 0.051697 0.869131
v -0.072580 0.051722 0.866832
v -0.081114 0.057429 0.866512
v -0.073849 0.058090 0.863922
v -0.083079 0.062534 0.863182
v -0.076033 0.063763 0.860222
v -0.085793 0.066816 0.859270
v -0.079049 0.068521 0.855875
v -0.089151 0.070111 0.854925
v -0.082780 0.072182 0.851047
v -0.093024 0.072293 0.850315
v -0.087084 0.074606 0.845925
v -0.097263 0.073276 0.845616
v -0.091794 0.075699 0.840704
v -0.086134 0.076652 0.835499
v -0.096729 0.075420 0.835586
v -0.091374 0.076355 0.830066
v -0.085846 0.075794 0.824662
v -0.096652 0.074612 0.824950
v -0.091227 0.074017 0.819446
v -0.101766 0.071491 0.820349
v -0.096441 0.070835 0.814754
v -0.106518 0.067110 0.816439
v -0.101286 0.066368 0.810768
v -0.110727 0.061639 0.813370
v -0.105577 0.060790 0.807639
v -0.114230 0.055287 0.811260
v -0.109149 0.054314 0.805488
v -0.116893 0.048300 0.810191
v -0.111865 0.047189 0.804398
v -0.118614 0.040944 0.810203
v -0.113619 0.039690 0.804410
v -0.119326 0.033504 0.811297
v -0.114345 0.032104 0.805525
v -0.119003 0.026264 0.813429
v -0.114015 0.024722 0.807699
v -0.117656 0.019503 0.816519
v -0.112642 0.017829 0.810849
v -0.115337 0.013482 0.820446
v -0.110278 0.011689 0.814854
v -0.112135 0.008430 0.825061
v -0.107013 0.006539 0.819559
v -0.108174 0.004543 0.830187
v -0.102975 0.002576 0.824785
v -0.103606 0.001970 0.835625
v -0.098317 -0.000048 0.830330
v -0.098606 0.000810 0.841167
v -0.093219 -0.001231 0.835981
v -0.093366 0.001107 0.846600
v -0.087877 -0.000928 0.841520
v -0.088088 0.002849 0.851716
v -0.082495 0.000849 0.846736
v -0.082975 0.005971 0.856317
v -0.077281 0.004031 0.851428
v -0.078222 0.010351 0.860227
v -0.072436 0.008498 0.855414
v -0.074013 0.015823 0.863296
v -0.068145 0.014076 0.858543
v -0.070510 0.022174 0.865406
v -0.064573 0.020552 0.860694
v -0.067847 0.029162 0.866475
v -0.061857 0.027677 0.861784
v -0.066126 0.036517 0.866463
v -0.060103 0.035176 0.861772
v -0.065414 0.043958 0.865369
v -0.059377 0.042763 0.860657
v -0.065738 0.051198 0.863237
v -0.059707 0.050144 0.858483
v -0.067085 0.057958 0.860147
v -0.061080 0.057037 0.855333
v -0.069403 0.063980 0.856220
v -0.063444 0.063177 0.851328
v -0.072605 0.069031 0.851605
v -0.066709 0.068327 0.846623
v -0.076566 0.072918 0.846479
v -0.070747 0.072290 0.841397
v -0.081134 0.075491 0.841041
v -0.075405 0.074914 0.835852
v -0.070116 0.072896 0.830557
v -0.080503 0.076097 0.830202
v -0.075116 0.074056 0.825015
v -0.070181 0.070608 0.820139
v -0.080356 0.073760 0.819582
v -0.075116 0.070329 0.815021
v -0.085634 0.072017 0.814466
v -0.080088 0.068687 0.810202
v -0.090747 0.068895 0.809865
v -0.084905 0.065747 0.805868
v -0.095500 0.064515 0.805955
v -0.089382 0.061620 0.802184
v -0.099709 0.059044 0.802886
v -0.093346 0.056467 0.799294
v -0.103212 0.052692 0.800776
v -0.096646 0.050484 0.797307
v -0.105875 0.045704 0.799707
v -0.099155 0.043901 0.796300
v -0.107596 0.038349 0.799720
v -0.100776 0.036973 0.796311
v -0.108308 0.030908 0.800813
v -0.101447 0.029964 0.797341
v -0.107985 0.023669 0.802945
v -0.101142 0.023144 0.799350
v -0.106637 0.016908 0.806035
v -0.099873 0.016776 0.802260
v -0.104319 0.010886 0.809962
v -0.097689 0.011103 0.805960
v -0.101117 0.005835 0.814578
v -0.094673 0.006345 0.810307
v -0.097156 0.001948 0.819703
v -0.090942 0.002684 0.815135
v -0.092588 -0.000625 0.825141
v -0.086638 0.000260 0.820257
v -0.087588 -0.001786 0.830683
v -0.081928 -0.000833 0.825478
v -0.082348 -0.001489 0.836116
v -0.076993 -0.000554 0.830596
v -0.077070 0.000254 0.841232
v -0.072021 0.001088 0.835415
v -0.071956 0.003376 0.845833
v -0.067204 0.004029 0.839749
v -0.067204 0.007756 0.849744
v -0.062727 0.008155 0.843433
v -0.062995 0.013227 0.852812
v -0.058763 0.013309 0.846323
v -0.059492 0.019579 0.854922
v -0.055463 0.019292 0.848311
v -0.056829 0.026567 0.855991
v -0.052954 0.025874 0.849318
v -0.055108 0.033922 0.855979
v -0.051333 0.032803 0.849306
v -0.054396 0.041363 0.854885
v -0.050662 0.039811 0.848276
v -0.054719 0.048602 0.852753
v -0.050967 0.046631 0.846267
v -0.056066 0.055363 0.849663
v -0.052236 0.052999 0.843357
v -0.058385 0.061384 0.845736
v -0.054420 0.058672 0.839657
v -0.061587 0.066436 0.841121
v -0.057436 0.063430 0.835310
v -0.065548 0.070323 0.835996
v -0.061167 0.067091 0.830482
v -0.057774 0.062720 0.825069
v -0.065471 0.069515 0.825360
v -0.061647 0.064902 0.820459
v -0.058793 0.059233 0.816044
v -0.065886 0.065885 0.815761
v -0.062397 0.060069 0.812048
v -0.070328 0.065634 0.811155
v -0.066175 0.059855 0.808131
v -0.074803 0.064156 0.806818
v -0.069980 0.058599 0.804443
v -0.079138 0.061510 0.802917
v -0.073667 0.056348 0.801126
v -0.083166 0.057796 0.799602
v -0.077093 0.053190 0.798307
v -0.086734 0.053158 0.797000
v -0.080128 0.049245 0.796094
v -0.089704 0.047774 0.795212
v -0.082653 0.044666 0.794573
v -0.091962 0.041850 0.794306
v -0.084573 0.039628 0.793802
v -0.093421 0.035614 0.794316
v -0.085814 0.034325 0.793811
v -0.094025 0.029306 0.795243
v -0.086328 0.028961 0.794600
v -0.093750 0.023169 0.797051
v -0.086094 0.023742 0.796137
v -0.092608 0.017437 0.799670
v -0.085123 0.018867 0.798364
v -0.090643 0.012332 0.803000
v -0.083451 0.014526 0.801196
v -0.087929 0.008050 0.806912
v -0.081143 0.010884 0.804523
v -0.084571 0.004755 0.811257
v -0.078287 0.008082 0.808218
v -0.080698 0.002574 0.815867
v -0.074994 0.006227 0.812139
v -0.076459 0.001590 0.820566
v -0.071389 0.005390 0.816135
v -0.072017 0.001841 0.825172
v -0.067611 0.005604 0.820052
v -0.067542 0.003319 0.829509
v -0.063806 0.006861 0.823740
v -0.063207 0.005965 0.833410
v -0.060119 0.009111 0.827057
v -0.059178 0.009679 0.836724
v -0.056693 0.012269 0.829877
v -0.055610 0.014317 0.839326
v -0.053659 0.016214 0.832089
v -0.052640 0.019702 0.841114
v -0.051133 0.020793 0.833610
v -0.050383 0.025626 0.842021
v -0.049213 0.025831 0.834381
v -0.048924 0.031861 0.842010
v -0.047972 0.031134 0.834372
v -0.048320 0.038169 0.841083
v -0.047459 0.036498 0.833584
v -0.048594 0.044306 0.839276
v -0.047692 0.041718 0.832046
v -0.049736 0.050038 0.836657
v -0.048663 0.046592 0.829819
v -0.051702 0.055143 0.833327
v -0.050335 0.050933 0.826987
v -0.054416 0.059425 0.829414
v -0.052643 0.054575 0.823660
v -0.052185 0.049066 0.818268
v -0.055499 0.057377 0.819965
v -0.054429 0.051268 0.815365
v -0.054605 0.044627 0.811446
v -0.057017 0.052726 0.812284
v -0.056388 0.045631 0.809324
v -0.059849 0.053383 0.809145
v -0.058339 0.046084 0.807161
v -0.062817 0.053215 0.806067
v -0.060383 0.045968 0.805041
v -0.065807 0.052228 0.803169
v -0.062443 0.045288 0.803045
v -0.068703 0.050459 0.800563
v -0.064438 0.044070 0.801250
v -0.071396 0.047978 0.798348
v -0.066292 0.042361 0.799724
v -0.073780 0.044879 0.796609
v -0.067934 0.040226 0.798527
v -0.075764 0.041281 0.795415
v -0.069301 0.037748 0.797704
v -0.077273 0.037323 0.794809
v -0.070340 0.035021 0.797287
v -0.078247 0.033156 0.794816
v -0.071012 0.032151 0.797291
v -0.078651 0.028941 0.795435
v -0.071290 0.029248 0.797718
v -0.078467 0.024841 0.796643
v -0.071163 0.026423 0.798550
v -0.077704 0.021011 0.798393
v -0.070638 0.023786 0.799755
v -0.076391 0.017600 0.800618
v -0.069733 0.021436 0.801288
v -0.074577 0.014739 0.803232
v -0.068484 0.019465 0.803089
v -0.072334 0.012537 0.806135
v -0.066938 0.017949 0.805088
v -0.069746 0.011079 0.809216
v -0.065156 0.016945 0.807210
v -0.066914 0.010422 0.812355
v -0.063205 0.016492 0.809373
v -0.063946 0.010590 0.815433
v -0.061160 0.016608 0.811493
v -0.060956 0.011577 0.818331
v -0.059101 0.017288 0.813489
v -0.058059 0.013345 0.820937
v -0.057106 0.018506 0.815284
v -0.055367 0.015827 0.823152
v -0.055252 0.020215 0.816810
v -0.052983 0.018926 0.824891
v -0.053609 0.022349 0.818007
v -0.050999 0.022524 0.826086
v -0.052242 0.024828 0.818830
v -0.049490 0.026482 0.826691
v -0.051203 0.027554 0.819247
v -0.048515 0.030649 0.826684
v -0.050532 0.030424 0.819243
v -0.048112 0.034863 0.826065
v -0.050254 0.033327 0.818816
v -0.048295 0.038964 0.824857
v -0.050380 0.036152 0.817984
v -0.049058 0.042794 0.823107
v -0.050906 0.038790 0.816779
v -0.050372 0.046205 0.820882
v -0.051811 0.041139 0.815246
v -0.054447 0.036123 0.810447
v -0.053060 0.043110 0.813445
v -0.055107 0.037165 0.809495
v -0.055925 0.037967 0.808438
v -0.058509 0.030755 0.806114
v -0.061503 0.023330 0.806199
v -0.061123 0.037672 0.803047
v -0.060068 0.038316 0.803996
v -0.058980 0.038676 0.805052
v -0.057899 0.038737 0.806173
v -0.056867 0.038498 0.807316
v -0.053969 0.034881 0.811258
v -0.053691 0.033486 0.811895
v -0.053624 0.031992 0.812335
v -0.053771 0.030457 0.812560
v -0.054126 0.028940 0.812563
v -0.054675 0.027498 0.812342
v -0.055398 0.026188 0.811907
v -0.056266 0.025059 0.811274
v -0.057247 0.024156 0.810467
v -0.058302 0.023512 0.809518
v -0.059391 0.023152 0.808463
v -0.060472 0.023091 0.807342
v -0.062446 0.023861 0.805077
v -0.063263 0.024663 0.804019
v -0.063923 0.025705 0.803067
v -0.064402 0.026947 0.802257
v -0.064679 0.028342 0.801620
v -0.064746 0.029836 0.801180
v -0.064599 0.031371 0.800954
v -0.064244 0.032888 0.800951
v -0.063695 0.034330 0.801172
v -0.062972 0.035640 0.801607
v -0.062104 0.036769 0.802240
v -0.114332 0.051714 0.857719
v -0.114621 0.057579 0.852693
v -0.115420 0.051355 0.856664
v -0.115213 0.044111 0.860068
v -0.116475 0.050711 0.855715
v -0.117456 0.049807 0.854908
v -0.118324 0.048678 0.854275
v -0.119047 0.047368 0.853840
v -0.119596 0.045926 0.853619
v -0.119951 0.044409 0.853622
v -0.120098 0.042874 0.853847
v -0.120031 0.041380 0.854287
v -0.119753 0.039985 0.854924
v -0.119275 0.038743 0.855735
v -0.118615 0.037701 0.856687
v -0.117797 0.036899 0.857744
v -0.116855 0.036368 0.858866
v -0.115823 0.036129 0.860010
v -0.114742 0.036190 0.861130
v -0.113654 0.036550 0.862186
v -0.112599 0.037194 0.863135
v -0.111618 0.038097 0.863942
v -0.110750 0.039226 0.864575
v -0.110027 0.040536 0.865010
v -0.109478 0.041978 0.865231
v -0.109123 0.043495 0.865228
v -0.108976 0.045030 0.865003
v -0.109043 0.046524 0.864563
v -0.109321 0.047919 0.863925
v -0.109799 0.049161 0.863115
v -0.110459 0.050203 0.862163
v -0.111277 0.051005 0.861106
v -0.112219 0.051536 0.859984
v -0.113251 0.051775 0.858840
v -0.114233 0.062499 0.846505
v -0.116281 0.059045 0.848144
v -0.114767 0.063765 0.842229
v -0.117041 0.060364 0.844083
v -0.118565 0.056939 0.846264
v -0.117841 0.060931 0.839700
v -0.119591 0.057560 0.842097
v -0.120588 0.054310 0.844790
v -0.120563 0.057392 0.837715
v -0.121786 0.054195 0.840623
v -0.122272 0.051257 0.843776
v -0.122829 0.053284 0.836350
v -0.123541 0.050399 0.839718
v -0.123552 0.047898 0.843262
v -0.124552 0.048764 0.835659
v -0.124789 0.046317 0.839417
v -0.124379 0.044363 0.843268
v -0.125665 0.044006 0.835667
v -0.125481 0.042106 0.839732
v -0.124721 0.040787 0.843793
v -0.126126 0.039194 0.836374
v -0.125592 0.037928 0.840650
v -0.124566 0.037307 0.844818
v -0.125916 0.034511 0.837753
v -0.125116 0.033944 0.842136
v -0.123918 0.034058 0.846303
v -0.125045 0.030138 0.839751
v -0.124073 0.030306 0.844133
v -0.122804 0.031164 0.848191
v -0.123545 0.026243 0.842292
v -0.122502 0.027154 0.846565
v -0.121265 0.028736 0.850409
v -0.121474 0.022976 0.845277
v -0.120464 0.024611 0.849337
v -0.119361 0.026868 0.852872
v -0.118912 0.020462 0.848592
v -0.118036 0.022772 0.852343
v -0.117166 0.025631 0.855486
v -0.115957 0.018797 0.852109
v -0.115313 0.021710 0.855468
v -0.114762 0.025073 0.858150
v -0.112723 0.018047 0.855694
v -0.112399 0.021464 0.858591
v -0.112244 0.025216 0.860761
v -0.109334 0.018239 0.859209
v -0.109406 0.022044 0.861594
v -0.109707 0.026054 0.863220
v -0.105920 0.019366 0.862518
v -0.106448 0.023429 0.864359
v -0.107250 0.027554 0.865431
v -0.102613 0.021385 0.865494
v -0.103640 0.025564 0.866781
v -0.104965 0.029659 0.867311
v -0.099539 0.024219 0.868023
v -0.101090 0.028367 0.868768
v -0.102943 0.032289 0.868786
v -0.096816 0.027757 0.870008
v -0.098895 0.031732 0.870241
v -0.101259 0.035342 0.869800
v -0.094550 0.031866 0.871372
v -0.097140 0.035528 0.871146
v -0.099979 0.038700 0.870313
v -0.092828 0.036385 0.872064
v -0.095893 0.039610 0.871447
v -0.099152 0.042235 0.870308
v -0.091715 0.041143 0.872056
v -0.095200 0.043821 0.871132
v -0.098809 0.045812 0.869782
v -0.091254 0.045956 0.871349
v -0.095090 0.047999 0.870214
v -0.098965 0.049291 0.868757
v -0.091463 0.050639 0.869970
v -0.095565 0.051984 0.868728
v -0.099612 0.052541 0.867272
v -0.092335 0.055011 0.867971
v -0.096608 0.055622 0.866731
v -0.100727 0.055435 0.865385
v -0.093835 0.058906 0.865431
v -0.098179 0.058773 0.864300
v -0.102266 0.057863 0.863166
v -0.095905 0.062174 0.862446
v -0.100218 0.061317 0.861528
v -0.104169 0.059731 0.860703
v -0.098467 0.064688 0.859131
v -0.102645 0.063155 0.858521
v -0.106365 0.060967 0.858089
v -0.101422 0.066352 0.855613
v -0.105368 0.064218 0.855396
v -0.108768 0.061525 0.855426
v -0.104656 0.067103 0.852028
v -0.108283 0.064464 0.852273
v -0.111287 0.061383 0.852814
v -0.108046 0.066911 0.848514
v -0.111276 0.063883 0.849271
v -0.103990 0.071306 0.843621
v -0.108019 0.068762 0.844248
v -0.104209 0.069501 0.848069
v -0.111460 0.065784 0.845205
v -0.108150 0.069933 0.839589
v -0.111783 0.067000 0.840729
v -0.104023 0.072833 0.833723
v -0.108375 0.070365 0.834659
v -0.103949 0.072437 0.838797
v -0.112181 0.067473 0.835962
v -0.108621 0.070026 0.829586
v -0.112578 0.067169 0.831033
v -0.115926 0.064020 0.832881
v -0.112894 0.066087 0.826070
v -0.116394 0.062973 0.828061
v -0.119243 0.059708 0.830462
v -0.116679 0.061168 0.823310
v -0.119679 0.057938 0.825855
v -0.122004 0.054702 0.828799
v -0.119829 0.055456 0.821413
v -0.122306 0.052256 0.824501
v -0.124103 0.049195 0.827957
v -0.122224 0.049173 0.820452
v -0.124173 0.046147 0.824051
v -0.125460 0.043397 0.827966
v -0.123771 0.042559 0.820463
v -0.125209 0.039845 0.824522
v -0.126021 0.037533 0.828828
v -0.124412 0.035868 0.821446
v -0.125375 0.033592 0.825896
v -0.125766 0.031827 0.830509
v -0.124121 0.029359 0.823364
v -0.124663 0.027629 0.828120
v -0.124704 0.026499 0.832944
v -0.122909 0.023279 0.826142
v -0.123102 0.022185 0.831109
v -0.122877 0.021753 0.836039
v -0.120824 0.017865 0.829674
v -0.120750 0.017468 0.834748
v -0.120353 0.017771 0.839677
v -0.117945 0.013323 0.833823
v -0.117700 0.013661 0.838896
v -0.117232 0.014708 0.843716
v -0.114384 0.009827 0.838432
v -0.114067 0.010910 0.843396
v -0.113631 0.012680 0.848002
v -0.110276 0.007514 0.843322
v -0.109991 0.009320 0.848072
v -0.109690 0.011765 0.852370
v -0.105780 0.006470 0.848305
v -0.105630 0.008952 0.852747
v -0.105560 0.011999 0.856653
v -0.101068 0.006737 0.853191
v -0.101150 0.009820 0.857240
v -0.101401 0.013373 0.860685
v -0.096322 0.008304 0.857791
v -0.096724 0.011892 0.861379
v -0.097370 0.015833 0.864311
v -0.091724 0.011111 0.861928
v -0.092522 0.015088 0.865004
v -0.093625 0.019286 0.867393
v -0.087451 0.015050 0.865445
v -0.088705 0.019284 0.867977
v -0.090308 0.023598 0.869812
v -0.083666 0.019970 0.868204
v -0.085420 0.024319 0.870183
v -0.087546 0.028604 0.871474
v -0.080516 0.025681 0.870101
v -0.082794 0.030001 0.871536
v -0.085447 0.034111 0.872317
v -0.078121 0.031964 0.871062
v -0.080926 0.036110 0.871987
v -0.084091 0.039908 0.872307
v -0.076574 0.038578 0.871051
v -0.079890 0.042412 0.871516
v -0.083530 0.045773 0.871445
v -0.075934 0.045269 0.870068
v -0.079725 0.048665 0.870142
v -0.083785 0.051479 0.869765
v -0.076225 0.051779 0.868151
v -0.080436 0.054628 0.867917
v -0.084847 0.056807 0.867330
v -0.077436 0.057858 0.865373
v -0.081998 0.060072 0.864929
v -0.086674 0.061553 0.864234
v -0.079521 0.063272 0.861841
v -0.084349 0.064789 0.861290
v -0.089197 0.065534 0.860597
v -0.082400 0.067815 0.857691
v -0.087400 0.068596 0.857141
v -0.092319 0.068598 0.856557
v -0.085962 0.071310 0.853082
v -0.091032 0.071347 0.852642
v -0.095920 0.070626 0.852271
v -0.090069 0.073624 0.848192
v -0.095108 0.072938 0.847965
v -0.099861 0.071540 0.847903
v -0.094565 0.074667 0.843209
v -0.099469 0.073305 0.843291
v -0.088974 0.076363 0.838126
v -0.094245 0.075732 0.838120
v -0.089399 0.075323 0.843314
v -0.099277 0.074400 0.838323
v -0.094087 0.076073 0.832825
v -0.099223 0.074766 0.833127
v -0.088618 0.076261 0.827336
v -0.094021 0.075661 0.827456
v -0.088737 0.076686 0.832756
v -0.099236 0.074373 0.827833
v -0.093974 0.074493 0.822145
v -0.099242 0.073217 0.822574
v -0.099162 0.071326 0.817477
v -0.104225 0.071327 0.823344
v -0.104199 0.069448 0.818297
v -0.108862 0.067053 0.819529
v -0.103985 0.066881 0.813509
v -0.108701 0.064498 0.814791
v -0.112969 0.061715 0.816535
v -0.108255 0.061329 0.810395
v -0.112576 0.058559 0.812189
v -0.116387 0.055518 0.814476
v -0.111810 0.054885 0.808255
v -0.115674 0.051857 0.810592
v -0.118985 0.048700 0.813433
v -0.114512 0.047794 0.807170
v -0.117876 0.044650 0.810061
v -0.120664 0.041524 0.813445
v -0.116258 0.040331 0.807182
v -0.119099 0.037217 0.810617
v -0.121359 0.034264 0.814512
v -0.116981 0.032781 0.808292
v -0.119294 0.029841 0.812238
v -0.121043 0.027200 0.816593
v -0.116652 0.025435 0.810455
v -0.118455 0.022807 0.814861
v -0.119729 0.020604 0.819607
v -0.115286 0.018575 0.813590
v -0.116613 0.016385 0.818386
v -0.117466 0.014729 0.823439
v -0.112933 0.012465 0.817576
v -0.113839 0.010822 0.822679
v -0.114343 0.009800 0.827942
v -0.109684 0.007340 0.822258
v -0.110241 0.006331 0.827572
v -0.110478 0.006008 0.832942
v -0.105665 0.003396 0.827459
v -0.105956 0.003085 0.832879
v -0.106021 0.003497 0.838248
v -0.101030 0.000785 0.832977
v -0.101148 0.001209 0.838396
v -0.101142 0.002365 0.843656
v -0.095956 -0.000393 0.838600
v -0.096003 0.000776 0.843910
v -0.096030 0.002655 0.848957
v -0.090640 -0.000091 0.844113
v -0.090719 0.001800 0.849210
v -0.090880 0.004355 0.853948
v -0.085284 0.001677 0.849304
v -0.085498 0.004244 0.854092
v -0.085891 0.007401 0.858438
v -0.080095 0.004844 0.853973
v -0.080541 0.008013 0.858369
v -0.081254 0.011675 0.862253
v -0.075273 0.009289 0.857941
v -0.076039 0.012963 0.861875
v -0.077148 0.017013 0.865247
v -0.071003 0.014841 0.861054
v -0.072165 0.018903 0.864477
v -0.073730 0.023210 0.867305
v -0.067448 0.021285 0.863195
v -0.069066 0.025605 0.866074
v -0.071131 0.030028 0.868348
v -0.064746 0.028376 0.864280
v -0.066864 0.032811 0.866605
v -0.069452 0.037204 0.868336
v -0.063000 0.035839 0.864267
v -0.065641 0.040245 0.866049
v -0.068757 0.044464 0.867270
v -0.062277 0.043389 0.863158
v -0.065446 0.047620 0.864429
v -0.069073 0.051528 0.865189
v -0.062605 0.050735 0.860994
v -0.066286 0.054654 0.861805
v -0.070388 0.058124 0.862175
v -0.063972 0.057595 0.857859
v -0.068127 0.061076 0.858280
v -0.072650 0.063999 0.858343
v -0.066325 0.063705 0.853874
v -0.070901 0.066640 0.853987
v -0.075774 0.068928 0.853840
v -0.069574 0.068830 0.849191
v -0.074499 0.071131 0.849094
v -0.079638 0.072720 0.848839
v -0.073593 0.072774 0.843991
v -0.078785 0.074376 0.843787
v -0.084096 0.075231 0.843533
v -0.078228 0.075385 0.838473
v -0.083592 0.076252 0.838270
v -0.072692 0.074081 0.833205
v -0.077911 0.075689 0.833027
v -0.073009 0.073777 0.838652
v -0.083302 0.076563 0.832849
v -0.077766 0.075259 0.827582
v -0.083156 0.076132 0.827404
v -0.072580 0.072501 0.822526
v -0.077719 0.074091 0.822272
v -0.072574 0.073657 0.827786
v -0.083083 0.074957 0.822069
v -0.077692 0.072211 0.817225
v -0.083003 0.073066 0.816972
v -0.088438 0.073189 0.816878
v -0.082842 0.070511 0.812234
v -0.088224 0.070622 0.812090
v -0.093627 0.070022 0.812209
v -0.087831 0.067465 0.807744
v -0.093181 0.066853 0.807813
v -0.098449 0.065577 0.808242
v -0.092468 0.063191 0.803929
v -0.097683 0.061903 0.804307
v -0.102719 0.060025 0.805128
v -0.096574 0.057853 0.800935
v -0.101557 0.055963 0.801705
v -0.106274 0.053581 0.802987
v -0.099992 0.051656 0.798877
v -0.104656 0.049261 0.800108
v -0.108976 0.046490 0.801902
v -0.102591 0.044838 0.797834
v -0.106858 0.042055 0.799577
v -0.110722 0.039027 0.801915
v -0.104270 0.037662 0.797846
v -0.108081 0.034621 0.800133
v -0.111445 0.031477 0.803024
v -0.104965 0.030402 0.798913
v -0.108276 0.027246 0.801754
v -0.111117 0.024131 0.805188
v -0.104649 0.023339 0.800993
v -0.107436 0.020212 0.804377
v -0.109750 0.017272 0.808323
v -0.103334 0.016742 0.804007
v -0.105595 0.013790 0.807903
v -0.107397 0.011161 0.812308
v -0.101072 0.010867 0.807840
v -0.102821 0.008226 0.812195
v -0.104148 0.006036 0.816991
v -0.097948 0.005939 0.812342
v -0.099223 0.003736 0.817088
v -0.100129 0.002092 0.822191
v -0.094084 0.002146 0.817343
v -0.094937 0.000490 0.822396
v -0.095494 -0.000519 0.827709
v -0.089626 -0.000364 0.822649
v -0.090130 -0.001386 0.827912
v -0.090420 -0.001696 0.833333
v -0.084748 -0.001497 0.828056
v -0.084985 -0.001820 0.833427
v -0.085104 -0.001395 0.838846
v -0.079636 -0.001207 0.833358
v -0.079701 -0.000795 0.838727
v -0.079748 0.000373 0.844037
v -0.074486 0.000493 0.838349
v -0.074480 0.001649 0.843608
v -0.074560 0.003540 0.848706
v -0.069497 0.003539 0.842838
v -0.069523 0.005418 0.847885
v -0.069738 0.007985 0.852673
v -0.064860 0.007813 0.846653
v -0.065021 0.010368 0.851391
v -0.065467 0.013537 0.855787
v -0.060753 0.013151 0.849648
v -0.061146 0.016308 0.853993
v -0.061912 0.019981 0.857928
v -0.057335 0.019348 0.851706
v -0.058048 0.023009 0.855590
v -0.059210 0.027072 0.859012
v -0.054737 0.026166 0.852749
v -0.055846 0.030216 0.856121
v -0.057464 0.034535 0.859000
v -0.053058 0.033343 0.852737
v -0.054623 0.037650 0.855565
v -0.056741 0.042085 0.857890
v -0.052363 0.040602 0.851670
v -0.054428 0.045025 0.853945
v -0.057070 0.049431 0.855727
v -0.052679 0.047666 0.849590
v -0.055267 0.052059 0.851321
v -0.058437 0.056291 0.852592
v -0.053993 0.054262 0.846575
v -0.057109 0.058481 0.847796
v -0.060789 0.062401 0.848607
v -0.056256 0.060137 0.842743
v -0.059883 0.064044 0.843504
v -0.064038 0.067526 0.843924
v -0.059379 0.065066 0.838240
v -0.063481 0.068535 0.838610
v -0.068057 0.071470 0.838723
v -0.063244 0.068858 0.833240
v -0.067766 0.071781 0.833303
v -0.059338 0.065039 0.827750
v -0.063257 0.068465 0.827946
v -0.059221 0.065408 0.832945
v -0.067701 0.071369 0.827934
v -0.063446 0.067352 0.822860
v -0.067786 0.070232 0.822749
v -0.060091 0.062186 0.818180
v -0.063731 0.065547 0.818110
v -0.059655 0.063956 0.822787
v -0.067942 0.068396 0.817877
v -0.064032 0.063101 0.813812
v -0.068092 0.065914 0.813435
v -0.072654 0.068129 0.812991
v -0.068162 0.062867 0.809530
v -0.072572 0.065046 0.808942
v -0.077400 0.066562 0.808391
v -0.072322 0.061493 0.805498
v -0.076998 0.062974 0.804803
v -0.081998 0.063755 0.804254
v -0.076352 0.059033 0.801871
v -0.081200 0.059779 0.801178
v -0.086271 0.059816 0.800738
v -0.080097 0.055581 0.798789
v -0.085017 0.055582 0.798205
v -0.090056 0.054896 0.797978
v -0.083414 0.051268 0.796371
v -0.088302 0.050547 0.796000
v -0.093206 0.049185 0.796081
v -0.086176 0.046262 0.794708
v -0.090928 0.044865 0.794646
v -0.095601 0.042902 0.795120
v -0.088275 0.040755 0.793865
v -0.092796 0.038756 0.794196
v -0.097148 0.036288 0.795131
v -0.089631 0.034958 0.793875
v -0.093832 0.032454 0.794667
v -0.097788 0.029597 0.796114
v -0.090192 0.029094 0.794737
v -0.093997 0.026201 0.796041
v -0.097497 0.023087 0.798032
v -0.089937 0.023388 0.796417
v -0.093286 0.020238 0.798265
v -0.096286 0.017008 0.800810
v -0.088875 0.018059 0.798852
v -0.091724 0.014794 0.801253
v -0.094201 0.011594 0.804341
v -0.087048 0.013313 0.801948
v -0.089373 0.010077 0.804892
v -0.091322 0.007051 0.808491
v -0.084525 0.009332 0.805585
v -0.086322 0.006270 0.809041
v -0.087761 0.003556 0.813100
v -0.081403 0.006268 0.809625
v -0.082690 0.003519 0.813540
v -0.083653 0.001243 0.817990
v -0.077802 0.004240 0.813911
v -0.078614 0.001929 0.818217
v -0.079157 0.000199 0.822973
v -0.073861 0.003326 0.818279
v -0.074253 0.001561 0.822892
v -0.074445 0.000466 0.827859
v -0.069732 0.003560 0.822561
v -0.069773 0.002429 0.827385
v -0.069699 0.002033 0.832459
v -0.065572 0.004933 0.826593
v -0.065347 0.004501 0.831523
v -0.065101 0.004840 0.836596
v -0.061541 0.007394 0.830220
v -0.061145 0.007697 0.835149
v -0.060828 0.008779 0.840112
v -0.057796 0.010846 0.833302
v -0.057328 0.011893 0.838121
v -0.057043 0.013699 0.842872
v -0.054479 0.015158 0.835720
v -0.054043 0.016928 0.840327
v -0.053893 0.019410 0.844769
v -0.051718 0.020164 0.837383
v -0.051416 0.022610 0.841681
v -0.051498 0.025693 0.845730
v -0.049619 0.025672 0.838225
v -0.049549 0.028719 0.842131
v -0.049951 0.032307 0.845719
v -0.048262 0.031469 0.838216
v -0.048513 0.035021 0.841660
v -0.049310 0.038998 0.844736
v -0.047701 0.037333 0.837354
v -0.048347 0.041274 0.840286
v -0.049601 0.045508 0.842818
v -0.047956 0.043039 0.835673
v -0.049059 0.047237 0.838062
v -0.050813 0.051587 0.840040
v -0.049018 0.048367 0.833238
v -0.050620 0.052681 0.835073
v -0.052898 0.057001 0.836509
v -0.050845 0.053113 0.830143
v -0.052972 0.057398 0.831434
v -0.055777 0.061544 0.832359
v -0.053369 0.057095 0.826505
v -0.056022 0.061205 0.827286
v -0.052248 0.051890 0.820905
v -0.054009 0.056089 0.821850
v -0.051415 0.052851 0.825378
v -0.056490 0.060158 0.822466
v -0.054810 0.054404 0.817590
v -0.057099 0.058429 0.818023
v -0.054361 0.047998 0.813310
v -0.055686 0.052094 0.813839
v -0.053258 0.050255 0.816846
v -0.057765 0.056069 0.814073
v -0.056556 0.049235 0.810696
v -0.058409 0.053157 0.810714
v -0.060999 0.056819 0.810488
v -0.058960 0.049793 0.808032
v -0.061323 0.053402 0.807591
v -0.064388 0.056627 0.806973
v -0.061478 0.049650 0.805421
v -0.064317 0.052822 0.804588
v -0.067802 0.055500 0.803665
v -0.064015 0.048813 0.802962
v -0.067274 0.051438 0.801823
v -0.071109 0.053481 0.800688
v -0.066473 0.047312 0.800751
v -0.070082 0.049302 0.799401
v -0.074183 0.050648 0.798159
v -0.068757 0.045207 0.798871
v -0.072632 0.046499 0.797414
v -0.076906 0.047109 0.796174
v -0.070780 0.042577 0.797396
v -0.074827 0.043134 0.795941
v -0.079172 0.043000 0.794810
v -0.072463 0.039524 0.796383
v -0.076582 0.039338 0.795036
v -0.080894 0.038481 0.794118
v -0.073743 0.036166 0.795869
v -0.077829 0.035256 0.794735
v -0.082007 0.033723 0.794126
v -0.074570 0.032631 0.795875
v -0.078522 0.031045 0.795050
v -0.082468 0.028910 0.794833
v -0.074913 0.029055 0.796400
v -0.078633 0.026867 0.795968
v -0.082259 0.024228 0.796213
v -0.074757 0.025575 0.797425
v -0.078157 0.022882 0.797454
v -0.081387 0.019855 0.798211
v -0.074110 0.022326 0.798910
v -0.077114 0.019245 0.799451
v -0.079888 0.015960 0.800751
v -0.072995 0.019431 0.800798
v -0.075543 0.016093 0.801883
v -0.077817 0.012692 0.803737
v -0.071456 0.017004 0.803016
v -0.073504 0.013549 0.804655
v -0.075255 0.010178 0.807052
v -0.069553 0.015135 0.805479
v -0.071077 0.011711 0.807661
v -0.072300 0.008514 0.810569
v -0.067357 0.013899 0.808093
v -0.068354 0.010648 0.810786
v -0.069066 0.007763 0.814154
v -0.064954 0.013341 0.810757
v -0.065439 0.010403 0.813909
v -0.065676 0.007955 0.817668
v -0.062435 0.013484 0.813368
v -0.062446 0.010983 0.816912
v -0.062263 0.009082 0.820977
v -0.059899 0.014321 0.815827
v -0.059489 0.012367 0.819677
v -0.058955 0.011102 0.823953
v -0.057441 0.015822 0.818038
v -0.056681 0.014502 0.822099
v -0.055881 0.013935 0.826483
v -0.055157 0.017927 0.819918
v -0.054131 0.017306 0.824086
v -0.053159 0.017474 0.828468
v -0.053134 0.020557 0.821393
v -0.051936 0.020671 0.825559
v -0.050893 0.021582 0.829832
v -0.051450 0.023609 0.822407
v -0.050181 0.024467 0.826464
v -0.049170 0.026102 0.830524
v -0.050170 0.026968 0.822920
v -0.048933 0.028549 0.826765
v -0.048057 0.030860 0.830516
v -0.049343 0.030503 0.822914
v -0.048241 0.032760 0.826450
v -0.047596 0.035672 0.829808
v -0.049001 0.034079 0.822389
v -0.048130 0.036938 0.825532
v -0.047806 0.040355 0.828429
v -0.049156 0.037559 0.821364
v -0.048606 0.040923 0.824046
v -0.048677 0.044728 0.826431
v -0.049804 0.040808 0.819879
v -0.049649 0.044560 0.822049
v -0.050177 0.048623 0.823890
v -0.050918 0.043702 0.817991
v -0.051220 0.047712 0.819618
v -0.053022 0.038565 0.812692
v -0.052395 0.042177 0.814375
v -0.051313 0.040007 0.816050
v -0.052457 0.046130 0.815773
v -0.053973 0.040064 0.811321
v -0.053799 0.043930 0.812466
v -0.055470 0.037660 0.809002
v -0.054721 0.036725 0.810021
v -0.056388 0.034520 0.808010
v -0.060170 0.026338 0.806060
v -0.059946 0.034820 0.804196
v -0.059322 0.035201 0.804757
v -0.058678 0.035414 0.805382
v -0.058039 0.035450 0.806045
v -0.057428 0.035308 0.806721
v -0.056871 0.034994 0.807384
v -0.055997 0.033904 0.808573
v -0.055714 0.033169 0.809052
v -0.055550 0.032344 0.809429
v -0.055510 0.031461 0.809689
v -0.055597 0.030553 0.809822
v -0.055807 0.029656 0.809824
v -0.056132 0.028803 0.809693
v -0.056560 0.028028 0.809436
v -0.057073 0.027361 0.809062
v -0.057653 0.026826 0.808585
v -0.058277 0.026445 0.808023
v -0.058921 0.026233 0.807399
v -0.059560 0.026196 0.806736
v -0.060728 0.026652 0.805396
v -0.061211 0.027126 0.804771
v -0.061602 0.027742 0.804208
v -0.061885 0.028477 0.803729
v -0.062049 0.029302 0.803352
v -0.062088 0.030185 0.803092
v -0.062001 0.031093 0.802958
v -0.061792 0.031991 0.802957
v -0.061467 0.032843 0.803087
v -0.061039 0.033618 0.803344
v -0.060526 0.034286 0.803719
v -0.064041 0.039494 0.800881
v -0.062590 0.036279 0.801861
v -0.061653 0.037310 0.802591
v -0.065291 0.037870 0.799970
v -0.063396 0.035043 0.801319
v -0.066331 0.035984 0.799343
v -0.064041 0.033648 0.800987
v -0.067122 0.033909 0.799026
v -0.064500 0.032148 0.800876
v -0.067633 0.031726 0.799030
v -0.064754 0.030600 0.800992
v -0.067844 0.029517 0.799354
v -0.064795 0.029065 0.801330
v -0.067748 0.027367 0.799987
v -0.064620 0.027600 0.801876
v -0.067348 0.025360 0.800905
v -0.064237 0.026263 0.802610
v -0.066659 0.023572 0.802071
v -0.063660 0.025105 0.803503
v -0.065709 0.022072 0.803441
v -0.062910 0.024170 0.804522
v -0.064533 0.020918 0.804963
v -0.062018 0.023495 0.805627
v -0.061692 0.019810 0.808223
v -0.059946 0.023014 0.807923
v -0.061018 0.023104 0.806775
v -0.060137 0.019898 0.809836
v -0.058846 0.023227 0.809026
v -0.058570 0.020415 0.811355
v -0.057760 0.023736 0.810043
v -0.057051 0.021342 0.812721
v -0.056728 0.024521 0.810933
v -0.055640 0.022643 0.813882
v -0.055790 0.025551 0.811663
v -0.054391 0.024267 0.814793
v -0.054984 0.026787 0.812205
v -0.053351 0.026153 0.815419
v -0.054339 0.028183 0.812537
v -0.052560 0.028228 0.815736
v -0.053880 0.029683 0.812648
v -0.052049 0.030411 0.815733
v -0.053626 0.031230 0.812532
v -0.051838 0.032620 0.815408
v -0.053585 0.032766 0.812195
v -0.051934 0.034770 0.814775
v -0.053760 0.034230 0.811648
v -0.052334 0.036777 0.813858
v -0.054143 0.035567 0.810914
v -0.056505 0.041982 0.808185
v -0.057363 0.038726 0.806749
v -0.056362 0.038336 0.807897
v -0.057989 0.042327 0.806540
v -0.058434 0.038817 0.805601
v -0.059545 0.042239 0.804927
v -0.059534 0.038603 0.804498
v -0.061112 0.041721 0.803408
v -0.060621 0.038095 0.803481
v -0.062630 0.040795 0.802042
v -0.063177 0.020154 0.806577
v -0.055149 0.041219 0.809800
v -0.050594 0.037501 0.817425
v -0.050267 0.034756 0.818449
v -0.050343 0.031879 0.819081
v -0.050820 0.028978 0.819298
v -0.051679 0.026166 0.819091
v -0.052888 0.023551 0.818468
v -0.054400 0.021234 0.817453
v -0.056156 0.019302 0.816085
v -0.058091 0.017832 0.814416
v -0.060128 0.016878 0.812511
v -0.062189 0.016478 0.810443
v -0.064197 0.016648 0.808292
v -0.066073 0.017380 0.806139
v -0.067745 0.018646 0.804068
v -0.069149 0.020398 0.802159
v -0.070231 0.022569 0.800484
v -0.070949 0.025075 0.799109
v -0.071277 0.027819 0.798085
v -0.071201 0.030697 0.797453
v -0.070724 0.033597 0.797236
v -0.069864 0.036409 0.797443
v -0.068656 0.039024 0.798066
v -0.067144 0.041342 0.799081
v -0.065387 0.043273 0.800449
v -0.063453 0.044744 0.802118
v -0.061416 0.045697 0.804023
v -0.059354 0.046097 0.806091
v -0.057347 0.045928 0.808242
v -0.055471 0.045196 0.810395
v -0.049415 0.048840 0.828472
v -0.048087 0.044210 0.831014
v -0.047482 0.039139 0.832905
v -0.047623 0.033821 0.834074
v -0.048504 0.028462 0.834474
v -0.050092 0.023266 0.834092
v -0.052326 0.018435 0.832940
v -0.055119 0.014152 0.831065
v -0.058365 0.010584 0.828537
v -0.061939 0.007866 0.825453
v -0.065703 0.006104 0.821934
v -0.069513 0.005365 0.818113
v -0.073222 0.005678 0.814137
v -0.076688 0.007031 0.810160
v -0.079777 0.009371 0.806333
v -0.082372 0.012608 0.802805
v -0.084371 0.016619 0.799711
v -0.085699 0.021249 0.797169
v -0.086304 0.026320 0.795278
v -0.086164 0.031638 0.794109
v -0.085282 0.036997 0.793709
v -0.083694 0.042193 0.794092
v -0.081461 0.047025 0.795243
v -0.078667 0.051307 0.797119
v -0.075421 0.054876 0.799647
v -0.071848 0.057593 0.802730
v -0.068083 0.059355 0.806249
v -0.064274 0.060094 0.810070
v -0.060565 0.059781 0.814046
v -0.055831 0.061177 0.837555
v -0.053218 0.055937 0.841598
v -0.051483 0.049887 0.844919
v -0.050693 0.043262 0.847390
v -0.050877 0.036314 0.848917
v -0.052028 0.029311 0.849440
v -0.054103 0.022523 0.848940
v -0.057021 0.016210 0.847436
v -0.060671 0.010615 0.844985
v -0.064912 0.005952 0.841682
v -0.069581 0.002402 0.837654
v -0.074499 0.000100 0.833055
v -0.079477 -0.000865 0.828062
v -0.084323 -0.000457 0.822868
v -0.088852 0.001310 0.817671
v -0.092888 0.004368 0.812672
v -0.096278 0.008598 0.808062
v -0.098891 0.013838 0.804019
v -0.100626 0.019888 0.800698
v -0.101416 0.026514 0.798227
v -0.101232 0.033461 0.796701
v -0.100081 0.040464 0.796177
v -0.098006 0.047252 0.796677
v -0.095088 0.053565 0.798182
v -0.091438 0.059160 0.800632
v -0.087197 0.063823 0.803935
v -0.082528 0.067373 0.807964
v -0.077610 0.069675 0.812562
v -0.072632 0.070641 0.817555
v -0.068640 0.070468 0.844063
v -0.064971 0.065889 0.849052
v -0.062143 0.060217 0.853428
v -0.060265 0.053669 0.857023
v -0.059410 0.046497 0.859698
v -0.059609 0.038977 0.861350
v -0.060855 0.031397 0.861917
v -0.063101 0.024050 0.861375
v -0.066260 0.017217 0.859747
v -0.070210 0.011161 0.857094
v -0.074801 0.006114 0.853519
v -0.079855 0.002271 0.849159
v -0.085178 -0.000221 0.844182
v -0.090566 -0.001266 0.838778
v -0.095811 -0.000823 0.833155
v -0.100713 0.001089 0.827531
v -0.105082 0.004399 0.822119
v -0.108751 0.008977 0.817130
v -0.111579 0.014650 0.812754
v -0.113457 0.021197 0.809159
v -0.114312 0.028369 0.806484
v -0.114113 0.035889 0.804832
v -0.112867 0.043469 0.804265
v -0.110621 0.050816 0.804807
v -0.107462 0.057649 0.806435
v -0.103512 0.063706 0.809088
v -0.098921 0.068752 0.812663
v -0.093868 0.072595 0.817023
v -0.088544 0.075087 0.822001
v -0.084870 0.073556 0.848511
v -0.080834 0.070498 0.853510
v -0.077444 0.066268 0.858120
v -0.074831 0.061028 0.862163
v -0.073096 0.054978 0.865484
v -0.072306 0.048353 0.867955
v -0.072490 0.041405 0.869482
v -0.073641 0.034402 0.870005
v -0.075716 0.027614 0.869505
v -0.078634 0.021301 0.868000
v -0.082284 0.015706 0.865550
v -0.086525 0.011043 0.862247
v -0.091194 0.007493 0.858219
v -0.096112 0.005191 0.853620
v -0.101090 0.004226 0.848627
v -0.105936 0.004634 0.843433
v -0.110465 0.006401 0.838236
v -0.114501 0.009459 0.833237
v -0.117891 0.013689 0.828627
v -0.120504 0.018929 0.824584
v -0.122239 0.024979 0.821263
v -0.123029 0.031605 0.818792
v -0.122845 0.038552 0.817265
v -0.121694 0.045555 0.816742
v -0.119619 0.052343 0.817242
v -0.116701 0.058656 0.818747
v -0.113051 0.064251 0.821197
v -0.108810 0.068914 0.824500
v -0.104141 0.072464 0.828528
v -0.113586 0.054968 0.856346
v -0.113594 0.057988 0.853671
v -0.111533 0.058388 0.855739
v -0.115153 0.054451 0.854828
v -0.113823 0.060545 0.850355
v -0.115632 0.057034 0.851766
v -0.114876 0.051639 0.857156
v -0.115445 0.048421 0.858159
v -0.115963 0.051130 0.856139
v -0.116671 0.053524 0.853462
v -0.116994 0.050346 0.855249
v -0.116069 0.048040 0.857598
v -0.118082 0.052223 0.852301
v -0.117932 0.049315 0.854519
v -0.116649 0.047506 0.857120
v -0.119331 0.050599 0.851389
v -0.118738 0.048079 0.853978
v -0.117162 0.046838 0.856746
v -0.120371 0.048713 0.850763
v -0.119383 0.046683 0.853645
v -0.117590 0.046063 0.856489
v -0.121162 0.046639 0.850446
v -0.119842 0.045183 0.853535
v -0.117915 0.045210 0.856358
v -0.121673 0.044455 0.850449
v -0.120096 0.043636 0.853650
v -0.118125 0.044313 0.856360
v -0.121884 0.042246 0.850774
v -0.120137 0.042100 0.853988
v -0.118212 0.043405 0.856493
v -0.121788 0.040096 0.851407
v -0.119962 0.040636 0.854534
v -0.118172 0.042522 0.856753
v -0.121388 0.038089 0.852324
v -0.119579 0.039299 0.855268
v -0.118008 0.041697 0.857130
v -0.120700 0.036301 0.853490
v -0.119001 0.038141 0.856161
v -0.117725 0.040962 0.857609
v -0.119749 0.034802 0.854861
v -0.118252 0.037206 0.857180
v -0.117334 0.040346 0.858173
v -0.118573 0.033648 0.856382
v -0.117360 0.036530 0.858285
v -0.116851 0.039872 0.858798
v -0.117217 0.032884 0.857997
v -0.116359 0.036140 0.859433
v -0.116294 0.039558 0.859461
v -0.115733 0.032539 0.859642
v -0.115288 0.036050 0.860581
v -0.115684 0.039416 0.860138
v -0.114177 0.032627 0.861255
v -0.114188 0.036263 0.861685
v -0.115044 0.039452 0.860801
v -0.112610 0.033145 0.862774
v -0.113101 0.036772 0.862701
v -0.114400 0.039665 0.861425
v -0.111092 0.034071 0.864140
v -0.112069 0.037556 0.863591
v -0.113776 0.040046 0.861986
v -0.109681 0.035372 0.865301
v -0.111132 0.038587 0.864321
v -0.113196 0.040580 0.862463
v -0.108431 0.036996 0.866212
v -0.110326 0.039823 0.864863
v -0.112683 0.041248 0.862838
v -0.107391 0.038882 0.866839
v -0.109681 0.041218 0.865195
v -0.112255 0.042023 0.863095
v -0.106600 0.040957 0.867156
v -0.109222 0.042719 0.865306
v -0.111931 0.042875 0.863225
v -0.106090 0.043141 0.867152
v -0.108968 0.044266 0.865190
v -0.111721 0.043773 0.863224
v -0.105878 0.045350 0.866828
v -0.108927 0.045802 0.864853
v -0.111634 0.044681 0.863091
v -0.105974 0.047499 0.866195
v -0.109102 0.047266 0.864306
v -0.111673 0.045564 0.862830
v -0.106374 0.049506 0.865278
v -0.109485 0.048603 0.863572
v -0.111838 0.046389 0.862453
v -0.107063 0.051294 0.864111
v -0.110063 0.049761 0.862679
v -0.112120 0.047124 0.861974
v -0.112511 0.047740 0.861411
v -0.108013 0.052794 0.862741
v -0.110812 0.050696 0.861660
v -0.109189 0.053948 0.861220
v -0.111704 0.051372 0.860555
v -0.112994 0.048214 0.860786
v -0.110545 0.054712 0.859605
v -0.112705 0.051762 0.859407
v -0.113552 0.048528 0.860122
v -0.112030 0.055056 0.857960
v -0.113776 0.051852 0.858259
v -0.114162 0.048670 0.859446
v -0.114801 0.048634 0.858783
v -0.100500 0.069188 0.852045
v -0.109525 0.058218 0.857890
v -0.097034 0.067835 0.856022
v -0.107649 0.057487 0.860043
v -0.093945 0.065495 0.859849
v -0.105977 0.056220 0.862114
v -0.091350 0.062258 0.863377
v -0.104573 0.054468 0.864023
v -0.089351 0.058247 0.866471
v -0.103491 0.052297 0.865698
v -0.088023 0.053617 0.869013
v -0.102773 0.049791 0.867073
v -0.087418 0.048546 0.870904
v -0.102445 0.047047 0.868097
v -0.087559 0.043228 0.872073
v -0.102521 0.044169 0.868729
v -0.088440 0.037869 0.872473
v -0.102998 0.041269 0.868946
v -0.090028 0.032673 0.872091
v -0.103858 0.038457 0.868739
v -0.092261 0.027841 0.870939
v -0.105066 0.035842 0.868116
v -0.095055 0.023559 0.869063
v -0.106578 0.033524 0.867101
v -0.098301 0.019991 0.866536
v -0.108335 0.031593 0.865733
v -0.101875 0.017273 0.863452
v -0.110269 0.030122 0.864064
v -0.105639 0.015511 0.859933
v -0.112306 0.029169 0.862159
v -0.109448 0.014772 0.856112
v -0.114368 0.028769 0.860091
v -0.113158 0.015085 0.852136
v -0.116375 0.028938 0.857940
v -0.116623 0.016438 0.848159
v -0.118251 0.029670 0.855787
v -0.119713 0.018778 0.844332
v -0.119923 0.030937 0.853716
v -0.122307 0.022015 0.840804
v -0.121327 0.032689 0.851807
v -0.124307 0.026026 0.837710
v -0.122409 0.034859 0.850132
v -0.125635 0.030656 0.835168
v -0.123128 0.037365 0.848757
v -0.126240 0.035727 0.833277
v -0.123455 0.040110 0.847733
v -0.126099 0.041045 0.832108
v -0.123379 0.042988 0.847101
v -0.125218 0.046404 0.831708
v -0.122902 0.045888 0.846884
v -0.123630 0.051600 0.832091
v -0.122043 0.048700 0.847091
v -0.121396 0.056432 0.833242
v -0.120834 0.051315 0.847714
v -0.118603 0.060714 0.835118
v -0.119322 0.053632 0.848729
v -0.115357 0.064282 0.837646
v -0.117566 0.055564 0.850098
v -0.115068 0.059875 0.849213
v -0.113135 0.064881 0.843668
v -0.117451 0.058063 0.847158
v -0.116341 0.062443 0.840902
v -0.119614 0.055684 0.845473
v -0.119253 0.059242 0.838634
v -0.121477 0.052829 0.844222
v -0.121759 0.055400 0.836951
v -0.122966 0.049608 0.843455
v -0.123763 0.051065 0.835918
v -0.124024 0.046144 0.843199
v -0.125188 0.046404 0.835575
v -0.124612 0.042572 0.843466
v -0.125978 0.041595 0.835934
v -0.124706 0.039027 0.844245
v -0.126105 0.036825 0.836982
v -0.124302 0.035646 0.845506
v -0.125562 0.032275 0.838679
v -0.123417 0.032559 0.847201
v -0.124370 0.028121 0.840959
v -0.122084 0.029885 0.849264
v -0.122577 0.024523 0.843736
v -0.120355 0.027727 0.851616
v -0.120249 0.021618 0.846901
v -0.118295 0.026167 0.854166
v -0.117477 0.019519 0.850334
v -0.115984 0.025265 0.856818
v -0.114368 0.018305 0.853902
v -0.113512 0.025057 0.859468
v -0.111040 0.018025 0.857469
v -0.110972 0.025549 0.862016
v -0.107622 0.018687 0.860897
v -0.108462 0.026724 0.864362
v -0.104245 0.020268 0.864055
v -0.106080 0.028536 0.866417
v -0.101039 0.022706 0.866821
v -0.103916 0.030915 0.868103
v -0.098127 0.025908 0.869089
v -0.102054 0.033769 0.869353
v -0.095620 0.029750 0.870772
v -0.100565 0.036991 0.870121
v -0.093617 0.034085 0.871805
v -0.099506 0.040454 0.870376
v -0.092192 0.038746 0.872148
v -0.098919 0.044027 0.870109
v -0.091401 0.043554 0.871789
v -0.098825 0.047572 0.869330
v -0.091275 0.048325 0.870740
v -0.099228 0.050953 0.868069
v -0.091818 0.052875 0.869043
v -0.100114 0.054039 0.866374
v -0.093009 0.057028 0.866763
v -0.101447 0.056713 0.864312
v -0.094803 0.060627 0.863987
v -0.103176 0.058872 0.861960
v -0.097131 0.063532 0.860822
v -0.105236 0.060432 0.859409
v -0.099903 0.065631 0.857389
v -0.107546 0.061333 0.856757
v -0.103012 0.066844 0.853820
v -0.110019 0.061542 0.854107
v -0.106340 0.067125 0.850254
v -0.112559 0.061049 0.851560
v -0.109758 0.066462 0.846826
v -0.101912 0.071567 0.845741
v -0.106077 0.070760 0.841564
v -0.110192 0.068833 0.837716
v -0.101657 0.073776 0.835976
v -0.106352 0.071579 0.831586
v -0.114098 0.065863 0.834346
v -0.110809 0.068190 0.827741
v -0.117647 0.061962 0.831582
v -0.114857 0.063739 0.824588
v -0.120700 0.057280 0.829531
v -0.118341 0.058398 0.822249
v -0.123142 0.051998 0.828273
v -0.121127 0.052371 0.820813
v -0.124878 0.046318 0.827854
v -0.123108 0.045892 0.820335
v -0.125842 0.040459 0.828292
v -0.124207 0.039207 0.820835
v -0.125996 0.034646 0.829570
v -0.124383 0.032575 0.822292
v -0.125334 0.029102 0.831637
v -0.123628 0.026250 0.824651
v -0.123882 0.024041 0.834416
v -0.121972 0.020475 0.827821
v -0.121696 0.019656 0.837799
v -0.119478 0.015473 0.831681
v -0.118860 0.016117 0.841656
v -0.116242 0.011435 0.836081
v -0.115483 0.013559 0.845838
v -0.112389 0.008516 0.840853
v -0.111694 0.012080 0.850186
v -0.108066 0.006830 0.845814
v -0.107639 0.011738 0.854533
v -0.103440 0.006439 0.850772
v -0.103474 0.012546 0.858710
v -0.098688 0.007361 0.855538
v -0.099359 0.014472 0.862558
v -0.093994 0.009558 0.859928
v -0.095453 0.017443 0.865928
v -0.089536 0.012948 0.863773
v -0.091904 0.021344 0.868692
v -0.085488 0.017398 0.866926
v -0.088850 0.026025 0.870742
v -0.082004 0.022740 0.869266
v -0.086409 0.031308 0.872001
v -0.079218 0.028766 0.870702
v -0.084673 0.036987 0.872419
v -0.077237 0.035246 0.871179
v -0.083709 0.042846 0.871981
v -0.076138 0.041930 0.870679
v -0.083555 0.048659 0.870704
v -0.075963 0.048562 0.869222
v -0.084217 0.054203 0.868636
v -0.076718 0.054887 0.866863
v -0.085669 0.059265 0.865858
v -0.078374 0.060662 0.863693
v -0.087854 0.063649 0.862475
v -0.080868 0.065664 0.859834
v -0.090691 0.067189 0.858618
v -0.084103 0.069702 0.855433
v -0.094068 0.069747 0.854435
v -0.087957 0.072621 0.850661
v -0.097857 0.071225 0.850087
v -0.092279 0.074308 0.845700
v -0.096906 0.074698 0.840742
v -0.086494 0.075973 0.840829
v -0.091513 0.076396 0.835449
v -0.096669 0.075396 0.830278
v -0.085942 0.076597 0.830065
v -0.091304 0.075558 0.824688
v -0.101763 0.073012 0.825515
v -0.096602 0.073078 0.819734
v -0.101631 0.069253 0.815395
v -0.106599 0.069334 0.821342
v -0.110992 0.064505 0.817921
v -0.106199 0.064231 0.811837
v -0.114772 0.058710 0.815383
v -0.110131 0.058204 0.809197
v -0.117795 0.052171 0.813825
v -0.113275 0.051404 0.807577
v -0.119944 0.045140 0.813307
v -0.115510 0.044092 0.807038
v -0.121137 0.037887 0.813849
v -0.116750 0.036549 0.807602
v -0.121328 0.030690 0.815430
v -0.116948 0.029065 0.809246
v -0.120509 0.023827 0.817990
v -0.116096 0.021928 0.811908
v -0.118712 0.017562 0.821429
v -0.114227 0.015411 0.815485
v -0.116005 0.012134 0.825617
v -0.111413 0.009766 0.819840
v -0.112494 0.007752 0.830392
v -0.107762 0.005210 0.824806
v -0.108313 0.004585 0.835570
v -0.103414 0.001916 0.830191
v -0.103623 0.002755 0.840952
v -0.098536 0.000013 0.835789
v -0.098603 0.002332 0.846333
v -0.093316 -0.000427 0.841384
v -0.093447 0.003331 0.851504
v -0.087954 0.000613 0.846762
v -0.088354 0.005716 0.856267
v -0.082656 0.003092 0.851715
v -0.083517 0.009393 0.860439
v -0.077627 0.006917 0.856055
v -0.079124 0.014223 0.863860
v -0.073058 0.011939 0.859612
v -0.075344 0.020018 0.866399
v -0.069127 0.017966 0.862252
v -0.072321 0.026557 0.867957
v -0.065983 0.024766 0.863873
v -0.070172 0.033588 0.868475
v -0.063748 0.032079 0.864411
v -0.068979 0.040841 0.867933
v -0.062508 0.039621 0.863848
v -0.068789 0.048038 0.866352
v -0.062310 0.047105 0.862203
v -0.069608 0.054900 0.863792
v -0.063161 0.054242 0.859541
v -0.071405 0.061166 0.860352
v -0.065030 0.060759 0.855964
v -0.074111 0.066594 0.856165
v -0.067845 0.066404 0.851609
v -0.077622 0.070976 0.851390
v -0.071496 0.070960 0.846643
v -0.081803 0.074143 0.846212
v -0.075844 0.074254 0.841258
v -0.080722 0.076157 0.835661
v -0.070308 0.072950 0.835991
v -0.075186 0.074853 0.830393
v -0.080406 0.075293 0.824798
v -0.070099 0.072111 0.825230
v -0.075119 0.072534 0.819849
v -0.085768 0.074254 0.819420
v -0.080275 0.071535 0.814678
v -0.091066 0.071774 0.814467
v -0.085369 0.069150 0.809915
v -0.096095 0.067949 0.810128
v -0.090205 0.065473 0.805743
v -0.100664 0.062927 0.806570
v -0.094598 0.060643 0.802322
v -0.104595 0.056900 0.803930
v -0.098378 0.054848 0.799783
v -0.107739 0.050100 0.802309
v -0.101401 0.048309 0.798225
v -0.109974 0.042788 0.801771
v -0.103550 0.041278 0.797707
v -0.111214 0.035245 0.802334
v -0.104743 0.034025 0.798249
v -0.111412 0.027761 0.803979
v -0.104933 0.026829 0.799830
v -0.110561 0.020624 0.806641
v -0.104114 0.019966 0.802390
v -0.108692 0.014107 0.810218
v -0.102317 0.013700 0.805830
v -0.105878 0.008462 0.814573
v -0.099611 0.008272 0.810018
v -0.102226 0.003906 0.819539
v -0.096100 0.003890 0.814792
v -0.097878 0.000612 0.824924
v -0.091919 0.000723 0.819970
v -0.093000 -0.001291 0.830521
v -0.087228 -0.001107 0.825353
v -0.087780 -0.001731 0.836117
v -0.082209 -0.001530 0.830733
v -0.082418 -0.000691 0.841495
v -0.077053 -0.000530 0.835904
v -0.077120 0.001788 0.846448
v -0.071959 0.001854 0.840668
v -0.072091 0.005613 0.850787
v -0.067123 0.005532 0.844840
v -0.067523 0.010635 0.854345
v -0.062730 0.010361 0.848261
v -0.063591 0.016662 0.856985
v -0.058950 0.016157 0.850799
v -0.060447 0.023463 0.858605
v -0.055927 0.022695 0.852358
v -0.058212 0.030775 0.859144
v -0.053778 0.029727 0.852876
v -0.056972 0.038317 0.858580
v -0.052585 0.036980 0.852334
v -0.056774 0.045801 0.856936
v -0.052394 0.044176 0.850752
v -0.057626 0.052939 0.854274
v -0.053213 0.051039 0.848193
v -0.059495 0.059455 0.850697
v -0.055011 0.057305 0.844753
v -0.062309 0.065100 0.846342
v -0.057717 0.062733 0.840565
v -0.065960 0.069656 0.841376
v -0.061228 0.067114 0.835791
v -0.065409 0.070281 0.830612
v -0.057480 0.063431 0.830101
v -0.061333 0.066350 0.825329
v -0.065656 0.068036 0.820368
v -0.058239 0.061307 0.820344
v -0.062028 0.062786 0.815996
v -0.070282 0.068427 0.815410
v -0.066083 0.063128 0.811650
v -0.075034 0.067505 0.810644
v -0.070248 0.062320 0.807472
v -0.079729 0.065308 0.806254
v -0.074363 0.060394 0.803625
v -0.084186 0.061918 0.802409
v -0.078269 0.057423 0.800254
v -0.088234 0.057468 0.799256
v -0.081818 0.053522 0.797491
v -0.091718 0.052127 0.796917
v -0.084872 0.048841 0.795440
v -0.094504 0.046100 0.795481
v -0.087313 0.043559 0.794181
v -0.096485 0.039620 0.795003
v -0.089049 0.037879 0.793763
v -0.097584 0.032936 0.795503
v -0.090013 0.032020 0.794201
v -0.097759 0.026304 0.796960
v -0.090167 0.026207 0.795478
v -0.097005 0.019979 0.799319
v -0.089505 0.020663 0.797546
v -0.095348 0.014204 0.802489
v -0.088054 0.015601 0.800325
v -0.092854 0.009202 0.806349
v -0.085868 0.011217 0.803707
v -0.089619 0.005164 0.810749
v -0.083031 0.007677 0.807564
v -0.085765 0.002245 0.815521
v -0.079654 0.005119 0.811747
v -0.081443 0.000559 0.820482
v -0.075865 0.003641 0.816095
v -0.076816 0.000168 0.825440
v -0.071810 0.003299 0.820441
v -0.072065 0.001090 0.830206
v -0.067645 0.004107 0.824618
v -0.067370 0.003287 0.834596
v -0.063531 0.006033 0.828466
v -0.062913 0.006677 0.838441
v -0.059624 0.009003 0.831837
v -0.058865 0.011127 0.841594
v -0.056075 0.012904 0.834600
v -0.055381 0.016468 0.843933
v -0.053022 0.017586 0.836651
v -0.052595 0.022495 0.845369
v -0.050580 0.022868 0.837909
v -0.050614 0.028975 0.845847
v -0.048844 0.028548 0.838328
v -0.049515 0.035659 0.845347
v -0.047880 0.034407 0.837890
v -0.049339 0.042291 0.843890
v -0.047726 0.040220 0.836613
v -0.050094 0.048616 0.841531
v -0.048388 0.045764 0.834545
v -0.051750 0.054391 0.838361
v -0.049840 0.050825 0.831766
v -0.054244 0.059393 0.834501
v -0.052026 0.055210 0.828383
v -0.054862 0.058749 0.824527
v -0.051146 0.050343 0.822446
v -0.053473 0.053248 0.819281
v -0.056245 0.055347 0.815848
v -0.053368 0.047139 0.814566
v -0.055427 0.048699 0.812016
v -0.059354 0.056561 0.812280
v -0.057738 0.049601 0.809364
v -0.062682 0.056841 0.808713
v -0.060210 0.049809 0.806714
v -0.066100 0.056179 0.805285
v -0.062750 0.049317 0.804166
v -0.069477 0.054598 0.802127
v -0.065260 0.048142 0.801820
v -0.072683 0.052160 0.799361
v -0.067642 0.046331 0.799765
v -0.075595 0.048958 0.797093
v -0.069806 0.043952 0.798079
v -0.078102 0.045116 0.795411
v -0.071668 0.041097 0.796829
v -0.080106 0.040781 0.794378
v -0.073157 0.037876 0.796061
v -0.081530 0.036120 0.794034
v -0.074216 0.034412 0.795806
v -0.082321 0.031312 0.794393
v -0.074803 0.030839 0.796073
v -0.082447 0.026541 0.795442
v -0.074897 0.027294 0.796852
v -0.081904 0.021992 0.797139
v -0.074494 0.023913 0.798113
v -0.080713 0.017838 0.799419
v -0.073609 0.020827 0.799808
v -0.078919 0.014239 0.802195
v -0.072275 0.018153 0.801871
v -0.076591 0.011334 0.805361
v -0.070546 0.015995 0.804223
v -0.073820 0.009235 0.808793
v -0.068486 0.014435 0.806773
v -0.070710 0.008022 0.812362
v -0.066176 0.013533 0.809425
v -0.067382 0.007741 0.815928
v -0.063703 0.013324 0.812075
v -0.063964 0.008404 0.819357
v -0.061163 0.013817 0.814623
v -0.060587 0.009985 0.822514
v -0.058654 0.014992 0.816969
v -0.057381 0.012423 0.825280
v -0.056272 0.016803 0.819024
v -0.054469 0.015624 0.827548
v -0.054108 0.019182 0.820710
v -0.051963 0.019466 0.829231
v -0.052245 0.022037 0.821960
v -0.049959 0.023801 0.830264
v -0.050756 0.025258 0.822728
v -0.048534 0.028462 0.830608
v -0.049698 0.028722 0.822983
v -0.047744 0.033271 0.830248
v -0.049110 0.032295 0.822716
v -0.047617 0.038041 0.829200
v -0.049016 0.035840 0.821937
v -0.048160 0.042591 0.827503
v -0.049420 0.039220 0.820676
v -0.049352 0.046745 0.825223
v -0.050305 0.042307 0.818981
v -0.051638 0.044981 0.816918
v -0.052638 0.037708 0.813308
v -0.053462 0.039361 0.812033
v -0.054532 0.040696 0.810579
v -0.056349 0.035388 0.807958
v -0.055843 0.034757 0.808645
v -0.060767 0.025831 0.805681
v -0.060092 0.025567 0.806456
v -0.060520 0.035151 0.803633
v -0.059824 0.035681 0.804233
v -0.059091 0.036024 0.804919
v -0.058349 0.036168 0.805664
v -0.057626 0.036107 0.806438
v -0.056951 0.035844 0.807213
v -0.055454 0.033976 0.809248
v -0.055195 0.033074 0.809743
v -0.055077 0.032086 0.810112
v -0.055105 0.031050 0.810340
v -0.055276 0.030006 0.810418
v -0.055586 0.028994 0.810343
v -0.056021 0.028052 0.810119
v -0.056565 0.027218 0.809753
v -0.057198 0.026523 0.809261
v -0.057894 0.025994 0.808660
v -0.058627 0.025650 0.807975
v -0.059369 0.025506 0.807230
v -0.061369 0.026287 0.804936
v -0.061874 0.026917 0.804248
v -0.062264 0.027699 0.803645
v -0.062522 0.028601 0.803150
v -0.062640 0.029589 0.802782
v -0.062613 0.030624 0.802554
v -0.062441 0.031669 0.802476
v -0.062132 0.032681 0.802551
v -0.061697 0.033622 0.802775
v -0.061152 0.034456 0.803140
v -0.063356 0.040196 0.801429
v -0.064694 0.038725 0.800387
v -0.065845 0.036960 0.799614
v -0.066766 0.034969 0.799139
v -0.067420 0.032828 0.798981
v -0.067783 0.030619 0.799147
v -0.067841 0.028427 0.799628
v -0.067592 0.026337 0.800408
v -0.067045 0.024429 0.801455
v -0.066221 0.022776 0.802730
v -0.065151 0.021442 0.804184
v -0.063878 0.020477 0.805761
v -0.062450 0.019920 0.807401
v -0.060921 0.019791 0.809039
v -0.059351 0.020096 0.810614
v -0.057800 0.020822 0.812064
v -0.056327 0.021942 0.813335
v -0.054989 0.023412 0.814377
v -0.053838 0.025177 0.815150
v -0.052917 0.027169 0.815624
v -0.052263 0.029310 0.815782
v -0.051900 0.031519 0.815617
v -0.051842 0.033710 0.815136
v -0.052091 0.035800 0.814356
v -0.055805 0.041660 0.809002
v -0.057233 0.042217 0.807363
v -0.058762 0.042346 0.805725
v -0.060332 0.042042 0.804150
v -0.061883 0.041316 0.802699
v -0.112801 0.055075 0.857143
v -0.114371 0.054771 0.855568
v -0.115922 0.054044 0.854118
v -0.115095 0.049216 0.858208
v -0.115828 0.048873 0.857522
v -0.117395 0.052925 0.852847
v -0.116525 0.048343 0.856921
v -0.118733 0.051454 0.851805
v -0.117157 0.047648 0.856429
v -0.119884 0.049689 0.851032
v -0.117701 0.046814 0.856063
v -0.120805 0.047698 0.850558
v -0.118136 0.045872 0.855839
v -0.121459 0.045556 0.850400
v -0.118446 0.044860 0.855765
v -0.121822 0.043348 0.850565
v -0.118617 0.043816 0.855843
v -0.121880 0.041156 0.851047
v -0.118645 0.042780 0.856070
v -0.121631 0.039066 0.851826
v -0.118527 0.041792 0.856439
v -0.121084 0.037158 0.852874
v -0.118268 0.040891 0.856934
v -0.120260 0.035505 0.854149
v -0.117879 0.040109 0.857537
v -0.119191 0.034171 0.855603
v -0.117373 0.039478 0.858224
v -0.117917 0.033206 0.857180
v -0.116771 0.039023 0.858969
v -0.116489 0.032649 0.858819
v -0.116096 0.038759 0.859744
v -0.114960 0.032520 0.860458
v -0.115373 0.038698 0.860519
v -0.113390 0.032824 0.862032
v -0.114631 0.038842 0.861263
v -0.111839 0.033551 0.863483
v -0.113898 0.039185 0.861949
v -0.110366 0.034671 0.864753
v -0.113202 0.039715 0.862549
v -0.109028 0.036141 0.865795
v -0.112570 0.040410 0.863042
v -0.107877 0.037906 0.866568
v -0.112025 0.041244 0.863407
v -0.106956 0.039897 0.867043
v -0.111590 0.042185 0.863631
v -0.106302 0.042039 0.867201
v -0.111281 0.043198 0.863706
v -0.105939 0.044247 0.867036
v -0.111109 0.044242 0.863628
v -0.105881 0.046439 0.866554
v -0.111082 0.045278 0.863400
v -0.106130 0.048529 0.865775
v -0.111200 0.046265 0.863032
v -0.106677 0.050437 0.864727
v -0.111458 0.047167 0.862537
v -0.107501 0.052090 0.863452
v -0.111848 0.047949 0.861934
v -0.112353 0.048580 0.861247
v -0.108571 0.053424 0.861998
v -0.109844 0.054389 0.860421
v -0.112955 0.049035 0.860501
v -0.111272 0.054946 0.858782
v -0.113630 0.049299 0.859726
v -0.114353 0.049360 0.858952
s 1
usemtl Solid.Five
f 484 483 1
f 3 1475 484
f 1475 450 1321
f 483 1321 2
f 485 582 4
f 1 1476 485
f 1476 2 580
f 582 580 96
f 487 486 5
f 6 1477 487
f 1477 3 484
f 486 484 1
f 488 1473 7
f 5 1478 488
f 1478 1 485
f 1473 485 4
f 490 489 8
f 9 1479 490
f 1479 6 487
f 489 487 5
f 491 1471 10
f 8 1480 491
f 1480 5 488
f 1471 488 7
f 493 492 11
f 12 1481 493
f 1481 9 490
f 492 490 8
f 494 1469 13
f 11 1482 494
f 1482 8 491
f 1469 491 10
f 496 495 14
f 15 1483 496
f 1483 12 493
f 495 493 11
f 497 1467 16
f 14 1484 497
f 1484 11 494
f 1467 494 13
f 499 498 17
f 18 1485 499
f 1485 15 496
f 498 496 14
f 500 1465 19
f 17 1486 500
f 1486 14 497
f 1465 497 16
f 502 501 20
f 21 1487 502
f 1487 18 499
f 501 499 17
f 503 1463 22
f 20 1488 503
f 1488 17 500
f 1463 500 19
f 505 504 23
f 24 1489 505
f 1489 21 502
f 504 502 20
f 506 1461 25
f 23 1490 506
f 1490 20 503
f 1461 503 22
f 508 507 26
f 27 1491 508
f 1491 24 505
f 507 505 23
f 509 1459 28
f 26 1492 509
f 1492 23 506
f 1459 506 25
f 511 510 29
f 30 1493 511
f 1493 27 508
f 510 508 26
f 512 1457 31
f 29 1494 512
f 1494 26 509
f 1457 509 28
f 514 513 32
f 33 1495 514
f 1495 30 511
f 513 511 29
f 515 1455 34
f 32 1496 515
f 1496 29 512
f 1455 512 31
f 517 516 35
f 36 1497 517
f 1497 33 514
f 516 514 32
f 518 1453 37
f 35 1498 518
f 1498 32 515
f 1453 515 34
f 520 519 38
f 39 1499 520
f 1499 36 517
f 519 517 35
f 521 1451 40
f 38 1500 521
f 1500 35 518
f 1451 518 37
f 523 522 41
f 42 1501 523
f 1501 39 520
f 522 520 38
f 524 1449 43
f 41 1502 524
f 1502 38 521
f 1449 521 40
f 526 525 44
f 45 1503 526
f 1503 42 523
f 525 523 41
f 527 1447 46
f 44 1504 527
f 1504 41 524
f 1447 524 43
f 529 528 47
f 48 1505 529
f 1505 45 526
f 528 526 44
f 530 1445 49
f 47 1506 530
f 1506 44 527
f 1445 527 46
f 532 531 50
f 51 1507 532
f 1507 48 529
f 531 529 47
f 533 1443 52
f 50 1508 533
f 1508 47 530
f 1443 530 49
f 535 534 53
f 54 1509 535
f 1509 51 532
f 534 532 50
f 536 1441 55
f 53 1510 536
f 1510 50 533
f 1441 533 52
f 538 537 56
f 57 1511 538
f 1511 54 535
f 537 535 53
f 539 1439 58
f 56 1512 539
f 1512 53 536
f 1439 536 55
f 541 540 59
f 60 1513 541
f 1513 57 538
f 540 538 56
f 542 1437 61
f 59 1514 542
f 1514 56 539
f 1437 539 58
f 544 543 62
f 63 1515 544
f 1515 60 541
f 543 541 59
f 545 1435 64
f 62 1516 545
f 1516 59 542
f 1435 542 61
f 547 546 65
f 66 1517 547
f 1517 63 544
f 546 544 62
f 548 1433 67
f 65 1518 548
f 1518 62 545
f 1433 545 64
f 550 549 68
f 69 1519 550
f 1519 66 547
f 549 547 65
f 551 1431 70
f 68 1520 551
f 1520 65 548
f 1431 548 67
f 553 552 71
f 72 1521 553
f 1521 69 550
f 552 550 68
f 554 1429 73
f 71 1522 554
f 1522 68 551
f 1429 551 70
f 556 555 74
f 75 1523 556
f 1523 72 553
f 555 553 71
f 557 1427 76
f 74 1524 557
f 1524 71 554
f 1427 554 73
f 559 558 77
f 78 1525 559
f 1525 75 556
f 558 556 74
f 560 1425 79
f 77 1526 560
f 1526 74 557
f 1425 557 76
f 562 561 80
f 81 1527 562
f 1527 78 559
f 561 559 77
f 563 1423 82
f 80 1528 563
f 1528 77 560
f 1423 560 79
f 565 564 83
f 84 1529 565
f 1529 81 562
f 564 562 80
f 566 1421 85
f 83 1530 566
f 1530 80 563
f 1421 563 82
f 568 567 86
f 87 1531 568
f 1531 84 565
f 567 565 83
f 569 1419 88
f 86 1532 569
f 1532 83 566
f 1419 566 85
f 571 570 89
f 90 1533 571
f 1533 87 568
f 570 568 86
f 572 1417 91
f 89 1534 572
f 1534 86 569
f 1417 569 88
f 574 573 92
f 93 1535 574
f 1535 90 571
f 573 571 89
f 575 579 94
f 92 1536 575
f 1536 89 572
f 579 572 91
f 1321 576 2
f 450 1537 1321
f 1537 93 574
f 576 574 92
f 580 578 96
f 2 1538 580
f 1538 92 575
f 578 575 94
f 577 675 95
f 94 1539 577
f 1539 91 673
f 675 673 157
f 581 585 97
f 96 1540 581
f 1540 94 577
f 585 577 95
f 586 584 99
f 4 1541 586
f 1541 96 581
f 584 581 97
f 583 681 98
f 97 1542 583
f 1542 95 679
f 681 679 160
f 587 1316 100
f 99 1543 587
f 1543 97 583
f 1316 583 98
f 589 588 101
f 7 1544 589
f 1544 4 586
f 588 586 99
f 590 1315 102
f 101 1545 590
f 1545 99 587
f 1315 587 100
f 592 591 103
f 10 1546 592
f 1546 7 589
f 591 589 101
f 593 1314 104
f 103 1547 593
f 1547 101 590
f 1314 590 102
f 595 594 105
f 13 1548 595
f 1548 10 592
f 594 592 103
f 596 1313 106
f 105 1549 596
f 1549 103 593
f 1313 593 104
f 598 597 107
f 16 1550 598
f 1550 13 595
f 597 595 105
f 599 1312 108
f 107 1551 599
f 1551 105 596
f 1312 596 106
f 601 600 109
f 19 1552 601
f 1552 16 598
f 600 598 107
f 602 1311 110
f 109 1553 602
f 1553 107 599
f 1311 599 108
f 604 603 111
f 22 1554 604
f 1554 19 601
f 603 601 109
f 605 1310 112
f 111 1555 605
f 1555 109 602
f 1310 602 110
f 607 606 113
f 25 1556 607
f 1556 22 604
f 606 604 111
f 608 1309 114
f 113 1557 608
f 1557 111 605
f 1309 605 112
f 610 609 115
f 28 1558 610
f 1558 25 607
f 609 607 113
f 611 1308 116
f 115 1559 611
f 1559 113 608
f 1308 608 114
f 613 612 117
f 31 1560 613
f 1560 28 610
f 612 610 115
f 614 1307 118
f 117 1561 614
f 1561 115 611
f 1307 611 116
f 616 615 119
f 34 1562 616
f 1562 31 613
f 615 613 117
f 617 1306 120
f 119 1563 617
f 1563 117 614
f 1306 614 118
f 619 618 121
f 37 1564 619
f 1564 34 616
f 618 616 119
f 620 1305 122
f 121 1565 620
f 1565 119 617
f 1305 617 120
f 622 621 123
f 40 1566 622
f 1566 37 619
f 621 619 121
f 623 1304 124
f 123 1567 623
f 1567 121 620
f 1304 620 122
f 625 624 125
f 43 1568 625
f 1568 40 622
f 624 622 123
f 626 1303 126
f 125 1569 626
f 1569 123 623
f 1303 623 124
f 628 627 127
f 46 1570 628
f 1570 43 625
f 627 625 125
f 629 1302 128
f 127 1571 629
f 1571 125 626
f 1302 626 126
f 631 630 129
f 49 1572 631
f 1572 46 628
f 630 628 127
f 632 1301 130
f 129 1573 632
f 1573 127 629
f 1301 629 128
f 634 633 131
f 52 1574 634
f 1574 49 631
f 633 631 129
f 635 1300 132
f 131 1575 635
f 1575 129 632
f 1300 632 130
f 637 636 133
f 55 1576 637
f 1576 52 634
f 636 634 131
f 638 1299 134
f 133 1577 638
f 1577 131 635
f 1299 635 132
f 640 639 135
f 58 1578 640
f 1578 55 637
f 639 637 133
f 641 1298 136
f 135 1579 641
f 1579 133 638
f 1298 638 134
f 643 642 137
f 61 1580 643
f 1580 58 640
f 642 640 135
f 644 1297 138
f 137 1581 644
f 1581 135 641
f 1297 641 136
f 646 645 139
f 64 1582 646
f 1582 61 643
f 645 643 137
f 647 1296 140
f 139 1583 647
f 1583 137 644
f 1296 644 138
f 649 648 141
f 67 1584 649
f 1584 64 646
f 648 646 139
f 650 1295 142
f 141 1585 650
f 1585 139 647
f 1295 647 140
f 652 651 143
f 70 1586 652
f 1586 67 649
f 651 649 141
f 653 1294 144
f 143 1587 653
f 1587 141 650
f 1294 650 142
f 655 654 145
f 73 1588 655
f 1588 70 652
f 654 652 143
f 656 1293 146
f 145 1589 656
f 1589 143 653
f 1293 653 144
f 658 657 147
f 76 1590 658
f 1590 73 655
f 657 655 145
f 659 1292 148
f 147 1591 659
f 1591 145 656
f 1292 656 146
f 661 660 149
f 79 1592 661
f 1592 76 658
f 660 658 147
f 662 1291 150
f 149 1593 662
f 1593 147 659
f 1291 659 148
f 664 663 151
f 82 1594 664
f 1594 79 661
f 663 661 149
f 665 1290 152
f 151 1595 665
f 1595 149 662
f 1290 662 150
f 667 666 153
f 85 1596 667
f 1596 82 664
f 666 664 151
f 668 1289 154
f 153 1597 668
f 1597 151 665
f 1289 665 152
f 670 669 155
f 88 1598 670
f 1598 85 667
f 669 667 153
f 671 1288 156
f 155 1599 671
f 1599 153 668
f 1288 668 154
f 673 672 157
f 91 1600 673
f 1600 88 670
f 672 670 155
f 674 678 158
f 157 1601 674
f 1601 155 671
f 678 671 156
f 679 677 160
f 95 1602 679
f 1602 157 674
f 677 674 158
f 676 774 159
f 158 1603 676
f 1603 156 772
f 774 772 221
f 680 684 161
f 160 1604 680
f 1604 158 676
f 684 676 159
f 685 683 163
f 98 1605 685
f 1605 160 680
f 683 680 161
f 682 780 162
f 161 1606 682
f 1606 159 778
f 780 778 224
f 686 1287 164
f 163 1607 686
f 1607 161 682
f 1287 682 162
f 689 687 165
f 100 1608 689
f 1608 98 685
f 687 685 163
f 688 1286 166
f 165 1609 688
f 1609 163 686
f 1286 686 164
f 168 1610 1285
f 167 1610 692
f 1610 165 688
f 1285 688 166
f 691 690 167
f 102 1611 691
f 1611 100 689
f 690 689 165
f 694 693 169
f 104 1612 694
f 1612 102 691
f 693 691 167
f 695 1284 170
f 169 1613 695
f 1613 167 692
f 1284 692 168
f 697 696 171
f 106 1614 697
f 1614 104 694
f 696 694 169
f 698 1283 172
f 171 1615 698
f 1615 169 695
f 1283 695 170
f 700 699 173
f 108 1616 700
f 1616 106 697
f 699 697 171
f 701 1282 174
f 173 1617 701
f 1617 171 698
f 1282 698 172
f 703 702 175
f 110 1618 703
f 1618 108 700
f 702 700 173
f 704 1281 176
f 175 1619 704
f 1619 173 701
f 1281 701 174
f 706 705 177
f 112 1620 706
f 1620 110 703
f 705 703 175
f 707 1280 178
f 177 1621 707
f 1621 175 704
f 1280 704 176
f 709 708 179
f 114 1622 709
f 1622 112 706
f 708 706 177
f 710 1279 180
f 179 1623 710
f 1623 177 707
f 1279 707 178
f 712 711 181
f 116 1624 712
f 1624 114 709
f 711 709 179
f 713 1278 182
f 181 1625 713
f 1625 179 710
f 1278 710 180
f 715 714 183
f 118 1626 715
f 1626 116 712
f 714 712 181
f 716 1277 184
f 183 1627 716
f 1627 181 713
f 1277 713 182
f 718 717 185
f 120 1628 718
f 1628 118 715
f 717 715 183
f 719 1276 186
f 185 1629 719
f 1629 183 716
f 1276 716 184
f 721 720 187
f 122 1630 721
f 1630 120 718
f 720 718 185
f 722 1275 188
f 187 1631 722
f 1631 185 719
f 1275 719 186
f 724 723 189
f 124 1632 724
f 1632 122 721
f 723 721 187
f 725 1274 190
f 189 1633 725
f 1633 187 722
f 1274 722 188
f 727 726 191
f 126 1634 727
f 1634 124 724
f 726 724 189
f 728 1273 192
f 191 1635 728
f 1635 189 725
f 1273 725 190
f 730 729 193
f 128 1636 730
f 1636 126 727
f 729 727 191
f 731 1272 194
f 193 1637 731
f 1637 191 728
f 1272 728 192
f 733 732 195
f 130 1638 733
f 1638 128 730
f 732 730 193
f 734 1271 196
f 195 1639 734
f 1639 193 731
f 1271 731 194
f 736 735 197
f 132 1640 736
f 1640 130 733
f 735 733 195
f 737 1270 198
f 197 1641 737
f 1641 195 734
f 1270 734 196
f 739 738 199
f 134 1642 739
f 1642 132 736
f 738 736 197
f 740 1269 200
f 199 1643 740
f 1643 197 737
f 1269 737 198
f 742 741 201
f 136 1644 742
f 1644 134 739
f 741 739 199
f 743 1268 202
f 201 1645 743
f 1645 199 740
f 1268 740 200
f 745 744 203
f 138 1646 745
f 1646 136 742
f 744 742 201
f 746 1267 204
f 203 1647 746
f 1647 201 743
f 1267 743 202
f 748 747 205
f 140 1648 748
f 1648 138 745
f 747 745 203
f 749 1266 206
f 205 1649 749
f 1649 203 746
f 1266 746 204
f 751 750 207
f 142 1650 751
f 1650 140 748
f 750 748 205
f 752 1265 208
f 207 1651 752
f 1651 205 749
f 1265 749 206
f 754 753 209
f 144 1652 754
f 1652 142 751
f 753 751 207
f 210 1653 1264
f 209 1653 755
f 1653 207 752
f 1264 752 208
f 757 756 211
f 146 1654 757
f 1654 144 754
f 756 754 209
f 758 1263 212
f 211 1655 758
f 1655 209 755
f 1655 210 1263
f 760 759 213
f 148 1656 760
f 1656 146 757
f 759 757 211
f 761 1262 214
f 213 1657 761
f 1657 211 758
f 1657 212 1262
f 763 762 215
f 150 1658 763
f 1658 148 760
f 762 760 213
f 764 1261 216
f 215 1659 764
f 1659 213 761
f 1261 761 214
f 766 765 217
f 152 1660 766
f 1660 150 763
f 765 763 215
f 218 1661 1260
f 217 1661 767
f 1661 215 764
f 1260 764 216
f 769 768 219
f 154 1662 769
f 1662 152 766
f 768 766 217
f 770 1259 220
f 219 1663 770
f 1663 217 767
f 1259 767 218
f 772 771 221
f 156 1664 772
f 1664 154 769
f 771 769 219
f 773 777 222
f 221 1665 773
f 1665 219 770
f 777 770 220
f 778 776 224
f 159 1666 778
f 1666 221 773
f 776 773 222
f 223 1667 873
f 775 777 1667
f 777 871 1667
f 1667 285 873
f 225 1668 783
f 779 776 1668
f 776 775 1668
f 1668 223 783
f 227 1669 782
f 784 780 1669
f 1669 224 779
f 1669 225 782
f 226 1670 879
f 781 783 1670
f 783 877 1670
f 1670 288 879
f 228 1671 1258
f 785 782 1671
f 782 781 1671
f 1671 226 1258
f 229 1672 786
f 787 1287 1672
f 1287 784 1672
f 1672 227 786
f 230 1673 1257
f 788 786 1673
f 786 785 1673
f 1673 228 1257
f 231 1674 789
f 790 1286 1674
f 1286 787 1674
f 1674 229 789
f 232 1675 1256
f 791 789 1675
f 789 788 1675
f 1675 230 1256
f 233 1676 792
f 168 1676 793
f 1285 790 1676
f 1676 231 792
f 234 1677 1255
f 794 792 1677
f 792 791 1677
f 1677 232 1255
f 235 1678 795
f 796 1284 1678
f 1284 793 1678
f 1678 233 795
f 236 1679 1254
f 797 795 1679
f 795 794 1679
f 1679 234 1254
f 237 1680 798
f 799 1283 1680
f 1283 796 1680
f 1680 235 798
f 238 1681 1253
f 800 798 1681
f 798 797 1681
f 1681 236 1253
f 239 1682 801
f 174 1682 802
f 1282 799 1682
f 1682 237 801
f 240 1683 1252
f 803 801 1683
f 801 800 1683
f 1683 238 1252
f 241 1684 804
f 805 1281 1684
f 1281 802 1684
f 1684 239 804
f 242 1685 1251
f 806 804 1685
f 804 803 1685
f 1685 240 1251
f 243 1686 807
f 808 1280 1686
f 1280 805 1686
f 1686 241 807
f 244 1687 1250
f 809 807 1687
f 807 806 1687
f 1687 242 1250
f 245 1688 810
f 811 1279 1688
f 1279 808 1688
f 1688 243 810
f 246 1689 1249
f 812 810 1689
f 810 809 1689
f 1689 244 1249
f 247 1690 813
f 814 1278 1690
f 1278 811 1690
f 1690 245 813
f 248 1691 1248
f 815 813 1691
f 813 812 1691
f 1691 246 1248
f 249 1692 816
f 817 1277 1692
f 1277 814 1692
f 1692 247 816
f 250 1693 1247
f 818 816 1693
f 816 815 1693
f 1693 248 1247
f 251 1694 819
f 820 1276 1694
f 1694 184 817
f 1694 249 819
f 252 1695 1246
f 821 819 1695
f 819 818 1695
f 1695 250 1246
f 253 1696 822
f 823 1275 1696
f 1275 820 1696
f 1696 251 822
f 254 1697 1245
f 824 822 1697
f 822 821 1697
f 1697 252 1245
f 255 1698 825
f 826 1274 1698
f 1698 188 823
f 1698 253 825
f 256 1699 1244
f 827 825 1699
f 825 824 1699
f 1699 254 1244
f 257 1700 828
f 192 1700 829
f 1273 826 1700
f 1700 255 828
f 258 1701 1243
f 830 828 1701
f 828 827 1701
f 1701 256 1243
f 259 1702 831
f 832 1272 1702
f 1702 192 829
f 1702 257 831
f 260 1703 1242
f 833 831 1703
f 831 830 1703
f 1703 258 1242
f 261 1704 834
f 835 1271 1704
f 1271 832 1704
f 1704 259 834
f 262 1705 1241
f 836 834 1705
f 834 833 1705
f 1705 260 1241
f 263 1706 837
f 838 1270 1706
f 1270 835 1706
f 1706 261 837
f 264 1707 1240
f 839 837 1707
f 837 836 1707
f 1707 262 1240
f 265 1708 840
f 200 1708 841
f 1269 838 1708
f 1708 263 840
f 266 1709 1239
f 842 840 1709
f 840 839 1709
f 1709 264 1239
f 267 1710 843
f 844 1268 1710
f 1268 841 1710
f 1710 265 843
f 268 1711 1238
f 845 843 1711
f 843 842 1711
f 1711 266 1238
f 269 1712 846
f 847 1267 1712
f 1267 844 1712
f 1712 267 846
f 270 1713 1237
f 848 846 1713
f 846 845 1713
f 1713 268 1237
f 271 1714 849
f 850 1266 1714
f 1266 847 1714
f 1714 269 849
f 272 1715 1236
f 851 849 1715
f 849 848 1715
f 1715 270 1236
f 273 1716 852
f 853 1265 1716
f 1265 850 1716
f 1716 271 852
f 274 1717 1235
f 854 852 1717
f 852 851 1717
f 1717 272 1235
f 275 1718 855
f 856 1264 1718
f 1264 853 1718
f 1718 273 855
f 276 1719 1234
f 857 855 1719
f 855 854 1719
f 1719 274 1234
f 277 1720 858
f 859 1263 1720
f 1263 856 1720
f 1720 275 858
f 278 1721 1233
f 860 858 1721
f 858 857 1721
f 1721 276 1233
f 279 1722 861
f 862 1262 1722
f 1262 859 1722
f 1722 277 861
f 280 1723 1232
f 863 861 1723
f 861 860 1723
f 1723 278 1232
f 281 1724 864
f 865 1261 1724
f 1261 862 1724
f 1724 279 864
f 282 1725 1231
f 866 864 1725
f 864 863 1725
f 1725 280 1231
f 283 1726 867
f 868 1260 1726
f 1260 865 1726
f 1726 281 867
f 284 1727 1230
f 869 867 1727
f 867 866 1727
f 1727 282 1230
f 285 1728 870
f 871 1259 1728
f 1259 868 1728
f 1728 283 870
f 286 1729 876
f 872 870 1729
f 870 869 1729
f 1729 284 876
f 288 1730 875
f 877 873 1730
f 873 872 1730
f 1730 286 875
f 287 1731 972
f 874 876 1731
f 876 970 1731
f 1731 349 972
f 289 1732 882
f 878 875 1732
f 875 874 1732
f 1732 287 882
f 291 1733 881
f 883 879 1733
f 879 878 1733
f 1733 289 881
f 290 1734 978
f 880 882 1734
f 882 976 1734
f 1734 352 978
f 292 1735 1229
f 884 881 1735
f 881 880 1735
f 1735 290 1229
f 293 1736 885
f 886 1258 1736
f 1258 883 1736
f 1736 291 885
f 294 1737 1228
f 887 885 1737
f 885 884 1737
f 1737 292 1228
f 295 1738 888
f 889 1257 1738
f 1257 886 1738
f 1738 293 888
f 296 1739 1227
f 890 888 1739
f 888 887 1739
f 1739 294 1227
f 297 1740 891
f 892 1256 1740
f 1256 889 1740
f 1740 295 891
f 298 1741 1226
f 893 891 1741
f 891 890 1741
f 1741 296 1226
f 299 1742 894
f 895 1255 1742
f 1255 892 1742
f 1742 297 894
f 300 1743 1225
f 896 894 1743
f 894 893 1743
f 1743 298 1225
f 301 1744 897
f 898 1254 1744
f 1254 895 1744
f 1744 299 897
f 302 1745 1224
f 899 897 1745
f 897 896 1745
f 1745 300 1224
f 303 1746 900
f 901 1253 1746
f 1253 898 1746
f 1746 301 900
f 304 1747 1223
f 902 900 1747
f 900 899 1747
f 1747 302 1223
f 305 1748 903
f 904 1252 1748
f 1252 901 1748
f 1748 303 903
f 306 1749 1222
f 905 903 1749
f 903 902 1749
f 1749 304 1222
f 307 1750 906
f 907 1251 1750
f 1251 904 1750
f 1750 305 906
f 308 1751 1221
f 908 906 1751
f 906 905 1751
f 1751 306 1221
f 309 1752 909
f 910 1250 1752
f 1250 907 1752
f 1752 307 909
f 310 1753 1220
f 911 909 1753
f 909 908 1753
f 1753 308 1220
f 311 1754 912
f 913 1249 1754
f 1249 910 1754
f 1754 309 912
f 312 1755 1219
f 914 912 1755
f 912 911 1755
f 1755 310 1219
f 313 1756 915
f 916 1248 1756
f 1248 913 1756
f 1756 311 915
f 314 1757 1218
f 917 915 1757
f 915 914 1757
f 1757 312 1218
f 315 1758 918
f 919 1247 1758
f 1247 916 1758
f 1758 313 918
f 316 1759 1217
f 920 918 1759
f 918 917 1759
f 1759 314 1217
f 317 1760 921
f 922 1246 1760
f 1246 919 1760
f 1760 315 921
f 318 1761 1216
f 923 921 1761
f 921 920 1761
f 1761 316 1216
f 319 1762 924
f 925 1245 1762
f 1245 922 1762
f 1762 317 924
f 320 1763 1215
f 926 924 1763
f 924 923 1763
f 1763 318 1215
f 321 1764 927
f 928 1244 1764
f 1244 925 1764
f 1764 319 927
f 322 1765 1214
f 929 927 1765
f 927 926 1765
f 1765 320 1214
f 323 1766 930
f 931 1243 1766
f 1243 928 1766
f 1766 321 930
f 324 1767 1213
f 932 930 1767
f 930 929 1767
f 1767 322 1213
f 325 1768 933
f 934 1242 1768
f 1242 931 1768
f 1768 323 933
f 326 1769 1212
f 935 933 1769
f 933 932 1769
f 1769 324 1212
f 327 1770 936
f 937 1241 1770
f 1241 934 1770
f 1770 325 936
f 328 1771 1211
f 938 936 1771
f 936 935 1771
f 1771 326 1211
f 329 1772 939
f 940 1240 1772
f 1240 937 1772
f 1772 327 939
f 330 1773 1210
f 941 939 1773
f 939 938 1773
f 1773 328 1210
f 331 1774 942
f 943 1239 1774
f 1239 940 1774
f 1774 329 942
f 332 1775 1209
f 944 942 1775
f 942 941 1775
f 1775 330 1209
f 333 1776 945
f 946 1238 1776
f 1238 943 1776
f 1776 331 945
f 334 1777 1208
f 947 945 1777
f 945 944 1777
f 1777 332 1208
f 335 1778 948
f 949 1237 1778
f 1237 946 1778
f 1778 333 948
f 336 1779 1207
f 950 948 1779
f 948 947 1779
f 1779 334 1207
f 337 1780 951
f 952 1236 1780
f 1236 949 1780
f 1780 335 951
f 338 1781 1206
f 953 951 1781
f 951 950 1781
f 1781 336 1206
f 339 1782 954
f 955 1235 1782
f 1235 952 1782
f 1782 337 954
f 340 1783 1205
f 956 954 1783
f 954 953 1783
f 1783 338 1205
f 341 1784 957
f 958 1234 1784
f 1234 955 1784
f 1784 339 957
f 342 1785 1204
f 959 957 1785
f 957 956 1785
f 1785 340 1204
f 343 1786 960
f 961 1233 1786
f 1233 958 1786
f 1786 341 960
f 344 1787 1203
f 962 960 1787
f 960 959 1787
f 1787 342 1203
f 345 1788 963
f 964 1232 1788
f 1232 961 1788
f 1788 343 963
f 346 1789 1202
f 965 963 1789
f 963 962 1789
f 1789 344 1202
f 347 1790 966
f 967 1231 1790
f 1231 964 1790
f 1790 345 966
f 348 1791 1201
f 968 966 1791
f 966 965 1791
f 1791 346 1201
f 349 1792 969
f 970 1230 1792
f 1230 967 1792
f 1792 347 969
f 350 1793 975
f 971 969 1793
f 969 968 1793
f 1793 348 975
f 352 1794 974
f 976 972 1794
f 972 971 1794
f 1794 350 974
f 351 1795 1071
f 973 975 1795
f 975 1069 1795
f 1795 413 1071
f 353 1796 981
f 977 974 1796
f 974 973 1796
f 1796 351 981
f 355 1797 980
f 982 978 1797
f 978 977 1797
f 1797 353 980
f 354 1798 1077
f 979 981 1798
f 981 1075 1798
f 1798 416 1077
f 356 1799 1200
f 983 980 1799
f 980 979 1799
f 1799 354 1200
f 357 1800 984
f 985 1229 1800
f 1229 982 1800
f 1800 355 984
f 358 1801 1199
f 986 984 1801
f 984 983 1801
f 1801 356 1199
f 359 1802 987
f 988 1228 1802
f 1228 985 1802
f 1802 357 987
f 360 1803 1198
f 989 987 1803
f 987 986 1803
f 1803 358 1198
f 361 1804 990
f 991 1227 1804
f 1227 988 1804
f 1804 359 990
f 362 1805 1197
f 992 990 1805
f 990 989 1805
f 1805 360 1197
f 363 1806 993
f 994 1226 1806
f 1226 991 1806
f 1806 361 993
f 364 1807 1196
f 995 993 1807
f 993 992 1807
f 1807 362 1196
f 365 1808 996
f 997 1225 1808
f 1225 994 1808
f 1808 363 996
f 366 1809 1195
f 998 996 1809
f 996 995 1809
f 1809 364 1195
f 367 1810 999
f 1000 1224 1810
f 1224 997 1810
f 1810 365 999
f 368 1811 1194
f 1001 999 1811
f 999 998 1811
f 1811 366 1194
f 369 1812 1002
f 1003 1223 1812
f 1223 1000 1812
f 1812 367 1002
f 370 1813 1193
f 1004 1002 1813
f 1002 1001 1813
f 1813 368 1193
f 371 1814 1005
f 1006 1222 1814
f 1222 1003 1814
f 1814 369 1005
f 372 1815 1192
f 1007 1005 1815
f 1005 1004 1815
f 1815 370 1192
f 373 1816 1008
f 1009 1221 1816
f 1221 1006 1816
f 1816 371 1008
f 374 1817 1191
f 1010 1008 1817
f 1008 1007 1817
f 1817 372 1191
f 375 1818 1011
f 1012 1220 1818
f 1220 1009 1818
f 1818 373 1011
f 376 1819 1190
f 1013 1011 1819
f 1011 1010 1819
f 1819 374 1190
f 377 1820 1014
f 1015 1219 1820
f 1219 1012 1820
f 1820 375 1014
f 378 1821 1189
f 1016 1014 1821
f 1014 1013 1821
f 1821 376 1189
f 379 1822 1017
f 1018 1218 1822
f 1218 1015 1822
f 1822 377 1017
f 380 1823 1188
f 1019 1017 1823
f 1017 1016 1823
f 1823 378 1188
f 381 1824 1020
f 1021 1217 1824
f 1217 1018 1824
f 1824 379 1020
f 382 1825 1187
f 1022 1020 1825
f 1020 1019 1825
f 1825 380 1187
f 383 1826 1023
f 1024 1216 1826
f 1216 1021 1826
f 1826 381 1023
f 384 1827 1186
f 1025 1023 1827
f 1023 1022 1827
f 1827 382 1186
f 385 1828 1026
f 1027 1215 1828
f 1215 1024 1828
f 1828 383 1026
f 386 1829 1185
f 1028 1026 1829
f 1026 1025 1829
f 1829 384 1185
f 387 1830 1029
f 1030 1214 1830
f 1214 1027 1830
f 1830 385 1029
f 388 1831 1184
f 1031 1029 1831
f 1029 1028 1831
f 1831 386 1184
f 389 1832 1032
f 1033 1213 1832
f 1213 1030 1832
f 1832 387 1032
f 390 1833 1183
f 1034 1032 1833
f 1032 1031 1833
f 1833 388 1183
f 391 1834 1035
f 1036 1212 1834
f 1212 1033 1834
f 1834 389 1035
f 392 1835 1182
f 1037 1035 1835
f 1035 1034 1835
f 1835 390 1182
f 393 1836 1038
f 1039 1211 1836
f 1211 1036 1836
f 1836 391 1038
f 394 1837 1181
f 1040 1038 1837
f 1038 1037 1837
f 1837 392 1181
f 395 1838 1041
f 1042 1210 1838
f 1210 1039 1838
f 1838 393 1041
f 396 1839 1180
f 1043 1041 1839
f 1041 1040 1839
f 1839 394 1180
f 397 1840 1044
f 1045 1209 1840
f 1209 1042 1840
f 1840 395 1044
f 398 1841 1179
f 1046 1044 1841
f 1044 1043 1841
f 1841 396 1179
f 399 1842 1047
f 1048 1208 1842
f 1208 1045 1842
f 1842 397 1047
f 400 1843 1178
f 1049 1047 1843
f 1047 1046 1843
f 1843 398 1178
f 401 1844 1050
f 1051 1207 1844
f 1207 1048 1844
f 1844 399 1050
f 402 1845 1177
f 1052 1050 1845
f 1050 1049 1845
f 1845 400 1177
f 403 1846 1053
f 1054 1206 1846
f 1206 1051 1846
f 1846 401 1053
f 404 1847 1176
f 1055 1053 1847
f 1053 1052 1847
f 1847 402 1176
f 405 1848 1056
f 1057 1205 1848
f 1205 1054 1848
f 1848 403 1056
f 406 1849 1175
f 1058 1056 1849
f 1056 1055 1849
f 1849 404 1175
f 407 1850 1059
f 1060 1204 1850
f 1204 1057 1850
f 1850 405 1059
f 408 1851 1174
f 1061 1059 1851
f 1059 1058 1851
f 1851 406 1174
f 409 1852 1062
f 1063 1203 1852
f 1203 1060 1852
f 1852 407 1062
f 410 1853 1173
f 1064 1062 1853
f 1062 1061 1853
f 1853 408 1173
f 411 1854 1065
f 1066 1202 1854
f 1202 1063 1854
f 1854 409 1065
f 412 1855 1172
f 1067 1065 1855
f 1065 1064 1855
f 1855 410 1172
f 413 1856 1068
f 1069 1201 1856
f 1201 1066 1856
f 1856 411 1068
f 414 1857 1074
f 1070 1068 1857
f 1068 1067 1857
f 1857 412 1074
f 416 1858 1073
f 1075 1071 1858
f 1071 1070 1858
f 1858 414 1073
f 1072 1159 415
f 414 1859 1072
f 1859 412 1158
f 1159 1158 426
f 1076 1079 417
f 416 1860 1076
f 1860 414 1072
f 1079 1072 415
f 1171 1078 418
f 354 1861 1171
f 1861 416 1076
f 1078 1076 417
f 1087 1080 419
f 418 1862 1087
f 417 1862 1078
f 1080 1088 419
f 417 1863 1080
f 415 1863 1079
f 1081 1101 419
f 420 1864 1081
f 438 1864 1134
f 1100 1081 419
f 437 1865 1100
f 420 1865 1137
f 1111 1082 419
f 448 1866 1111
f 421 1866 1114
f 1082 1083 419
f 421 1867 1082
f 422 1867 1168
f 1083 1084 419
f 422 1868 1083
f 423 1868 1166
f 1084 1085 419
f 423 1869 1084
f 424 1869 1164
f 1085 1086 419
f 424 1870 1085
f 425 1870 1161
f 1086 1087 419
f 425 1871 1086
f 418 1871 1162
f 1088 1089 419
f 415 1872 1088
f 426 1872 1159
f 1089 1090 419
f 426 1873 1089
f 427 1873 1157
f 1090 1091 419
f 427 1874 1090
f 428 1874 1155
f 1091 1092 419
f 428 1875 1091
f 429 1875 1153
f 1092 1093 419
f 429 1876 1092
f 430 1876 1151
f 1093 1094 419
f 430 1877 1093
f 431 1877 1149
f 1094 1095 419
f 431 1878 1094
f 432 1878 1147
f 1095 1096 419
f 432 1879 1095
f 433 1879 1145
f 1096 1097 419
f 433 1880 1096
f 434 1880 1143
f 1097 1098 419
f 434 1881 1097
f 435 1881 1141
f 1098 1099 419
f 435 1882 1098
f 436 1882 1139
f 1099 1100 419
f 436 1883 1099
f 437 1883 1136
f 1101 1102 419
f 438 1884 1101
f 439 1884 1132
f 1102 1103 419
f 439 1885 1102
f 440 1885 1130
f 1103 1104 419
f 440 1886 1103
f 441 1886 1128
f 1104 1105 419
f 441 1887 1104
f 442 1887 1126
f 1105 1106 419
f 442 1888 1105
f 443 1888 1124
f 1106 1107 419
f 443 1889 1106
f 444 1889 1122
f 1107 1108 419
f 444 1890 1107
f 445 1890 1120
f 1108 1109 419
f 445 1891 1108
f 446 1891 1118
f 1109 1110 419
f 446 1892 1109
f 447 1892 1116
f 1110 1111 419
f 447 1893 1110
f 448 1893 1113
f 1112 1114 448
f 366 1894 1112
f 1894 364 1169
f 1114 1169 421
f 1115 1113 447
f 368 1895 1115
f 1895 366 1112
f 1113 1112 448
f 1117 1116 446
f 370 1896 1117
f 1896 368 1115
f 1116 1115 447
f 1119 1118 445
f 372 1897 1119
f 1897 370 1117
f 1118 1117 446
f 1121 1120 444
f 374 1898 1121
f 1898 372 1119
f 1120 1119 445
f 1123 1122 443
f 376 1899 1123
f 1899 374 1121
f 1122 1121 444
f 1125 1124 442
f 378 1900 1125
f 1900 376 1123
f 1124 1123 443
f 1127 1126 441
f 380 1901 1127
f 1901 378 1125
f 1126 1125 442
f 1129 1128 440
f 382 1902 1129
f 1902 380 1127
f 1128 1127 441
f 1131 1130 439
f 384 1903 1131
f 1903 382 1129
f 1130 1129 440
f 1133 1132 438
f 386 1904 1133
f 1904 384 1131
f 1132 1131 439
f 1170 1134 420
f 388 1905 1170
f 1905 386 1133
f 1134 1133 438
f 1135 1137 437
f 390 1906 1135
f 1906 388 1170
f 1137 1170 420
f 1138 1136 436
f 392 1907 1138
f 1907 390 1135
f 1136 1135 437
f 1140 1139 435
f 394 1908 1140
f 1908 392 1138
f 1139 1138 436
f 1142 1141 434
f 396 1909 1142
f 1909 394 1140
f 1141 1140 435
f 1144 1143 433
f 398 1910 1144
f 1910 396 1142
f 1143 1142 434
f 1146 1145 432
f 400 1911 1146
f 1911 398 1144
f 1145 1144 433
f 1148 1147 431
f 402 1912 1148
f 1912 400 1146
f 1147 1146 432
f 1150 1149 430
f 404 1913 1150
f 1913 402 1148
f 1149 1148 431
f 1152 1151 429
f 406 1914 1152
f 1914 404 1150
f 1151 1150 430
f 1154 1153 428
f 408 1915 1154
f 1915 406 1152
f 1153 1152 429
f 1156 1155 427
f 410 1916 1156
f 1916 408 1154
f 1155 1154 428
f 1158 1157 426
f 412 1917 1158
f 1917 410 1156
f 1157 1156 427
f 1160 1162 425
f 356 1918 1160
f 1918 354 1171
f 1162 1171 418
f 1163 1161 424
f 358 1919 1163
f 1919 356 1160
f 1161 1160 425
f 1165 1164 423
f 360 1920 1165
f 1920 358 1163
f 1164 1163 424
f 1167 1166 422
f 362 1921 1167
f 1921 360 1165
f 1166 1165 423
f 1169 1168 421
f 364 1922 1169
f 1922 362 1167
f 1168 1167 422
f 484 1475 483
f 3 1322 1475
f 1475 1322 450
f 483 1475 1321
f 485 1476 582
f 1 483 1476
f 1476 483 2
f 582 1476 580
f 487 1477 486
f 6 1474 1477
f 1477 1474 3
f 486 1477 484
f 488 1478 1473
f 5 486 1478
f 1478 486 1
f 1473 1478 485
f 490 1479 489
f 9 1472 1479
f 1479 1472 6
f 489 1479 487
f 491 1480 1471
f 8 489 1480
f 1480 489 5
f 1471 1480 488
f 493 1481 492
f 12 1470 1481
f 1481 1470 9
f 492 1481 490
f 494 1482 1469
f 11 492 1482
f 1482 492 8
f 1469 1482 491
f 496 1483 495
f 15 1468 1483
f 1483 1468 12
f 495 1483 493
f 497 1484 1467
f 14 495 1484
f 1484 495 11
f 1467 1484 494
f 499 1485 498
f 18 1466 1485
f 1485 1466 15
f 498 1485 496
f 500 1486 1465
f 17 498 1486
f 1486 498 14
f 1465 1486 497
f 502 1487 501
f 21 1464 1487
f 1487 1464 18
f 501 1487 499
f 503 1488 1463
f 20 501 1488
f 1488 501 17
f 1463 1488 500
f 505 1489 504
f 24 1462 1489
f 1489 1462 21
f 504 1489 502
f 506 1490 1461
f 23 504 1490
f 1490 504 20
f 1461 1490 503
f 508 1491 507
f 27 1460 1491
f 1491 1460 24
f 507 1491 505
f 509 1492 1459
f 26 507 1492
f 1492 507 23
f 1459 1492 506
f 511 1493 510
f 30 1458 1493
f 1493 1458 27
f 510 1493 508
f 512 1494 1457
f 29 510 1494
f 1494 510 26
f 1457 1494 509
f 514 1495 513
f 33 1456 1495
f 1495 1456 30
f 513 1495 511
f 515 1496 1455
f 32 513 1496
f 1496 513 29
f 1455 1496 512
f 517 1497 516
f 36 1454 1497
f 1497 1454 33
f 516 1497 514
f 518 1498 1453
f 35 516 1498
f 1498 516 32
f 1453 1498 515
f 520 1499 519
f 39 1452 1499
f 1499 1452 36
f 519 1499 517
f 521 1500 1451
f 38 519 1500
f 1500 519 35
f 1451 1500 518
f 523 1501 522
f 42 1450 1501
f 1501 1450 39
f 522 1501 520
f 524 1502 1449
f 41 522 1502
f 1502 522 38
f 1449 1502 521
f 526 1503 525
f 45 1448 1503
f 1503 1448 42
f 525 1503 523
f 527 1504 1447
f 44 525 1504
f 1504 525 41
f 1447 1504 524
f 529 1505 528
f 48 1446 1505
f 1505 1446 45
f 528 1505 526
f 530 1506 1445
f 47 528 1506
f 1506 528 44
f 1445 1506 527
f 532 1507 531
f 51 1444 1507
f 1507 1444 48
f 531 1507 529
f 533 1508 1443
f 50 531 1508
f 1508 531 47
f 1443 1508 530
f 535 1509 534
f 54 1442 1509
f 1509 1442 51
f 534 1509 532
f 536 1510 1441
f 53 534 1510
f 1510 534 50
f 1441 1510 533
f 538 1511 537
f 57 1440 1511
f 1511 1440 54
f 537 1511 535
f 539 1512 1439
f 56 537 1512
f 1512 537 53
f 1439 1512 536
f 541 1513 540
f 60 1438 1513
f 1513 1438 57
f 540 1513 538
f 542 1514 1437
f 59 540 1514
f 1514 540 56
f 1437 1514 539
f 544 1515 543
f 63 1436 1515
f 1515 1436 60
f 543 1515 541
f 545 1516 1435
f 62 543 1516
f 1516 543 59
f 1435 1516 542
f 547 1517 546
f 66 1434 1517
f 1517 1434 63
f 546 1517 544
f 548 1518 1433
f 65 546 1518
f 1518 546 62
f 1433 1518 545
f 550 1519 549
f 69 1432 1519
f 1519 1432 66
f 549 1519 547
f 551 1520 1431
f 68 549 1520
f 1520 549 65
f 1431 1520 548
f 553 1521 552
f 72 1430 1521
f 1521 1430 69
f 552 1521 550
f 554 1522 1429
f 71 552 1522
f 1522 552 68
f 1429 1522 551
f 556 1523 555
f 75 1428 1523
f 1523 1428 72
f 555 1523 553
f 557 1524 1427
f 74 555 1524
f 1524 555 71
f 1427 1524 554
f 559 1525 558
f 78 1426 1525
f 1525 1426 75
f 558 1525 556
f 560 1526 1425
f 77 558 1526
f 1526 558 74
f 1425 1526 557
f 562 1527 561
f 81 1424 1527
f 1527 1424 78
f 561 1527 559
f 563 1528 1423
f 80 561 1528
f 1528 561 77
f 1423 1528 560
f 565 1529 564
f 84 1422 1529
f 1529 1422 81
f 564 1529 562
f 566 1530 1421
f 83 564 1530
f 1530 564 80
f 1421 1530 563
f 568 1531 567
f 87 1420 1531
f 1531 1420 84
f 567 1531 565
f 569 1532 1419
f 86 567 1532
f 1532 567 83
f 1419 1532 566
f 571 1533 570
f 90 1418 1533
f 1533 1418 87
f 570 1533 568
f 572 1534 1417
f 89 570 1534
f 1534 570 86
f 1417 1534 569
f 574 1535 573
f 93 1319 1535
f 1535 1319 90
f 573 1535 571
f 575 1536 579
f 92 573 1536
f 1536 573 89
f 579 1536 572
f 1321 1537 576
f 450 1318 1537
f 1537 1318 93
f 576 1537 574
f 580 1538 578
f 2 576 1538
f 1538 576 92
f 578 1538 575
f 577 1539 675
f 94 579 1539
f 1539 579 91
f 675 1539 673
f 581 1540 585
f 96 578 1540
f 1540 578 94
f 585 1540 577
f 586 1541 584
f 4 582 1541
f 1541 582 96
f 584 1541 581
f 583 1542 681
f 97 585 1542
f 1542 585 95
f 681 1542 679
f 587 1543 1316
f 99 584 1543
f 1543 584 97
f 1316 1543 583
f 589 1544 588
f 7 1473 1544
f 1544 1473 4
f 588 1544 586
f 590 1545 1315
f 101 588 1545
f 1545 588 99
f 1315 1545 587
f 592 1546 591
f 10 1471 1546
f 1546 1471 7
f 591 1546 589
f 593 1547 1314
f 103 591 1547
f 1547 591 101
f 1314 1547 590
f 595 1548 594
f 13 1469 1548
f 1548 1469 10
f 594 1548 592
f 596 1549 1313
f 105 594 1549
f 1549 594 103
f 1313 1549 593
f 598 1550 597
f 16 1467 1550
f 1550 1467 13
f 597 1550 595
f 599 1551 1312
f 107 597 1551
f 1551 597 105
f 1312 1551 596
f 601 1552 600
f 19 1465 1552
f 1552 1465 16
f 600 1552 598
f 602 1553 1311
f 109 600 1553
f 1553 600 107
f 1311 1553 599
f 604 1554 603
f 22 1463 1554
f 1554 1463 19
f 603 1554 601
f 605 1555 1310
f 111 603 1555
f 1555 603 109
f 1310 1555 602
f 607 1556 606
f 25 1461 1556
f 1556 1461 22
f 606 1556 604
f 608 1557 1309
f 113 606 1557
f 1557 606 111
f 1309 1557 605
f 610 1558 609
f 28 1459 1558
f 1558 1459 25
f 609 1558 607
f 611 1559 1308
f 115 609 1559
f 1559 609 113
f 1308 1559 608
f 613 1560 612
f 31 1457 1560
f 1560 1457 28
f 612 1560 610
f 614 1561 1307
f 117 612 1561
f 1561 612 115
f 1307 1561 611
f 616 1562 615
f 34 1455 1562
f 1562 1455 31
f 615 1562 613
f 617 1563 1306
f 119 615 1563
f 1563 615 117
f 1306 1563 614
f 619 1564 618
f 37 1453 1564
f 1564 1453 34
f 618 1564 616
f 620 1565 1305
f 121 618 1565
f 1565 618 119
f 1305 1565 617
f 622 1566 621
f 40 1451 1566
f 1566 1451 37
f 621 1566 619
f 623 1567 1304
f 123 621 1567
f 1567 621 121
f 1304 1567 620
f 625 1568 624
f 43 1449 1568
f 1568 1449 40
f 624 1568 622
f 626 1569 1303
f 125 624 1569
f 1569 624 123
f 1303 1569 623
f 628 1570 627
f 46 1447 1570
f 1570 1447 43
f 627 1570 625
f 629 1571 1302
f 127 627 1571
f 1571 627 125
f 1302 1571 626
f 631 1572 630
f 49 1445 1572
f 1572 1445 46
f 630 1572 628
f 632 1573 1301
f 129 630 1573
f 1573 630 127
f 1301 1573 629
f 634 1574 633
f 52 1443 1574
f 1574 1443 49
f 633 1574 631
f 635 1575 1300
f 131 633 1575
f 1575 633 129
f 1300 1575 632
f 637 1576 636
f 55 1441 1576
f 1576 1441 52
f 636 1576 634
f 638 1577 1299
f 133 636 1577
f 1577 636 131
f 1299 1577 635
f 640 1578 639
f 58 1439 1578
f 1578 1439 55
f 639 1578 637
f 641 1579 1298
f 135 639 1579
f 1579 639 133
f 1298 1579 638
f 643 1580 642
f 61 1437 1580
f 1580 1437 58
f 642 1580 640
f 644 1581 1297
f 137 642 1581
f 1581 642 135
f 1297 1581 641
f 646 1582 645
f 64 1435 1582
f 1582 1435 61
f 645 1582 643
f 647 1583 1296
f 139 645 1583
f 1583 645 137
f 1296 1583 644
f 649 1584 648
f 67 1433 1584
f 1584 1433 64
f 648 1584 646
f 650 1585 1295
f 141 648 1585
f 1585 648 139
f 1295 1585 647
f 652 1586 651
f 70 1431 1586
f 1586 1431 67
f 651 1586 649
f 653 1587 1294
f 143 651 1587
f 1587 651 141
f 1294 1587 650
f 655 1588 654
f 73 1429 1588
f 1588 1429 70
f 654 1588 652
f 656 1589 1293
f 145 654 1589
f 1589 654 143
f 1293 1589 653
f 658 1590 657
f 76 1427 1590
f 1590 1427 73
f 657 1590 655
f 659 1591 1292
f 147 657 1591
f 1591 657 145
f 1292 1591 656
f 661 1592 660
f 79 1425 1592
f 1592 1425 76
f 660 1592 658
f 662 1593 1291
f 149 660 1593
f 1593 660 147
f 1291 1593 659
f 664 1594 663
f 82 1423 1594
f 1594 1423 79
f 663 1594 661
f 665 1595 1290
f 151 663 1595
f 1595 663 149
f 1290 1595 662
f 667 1596 666
f 85 1421 1596
f 1596 1421 82
f 666 1596 664
f 668 1597 1289
f 153 666 1597
f 1597 666 151
f 1289 1597 665
f 670 1598 669
f 88 1419 1598
f 1598 1419 85
f 669 1598 667
f 671 1599 1288
f 155 669 1599
f 1599 669 153
f 1288 1599 668
f 673 1600 672
f 91 1417 1600
f 1600 1417 88
f 672 1600 670
f 674 1601 678
f 157 672 1601
f 1601 672 155
f 678 1601 671
f 679 1602 677
f 95 675 1602
f 1602 675 157
f 677 1602 674
f 676 1603 774
f 158 678 1603
f 1603 678 156
f 774 1603 772
f 680 1604 684
f 160 677 1604
f 1604 677 158
f 684 1604 676
f 685 1605 683
f 98 681 1605
f 1605 681 160
f 683 1605 680
f 682 1606 780
f 161 684 1606
f 1606 684 159
f 780 1606 778
f 686 1607 1287
f 163 683 1607
f 1607 683 161
f 1287 1607 682
f 689 1608 687
f 100 1316 1608
f 1608 1316 98
f 687 1608 685
f 688 1609 1286
f 165 687 1609
f 1609 687 163
f 1286 1609 686
f 168 692 1610
f 167 690 1610
f 1610 690 165
f 1285 1610 688
f 691 1611 690
f 102 1315 1611
f 1611 1315 100
f 690 1611 689
f 694 1612 693
f 104 1314 1612
f 1612 1314 102
f 693 1612 691
f 695 1613 1284
f 169 693 1613
f 1613 693 167
f 1284 1613 692
f 697 1614 696
f 106 1313 1614
f 1614 1313 104
f 696 1614 694
f 698 1615 1283
f 171 696 1615
f 1615 696 169
f 1283 1615 695
f 700 1616 699
f 108 1312 1616
f 1616 1312 106
f 699 1616 697
f 701 1617 1282
f 173 699 1617
f 1617 699 171
f 1282 1617 698
f 703 1618 702
f 110 1311 1618
f 1618 1311 108
f 702 1618 700
f 704 1619 1281
f 175 702 1619
f 1619 702 173
f 1281 1619 701
f 706 1620 705
f 112 1310 1620
f 1620 1310 110
f 705 1620 703
f 707 1621 1280
f 177 705 1621
f 1621 705 175
f 1280 1621 704
f 709 1622 708
f 114 1309 1622
f 1622 1309 112
f 708 1622 706
f 710 1623 1279
f 179 708 1623
f 1623 708 177
f 1279 1623 707
f 712 1624 711
f 116 1308 1624
f 1624 1308 114
f 711 1624 709
f 713 1625 1278
f 181 711 1625
f 1625 711 179
f 1278 1625 710
f 715 1626 714
f 118 1307 1626
f 1626 1307 116
f 714 1626 712
f 716 1627 1277
f 183 714 1627
f 1627 714 181
f 1277 1627 713
f 718 1628 717
f 120 1306 1628
f 1628 1306 118
f 717 1628 715
f 719 1629 1276
f 185 717 1629
f 1629 717 183
f 1276 1629 716
f 721 1630 720
f 122 1305 1630
f 1630 1305 120
f 720 1630 718
f 722 1631 1275
f 187 720 1631
f 1631 720 185
f 1275 1631 719
f 724 1632 723
f 124 1304 1632
f 1632 1304 122
f 723 1632 721
f 725 1633 1274
f 189 723 1633
f 1633 723 187
f 1274 1633 722
f 727 1634 726
f 126 1303 1634
f 1634 1303 124
f 726 1634 724
f 728 1635 1273
f 191 726 1635
f 1635 726 189
f 1273 1635 725
f 730 1636 729
f 128 1302 1636
f 1636 1302 126
f 729 1636 727
f 731 1637 1272
f 193 729 1637
f 1637 729 191
f 1272 1637 728
f 733 1638 732
f 130 1301 1638
f 1638 1301 128
f 732 1638 730
f 734 1639 1271
f 195 732 1639
f 1639 732 193
f 1271 1639 731
f 736 1640 735
f 132 1300 1640
f 1640 1300 130
f 735 1640 733
f 737 1641 1270
f 197 735 1641
f 1641 735 195
f 1270 1641 734
f 739 1642 738
f 134 1299 1642
f 1642 1299 132
f 738 1642 736
f 740 1643 1269
f 199 738 1643
f 1643 738 197
f 1269 1643 737
f 742 1644 741
f 136 1298 1644
f 1644 1298 134
f 741 1644 739
f 743 1645 1268
f 201 741 1645
f 1645 741 199
f 1268 1645 740
f 745 1646 744
f 138 1297 1646
f 1646 1297 136
f 744 1646 742
f 746 1647 1267
f 203 744 1647
f 1647 744 201
f 1267 1647 743
f 748 1648 747
f 140 1296 1648
f 1648 1296 138
f 747 1648 745
f 749 1649 1266
f 205 747 1649
f 1649 747 203
f 1266 1649 746
f 751 1650 750
f 142 1295 1650
f 1650 1295 140
f 750 1650 748
f 752 1651 1265
f 207 750 1651
f 1651 750 205
f 1265 1651 749
f 754 1652 753
f 144 1294 1652
f 1652 1294 142
f 753 1652 751
f 210 755 1653
f 209 753 1653
f 1653 753 207
f 1264 1653 752
f 757 1654 756
f 146 1293 1654
f 1654 1293 144
f 756 1654 754
f 758 1655 1263
f 211 756 1655
f 1655 756 209
f 1655 755 210
f 760 1656 759
f 148 1292 1656
f 1656 1292 146
f 759 1656 757
f 761 1657 1262
f 213 759 1657
f 1657 759 211
f 1657 758 212
f 763 1658 762
f 150 1291 1658
f 1658 1291 148
f 762 1658 760
f 764 1659 1261
f 215 762 1659
f 1659 762 213
f 1261 1659 761
f 766 1660 765
f 152 1290 1660
f 1660 1290 150
f 765 1660 763
f 218 767 1661
f 217 765 1661
f 1661 765 215
f 1260 1661 764
f 769 1662 768
f 154 1289 1662
f 1662 1289 152
f 768 1662 766
f 770 1663 1259
f 219 768 1663
f 1663 768 217
f 1259 1663 767
f 772 1664 771
f 156 1288 1664
f 1664 1288 154
f 771 1664 769
f 773 1665 777
f 221 771 1665
f 1665 771 219
f 777 1665 770
f 778 1666 776
f 159 774 1666
f 1666 774 221
f 776 1666 773
f 223 775 1667
f 775 222 777
f 777 220 871
f 1667 871 285
f 225 779 1668
f 779 224 776
f 776 222 775
f 1668 775 223
f 227 784 1669
f 784 162 780
f 1669 780 224
f 1669 779 225
f 226 781 1670
f 781 225 783
f 783 223 877
f 1670 877 288
f 228 785 1671
f 785 227 782
f 782 225 781
f 1671 781 226
f 229 787 1672
f 787 164 1287
f 1287 162 784
f 1672 784 227
f 230 788 1673
f 788 229 786
f 786 227 785
f 1673 785 228
f 231 790 1674
f 790 166 1286
f 1286 164 787
f 1674 787 229
f 232 791 1675
f 791 231 789
f 789 229 788
f 1675 788 230
f 233 793 1676
f 168 1285 1676
f 1285 166 790
f 1676 790 231
f 234 794 1677
f 794 233 792
f 792 231 791
f 1677 791 232
f 235 796 1678
f 796 170 1284
f 1284 168 793
f 1678 793 233
f 236 797 1679
f 797 235 795
f 795 233 794
f 1679 794 234
f 237 799 1680
f 799 172 1283
f 1283 170 796
f 1680 796 235
f 238 800 1681
f 800 237 798
f 798 235 797
f 1681 797 236
f 239 802 1682
f 174 1282 1682
f 1282 172 799
f 1682 799 237
f 240 803 1683
f 803 239 801
f 801 237 800
f 1683 800 238
f 241 805 1684
f 805 176 1281
f 1281 174 802
f 1684 802 239
f 242 806 1685
f 806 241 804
f 804 239 803
f 1685 803 240
f 243 808 1686
f 808 178 1280
f 1280 176 805
f 1686 805 241
f 244 809 1687
f 809 243 807
f 807 241 806
f 1687 806 242
f 245 811 1688
f 811 180 1279
f 1279 178 808
f 1688 808 243
f 246 812 1689
f 812 245 810
f 810 243 809
f 1689 809 244
f 247 814 1690
f 814 182 1278
f 1278 180 811
f 1690 811 245
f 248 815 1691
f 815 247 813
f 813 245 812
f 1691 812 246
f 249 817 1692
f 817 184 1277
f 1277 182 814
f 1692 814 247
f 250 818 1693
f 818 249 816
f 816 247 815
f 1693 815 248
f 251 820 1694
f 820 186 1276
f 1694 1276 184
f 1694 817 249
f 252 821 1695
f 821 251 819
f 819 249 818
f 1695 818 250
f 253 823 1696
f 823 188 1275
f 1275 186 820
f 1696 820 251
f 254 824 1697
f 824 253 822
f 822 251 821
f 1697 821 252
f 255 826 1698
f 826 190 1274
f 1698 1274 188
f 1698 823 253
f 256 827 1699
f 827 255 825
f 825 253 824
f 1699 824 254
f 257 829 1700
f 192 1273 1700
f 1273 190 826
f 1700 826 255
f 258 830 1701
f 830 257 828
f 828 255 827
f 1701 827 256
f 259 832 1702
f 832 194 1272
f 1702 1272 192
f 1702 829 257
f 260 833 1703
f 833 259 831
f 831 257 830
f 1703 830 258
f 261 835 1704
f 835 196 1271
f 1271 194 832
f 1704 832 259
f 262 836 1705
f 836 261 834
f 834 259 833
f 1705 833 260
f 263 838 1706
f 838 198 1270
f 1270 196 835
f 1706 835 261
f 264 839 1707
f 839 263 837
f 837 261 836
f 1707 836 262
f 265 841 1708
f 200 1269 1708
f 1269 198 838
f 1708 838 263
f 266 842 1709
f 842 265 840
f 840 263 839
f 1709 839 264
f 267 844 1710
f 844 202 1268
f 1268 200 841
f 1710 841 265
f 268 845 1711
f 845 267 843
f 843 265 842
f 1711 842 266
f 269 847 1712
f 847 204 1267
f 1267 202 844
f 1712 844 267
f 270 848 1713
f 848 269 846
f 846 267 845
f 1713 845 268
f 271 850 1714
f 850 206 1266
f 1266 204 847
f 1714 847 269
f 272 851 1715
f 851 271 849
f 849 269 848
f 1715 848 270
f 273 853 1716
f 853 208 1265
f 1265 206 850
f 1716 850 271
f 274 854 1717
f 854 273 852
f 852 271 851
f 1717 851 272
f 275 856 1718
f 856 210 1264
f 1264 208 853
f 1718 853 273
f 276 857 1719
f 857 275 855
f 855 273 854
f 1719 854 274
f 277 859 1720
f 859 212 1263
f 1263 210 856
f 1720 856 275
f 278 860 1721
f 860 277 858
f 858 275 857
f 1721 857 276
f 279 862 1722
f 862 214 1262
f 1262 212 859
f 1722 859 277
f 280 863 1723
f 863 279 861
f 861 277 860
f 1723 860 278
f 281 865 1724
f 865 216 1261
f 1261 214 862
f 1724 862 279
f 282 866 1725
f 866 281 864
f 864 279 863
f 1725 863 280
f 283 868 1726
f 868 218 1260
f 1260 216 865
f 1726 865 281
f 284 869 1727
f 869 283 867
f 867 281 866
f 1727 866 282
f 285 871 1728
f 871 220 1259
f 1259 218 868
f 1728 868 283
f 286 872 1729
f 872 285 870
f 870 283 869
f 1729 869 284
f 288 877 1730
f 877 223 873
f 873 285 872
f 1730 872 286
f 287 874 1731
f 874 286 876
f 876 284 970
f 1731 970 349
f 289 878 1732
f 878 288 875
f 875 286 874
f 1732 874 287
f 291 883 1733
f 883 226 879
f 879 288 878
f 1733 878 289
f 290 880 1734
f 880 289 882
f 882 287 976
f 1734 976 352
f 292 884 1735
f 884 291 881
f 881 289 880
f 1735 880 290
f 293 886 1736
f 886 228 1258
f 1258 226 883
f 1736 883 291
f 294 887 1737
f 887 293 885
f 885 291 884
f 1737 884 292
f 295 889 1738
f 889 230 1257
f 1257 228 886
f 1738 886 293
f 296 890 1739
f 890 295 888
f 888 293 887
f 1739 887 294
f 297 892 1740
f 892 232 1256
f 1256 230 889
f 1740 889 295
f 298 893 1741
f 893 297 891
f 891 295 890
f 1741 890 296
f 299 895 1742
f 895 234 1255
f 1255 232 892
f 1742 892 297
f 300 896 1743
f 896 299 894
f 894 297 893
f 1743 893 298
f 301 898 1744
f 898 236 1254
f 1254 234 895
f 1744 895 299
f 302 899 1745
f 899 301 897
f 897 299 896
f 1745 896 300
f 303 901 1746
f 901 238 1253
f 1253 236 898
f 1746 898 301
f 304 902 1747
f 902 303 900
f 900 301 899
f 1747 899 302
f 305 904 1748
f 904 240 1252
f 1252 238 901
f 1748 901 303
f 306 905 1749
f 905 305 903
f 903 303 902
f 1749 902 304
f 307 907 1750
f 907 242 1251
f 1251 240 904
f 1750 904 305
f 308 908 1751
f 908 307 906
f 906 305 905
f 1751 905 306
f 309 910 1752
f 910 244 1250
f 1250 242 907
f 1752 907 307
f 310 911 1753
f 911 309 909
f 909 307 908
f 1753 908 308
f 311 913 1754
f 913 246 1249
f 1249 244 910
f 1754 910 309
f 312 914 1755
f 914 311 912
f 912 309 911
f 1755 911 310
f 313 916 1756
f 916 248 1248
f 1248 246 913
f 1756 913 311
f 314 917 1757
f 917 313 915
f 915 311 914
f 1757 914 312
f 315 919 1758
f 919 250 1247
f 1247 248 916
f 1758 916 313
f 316 920 1759
f 920 315 918
f 918 313 917
f 1759 917 314
f 317 922 1760
f 922 252 1246
f 1246 250 919
f 1760 919 315
f 318 923 1761
f 923 317 921
f 921 315 920
f 1761 920 316
f 319 925 1762
f 925 254 1245
f 1245 252 922
f 1762 922 317
f 320 926 1763
f 926 319 924
f 924 317 923
f 1763 923 318
f 321 928 1764
f 928 256 1244
f 1244 254 925
f 1764 925 319
f 322 929 1765
f 929 321 927
f 927 319 926
f 1765 926 320
f 323 931 1766
f 931 258 1243
f 1243 256 928
f 1766 928 321
f 324 932 1767
f 932 323 930
f 930 321 929
f 1767 929 322
f 325 934 1768
f 934 260 1242
f 1242 258 931
f 1768 931 323
f 326 935 1769
f 935 325 933
f 933 323 932
f 1769 932 324
f 327 937 1770
f 937 262 1241
f 1241 260 934
f 1770 934 325
f 328 938 1771
f 938 327 936
f 936 325 935
f 1771 935 326
f 329 940 1772
f 940 264 1240
f 1240 262 937
f 1772 937 327
f 330 941 1773
f 941 329 939
f 939 327 938
f 1773 938 328
f 331 943 1774
f 943 266 1239
f 1239 264 940
f 1774 940 329
f 332 944 1775
f 944 331 942
f 942 329 941
f 1775 941 330
f 333 946 1776
f 946 268 1238
f 1238 266 943
f 1776 943 331
f 334 947 1777
f 947 333 945
f 945 331 944
f 1777 944 332
f 335 949 1778
f 949 270 1237
f 1237 268 946
f 1778 946 333
f 336 950 1779
f 950 335 948
f 948 333 947
f 1779 947 334
f 337 952 1780
f 952 272 1236
f 1236 270 949
f 1780 949 335
f 338 953 1781
f 953 337 951
f 951 335 950
f 1781 950 336
f 339 955 1782
f 955 274 1235
f 1235 272 952
f 1782 952 337
f 340 956 1783
f 956 339 954
f 954 337 953
f 1783 953 338
f 341 958 1784
f 958 276 1234
f 1234 274 955
f 1784 955 339
f 342 959 1785
f 959 341 957
f 957 339 956
f 1785 956 340
f 343 961 1786
f 961 278 1233
f 1233 276 958
f 1786 958 341
f 344 962 1787
f 962 343 960
f 960 341 959
f 1787 959 342
f 345 964 1788
f 964 280 1232
f 1232 278 961
f 1788 961 343
f 346 965 1789
f 965 345 963
f 963 343 962
f 1789 962 344
f 347 967 1790
f 967 282 1231
f 1231 280 964
f 1790 964 345
f 348 968 1791
f 968 347 966
f 966 345 965
f 1791 965 346
f 349 970 1792
f 970 284 1230
f 1230 282 967
f 1792 967 347
f 350 971 1793
f 971 349 969
f 969 347 968
f 1793 968 348
f 352 976 1794
f 976 287 972
f 972 349 971
f 1794 971 350
f 351 973 1795
f 973 350 975
f 975 348 1069
f 1795 1069 413
f 353 977 1796
f 977 352 974
f 974 350 973
f 1796 973 351
f 355 982 1797
f 982 290 978
f 978 352 977
f 1797 977 353
f 354 979 1798
f 979 353 981
f 981 351 1075
f 1798 1075 416
f 356 983 1799
f 983 355 980
f 980 353 979
f 1799 979 354
f 357 985 1800
f 985 292 1229
f 1229 290 982
f 1800 982 355
f 358 986 1801
f 986 357 984
f 984 355 983
f 1801 983 356
f 359 988 1802
f 988 294 1228
f 1228 292 985
f 1802 985 357
f 360 989 1803
f 989 359 987
f 987 357 986
f 1803 986 358
f 361 991 1804
f 991 296 1227
f 1227 294 988
f 1804 988 359
f 362 992 1805
f 992 361 990
f 990 359 989
f 1805 989 360
f 363 994 1806
f 994 298 1226
f 1226 296 991
f 1806 991 361
f 364 995 1807
f 995 363 993
f 993 361 992
f 1807 992 362
f 365 997 1808
f 997 300 1225
f 1225 298 994
f 1808 994 363
f 366 998 1809
f 998 365 996
f 996 363 995
f 1809 995 364
f 367 1000 1810
f 1000 302 1224
f 1224 300 997
f 1810 997 365
f 368 1001 1811
f 1001 367 999
f 999 365 998
f 1811 998 366
f 369 1003 1812
f 1003 304 1223
f 1223 302 1000
f 1812 1000 367
f 370 1004 1813
f 1004 369 1002
f 1002 367 1001
f 1813 1001 368
f 371 1006 1814
f 1006 306 1222
f 1222 304 1003
f 1814 1003 369
f 372 1007 1815
f 1007 371 1005
f 1005 369 1004
f 1815 1004 370
f 373 1009 1816
f 1009 308 1221
f 1221 306 1006
f 1816 1006 371
f 374 1010 1817
f 1010 373 1008
f 1008 371 1007
f 1817 1007 372
f 375 1012 1818
f 1012 310 1220
f 1220 308 1009
f 1818 1009 373
f 376 1013 1819
f 1013 375 1011
f 1011 373 1010
f 1819 1010 374
f 377 1015 1820
f 1015 312 1219
f 1219 310 1012
f 1820 1012 375
f 378 1016 1821
f 1016 377 1014
f 1014 375 1013
f 1821 1013 376
f 379 1018 1822
f 1018 314 1218
f 1218 312 1015
f 1822 1015 377
f 380 1019 1823
f 1019 379 1017
f 1017 377 1016
f 1823 1016 378
f 381 1021 1824
f 1021 316 1217
f 1217 314 1018
f 1824 1018 379
f 382 1022 1825
f 1022 381 1020
f 1020 379 1019
f 1825 1019 380
f 383 1024 1826
f 1024 318 1216
f 1216 316 1021
f 1826 1021 381
f 384 1025 1827
f 1025 383 1023
f 1023 381 1022
f 1827 1022 382
f 385 1027 1828
f 1027 320 1215
f 1215 318 1024
f 1828 1024 383
f 386 1028 1829
f 1028 385 1026
f 1026 383 1025
f 1829 1025 384
f 387 1030 1830
f 1030 322 1214
f 1214 320 1027
f 1830 1027 385
f 388 1031 1831
f 1031 387 1029
f 1029 385 1028
f 1831 1028 386
f 389 1033 1832
f 1033 324 1213
f 1213 322 1030
f 1832 1030 387
f 390 1034 1833
f 1034 389 1032
f 1032 387 1031
f 1833 1031 388
f 391 1036 1834
f 1036 326 1212
f 1212 324 1033
f 1834 1033 389
f 392 1037 1835
f 1037 391 1035
f 1035 389 1034
f 1835 1034 390
f 393 1039 1836
f 1039 328 1211
f 1211 326 1036
f 1836 1036 391
f 394 1040 1837
f 1040 393 1038
f 1038 391 1037
f 1837 1037 392
f 395 1042 1838
f 1042 330 1210
f 1210 328 1039
f 1838 1039 393
f 396 1043 1839
f 1043 395 1041
f 1041 393 1040
f 1839 1040 394
f 397 1045 1840
f 1045 332 1209
f 1209 330 1042
f 1840 1042 395
f 398 1046 1841
f 1046 397 1044
f 1044 395 1043
f 1841 1043 396
f 399 1048 1842
f 1048 334 1208
f 1208 332 1045
f 1842 1045 397
f 400 1049 1843
f 1049 399 1047
f 1047 397 1046
f 1843 1046 398
f 401 1051 1844
f 1051 336 1207
f 1207 334 1048
f 1844 1048 399
f 402 1052 1845
f 1052 401 1050
f 1050 399 1049
f 1845 1049 400
f 403 1054 1846
f 1054 338 1206
f 1206 336 1051
f 1846 1051 401
f 404 1055 1847
f 1055 403 1053
f 1053 401 1052
f 1847 1052 402
f 405 1057 1848
f 1057 340 1205
f 1205 338 1054
f 1848 1054 403
f 406 1058 1849
f 1058 405 1056
f 1056 403 1055
f 1849 1055 404
f 407 1060 1850
f 1060 342 1204
f 1204 340 1057
f 1850 1057 405
f 408 1061 1851
f 1061 407 1059
f 1059 405 1058
f 1851 1058 406
f 409 1063 1852
f 1063 344 1203
f 1203 342 1060
f 1852 1060 407
f 410 1064 1853
f 1064 409 1062
f 1062 407 1061
f 1853 1061 408
f 411 1066 1854
f 1066 346 1202
f 1202 344 1063
f 1854 1063 409
f 412 1067 1855
f 1067 411 1065
f 1065 409 1064
f 1855 1064 410
f 413 1069 1856
f 1069 348 1201
f 1201 346 1066
f 1856 1066 411
f 414 1070 1857
f 1070 413 1068
f 1068 411 1067
f 1857 1067 412
f 416 1075 1858
f 1075 351 1071
f 1071 413 1070
f 1858 1070 414
f 1072 1859 1159
f 414 1074 1859
f 1859 1074 412
f 1159 1859 1158
f 1076 1860 1079
f 416 1073 1860
f 1860 1073 414
f 1079 1860 1072
f 1171 1861 1078
f 354 1077 1861
f 1861 1077 416
f 1078 1861 1076
f 1087 1862 1080
f 418 1078 1862
f 417 1080 1862
f 1080 1863 1088
f 417 1079 1863
f 415 1088 1863
f 1081 1864 1101
f 420 1134 1864
f 438 1101 1864
f 1100 1865 1081
f 437 1137 1865
f 420 1081 1865
f 1111 1866 1082
f 448 1114 1866
f 421 1082 1866
f 1082 1867 1083
f 421 1168 1867
f 422 1083 1867
f 1083 1868 1084
f 422 1166 1868
f 423 1084 1868
f 1084 1869 1085
f 423 1164 1869
f 424 1085 1869
f 1085 1870 1086
f 424 1161 1870
f 425 1086 1870
f 1086 1871 1087
f 425 1162 1871
f 418 1087 1871
f 1088 1872 1089
f 415 1159 1872
f 426 1089 1872
f 1089 1873 1090
f 426 1157 1873
f 427 1090 1873
f 1090 1874 1091
f 427 1155 1874
f 428 1091 1874
f 1091 1875 1092
f 428 1153 1875
f 429 1092 1875
f 1092 1876 1093
f 429 1151 1876
f 430 1093 1876
f 1093 1877 1094
f 430 1149 1877
f 431 1094 1877
f 1094 1878 1095
f 431 1147 1878
f 432 1095 1878
f 1095 1879 1096
f 432 1145 1879
f 433 1096 1879
f 1096 1880 1097
f 433 1143 1880
f 434 1097 1880
f 1097 1881 1098
f 434 1141 1881
f 435 1098 1881
f 1098 1882 1099
f 435 1139 1882
f 436 1099 1882
f 1099 1883 1100
f 436 1136 1883
f 437 1100 1883
f 1101 1884 1102
f 438 1132 1884
f 439 1102 1884
f 1102 1885 1103
f 439 1130 1885
f 440 1103 1885
f 1103 1886 1104
f 440 1128 1886
f 441 1104 1886
f 1104 1887 1105
f 441 1126 1887
f 442 1105 1887
f 1105 1888 1106
f 442 1124 1888
f 443 1106 1888
f 1106 1889 1107
f 443 1122 1889
f 444 1107 1889
f 1107 1890 1108
f 444 1120 1890
f 445 1108 1890
f 1108 1891 1109
f 445 1118 1891
f 446 1109 1891
f 1109 1892 1110
f 446 1116 1892
f 447 1110 1892
f 1110 1893 1111
f 447 1113 1893
f 448 1111 1893
f 1112 1894 1114
f 366 1195 1894
f 1894 1195 364
f 1114 1894 1169
f 1115 1895 1113
f 368 1194 1895
f 1895 1194 366
f 1113 1895 1112
f 1117 1896 1116
f 370 1193 1896
f 1896 1193 368
f 1116 1896 1115
f 1119 1897 1118
f 372 1192 1897
f 1897 1192 370
f 1118 1897 1117
f 1121 1898 1120
f 374 1191 1898
f 1898 1191 372
f 1120 1898 1119
f 1123 1899 1122
f 376 1190 1899
f 1899 1190 374
f 1122 1899 1121
f 1125 1900 1124
f 378 1189 1900
f 1900 1189 376
f 1124 1900 1123
f 1127 1901 1126
f 380 1188 1901
f 1901 1188 378
f 1126 1901 1125
f 1129 1902 1128
f 382 1187 1902
f 1902 1187 380
f 1128 1902 1127
f 1131 1903 1130
f 384 1186 1903
f 1903 1186 382
f 1130 1903 1129
f 1133 1904 1132
f 386 1185 1904
f 1904 1185 384
f 1132 1904 1131
f 1170 1905 1134
f 388 1184 1905
f 1905 1184 386
f 1134 1905 1133
f 1135 1906 1137
f 390 1183 1906
f 1906 1183 388
f 1137 1906 1170
f 1138 1907 1136
f 392 1182 1907
f 1907 1182 390
f 1136 1907 1135
f 1140 1908 1139
f 394 1181 1908
f 1908 1181 392
f 1139 1908 1138
f 1142 1909 1141
f 396 1180 1909
f 1909 1180 394
f 1141 1909 1140
f 1144 1910 1143
f 398 1179 1910
f 1910 1179 396
f 1143 1910 1142
f 1146 1911 1145
f 400 1178 1911
f 1911 1178 398
f 1145 1911 1144
f 1148 1912 1147
f 402 1177 1912
f 1912 1177 400
f 1147 1912 1146
f 1150 1913 1149
f 404 1176 1913
f 1913 1176 402
f 1149 1913 1148
f 1152 1914 1151
f 406 1175 1914
f 1914 1175 404
f 1151 1914 1150
f 1154 1915 1153
f 408 1174 1915
f 1915 1174 406
f 1153 1915 1152
f 1156 1916 1155
f 410 1173 1916
f 1916 1173 408
f 1155 1916 1154
f 1158 1917 1157
f 412 1172 1917
f 1917 1172 410
f 1157 1917 1156
f 1160 1918 1162
f 356 1200 1918
f 1918 1200 354
f 1162 1918 1171
f 1163 1919 1161
f 358 1199 1919
f 1919 1199 356
f 1161 1919 1160
f 1165 1920 1164
f 360 1198 1920
f 1920 1198 358
f 1164 1920 1163
f 1167 1921 1166
f 362 1197 1921
f 1921 1197 360
f 1166 1921 1165
f 1169 1922 1168
f 364 1196 1922
f 1922 1196 362
f 1168 1922 1167
usemtl White
f 93 1923 1319
f 1317 1414 1923
f 1414 1413 1923
f 1923 90 1319
f 450 1924 1318
f 1320 1323 1924
f 1323 1317 1924
f 1924 93 1318
f 3 1925 1322
f 1326 1325 1925
f 1325 1320 1925
f 1925 450 1322
f 451 1926 1323
f 1416 1324 452
f 449 1926 1416
f 453 1927 1325
f 1324 1328 452
f 451 1927 1324
f 6 1928 1474
f 1329 1327 1928
f 1327 1326 1928
f 1928 3 1474
f 454 1929 1327
f 1328 1331 452
f 453 1929 1328
f 9 1930 1472
f 1332 1330 1930
f 1330 1329 1930
f 1930 6 1472
f 455 1931 1330
f 1331 1334 452
f 454 1931 1331
f 12 1932 1470
f 1335 1333 1932
f 1333 1332 1932
f 1932 9 1470
f 456 1933 1333
f 1334 1337 452
f 455 1933 1334
f 15 1934 1468
f 1338 1336 1934
f 1336 1335 1934
f 1934 12 1468
f 457 1935 1336
f 1337 1340 452
f 456 1935 1337
f 18 1936 1466
f 1341 1339 1936
f 1339 1338 1936
f 1936 15 1466
f 458 1937 1339
f 1340 1343 452
f 457 1937 1340
f 21 1938 1464
f 1344 1342 1938
f 1342 1341 1938
f 1938 18 1464
f 459 1939 1342
f 1343 1346 452
f 458 1939 1343
f 24 1940 1462
f 1347 1345 1940
f 1345 1344 1940
f 1940 21 1462
f 460 1941 1345
f 1346 1349 452
f 459 1941 1346
f 27 1942 1460
f 1350 1348 1942
f 1348 1347 1942
f 1942 24 1460
f 461 1943 1348
f 1349 1352 452
f 460 1943 1349
f 30 1944 1458
f 1353 1351 1944
f 1351 1350 1944
f 1944 27 1458
f 462 1945 1351
f 1352 1355 452
f 461 1945 1352
f 33 1946 1456
f 1356 1354 1946
f 1354 1353 1946
f 1946 30 1456
f 463 1947 1354
f 1355 1358 452
f 462 1947 1355
f 36 1948 1454
f 1359 1357 1948
f 1357 1356 1948
f 1948 33 1454
f 464 1949 1357
f 1358 1361 452
f 463 1949 1358
f 39 1950 1452
f 1362 1360 1950
f 1360 1359 1950
f 1950 36 1452
f 465 1951 1360
f 1361 1364 452
f 464 1951 1361
f 42 1952 1450
f 1365 1363 1952
f 1363 1362 1952
f 1952 39 1450
f 466 1953 1363
f 1364 1367 452
f 465 1953 1364
f 45 1954 1448
f 1368 1366 1954
f 1366 1365 1954
f 1954 42 1448
f 467 1955 1366
f 1367 1370 452
f 466 1955 1367
f 48 1956 1446
f 1371 1369 1956
f 1369 1368 1956
f 1956 45 1446
f 468 1957 1369
f 1370 1373 452
f 467 1957 1370
f 51 1958 1444
f 1374 1372 1958
f 1372 1371 1958
f 1958 48 1444
f 469 1959 1372
f 1373 1376 452
f 468 1959 1373
f 54 1960 1442
f 1377 1375 1960
f 1375 1374 1960
f 1960 51 1442
f 470 1961 1375
f 1376 1379 452
f 469 1961 1376
f 57 1962 1440
f 1380 1378 1962
f 1378 1377 1962
f 1962 54 1440
f 471 1963 1378
f 1379 1382 452
f 470 1963 1379
f 60 1964 1438
f 1383 1381 1964
f 1381 1380 1964
f 1964 57 1438
f 472 1965 1381
f 1382 1385 452
f 471 1965 1382
f 63 1966 1436
f 1386 1384 1966
f 1384 1383 1966
f 1966 60 1436
f 473 1967 1384
f 1385 1388 452
f 472 1967 1385
f 66 1968 1434
f 1389 1387 1968
f 1387 1386 1968
f 1968 63 1434
f 474 1969 1387
f 1388 1391 452
f 473 1969 1388
f 69 1970 1432
f 1392 1390 1970
f 1390 1389 1970
f 1970 66 1432
f 475 1971 1390
f 1391 1394 452
f 474 1971 1391
f 72 1972 1430
f 1395 1393 1972
f 1393 1392 1972
f 1972 69 1430
f 476 1973 1393
f 1394 1397 452
f 475 1973 1394
f 75 1974 1428
f 1398 1396 1974
f 1396 1395 1974
f 1974 72 1428
f 477 1975 1396
f 1397 1400 452
f 476 1975 1397
f 78 1976 1426
f 1401 1399 1976
f 1399 1398 1976
f 1976 75 1426
f 478 1977 1399
f 1400 1403 452
f 477 1977 1400
f 81 1978 1424
f 1405 1402 1978
f 1402 1401 1978
f 1978 78 1424
f 479 1979 1402
f 1403 1404 452
f 478 1979 1403
f 480 1980 1406
f 1404 1409 452
f 479 1980 1404
f 84 1981 1422
f 1407 1406 1981
f 1406 1405 1981
f 1981 81 1422
f 87 1982 1420
f 1410 1408 1982
f 1408 1407 1982
f 1982 84 1420
f 481 1983 1408
f 1409 1412 452
f 480 1983 1409
f 90 1984 1418
f 1413 1411 1984
f 1411 1410 1984
f 1984 87 1418
f 482 1985 1411
f 1412 1415 452
f 481 1985 1412
f 449 1986 1414
f 1415 1416 452
f 482 1986 1415
f 93 1317 1923
f 1317 449 1414
f 1414 482 1413
f 1923 1413 90
f 450 1320 1924
f 1320 451 1323
f 1323 449 1317
f 1924 1317 93
f 3 1326 1925
f 1326 453 1325
f 1325 451 1320
f 1925 1320 450
f 451 1324 1926
f 1416 1926 1324
f 449 1323 1926
f 453 1328 1927
f 1324 1927 1328
f 451 1325 1927
f 6 1329 1928
f 1329 454 1327
f 1327 453 1326
f 1928 1326 3
f 454 1331 1929
f 1328 1929 1331
f 453 1327 1929
f 9 1332 1930
f 1332 455 1330
f 1330 454 1329
f 1930 1329 6
f 455 1334 1931
f 1331 1931 1334
f 454 1330 1931
f 12 1335 1932
f 1335 456 1333
f 1333 455 1332
f 1932 1332 9
f 456 1337 1933
f 1334 1933 1337
f 455 1333 1933
f 15 1338 1934
f 1338 457 1336
f 1336 456 1335
f 1934 1335 12
f 457 1340 1935
f 1337 1935 1340
f 456 1336 1935
f 18 1341 1936
f 1341 458 1339
f 1339 457 1338
f 1936 1338 15
f 458 1343 1937
f 1340 1937 1343
f 457 1339 1937
f 21 1344 1938
f 1344 459 1342
f 1342 458 1341
f 1938 1341 18
f 459 1346 1939
f 1343 1939 1346
f 458 1342 1939
f 24 1347 1940
f 1347 460 1345
f 1345 459 1344
f 1940 1344 21
f 460 1349 1941
f 1346 1941 1349
f 459 1345 1941
f 27 1350 1942
f 1350 461 1348
f 1348 460 1347
f 1942 1347 24
f 461 1352 1943
f 1349 1943 1352
f 460 1348 1943
f 30 1353 1944
f 1353 462 1351
f 1351 461 1350
f 1944 1350 27
f 462 1355 1945
f 1352 1945 1355
f 461 1351 1945
f 33 1356 1946
f 1356 463 1354
f 1354 462 1353
f 1946 1353 30
f 463 1358 1947
f 1355 1947 1358
f 462 1354 1947
f 36 1359 1948
f 1359 464 1357
f 1357 463 1356
f 1948 1356 33
f 464 1361 1949
f 1358 1949 1361
f 463 1357 1949
f 39 1362 1950
f 1362 465 1360
f 1360 464 1359
f 1950 1359 36
f 465 1364 1951
f 1361 1951 1364
f 464 1360 1951
f 42 1365 1952
f 1365 466 1363
f 1363 465 1362
f 1952 1362 39
f 466 1367 1953
f 1364 1953 1367
f 465 1363 1953
f 45 1368 1954
f 1368 467 1366
f 1366 466 1365
f 1954 1365 42
f 467 1370 1955
f 1367 1955 1370
f 466 1366 1955
f 48 1371 1956
f 1371 468 1369
f 1369 467 1368
f 1956 1368 45
f 468 1373 1957
f 1370 1957 1373
f 467 1369 1957
f 51 1374 1958
f 1374 469 1372
f 1372 468 1371
f 1958 1371 48
f 469 1376 1959
f 1373 1959 1376
f 468 1372 1959
f 54 1377 1960
f 1377 470 1375
f 1375 469 1374
f 1960 1374 51
f 470 1379 1961
f 1376 1961 1379
f 469 1375 1961
f 57 1380 1962
f 1380 471 1378
f 1378 470 1377
f 1962 1377 54
f 471 1382 1963
f 1379 1963 1382
f 470 1378 1963
f 60 1383 1964
f 1383 472 1381
f 1381 471 1380
f 1964 1380 57
f 472 1385 1965
f 1382 1965 1385
f 471 1381 1965
f 63 1386 1966
f 1386 473 1384
f 1384 472 1383
f 1966 1383 60
f 473 1388 1967
f 1385 1967 1388
f 472 1384 1967
f 66 1389 1968
f 1389 474 1387
f 1387 473 1386
f 1968 1386 63
f 474 1391 1969
f 1388 1969 1391
f 473 1387 1969
f 69 1392 1970
f 1392 475 1390
f 1390 474 1389
f 1970 1389 66
f 475 1394 1971
f 1391 1971 1394
f 474 1390 1971
f 72 1395 1972
f 1395 476 1393
f 1393 475 1392
f 1972 1392 69
f 476 1397 1973
f 1394 1973 1397
f 475 1393 1973
f 75 1398 1974
f 1398 477 1396
f 1396 476 1395
f 1974 1395 72
f 477 1400 1975
f 1397 1975 1400
f 476 1396 1975
f 78 1401 1976
f 1401 478 1399
f 1399 477 1398
f 1976 1398 75
f 478 1403 1977
f 1400 1977 1403
f 477 1399 1977
f 81 1405 1978
f 1405 479 1402
f 1402 478 1401
f 1978 1401 78
f 479 1404 1979
f 1403 1979 1404
f 478 1402 1979
f 480 1409 1980
f 1404 1980 1409
f 479 1406 1980
f 84 1407 1981
f 1407 480 1406
f 1406 479 1405
f 1981 1405 81
f 87 1410 1982
f 1410 481 1408
f 1408 480 1407
f 1982 1407 84
f 481 1412 1983
f 1409 1983 1412
f 480 1408 1983
f 90 1413 1984
f 1413 482 1411
f 1411 481 1410
f 1984 1410 87
f 482 1415 1985
f 1412 1985 1415
f 481 1411 1985
f 449 1416 1986
f 1415 1986 1416
f 482 1414 1986
