# Blender 4.4.3
# www.blender.org
mtllib 6_ball.mtl
o Stripe.007
v -0.191703 -0.176835 0.823782
v -0.188923 -0.168153 0.811396
v -0.181275 -0.158324 0.802312
v -0.175965 -0.153447 0.799467
v -0.169924 -0.148845 0.797915
v -0.156597 -0.141158 0.798872
v -0.189969 -0.181817 0.838135
v -0.192353 -0.178121 0.832151
v -0.193517 -0.173643 0.825980
v -0.193276 -0.168664 0.820082
v -0.191639 -0.163375 0.814685
v -0.188668 -0.157981 0.809994
v -0.184479 -0.152689 0.806192
v -0.179231 -0.147701 0.803423
v -0.173127 -0.143210 0.801794
v -0.166402 -0.139387 0.801368
v -0.159313 -0.136381 0.802161
v -0.152133 -0.134306 0.804142
v -0.145138 -0.133243 0.807236
v -0.138597 -0.133231 0.811324
v -0.132944 -0.134196 0.816041
v -0.190457 -0.180754 0.839166
v -0.193275 -0.176113 0.834101
v -0.194856 -0.170726 0.828811
v -0.194980 -0.164952 0.823685
v -0.193642 -0.159011 0.818921
v -0.190894 -0.153132 0.814702
v -0.186842 -0.147540 0.811189
v -0.181640 -0.142452 0.808518
v -0.175490 -0.138061 0.806791
v -0.168628 -0.134538 0.806075
v -0.161316 -0.132016 0.806397
v -0.153837 -0.130594 0.807745
v -0.146477 -0.130326 0.810067
v -0.139519 -0.131222 0.813274
v -0.133431 -0.133134 0.817072
v -0.190752 -0.179834 0.840388
v -0.193834 -0.174371 0.836412
v -0.195667 -0.168198 0.832166
v -0.196012 -0.161734 0.827956
v -0.194856 -0.155227 0.823943
v -0.192243 -0.148927 0.820282
v -0.188274 -0.143077 0.817113
v -0.183101 -0.137901 0.814558
v -0.176923 -0.133598 0.812715
v -0.169977 -0.130333 0.811655
v -0.162530 -0.128232 0.811419
v -0.154869 -0.127376 0.812016
v -0.147288 -0.127798 0.813423
v -0.140078 -0.129481 0.815585
v -0.133727 -0.132213 0.818294
v -0.190845 -0.179089 0.841754
v -0.194009 -0.172964 0.838996
v -0.195920 -0.166155 0.835917
v -0.196335 -0.159133 0.832730
v -0.195235 -0.152169 0.829557
v -0.192664 -0.145529 0.826520
v -0.188721 -0.139470 0.823735
v -0.183557 -0.134223 0.821309
v -0.177370 -0.129990 0.819337
v -0.170398 -0.126935 0.817893
v -0.162909 -0.125174 0.817033
v -0.155191 -0.124776 0.816790
v -0.147541 -0.125755 0.817174
v -0.140253 -0.128073 0.818169
v -0.133819 -0.131469 0.819661
v -0.190730 -0.178550 0.843212
v -0.193792 -0.171944 0.841753
v -0.195605 -0.164675 0.839920
v -0.195934 -0.157250 0.837825
v -0.194764 -0.149954 0.835547
v -0.192140 -0.143068 0.833176
v -0.188165 -0.136857 0.830801
v -0.182989 -0.131559 0.828514
v -0.176813 -0.127378 0.826403
v -0.169874 -0.124474 0.824549
v -0.162438 -0.122960 0.823023
v -0.154791 -0.122892 0.821885
v -0.147226 -0.124275 0.821177
v -0.140036 -0.127054 0.820926
v -0.133704 -0.130930 0.821118
v -0.186157 -0.185012 0.844407
v -0.190413 -0.178237 0.844705
v -0.193192 -0.171352 0.844577
v -0.194734 -0.163816 0.844020
v -0.194825 -0.156156 0.843043
v -0.193460 -0.148668 0.841684
v -0.190692 -0.141639 0.839994
v -0.186627 -0.135340 0.838040
v -0.181422 -0.130013 0.835895
v -0.175276 -0.125861 0.833642
v -0.168425 -0.123045 0.831368
v -0.161134 -0.121674 0.829160
v -0.153682 -0.121799 0.827103
v -0.146355 -0.123416 0.825277
v -0.139436 -0.126462 0.823751
v -0.133387 -0.130617 0.822612
v -0.189905 -0.178163 0.846176
v -0.192232 -0.171211 0.847360
v -0.193341 -0.163610 0.848061
v -0.193051 -0.155894 0.848186
v -0.191374 -0.148360 0.847731
v -0.188375 -0.141297 0.846714
v -0.184167 -0.134977 0.845173
v -0.178913 -0.129642 0.843167
v -0.172816 -0.125498 0.840775
v -0.166108 -0.122703 0.838087
v -0.159048 -0.121366 0.835207
v -0.151908 -0.121537 0.832246
v -0.144962 -0.123210 0.829317
v -0.138476 -0.126320 0.826534
v -0.132880 -0.130542 0.824083
v -0.189227 -0.178328 0.847570
v -0.190949 -0.171524 0.849995
v -0.191478 -0.164065 0.851886
v -0.190681 -0.156474 0.853055
v -0.188587 -0.149042 0.853456
v -0.185277 -0.142055 0.853075
v -0.180879 -0.135781 0.851926
v -0.175561 -0.130462 0.850053
v -0.169528 -0.126302 0.847528
v -0.163011 -0.123461 0.844448
v -0.156261 -0.122047 0.840932
v -0.149538 -0.122117 0.837115
v -0.143099 -0.123665 0.833143
v -0.137193 -0.126634 0.829169
v -0.132201 -0.130708 0.825477
v -0.188404 -0.178729 0.848831
v -0.189392 -0.172282 0.852381
v -0.189218 -0.165165 0.855349
v -0.187804 -0.157873 0.857463
v -0.185117 -0.150651 0.858671
v -0.181175 -0.143697 0.858927
v -0.176866 -0.137501 0.857892
v -0.171729 -0.132274 0.856038
v -0.165802 -0.128261 0.853606
v -0.159411 -0.125523 0.850495
v -0.152906 -0.123752 0.846191
v -0.146661 -0.123516 0.841523
v -0.140839 -0.124765 0.836606
v -0.135636 -0.127392 0.831554
v -0.131378 -0.131108 0.826738
v -0.187468 -0.179348 0.849912
v -0.187622 -0.173454 0.854425
v -0.186648 -0.166866 0.858318
v -0.184533 -0.160039 0.861240
v -0.181022 -0.153119 0.863207
v -0.149110 -0.126471 0.850843
v -0.143390 -0.125681 0.845300
v -0.138269 -0.126466 0.839574
v -0.133866 -0.128563 0.833599
v -0.130442 -0.131728 0.827819
v -0.186454 -0.180163 0.850771
v -0.185705 -0.174995 0.856050
v -0.183866 -0.169103 0.860676
v -0.180992 -0.162886 0.864242
v -0.177207 -0.156736 0.866635
v -0.167479 -0.144529 0.867603
v -0.161989 -0.139326 0.865978
v -0.156151 -0.135069 0.863215
v -0.144718 -0.129604 0.854048
v -0.139849 -0.128529 0.848303
v -0.135487 -0.128703 0.841933
v -0.131949 -0.130104 0.835224
v -0.129429 -0.132543 0.828678
v -0.185403 -0.181142 0.851375
v -0.183716 -0.176846 0.857193
v -0.180979 -0.171791 0.862335
v -0.177317 -0.166307 0.866354
v -0.173117 -0.160873 0.869044
v -0.162464 -0.149448 0.870582
v -0.156660 -0.144263 0.869091
v -0.150868 -0.139765 0.866089
v -0.140305 -0.133473 0.856332
v -0.136174 -0.131949 0.850414
v -0.132599 -0.131391 0.843592
v -0.129960 -0.131956 0.836366
v -0.128377 -0.133522 0.829282
v -0.184353 -0.182247 0.851701
v -0.181732 -0.178936 0.857809
v -0.178098 -0.174826 0.863230
v -0.173650 -0.170169 0.867493
v -0.168712 -0.165164 0.870397
v -0.157192 -0.154734 0.872158
v -0.151343 -0.149887 0.870692
v -0.145864 -0.145274 0.867769
v -0.136223 -0.138032 0.857810
v -0.132507 -0.135812 0.851553
v -0.129718 -0.134426 0.844487
v -0.127976 -0.134046 0.836983
v -0.127328 -0.134627 0.829608
v -0.183347 -0.183437 0.851737
v -0.179828 -0.181185 0.857876
v -0.175333 -0.178091 0.863327
v -0.170132 -0.174325 0.867617
v -0.164344 -0.169665 0.870591
v -0.132433 -0.143016 0.858228
v -0.128989 -0.139967 0.851677
v -0.126954 -0.137691 0.844584
v -0.126072 -0.136295 0.837050
v -0.126321 -0.135816 0.829643
v -0.182421 -0.184664 0.851480
v -0.178078 -0.183507 0.857391
v -0.172792 -0.181461 0.862622
v -0.166898 -0.178614 0.866720
v -0.160593 -0.174980 0.869529
v -0.154043 -0.170613 0.870940
v -0.147628 -0.166507 0.870838
v -0.141694 -0.162071 0.869337
v -0.136564 -0.157268 0.866552
v -0.132279 -0.152439 0.862508
v -0.128382 -0.148082 0.857050
v -0.125755 -0.144257 0.850780
v -0.124413 -0.141061 0.843879
v -0.124322 -0.138616 0.836564
v -0.125396 -0.137043 0.829387
v -0.181613 -0.185882 0.850941
v -0.176548 -0.185811 0.856372
v -0.170572 -0.184806 0.861143
v -0.164072 -0.182872 0.864836
v -0.157299 -0.180083 0.867310
v -0.150511 -0.176545 0.868469
v -0.143972 -0.172396 0.868267
v -0.137931 -0.167794 0.866715
v -0.132620 -0.162917 0.863870
v -0.128245 -0.157951 0.859842
v -0.124973 -0.153088 0.854786
v -0.122929 -0.148514 0.848897
v -0.122193 -0.144406 0.842400
v -0.122792 -0.140921 0.835545
v -0.124587 -0.138262 0.828848
v -0.180952 -0.187045 0.850141
v -0.175299 -0.188010 0.854858
v -0.168758 -0.187998 0.858946
v -0.161763 -0.186935 0.862040
v -0.154583 -0.184860 0.864021
v -0.147494 -0.181854 0.864814
v -0.140769 -0.178031 0.864388
v -0.134665 -0.173540 0.862759
v -0.129417 -0.168552 0.859991
v -0.125228 -0.163259 0.856188
v -0.122257 -0.157865 0.851498
v -0.120620 -0.152577 0.846100
v -0.120378 -0.147598 0.840202
v -0.121542 -0.143119 0.834031
v -0.123926 -0.139424 0.828048
v -0.180464 -0.188107 0.849110
v -0.174376 -0.190018 0.852908
v -0.167419 -0.190915 0.856115
v -0.160059 -0.190647 0.858437
v -0.152580 -0.189225 0.859785
v -0.145268 -0.186703 0.860107
v -0.138405 -0.183180 0.859391
v -0.132255 -0.178789 0.857664
v -0.127054 -0.173701 0.854993
v -0.123002 -0.168109 0.851480
v -0.120254 -0.162230 0.847261
v -0.118916 -0.156289 0.842497
v -0.119040 -0.150514 0.837371
v -0.120620 -0.145128 0.832082
v -0.123439 -0.140487 0.827017
v -0.180169 -0.189028 0.847888
v -0.173818 -0.191760 0.850597
v -0.166608 -0.193443 0.852759
v -0.159026 -0.193865 0.854166
v -0.151365 -0.193009 0.854763
v -0.143919 -0.190908 0.854527
v -0.136973 -0.187643 0.853467
v -0.130795 -0.183340 0.851625
v -0.125622 -0.178164 0.849070
v -0.121652 -0.172314 0.845900
v -0.119039 -0.166014 0.842239
v -0.117883 -0.159507 0.838226
v -0.118228 -0.153043 0.834016
v -0.120061 -0.146870 0.829770
v -0.123143 -0.141407 0.825795
v -0.180077 -0.189772 0.846521
v -0.173643 -0.193168 0.848013
v -0.166355 -0.195486 0.849008
v -0.158704 -0.196465 0.849392
v -0.150987 -0.196067 0.849149
v -0.143498 -0.194306 0.848289
v -0.136526 -0.191251 0.846845
v -0.130339 -0.187018 0.844873
v -0.125175 -0.181771 0.842447
v -0.121231 -0.175712 0.839663
v -0.118661 -0.169072 0.836625
v -0.117561 -0.162108 0.833452
v -0.117975 -0.155086 0.830265
v -0.119887 -0.148277 0.827186
v -0.123051 -0.142152 0.824428
v -0.127739 -0.136229 0.821775
v -0.180191 -0.190311 0.845064
v -0.173860 -0.194187 0.845256
v -0.166670 -0.196966 0.845006
v -0.159105 -0.198349 0.844297
v -0.151458 -0.198281 0.843159
v -0.144022 -0.196767 0.841633
v -0.137082 -0.193863 0.839779
v -0.130906 -0.189682 0.837668
v -0.125731 -0.184384 0.835381
v -0.121755 -0.178172 0.833006
v -0.119132 -0.171287 0.830635
v -0.117962 -0.163991 0.828358
v -0.118290 -0.156566 0.826262
v -0.120104 -0.149297 0.824429
v -0.123166 -0.142690 0.822971
v -0.180509 -0.190624 0.843570
v -0.174460 -0.194779 0.842431
v -0.167541 -0.197825 0.840905
v -0.160214 -0.199442 0.839079
v -0.152762 -0.199567 0.837022
v -0.145470 -0.198196 0.834814
v -0.138620 -0.195380 0.832540
v -0.132474 -0.191228 0.830288
v -0.127269 -0.185901 0.828143
v -0.123204 -0.179601 0.826188
v -0.120436 -0.172573 0.824498
v -0.119071 -0.165085 0.823139
v -0.119161 -0.157425 0.822162
v -0.120704 -0.149889 0.821605
v -0.123483 -0.143003 0.821477
v -0.181016 -0.190699 0.842099
v -0.175420 -0.194920 0.839648
v -0.168934 -0.198031 0.836865
v -0.161988 -0.199704 0.833936
v -0.154847 -0.199875 0.830975
v -0.147788 -0.198538 0.828095
v -0.141080 -0.195743 0.825407
v -0.134983 -0.191599 0.823015
v -0.129729 -0.186264 0.821009
v -0.125521 -0.179944 0.819468
v -0.122521 -0.172881 0.818451
v -0.120844 -0.165347 0.817996
v -0.120555 -0.157631 0.818121
v -0.121664 -0.150030 0.818822
v -0.123991 -0.143078 0.820006
v -0.181694 -0.190533 0.840706
v -0.176703 -0.194607 0.837013
v -0.170797 -0.197576 0.833039
v -0.164358 -0.199124 0.829067
v -0.157635 -0.199193 0.825250
v -0.150885 -0.197780 0.821734
v -0.144368 -0.194939 0.818654
v -0.138335 -0.190779 0.816129
v -0.133017 -0.185460 0.814256
v -0.128619 -0.179186 0.813107
v -0.125309 -0.172199 0.812726
v -0.123215 -0.164767 0.813127
v -0.122418 -0.157175 0.814296
v -0.122947 -0.149716 0.816187
v -0.124669 -0.142912 0.818612
v -0.182518 -0.190132 0.839444
v -0.178260 -0.193849 0.834628
v -0.173057 -0.196476 0.829576
v -0.167234 -0.197725 0.824659
v -0.161017 -0.197548 0.820067
v -0.154643 -0.195952 0.815974
v -0.148358 -0.192998 0.812540
v -0.142403 -0.188800 0.809896
v -0.137007 -0.183519 0.808142
v -0.132377 -0.177358 0.807348
v -0.128691 -0.170553 0.807543
v -0.126091 -0.163367 0.808719
v -0.124677 -0.156076 0.810833
v -0.124504 -0.148959 0.813801
v -0.125492 -0.142512 0.817351
v -0.183454 -0.189513 0.838363
v -0.180030 -0.192678 0.832583
v -0.175627 -0.194775 0.826608
v -0.170506 -0.195560 0.820882
v -0.164864 -0.195002 0.815625
v -0.158918 -0.193123 0.811039
v -0.152896 -0.189995 0.807300
v -0.147029 -0.185738 0.804553
v -0.141544 -0.180516 0.802903
v -0.136651 -0.174529 0.802412
v -0.132538 -0.168008 0.803101
v -0.129363 -0.161202 0.804942
v -0.127248 -0.154375 0.807865
v -0.126274 -0.147787 0.811757
v -0.126428 -0.141892 0.816270
v -0.184467 -0.188698 0.837504
v -0.181947 -0.191136 0.830959
v -0.178409 -0.192538 0.824249
v -0.174047 -0.192712 0.817880
v -0.169028 -0.191654 0.812095
v -0.163544 -0.189402 0.807116
v -0.157807 -0.186045 0.803136
v -0.152037 -0.181711 0.800308
v -0.146456 -0.176566 0.798739
v -0.141278 -0.170808 0.798490
v -0.136702 -0.164659 0.799571
v -0.132904 -0.158355 0.801940
v -0.130030 -0.152137 0.805506
v -0.128191 -0.146246 0.810132
v -0.127442 -0.141078 0.815411
v -0.185518 -0.187719 0.836900
v -0.183935 -0.189285 0.829816
v -0.181296 -0.189850 0.822590
v -0.177722 -0.189291 0.815768
v -0.173349 -0.187631 0.809612
v -0.168345 -0.184933 0.804358
v -0.162904 -0.181300 0.800208
v -0.157234 -0.176873 0.797322
v -0.151553 -0.171821 0.795810
v -0.146079 -0.166339 0.795731
v -0.141023 -0.160637 0.797088
v -0.136579 -0.154934 0.799828
v -0.132917 -0.149450 0.803847
v -0.130179 -0.144395 0.808990
v -0.128493 -0.140099 0.814807
v -0.186568 -0.186614 0.836574
v -0.185920 -0.187195 0.829199
v -0.184177 -0.186815 0.821695
v -0.181388 -0.185429 0.814629
v -0.177660 -0.183089 0.808272
v -0.173136 -0.179886 0.802869
v -0.167990 -0.175943 0.798628
v -0.162419 -0.171411 0.795711
v -0.156639 -0.166464 0.794230
v -0.150870 -0.161292 0.794243
v -0.145334 -0.156095 0.795748
v -0.140245 -0.151072 0.798689
v -0.135798 -0.146415 0.802952
v -0.132164 -0.142305 0.808373
v -0.129542 -0.138994 0.814481
v -0.187574 -0.185425 0.836539
v -0.187824 -0.184946 0.829133
v -0.186941 -0.183550 0.821598
v -0.184906 -0.181273 0.814506
v -0.181797 -0.178203 0.808127
v -0.177733 -0.174457 0.802708
v -0.172870 -0.170179 0.798456
v -0.167395 -0.165534 0.795536
v -0.161518 -0.160700 0.794059
v -0.155466 -0.155863 0.794081
v -0.149471 -0.151209 0.795603
v -0.143763 -0.146916 0.798566
v -0.138562 -0.143150 0.802855
v -0.134068 -0.140056 0.808306
v -0.130549 -0.137804 0.814446
v -0.188500 -0.184198 0.836795
v -0.189574 -0.182625 0.829618
v -0.189483 -0.180180 0.822303
v -0.188141 -0.176984 0.815403
v -0.185600 -0.173160 0.809182
v -0.181958 -0.168853 0.803880
v -0.177356 -0.164230 0.799701
v -0.171969 -0.159468 0.796804
v -0.166004 -0.154751 0.795303
v -0.159692 -0.150259 0.795253
v -0.153274 -0.146165 0.796658
v -0.146998 -0.142627 0.799463
v -0.141103 -0.139780 0.803560
v -0.135818 -0.137734 0.808792
v -0.131474 -0.136577 0.814702
v -0.189309 -0.182979 0.837334
v -0.191103 -0.180320 0.830637
v -0.190967 -0.172727 0.817286
v -0.185651 -0.163290 0.806340
v -0.163384 -0.144696 0.797714
v -0.149824 -0.138369 0.801346
v -0.143324 -0.136435 0.805039
v -0.137347 -0.135430 0.809811
v -0.132283 -0.135359 0.815241
v -0.173508 -0.145145 0.865461
v -0.175524 -0.145851 0.864417
v -0.173673 -0.145165 0.865371
v -0.171702 -0.139809 0.863262
v -0.173030 -0.138972 0.861869
v -0.172098 -0.139340 0.862737
v -0.167604 -0.134878 0.861073
v -0.168855 -0.134015 0.859704
v -0.168167 -0.134467 0.860503
v -0.161889 -0.131615 0.859460
v -0.163121 -0.130697 0.858030
v -0.162502 -0.131326 0.859019
v -0.155994 -0.130520 0.858676
v -0.155628 -0.129236 0.856708
v -0.156000 -0.130407 0.858524
v -0.173525 -0.152138 0.867859
v -0.172183 -0.150448 0.868101
v -0.172621 -0.151110 0.868092
v -0.150203 -0.132093 0.859585
v -0.148665 -0.131378 0.858227
v -0.149571 -0.131862 0.859161
v -0.169924 -0.157130 0.870217
v -0.168548 -0.155616 0.870504
v -0.169159 -0.156270 0.870419
v -0.144823 -0.135803 0.861312
v -0.143460 -0.135031 0.859964
v -0.144217 -0.135441 0.860756
v -0.164721 -0.160873 0.871757
v -0.163170 -0.159389 0.872091
v -0.163805 -0.159857 0.871995
v -0.141190 -0.141034 0.863576
v -0.139861 -0.140113 0.862126
v -0.140755 -0.140608 0.863065
v -0.157382 -0.161144 0.872601
v -0.157766 -0.163468 0.872280
v -0.157376 -0.161333 0.872586
v -0.150265 -0.161557 0.871949
v -0.151483 -0.159869 0.872214
v -0.150875 -0.160395 0.872134
v -0.144529 -0.158148 0.870475
v -0.145767 -0.156541 0.870742
v -0.145209 -0.157244 0.870669
v -0.140355 -0.153282 0.868110
v -0.141670 -0.151674 0.868413
v -0.141278 -0.152381 0.868416
v -0.137869 -0.146853 0.864571
v -0.139868 -0.146518 0.865816
v -0.139704 -0.146575 0.865739
v -0.164761 -0.141831 0.866887
v -0.159114 -0.137116 0.864699
v -0.159518 -0.146753 0.869967
v -0.153806 -0.141983 0.867753
v -0.164995 -0.146984 0.869230
v -0.159283 -0.141768 0.867700
v -0.153454 -0.137346 0.864758
v -0.154221 -0.152288 0.871553
v -0.148574 -0.147572 0.869366
v -0.148340 -0.142419 0.867023
v -0.159882 -0.152057 0.871494
v -0.154041 -0.146968 0.870020
v -0.172790 -0.142906 0.864614
v -0.169627 -0.137418 0.862358
v -0.164602 -0.133222 0.860411
v -0.158433 -0.130916 0.859052
v -0.153586 -0.131115 0.859104
v -0.172989 -0.147318 0.866621
v -0.170326 -0.152847 0.869375
v -0.147653 -0.133913 0.860591
v -0.143043 -0.138486 0.862631
v -0.165717 -0.157420 0.871416
v -0.154940 -0.160615 0.872518
v -0.148768 -0.158111 0.871594
v -0.143743 -0.153915 0.869647
v -0.140583 -0.148625 0.866955
v -0.159787 -0.160416 0.872467
v -0.140384 -0.144212 0.864949
v -0.169821 -0.141962 0.865318
v -0.170081 -0.147698 0.867927
v -0.165028 -0.136882 0.863402
v -0.159236 -0.133123 0.861217
v -0.152935 -0.133380 0.861284
v -0.165758 -0.152752 0.870619
v -0.147594 -0.137584 0.863582
v -0.160423 -0.157279 0.872203
v -0.143277 -0.142961 0.865560
v -0.154122 -0.157537 0.872269
v -0.143537 -0.148697 0.868168
v -0.148324 -0.153453 0.870798
v -0.145832 -0.151119 0.869578
v -0.151152 -0.155561 0.871639
v -0.141693 -0.146149 0.866375
v -0.157330 -0.159208 0.872433
v -0.145335 -0.140175 0.864602
v -0.163174 -0.155071 0.871513
v -0.150180 -0.135369 0.862457
v -0.168019 -0.150265 0.869368
v -0.156036 -0.131920 0.860024
v -0.162202 -0.134879 0.862330
v -0.167522 -0.139321 0.864391
v -0.171673 -0.144979 0.866082
v -0.151204 -0.144671 0.868677
v -0.156916 -0.149441 0.870890
v -0.156411 -0.139504 0.866371
v -0.162124 -0.144274 0.868584
v -0.178725 -0.155862 0.800734
v -0.173022 -0.151100 0.798525
v -0.191274 -0.180104 0.835237
v -0.193109 -0.175956 0.829046
v -0.193573 -0.171204 0.822982
v -0.192629 -0.166046 0.817307
v -0.190314 -0.160679 0.812239
v -0.186717 -0.155310 0.807972
v -0.181975 -0.150144 0.804670
v -0.176272 -0.145382 0.802461
v -0.169826 -0.141205 0.801428
v -0.162886 -0.137774 0.801613
v -0.155717 -0.135221 0.803007
v -0.148595 -0.133645 0.805557
v -0.141795 -0.133105 0.809165
v -0.135599 -0.133612 0.813667
v -0.158038 -0.138729 0.800389
v -0.192666 -0.175212 0.824796
v -0.190364 -0.165724 0.812913
v -0.182975 -0.155459 0.804102
v -0.177698 -0.150525 0.801292
v -0.171624 -0.145980 0.799704
v -0.191975 -0.178576 0.836720
v -0.194245 -0.173481 0.831448
v -0.195101 -0.167874 0.826215
v -0.194491 -0.161988 0.821246
v -0.192439 -0.156049 0.816733
v -0.189022 -0.150286 0.812848
v -0.184373 -0.144920 0.809741
v -0.178670 -0.140158 0.807532
v -0.172132 -0.136182 0.806304
v -0.165011 -0.133145 0.806106
v -0.157579 -0.131164 0.806946
v -0.150124 -0.130315 0.808789
v -0.142931 -0.130630 0.811567
v -0.136301 -0.132084 0.815151
v -0.167619 -0.136893 0.803600
v -0.174420 -0.140562 0.804164
v -0.194250 -0.172143 0.827322
v -0.192858 -0.177088 0.833075
v -0.160409 -0.134136 0.804170
v -0.194208 -0.166755 0.821791
v -0.153065 -0.132397 0.805851
v -0.192735 -0.161131 0.816694
v -0.145871 -0.131743 0.808579
v -0.189886 -0.155487 0.812227
v -0.139102 -0.132198 0.812249
v -0.185771 -0.150041 0.808562
v -0.133259 -0.133625 0.816482
v -0.180549 -0.145001 0.805839
v -0.190274 -0.181237 0.838571
v -0.192401 -0.177251 0.838479
v -0.194934 -0.171336 0.834295
v -0.196028 -0.164987 0.830046
v -0.195621 -0.158470 0.825915
v -0.193727 -0.152036 0.822059
v -0.190420 -0.145931 0.818627
v -0.185827 -0.140391 0.815752
v -0.180123 -0.135629 0.813542
v -0.173530 -0.131827 0.812084
v -0.166299 -0.129131 0.811433
v -0.158708 -0.127646 0.811614
v -0.151050 -0.127427 0.812621
v -0.143619 -0.128485 0.814414
v -0.136726 -0.130759 0.816909
v -0.139846 -0.130314 0.814390
v -0.146951 -0.129007 0.811687
v -0.187678 -0.145212 0.814049
v -0.191682 -0.150938 0.817395
v -0.133656 -0.132620 0.817625
v -0.182494 -0.140077 0.811434
v -0.190671 -0.180232 0.839714
v -0.176327 -0.135732 0.809651
v -0.193602 -0.175204 0.835216
v -0.169416 -0.132344 0.808769
v -0.195330 -0.169407 0.830430
v -0.162025 -0.130042 0.808821
v -0.195583 -0.163273 0.825747
v -0.154440 -0.128915 0.809807
v -0.194351 -0.157037 0.821345
v -0.192533 -0.176180 0.840445
v -0.195148 -0.169602 0.837478
v -0.196317 -0.162654 0.834330
v -0.195973 -0.155627 0.831134
v -0.194129 -0.148792 0.828014
v -0.190856 -0.142412 0.825089
v -0.186280 -0.136731 0.822471
v -0.180577 -0.131969 0.820261
v -0.173966 -0.128307 0.818545
v -0.166700 -0.125888 0.817387
v -0.159060 -0.124803 0.816833
v -0.151339 -0.125094 0.816904
v -0.143834 -0.126751 0.817597
v -0.136859 -0.129688 0.818876
v -0.195865 -0.167110 0.834001
v -0.193970 -0.173622 0.837676
v -0.162826 -0.126605 0.814165
v -0.170305 -0.128524 0.814706
v -0.196264 -0.160350 0.830291
v -0.155121 -0.125992 0.814351
v -0.195152 -0.153599 0.826689
v -0.147486 -0.126710 0.815258
v -0.192572 -0.147118 0.823333
v -0.140214 -0.128732 0.816849
v -0.188623 -0.141157 0.820352
v -0.133853 -0.131776 0.818937
v -0.183456 -0.135943 0.817860
v -0.190868 -0.179388 0.841026
v -0.177271 -0.131677 0.815954
v -0.192368 -0.175404 0.842543
v -0.194881 -0.168347 0.840874
v -0.195957 -0.160964 0.838900
v -0.195534 -0.153568 0.836703
v -0.193628 -0.146443 0.834368
v -0.190313 -0.139863 0.831983
v -0.185715 -0.134080 0.829641
v -0.180012 -0.129318 0.827431
v -0.173423 -0.125758 0.825439
v -0.166200 -0.123539 0.823741
v -0.158622 -0.122744 0.822403
v -0.150980 -0.123404 0.821475
v -0.143567 -0.125495 0.820993
v -0.136694 -0.128912 0.820973
v -0.188568 -0.138032 0.827229
v -0.192520 -0.144175 0.829811
v -0.133841 -0.131125 0.820368
v -0.140193 -0.127512 0.819533
v -0.183400 -0.132757 0.824872
v -0.190856 -0.178737 0.842458
v -0.177216 -0.128553 0.822831
v -0.193949 -0.172403 0.840359
v -0.170253 -0.125581 0.821185
v -0.195834 -0.165340 0.837897
v -0.162779 -0.123955 0.819995
v -0.196224 -0.158097 0.835249
v -0.155081 -0.123739 0.819309
v -0.195105 -0.150950 0.832519
v -0.147454 -0.124940 0.819153
v -0.188787 -0.181100 0.844627
v -0.191912 -0.174954 0.844692
v -0.194142 -0.167618 0.844353
v -0.194963 -0.159983 0.843582
v -0.194322 -0.152372 0.842409
v -0.192246 -0.145079 0.840877
v -0.188813 -0.138383 0.839046
v -0.184155 -0.132541 0.836986
v -0.178452 -0.127779 0.834776
v -0.171923 -0.124278 0.832502
v -0.164818 -0.122175 0.830250
v -0.157410 -0.121548 0.828108
v -0.149985 -0.122423 0.826157
v -0.142827 -0.124766 0.824472
v -0.136237 -0.128462 0.823123
v -0.161887 -0.122197 0.826088
v -0.169262 -0.123627 0.827955
v -0.195466 -0.156601 0.840431
v -0.195238 -0.164165 0.841968
v -0.154323 -0.122243 0.824491
v -0.194213 -0.149191 0.838612
v -0.146859 -0.123765 0.823224
v -0.191529 -0.142221 0.836581
v -0.139782 -0.126703 0.822337
v -0.187516 -0.135957 0.834416
v -0.133622 -0.130694 0.821865
v -0.182328 -0.130642 0.832200
v -0.190637 -0.178305 0.843954
v -0.176164 -0.126478 0.830018
v -0.193538 -0.171593 0.843163
v -0.191181 -0.174846 0.846810
v -0.192960 -0.167443 0.847781
v -0.193371 -0.159748 0.848196
v -0.192383 -0.152086 0.848030
v -0.190034 -0.144752 0.847291
v -0.186412 -0.138028 0.846005
v -0.181659 -0.132173 0.844224
v -0.175956 -0.127410 0.842014
v -0.169522 -0.123924 0.839462
v -0.162605 -0.121848 0.836664
v -0.155471 -0.121262 0.833730
v -0.148394 -0.122188 0.830771
v -0.141645 -0.124592 0.827901
v -0.135507 -0.128354 0.825240
v -0.133204 -0.130497 0.823368
v -0.138999 -0.126334 0.825154
v -0.180280 -0.129678 0.839562
v -0.185507 -0.135013 0.841637
v -0.190219 -0.178109 0.845457
v -0.174156 -0.125533 0.837239
v -0.192755 -0.171225 0.845981
v -0.167370 -0.122737 0.834756
v -0.194100 -0.163630 0.846058
v -0.160185 -0.121396 0.832210
v -0.194018 -0.155920 0.845637
v -0.152874 -0.121562 0.829697
v -0.192511 -0.148390 0.844733
v -0.145721 -0.123230 0.827314
v -0.189637 -0.141331 0.843383
v -0.190205 -0.175085 0.848815
v -0.191379 -0.167830 0.851027
v -0.191245 -0.160268 0.852564
v -0.189792 -0.152720 0.853353
v -0.187077 -0.145476 0.853363
v -0.183204 -0.138813 0.852594
v -0.178323 -0.132989 0.851076
v -0.172620 -0.128226 0.848866
v -0.166314 -0.124709 0.846051
v -0.159649 -0.122571 0.842737
v -0.152880 -0.121896 0.839052
v -0.146267 -0.122709 0.835139
v -0.140065 -0.124978 0.831146
v -0.134531 -0.128593 0.827245
v -0.150792 -0.121722 0.834727
v -0.157736 -0.121584 0.838124
v -0.190062 -0.148578 0.850648
v -0.191935 -0.156080 0.850667
v -0.144085 -0.123355 0.831267
v -0.186917 -0.141540 0.849955
v -0.137872 -0.126421 0.827876
v -0.182619 -0.135234 0.848613
v -0.132603 -0.130543 0.824820
v -0.177335 -0.129904 0.846676
v -0.189618 -0.178155 0.846909
v -0.171268 -0.125755 0.844216
v -0.191628 -0.171311 0.848703
v -0.164650 -0.122945 0.841328
v -0.192464 -0.163756 0.850010
v -0.189020 -0.175661 0.850630
v -0.189462 -0.168763 0.853966
v -0.188664 -0.161524 0.856519
v -0.186637 -0.154245 0.858176
v -0.183239 -0.147110 0.858946
v -0.179080 -0.140487 0.858550
v -0.174414 -0.134753 0.857045
v -0.168844 -0.130101 0.854887
v -0.162644 -0.126761 0.852183
v -0.156147 -0.124485 0.848450
v -0.149739 -0.123433 0.843880
v -0.143686 -0.123964 0.839093
v -0.138147 -0.125911 0.834085
v -0.133346 -0.129169 0.829061
v -0.188857 -0.178442 0.848255
v -0.131842 -0.130830 0.826166
v -0.167644 -0.127137 0.850676
v -0.173637 -0.131290 0.853236
v -0.190201 -0.171849 0.851225
v -0.161226 -0.124274 0.847454
v -0.190393 -0.164537 0.853672
v -0.154640 -0.122760 0.843614
v -0.189299 -0.157074 0.855327
v -0.148156 -0.122717 0.839388
v -0.186952 -0.149743 0.856132
v -0.142014 -0.124137 0.834928
v -0.183429 -0.142816 0.856056
v -0.136445 -0.126959 0.830399
v -0.178960 -0.136586 0.855060
v -0.187673 -0.176553 0.852186
v -0.187281 -0.170206 0.856484
v -0.185729 -0.163466 0.859908
v -0.183029 -0.156602 0.862317
v -0.146169 -0.125821 0.848036
v -0.140751 -0.125906 0.842483
v -0.135966 -0.127355 0.836603
v -0.131999 -0.130061 0.830616
v -0.183081 -0.151751 0.861054
v -0.186210 -0.158865 0.859440
v -0.139587 -0.125544 0.838160
v -0.145067 -0.124507 0.843500
v -0.134773 -0.127928 0.832624
v -0.130950 -0.131347 0.827353
v -0.187965 -0.178959 0.849443
v -0.188529 -0.172818 0.853451
v -0.187966 -0.165944 0.856903
v -0.151080 -0.125028 0.848656
v -0.186215 -0.177725 0.853422
v -0.184920 -0.172104 0.858485
v -0.182552 -0.166021 0.862601
v -0.179202 -0.159749 0.865586
v -0.163385 -0.140551 0.866467
v -0.157656 -0.136059 0.863999
v -0.142269 -0.128908 0.851278
v -0.137574 -0.128461 0.845176
v -0.133606 -0.129253 0.838605
v -0.130541 -0.131233 0.831852
v -0.186677 -0.174181 0.855294
v -0.186977 -0.179686 0.850426
v -0.185277 -0.167923 0.859579
v -0.146960 -0.127976 0.852610
v -0.182788 -0.161383 0.862846
v -0.141645 -0.127026 0.846906
v -0.179098 -0.154813 0.865061
v -0.136898 -0.127523 0.840836
v -0.132921 -0.129291 0.834468
v -0.129962 -0.132075 0.828337
v -0.184702 -0.179134 0.854292
v -0.182470 -0.174385 0.859893
v -0.179255 -0.169090 0.864496
v -0.175213 -0.163503 0.867885
v -0.158089 -0.145488 0.869572
v -0.152369 -0.140871 0.867000
v -0.138241 -0.132628 0.853561
v -0.134278 -0.131530 0.847070
v -0.131156 -0.131533 0.840012
v -0.129028 -0.132642 0.832722
v -0.134049 -0.129997 0.842854
v -0.138019 -0.130175 0.849475
v -0.175216 -0.158771 0.867965
v -0.130959 -0.130996 0.835858
v -0.166250 -0.145767 0.868478
v -0.128915 -0.132984 0.829079
v -0.160605 -0.140547 0.866919
v -0.185930 -0.180596 0.851168
v -0.154766 -0.136176 0.864029
v -0.184715 -0.175886 0.856685
v -0.182428 -0.170397 0.861598
v -0.142485 -0.131438 0.855284
v -0.179162 -0.164533 0.865415
v -0.183192 -0.180725 0.854761
v -0.180026 -0.176960 0.860652
v -0.175966 -0.172555 0.865518
v -0.171193 -0.167694 0.869132
v -0.152772 -0.151079 0.871166
v -0.147208 -0.146425 0.868625
v -0.134261 -0.136852 0.854824
v -0.130988 -0.134995 0.848092
v -0.128711 -0.134108 0.840772
v -0.127518 -0.134232 0.833191
v -0.182719 -0.177866 0.857569
v -0.184865 -0.181652 0.851640
v -0.147088 -0.143793 0.867429
v -0.179530 -0.173272 0.862881
v -0.138209 -0.135680 0.857177
v -0.175474 -0.168192 0.867048
v -0.134331 -0.133834 0.851108
v -0.170940 -0.163013 0.869858
v -0.131151 -0.132872 0.844138
v -0.128963 -0.132976 0.836742
v -0.161178 -0.150739 0.871079
v -0.127850 -0.134041 0.829550
v -0.155350 -0.145596 0.869599
v -0.181743 -0.182436 0.854812
v -0.177681 -0.179730 0.860735
v -0.172809 -0.176283 0.865628
v -0.167318 -0.172189 0.869273
v -0.130458 -0.141408 0.854993
v -0.127832 -0.138724 0.848203
v -0.126366 -0.136879 0.840854
v -0.126069 -0.135944 0.833242
v -0.166479 -0.167332 0.870648
v -0.127009 -0.135156 0.837085
v -0.128315 -0.136037 0.844636
v -0.126807 -0.135204 0.829734
v -0.183822 -0.182815 0.851823
v -0.180765 -0.180046 0.857912
v -0.176694 -0.176437 0.863379
v -0.134342 -0.140495 0.858197
v -0.171864 -0.172220 0.867683
v -0.130721 -0.137863 0.851743
v -0.180411 -0.184202 0.854442
v -0.175524 -0.182589 0.860137
v -0.169908 -0.180131 0.864824
v -0.163789 -0.176911 0.868292
v -0.157328 -0.172816 0.870419
v -0.150796 -0.168547 0.871074
v -0.144580 -0.164350 0.870255
v -0.139010 -0.159699 0.868097
v -0.134360 -0.154821 0.864706
v -0.130235 -0.150192 0.859923
v -0.126892 -0.146099 0.853997
v -0.124930 -0.142572 0.847398
v -0.124210 -0.139738 0.840256
v -0.124737 -0.137710 0.832873
v -0.174029 -0.179771 0.863074
v -0.178929 -0.182342 0.857702
v -0.130393 -0.145550 0.857815
v -0.168472 -0.176463 0.867294
v -0.127329 -0.142106 0.851354
v -0.162395 -0.172274 0.870213
v -0.125650 -0.139371 0.844331
v -0.125173 -0.137452 0.836875
v -0.125828 -0.136429 0.829621
v -0.182843 -0.184041 0.851710
v -0.179247 -0.185955 0.853667
v -0.173640 -0.185428 0.858881
v -0.167372 -0.183951 0.863134
v -0.160703 -0.181578 0.866233
v -0.153890 -0.178399 0.868057
v -0.147195 -0.174538 0.868539
v -0.140874 -0.170141 0.867657
v -0.135171 -0.165378 0.865448
v -0.130304 -0.160433 0.861995
v -0.126462 -0.155495 0.857431
v -0.123791 -0.150754 0.851932
v -0.122395 -0.146392 0.845709
v -0.122326 -0.142576 0.839001
v -0.123573 -0.139463 0.832097
v -0.123525 -0.139776 0.836119
v -0.123257 -0.142744 0.843233
v -0.145818 -0.169465 0.869734
v -0.152262 -0.173736 0.869856
v -0.124949 -0.137669 0.829218
v -0.139817 -0.164841 0.868210
v -0.181964 -0.185280 0.851307
v -0.134503 -0.160016 0.865350
v -0.177282 -0.184666 0.856946
v -0.130058 -0.155195 0.861254
v -0.171636 -0.183145 0.861977
v -0.126577 -0.150601 0.856040
v -0.165427 -0.180757 0.865898
v -0.124284 -0.146400 0.849958
v -0.158888 -0.177584 0.868558
v -0.178296 -0.187629 0.852515
v -0.172101 -0.188136 0.857017
v -0.165300 -0.187596 0.860625
v -0.158179 -0.186020 0.863175
v -0.151010 -0.183467 0.864569
v -0.144069 -0.180036 0.864754
v -0.137624 -0.175859 0.863721
v -0.131921 -0.171096 0.861512
v -0.127179 -0.165931 0.858210
v -0.123582 -0.160562 0.853943
v -0.121267 -0.155195 0.848875
v -0.120323 -0.150037 0.843200
v -0.120787 -0.145285 0.837136
v -0.122622 -0.141136 0.830945
v -0.123532 -0.155517 0.853269
v -0.126644 -0.160650 0.858156
v -0.162847 -0.184938 0.863546
v -0.169609 -0.186429 0.860129
v -0.121704 -0.150580 0.847606
v -0.155858 -0.182512 0.865793
v -0.121230 -0.146029 0.841386
v -0.148911 -0.179244 0.866783
v -0.122129 -0.142039 0.834847
v -0.142272 -0.175261 0.866478
v -0.124204 -0.138876 0.828539
v -0.136198 -0.170716 0.864890
v -0.181219 -0.186488 0.850628
v -0.130921 -0.165782 0.862080
v -0.175885 -0.186929 0.855673
v -0.177595 -0.189157 0.851031
v -0.170965 -0.190611 0.854615
v -0.163772 -0.190926 0.857393
v -0.156316 -0.190077 0.859237
v -0.148885 -0.188096 0.860076
v -0.141764 -0.185059 0.859878
v -0.135226 -0.181083 0.858651
v -0.129523 -0.176320 0.856441
v -0.124874 -0.170955 0.853334
v -0.121457 -0.165192 0.849449
v -0.119404 -0.159253 0.844936
v -0.118794 -0.153367 0.839967
v -0.119651 -0.147759 0.834734
v -0.121921 -0.142665 0.829462
v -0.123622 -0.140004 0.827611
v -0.121038 -0.144153 0.833107
v -0.133347 -0.176240 0.860343
v -0.139476 -0.180679 0.862018
v -0.180637 -0.187615 0.849700
v -0.128124 -0.171200 0.857620
v -0.174794 -0.189043 0.853933
v -0.124010 -0.165754 0.853955
v -0.168025 -0.189498 0.857603
v -0.121161 -0.160110 0.849488
v -0.160831 -0.188844 0.860331
v -0.119688 -0.154486 0.844391
v -0.153487 -0.187105 0.862012
v -0.119646 -0.149098 0.838860
v -0.146276 -0.184348 0.862582
v -0.177169 -0.190482 0.849273
v -0.170277 -0.192756 0.851768
v -0.162845 -0.193814 0.853561
v -0.155187 -0.193595 0.854568
v -0.147597 -0.192110 0.854749
v -0.140366 -0.189414 0.854098
v -0.133772 -0.185612 0.852640
v -0.128069 -0.180850 0.850430
v -0.123476 -0.175310 0.847555
v -0.120169 -0.169205 0.844123
v -0.118275 -0.162771 0.840267
v -0.117868 -0.156254 0.836136
v -0.118962 -0.149905 0.831887
v -0.121495 -0.143990 0.827703
v -0.159456 -0.192325 0.856375
v -0.166945 -0.192234 0.854495
v -0.118313 -0.157968 0.840435
v -0.119544 -0.164204 0.844837
v -0.151870 -0.191199 0.857361
v -0.118566 -0.151834 0.835752
v -0.144480 -0.188897 0.857413
v -0.120294 -0.146037 0.830966
v -0.137569 -0.185509 0.856531
v -0.123225 -0.141009 0.826468
v -0.131402 -0.181164 0.854749
v -0.180240 -0.188621 0.848558
v -0.126217 -0.176029 0.852134
v -0.174050 -0.190927 0.851792
v -0.122213 -0.170303 0.848787
v -0.177037 -0.191553 0.847307
v -0.170062 -0.194490 0.848585
v -0.162556 -0.196147 0.849278
v -0.154835 -0.196438 0.849349
v -0.147195 -0.195353 0.848795
v -0.139930 -0.192934 0.847637
v -0.133319 -0.189272 0.845921
v -0.127616 -0.184510 0.843711
v -0.123040 -0.178829 0.841093
v -0.119767 -0.172449 0.838168
v -0.117923 -0.165614 0.835048
v -0.117579 -0.158587 0.831852
v -0.118747 -0.151639 0.828705
v -0.121363 -0.145061 0.825737
v -0.124854 -0.139637 0.823300
v -0.130439 -0.185298 0.848322
v -0.136625 -0.189563 0.850228
v -0.180043 -0.189465 0.847245
v -0.123028 -0.141853 0.825156
v -0.125273 -0.180084 0.845830
v -0.173682 -0.192509 0.849333
v -0.121324 -0.174122 0.842849
v -0.166410 -0.194531 0.850925
v -0.118744 -0.167642 0.839493
v -0.158775 -0.195249 0.851831
v -0.117632 -0.160891 0.835891
v -0.151070 -0.194636 0.852017
v -0.118031 -0.154131 0.832181
v -0.143591 -0.192717 0.851476
v -0.119926 -0.147619 0.828506
v -0.177202 -0.192329 0.845209
v -0.170329 -0.195745 0.845189
v -0.162916 -0.197836 0.844707
v -0.155274 -0.198497 0.843780
v -0.147695 -0.197702 0.842441
v -0.140473 -0.195483 0.840743
v -0.133883 -0.191923 0.838751
v -0.128180 -0.187160 0.836541
v -0.123583 -0.181378 0.834199
v -0.120267 -0.174798 0.831814
v -0.118362 -0.167673 0.829479
v -0.117939 -0.160277 0.827282
v -0.119015 -0.152894 0.825308
v -0.121528 -0.145837 0.823639
v -0.117672 -0.163144 0.830933
v -0.118791 -0.170291 0.833663
v -0.151117 -0.197285 0.846187
v -0.158815 -0.197502 0.846873
v -0.118062 -0.155901 0.828286
v -0.143642 -0.195660 0.844998
v -0.119947 -0.148838 0.825823
v -0.136679 -0.192688 0.843351
v -0.123039 -0.142504 0.823725
v -0.130496 -0.188484 0.841310
v -0.180054 -0.190115 0.845814
v -0.125328 -0.183209 0.838953
v -0.173703 -0.193729 0.846650
v -0.121376 -0.177066 0.836371
v -0.166441 -0.196301 0.847029
v -0.177659 -0.192779 0.843060
v -0.171068 -0.196475 0.841710
v -0.163911 -0.198818 0.840025
v -0.156486 -0.199693 0.838074
v -0.149078 -0.199066 0.835932
v -0.141973 -0.196963 0.833680
v -0.135444 -0.193462 0.831406
v -0.129741 -0.188700 0.829196
v -0.125083 -0.182858 0.827136
v -0.121650 -0.176162 0.825305
v -0.119573 -0.168868 0.823774
v -0.118933 -0.161258 0.822600
v -0.119754 -0.153623 0.821829
v -0.121984 -0.146287 0.821490
v -0.180273 -0.190547 0.844318
v -0.123258 -0.142936 0.822228
v -0.126380 -0.185284 0.831766
v -0.131568 -0.190599 0.833982
v -0.174113 -0.194538 0.843845
v -0.122367 -0.179020 0.829601
v -0.167037 -0.197476 0.842958
v -0.119682 -0.172050 0.827570
v -0.159573 -0.198997 0.841691
v -0.118430 -0.164640 0.825751
v -0.152008 -0.199044 0.840094
v -0.118658 -0.157076 0.824214
v -0.144633 -0.197614 0.838228
v -0.120357 -0.149648 0.823019
v -0.137731 -0.194763 0.836164
v -0.178389 -0.192887 0.840942
v -0.172251 -0.196649 0.838281
v -0.165502 -0.199053 0.835411
v -0.158425 -0.199979 0.832452
v -0.151290 -0.199393 0.829518
v -0.144374 -0.197317 0.826721
v -0.137940 -0.193831 0.824168
v -0.132237 -0.189068 0.821959
v -0.127483 -0.183213 0.820177
v -0.123862 -0.176489 0.818891
v -0.121512 -0.169155 0.818152
v -0.120525 -0.161493 0.817986
v -0.120936 -0.153798 0.818401
v -0.122715 -0.146395 0.819372
v -0.153711 -0.199845 0.833973
v -0.161021 -0.199679 0.836485
v -0.119796 -0.157611 0.820124
v -0.119878 -0.165321 0.820545
v -0.146525 -0.198504 0.831426
v -0.121141 -0.150016 0.820201
v -0.139740 -0.195708 0.828943
v -0.123677 -0.143132 0.820725
v -0.133616 -0.191562 0.826620
v -0.180692 -0.190744 0.842814
v -0.128389 -0.186228 0.824545
v -0.174897 -0.194907 0.841028
v -0.124259 -0.179910 0.822799
v -0.168175 -0.198011 0.838868
v -0.121385 -0.172851 0.821449
v -0.179365 -0.192648 0.838937
v -0.173831 -0.196263 0.835036
v -0.167629 -0.198532 0.831043
v -0.161016 -0.199345 0.827130
v -0.154247 -0.198670 0.823445
v -0.147582 -0.196532 0.820131
v -0.141276 -0.193015 0.817316
v -0.135573 -0.188252 0.815106
v -0.130691 -0.182428 0.813588
v -0.126819 -0.175765 0.812819
v -0.124104 -0.168521 0.812829
v -0.122651 -0.160973 0.813618
v -0.122517 -0.153411 0.815155
v -0.123691 -0.146156 0.817367
v -0.131277 -0.186007 0.817569
v -0.136561 -0.191337 0.819507
v -0.176024 -0.194820 0.838306
v -0.181293 -0.190698 0.841362
v -0.126979 -0.179701 0.816227
v -0.169811 -0.197885 0.834916
v -0.123834 -0.172663 0.815534
v -0.163103 -0.199519 0.831455
v -0.121960 -0.165161 0.815515
v -0.156159 -0.199657 0.828058
v -0.121432 -0.157485 0.816172
v -0.149246 -0.198296 0.824854
v -0.122268 -0.149930 0.817479
v -0.142628 -0.195486 0.821967
v -0.124278 -0.143086 0.819273
v -0.180550 -0.192072 0.837122
v -0.175749 -0.195330 0.832097
v -0.170209 -0.197277 0.827089
v -0.164160 -0.197815 0.822311
v -0.157834 -0.196925 0.817948
v -0.151474 -0.194639 0.814166
v -0.145324 -0.191045 0.811112
v -0.139621 -0.186283 0.808903
v -0.134584 -0.180534 0.807623
v -0.130406 -0.174020 0.807321
v -0.127248 -0.166991 0.808010
v -0.125232 -0.159717 0.809663
v -0.124434 -0.152478 0.812217
v -0.124875 -0.145580 0.815552
v -0.123503 -0.156704 0.812510
v -0.124596 -0.164167 0.810855
v -0.152690 -0.196996 0.818764
v -0.159259 -0.198488 0.822577
v -0.123695 -0.149392 0.814957
v -0.146284 -0.194107 0.815502
v -0.125039 -0.142799 0.817927
v -0.140289 -0.189930 0.812915
v -0.182054 -0.190411 0.840016
v -0.134933 -0.184627 0.811104
v -0.177451 -0.194282 0.835783
v -0.130424 -0.178402 0.810138
v -0.171882 -0.197104 0.831254
v -0.126933 -0.171493 0.810054
v -0.165740 -0.198524 0.826795
v -0.181897 -0.191180 0.835566
v -0.177930 -0.193886 0.829579
v -0.173144 -0.195334 0.823700
v -0.167737 -0.195449 0.818181
v -0.161915 -0.194224 0.813236
v -0.155902 -0.191708 0.809054
v -0.149929 -0.187998 0.805795
v -0.144226 -0.183235 0.803586
v -0.139011 -0.177604 0.802510
v -0.134487 -0.171320 0.802610
v -0.130825 -0.164624 0.803881
v -0.128167 -0.157775 0.806274
v -0.126615 -0.151035 0.809698
v -0.126223 -0.144688 0.813996
v -0.134459 -0.176062 0.804765
v -0.139217 -0.182143 0.805400
v -0.174309 -0.195697 0.828022
v -0.179122 -0.193313 0.833558
v -0.130565 -0.169388 0.805218
v -0.168828 -0.196734 0.822682
v -0.127685 -0.162376 0.806742
v -0.162891 -0.196382 0.817742
v -0.125930 -0.155297 0.809279
v -0.156726 -0.194656 0.813391
v -0.125366 -0.148423 0.812731
v -0.150569 -0.191623 0.809798
v -0.125931 -0.142282 0.816740
v -0.144657 -0.187398 0.807099
v -0.182946 -0.189894 0.838829
v -0.183355 -0.190008 0.834330
v -0.180290 -0.191988 0.827577
v -0.176321 -0.192780 0.821006
v -0.171608 -0.192335 0.814900
v -0.166331 -0.190673 0.809492
v -0.160694 -0.187855 0.804991
v -0.154912 -0.183990 0.801570
v -0.149209 -0.179228 0.799361
v -0.143804 -0.173750 0.798447
v -0.138903 -0.167768 0.798865
v -0.134696 -0.161511 0.800599
v -0.131344 -0.155220 0.803581
v -0.128976 -0.149137 0.807697
v -0.127681 -0.143516 0.812760
v -0.127219 -0.147060 0.810888
v -0.128619 -0.153318 0.806603
v -0.155316 -0.188129 0.805073
v -0.161198 -0.191366 0.808941
v -0.126919 -0.141555 0.815756
v -0.149497 -0.183836 0.802282
v -0.183934 -0.189166 0.837845
v -0.143965 -0.178650 0.800675
v -0.180975 -0.191950 0.831714
v -0.138931 -0.172772 0.800314
v -0.176998 -0.193718 0.825346
v -0.134590 -0.166426 0.801212
v -0.172251 -0.194215 0.819276
v -0.131108 -0.159858 0.803336
v -0.166916 -0.193421 0.813736
v -0.184868 -0.188599 0.833460
v -0.182740 -0.189707 0.826170
v -0.179618 -0.189711 0.819112
v -0.175625 -0.188596 0.812591
v -0.170914 -0.186406 0.806859
v -0.165667 -0.183225 0.802134
v -0.160084 -0.179176 0.798599
v -0.154381 -0.174413 0.796389
v -0.148776 -0.169121 0.795590
v -0.143486 -0.163502 0.796232
v -0.138713 -0.157772 0.798291
v -0.134641 -0.152151 0.801687
v -0.131425 -0.146856 0.806289
v -0.129194 -0.142107 0.811891
v -0.179847 -0.191244 0.823328
v -0.182937 -0.190245 0.830324
v -0.138853 -0.162723 0.798192
v -0.143668 -0.168657 0.796957
v -0.175876 -0.191066 0.816707
v -0.134733 -0.156708 0.800767
v -0.171179 -0.189717 0.810715
v -0.131467 -0.150844 0.804584
v -0.165934 -0.187251 0.805584
v -0.129181 -0.145355 0.809497
v -0.160345 -0.183761 0.801510
v -0.127966 -0.140645 0.815014
v -0.154624 -0.179382 0.798649
v -0.184981 -0.188257 0.837103
v -0.148993 -0.174282 0.797112
v -0.186378 -0.187009 0.832991
v -0.185184 -0.187133 0.825410
v -0.182908 -0.186245 0.818090
v -0.179633 -0.184374 0.811346
v -0.175487 -0.181589 0.805438
v -0.170629 -0.177998 0.800592
v -0.165245 -0.173740 0.796996
v -0.159541 -0.168977 0.794786
v -0.153739 -0.163894 0.794048
v -0.148059 -0.158684 0.794811
v -0.142721 -0.153549 0.797045
v -0.137930 -0.148686 0.800664
v -0.133870 -0.144281 0.805530
v -0.130704 -0.140516 0.811421
v -0.165461 -0.178686 0.799244
v -0.170754 -0.182470 0.803450
v -0.129031 -0.139589 0.814543
v -0.131177 -0.143375 0.808614
v -0.159841 -0.174207 0.796339
v -0.186046 -0.187200 0.836632
v -0.154109 -0.169207 0.794847
v -0.184933 -0.188265 0.829440
v -0.148487 -0.163876 0.794824
v -0.182745 -0.188369 0.822045
v -0.143190 -0.158420 0.796271
v -0.179565 -0.187406 0.815074
v -0.138422 -0.153049 0.799134
v -0.175516 -0.185415 0.808795
v -0.134365 -0.147969 0.803301
v -0.187827 -0.185297 0.832940
v -0.187530 -0.184362 0.825328
v -0.186064 -0.182517 0.817979
v -0.183479 -0.179831 0.811211
v -0.179875 -0.176406 0.805284
v -0.175390 -0.172375 0.800425
v -0.170196 -0.167891 0.796822
v -0.164493 -0.163129 0.794612
v -0.158500 -0.158270 0.793881
v -0.152447 -0.153501 0.794657
v -0.146567 -0.149006 0.796910
v -0.141087 -0.144958 0.800554
v -0.136215 -0.141511 0.805447
v -0.132153 -0.138805 0.811371
v -0.147435 -0.153683 0.795525
v -0.153204 -0.158613 0.793995
v -0.183175 -0.183378 0.814439
v -0.185581 -0.185204 0.821546
v -0.142032 -0.149021 0.798499
v -0.179761 -0.180678 0.808049
v -0.137202 -0.144804 0.802803
v -0.175470 -0.177207 0.802621
v -0.133130 -0.141195 0.808270
v -0.170468 -0.173098 0.798364
v -0.130073 -0.138426 0.814359
v -0.164946 -0.168510 0.795442
v -0.187088 -0.186037 0.836449
v -0.159116 -0.163619 0.793967
v -0.186886 -0.186085 0.829097
v -0.189159 -0.183531 0.833310
v -0.189686 -0.181503 0.825926
v -0.188966 -0.178669 0.818784
v -0.187015 -0.175142 0.812192
v -0.183909 -0.171056 0.806402
v -0.179767 -0.166570 0.801639
v -0.174748 -0.161855 0.798084
v -0.169045 -0.157092 0.795875
v -0.162877 -0.152465 0.795095
v -0.156481 -0.148152 0.795776
v -0.150103 -0.144318 0.797891
v -0.143988 -0.141110 0.801358
v -0.138371 -0.138652 0.806045
v -0.133485 -0.137039 0.811740
v -0.131053 -0.137200 0.814472
v -0.134966 -0.138898 0.808481
v -0.169743 -0.162510 0.795992
v -0.175173 -0.167213 0.798903
v -0.188068 -0.184812 0.836561
v -0.163822 -0.157734 0.794506
v -0.188722 -0.183789 0.829307
v -0.157636 -0.153069 0.794502
v -0.188246 -0.181870 0.821851
v -0.151424 -0.148694 0.795982
v -0.186567 -0.179135 0.814828
v -0.145424 -0.144778 0.798888
v -0.183750 -0.175689 0.808506
v -0.139867 -0.141470 0.803108
v -0.179902 -0.171663 0.803129
v -0.190323 -0.181778 0.834085
v -0.146524 -0.137290 0.803048
v -0.140255 -0.135813 0.807301
v -0.134648 -0.135285 0.812515
v -0.189612 -0.174841 0.816225
v -0.148469 -0.140484 0.800285
v -0.142259 -0.138096 0.804205
v -0.183881 -0.166053 0.804954
v -0.136614 -0.136575 0.809236
v -0.131932 -0.135960 0.814875
v -0.188947 -0.183572 0.836964
v -0.190370 -0.181465 0.830063
v -0.161614 -0.147459 0.796327
v -0.188134 -0.183904 0.840268
v -0.191570 -0.178664 0.827181
v -0.191501 -0.174849 0.820473
v -0.190104 -0.170487 0.814250
v -0.187434 -0.165746 0.808751
v -0.183591 -0.160808 0.804187
v -0.166701 -0.146703 0.797644
v -0.160006 -0.142842 0.798125
v -0.153192 -0.139663 0.799949
v -0.130314 -0.135620 0.817867
v -0.188524 -0.183216 0.840741
v -0.130704 -0.134932 0.818340
v -0.164985 -0.141997 0.799399
v -0.192192 -0.170661 0.818576
v -0.151049 -0.136303 0.802636
v -0.144286 -0.134812 0.806053
v -0.187252 -0.160591 0.808026
v -0.138011 -0.134312 0.810509
v -0.132677 -0.134753 0.815554
v -0.189692 -0.182365 0.837643
v -0.191767 -0.179202 0.831335
v -0.188813 -0.182588 0.841351
v -0.130993 -0.134304 0.818950
v -0.188988 -0.182044 0.842074
v -0.131168 -0.133760 0.819673
v -0.189042 -0.181604 0.842882
v -0.131222 -0.133320 0.820481
v -0.188974 -0.181285 0.843744
v -0.131154 -0.133001 0.821343
v -0.130967 -0.132816 0.822226
v -0.188486 -0.181055 0.845497
v -0.130666 -0.132771 0.823096
v -0.188085 -0.181153 0.846321
v -0.130265 -0.132870 0.823920
v -0.187599 -0.181390 0.847067
v -0.129778 -0.133106 0.824666
v -0.187045 -0.181757 0.847707
v -0.129225 -0.133473 0.825306
v -0.186446 -0.182239 0.848215
v -0.128625 -0.133955 0.825814
v -0.185824 -0.182818 0.848572
v -0.128004 -0.134534 0.826171
v -0.185203 -0.183471 0.848765
v -0.127383 -0.135187 0.826364
v -0.184608 -0.184175 0.848786
v -0.126788 -0.135891 0.826385
v -0.184060 -0.184900 0.848634
v -0.126240 -0.136616 0.826233
v -0.183582 -0.185621 0.848315
v -0.125762 -0.137337 0.825914
v -0.183191 -0.186309 0.847842
v -0.125371 -0.138025 0.825441
v -0.182903 -0.186937 0.847232
v -0.125083 -0.138653 0.824831
v -0.182728 -0.187481 0.846509
v -0.124908 -0.139197 0.824108
v -0.182674 -0.187921 0.845701
v -0.182742 -0.188240 0.844839
v -0.124922 -0.139956 0.822438
v -0.182929 -0.188425 0.843956
v -0.125109 -0.140141 0.821555
v -0.183229 -0.188470 0.843086
v -0.125409 -0.140186 0.820685
v -0.183631 -0.188371 0.842262
v -0.125811 -0.140087 0.819861
v -0.184117 -0.188135 0.841516
v -0.126297 -0.139851 0.819115
v -0.184671 -0.187768 0.840877
v -0.126851 -0.139484 0.818476
v -0.185270 -0.187286 0.840368
v -0.127450 -0.139002 0.817967
v -0.185892 -0.186707 0.840011
v -0.128072 -0.138423 0.817610
v -0.186513 -0.186054 0.839818
v -0.128693 -0.137770 0.817417
v -0.187108 -0.185350 0.839797
v -0.129288 -0.137066 0.817396
v -0.187655 -0.184625 0.839949
v -0.129835 -0.136341 0.817548
v -0.190638 -0.178496 0.822949
v -0.155004 -0.143645 0.797624
v -0.187330 -0.170639 0.810148
v -0.179396 -0.161257 0.800841
v -0.174049 -0.156437 0.797967
v -0.168045 -0.151778 0.796443
v -0.173589 -0.145156 0.865418
v -0.172485 -0.141602 0.864032
v -0.171988 -0.139436 0.862865
v -0.173205 -0.142185 0.864022
v -0.173931 -0.145241 0.865237
v -0.172282 -0.139254 0.862566
v -0.174397 -0.141945 0.863060
v -0.169011 -0.136309 0.861751
v -0.168034 -0.134562 0.860643
v -0.170394 -0.136733 0.861549
v -0.168321 -0.134362 0.860334
v -0.171176 -0.136325 0.860742
v -0.163719 -0.132461 0.859922
v -0.162370 -0.131404 0.859139
v -0.165497 -0.132643 0.859652
v -0.162635 -0.131198 0.858828
v -0.166139 -0.132119 0.858791
v -0.157472 -0.130631 0.858795
v -0.155996 -0.130464 0.858602
v -0.159299 -0.130572 0.858634
v -0.155967 -0.130239 0.858277
v -0.159821 -0.129773 0.857412
v -0.149396 -0.131761 0.858981
v -0.151752 -0.130194 0.857541
v -0.152715 -0.130847 0.858708
v -0.149711 -0.131925 0.859276
v -0.152158 -0.131393 0.859232
v -0.172505 -0.150959 0.868107
v -0.173356 -0.146477 0.866123
v -0.173470 -0.148178 0.866749
v -0.172803 -0.151307 0.868050
v -0.174628 -0.149298 0.866404
v -0.169014 -0.156112 0.870444
v -0.171221 -0.152092 0.868903
v -0.171164 -0.153841 0.869330
v -0.169328 -0.156456 0.870382
v -0.171955 -0.154758 0.869126
v -0.144049 -0.135346 0.860589
v -0.145895 -0.132996 0.859030
v -0.146704 -0.133414 0.859854
v -0.144361 -0.135525 0.860892
v -0.146401 -0.134514 0.860756
v -0.140575 -0.140511 0.862887
v -0.141430 -0.137425 0.861007
v -0.142212 -0.137871 0.861842
v -0.140871 -0.140695 0.863191
v -0.142150 -0.139343 0.862878
v -0.163664 -0.159729 0.872021
v -0.166970 -0.156892 0.871088
v -0.166672 -0.158297 0.871319
v -0.163983 -0.160058 0.871955
v -0.167490 -0.159188 0.871103
v -0.157412 -0.161629 0.872551
v -0.153568 -0.162610 0.872282
v -0.150743 -0.160623 0.872103
v -0.154078 -0.161161 0.872491
v -0.157380 -0.161236 0.872595
v -0.151005 -0.160252 0.872156
v -0.155903 -0.160990 0.872577
v -0.147245 -0.160067 0.871338
v -0.145057 -0.157442 0.870634
v -0.147880 -0.159070 0.871518
v -0.145341 -0.157075 0.870691
v -0.149652 -0.158975 0.871857
v -0.142208 -0.155860 0.869387
v -0.141096 -0.152566 0.868365
v -0.142982 -0.154979 0.869620
v -0.141388 -0.152220 0.868429
v -0.144360 -0.155098 0.870091
v -0.138991 -0.150437 0.866635
v -0.139448 -0.146627 0.865591
v -0.140171 -0.149548 0.867104
v -0.139787 -0.146545 0.865779
v -0.140888 -0.149919 0.867559
v -0.161215 -0.160127 0.872360
v -0.160662 -0.160885 0.872420
v -0.161636 -0.162187 0.872157
v -0.138760 -0.143083 0.863294
v -0.139907 -0.143553 0.864379
v -0.140018 -0.145143 0.865250
v -0.178408 -0.149568 0.863955
v -0.175138 -0.154051 0.867394
v -0.174708 -0.138352 0.860255
v -0.178414 -0.144611 0.861703
v -0.170921 -0.140721 0.864143
v -0.168791 -0.146069 0.867802
v -0.170047 -0.133261 0.858252
v -0.166520 -0.135715 0.862065
v -0.164219 -0.129593 0.856192
v -0.160761 -0.132235 0.860206
v -0.157648 -0.127270 0.853657
v -0.151363 -0.132619 0.860306
v -0.152223 -0.127701 0.853810
v -0.146997 -0.130551 0.856492
v -0.171253 -0.158655 0.869801
v -0.164078 -0.151043 0.870654
v -0.145988 -0.136547 0.862279
v -0.142146 -0.134349 0.858524
v -0.166407 -0.162714 0.871260
v -0.158783 -0.155997 0.872233
v -0.142057 -0.141851 0.864427
v -0.138265 -0.139214 0.860358
v -0.161200 -0.166640 0.871575
v -0.155693 -0.156124 0.872266
v -0.142444 -0.150406 0.868316
v -0.135014 -0.144773 0.861430
v -0.155775 -0.167071 0.871727
v -0.149184 -0.163674 0.871557
v -0.149864 -0.151610 0.870798
v -0.143352 -0.159744 0.870072
v -0.138696 -0.154915 0.867493
v -0.135008 -0.149730 0.863681
v -0.166131 -0.143136 0.867282
v -0.160561 -0.138193 0.865373
v -0.160958 -0.148044 0.870328
v -0.155233 -0.143103 0.868466
v -0.163734 -0.148203 0.869947
v -0.157971 -0.142996 0.868439
v -0.152156 -0.138533 0.865461
v -0.155682 -0.153501 0.871908
v -0.149949 -0.148722 0.870073
v -0.149599 -0.141070 0.866593
v -0.158572 -0.153384 0.871878
v -0.152722 -0.148367 0.870409
v -0.173236 -0.143795 0.864902
v -0.170592 -0.138201 0.862585
v -0.165909 -0.133719 0.860550
v -0.159881 -0.131077 0.859149
v -0.154525 -0.130752 0.858827
v -0.172802 -0.148633 0.867230
v -0.169817 -0.154068 0.869828
v -0.148459 -0.133084 0.860085
v -0.143554 -0.137338 0.862016
v -0.164912 -0.158351 0.871697
v -0.153492 -0.160444 0.872442
v -0.147462 -0.157688 0.871293
v -0.142779 -0.153235 0.869194
v -0.140139 -0.147826 0.866470
v -0.158850 -0.160869 0.872546
v -0.140571 -0.142888 0.864362
v -0.168663 -0.143256 0.866523
v -0.171308 -0.149275 0.868033
v -0.163477 -0.138104 0.864771
v -0.157657 -0.134065 0.862258
v -0.154566 -0.134191 0.862291
v -0.167374 -0.154406 0.870564
v -0.149263 -0.138671 0.864914
v -0.162003 -0.158507 0.872154
v -0.144559 -0.144119 0.866722
v -0.152605 -0.158892 0.872252
v -0.144686 -0.146933 0.868002
v -0.146843 -0.155237 0.870778
v -0.144533 -0.152859 0.869622
v -0.147214 -0.149285 0.869517
v -0.144642 -0.149920 0.868909
v -0.147047 -0.152307 0.870224
v -0.149668 -0.157147 0.871612
v -0.152722 -0.153884 0.871651
v -0.149707 -0.154528 0.871254
v -0.152615 -0.156578 0.871998
v -0.141005 -0.147691 0.866738
v -0.142440 -0.144517 0.865981
v -0.140880 -0.144941 0.865488
v -0.142572 -0.147435 0.867307
v -0.155841 -0.160080 0.872486
v -0.158909 -0.158270 0.872361
v -0.155704 -0.158401 0.872395
v -0.158862 -0.159956 0.872455
v -0.144262 -0.141530 0.865095
v -0.146434 -0.138844 0.864102
v -0.143910 -0.139124 0.863377
v -0.146851 -0.141296 0.865884
v -0.161831 -0.156202 0.871901
v -0.164496 -0.153927 0.871099
v -0.161497 -0.153527 0.871558
v -0.164756 -0.156532 0.871453
v -0.148857 -0.136441 0.863029
v -0.151525 -0.134325 0.861879
v -0.148608 -0.134463 0.861297
v -0.151847 -0.136340 0.863672
v -0.166919 -0.151524 0.870027
v -0.169094 -0.148996 0.868686
v -0.166493 -0.148571 0.869347
v -0.169454 -0.151871 0.869373
v -0.154453 -0.132600 0.860662
v -0.157530 -0.131297 0.859422
v -0.154509 -0.131420 0.859454
v -0.157658 -0.132470 0.860628
v -0.160622 -0.135983 0.863580
v -0.163695 -0.133848 0.861137
v -0.160741 -0.133949 0.861781
v -0.163646 -0.135840 0.862874
v -0.166130 -0.140582 0.865714
v -0.168831 -0.138136 0.863127
v -0.166306 -0.138061 0.863905
v -0.168713 -0.140607 0.864870
v -0.170921 -0.146353 0.867043
v -0.172366 -0.143686 0.865170
v -0.170789 -0.143435 0.865716
v -0.172490 -0.146436 0.866420
v -0.149900 -0.146061 0.869066
v -0.152504 -0.143307 0.868258
v -0.149785 -0.143544 0.867921
v -0.152619 -0.145803 0.869393
v -0.155604 -0.150824 0.871276
v -0.158217 -0.148077 0.870471
v -0.155475 -0.148188 0.870499
v -0.158368 -0.150712 0.871247
v -0.155108 -0.140724 0.867105
v -0.157727 -0.138296 0.865600
v -0.154962 -0.138408 0.865629
v -0.157850 -0.140614 0.867077
v -0.160821 -0.145494 0.869318
v -0.163431 -0.143059 0.867810
v -0.160706 -0.142999 0.868183
v -0.163545 -0.145576 0.868954
v -0.161534 -0.140265 0.799734
v -0.192600 -0.172996 0.821631
v -0.154532 -0.137405 0.801360
v -0.191444 -0.168229 0.815661
v -0.147623 -0.135436 0.804205
v -0.188962 -0.163170 0.810360
v -0.141072 -0.134436 0.808161
v -0.185249 -0.158012 0.805933
v -0.135158 -0.134433 0.813040
v -0.180450 -0.152955 0.802550
v -0.188655 -0.183321 0.839887
v -0.130957 -0.135139 0.817534
v -0.174746 -0.148193 0.800341
v -0.190831 -0.180924 0.834609
v -0.168359 -0.143908 0.799390
v -0.192387 -0.177287 0.828041
v -0.171088 -0.138621 0.803741
v -0.193731 -0.174683 0.830185
v -0.164048 -0.135393 0.803744
v -0.194409 -0.169491 0.824515
v -0.156736 -0.133134 0.804875
v -0.193648 -0.163959 0.819175
v -0.149432 -0.131932 0.807090
v -0.191476 -0.158298 0.814370
v -0.142416 -0.131832 0.810304
v -0.187978 -0.152726 0.810285
v -0.135989 -0.132823 0.814365
v -0.183287 -0.147458 0.807075
v -0.189048 -0.182560 0.840514
v -0.131350 -0.134378 0.818160
v -0.177584 -0.142695 0.804866
v -0.191662 -0.179314 0.835934
v -0.143333 -0.129511 0.812941
v -0.189839 -0.148014 0.815638
v -0.136556 -0.131388 0.815995
v -0.185222 -0.142558 0.812643
v -0.189316 -0.181881 0.841285
v -0.131618 -0.133700 0.818931
v -0.179519 -0.137795 0.810433
v -0.192229 -0.177879 0.837564
v -0.172948 -0.133910 0.809094
v -0.194647 -0.172362 0.832822
v -0.165763 -0.131051 0.808678
v -0.195643 -0.166368 0.828064
v -0.158239 -0.129328 0.809199
v -0.195151 -0.160153 0.823500
v -0.150665 -0.128808 0.810639
v -0.193191 -0.153955 0.819304
v -0.195101 -0.170413 0.835852
v -0.166612 -0.127405 0.814345
v -0.196253 -0.163745 0.832141
v -0.158983 -0.126132 0.814167
v -0.195895 -0.156957 0.828468
v -0.151276 -0.126185 0.814716
v -0.194040 -0.150309 0.824972
v -0.143787 -0.127562 0.815971
v -0.190760 -0.144058 0.821788
v -0.136836 -0.130183 0.817868
v -0.186180 -0.138443 0.819038
v -0.189448 -0.181312 0.842170
v -0.131751 -0.133130 0.819816
v -0.180477 -0.133681 0.816829
v -0.192509 -0.176674 0.839437
v -0.173870 -0.129953 0.815244
v -0.190706 -0.141009 0.828498
v -0.136820 -0.129255 0.819911
v -0.186124 -0.135272 0.826017
v -0.189440 -0.180873 0.843136
v -0.131743 -0.132691 0.820782
v -0.180421 -0.130510 0.823807
v -0.192493 -0.175746 0.841480
v -0.173816 -0.126905 0.821954
v -0.195075 -0.168911 0.839157
v -0.166563 -0.124595 0.820529
v -0.196218 -0.161724 0.836590
v -0.158940 -0.123670 0.819587
v -0.195852 -0.154494 0.833888
v -0.151240 -0.124164 0.819164
v -0.193991 -0.147499 0.831156
v -0.143760 -0.126060 0.819276
v -0.165617 -0.122729 0.826992
v -0.195537 -0.160382 0.841238
v -0.158111 -0.122034 0.825252
v -0.195023 -0.152859 0.839553
v -0.150560 -0.122822 0.823813
v -0.193045 -0.145634 0.837618
v -0.143255 -0.125063 0.822731
v -0.189680 -0.138985 0.835510
v -0.136508 -0.128639 0.822047
v -0.185057 -0.133167 0.833309
v -0.189293 -0.180582 0.844145
v -0.131595 -0.132400 0.821792
v -0.179354 -0.128405 0.831100
v -0.192180 -0.175130 0.843616
v -0.172790 -0.124880 0.828967
v -0.194569 -0.167914 0.842611
v -0.135911 -0.128358 0.824192
v -0.183019 -0.132209 0.840636
v -0.189011 -0.180449 0.845159
v -0.131313 -0.132267 0.822806
v -0.177316 -0.127446 0.838426
v -0.191584 -0.174849 0.845761
v -0.170830 -0.123959 0.836012
v -0.193604 -0.167460 0.846082
v -0.163811 -0.121880 0.833485
v -0.194238 -0.159771 0.845909
v -0.156528 -0.121290 0.830943
v -0.193440 -0.152114 0.845244
v -0.149261 -0.122211 0.828483
v -0.191239 -0.144784 0.844111
v -0.142289 -0.124609 0.826201
v -0.187720 -0.138063 0.842555
v -0.154251 -0.121465 0.836442
v -0.191163 -0.152289 0.850742
v -0.147393 -0.122355 0.832996
v -0.188642 -0.144984 0.850385
v -0.140901 -0.124715 0.829554
v -0.184902 -0.138279 0.849362
v -0.135053 -0.128424 0.826265
v -0.180088 -0.132434 0.847715
v -0.188605 -0.180480 0.846139
v -0.130907 -0.132298 0.823786
v -0.174385 -0.127671 0.845505
v -0.190726 -0.174915 0.847834
v -0.168012 -0.124175 0.842819
v -0.192216 -0.167567 0.849435
v -0.161214 -0.122079 0.839758
v -0.192370 -0.159914 0.850422
v -0.188091 -0.180674 0.847047
v -0.130394 -0.132492 0.824694
v -0.170709 -0.129059 0.852042
v -0.189639 -0.175324 0.849755
v -0.164472 -0.125540 0.849147
v -0.190458 -0.168230 0.852542
v -0.157937 -0.123340 0.845598
v -0.190005 -0.160806 0.854603
v -0.151370 -0.122553 0.841538
v -0.188280 -0.153375 0.855838
v -0.145028 -0.123247 0.837178
v -0.185323 -0.146210 0.856208
v -0.139144 -0.125378 0.832662
v -0.181306 -0.139598 0.855669
v -0.133966 -0.128834 0.828186
v -0.176396 -0.133807 0.854245
v -0.184874 -0.155321 0.860344
v -0.142256 -0.124854 0.840867
v -0.137085 -0.126572 0.835403
v -0.132693 -0.129572 0.829881
v -0.187490 -0.181023 0.847848
v -0.129792 -0.132841 0.825495
v -0.188366 -0.176063 0.851450
v -0.188399 -0.169424 0.855284
v -0.187234 -0.162413 0.858293
v -0.148002 -0.124530 0.846059
v -0.186956 -0.177101 0.852854
v -0.186117 -0.171102 0.857555
v -0.184163 -0.164673 0.861349
v -0.144249 -0.127282 0.849777
v -0.181137 -0.158087 0.864068
v -0.139186 -0.127113 0.843923
v -0.134803 -0.128251 0.837674
v -0.131283 -0.130610 0.831285
v -0.186823 -0.181513 0.848512
v -0.129125 -0.133332 0.826158
v -0.135933 -0.129939 0.846228
v -0.132386 -0.130351 0.839387
v -0.129789 -0.131907 0.832344
v -0.162252 -0.146791 0.869684
v -0.186117 -0.182127 0.849012
v -0.128419 -0.133945 0.826659
v -0.156541 -0.141839 0.867815
v -0.185461 -0.178398 0.853913
v -0.183700 -0.173202 0.859267
v -0.180911 -0.167498 0.863654
v -0.140259 -0.130695 0.852542
v -0.177222 -0.161561 0.866862
v -0.183941 -0.179907 0.854586
v -0.181242 -0.175641 0.860356
v -0.177602 -0.170781 0.865119
v -0.136234 -0.134687 0.854324
v -0.173197 -0.165554 0.868644
v -0.132624 -0.133221 0.847693
v -0.129927 -0.132790 0.840475
v -0.128268 -0.133416 0.833017
v -0.157061 -0.152080 0.871631
v -0.185398 -0.182840 0.849330
v -0.127701 -0.134658 0.826977
v -0.151305 -0.147200 0.869782
v -0.127521 -0.135476 0.840898
v -0.126781 -0.135076 0.833278
v -0.184695 -0.183625 0.849454
v -0.126997 -0.135443 0.827100
v -0.182454 -0.181567 0.854847
v -0.178835 -0.178327 0.860779
v -0.174363 -0.174395 0.865688
v -0.132335 -0.139101 0.855052
v -0.169224 -0.169906 0.869343
v -0.129385 -0.136836 0.848262
v -0.176573 -0.181155 0.860520
v -0.171319 -0.178201 0.865339
v -0.128632 -0.143747 0.854636
v -0.165503 -0.174538 0.868921
v -0.126342 -0.140642 0.847914
v -0.125259 -0.138304 0.840639
v -0.125383 -0.136824 0.833118
v -0.184034 -0.184451 0.849378
v -0.126337 -0.136269 0.827025
v -0.181056 -0.183315 0.854687
v -0.123229 -0.141167 0.839708
v -0.149000 -0.171647 0.869973
v -0.124128 -0.138594 0.832542
v -0.142747 -0.167190 0.869144
v -0.183441 -0.185288 0.849106
v -0.125743 -0.137106 0.826753
v -0.137060 -0.162441 0.866941
v -0.179801 -0.185085 0.854111
v -0.132167 -0.157590 0.863451
v -0.174544 -0.184018 0.859589
v -0.128183 -0.152858 0.858772
v -0.168588 -0.182054 0.864086
v -0.125274 -0.148442 0.853093
v -0.162184 -0.179265 0.867393
v -0.123610 -0.144495 0.846661
v -0.155569 -0.175728 0.869383
v -0.124934 -0.158071 0.855822
v -0.166273 -0.185805 0.861977
v -0.122452 -0.153012 0.850522
v -0.159364 -0.183836 0.864822
v -0.121295 -0.148245 0.844551
v -0.152362 -0.180976 0.866448
v -0.121509 -0.143954 0.838141
v -0.145536 -0.177333 0.866793
v -0.123064 -0.140317 0.831573
v -0.139149 -0.173048 0.865842
v -0.182938 -0.186102 0.848648
v -0.125241 -0.137920 0.826295
v -0.133446 -0.168286 0.863632
v -0.178737 -0.186808 0.853142
v -0.128646 -0.163229 0.860249
v -0.172824 -0.186805 0.858021
v -0.122234 -0.141927 0.830248
v -0.136312 -0.178546 0.861316
v -0.182546 -0.186863 0.848022
v -0.124848 -0.138681 0.825668
v -0.130609 -0.173783 0.859107
v -0.177906 -0.188418 0.851817
v -0.125918 -0.168515 0.855898
v -0.171480 -0.189409 0.855878
v -0.122419 -0.162943 0.851812
v -0.164464 -0.189309 0.859092
v -0.120248 -0.157282 0.847007
v -0.157160 -0.188107 0.861307
v -0.119487 -0.151749 0.841667
v -0.149847 -0.185848 0.862438
v -0.120165 -0.146558 0.835997
v -0.142808 -0.182619 0.862441
v -0.163231 -0.192433 0.855543
v -0.118745 -0.161088 0.842682
v -0.155657 -0.191913 0.856983
v -0.118253 -0.154873 0.838118
v -0.148133 -0.190190 0.857504
v -0.119249 -0.148879 0.833360
v -0.140947 -0.187331 0.857088
v -0.121667 -0.143362 0.828618
v -0.134377 -0.183446 0.855749
v -0.182278 -0.187541 0.847251
v -0.124580 -0.139359 0.824898
v -0.128674 -0.178683 0.853539
v -0.177340 -0.189853 0.850187
v -0.124057 -0.173227 0.850544
v -0.170563 -0.191730 0.853241
v -0.120705 -0.167286 0.846878
v -0.133419 -0.187560 0.849353
v -0.182145 -0.188111 0.846366
v -0.124448 -0.139929 0.824012
v -0.127716 -0.182798 0.847144
v -0.177059 -0.191057 0.848314
v -0.123136 -0.177183 0.844394
v -0.170109 -0.193679 0.850211
v -0.119856 -0.170932 0.841210
v -0.162620 -0.195055 0.851466
v -0.118001 -0.164284 0.837714
v -0.154913 -0.195109 0.852015
v -0.117642 -0.157496 0.834041
v -0.147284 -0.193836 0.851837
v -0.118795 -0.150828 0.830331
v -0.140026 -0.191288 0.850938
v -0.121386 -0.144566 0.826745
v -0.118044 -0.166747 0.832294
v -0.154956 -0.197571 0.846595
v -0.117678 -0.159517 0.829592
v -0.147333 -0.196646 0.845653
v -0.118821 -0.152330 0.827025
v -0.140080 -0.194336 0.844228
v -0.121403 -0.145495 0.824702
v -0.133475 -0.190731 0.842375
v -0.182153 -0.188550 0.845400
v -0.124455 -0.140368 0.823046
v -0.127771 -0.185969 0.840166
v -0.177076 -0.191986 0.846271
v -0.123190 -0.180232 0.837684
v -0.170136 -0.195181 0.846906
v -0.119905 -0.173742 0.835026
v -0.162656 -0.197077 0.847018
v -0.182301 -0.188841 0.844391
v -0.124603 -0.140659 0.822037
v -0.128839 -0.188074 0.832873
v -0.177388 -0.192602 0.844135
v -0.124216 -0.182256 0.830672
v -0.170641 -0.196178 0.843451
v -0.120851 -0.175607 0.828564
v -0.163336 -0.198419 0.842369
v -0.118873 -0.168382 0.826630
v -0.155785 -0.199207 0.840930
v -0.118358 -0.160859 0.824944
v -0.148279 -0.198512 0.839190
v -0.119327 -0.153327 0.823571
v -0.141106 -0.196361 0.837216
v -0.121715 -0.146111 0.822566
v -0.134542 -0.192836 0.835083
v -0.157368 -0.199951 0.835239
v -0.119658 -0.161470 0.820273
v -0.150085 -0.199361 0.832697
v -0.120292 -0.153781 0.820100
v -0.143066 -0.197282 0.830171
v -0.122312 -0.146392 0.820421
v -0.136580 -0.193795 0.827756
v -0.182583 -0.188974 0.843376
v -0.124885 -0.140792 0.821023
v -0.130877 -0.189032 0.825546
v -0.177985 -0.192883 0.841990
v -0.126176 -0.183178 0.823627
v -0.171607 -0.196632 0.839981
v -0.122657 -0.176457 0.822071
v -0.164635 -0.199030 0.837699
v -0.120456 -0.169127 0.820939
v -0.133807 -0.188807 0.818467
v -0.178843 -0.192817 0.839917
v -0.128993 -0.182962 0.816820
v -0.172995 -0.196526 0.836628
v -0.125254 -0.176257 0.815798
v -0.166503 -0.198886 0.833186
v -0.122732 -0.168952 0.815440
v -0.159644 -0.199776 0.829741
v -0.121526 -0.161327 0.815760
v -0.152682 -0.199162 0.826424
v -0.121680 -0.153674 0.816747
v -0.145884 -0.197066 0.823363
v -0.123170 -0.146326 0.818348
v -0.139510 -0.193570 0.820677
v -0.182988 -0.188942 0.842397
v -0.125291 -0.140761 0.820043
v -0.123891 -0.160435 0.811579
v -0.155970 -0.197922 0.820611
v -0.123438 -0.153011 0.813640
v -0.149451 -0.195720 0.817056
v -0.124257 -0.145916 0.816427
v -0.143221 -0.192170 0.814117
v -0.183502 -0.188749 0.841489
v -0.125804 -0.140567 0.819135
v -0.137517 -0.187408 0.811908
v -0.179930 -0.192407 0.837996
v -0.132561 -0.181616 0.810512
v -0.174752 -0.195863 0.833521
v -0.128542 -0.175017 0.809985
v -0.168868 -0.197994 0.829004
v -0.125614 -0.167865 0.810345
v -0.162526 -0.198689 0.824645
v -0.136741 -0.179192 0.804947
v -0.176811 -0.194669 0.830779
v -0.132394 -0.172783 0.804855
v -0.171639 -0.196387 0.825315
v -0.128991 -0.165907 0.805849
v -0.165903 -0.196732 0.820150
v -0.126662 -0.158828 0.807889
v -0.159822 -0.195688 0.815482
v -0.125497 -0.151817 0.810898
v -0.153631 -0.193297 0.811490
v -0.125530 -0.145178 0.814732
v -0.147568 -0.189650 0.808329
v -0.184104 -0.188400 0.840687
v -0.126406 -0.140218 0.818334
v -0.141865 -0.184887 0.806120
v -0.181203 -0.191669 0.836301
v -0.127779 -0.150138 0.808628
v -0.158263 -0.189888 0.806881
v -0.126940 -0.144140 0.813328
v -0.152385 -0.186105 0.803535
v -0.184770 -0.187909 0.840024
v -0.127073 -0.139728 0.817670
v -0.146682 -0.181343 0.801326
v -0.182613 -0.190631 0.834897
v -0.141373 -0.175784 0.800337
v -0.179093 -0.192990 0.828508
v -0.136663 -0.169642 0.800607
v -0.174710 -0.194128 0.822259
v -0.132733 -0.163154 0.802125
v -0.169645 -0.193978 0.816426
v -0.129733 -0.156568 0.804833
v -0.164091 -0.192547 0.811233
v -0.181510 -0.190890 0.826796
v -0.141185 -0.165714 0.797403
v -0.177963 -0.191302 0.819954
v -0.136696 -0.159711 0.799317
v -0.173608 -0.190535 0.813617
v -0.132985 -0.153743 0.802529
v -0.168613 -0.188619 0.808029
v -0.130195 -0.148039 0.806915
v -0.163170 -0.185626 0.803404
v -0.128434 -0.142842 0.812269
v -0.157487 -0.181673 0.799920
v -0.185477 -0.187296 0.839523
v -0.127779 -0.139114 0.817170
v -0.151784 -0.176910 0.797710
v -0.184107 -0.189333 0.833839
v -0.146279 -0.171522 0.796860
v -0.168161 -0.180674 0.801194
v -0.129954 -0.141334 0.811596
v -0.162678 -0.176523 0.797621
v -0.186195 -0.186583 0.839205
v -0.128498 -0.138401 0.816852
v -0.156975 -0.171760 0.795412
v -0.185627 -0.187825 0.833165
v -0.151271 -0.166570 0.794650
v -0.183969 -0.188451 0.825707
v -0.145785 -0.161151 0.795366
v -0.181272 -0.188020 0.818489
v -0.140728 -0.155711 0.797531
v -0.177640 -0.186535 0.811832
v -0.136294 -0.150460 0.801063
v -0.173213 -0.184055 0.805992
v -0.132654 -0.145600 0.805826
v -0.150287 -0.156126 0.794575
v -0.184510 -0.184405 0.817920
v -0.144674 -0.151307 0.796838
v -0.181586 -0.182131 0.811139
v -0.139533 -0.146846 0.800494
v -0.177715 -0.179031 0.805201
v -0.135061 -0.142914 0.805403
v -0.173046 -0.175223 0.800335
v -0.131442 -0.139674 0.811335
v -0.167759 -0.170853 0.796728
v -0.186898 -0.185798 0.839082
v -0.129201 -0.137616 0.816728
v -0.162055 -0.166091 0.794519
v -0.187115 -0.186165 0.832904
v -0.156156 -0.161118 0.793792
v -0.186375 -0.185765 0.825284
v -0.132840 -0.137926 0.811495
v -0.172533 -0.164882 0.797275
v -0.187559 -0.184972 0.839157
v -0.129862 -0.136790 0.816804
v -0.166830 -0.160120 0.795066
v -0.188513 -0.184417 0.833064
v -0.160747 -0.155376 0.794317
v -0.188637 -0.182937 0.825543
v -0.154518 -0.150835 0.795059
v -0.187554 -0.180599 0.818268
v -0.148383 -0.146669 0.797263
v -0.185295 -0.177493 0.811563
v -0.142576 -0.143039 0.800843
v -0.181946 -0.173739 0.805686
v -0.137322 -0.140086 0.805662
v -0.177637 -0.169481 0.800861
v -0.190286 -0.176746 0.819521
v -0.151711 -0.141975 0.798790
v -0.188623 -0.172799 0.813090
v -0.145308 -0.139187 0.802096
v -0.185744 -0.168383 0.807428
v -0.139352 -0.137223 0.806593
v -0.181758 -0.163670 0.802751
v -0.134095 -0.136156 0.812071
v -0.176818 -0.158839 0.799241
v -0.188152 -0.184135 0.839429
v -0.130455 -0.135953 0.817076
v -0.171115 -0.154076 0.797031
v -0.189768 -0.182647 0.833640
v -0.164868 -0.149565 0.796208
v -0.190667 -0.180074 0.826474
v -0.158316 -0.145479 0.796801
v -0.173100 -0.142283 0.864144
v -0.173423 -0.142141 0.863855
v -0.170244 -0.136856 0.861718
v -0.170561 -0.136635 0.861379
v -0.165327 -0.132750 0.859814
v -0.165643 -0.132528 0.859474
v -0.159167 -0.130649 0.858747
v -0.159390 -0.130423 0.858418
v -0.152570 -0.130720 0.858501
v -0.152844 -0.130909 0.858816
v -0.173357 -0.148040 0.866763
v -0.173683 -0.148351 0.866681
v -0.171002 -0.153641 0.869352
v -0.171335 -0.154036 0.869294
v -0.146528 -0.133321 0.859684
v -0.146888 -0.133504 0.860010
v -0.142043 -0.137770 0.861670
v -0.142372 -0.137984 0.862009
v -0.166486 -0.158121 0.871352
v -0.166850 -0.158485 0.871280
v -0.153988 -0.161422 0.872460
v -0.154209 -0.161025 0.872509
v -0.147735 -0.159280 0.871486
v -0.148048 -0.158876 0.871546
v -0.142817 -0.155173 0.869581
v -0.143131 -0.154770 0.869641
v -0.139956 -0.149704 0.867023
v -0.140276 -0.149390 0.867111
v -0.160532 -0.160763 0.872442
v -0.160809 -0.161123 0.872381
v -0.139695 -0.143492 0.864201
v -0.140019 -0.143633 0.864494
v -0.176691 -0.151685 0.865857
v -0.176537 -0.141321 0.861145
v -0.180774 -0.148143 0.861581
v -0.171975 -0.147840 0.867235
v -0.172552 -0.135655 0.859273
v -0.167422 -0.141879 0.866145
v -0.167248 -0.131226 0.857218
v -0.162069 -0.137010 0.864198
v -0.161011 -0.128356 0.855130
v -0.156077 -0.133290 0.861486
v -0.154311 -0.126044 0.851329
v -0.149653 -0.129107 0.855381
v -0.173337 -0.156399 0.868706
v -0.168495 -0.153145 0.869982
v -0.150539 -0.137478 0.864319
v -0.144473 -0.132295 0.857523
v -0.168927 -0.160775 0.870659
v -0.163458 -0.157551 0.871832
v -0.145676 -0.142661 0.866327
v -0.140063 -0.136671 0.859476
v -0.163757 -0.164516 0.871583
v -0.157368 -0.160586 0.872539
v -0.141648 -0.149036 0.867536
v -0.136719 -0.141938 0.861108
v -0.159135 -0.169612 0.871163
v -0.152399 -0.165268 0.871833
v -0.151065 -0.158057 0.871962
v -0.146153 -0.161845 0.870962
v -0.145607 -0.154063 0.870216
v -0.140849 -0.157416 0.868907
v -0.136873 -0.152303 0.865817
v -0.132671 -0.147513 0.860910
v -0.143448 -0.151696 0.869011
v -0.145924 -0.148115 0.868806
v -0.148519 -0.150452 0.870198
v -0.148242 -0.156264 0.871237
v -0.151273 -0.152752 0.871265
v -0.154184 -0.155013 0.872007
v -0.140399 -0.146416 0.865965
v -0.141393 -0.143401 0.864974
v -0.143537 -0.145731 0.867039
v -0.154237 -0.159549 0.872413
v -0.157278 -0.157205 0.872362
v -0.160427 -0.159295 0.872348
v -0.142937 -0.140414 0.863881
v -0.144868 -0.137821 0.862830
v -0.148041 -0.139956 0.865425
v -0.160174 -0.154768 0.871944
v -0.162803 -0.152284 0.871144
v -0.166084 -0.155537 0.871050
v -0.147279 -0.135429 0.861763
v -0.149906 -0.133500 0.860795
v -0.153172 -0.135226 0.863008
v -0.165301 -0.149806 0.870038
v -0.167670 -0.147332 0.868625
v -0.170428 -0.150636 0.868746
v -0.152940 -0.131945 0.859861
v -0.156005 -0.130934 0.859055
v -0.159131 -0.131692 0.859795
v -0.159162 -0.134981 0.862945
v -0.162300 -0.132994 0.860664
v -0.165121 -0.134703 0.861575
v -0.164823 -0.139310 0.865265
v -0.167757 -0.136903 0.862596
v -0.169917 -0.139355 0.863615
v -0.169818 -0.144765 0.866810
v -0.171720 -0.142205 0.864672
v -0.172974 -0.145104 0.865629
v -0.148495 -0.144927 0.868312
v -0.151076 -0.142188 0.867503
v -0.153925 -0.144433 0.868973
v -0.154157 -0.149581 0.870887
v -0.156782 -0.146819 0.870079
v -0.159664 -0.149359 0.870830
v -0.153664 -0.139620 0.866357
v -0.156273 -0.137211 0.864869
v -0.159171 -0.139397 0.866300
v -0.159397 -0.144224 0.868921
v -0.162023 -0.141779 0.867405
v -0.164838 -0.144364 0.868187
s 1
usemtl White
f 1432 1443 460
f 1 1732 1432
f 1732 9 575
f 1443 575 10
f 463 1733 1444
f 1438 587 1733
f 587 583 1733
f 1733 18 1444
f 1433 589 2
f 460 1734 1433
f 1734 10 576
f 589 576 11
f 464 1735 1445
f 1418 1444 1735
f 1444 584 1735
f 1735 19 1445
f 465 1737 1447
f 1419 1445 1737
f 1445 585 1737
f 1737 20 1447
f 1420 1448 466
f 465 1739 1420
f 1739 20 586
f 1448 586 21
f 458 1741 1449
f 1440 1430 82
f 7 1741 1440
f 1439 1441 292
f 466 1742 1439
f 21 1742 1448
f 459 1744 1450
f 1417 1449 1744
f 1449 573 1744
f 1744 8 1450
f 1431 588 1
f 459 1746 1431
f 1746 8 574
f 588 574 9
f 574 609 9
f 8 1748 574
f 1748 23 594
f 609 594 24
f 575 612 10
f 9 1750 575
f 1750 24 595
f 612 595 25
f 18 1751 613
f 583 611 1751
f 611 603 1751
f 1751 33 613
f 576 614 11
f 10 1752 576
f 1752 25 596
f 614 596 26
f 19 1753 615
f 584 613 1753
f 613 604 1753
f 1753 34 615
f 20 1755 617
f 585 615 1755
f 615 605 1755
f 1755 35 617
f 586 619 21
f 20 1757 586
f 1757 35 606
f 619 606 36
f 7 1759 621
f 1451 1440 82
f 22 1759 1451
f 1441 1452 292
f 21 1760 1441
f 36 1760 619
f 8 1762 610
f 573 621 1762
f 621 593 1762
f 1762 23 610
f 35 1763 636
f 605 637 1763
f 637 634 1763
f 1763 50 636
f 606 640 36
f 35 1765 606
f 1765 50 635
f 640 635 51
f 22 1767 642
f 1453 1451 82
f 37 1767 1453
f 1452 1454 292
f 36 1768 1452
f 51 1768 640
f 23 1770 644
f 593 642 1770
f 642 622 1770
f 1770 38 644
f 594 646 24
f 23 1772 594
f 1772 38 623
f 646 623 39
f 595 648 25
f 24 1774 595
f 1774 39 624
f 648 624 40
f 33 1775 649
f 603 647 1775
f 647 632 1775
f 1775 48 649
f 596 650 26
f 25 1776 596
f 1776 40 625
f 650 625 41
f 34 1777 637
f 604 649 1777
f 649 633 1777
f 1777 49 637
f 623 665 39
f 38 1779 623
f 1779 53 652
f 665 652 54
f 624 669 40
f 39 1781 624
f 1781 54 653
f 669 653 55
f 48 1782 670
f 632 667 1782
f 667 661 1782
f 1782 63 670
f 625 671 41
f 40 1783 625
f 1783 55 654
f 671 654 56
f 49 1784 672
f 633 670 1784
f 670 662 1784
f 1784 64 672
f 50 1786 674
f 634 672 1786
f 672 663 1786
f 1786 65 674
f 635 676 51
f 50 1788 635
f 1788 65 664
f 676 664 66
f 37 1790 678
f 1455 1453 82
f 52 1790 1455
f 1454 1456 292
f 51 1791 1454
f 66 1791 676
f 38 1793 666
f 622 678 1793
f 678 651 1793
f 1793 53 666
f 664 696 66
f 65 1796 664
f 1796 80 693
f 696 693 81
f 52 1798 699
f 1457 1455 82
f 67 1798 1457
f 1456 1458 292
f 66 1799 1456
f 81 1799 696
f 53 1801 701
f 651 699 1801
f 699 680 1801
f 1801 68 701
f 652 703 54
f 53 1803 652
f 1803 68 681
f 703 681 69
f 653 705 55
f 54 1805 653
f 1805 69 682
f 705 682 70
f 63 1806 706
f 661 704 1806
f 704 690 1806
f 1806 78 706
f 654 707 56
f 55 1807 654
f 1807 70 683
f 707 683 71
f 64 1808 708
f 662 706 1808
f 706 691 1808
f 1808 79 708
f 65 1810 697
f 663 708 1810
f 708 692 1810
f 1810 80 697
f 682 726 70
f 69 1812 682
f 1812 85 712
f 726 712 86
f 78 1813 728
f 690 724 1813
f 724 720 1813
f 1813 94 728
f 683 729 71
f 70 1814 683
f 1814 86 713
f 729 713 87
f 79 1815 730
f 691 728 1815
f 728 721 1815
f 1815 95 730
f 80 1817 732
f 692 730 1817
f 730 722 1817
f 1817 96 732
f 693 734 81
f 80 1819 693
f 1819 96 723
f 734 723 97
f 67 1821 736
f 709 1457 82
f 83 1821 709
f 1458 1459 292
f 81 1822 1458
f 97 1822 734
f 68 1824 738
f 680 736 1824
f 736 710 1824
f 1824 84 738
f 681 727 69
f 68 1826 681
f 1826 84 711
f 727 711 85
f 723 753 97
f 96 1827 723
f 1827 111 752
f 753 752 112
f 83 1829 757
f 1460 709 82
f 98 1829 1460
f 1459 1461 292
f 97 1830 1459
f 112 1830 753
f 84 1832 759
f 710 757 1832
f 757 739 1832
f 1832 99 759
f 711 761 85
f 84 1834 711
f 1834 99 740
f 761 740 100
f 712 763 86
f 85 1836 712
f 1836 100 741
f 763 741 101
f 94 1837 764
f 720 762 1837
f 762 749 1837
f 1837 109 764
f 713 765 87
f 86 1838 713
f 1838 101 742
f 765 742 102
f 95 1839 766
f 721 764 1839
f 764 750 1839
f 1839 110 766
f 96 1841 754
f 722 766 1841
f 766 751 1841
f 1841 111 754
f 109 1843 782
f 749 783 1843
f 783 778 1843
f 1843 124 782
f 742 784 102
f 101 1844 742
f 1844 116 771
f 784 771 117
f 110 1845 786
f 750 782 1845
f 782 779 1845
f 1845 125 786
f 111 1847 788
f 751 786 1847
f 786 780 1847
f 1847 126 788
f 752 790 112
f 111 1849 752
f 1849 126 781
f 790 781 127
f 98 1851 792
f 1462 1460 82
f 113 1851 1462
f 1461 1463 292
f 112 1852 1461
f 127 1852 790
f 99 1854 794
f 739 792 1854
f 792 768 1854
f 1854 114 794
f 740 796 100
f 99 1856 740
f 1856 114 769
f 796 769 115
f 741 785 101
f 100 1858 741
f 1858 115 770
f 785 770 116
f 113 1859 811
f 1464 1462 82
f 128 1859 1464
f 1463 1465 292
f 127 1860 1463
f 142 1860 812
f 114 1862 815
f 768 811 1862
f 811 797 1862
f 1862 129 815
f 769 817 115
f 114 1864 769
f 1864 129 798
f 817 798 130
f 770 819 116
f 115 1866 770
f 1866 130 799
f 819 799 131
f 778 820 124
f 123 1867 778
f 818 807 1867
f 1867 139 820
f 117 1868 821
f 771 819 1868
f 1868 131 800
f 821 800 132
f 125 1869 822
f 779 820 1869
f 820 808 1869
f 1869 140 822
f 126 1871 824
f 780 822 1871
f 822 809 1871
f 1871 141 824
f 781 812 127
f 126 1873 781
f 1873 141 810
f 812 810 142
f 132 1875 834
f 800 835 1875
f 1875 146 829
f 834 829 147
f 140 1876 836
f 808 837 1876
f 837 831 1876
f 1876 150 836
f 141 1877 838
f 809 836 1877
f 836 832 1877
f 1877 151 838
f 810 839 142
f 141 1878 810
f 1878 151 833
f 839 833 152
f 128 1879 840
f 1466 1464 82
f 143 1879 1466
f 1465 1467 292
f 142 1880 1465
f 152 1880 839
f 129 1881 841
f 797 840 1881
f 840 826 1881
f 1881 144 841
f 798 842 130
f 129 1882 798
f 1882 144 827
f 842 827 145
f 799 835 131
f 130 1883 799
f 1883 145 828
f 835 828 146
f 807 837 139
f 138 1884 807
f 843 830 1884
f 1884 149 837
f 144 1885 854
f 826 855 1885
f 855 844 1885
f 1885 154 854
f 827 856 145
f 144 1886 827
f 1886 154 845
f 856 845 155
f 828 858 146
f 145 1887 828
f 1887 155 846
f 858 846 156
f 830 859 149
f 148 1888 830
f 1888 161 850
f 859 850 162
f 147 1889 860
f 829 858 1889
f 858 847 1889
f 1889 157 860
f 150 1890 861
f 831 859 1890
f 859 851 1890
f 1890 163 861
f 151 1891 862
f 832 861 1891
f 861 852 1891
f 1891 164 862
f 833 863 152
f 151 1892 833
f 1892 164 853
f 863 853 165
f 143 1893 855
f 1468 1466 82
f 153 1893 1468
f 1467 1469 292
f 152 1894 1467
f 165 1894 863
f 163 1895 874
f 851 875 1895
f 875 871 1895
f 1895 176 874
f 164 1896 877
f 852 874 1896
f 874 872 1896
f 1896 177 877
f 853 879 165
f 164 1897 853
f 1897 177 873
f 879 873 178
f 570 1898 1727
f 519 1898 1730
f 1631 1629 1898
f 1727 1629 517
f 153 1899 881
f 1470 1468 82
f 166 1899 1470
f 1469 1471 292
f 165 1900 1469
f 178 1900 879
f 1726 1723 569
f 520 1901 1726
f 1632 1630 1901
f 1901 518 1723
f 154 1902 883
f 844 881 1902
f 881 864 1902
f 1902 167 883
f 845 884 155
f 154 1903 845
f 1903 167 865
f 884 865 168
f 846 886 156
f 155 1904 846
f 1904 168 866
f 886 866 169
f 162 1905 875
f 850 885 1905
f 1905 174 870
f 875 870 175
f 847 876 157
f 156 1906 847
f 886 867 1906
f 1906 170 876
f 167 1907 897
f 864 898 1907
f 898 887 1907
f 1907 180 897
f 865 900 168
f 167 1908 865
f 1908 180 888
f 900 888 181
f 866 902 169
f 168 1909 866
f 1909 181 889
f 902 889 182
f 870 903 175
f 174 1910 870
f 901 893 1910
f 1910 188 903
f 170 1911 904
f 867 902 1911
f 1911 182 890
f 904 890 183
f 176 1912 905
f 871 903 1912
f 903 894 1912
f 1912 189 905
f 177 1913 906
f 872 905 1913
f 905 895 1913
f 1913 190 906
f 873 908 178
f 177 1914 873
f 1914 190 896
f 908 896 191
f 568 1915 1719
f 1722 1637 1915
f 1915 184 1634
f 1719 1634 522
f 166 1916 898
f 1472 1470 82
f 179 1916 1472
f 1471 1473 292
f 178 1917 1471
f 191 1917 908
f 1718 1715 567
f 526 1918 1718
f 1638 1635 1918
f 1918 523 1715
f 190 1919 919
f 895 920 1919
f 920 916 1919
f 1919 200 919
f 896 921 191
f 190 1920 896
f 1920 200 917
f 921 917 201
f 179 1921 922
f 1474 1472 82
f 192 1921 1474
f 1473 1475 292
f 191 1922 1473
f 201 1922 921
f 180 1923 923
f 887 922 1923
f 922 910 1923
f 1923 193 923
f 888 924 181
f 180 1924 888
f 1924 193 911
f 924 911 194
f 889 926 182
f 181 1925 889
f 1925 194 912
f 926 912 195
f 893 927 188
f 187 1926 893
f 1926 197 914
f 927 914 198
f 183 1927 918
f 890 926 1927
f 926 913 1927
f 1927 196 918
f 189 1928 920
f 894 927 1928
f 927 915 1928
f 1928 199 920
f 911 942 194
f 193 1929 911
f 1929 203 929
f 942 929 204
f 912 945 195
f 194 1930 912
f 1930 204 930
f 945 930 205
f 198 1931 946
f 914 944 1931
f 1931 212 938
f 946 938 213
f 913 947 196
f 195 1932 913
f 945 931 1932
f 1932 206 947
f 199 1933 948
f 915 946 1933
f 946 939 1933
f 1933 214 948
f 200 1934 949
f 916 948 1934
f 948 940 1934
f 1934 215 949
f 917 950 201
f 200 1935 917
f 1935 215 941
f 950 941 216
f 192 1936 951
f 1476 1474 82
f 202 1936 1476
f 1475 1477 292
f 201 1937 1475
f 216 1937 950
f 193 1938 943
f 910 951 1938
f 951 928 1938
f 1938 203 943
f 215 1939 966
f 940 967 1939
f 967 964 1939
f 1939 230 966
f 941 970 216
f 215 1941 941
f 1941 230 965
f 970 965 231
f 202 1943 972
f 1478 1476 82
f 217 1943 1478
f 1477 1479 292
f 216 1944 1477
f 231 1944 970
f 203 1946 974
f 928 972 1946
f 972 952 1946
f 1946 218 974
f 929 976 204
f 203 1948 929
f 1948 218 953
f 976 953 219
f 930 978 205
f 204 1950 930
f 1950 219 954
f 978 954 220
f 213 1951 979
f 938 977 1951
f 1951 227 962
f 979 962 228
f 931 980 206
f 205 1952 931
f 978 955 1952
f 1952 221 980
f 214 1953 967
f 939 979 1953
f 979 963 1953
f 1953 229 967
f 954 997 220
f 219 1956 954
f 1956 234 983
f 997 983 235
f 228 1957 999
f 962 995 1957
f 995 991 1957
f 1957 243 999
f 955 1000 221
f 220 1958 955
f 1958 235 984
f 1000 984 236
f 229 1959 1001
f 963 999 1959
f 999 992 1959
f 1959 244 1001
f 230 1961 1003
f 964 1001 1961
f 1001 993 1961
f 1961 245 1003
f 965 1005 231
f 230 1963 965
f 1963 245 994
f 1005 994 246
f 217 1965 1007
f 1480 1478 82
f 232 1965 1480
f 1479 1481 292
f 231 1966 1479
f 246 1966 1005
f 218 1968 1009
f 952 1007 1968
f 1007 981 1968
f 1968 233 1009
f 953 998 219
f 218 1970 953
f 1970 233 982
f 998 982 234
f 994 1024 246
f 245 1971 994
f 1971 260 1023
f 1024 1023 261
f 232 1973 1028
f 1482 1480 82
f 247 1973 1482
f 1481 1483 292
f 246 1974 1481
f 261 1974 1024
f 233 1976 1030
f 981 1028 1976
f 1028 1010 1976
f 1976 248 1030
f 982 1032 234
f 233 1978 982
f 1978 248 1011
f 1032 1011 249
f 983 1034 235
f 234 1980 983
f 1980 249 1012
f 1034 1012 250
f 243 1981 1035
f 991 1033 1981
f 1033 1020 1981
f 1981 258 1035
f 984 1036 236
f 235 1982 984
f 1982 250 1013
f 1036 1013 251
f 244 1983 1037
f 992 1035 1983
f 1035 1021 1983
f 1983 259 1037
f 245 1985 1025
f 993 1037 1985
f 1037 1022 1985
f 1985 260 1025
f 1012 1053 250
f 249 1987 1012
f 1987 264 1041
f 1053 1041 265
f 258 1988 1055
f 1020 1056 1988
f 1056 1049 1988
f 1988 273 1055
f 1013 1057 251
f 250 1989 1013
f 1989 265 1042
f 1057 1042 266
f 259 1990 1058
f 1021 1055 1990
f 1055 1050 1990
f 1990 274 1058
f 260 1992 1060
f 1022 1058 1992
f 1058 1051 1992
f 1992 275 1060
f 1023 1062 261
f 260 1994 1023
f 1994 275 1052
f 1062 1052 276
f 247 1996 1064
f 1484 1482 82
f 262 1996 1484
f 1483 1485 292
f 261 1997 1483
f 276 1997 1062
f 248 1999 1066
f 1010 1064 1999
f 1064 1039 1999
f 1999 263 1066
f 1011 1054 249
f 248 2001 1011
f 2001 263 1040
f 1054 1040 264
f 262 2004 1085
f 1486 1484 82
f 277 2004 1486
f 1485 1082 292
f 276 2005 1485
f 291 2005 1086
f 263 2007 1088
f 1039 1085 2007
f 1085 1068 2007
f 2007 278 1088
f 1040 1090 264
f 263 2009 1040
f 2009 278 1069
f 1090 1069 279
f 1041 1092 265
f 264 2011 1041
f 2011 279 1070
f 1092 1070 280
f 273 2012 1093
f 1049 1091 2012
f 1091 1078 2012
f 2012 288 1093
f 1042 1094 266
f 265 2013 1042
f 2013 280 1071
f 1094 1071 281
f 274 2014 1095
f 1050 1093 2014
f 1093 1079 2014
f 2014 289 1095
f 275 2016 1097
f 1051 1095 2016
f 1095 1080 2016
f 2016 290 1097
f 1052 1086 276
f 275 2018 1052
f 2018 290 1081
f 1086 1081 291
f 288 2019 1112
f 1078 1113 2019
f 1113 1108 2019
f 2019 304 1112
f 1071 1114 281
f 280 2020 1071
f 2020 296 1101
f 1114 1101 297
f 289 2021 1116
f 1079 1112 2021
f 1112 1109 2021
f 2021 305 1116
f 290 2023 1118
f 1080 1116 2023
f 1116 1110 2023
f 2023 306 1118
f 1081 1120 291
f 290 2025 1081
f 2025 306 1111
f 1120 1111 307
f 277 2027 1122
f 1487 1486 82
f 293 2027 1487
f 1082 1488 292
f 291 2028 1082
f 307 2028 1120
f 278 2030 1124
f 1068 1122 2030
f 1122 1098 2030
f 2030 294 1124
f 1069 1126 279
f 278 2032 1069
f 2032 294 1099
f 1126 1099 295
f 1070 1115 280
f 279 2034 1070
f 2034 295 1100
f 1115 1100 296
f 293 2035 1141
f 1489 1487 82
f 308 2035 1489
f 1488 1490 292
f 307 2036 1488
f 322 2036 1142
f 294 2038 1145
f 1098 1141 2038
f 1141 1127 2038
f 2038 309 1145
f 1099 1147 295
f 294 2040 1099
f 2040 309 1128
f 1147 1128 310
f 1100 1149 296
f 295 2042 1100
f 2042 310 1129
f 1149 1129 311
f 304 2043 1150
f 1108 1148 2043
f 1148 1137 2043
f 2043 319 1150
f 1101 1151 297
f 296 2044 1101
f 2044 311 1130
f 1151 1130 312
f 305 2045 1152
f 1109 1150 2045
f 1150 1138 2045
f 2045 320 1152
f 306 2047 1154
f 1110 1152 2047
f 1152 1139 2047
f 2047 321 1154
f 1111 1142 307
f 306 2049 1111
f 2049 321 1140
f 1142 1140 322
f 1130 1170 312
f 311 2051 1130
f 2051 326 1159
f 1170 1159 327
f 320 2052 1172
f 1138 1173 2052
f 1173 1167 2052
f 2052 335 1172
f 321 2054 1175
f 1139 1172 2054
f 1172 1168 2054
f 2054 336 1175
f 1140 1177 322
f 321 2056 1140
f 2056 336 1169
f 1177 1169 337
f 308 2058 1179
f 1491 1489 82
f 323 2058 1491
f 1490 1492 292
f 322 2059 1490
f 337 2059 1177
f 309 2061 1181
f 1127 1179 2061
f 1179 1156 2061
f 2061 324 1181
f 1128 1183 310
f 309 2063 1128
f 2063 324 1157
f 1183 1157 325
f 1129 1171 311
f 310 2065 1129
f 2065 325 1158
f 1171 1158 326
f 319 2066 1173
f 1137 1184 2066
f 1184 1166 2066
f 2066 334 1173
f 324 2068 1201
f 1156 1202 2068
f 1202 1185 2068
f 2068 339 1201
f 1157 1204 325
f 324 2070 1157
f 2070 339 1186
f 1204 1186 340
f 1158 1206 326
f 325 2072 1158
f 2072 340 1187
f 1206 1187 341
f 334 2073 1207
f 1166 1205 2073
f 1205 1195 2073
f 2073 349 1207
f 1159 1208 327
f 326 2074 1159
f 2074 341 1188
f 1208 1188 342
f 335 2075 1209
f 1167 1207 2075
f 1207 1196 2075
f 2075 350 1209
f 336 2077 1211
f 1168 1209 2077
f 1209 1197 2077
f 2077 351 1211
f 1169 1213 337
f 336 2079 1169
f 2079 351 1198
f 1213 1198 352
f 323 2081 1202
f 1493 1491 82
f 338 2081 1493
f 1492 1494 292
f 337 2082 1492
f 352 2082 1213
f 350 2083 1228
f 1196 1229 2083
f 1229 1225 2083
f 2083 365 1228
f 351 2085 1232
f 1197 1228 2085
f 1228 1226 2085
f 2085 366 1232
f 1198 1234 352
f 351 2087 1198
f 2087 366 1227
f 1234 1227 367
f 338 2089 1236
f 1495 1493 82
f 353 2089 1495
f 1494 1496 292
f 352 2090 1494
f 367 2090 1234
f 339 2092 1238
f 1185 1236 2092
f 1236 1214 2092
f 2092 354 1238
f 1186 1240 340
f 339 2094 1186
f 2094 354 1215
f 1240 1215 355
f 1187 1242 341
f 340 2096 1187
f 2096 355 1216
f 1242 1216 356
f 349 2097 1229
f 1195 1241 2097
f 1241 1224 2097
f 2097 364 1229
f 1188 1231 342
f 341 2098 1188
f 2098 356 1217
f 1231 1217 357
f 1215 1259 355
f 354 2100 1215
f 2100 369 1244
f 1259 1244 370
f 1216 1262 356
f 355 2102 1216
f 2102 370 1245
f 1262 1245 371
f 364 2103 1263
f 1224 1261 2103
f 1261 1253 2103
f 2103 379 1263
f 1217 1264 357
f 356 2104 1217
f 2104 371 1246
f 1264 1246 372
f 365 2105 1265
f 1225 1263 2105
f 1263 1254 2105
f 2105 380 1265
f 366 2107 1267
f 1226 1265 2107
f 1265 1255 2107
f 2107 381 1267
f 1227 1269 367
f 366 2109 1227
f 2109 381 1256
f 1269 1256 382
f 353 2111 1271
f 1497 1495 82
f 368 2111 1497
f 1496 1498 292
f 367 2112 1496
f 382 2112 1269
f 354 2114 1260
f 1214 1271 2114
f 1271 1243 2114
f 2114 369 1260
f 381 2115 1286
f 1255 1287 2115
f 1287 1284 2115
f 2115 396 1286
f 1256 1290 382
f 381 2117 1256
f 2117 396 1285
f 1290 1285 397
f 368 2119 1292
f 1499 1497 82
f 383 2119 1499
f 1498 1500 292
f 382 2120 1498
f 397 2120 1290
f 369 2122 1294
f 1243 1292 2122
f 1292 1272 2122
f 2122 384 1294
f 1244 1296 370
f 369 2124 1244
f 2124 384 1273
f 1296 1273 385
f 1245 1298 371
f 370 2126 1245
f 2126 385 1274
f 1298 1274 386
f 379 2127 1299
f 1253 1297 2127
f 1297 1282 2127
f 2127 394 1299
f 1246 1300 372
f 371 2128 1246
f 2128 386 1275
f 1300 1275 387
f 380 2129 1287
f 1254 1299 2129
f 1299 1283 2129
f 2129 395 1287
f 1273 1315 385
f 384 2131 1273
f 2131 399 1302
f 1315 1302 400
f 1274 1319 386
f 385 2133 1274
f 2133 400 1303
f 1319 1303 401
f 394 2134 1320
f 1282 1317 2134
f 1317 1311 2134
f 2134 409 1320
f 1275 1321 387
f 386 2135 1275
f 2135 401 1304
f 1321 1304 402
f 395 2136 1322
f 1283 1320 2136
f 1320 1312 2136
f 2136 410 1322
f 396 2138 1324
f 1284 1322 2138
f 1322 1313 2138
f 2138 411 1324
f 1285 1326 397
f 396 2140 1285
f 2140 411 1314
f 1326 1314 412
f 383 2142 1328
f 1501 1499 82
f 398 2142 1501
f 1500 1502 292
f 397 2143 1500
f 412 2143 1326
f 384 2145 1316
f 1272 1328 2145
f 1328 1301 2145
f 2145 399 1316
f 1314 1346 412
f 411 2148 1314
f 2148 426 1343
f 1346 1343 427
f 398 2150 1349
f 1503 1501 82
f 413 2150 1503
f 1502 1504 292
f 412 2151 1502
f 427 2151 1346
f 399 2153 1351
f 1301 1349 2153
f 1349 1330 2153
f 2153 414 1351
f 1302 1353 400
f 399 2155 1302
f 2155 414 1331
f 1353 1331 415
f 1303 1355 401
f 400 2157 1303
f 2157 415 1332
f 1355 1332 416
f 409 2158 1356
f 1311 1354 2158
f 1354 1340 2158
f 2158 424 1356
f 1304 1357 402
f 401 2159 1304
f 2159 416 1333
f 1357 1333 417
f 410 2160 1358
f 1312 1356 2160
f 1356 1341 2160
f 2160 425 1358
f 411 2162 1347
f 1313 1358 2162
f 1358 1342 2162
f 2162 426 1347
f 1332 1375 416
f 415 2164 1332
f 2164 430 1361
f 1375 1361 431
f 424 2165 1377
f 1340 1373 2165
f 1373 1369 2165
f 2165 439 1377
f 1333 1378 417
f 416 2166 1333
f 2166 431 1362
f 1378 1362 432
f 425 2167 1379
f 1341 1377 2167
f 1377 1370 2167
f 2167 440 1379
f 426 2169 1381
f 1342 1379 2169
f 1379 1371 2169
f 2169 441 1381
f 1343 1383 427
f 426 2171 1343
f 2171 441 1372
f 1383 1372 442
f 413 2173 1385
f 1505 1503 82
f 428 2173 1505
f 1504 1506 292
f 427 2174 1504
f 442 2174 1383
f 414 2176 1387
f 1330 1385 2176
f 1385 1359 2176
f 2176 429 1387
f 1331 1376 415
f 414 2178 1331
f 2178 429 1360
f 1376 1360 430
f 1372 1402 442
f 441 2179 1372
f 2179 456 1401
f 1402 1401 457
f 428 2181 1406
f 1507 1505 82
f 443 2181 1507
f 1506 1508 292
f 442 2182 1506
f 457 2182 1402
f 429 2184 1408
f 1359 1406 2184
f 1406 1388 2184
f 2184 444 1408
f 1360 1410 430
f 429 2186 1360
f 2186 444 1389
f 1410 1389 445
f 1361 1412 431
f 430 2188 1361
f 2188 445 1390
f 1412 1390 446
f 439 2189 1413
f 1369 1411 2189
f 1411 1398 2189
f 2189 454 1413
f 1362 1414 432
f 431 2190 1362
f 2190 446 1391
f 1414 1391 447
f 440 2191 1415
f 1370 1413 2191
f 1413 1399 2191
f 2191 455 1415
f 441 2193 1403
f 1371 1415 2193
f 1415 1400 2193
f 2193 456 1403
f 1390 1421 446
f 445 2195 1390
f 2195 1 1432
f 1421 1432 460
f 454 2196 1422
f 1398 1510 2196
f 1510 1438 2196
f 2196 463 1422
f 1391 1511 447
f 446 2197 1391
f 2197 460 1433
f 1511 1433 2
f 455 2198 1423
f 1399 1422 2198
f 1422 1418 2198
f 2198 464 1423
f 456 2200 1425
f 1400 1423 2200
f 1423 1419 2200
f 2200 465 1425
f 1401 1426 457
f 456 2202 1401
f 2202 465 1420
f 1426 1420 466
f 443 2204 1427
f 1430 1507 82
f 458 2204 1430
f 1508 1439 292
f 457 2205 1508
f 466 2205 1426
f 444 2207 1428
f 1388 1427 2207
f 1427 1417 2207
f 2207 459 1428
f 1389 1509 445
f 444 2209 1389
f 2209 459 1431
f 1509 1431 1
f 1639 1515 467
f 527 2211 1639
f 1517 1516 470
f 1518 1517 472
f 469 2211 1518
f 1640 1517 470
f 528 2213 1640
f 1523 1522 473
f 1524 1523 475
f 472 2213 1524
f 1641 1523 473
f 529 2215 1641
f 1528 1527 476
f 478 2215 1528
f 1523 1529 475
f 1642 1528 476
f 530 2217 1642
f 1533 1532 479
f 481 2217 1533
f 1528 1534 478
f 1539 1540 487
f 481 2220 1539
f 1643 1533 479
f 531 2220 1643
f 1540 1541 485
f 1644 1542 483
f 532 2221 1644
f 1515 1543 467
f 469 2221 1515
f 1542 1544 484
f 1645 1547 489
f 533 2223 1645
f 1542 1548 483
f 484 2223 1542
f 1547 1549 490
f 1554 1555 493
f 487 2226 1554
f 1646 1540 485
f 534 2226 1646
f 1555 1556 491
f 499 2228 1560
f 1555 1559 493
f 1647 1555 491
f 535 2228 1647
f 1560 1561 497
f 1648 1562 495
f 536 2229 1648
f 1547 1563 489
f 1564 1547 490
f 496 2229 1564
f 502 2232 1571
f 1572 1570 505
f 1649 1572 504
f 537 2232 1649
f 1571 1573 500
f 505 2234 1572
f 1577 1576 508
f 1650 1577 507
f 538 2234 1650
f 1572 1578 504
f 1581 1577 508
f 511 2236 1581
f 1651 1582 510
f 539 2236 1651
f 1577 1583 507
f 1586 1582 511
f 514 2238 1586
f 1652 1587 513
f 540 2238 1652
f 1582 1588 510
f 1653 1571 500
f 541 2239 1653
f 1562 1589 495
f 1590 1562 496
f 502 2239 1590
f 514 2242 1587
f 1560 1593 499
f 1654 1560 497
f 542 2242 1654
f 1587 1594 513
f 1714 1711 566
f 532 2246 1714
f 1644 1656 2246
f 2246 544 1711
f 1710 1707 565
f 543 2248 1710
f 1655 1627 2248
f 2248 515 1707
f 564 2250 1703
f 1706 1657 2250
f 2250 159 1628
f 1703 1628 516
f 563 2252 1699
f 1702 1658 2252
f 2252 160 1659
f 1699 1659 547
f 1698 1695 562
f 533 2256 1698
f 2256 489 1660
f 2256 548 1695
f 561 2257 1691
f 1694 1633 2257
f 2257 173 1661
f 1691 1661 549
f 560 2260 1687
f 1690 1648 2260
f 2260 495 1662
f 1687 1662 550
f 1686 1683 559
f 524 2261 1686
f 899 1663 2261
f 2261 551 1683
f 558 2264 1679
f 1682 1653 2264
f 2264 500 1573
f 1679 1573 537
f 1678 1675 557
f 553 2265 1678
f 1619 1588 2265
f 2265 540 1675
f 556 2269 1671
f 1674 1664 2269
f 2269 504 1578
f 1671 1578 538
f 1670 1667 555
f 554 2271 1670
f 2271 507 1583
f 2271 539 1667
f 1669 1619 553
f 555 2275 1669
f 1667 1651 2275
f 2275 510 1619
f 892 1665 186
f 523 2276 892
f 1668 1669 2276
f 2276 553 1665
f 1635 1668 523
f 185 2277 1635
f 1623 1670 2277
f 2277 555 1668
f 554 2278 1666
f 1673 1671 2278
f 2278 538 1650
f 2278 507 1666
f 185 2279 1623
f 891 1672 2279
f 2279 556 1673
f 1623 1673 554
f 522 2280 1672
f 1634 1618 2280
f 2280 552 1674
f 1672 1674 556
f 1677 1594 542
f 557 2281 1677
f 1675 1652 2281
f 2281 513 1594
f 1615 1654 497
f 551 2282 1615
f 1676 1677 2282
f 2282 542 1654
f 1663 1676 551
f 186 2283 1663
f 1665 1678 2283
f 2283 557 1676
f 552 2284 1664
f 1681 1679 2284
f 2284 537 1649
f 1664 1649 504
f 184 2285 1618
f 1614 1680 2285
f 2285 558 1681
f 1618 1681 552
f 550 2286 1680
f 1662 1589 2286
f 2286 541 1682
f 1680 1682 558
f 1685 1561 535
f 559 2287 1685
f 1683 1615 2287
f 2287 497 1561
f 491 2288 1647
f 549 2288 1611
f 1684 1685 2288
f 2288 535 1647
f 1661 1684 549
f 173 2289 1661
f 1636 1686 2289
f 2289 559 1684
f 525 2290 1637
f 1689 1687 2290
f 2290 550 1614
f 1637 1614 184
f 171 2291 907
f 1610 1688 2291
f 2291 560 1689
f 907 1689 525
f 548 2292 1688
f 489 2292 1660
f 2292 536 1690
f 1688 1690 560
f 534 2293 1556
f 1693 1691 2293
f 2293 549 1611
f 2293 491 1556
f 485 2294 1646
f 1606 1692 2294
f 2294 561 1693
f 1646 1693 534
f 547 2295 1692
f 1659 882 2295
f 2295 521 1694
f 1692 1694 561
f 1697 1631 519
f 562 2296 1697
f 1695 1610 2296
f 2296 171 1631
f 1600 878 158
f 544 2297 1600
f 1696 1697 2297
f 2297 519 878
f 1656 1696 544
f 483 2298 1656
f 1548 1698 2298
f 2298 562 1696
f 531 2299 1541
f 1701 1699 2299
f 2299 547 1606
f 1541 1606 485
f 479 2300 1643
f 1532 1700 2300
f 2300 563 1701
f 1643 1701 531
f 530 2301 1700
f 1642 1604 2301
f 2301 546 1702
f 1700 1702 563
f 546 2302 1658
f 1705 1703 2302
f 2302 516 849
f 1658 849 160
f 476 2303 1604
f 1527 1704 2303
f 2303 564 1705
f 1604 1705 546
f 529 2304 1704
f 473 2304 1641
f 2304 545 1706
f 1704 1706 564
f 1709 1657 545
f 565 2305 1709
f 1707 848 2305
f 2305 159 1657
f 473 2306 1602
f 528 2306 1522
f 1708 1709 2306
f 2306 545 1602
f 1640 1708 528
f 470 2307 1640
f 1599 1710 2307
f 2307 565 1708
f 1713 1655 543
f 566 2308 1713
f 1711 1600 2308
f 2308 158 1655
f 1516 1599 470
f 527 2309 1516
f 1712 1713 2309
f 2309 543 1599
f 1639 1712 527
f 467 2310 1639
f 1543 1714 2310
f 2310 566 1712
f 1717 899 524
f 567 2311 1717
f 1715 892 2311
f 2311 186 899
f 869 1636 173
f 869 1716 2312
f 2312 567 1717
f 2312 524 1636
f 518 2313 1716
f 1630 909 2313
f 2313 526 1718
f 1716 1718 567
f 526 2314 1638
f 1721 1719 2314
f 2314 522 891
f 1638 891 185
f 868 909 172
f 517 2315 868
f 1720 1721 2315
f 2315 526 909
f 1629 1720 517
f 1629 907 2316
f 2316 525 1722
f 2316 568 1720
f 521 2317 1633
f 569 2317 1725
f 1723 869 2317
f 1633 869 173
f 160 2318 882
f 849 1724 2318
f 2318 569 1725
f 882 1725 521
f 516 2319 1724
f 1628 880 2319
f 2319 520 1726
f 1724 1726 569
f 520 2320 1632
f 1729 1727 2320
f 2320 517 868
f 1632 868 172
f 848 880 159
f 515 2321 848
f 1728 1729 2321
f 2321 520 880
f 1627 1728 515
f 158 2322 1627
f 878 1730 2322
f 2322 570 1728
f 1432 1732 1443
f 1 588 1732
f 1732 588 9
f 1443 1732 575
f 463 1438 1733
f 1438 6 587
f 587 17 583
f 1733 583 18
f 1433 1734 589
f 460 1443 1734
f 1734 1443 10
f 589 1734 576
f 464 1418 1735
f 1418 463 1444
f 1444 18 584
f 1735 584 19
f 465 1419 1737
f 1419 464 1445
f 1445 19 585
f 1737 585 20
f 1420 1739 1448
f 465 1447 1739
f 1739 1447 20
f 1448 1739 586
f 458 1430 1741
f 1440 1741 1430
f 7 1449 1741
f 1439 1742 1441
f 466 1448 1742
f 21 1441 1742
f 459 1417 1744
f 1417 458 1449
f 1449 7 573
f 1744 573 8
f 1431 1746 588
f 459 1450 1746
f 1746 1450 8
f 588 1746 574
f 574 1748 609
f 8 610 1748
f 1748 610 23
f 609 1748 594
f 575 1750 612
f 9 609 1750
f 1750 609 24
f 612 1750 595
f 18 583 1751
f 583 17 611
f 611 32 603
f 1751 603 33
f 576 1752 614
f 10 612 1752
f 1752 612 25
f 614 1752 596
f 19 584 1753
f 584 18 613
f 613 33 604
f 1753 604 34
f 20 585 1755
f 585 19 615
f 615 34 605
f 1755 605 35
f 586 1757 619
f 20 617 1757
f 1757 617 35
f 619 1757 606
f 7 1440 1759
f 1451 1759 1440
f 22 621 1759
f 1441 1760 1452
f 21 619 1760
f 36 1452 1760
f 8 573 1762
f 573 7 621
f 621 22 593
f 1762 593 23
f 35 605 1763
f 605 34 637
f 637 49 634
f 1763 634 50
f 606 1765 640
f 35 636 1765
f 1765 636 50
f 640 1765 635
f 22 1451 1767
f 1453 1767 1451
f 37 642 1767
f 1452 1768 1454
f 36 640 1768
f 51 1454 1768
f 23 593 1770
f 593 22 642
f 642 37 622
f 1770 622 38
f 594 1772 646
f 23 644 1772
f 1772 644 38
f 646 1772 623
f 595 1774 648
f 24 646 1774
f 1774 646 39
f 648 1774 624
f 33 603 1775
f 603 32 647
f 647 47 632
f 1775 632 48
f 596 1776 650
f 25 648 1776
f 1776 648 40
f 650 1776 625
f 34 604 1777
f 604 33 649
f 649 48 633
f 1777 633 49
f 623 1779 665
f 38 666 1779
f 1779 666 53
f 665 1779 652
f 624 1781 669
f 39 665 1781
f 1781 665 54
f 669 1781 653
f 48 632 1782
f 632 47 667
f 667 62 661
f 1782 661 63
f 625 1783 671
f 40 669 1783
f 1783 669 55
f 671 1783 654
f 49 633 1784
f 633 48 670
f 670 63 662
f 1784 662 64
f 50 634 1786
f 634 49 672
f 672 64 663
f 1786 663 65
f 635 1788 676
f 50 674 1788
f 1788 674 65
f 676 1788 664
f 37 1453 1790
f 1455 1790 1453
f 52 678 1790
f 1454 1791 1456
f 51 676 1791
f 66 1456 1791
f 38 622 1793
f 622 37 678
f 678 52 651
f 1793 651 53
f 664 1796 696
f 65 697 1796
f 1796 697 80
f 696 1796 693
f 52 1455 1798
f 1457 1798 1455
f 67 699 1798
f 1456 1799 1458
f 66 696 1799
f 81 1458 1799
f 53 651 1801
f 651 52 699
f 699 67 680
f 1801 680 68
f 652 1803 703
f 53 701 1803
f 1803 701 68
f 703 1803 681
f 653 1805 705
f 54 703 1805
f 1805 703 69
f 705 1805 682
f 63 661 1806
f 661 62 704
f 704 77 690
f 1806 690 78
f 654 1807 707
f 55 705 1807
f 1807 705 70
f 707 1807 683
f 64 662 1808
f 662 63 706
f 706 78 691
f 1808 691 79
f 65 663 1810
f 663 64 708
f 708 79 692
f 1810 692 80
f 682 1812 726
f 69 727 1812
f 1812 727 85
f 726 1812 712
f 78 690 1813
f 690 77 724
f 724 93 720
f 1813 720 94
f 683 1814 729
f 70 726 1814
f 1814 726 86
f 729 1814 713
f 79 691 1815
f 691 78 728
f 728 94 721
f 1815 721 95
f 80 692 1817
f 692 79 730
f 730 95 722
f 1817 722 96
f 693 1819 734
f 80 732 1819
f 1819 732 96
f 734 1819 723
f 67 1457 1821
f 709 1821 1457
f 83 736 1821
f 1458 1822 1459
f 81 734 1822
f 97 1459 1822
f 68 680 1824
f 680 67 736
f 736 83 710
f 1824 710 84
f 681 1826 727
f 68 738 1826
f 1826 738 84
f 727 1826 711
f 723 1827 753
f 96 754 1827
f 1827 754 111
f 753 1827 752
f 83 709 1829
f 1460 1829 709
f 98 757 1829
f 1459 1830 1461
f 97 753 1830
f 112 1461 1830
f 84 710 1832
f 710 83 757
f 757 98 739
f 1832 739 99
f 711 1834 761
f 84 759 1834
f 1834 759 99
f 761 1834 740
f 712 1836 763
f 85 761 1836
f 1836 761 100
f 763 1836 741
f 94 720 1837
f 720 93 762
f 762 108 749
f 1837 749 109
f 713 1838 765
f 86 763 1838
f 1838 763 101
f 765 1838 742
f 95 721 1839
f 721 94 764
f 764 109 750
f 1839 750 110
f 96 722 1841
f 722 95 766
f 766 110 751
f 1841 751 111
f 109 749 1843
f 749 108 783
f 783 123 778
f 1843 778 124
f 742 1844 784
f 101 785 1844
f 1844 785 116
f 784 1844 771
f 110 750 1845
f 750 109 782
f 782 124 779
f 1845 779 125
f 111 751 1847
f 751 110 786
f 786 125 780
f 1847 780 126
f 752 1849 790
f 111 788 1849
f 1849 788 126
f 790 1849 781
f 98 1460 1851
f 1462 1851 1460
f 113 792 1851
f 1461 1852 1463
f 112 790 1852
f 127 1463 1852
f 99 739 1854
f 739 98 792
f 792 113 768
f 1854 768 114
f 740 1856 796
f 99 794 1856
f 1856 794 114
f 796 1856 769
f 741 1858 785
f 100 796 1858
f 1858 796 115
f 785 1858 770
f 113 1462 1859
f 1464 1859 1462
f 128 811 1859
f 1463 1860 1465
f 127 812 1860
f 142 1465 1860
f 114 768 1862
f 768 113 811
f 811 128 797
f 1862 797 129
f 769 1864 817
f 114 815 1864
f 1864 815 129
f 817 1864 798
f 770 1866 819
f 115 817 1866
f 1866 817 130
f 819 1866 799
f 778 1867 820
f 123 818 1867
f 818 138 807
f 1867 807 139
f 117 771 1868
f 771 116 819
f 1868 819 131
f 821 1868 800
f 125 779 1869
f 779 124 820
f 820 139 808
f 1869 808 140
f 126 780 1871
f 780 125 822
f 822 140 809
f 1871 809 141
f 781 1873 812
f 126 824 1873
f 1873 824 141
f 812 1873 810
f 132 800 1875
f 800 131 835
f 1875 835 146
f 834 1875 829
f 140 808 1876
f 808 139 837
f 837 149 831
f 1876 831 150
f 141 809 1877
f 809 140 836
f 836 150 832
f 1877 832 151
f 810 1878 839
f 141 838 1878
f 1878 838 151
f 839 1878 833
f 128 1464 1879
f 1466 1879 1464
f 143 840 1879
f 1465 1880 1467
f 142 839 1880
f 152 1467 1880
f 129 797 1881
f 797 128 840
f 840 143 826
f 1881 826 144
f 798 1882 842
f 129 841 1882
f 1882 841 144
f 842 1882 827
f 799 1883 835
f 130 842 1883
f 1883 842 145
f 835 1883 828
f 807 1884 837
f 138 843 1884
f 843 148 830
f 1884 830 149
f 144 826 1885
f 826 143 855
f 855 153 844
f 1885 844 154
f 827 1886 856
f 144 854 1886
f 1886 854 154
f 856 1886 845
f 828 1887 858
f 145 856 1887
f 1887 856 155
f 858 1887 846
f 830 1888 859
f 148 857 1888
f 1888 857 161
f 859 1888 850
f 147 829 1889
f 829 146 858
f 858 156 847
f 1889 847 157
f 150 831 1890
f 831 149 859
f 859 162 851
f 1890 851 163
f 151 832 1891
f 832 150 861
f 861 163 852
f 1891 852 164
f 833 1892 863
f 151 862 1892
f 1892 862 164
f 863 1892 853
f 143 1466 1893
f 1468 1893 1466
f 153 855 1893
f 1467 1894 1469
f 152 863 1894
f 165 1469 1894
f 163 851 1895
f 851 162 875
f 875 175 871
f 1895 871 176
f 164 852 1896
f 852 163 874
f 874 176 872
f 1896 872 177
f 853 1897 879
f 164 877 1897
f 1897 877 177
f 879 1897 873
f 570 1730 1898
f 519 1631 1898
f 1631 171 1629
f 1727 1898 1629
f 153 1468 1899
f 1470 1899 1468
f 166 881 1899
f 1469 1900 1471
f 165 879 1900
f 178 1471 1900
f 1726 1901 1723
f 520 1632 1901
f 1632 172 1630
f 1901 1630 518
f 154 844 1902
f 844 153 881
f 881 166 864
f 1902 864 167
f 845 1903 884
f 154 883 1903
f 1903 883 167
f 884 1903 865
f 846 1904 886
f 155 884 1904
f 1904 884 168
f 886 1904 866
f 162 850 1905
f 850 161 885
f 1905 885 174
f 875 1905 870
f 847 1906 876
f 156 886 1906
f 886 169 867
f 1906 867 170
f 167 864 1907
f 864 166 898
f 898 179 887
f 1907 887 180
f 865 1908 900
f 167 897 1908
f 1908 897 180
f 900 1908 888
f 866 1909 902
f 168 900 1909
f 1909 900 181
f 902 1909 889
f 870 1910 903
f 174 901 1910
f 901 187 893
f 1910 893 188
f 170 867 1911
f 867 169 902
f 1911 902 182
f 904 1911 890
f 176 871 1912
f 871 175 903
f 903 188 894
f 1912 894 189
f 177 872 1913
f 872 176 905
f 905 189 895
f 1913 895 190
f 873 1914 908
f 177 906 1914
f 1914 906 190
f 908 1914 896
f 568 1722 1915
f 1722 525 1637
f 1915 1637 184
f 1719 1915 1634
f 166 1470 1916
f 1472 1916 1470
f 179 898 1916
f 1471 1917 1473
f 178 908 1917
f 191 1473 1917
f 1718 1918 1715
f 526 1638 1918
f 1638 185 1635
f 1918 1635 523
f 190 895 1919
f 895 189 920
f 920 199 916
f 1919 916 200
f 896 1920 921
f 190 919 1920
f 1920 919 200
f 921 1920 917
f 179 1472 1921
f 1474 1921 1472
f 192 922 1921
f 1473 1922 1475
f 191 921 1922
f 201 1475 1922
f 180 887 1923
f 887 179 922
f 922 192 910
f 1923 910 193
f 888 1924 924
f 180 923 1924
f 1924 923 193
f 924 1924 911
f 889 1925 926
f 181 924 1925
f 1925 924 194
f 926 1925 912
f 893 1926 927
f 187 925 1926
f 1926 925 197
f 927 1926 914
f 183 890 1927
f 890 182 926
f 926 195 913
f 1927 913 196
f 189 894 1928
f 894 188 927
f 927 198 915
f 1928 915 199
f 911 1929 942
f 193 943 1929
f 1929 943 203
f 942 1929 929
f 912 1930 945
f 194 942 1930
f 1930 942 204
f 945 1930 930
f 198 914 1931
f 914 197 944
f 1931 944 212
f 946 1931 938
f 913 1932 947
f 195 945 1932
f 945 205 931
f 1932 931 206
f 199 915 1933
f 915 198 946
f 946 213 939
f 1933 939 214
f 200 916 1934
f 916 199 948
f 948 214 940
f 1934 940 215
f 917 1935 950
f 200 949 1935
f 1935 949 215
f 950 1935 941
f 192 1474 1936
f 1476 1936 1474
f 202 951 1936
f 1475 1937 1477
f 201 950 1937
f 216 1477 1937
f 193 910 1938
f 910 192 951
f 951 202 928
f 1938 928 203
f 215 940 1939
f 940 214 967
f 967 229 964
f 1939 964 230
f 941 1941 970
f 215 966 1941
f 1941 966 230
f 970 1941 965
f 202 1476 1943
f 1478 1943 1476
f 217 972 1943
f 1477 1944 1479
f 216 970 1944
f 231 1479 1944
f 203 928 1946
f 928 202 972
f 972 217 952
f 1946 952 218
f 929 1948 976
f 203 974 1948
f 1948 974 218
f 976 1948 953
f 930 1950 978
f 204 976 1950
f 1950 976 219
f 978 1950 954
f 213 938 1951
f 938 212 977
f 1951 977 227
f 979 1951 962
f 931 1952 980
f 205 978 1952
f 978 220 955
f 1952 955 221
f 214 939 1953
f 939 213 979
f 979 228 963
f 1953 963 229
f 954 1956 997
f 219 998 1956
f 1956 998 234
f 997 1956 983
f 228 962 1957
f 962 227 995
f 995 242 991
f 1957 991 243
f 955 1958 1000
f 220 997 1958
f 1958 997 235
f 1000 1958 984
f 229 963 1959
f 963 228 999
f 999 243 992
f 1959 992 244
f 230 964 1961
f 964 229 1001
f 1001 244 993
f 1961 993 245
f 965 1963 1005
f 230 1003 1963
f 1963 1003 245
f 1005 1963 994
f 217 1478 1965
f 1480 1965 1478
f 232 1007 1965
f 1479 1966 1481
f 231 1005 1966
f 246 1481 1966
f 218 952 1968
f 952 217 1007
f 1007 232 981
f 1968 981 233
f 953 1970 998
f 218 1009 1970
f 1970 1009 233
f 998 1970 982
f 994 1971 1024
f 245 1025 1971
f 1971 1025 260
f 1024 1971 1023
f 232 1480 1973
f 1482 1973 1480
f 247 1028 1973
f 1481 1974 1483
f 246 1024 1974
f 261 1483 1974
f 233 981 1976
f 981 232 1028
f 1028 247 1010
f 1976 1010 248
f 982 1978 1032
f 233 1030 1978
f 1978 1030 248
f 1032 1978 1011
f 983 1980 1034
f 234 1032 1980
f 1980 1032 249
f 1034 1980 1012
f 243 991 1981
f 991 242 1033
f 1033 257 1020
f 1981 1020 258
f 984 1982 1036
f 235 1034 1982
f 1982 1034 250
f 1036 1982 1013
f 244 992 1983
f 992 243 1035
f 1035 258 1021
f 1983 1021 259
f 245 993 1985
f 993 244 1037
f 1037 259 1022
f 1985 1022 260
f 1012 1987 1053
f 249 1054 1987
f 1987 1054 264
f 1053 1987 1041
f 258 1020 1988
f 1020 257 1056
f 1056 272 1049
f 1988 1049 273
f 1013 1989 1057
f 250 1053 1989
f 1989 1053 265
f 1057 1989 1042
f 259 1021 1990
f 1021 258 1055
f 1055 273 1050
f 1990 1050 274
f 260 1022 1992
f 1022 259 1058
f 1058 274 1051
f 1992 1051 275
f 1023 1994 1062
f 260 1060 1994
f 1994 1060 275
f 1062 1994 1052
f 247 1482 1996
f 1484 1996 1482
f 262 1064 1996
f 1483 1997 1485
f 261 1062 1997
f 276 1485 1997
f 248 1010 1999
f 1010 247 1064
f 1064 262 1039
f 1999 1039 263
f 1011 2001 1054
f 248 1066 2001
f 2001 1066 263
f 1054 2001 1040
f 262 1484 2004
f 1486 2004 1484
f 277 1085 2004
f 1485 2005 1082
f 276 1086 2005
f 291 1082 2005
f 263 1039 2007
f 1039 262 1085
f 1085 277 1068
f 2007 1068 278
f 1040 2009 1090
f 263 1088 2009
f 2009 1088 278
f 1090 2009 1069
f 1041 2011 1092
f 264 1090 2011
f 2011 1090 279
f 1092 2011 1070
f 273 1049 2012
f 1049 272 1091
f 1091 287 1078
f 2012 1078 288
f 1042 2013 1094
f 265 1092 2013
f 2013 1092 280
f 1094 2013 1071
f 274 1050 2014
f 1050 273 1093
f 1093 288 1079
f 2014 1079 289
f 275 1051 2016
f 1051 274 1095
f 1095 289 1080
f 2016 1080 290
f 1052 2018 1086
f 275 1097 2018
f 2018 1097 290
f 1086 2018 1081
f 288 1078 2019
f 1078 287 1113
f 1113 303 1108
f 2019 1108 304
f 1071 2020 1114
f 280 1115 2020
f 2020 1115 296
f 1114 2020 1101
f 289 1079 2021
f 1079 288 1112
f 1112 304 1109
f 2021 1109 305
f 290 1080 2023
f 1080 289 1116
f 1116 305 1110
f 2023 1110 306
f 1081 2025 1120
f 290 1118 2025
f 2025 1118 306
f 1120 2025 1111
f 277 1486 2027
f 1487 2027 1486
f 293 1122 2027
f 1082 2028 1488
f 291 1120 2028
f 307 1488 2028
f 278 1068 2030
f 1068 277 1122
f 1122 293 1098
f 2030 1098 294
f 1069 2032 1126
f 278 1124 2032
f 2032 1124 294
f 1126 2032 1099
f 1070 2034 1115
f 279 1126 2034
f 2034 1126 295
f 1115 2034 1100
f 293 1487 2035
f 1489 2035 1487
f 308 1141 2035
f 1488 2036 1490
f 307 1142 2036
f 322 1490 2036
f 294 1098 2038
f 1098 293 1141
f 1141 308 1127
f 2038 1127 309
f 1099 2040 1147
f 294 1145 2040
f 2040 1145 309
f 1147 2040 1128
f 1100 2042 1149
f 295 1147 2042
f 2042 1147 310
f 1149 2042 1129
f 304 1108 2043
f 1108 303 1148
f 1148 318 1137
f 2043 1137 319
f 1101 2044 1151
f 296 1149 2044
f 2044 1149 311
f 1151 2044 1130
f 305 1109 2045
f 1109 304 1150
f 1150 319 1138
f 2045 1138 320
f 306 1110 2047
f 1110 305 1152
f 1152 320 1139
f 2047 1139 321
f 1111 2049 1142
f 306 1154 2049
f 2049 1154 321
f 1142 2049 1140
f 1130 2051 1170
f 311 1171 2051
f 2051 1171 326
f 1170 2051 1159
f 320 1138 2052
f 1138 319 1173
f 1173 334 1167
f 2052 1167 335
f 321 1139 2054
f 1139 320 1172
f 1172 335 1168
f 2054 1168 336
f 1140 2056 1177
f 321 1175 2056
f 2056 1175 336
f 1177 2056 1169
f 308 1489 2058
f 1491 2058 1489
f 323 1179 2058
f 1490 2059 1492
f 322 1177 2059
f 337 1492 2059
f 309 1127 2061
f 1127 308 1179
f 1179 323 1156
f 2061 1156 324
f 1128 2063 1183
f 309 1181 2063
f 2063 1181 324
f 1183 2063 1157
f 1129 2065 1171
f 310 1183 2065
f 2065 1183 325
f 1171 2065 1158
f 319 1137 2066
f 1137 318 1184
f 1184 333 1166
f 2066 1166 334
f 324 1156 2068
f 1156 323 1202
f 1202 338 1185
f 2068 1185 339
f 1157 2070 1204
f 324 1201 2070
f 2070 1201 339
f 1204 2070 1186
f 1158 2072 1206
f 325 1204 2072
f 2072 1204 340
f 1206 2072 1187
f 334 1166 2073
f 1166 333 1205
f 1205 348 1195
f 2073 1195 349
f 1159 2074 1208
f 326 1206 2074
f 2074 1206 341
f 1208 2074 1188
f 335 1167 2075
f 1167 334 1207
f 1207 349 1196
f 2075 1196 350
f 336 1168 2077
f 1168 335 1209
f 1209 350 1197
f 2077 1197 351
f 1169 2079 1213
f 336 1211 2079
f 2079 1211 351
f 1213 2079 1198
f 323 1491 2081
f 1493 2081 1491
f 338 1202 2081
f 1492 2082 1494
f 337 1213 2082
f 352 1494 2082
f 350 1196 2083
f 1196 349 1229
f 1229 364 1225
f 2083 1225 365
f 351 1197 2085
f 1197 350 1228
f 1228 365 1226
f 2085 1226 366
f 1198 2087 1234
f 351 1232 2087
f 2087 1232 366
f 1234 2087 1227
f 338 1493 2089
f 1495 2089 1493
f 353 1236 2089
f 1494 2090 1496
f 352 1234 2090
f 367 1496 2090
f 339 1185 2092
f 1185 338 1236
f 1236 353 1214
f 2092 1214 354
f 1186 2094 1240
f 339 1238 2094
f 2094 1238 354
f 1240 2094 1215
f 1187 2096 1242
f 340 1240 2096
f 2096 1240 355
f 1242 2096 1216
f 349 1195 2097
f 1195 348 1241
f 1241 363 1224
f 2097 1224 364
f 1188 2098 1231
f 341 1242 2098
f 2098 1242 356
f 1231 2098 1217
f 1215 2100 1259
f 354 1260 2100
f 2100 1260 369
f 1259 2100 1244
f 1216 2102 1262
f 355 1259 2102
f 2102 1259 370
f 1262 2102 1245
f 364 1224 2103
f 1224 363 1261
f 1261 378 1253
f 2103 1253 379
f 1217 2104 1264
f 356 1262 2104
f 2104 1262 371
f 1264 2104 1246
f 365 1225 2105
f 1225 364 1263
f 1263 379 1254
f 2105 1254 380
f 366 1226 2107
f 1226 365 1265
f 1265 380 1255
f 2107 1255 381
f 1227 2109 1269
f 366 1267 2109
f 2109 1267 381
f 1269 2109 1256
f 353 1495 2111
f 1497 2111 1495
f 368 1271 2111
f 1496 2112 1498
f 367 1269 2112
f 382 1498 2112
f 354 1214 2114
f 1214 353 1271
f 1271 368 1243
f 2114 1243 369
f 381 1255 2115
f 1255 380 1287
f 1287 395 1284
f 2115 1284 396
f 1256 2117 1290
f 381 1286 2117
f 2117 1286 396
f 1290 2117 1285
f 368 1497 2119
f 1499 2119 1497
f 383 1292 2119
f 1498 2120 1500
f 382 1290 2120
f 397 1500 2120
f 369 1243 2122
f 1243 368 1292
f 1292 383 1272
f 2122 1272 384
f 1244 2124 1296
f 369 1294 2124
f 2124 1294 384
f 1296 2124 1273
f 1245 2126 1298
f 370 1296 2126
f 2126 1296 385
f 1298 2126 1274
f 379 1253 2127
f 1253 378 1297
f 1297 393 1282
f 2127 1282 394
f 1246 2128 1300
f 371 1298 2128
f 2128 1298 386
f 1300 2128 1275
f 380 1254 2129
f 1254 379 1299
f 1299 394 1283
f 2129 1283 395
f 1273 2131 1315
f 384 1316 2131
f 2131 1316 399
f 1315 2131 1302
f 1274 2133 1319
f 385 1315 2133
f 2133 1315 400
f 1319 2133 1303
f 394 1282 2134
f 1282 393 1317
f 1317 408 1311
f 2134 1311 409
f 1275 2135 1321
f 386 1319 2135
f 2135 1319 401
f 1321 2135 1304
f 395 1283 2136
f 1283 394 1320
f 1320 409 1312
f 2136 1312 410
f 396 1284 2138
f 1284 395 1322
f 1322 410 1313
f 2138 1313 411
f 1285 2140 1326
f 396 1324 2140
f 2140 1324 411
f 1326 2140 1314
f 383 1499 2142
f 1501 2142 1499
f 398 1328 2142
f 1500 2143 1502
f 397 1326 2143
f 412 1502 2143
f 384 1272 2145
f 1272 383 1328
f 1328 398 1301
f 2145 1301 399
f 1314 2148 1346
f 411 1347 2148
f 2148 1347 426
f 1346 2148 1343
f 398 1501 2150
f 1503 2150 1501
f 413 1349 2150
f 1502 2151 1504
f 412 1346 2151
f 427 1504 2151
f 399 1301 2153
f 1301 398 1349
f 1349 413 1330
f 2153 1330 414
f 1302 2155 1353
f 399 1351 2155
f 2155 1351 414
f 1353 2155 1331
f 1303 2157 1355
f 400 1353 2157
f 2157 1353 415
f 1355 2157 1332
f 409 1311 2158
f 1311 408 1354
f 1354 423 1340
f 2158 1340 424
f 1304 2159 1357
f 401 1355 2159
f 2159 1355 416
f 1357 2159 1333
f 410 1312 2160
f 1312 409 1356
f 1356 424 1341
f 2160 1341 425
f 411 1313 2162
f 1313 410 1358
f 1358 425 1342
f 2162 1342 426
f 1332 2164 1375
f 415 1376 2164
f 2164 1376 430
f 1375 2164 1361
f 424 1340 2165
f 1340 423 1373
f 1373 438 1369
f 2165 1369 439
f 1333 2166 1378
f 416 1375 2166
f 2166 1375 431
f 1378 2166 1362
f 425 1341 2167
f 1341 424 1377
f 1377 439 1370
f 2167 1370 440
f 426 1342 2169
f 1342 425 1379
f 1379 440 1371
f 2169 1371 441
f 1343 2171 1383
f 426 1381 2171
f 2171 1381 441
f 1383 2171 1372
f 413 1503 2173
f 1505 2173 1503
f 428 1385 2173
f 1504 2174 1506
f 427 1383 2174
f 442 1506 2174
f 414 1330 2176
f 1330 413 1385
f 1385 428 1359
f 2176 1359 429
f 1331 2178 1376
f 414 1387 2178
f 2178 1387 429
f 1376 2178 1360
f 1372 2179 1402
f 441 1403 2179
f 2179 1403 456
f 1402 2179 1401
f 428 1505 2181
f 1507 2181 1505
f 443 1406 2181
f 1506 2182 1508
f 442 1402 2182
f 457 1508 2182
f 429 1359 2184
f 1359 428 1406
f 1406 443 1388
f 2184 1388 444
f 1360 2186 1410
f 429 1408 2186
f 2186 1408 444
f 1410 2186 1389
f 1361 2188 1412
f 430 1410 2188
f 2188 1410 445
f 1412 2188 1390
f 439 1369 2189
f 1369 438 1411
f 1411 453 1398
f 2189 1398 454
f 1362 2190 1414
f 431 1412 2190
f 2190 1412 446
f 1414 2190 1391
f 440 1370 2191
f 1370 439 1413
f 1413 454 1399
f 2191 1399 455
f 441 1371 2193
f 1371 440 1415
f 1415 455 1400
f 2193 1400 456
f 1390 2195 1421
f 445 1509 2195
f 2195 1509 1
f 1421 2195 1432
f 454 1398 2196
f 1398 453 1510
f 1510 6 1438
f 2196 1438 463
f 1391 2197 1511
f 446 1421 2197
f 2197 1421 460
f 1511 2197 1433
f 455 1399 2198
f 1399 454 1422
f 1422 463 1418
f 2198 1418 464
f 456 1400 2200
f 1400 455 1423
f 1423 464 1419
f 2200 1419 465
f 1401 2202 1426
f 456 1425 2202
f 2202 1425 465
f 1426 2202 1420
f 443 1507 2204
f 1430 2204 1507
f 458 1427 2204
f 1508 2205 1439
f 457 1426 2205
f 466 1439 2205
f 444 1388 2207
f 1388 443 1427
f 1427 458 1417
f 2207 1417 459
f 1389 2209 1509
f 444 1428 2209
f 2209 1428 459
f 1509 2209 1431
f 1639 2211 1515
f 527 1516 2211
f 1517 2211 1516
f 1518 2211 1517
f 469 1515 2211
f 1640 2213 1517
f 528 1522 2213
f 1523 2213 1522
f 1524 2213 1523
f 472 1517 2213
f 1641 2215 1523
f 529 1527 2215
f 1528 2215 1527
f 478 1529 2215
f 1523 2215 1529
f 1642 2217 1528
f 530 1532 2217
f 1533 2217 1532
f 481 1534 2217
f 1528 2217 1534
f 1539 2220 1540
f 481 1533 2220
f 1643 2220 1533
f 531 1541 2220
f 1540 2220 1541
f 1644 2221 1542
f 532 1543 2221
f 1515 2221 1543
f 469 1544 2221
f 1542 2221 1544
f 1645 2223 1547
f 533 1548 2223
f 1542 2223 1548
f 484 1549 2223
f 1547 2223 1549
f 1554 2226 1555
f 487 1540 2226
f 1646 2226 1540
f 534 1556 2226
f 1555 2226 1556
f 499 1559 2228
f 1555 2228 1559
f 1647 2228 1555
f 535 1561 2228
f 1560 2228 1561
f 1648 2229 1562
f 536 1563 2229
f 1547 2229 1563
f 1564 2229 1547
f 496 1562 2229
f 502 1570 2232
f 1572 2232 1570
f 1649 2232 1572
f 537 1573 2232
f 1571 2232 1573
f 505 1576 2234
f 1577 2234 1576
f 1650 2234 1577
f 538 1578 2234
f 1572 2234 1578
f 1581 2236 1577
f 511 1582 2236
f 1651 2236 1582
f 539 1583 2236
f 1577 2236 1583
f 1586 2238 1582
f 514 1587 2238
f 1652 2238 1587
f 540 1588 2238
f 1582 2238 1588
f 1653 2239 1571
f 541 1589 2239
f 1562 2239 1589
f 1590 2239 1562
f 502 1571 2239
f 514 1593 2242
f 1560 2242 1593
f 1654 2242 1560
f 542 1594 2242
f 1587 2242 1594
f 1714 2246 1711
f 532 1644 2246
f 1644 483 1656
f 2246 1656 544
f 1710 2248 1707
f 543 1655 2248
f 1655 158 1627
f 2248 1627 515
f 564 1706 2250
f 1706 545 1657
f 2250 1657 159
f 1703 2250 1628
f 563 1702 2252
f 1702 546 1658
f 2252 1658 160
f 1699 2252 1659
f 1698 2256 1695
f 533 1645 2256
f 2256 1645 489
f 2256 1660 548
f 561 1694 2257
f 1694 521 1633
f 2257 1633 173
f 1691 2257 1661
f 560 1690 2260
f 1690 536 1648
f 2260 1648 495
f 1687 2260 1662
f 1686 2261 1683
f 524 899 2261
f 899 186 1663
f 2261 1663 551
f 558 1682 2264
f 1682 541 1653
f 2264 1653 500
f 1679 2264 1573
f 1678 2265 1675
f 553 1619 2265
f 1619 510 1588
f 2265 1588 540
f 556 1674 2269
f 1674 552 1664
f 2269 1664 504
f 1671 2269 1578
f 1670 2271 1667
f 554 1666 2271
f 2271 1666 507
f 2271 1583 539
f 1669 2275 1619
f 555 1667 2275
f 1667 539 1651
f 2275 1651 510
f 892 2276 1665
f 523 1668 2276
f 1668 555 1669
f 2276 1669 553
f 1635 2277 1668
f 185 1623 2277
f 1623 554 1670
f 2277 1670 555
f 554 1673 2278
f 1673 556 1671
f 2278 1671 538
f 2278 1650 507
f 185 891 2279
f 891 522 1672
f 2279 1672 556
f 1623 2279 1673
f 522 1634 2280
f 1634 184 1618
f 2280 1618 552
f 1672 2280 1674
f 1677 2281 1594
f 557 1675 2281
f 1675 540 1652
f 2281 1652 513
f 1615 2282 1654
f 551 1676 2282
f 1676 557 1677
f 2282 1677 542
f 1663 2283 1676
f 186 1665 2283
f 1665 553 1678
f 2283 1678 557
f 552 1681 2284
f 1681 558 1679
f 2284 1679 537
f 1664 2284 1649
f 184 1614 2285
f 1614 550 1680
f 2285 1680 558
f 1618 2285 1681
f 550 1662 2286
f 1662 495 1589
f 2286 1589 541
f 1680 2286 1682
f 1685 2287 1561
f 559 1683 2287
f 1683 551 1615
f 2287 1615 497
f 491 1611 2288
f 549 1684 2288
f 1684 559 1685
f 2288 1685 535
f 1661 2289 1684
f 173 1636 2289
f 1636 524 1686
f 2289 1686 559
f 525 1689 2290
f 1689 560 1687
f 2290 1687 550
f 1637 2290 1614
f 171 1610 2291
f 1610 548 1688
f 2291 1688 560
f 907 2291 1689
f 548 1660 2292
f 489 1563 2292
f 2292 1563 536
f 1688 2292 1690
f 534 1693 2293
f 1693 561 1691
f 2293 1691 549
f 2293 1611 491
f 485 1606 2294
f 1606 547 1692
f 2294 1692 561
f 1646 2294 1693
f 547 1659 2295
f 1659 160 882
f 2295 882 521
f 1692 2295 1694
f 1697 2296 1631
f 562 1695 2296
f 1695 548 1610
f 2296 1610 171
f 1600 2297 878
f 544 1696 2297
f 1696 562 1697
f 2297 1697 519
f 1656 2298 1696
f 483 1548 2298
f 1548 533 1698
f 2298 1698 562
f 531 1701 2299
f 1701 563 1699
f 2299 1699 547
f 1541 2299 1606
f 479 1532 2300
f 1532 530 1700
f 2300 1700 563
f 1643 2300 1701
f 530 1642 2301
f 1642 476 1604
f 2301 1604 546
f 1700 2301 1702
f 546 1705 2302
f 1705 564 1703
f 2302 1703 516
f 1658 2302 849
f 476 1527 2303
f 1527 529 1704
f 2303 1704 564
f 1604 2303 1705
f 529 1641 2304
f 473 1602 2304
f 2304 1602 545
f 1704 2304 1706
f 1709 2305 1657
f 565 1707 2305
f 1707 515 848
f 2305 848 159
f 473 1522 2306
f 528 1708 2306
f 1708 565 1709
f 2306 1709 545
f 1640 2307 1708
f 470 1599 2307
f 1599 543 1710
f 2307 1710 565
f 1713 2308 1655
f 566 1711 2308
f 1711 544 1600
f 2308 1600 158
f 1516 2309 1599
f 527 1712 2309
f 1712 566 1713
f 2309 1713 543
f 1639 2310 1712
f 467 1543 2310
f 1543 532 1714
f 2310 1714 566
f 1717 2311 899
f 567 1715 2311
f 1715 523 892
f 2311 892 186
f 869 2312 1636
f 869 518 1716
f 2312 1716 567
f 2312 1717 524
f 518 1630 2313
f 1630 172 909
f 2313 909 526
f 1716 2313 1718
f 526 1721 2314
f 1721 568 1719
f 2314 1719 522
f 1638 2314 891
f 868 2315 909
f 517 1720 2315
f 1720 568 1721
f 2315 1721 526
f 1629 2316 1720
f 1629 171 907
f 2316 907 525
f 2316 1722 568
f 521 1725 2317
f 569 1723 2317
f 1723 518 869
f 1633 2317 869
f 160 849 2318
f 849 516 1724
f 2318 1724 569
f 882 2318 1725
f 516 1628 2319
f 1628 159 880
f 2319 880 520
f 1724 2319 1726
f 520 1729 2320
f 1729 570 1727
f 2320 1727 517
f 1632 2320 868
f 848 2321 880
f 515 1728 2321
f 1728 570 1729
f 2321 1729 520
f 1627 2322 1728
f 158 878 2322
f 878 519 1730
f 2322 1730 570
usemtl Stripe.Nine
f 6 1731 587
f 1437 1442 1731
f 1442 582 1731
f 1731 17 587
f 1434 1446 461
f 2 1736 1434
f 1736 11 577
f 1446 577 12
f 1435 590 3
f 461 1738 1435
f 1738 12 578
f 590 578 13
f 571 591 4
f 3 1740 571
f 1740 13 579
f 1740 14 591
f 5 1743 592
f 4 1743 572
f 591 580 1743
f 592 580 15
f 462 1745 1442
f 1436 592 1745
f 592 581 1745
f 1745 16 1442
f 16 1747 607
f 581 608 1747
f 608 601 1747
f 1747 31 607
f 17 1749 611
f 582 607 1749
f 607 602 1749
f 1749 32 611
f 577 616 12
f 11 1754 577
f 1754 26 597
f 616 597 27
f 578 618 13
f 12 1756 578
f 1756 27 598
f 618 598 28
f 579 620 14
f 13 1758 579
f 1758 28 599
f 620 599 29
f 15 1761 608
f 580 620 1761
f 620 600 1761
f 1761 30 608
f 598 638 28
f 27 1764 598
f 1764 42 627
f 638 627 43
f 599 641 29
f 28 1766 599
f 1766 43 628
f 641 628 44
f 30 1769 643
f 600 641 1769
f 1769 44 629
f 1769 45 643
f 31 1771 645
f 601 643 1771
f 643 630 1771
f 1771 46 645
f 32 1773 647
f 602 645 1773
f 645 631 1773
f 1773 47 647
f 597 639 27
f 26 1778 597
f 1778 41 626
f 639 626 42
f 47 1780 667
f 631 668 1780
f 668 660 1780
f 1780 62 667
f 626 673 42
f 41 1785 626
f 1785 56 655
f 673 655 57
f 627 675 43
f 42 1787 627
f 1787 57 656
f 675 656 58
f 44 1789 677
f 43 1789 628
f 1789 58 657
f 677 657 59
f 45 1792 679
f 629 677 1792
f 677 658 1792
f 1792 60 679
f 46 1794 668
f 630 679 1794
f 679 659 1794
f 1794 61 668
f 656 694 58
f 57 1795 656
f 1795 72 685
f 694 685 73
f 657 698 59
f 58 1797 657
f 1797 73 686
f 698 686 74
f 60 1800 700
f 658 698 1800
f 698 687 1800
f 1800 75 700
f 61 1802 702
f 659 700 1802
f 700 688 1802
f 1802 76 702
f 62 1804 704
f 660 702 1804
f 702 689 1804
f 1804 77 704
f 655 695 57
f 56 1809 655
f 1809 71 684
f 695 684 72
f 77 1811 724
f 689 725 1811
f 725 719 1811
f 1811 93 724
f 684 731 72
f 71 1816 684
f 1816 87 714
f 731 714 88
f 685 733 73
f 72 1818 685
f 1818 88 715
f 733 715 89
f 686 735 74
f 73 1820 686
f 1820 89 716
f 735 716 90
f 75 1823 737
f 687 735 1823
f 1823 90 717
f 1823 91 737
f 76 1825 725
f 688 737 1825
f 737 718 1825
f 1825 92 725
f 716 755 90
f 89 1828 716
f 1828 104 745
f 755 745 105
f 717 758 91
f 90 1831 717
f 1831 105 746
f 758 746 106
f 92 1833 760
f 718 758 1833
f 758 747 1833
f 1833 107 760
f 93 1835 762
f 719 760 1835
f 760 748 1835
f 1835 108 762
f 714 767 88
f 87 1840 714
f 1840 102 743
f 767 743 103
f 715 756 89
f 88 1842 715
f 1842 103 744
f 756 744 104
f 743 787 103
f 102 1846 743
f 1846 117 772
f 787 772 118
f 744 789 104
f 103 1848 744
f 1848 118 773
f 789 773 119
f 745 791 105
f 104 1850 745
f 1850 119 774
f 1850 120 791
f 106 1853 793
f 746 791 1853
f 791 775 1853
f 1853 121 793
f 107 1855 795
f 747 793 1855
f 793 776 1855
f 1855 122 795
f 108 1857 783
f 748 795 1857
f 795 777 1857
f 1857 123 783
f 775 813 121
f 120 1861 775
f 814 804 1861
f 1861 136 813
f 776 816 122
f 121 1863 776
f 813 805 1863
f 1863 137 816
f 777 818 123
f 122 1865 777
f 816 806 1865
f 1865 138 818
f 118 1870 823
f 772 821 1870
f 1870 132 801
f 823 801 133
f 119 1872 825
f 773 823 1872
f 1872 133 802
f 825 802 134
f 120 1874 814
f 774 825 1874
f 1874 134 803
f 814 803 135
f 933 968 208
f 207 1940 933
f 969 957 1940
f 1940 223 968
f 934 971 209
f 208 1942 934
f 968 958 1942
f 1942 224 971
f 210 1945 973
f 935 971 1945
f 1945 224 959
f 973 959 225
f 211 1947 975
f 936 973 1947
f 1947 225 960
f 975 960 226
f 212 1949 977
f 937 975 1949
f 1949 226 961
f 977 961 227
f 932 969 207
f 206 1954 932
f 980 956 1954
f 1954 222 969
f 227 1955 995
f 961 996 1955
f 996 990 1955
f 1955 242 995
f 956 1002 222
f 221 1960 956
f 1960 236 985
f 1002 985 237
f 957 1004 223
f 222 1962 957
f 1962 237 986
f 1004 986 238
f 224 1964 1006
f 223 1964 958
f 1964 238 987
f 1006 987 239
f 225 1967 1008
f 959 1006 1967
f 1006 988 1967
f 1967 240 1008
f 226 1969 996
f 960 1008 1969
f 1008 989 1969
f 1969 241 996
f 987 1026 239
f 238 1972 987
f 1972 253 1016
f 1026 1016 254
f 240 1975 1029
f 239 1975 988
f 1026 1017 1975
f 1975 255 1029
f 241 1977 1031
f 989 1029 1977
f 1029 1018 1977
f 1977 256 1031
f 242 1979 1033
f 990 1031 1979
f 1031 1019 1979
f 1979 257 1033
f 985 1038 237
f 236 1984 985
f 1984 251 1014
f 1038 1014 252
f 986 1027 238
f 237 1986 986
f 1986 252 1015
f 1027 1015 253
f 1014 1059 252
f 251 1991 1014
f 1991 266 1043
f 1059 1043 267
f 1015 1061 253
f 252 1993 1015
f 1993 267 1044
f 1061 1044 268
f 254 1995 1063
f 253 1995 1016
f 1061 1045 1995
f 1063 1045 269
f 255 1998 1065
f 1017 1063 1998
f 1063 1046 1998
f 1998 270 1065
f 256 2000 1067
f 1018 1065 2000
f 1065 1047 2000
f 2000 271 1067
f 257 2002 1056
f 1019 1067 2002
f 1067 1048 2002
f 2002 272 1056
f 269 2003 1083
f 1045 1084 2003
f 2003 283 1074
f 1083 1074 284
f 270 2006 1087
f 1046 1083 2006
f 2006 284 1075
f 2006 285 1087
f 271 2008 1089
f 1047 1087 2008
f 1087 1076 2008
f 2008 286 1089
f 272 2010 1091
f 1048 1089 2010
f 1089 1077 2010
f 2010 287 1091
f 1043 1096 267
f 266 2015 1043
f 2015 281 1072
f 1096 1072 282
f 1044 1084 268
f 267 2017 1044
f 2017 282 1073
f 1084 1073 283
f 1072 1117 282
f 281 2022 1072
f 2022 297 1102
f 1117 1102 298
f 1073 1119 283
f 282 2024 1073
f 2024 298 1103
f 1119 1103 299
f 1074 1121 284
f 283 2026 1074
f 2026 299 1104
f 1121 1104 300
f 285 2029 1123
f 284 2029 1075
f 1121 1105 2029
f 2029 301 1123
f 286 2031 1125
f 1076 1123 2031
f 1123 1106 2031
f 2031 302 1125
f 287 2033 1113
f 1077 1125 2033
f 1125 1107 2033
f 2033 303 1113
f 301 2037 1143
f 1105 1144 2037
f 2037 315 1134
f 2037 316 1143
f 302 2039 1146
f 1106 1143 2039
f 1143 1135 2039
f 2039 317 1146
f 303 2041 1148
f 1107 1146 2041
f 1146 1136 2041
f 2041 318 1148
f 1102 1153 298
f 297 2046 1102
f 2046 312 1131
f 1153 1131 313
f 1103 1155 299
f 298 2048 1103
f 2048 313 1132
f 1155 1132 314
f 1104 1144 300
f 299 2050 1104
f 2050 314 1133
f 1144 1133 315
f 1131 1174 313
f 312 2053 1131
f 2053 327 1160
f 1174 1160 328
f 1132 1176 314
f 313 2055 1132
f 2055 328 1161
f 1176 1161 329
f 1133 1178 315
f 314 2057 1133
f 2057 329 1162
f 1178 1162 330
f 316 2060 1180
f 1134 1178 2060
f 1178 1163 2060
f 2060 331 1180
f 317 2062 1182
f 1135 1180 2062
f 1180 1164 2062
f 2062 332 1182
f 318 2064 1184
f 1136 1182 2064
f 1182 1165 2064
f 2064 333 1184
f 331 2067 1199
f 1163 1200 2067
f 1200 1192 2067
f 2067 346 1199
f 332 2069 1203
f 1164 1199 2069
f 1199 1193 2069
f 2069 347 1203
f 333 2071 1205
f 1165 1203 2071
f 1203 1194 2071
f 2071 348 1205
f 1160 1210 328
f 327 2076 1160
f 2076 342 1189
f 1210 1189 343
f 1161 1212 329
f 328 2078 1161
f 2078 343 1190
f 1212 1190 344
f 1162 1200 330
f 329 2080 1162
f 2080 344 1191
f 1200 1191 345
f 1189 1230 343
f 342 2084 1189
f 2084 357 1218
f 1230 1218 358
f 1190 1233 344
f 343 2086 1190
f 2086 358 1219
f 1233 1219 359
f 345 2088 1235
f 344 2088 1191
f 2088 359 1220
f 2088 360 1235
f 346 2091 1237
f 1192 1235 2091
f 2091 360 1221
f 2091 361 1237
f 347 2093 1239
f 1193 1237 2093
f 1237 1222 2093
f 2093 362 1239
f 348 2095 1241
f 1194 1239 2095
f 1239 1223 2095
f 2095 363 1241
f 362 2099 1257
f 1222 1258 2099
f 1258 1251 2099
f 2099 377 1257
f 363 2101 1261
f 1223 1257 2101
f 1257 1252 2101
f 2101 378 1261
f 1218 1266 358
f 357 2106 1218
f 2106 372 1247
f 1266 1247 373
f 1219 1268 359
f 358 2108 1219
f 2108 373 1248
f 1268 1248 374
f 1220 1270 360
f 359 2110 1220
f 2110 374 1249
f 2110 375 1270
f 361 2113 1258
f 1221 1270 2113
f 1270 1250 2113
f 2113 376 1258
f 1248 1288 374
f 373 2116 1248
f 2116 388 1277
f 1288 1277 389
f 1249 1291 375
f 374 2118 1249
f 2118 389 1278
f 1291 1278 390
f 376 2121 1293
f 375 2121 1250
f 1291 1279 2121
f 1293 1279 391
f 377 2123 1295
f 1251 1293 2123
f 1293 1280 2123
f 2123 392 1295
f 378 2125 1297
f 1252 1295 2125
f 1295 1281 2125
f 2125 393 1297
f 1247 1289 373
f 372 2130 1247
f 2130 387 1276
f 1289 1276 388
f 393 2132 1317
f 1281 1318 2132
f 1318 1310 2132
f 2132 408 1317
f 1276 1323 388
f 387 2137 1276
f 2137 402 1305
f 1323 1305 403
f 1277 1325 389
f 388 2139 1277
f 2139 403 1306
f 1325 1306 404
f 390 2141 1327
f 389 2141 1278
f 2141 404 1307
f 2141 405 1327
f 391 2144 1329
f 1279 1327 2144
f 1327 1308 2144
f 2144 406 1329
f 392 2146 1318
f 1280 1329 2146
f 1329 1309 2146
f 2146 407 1318
f 1306 1344 404
f 403 2147 1306
f 2147 418 1335
f 1344 1335 419
f 1307 1348 405
f 404 2149 1307
f 2149 419 1336
f 1348 1336 420
f 406 2152 1350
f 1308 1348 2152
f 1348 1337 2152
f 2152 421 1350
f 407 2154 1352
f 1309 1350 2154
f 1350 1338 2154
f 2154 422 1352
f 408 2156 1354
f 1310 1352 2156
f 1352 1339 2156
f 2156 423 1354
f 1305 1345 403
f 402 2161 1305
f 2161 417 1334
f 1345 1334 418
f 423 2163 1373
f 1339 1374 2163
f 1374 1368 2163
f 2163 438 1373
f 1334 1380 418
f 417 2168 1334
f 2168 432 1363
f 1380 1363 433
f 1335 1382 419
f 418 2170 1335
f 2170 433 1364
f 1382 1364 434
f 420 2172 1384
f 419 2172 1336
f 2172 434 1365
f 1384 1365 435
f 421 2175 1386
f 1337 1384 2175
f 1384 1366 2175
f 2175 436 1386
f 422 2177 1374
f 1338 1386 2177
f 1386 1367 2177
f 2177 437 1374
f 1365 1404 435
f 434 2180 1365
f 2180 449 1394
f 1404 1394 450
f 436 2183 1407
f 435 2183 1366
f 1404 1395 2183
f 2183 451 1407
f 437 2185 1409
f 1367 1407 2185
f 1407 1396 2185
f 2185 452 1409
f 438 2187 1411
f 1368 1409 2187
f 1409 1397 2187
f 2187 453 1411
f 1363 1416 433
f 432 2192 1363
f 2192 447 1392
f 1416 1392 448
f 1364 1405 434
f 433 2194 1364
f 2194 448 1393
f 1405 1393 449
f 1392 1424 448
f 447 2199 1392
f 2199 2 1434
f 1424 1434 461
f 1393 1512 449
f 448 2201 1393
f 2201 461 1435
f 1512 1435 3
f 450 2203 1513
f 449 2203 1394
f 2203 3 571
f 1513 571 4
f 451 2206 1514
f 1395 1513 2206
f 1513 572 2206
f 2206 5 1514
f 452 2208 1429
f 1396 1514 2208
f 1514 1436 2208
f 2208 462 1429
f 453 2210 1510
f 1397 1429 2210
f 1429 1437 2210
f 2210 6 1510
f 1518 1519 469
f 472 2212 1518
f 1520 1521 2212
f 1519 1521 468
f 1524 1520 472
f 475 2214 1524
f 1525 1526 2214
f 2214 471 1520
f 475 2216 1525
f 1529 1530 2216
f 2216 477 1531
f 1525 1531 474
f 478 2218 1530
f 1534 1535 2218
f 1535 1536 2218
f 1530 1536 477
f 1538 1537 486
f 480 2219 1538
f 1535 1539 2219
f 2219 487 1537
f 484 2222 1545
f 1544 1519 2222
f 2222 468 1546
f 1545 1546 482
f 490 2224 1550
f 1549 1545 2224
f 2224 482 1551
f 1550 1551 488
f 1553 1552 492
f 486 2225 1553
f 1537 1554 2225
f 2225 493 1552
f 498 2227 1557
f 1558 1552 2227
f 2227 493 1559
f 1557 1559 499
f 1564 1565 496
f 490 2230 1564
f 1550 1566 2230
f 2230 494 1565
f 1568 1567 501
f 1568 1569 2231
f 2231 505 1570
f 1567 1570 502
f 503 2233 1569
f 1574 1575 2233
f 2233 508 1576
f 1569 1576 505
f 1579 1575 506
f 509 2235 1579
f 1580 1581 2235
f 2235 508 1575
f 1584 1580 509
f 1584 1585 2237
f 1585 1586 2237
f 2237 511 1580
f 1590 1567 502
f 496 2240 1590
f 1565 1591 2240
f 2240 501 1567
f 512 2241 1585
f 1592 1557 2241
f 2241 499 1593
f 1585 1593 514
f 1595 1546 468
f 147 2243 1595
f 860 1596 2243
f 2243 482 1546
f 134 2244 1597
f 802 1598 2244
f 1598 1521 2244
f 2244 471 1597
f 133 2245 1598
f 801 834 2245
f 2245 147 1595
f 1598 1595 468
f 135 2247 1601
f 803 1597 2247
f 1597 1526 2247
f 2247 474 1601
f 804 1603 136
f 135 2249 804
f 2249 474 1531
f 1603 1531 477
f 805 1605 137
f 136 2251 805
f 2251 477 1536
f 1605 1536 480
f 806 843 138
f 137 2253 806
f 1605 1607 2253
f 2253 148 843
f 148 2254 857
f 1607 1538 2254
f 2254 486 1608
f 857 1608 161
f 1596 1551 482
f 157 2255 1596
f 876 1609 2255
f 2255 488 1551
f 161 2258 885
f 1608 1553 2258
f 2258 492 1612
f 885 1612 174
f 488 2259 1566
f 1609 904 2259
f 2259 183 1613
f 1566 1613 494
f 1612 901 174
f 492 2262 1612
f 1558 1616 2262
f 2262 187 901
f 494 2263 1591
f 1613 918 2263
f 2263 196 1617
f 1591 1617 501
f 1616 925 187
f 498 2266 1616
f 1592 1620 2266
f 2266 197 925
f 1617 1621 501
f 196 2267 1617
f 947 932 2267
f 2267 207 1621
f 503 2268 1622
f 1568 1621 2268
f 1621 933 2268
f 2268 208 1622
f 506 2270 1624
f 1574 1622 2270
f 1622 934 2270
f 2270 209 1624
f 1579 1625 509
f 506 2272 1579
f 2272 209 935
f 1625 935 210
f 1584 1626 512
f 509 2273 1584
f 2273 210 936
f 1626 936 211
f 197 2274 944
f 1620 1626 2274
f 2274 211 937
f 944 937 212
f 6 1437 1731
f 1437 462 1442
f 1442 16 582
f 1731 582 17
f 1434 1736 1446
f 2 589 1736
f 1736 589 11
f 1446 1736 577
f 1435 1738 590
f 461 1446 1738
f 1738 1446 12
f 590 1738 578
f 571 1740 591
f 3 590 1740
f 1740 590 13
f 1740 579 14
f 5 572 1743
f 4 591 1743
f 591 14 580
f 592 1743 580
f 462 1436 1745
f 1436 5 592
f 592 15 581
f 1745 581 16
f 16 581 1747
f 581 15 608
f 608 30 601
f 1747 601 31
f 17 582 1749
f 582 16 607
f 607 31 602
f 1749 602 32
f 577 1754 616
f 11 614 1754
f 1754 614 26
f 616 1754 597
f 578 1756 618
f 12 616 1756
f 1756 616 27
f 618 1756 598
f 579 1758 620
f 13 618 1758
f 1758 618 28
f 620 1758 599
f 15 580 1761
f 580 14 620
f 620 29 600
f 1761 600 30
f 598 1764 638
f 27 639 1764
f 1764 639 42
f 638 1764 627
f 599 1766 641
f 28 638 1766
f 1766 638 43
f 641 1766 628
f 30 600 1769
f 600 29 641
f 1769 641 44
f 1769 629 45
f 31 601 1771
f 601 30 643
f 643 45 630
f 1771 630 46
f 32 602 1773
f 602 31 645
f 645 46 631
f 1773 631 47
f 597 1778 639
f 26 650 1778
f 1778 650 41
f 639 1778 626
f 47 631 1780
f 631 46 668
f 668 61 660
f 1780 660 62
f 626 1785 673
f 41 671 1785
f 1785 671 56
f 673 1785 655
f 627 1787 675
f 42 673 1787
f 1787 673 57
f 675 1787 656
f 44 628 1789
f 43 675 1789
f 1789 675 58
f 677 1789 657
f 45 629 1792
f 629 44 677
f 677 59 658
f 1792 658 60
f 46 630 1794
f 630 45 679
f 679 60 659
f 1794 659 61
f 656 1795 694
f 57 695 1795
f 1795 695 72
f 694 1795 685
f 657 1797 698
f 58 694 1797
f 1797 694 73
f 698 1797 686
f 60 658 1800
f 658 59 698
f 698 74 687
f 1800 687 75
f 61 659 1802
f 659 60 700
f 700 75 688
f 1802 688 76
f 62 660 1804
f 660 61 702
f 702 76 689
f 1804 689 77
f 655 1809 695
f 56 707 1809
f 1809 707 71
f 695 1809 684
f 77 689 1811
f 689 76 725
f 725 92 719
f 1811 719 93
f 684 1816 731
f 71 729 1816
f 1816 729 87
f 731 1816 714
f 685 1818 733
f 72 731 1818
f 1818 731 88
f 733 1818 715
f 686 1820 735
f 73 733 1820
f 1820 733 89
f 735 1820 716
f 75 687 1823
f 687 74 735
f 1823 735 90
f 1823 717 91
f 76 688 1825
f 688 75 737
f 737 91 718
f 1825 718 92
f 716 1828 755
f 89 756 1828
f 1828 756 104
f 755 1828 745
f 717 1831 758
f 90 755 1831
f 1831 755 105
f 758 1831 746
f 92 718 1833
f 718 91 758
f 758 106 747
f 1833 747 107
f 93 719 1835
f 719 92 760
f 760 107 748
f 1835 748 108
f 714 1840 767
f 87 765 1840
f 1840 765 102
f 767 1840 743
f 715 1842 756
f 88 767 1842
f 1842 767 103
f 756 1842 744
f 743 1846 787
f 102 784 1846
f 1846 784 117
f 787 1846 772
f 744 1848 789
f 103 787 1848
f 1848 787 118
f 789 1848 773
f 745 1850 791
f 104 789 1850
f 1850 789 119
f 1850 774 120
f 106 746 1853
f 746 105 791
f 791 120 775
f 1853 775 121
f 107 747 1855
f 747 106 793
f 793 121 776
f 1855 776 122
f 108 748 1857
f 748 107 795
f 795 122 777
f 1857 777 123
f 775 1861 813
f 120 814 1861
f 814 135 804
f 1861 804 136
f 776 1863 816
f 121 813 1863
f 813 136 805
f 1863 805 137
f 777 1865 818
f 122 816 1865
f 816 137 806
f 1865 806 138
f 118 772 1870
f 772 117 821
f 1870 821 132
f 823 1870 801
f 119 773 1872
f 773 118 823
f 1872 823 133
f 825 1872 802
f 120 774 1874
f 774 119 825
f 1874 825 134
f 814 1874 803
f 933 1940 968
f 207 969 1940
f 969 222 957
f 1940 957 223
f 934 1942 971
f 208 968 1942
f 968 223 958
f 1942 958 224
f 210 935 1945
f 935 209 971
f 1945 971 224
f 973 1945 959
f 211 936 1947
f 936 210 973
f 1947 973 225
f 975 1947 960
f 212 937 1949
f 937 211 975
f 1949 975 226
f 977 1949 961
f 932 1954 969
f 206 980 1954
f 980 221 956
f 1954 956 222
f 227 961 1955
f 961 226 996
f 996 241 990
f 1955 990 242
f 956 1960 1002
f 221 1000 1960
f 1960 1000 236
f 1002 1960 985
f 957 1962 1004
f 222 1002 1962
f 1962 1002 237
f 1004 1962 986
f 224 958 1964
f 223 1004 1964
f 1964 1004 238
f 1006 1964 987
f 225 959 1967
f 959 224 1006
f 1006 239 988
f 1967 988 240
f 226 960 1969
f 960 225 1008
f 1008 240 989
f 1969 989 241
f 987 1972 1026
f 238 1027 1972
f 1972 1027 253
f 1026 1972 1016
f 240 988 1975
f 239 1026 1975
f 1026 254 1017
f 1975 1017 255
f 241 989 1977
f 989 240 1029
f 1029 255 1018
f 1977 1018 256
f 242 990 1979
f 990 241 1031
f 1031 256 1019
f 1979 1019 257
f 985 1984 1038
f 236 1036 1984
f 1984 1036 251
f 1038 1984 1014
f 986 1986 1027
f 237 1038 1986
f 1986 1038 252
f 1027 1986 1015
f 1014 1991 1059
f 251 1057 1991
f 1991 1057 266
f 1059 1991 1043
f 1015 1993 1061
f 252 1059 1993
f 1993 1059 267
f 1061 1993 1044
f 254 1016 1995
f 253 1061 1995
f 1061 268 1045
f 1063 1995 1045
f 255 1017 1998
f 1017 254 1063
f 1063 269 1046
f 1998 1046 270
f 256 1018 2000
f 1018 255 1065
f 1065 270 1047
f 2000 1047 271
f 257 1019 2002
f 1019 256 1067
f 1067 271 1048
f 2002 1048 272
f 269 1045 2003
f 1045 268 1084
f 2003 1084 283
f 1083 2003 1074
f 270 1046 2006
f 1046 269 1083
f 2006 1083 284
f 2006 1075 285
f 271 1047 2008
f 1047 270 1087
f 1087 285 1076
f 2008 1076 286
f 272 1048 2010
f 1048 271 1089
f 1089 286 1077
f 2010 1077 287
f 1043 2015 1096
f 266 1094 2015
f 2015 1094 281
f 1096 2015 1072
f 1044 2017 1084
f 267 1096 2017
f 2017 1096 282
f 1084 2017 1073
f 1072 2022 1117
f 281 1114 2022
f 2022 1114 297
f 1117 2022 1102
f 1073 2024 1119
f 282 1117 2024
f 2024 1117 298
f 1119 2024 1103
f 1074 2026 1121
f 283 1119 2026
f 2026 1119 299
f 1121 2026 1104
f 285 1075 2029
f 284 1121 2029
f 1121 300 1105
f 2029 1105 301
f 286 1076 2031
f 1076 285 1123
f 1123 301 1106
f 2031 1106 302
f 287 1077 2033
f 1077 286 1125
f 1125 302 1107
f 2033 1107 303
f 301 1105 2037
f 1105 300 1144
f 2037 1144 315
f 2037 1134 316
f 302 1106 2039
f 1106 301 1143
f 1143 316 1135
f 2039 1135 317
f 303 1107 2041
f 1107 302 1146
f 1146 317 1136
f 2041 1136 318
f 1102 2046 1153
f 297 1151 2046
f 2046 1151 312
f 1153 2046 1131
f 1103 2048 1155
f 298 1153 2048
f 2048 1153 313
f 1155 2048 1132
f 1104 2050 1144
f 299 1155 2050
f 2050 1155 314
f 1144 2050 1133
f 1131 2053 1174
f 312 1170 2053
f 2053 1170 327
f 1174 2053 1160
f 1132 2055 1176
f 313 1174 2055
f 2055 1174 328
f 1176 2055 1161
f 1133 2057 1178
f 314 1176 2057
f 2057 1176 329
f 1178 2057 1162
f 316 1134 2060
f 1134 315 1178
f 1178 330 1163
f 2060 1163 331
f 317 1135 2062
f 1135 316 1180
f 1180 331 1164
f 2062 1164 332
f 318 1136 2064
f 1136 317 1182
f 1182 332 1165
f 2064 1165 333
f 331 1163 2067
f 1163 330 1200
f 1200 345 1192
f 2067 1192 346
f 332 1164 2069
f 1164 331 1199
f 1199 346 1193
f 2069 1193 347
f 333 1165 2071
f 1165 332 1203
f 1203 347 1194
f 2071 1194 348
f 1160 2076 1210
f 327 1208 2076
f 2076 1208 342
f 1210 2076 1189
f 1161 2078 1212
f 328 1210 2078
f 2078 1210 343
f 1212 2078 1190
f 1162 2080 1200
f 329 1212 2080
f 2080 1212 344
f 1200 2080 1191
f 1189 2084 1230
f 342 1231 2084
f 2084 1231 357
f 1230 2084 1218
f 1190 2086 1233
f 343 1230 2086
f 2086 1230 358
f 1233 2086 1219
f 345 1191 2088
f 344 1233 2088
f 2088 1233 359
f 2088 1220 360
f 346 1192 2091
f 1192 345 1235
f 2091 1235 360
f 2091 1221 361
f 347 1193 2093
f 1193 346 1237
f 1237 361 1222
f 2093 1222 362
f 348 1194 2095
f 1194 347 1239
f 1239 362 1223
f 2095 1223 363
f 362 1222 2099
f 1222 361 1258
f 1258 376 1251
f 2099 1251 377
f 363 1223 2101
f 1223 362 1257
f 1257 377 1252
f 2101 1252 378
f 1218 2106 1266
f 357 1264 2106
f 2106 1264 372
f 1266 2106 1247
f 1219 2108 1268
f 358 1266 2108
f 2108 1266 373
f 1268 2108 1248
f 1220 2110 1270
f 359 1268 2110
f 2110 1268 374
f 2110 1249 375
f 361 1221 2113
f 1221 360 1270
f 1270 375 1250
f 2113 1250 376
f 1248 2116 1288
f 373 1289 2116
f 2116 1289 388
f 1288 2116 1277
f 1249 2118 1291
f 374 1288 2118
f 2118 1288 389
f 1291 2118 1278
f 376 1250 2121
f 375 1291 2121
f 1291 390 1279
f 1293 2121 1279
f 377 1251 2123
f 1251 376 1293
f 1293 391 1280
f 2123 1280 392
f 378 1252 2125
f 1252 377 1295
f 1295 392 1281
f 2125 1281 393
f 1247 2130 1289
f 372 1300 2130
f 2130 1300 387
f 1289 2130 1276
f 393 1281 2132
f 1281 392 1318
f 1318 407 1310
f 2132 1310 408
f 1276 2137 1323
f 387 1321 2137
f 2137 1321 402
f 1323 2137 1305
f 1277 2139 1325
f 388 1323 2139
f 2139 1323 403
f 1325 2139 1306
f 390 1278 2141
f 389 1325 2141
f 2141 1325 404
f 2141 1307 405
f 391 1279 2144
f 1279 390 1327
f 1327 405 1308
f 2144 1308 406
f 392 1280 2146
f 1280 391 1329
f 1329 406 1309
f 2146 1309 407
f 1306 2147 1344
f 403 1345 2147
f 2147 1345 418
f 1344 2147 1335
f 1307 2149 1348
f 404 1344 2149
f 2149 1344 419
f 1348 2149 1336
f 406 1308 2152
f 1308 405 1348
f 1348 420 1337
f 2152 1337 421
f 407 1309 2154
f 1309 406 1350
f 1350 421 1338
f 2154 1338 422
f 408 1310 2156
f 1310 407 1352
f 1352 422 1339
f 2156 1339 423
f 1305 2161 1345
f 402 1357 2161
f 2161 1357 417
f 1345 2161 1334
f 423 1339 2163
f 1339 422 1374
f 1374 437 1368
f 2163 1368 438
f 1334 2168 1380
f 417 1378 2168
f 2168 1378 432
f 1380 2168 1363
f 1335 2170 1382
f 418 1380 2170
f 2170 1380 433
f 1382 2170 1364
f 420 1336 2172
f 419 1382 2172
f 2172 1382 434
f 1384 2172 1365
f 421 1337 2175
f 1337 420 1384
f 1384 435 1366
f 2175 1366 436
f 422 1338 2177
f 1338 421 1386
f 1386 436 1367
f 2177 1367 437
f 1365 2180 1404
f 434 1405 2180
f 2180 1405 449
f 1404 2180 1394
f 436 1366 2183
f 435 1404 2183
f 1404 450 1395
f 2183 1395 451
f 437 1367 2185
f 1367 436 1407
f 1407 451 1396
f 2185 1396 452
f 438 1368 2187
f 1368 437 1409
f 1409 452 1397
f 2187 1397 453
f 1363 2192 1416
f 432 1414 2192
f 2192 1414 447
f 1416 2192 1392
f 1364 2194 1405
f 433 1416 2194
f 2194 1416 448
f 1405 2194 1393
f 1392 2199 1424
f 447 1511 2199
f 2199 1511 2
f 1424 2199 1434
f 1393 2201 1512
f 448 1424 2201
f 2201 1424 461
f 1512 2201 1435
f 450 1394 2203
f 449 1512 2203
f 2203 1512 3
f 1513 2203 571
f 451 1395 2206
f 1395 450 1513
f 1513 4 572
f 2206 572 5
f 452 1396 2208
f 1396 451 1514
f 1514 5 1436
f 2208 1436 462
f 453 1397 2210
f 1397 452 1429
f 1429 462 1437
f 2210 1437 6
f 1518 2212 1519
f 472 1520 2212
f 1520 471 1521
f 1519 2212 1521
f 1524 2214 1520
f 475 1525 2214
f 1525 474 1526
f 2214 1526 471
f 475 1529 2216
f 1529 478 1530
f 2216 1530 477
f 1525 2216 1531
f 478 1534 2218
f 1534 481 1535
f 1535 480 1536
f 1530 2218 1536
f 1538 2219 1537
f 480 1535 2219
f 1535 481 1539
f 2219 1539 487
f 484 1544 2222
f 1544 469 1519
f 2222 1519 468
f 1545 2222 1546
f 490 1549 2224
f 1549 484 1545
f 2224 1545 482
f 1550 2224 1551
f 1553 2225 1552
f 486 1537 2225
f 1537 487 1554
f 2225 1554 493
f 498 1558 2227
f 1558 492 1552
f 2227 1552 493
f 1557 2227 1559
f 1564 2230 1565
f 490 1550 2230
f 1550 488 1566
f 2230 1566 494
f 1568 2231 1567
f 1568 503 1569
f 2231 1569 505
f 1567 2231 1570
f 503 1574 2233
f 1574 506 1575
f 2233 1575 508
f 1569 2233 1576
f 1579 2235 1575
f 509 1580 2235
f 1580 511 1581
f 2235 1581 508
f 1584 2237 1580
f 1584 512 1585
f 1585 514 1586
f 2237 1586 511
f 1590 2240 1567
f 496 1565 2240
f 1565 494 1591
f 2240 1591 501
f 512 1592 2241
f 1592 498 1557
f 2241 1557 499
f 1585 2241 1593
f 1595 2243 1546
f 147 860 2243
f 860 157 1596
f 2243 1596 482
f 134 802 2244
f 802 133 1598
f 1598 468 1521
f 2244 1521 471
f 133 801 2245
f 801 132 834
f 2245 834 147
f 1598 2245 1595
f 135 803 2247
f 803 134 1597
f 1597 471 1526
f 2247 1526 474
f 804 2249 1603
f 135 1601 2249
f 2249 1601 474
f 1603 2249 1531
f 805 2251 1605
f 136 1603 2251
f 2251 1603 477
f 1605 2251 1536
f 806 2253 843
f 137 1605 2253
f 1605 480 1607
f 2253 1607 148
f 148 1607 2254
f 1607 480 1538
f 2254 1538 486
f 857 2254 1608
f 1596 2255 1551
f 157 876 2255
f 876 170 1609
f 2255 1609 488
f 161 1608 2258
f 1608 486 1553
f 2258 1553 492
f 885 2258 1612
f 488 1609 2259
f 1609 170 904
f 2259 904 183
f 1566 2259 1613
f 1612 2262 901
f 492 1558 2262
f 1558 498 1616
f 2262 1616 187
f 494 1613 2263
f 1613 183 918
f 2263 918 196
f 1591 2263 1617
f 1616 2266 925
f 498 1592 2266
f 1592 512 1620
f 2266 1620 197
f 1617 2267 1621
f 196 947 2267
f 947 206 932
f 2267 932 207
f 503 1568 2268
f 1568 501 1621
f 1621 207 933
f 2268 933 208
f 506 1574 2270
f 1574 503 1622
f 1622 208 934
f 2270 934 209
f 1579 2272 1625
f 506 1624 2272
f 2272 1624 209
f 1625 2272 935
f 1584 2273 1626
f 509 1625 2273
f 2273 1625 210
f 1626 2273 936
f 197 1620 2274
f 1620 512 1626
f 2274 1626 211
f 944 2274 937
