# Blender 4.4.3
# www.blender.org
mtllib 7_ball.mtl
o Solid.008
v 0.132210 -0.004346 0.871721
v 0.134957 -0.007468 0.870713
v 0.126877 -0.009917 0.871612
v 0.137253 0.001338 0.870346
v 0.128901 -0.001702 0.872329
v 0.124598 -0.008096 0.872030
v 0.133042 0.004703 0.871119
v 0.125157 0.000363 0.872512
v 0.122019 -0.006674 0.872157
v 0.128277 0.007331 0.871353
v 0.121124 0.001770 0.872265
v 0.119241 -0.005705 0.871986
v 0.123144 0.009121 0.871038
v 0.116955 0.002464 0.871596
v 0.116369 -0.005227 0.871526
v 0.117837 0.010005 0.870187
v 0.112810 0.002419 0.870531
v 0.113514 -0.005258 0.870792
v 0.112563 0.009947 0.868831
v 0.108850 0.001636 0.869112
v 0.110787 -0.005797 0.869814
v 0.107522 0.008952 0.867025
v 0.105226 0.000146 0.867392
v 0.108290 -0.006823 0.868630
v 0.102910 0.007055 0.864836
v 0.102078 -0.001994 0.865438
v 0.106122 -0.008297 0.867284
v 0.098903 0.004332 0.862348
v 0.099526 -0.004701 0.863324
v 0.104364 -0.010162 0.865828
v 0.095655 0.000885 0.859659
v 0.097669 -0.007873 0.861133
v 0.103085 -0.012347 0.864319
v 0.093291 -0.003152 0.856870
v 0.096578 -0.011387 0.858948
v 0.102333 -0.014767 0.862814
v 0.091903 -0.007624 0.854089
v 0.096295 -0.015107 0.856853
v 0.102138 -0.017330 0.861371
v 0.091542 -0.012359 0.851423
v 0.096830 -0.018892 0.854929
v 0.102507 -0.019937 0.860045
v 0.092223 -0.017176 0.848974
v 0.098164 -0.022595 0.853250
v 0.103426 -0.022487 0.858889
v 0.093921 -0.021889 0.846837
v 0.100244 -0.026074 0.851880
v 0.104859 -0.024884 0.857945
v 0.096569 -0.026317 0.845093
v 0.102992 -0.029195 0.850872
v 0.106751 -0.027034 0.857251
v 0.100066 -0.030290 0.843810
v 0.106301 -0.031839 0.850264
v 0.109031 -0.028855 0.856832
v 0.104278 -0.033655 0.843036
v 0.110044 -0.033904 0.850080
v 0.111609 -0.030278 0.856705
v 0.109042 -0.036283 0.842803
v 0.114078 -0.035311 0.850328
v 0.114387 -0.031246 0.856876
v 0.114176 -0.038074 0.843117
v 0.118247 -0.036005 0.850997
v 0.117259 -0.031725 0.857337
v 0.119482 -0.038957 0.843969
v 0.122391 -0.035960 0.852061
v 0.120114 -0.031694 0.858070
v 0.124757 -0.038900 0.845324
v 0.126351 -0.035178 0.853481
v 0.122842 -0.031155 0.859048
v 0.129797 -0.037904 0.847131
v 0.129975 -0.033688 0.855201
v 0.125338 -0.030128 0.860233
v 0.134409 -0.036007 0.849320
v 0.133124 -0.031548 0.857155
v 0.127506 -0.028654 0.861579
v 0.138416 -0.033284 0.851807
v 0.135675 -0.028840 0.859268
v 0.129264 -0.026789 0.863034
v 0.141664 -0.029837 0.854497
v 0.137533 -0.025668 0.861460
v 0.130543 -0.024604 0.864544
v 0.144028 -0.025800 0.857286
v 0.138624 -0.022155 0.863645
v 0.131295 -0.022184 0.866049
v 0.145417 -0.021328 0.860067
v 0.138907 -0.018434 0.865739
v 0.131490 -0.019621 0.867492
v 0.145778 -0.016593 0.862733
v 0.138372 -0.014650 0.867663
v 0.131121 -0.017015 0.868817
v 0.145096 -0.011776 0.865181
v 0.137038 -0.010947 0.869343
v 0.130203 -0.014464 0.869974
v 0.143399 -0.007064 0.867319
v 0.149040 -0.002964 0.863979
v 0.140750 -0.002636 0.869063
v 0.145926 0.002243 0.866030
v 0.150285 0.006980 0.861731
v 0.141814 0.006915 0.867539
v 0.145716 0.012171 0.863408
v 0.136861 0.010872 0.868448
v 0.140213 0.016568 0.864418
v 0.131259 0.013962 0.868723
v 0.133988 0.020002 0.864724
v 0.125222 0.016068 0.868353
v 0.127280 0.022341 0.864312
v 0.118983 0.017106 0.867352
v 0.120348 0.023496 0.863200
v 0.112781 0.017039 0.865758
v 0.113456 0.023421 0.861430
v 0.106854 0.015868 0.863634
v 0.106870 0.022119 0.859069
v 0.101430 0.013638 0.861060
v 0.100844 0.019642 0.856209
v 0.096719 0.010435 0.858135
v 0.095609 0.016083 0.852959
v 0.092900 0.006383 0.854972
v 0.091365 0.011580 0.849445
v 0.090120 0.001636 0.851693
v 0.088277 0.006306 0.845801
v 0.088487 -0.003623 0.848423
v 0.086462 0.000463 0.842167
v 0.088063 -0.009191 0.845288
v 0.085991 -0.005724 0.838684
v 0.088864 -0.014854 0.842408
v 0.086881 -0.012017 0.835484
v 0.090860 -0.020396 0.839895
v 0.089099 -0.018175 0.832692
v 0.093974 -0.025603 0.837845
v 0.092559 -0.023961 0.830414
v 0.098086 -0.030275 0.836336
v 0.097128 -0.029152 0.828737
v 0.103039 -0.034232 0.835426
v 0.102631 -0.033549 0.827727
v 0.108641 -0.037323 0.835151
v 0.108856 -0.036983 0.827421
v 0.114678 -0.039428 0.835522
v 0.115564 -0.039322 0.827833
v 0.120917 -0.040467 0.836523
v 0.122497 -0.040476 0.828945
v 0.127119 -0.040399 0.838116
v 0.129388 -0.040401 0.830715
v 0.133046 -0.039228 0.840241
v 0.135974 -0.039100 0.833076
v 0.138470 -0.036998 0.842815
v 0.142000 -0.036622 0.835936
v 0.143181 -0.033796 0.845740
v 0.147235 -0.033064 0.839186
v 0.147000 -0.029743 0.848902
v 0.151479 -0.028561 0.842700
v 0.149780 -0.024996 0.852182
v 0.154567 -0.023286 0.846344
v 0.151413 -0.019738 0.855452
v 0.156382 -0.017443 0.849978
v 0.151837 -0.014170 0.858587
v 0.156853 -0.011256 0.853461
v 0.151036 -0.008506 0.861466
v 0.155963 -0.004963 0.856661
v 0.159687 -0.001285 0.850949
v 0.153745 0.001195 0.859453
v 0.157333 0.005252 0.853914
v 0.159666 0.009053 0.847574
v 0.153660 0.011394 0.856332
v 0.155921 0.015315 0.850040
v 0.148809 0.016905 0.858112
v 0.150976 0.020934 0.851855
v 0.142968 0.021573 0.859185
v 0.145020 0.025694 0.852948
v 0.136359 0.025218 0.859509
v 0.138282 0.029410 0.853279
v 0.129239 0.027702 0.859072
v 0.131021 0.031942 0.852834
v 0.121879 0.028927 0.857891
v 0.123517 0.033192 0.851630
v 0.114562 0.028847 0.856012
v 0.116058 0.033111 0.849713
v 0.107571 0.027466 0.853506
v 0.108930 0.031702 0.847158
v 0.101174 0.024836 0.850469
v 0.102407 0.029020 0.844062
v 0.095616 0.021058 0.847020
v 0.096740 0.025168 0.840545
v 0.091111 0.016277 0.843289
v 0.092147 0.020294 0.836741
v 0.087832 0.010678 0.839420
v 0.088804 0.014586 0.832797
v 0.085906 0.004476 0.835563
v 0.086840 0.008261 0.828864
v 0.085406 -0.002093 0.831865
v 0.086330 0.001564 0.825094
v 0.086351 -0.008773 0.828469
v 0.087294 -0.005247 0.821631
v 0.088706 -0.015310 0.825504
v 0.089694 -0.011912 0.818608
v 0.092379 -0.021452 0.823085
v 0.093439 -0.018175 0.816142
v 0.097229 -0.026963 0.821306
v 0.098385 -0.023793 0.814327
v 0.103071 -0.031631 0.820233
v 0.104341 -0.028553 0.813234
v 0.109679 -0.035277 0.819909
v 0.111079 -0.032270 0.812903
v 0.116800 -0.037760 0.820346
v 0.118339 -0.034801 0.813348
v 0.124160 -0.038985 0.821526
v 0.125843 -0.036051 0.814552
v 0.131476 -0.038906 0.823406
v 0.133303 -0.035970 0.816469
v 0.138467 -0.037524 0.825912
v 0.140431 -0.034561 0.819024
v 0.144865 -0.034894 0.828948
v 0.146954 -0.031880 0.822120
v 0.150423 -0.031116 0.832398
v 0.152620 -0.028028 0.825637
v 0.154927 -0.026336 0.836129
v 0.157214 -0.023154 0.829441
v 0.158206 -0.020736 0.839997
v 0.160556 -0.017445 0.833385
v 0.160133 -0.014534 0.843855
v 0.162521 -0.011120 0.837318
v 0.160633 -0.007966 0.847553
v 0.163031 -0.004424 0.841088
v 0.163955 -0.000767 0.834317
v 0.162067 0.002388 0.844551
v 0.163010 0.005914 0.837713
v 0.162479 0.009158 0.830698
v 0.160655 0.012451 0.840678
v 0.160261 0.015316 0.833490
v 0.156982 0.018593 0.843097
v 0.156802 0.021102 0.835768
v 0.152132 0.024104 0.844876
v 0.152232 0.026293 0.837445
v 0.146290 0.028772 0.845949
v 0.146730 0.030690 0.838455
v 0.139682 0.032417 0.846273
v 0.140505 0.034124 0.838761
v 0.132561 0.034901 0.845837
v 0.133797 0.036463 0.838349
v 0.125201 0.036126 0.844656
v 0.126864 0.037617 0.837237
v 0.117885 0.036046 0.842776
v 0.119973 0.037542 0.835467
v 0.110894 0.034665 0.840270
v 0.113387 0.036241 0.833106
v 0.104496 0.032035 0.837234
v 0.107361 0.033763 0.830246
v 0.098938 0.028257 0.833784
v 0.102125 0.030204 0.826996
v 0.094433 0.023477 0.830053
v 0.097882 0.025701 0.823482
v 0.091155 0.017877 0.826185
v 0.094793 0.020427 0.819838
v 0.089228 0.011675 0.822327
v 0.092979 0.014584 0.816204
v 0.088728 0.005106 0.818629
v 0.092508 0.008397 0.812721
v 0.089673 -0.001574 0.815233
v 0.093398 0.002104 0.809521
v 0.092028 -0.008111 0.812268
v 0.095616 -0.004054 0.806729
v 0.095701 -0.014253 0.809850
v 0.099076 -0.009839 0.804451
v 0.100551 -0.019764 0.808070
v 0.103645 -0.015030 0.802774
v 0.106393 -0.024432 0.806997
v 0.109148 -0.019427 0.801764
v 0.113001 -0.028078 0.806673
v 0.115373 -0.022861 0.801458
v 0.120122 -0.030561 0.807110
v 0.122080 -0.025201 0.801870
v 0.127482 -0.031786 0.808291
v 0.129013 -0.026355 0.802982
v 0.134798 -0.031707 0.810170
v 0.135905 -0.026280 0.804753
v 0.141789 -0.030325 0.812676
v 0.142490 -0.024979 0.807113
v 0.148187 -0.027695 0.815713
v 0.148517 -0.022501 0.809973
v 0.153745 -0.023917 0.819162
v 0.153752 -0.018942 0.813223
v 0.158250 -0.019137 0.822893
v 0.157995 -0.014439 0.816737
v 0.161528 -0.013537 0.826762
v 0.161084 -0.009165 0.820381
v 0.163455 -0.007335 0.830619
v 0.162899 -0.003322 0.824015
v 0.160874 0.000763 0.817759
v 0.163370 0.002865 0.827498
v 0.161298 0.006331 0.820894
v 0.157819 0.009500 0.814759
v 0.160496 0.011995 0.823774
v 0.157137 0.014316 0.817208
v 0.158500 0.017537 0.826287
v 0.155440 0.019029 0.819345
v 0.155387 0.022744 0.828337
v 0.152792 0.023457 0.821089
v 0.151274 0.027416 0.829846
v 0.149295 0.027430 0.822372
v 0.146322 0.031373 0.830756
v 0.145083 0.030796 0.823146
v 0.140720 0.034464 0.831031
v 0.140319 0.033424 0.823379
v 0.134683 0.036569 0.830660
v 0.135185 0.035214 0.823065
v 0.128444 0.037607 0.829659
v 0.129879 0.036098 0.822213
v 0.122241 0.037540 0.828066
v 0.124604 0.036040 0.820858
v 0.116315 0.036369 0.825941
v 0.119564 0.035044 0.819051
v 0.110891 0.034139 0.823367
v 0.114951 0.033148 0.816862
v 0.106179 0.030936 0.820442
v 0.110944 0.030425 0.814375
v 0.102360 0.026884 0.817280
v 0.107696 0.026978 0.811685
v 0.099581 0.022137 0.814000
v 0.105333 0.022941 0.808896
v 0.097948 0.016879 0.810730
v 0.103944 0.018469 0.806115
v 0.097524 0.011310 0.807595
v 0.103583 0.013734 0.803449
v 0.098325 0.005647 0.804716
v 0.104265 0.008917 0.801001
v 0.100321 0.000105 0.802203
v 0.105962 0.004204 0.798863
v 0.103435 -0.005102 0.800152
v 0.108610 -0.000224 0.797119
v 0.107547 -0.009774 0.798643
v 0.112107 -0.004197 0.795836
v 0.112499 -0.013731 0.797734
v 0.116319 -0.007562 0.795063
v 0.118101 -0.016822 0.797459
v 0.121083 -0.010190 0.794829
v 0.124138 -0.018927 0.797829
v 0.126217 -0.011981 0.795144
v 0.130378 -0.019966 0.798830
v 0.131523 -0.012864 0.795995
v 0.136580 -0.019898 0.800424
v 0.136798 -0.012807 0.797351
v 0.142507 -0.018727 0.802548
v 0.141838 -0.011811 0.799157
v 0.147930 -0.016497 0.805122
v 0.146451 -0.009914 0.801346
v 0.152642 -0.013295 0.808047
v 0.150458 -0.007191 0.803834
v 0.156461 -0.009242 0.811210
v 0.153705 -0.003744 0.806523
v 0.159241 -0.004495 0.814489
v 0.156069 0.000292 0.809312
v 0.151692 0.005014 0.805049
v 0.157458 0.004764 0.812093
v 0.152783 0.008528 0.807234
v 0.147027 0.011908 0.803369
v 0.153066 0.012248 0.809329
v 0.147223 0.014471 0.804811
v 0.152531 0.016032 0.811253
v 0.146854 0.017077 0.806137
v 0.151197 0.019735 0.812932
v 0.145935 0.019628 0.807293
v 0.149116 0.023215 0.814302
v 0.144502 0.022025 0.808237
v 0.146369 0.026336 0.815310
v 0.142609 0.024175 0.808932
v 0.143060 0.028980 0.815918
v 0.140330 0.025996 0.809350
v 0.139316 0.031045 0.816102
v 0.137752 0.027418 0.809477
v 0.135283 0.032452 0.815854
v 0.134973 0.028387 0.809306
v 0.131114 0.033146 0.815185
v 0.132102 0.028865 0.808845
v 0.126969 0.033101 0.814121
v 0.129247 0.028834 0.808112
v 0.123009 0.032318 0.812701
v 0.126519 0.028295 0.807134
v 0.119385 0.030829 0.810981
v 0.124023 0.027269 0.805950
v 0.116237 0.028689 0.809027
v 0.121854 0.025795 0.804603
v 0.113685 0.025981 0.806914
v 0.120097 0.023930 0.803148
v 0.111828 0.022809 0.804722
v 0.118817 0.021745 0.801638
v 0.110737 0.019295 0.802537
v 0.118066 0.019325 0.800133
v 0.110454 0.015575 0.800443
v 0.117871 0.016762 0.798690
v 0.110989 0.011790 0.798519
v 0.118239 0.014155 0.797365
v 0.112323 0.008087 0.796839
v 0.119158 0.011605 0.796209
v 0.114403 0.004608 0.795469
v 0.120591 0.009208 0.795265
v 0.117151 0.001487 0.794461
v 0.122484 0.007058 0.794570
v 0.120460 -0.001157 0.793853
v 0.124763 0.005237 0.794152
v 0.124203 -0.003222 0.793670
v 0.127342 0.003814 0.794025
v 0.128237 -0.004629 0.793917
v 0.130120 0.002846 0.794196
v 0.132406 -0.005323 0.794586
v 0.132992 0.002367 0.794656
v 0.136550 -0.005278 0.795651
v 0.135846 0.002399 0.795390
v 0.140510 -0.004496 0.797070
v 0.138574 0.002938 0.796368
v 0.144134 -0.003006 0.798790
v 0.141070 0.003964 0.797552
v 0.147283 -0.000866 0.800745
v 0.143239 0.005438 0.798898
v 0.149834 0.001842 0.802858
v 0.144997 0.007303 0.800354
v 0.139608 0.012258 0.799106
v 0.146276 0.009488 0.801863
v 0.140284 0.013413 0.799904
v 0.140682 0.014692 0.800700
v 0.133229 0.017095 0.799033
v 0.125265 0.017259 0.798227
v 0.138346 0.021178 0.803642
v 0.139346 0.020041 0.803274
v 0.140104 0.018774 0.802775
v 0.140590 0.017426 0.802164
v 0.140785 0.016047 0.801463
v 0.138678 0.011271 0.798337
v 0.137532 0.010492 0.797625
v 0.136212 0.009949 0.796999
v 0.134770 0.009664 0.796482
v 0.133260 0.009648 0.796094
v 0.131742 0.009901 0.795850
v 0.130273 0.010413 0.795760
v 0.128910 0.011165 0.795827
v 0.127704 0.012128 0.796048
v 0.126704 0.013265 0.796415
v 0.125946 0.014532 0.796914
v 0.125460 0.015881 0.797526
v 0.125368 0.018614 0.798990
v 0.125766 0.019894 0.799785
v 0.126442 0.021049 0.800583
v 0.127372 0.022035 0.801353
v 0.128518 0.022814 0.802065
v 0.129838 0.023357 0.802691
v 0.131280 0.023642 0.803208
v 0.132790 0.023658 0.803596
v 0.134308 0.023406 0.803840
v 0.135777 0.022893 0.803930
v 0.137140 0.022141 0.803863
v 0.123415 -0.017391 0.869268
v 0.128769 -0.012068 0.870917
v 0.122657 -0.016124 0.869767
v 0.116132 -0.019954 0.867149
v 0.121656 -0.014987 0.870134
v 0.120451 -0.014024 0.870355
v 0.119088 -0.013272 0.870422
v 0.117619 -0.012760 0.870332
v 0.116100 -0.012507 0.870088
v 0.114591 -0.012524 0.869700
v 0.113149 -0.012809 0.869184
v 0.111829 -0.013351 0.868557
v 0.110682 -0.014131 0.867845
v 0.109753 -0.015117 0.867076
v 0.109076 -0.016272 0.866278
v 0.108679 -0.017552 0.865482
v 0.108576 -0.018907 0.864719
v 0.108771 -0.020285 0.864018
v 0.109257 -0.021633 0.863407
v 0.110014 -0.022901 0.862908
v 0.111015 -0.024037 0.862541
v 0.112220 -0.025000 0.862319
v 0.113584 -0.025752 0.862252
v 0.115053 -0.026265 0.862342
v 0.116571 -0.026518 0.862586
v 0.118080 -0.026501 0.862974
v 0.119523 -0.026216 0.863491
v 0.120842 -0.025674 0.864117
v 0.121989 -0.024894 0.864829
v 0.122918 -0.023908 0.865599
v 0.123595 -0.022753 0.866397
v 0.123992 -0.021473 0.867192
v 0.124095 -0.020118 0.867955
v 0.123900 -0.018740 0.868656
v 0.133661 -0.005854 0.871265
v 0.129567 -0.007159 0.871853
v 0.134780 -0.001505 0.871217
v 0.130618 -0.002957 0.872077
v 0.126759 -0.004916 0.872368
v 0.131002 0.001515 0.871911
v 0.127075 -0.000591 0.872474
v 0.123583 -0.003164 0.872524
v 0.126727 0.003873 0.872120
v 0.123167 0.001153 0.872442
v 0.120161 -0.001970 0.872314
v 0.122121 0.005479 0.871838
v 0.119046 0.002208 0.871982
v 0.116623 -0.001381 0.871747
v 0.117361 0.006271 0.871074
v 0.114869 0.002534 0.871111
v 0.113107 -0.001419 0.870843
v 0.112629 0.006220 0.869858
v 0.110798 0.002118 0.869863
v 0.109747 -0.002083 0.869639
v 0.108107 0.005326 0.868237
v 0.106987 0.000977 0.868285
v 0.106672 -0.003347 0.868180
v 0.103969 0.003625 0.866273
v 0.103585 -0.000847 0.866439
v 0.104000 -0.005163 0.866521
v 0.100374 0.001182 0.864042
v 0.100721 -0.003283 0.864396
v 0.101835 -0.007461 0.864728
v 0.097460 -0.001910 0.861629
v 0.098506 -0.006237 0.862233
v 0.100260 -0.010152 0.862869
v 0.095339 -0.005532 0.859127
v 0.097025 -0.009595 0.860034
v 0.099334 -0.013133 0.861015
v 0.094093 -0.009544 0.856632
v 0.096334 -0.013230 0.857884
v 0.099093 -0.016290 0.859238
v 0.093770 -0.013793 0.854240
v 0.096461 -0.017001 0.855865
v 0.099548 -0.019501 0.857605
v 0.094381 -0.018114 0.852043
v 0.097400 -0.020762 0.854055
v 0.100679 -0.022643 0.856180
v 0.095904 -0.022342 0.850125
v 0.099115 -0.024371 0.852523
v 0.102445 -0.025595 0.855018
v 0.098280 -0.026315 0.848561
v 0.101541 -0.027687 0.851328
v 0.104776 -0.028244 0.854162
v 0.101417 -0.029879 0.847410
v 0.104584 -0.030584 0.850516
v 0.107584 -0.030487 0.853647
v 0.105196 -0.032899 0.846716
v 0.108127 -0.032950 0.850119
v 0.110760 -0.032239 0.853491
v 0.109470 -0.035257 0.846506
v 0.112034 -0.034694 0.850151
v 0.114182 -0.033433 0.853701
v 0.114076 -0.036863 0.846789
v 0.116156 -0.035749 0.850611
v 0.117720 -0.034022 0.854269
v 0.118836 -0.037655 0.847552
v 0.120332 -0.036075 0.851482
v 0.121236 -0.033983 0.855172
v 0.123569 -0.037604 0.848768
v 0.124404 -0.035660 0.852730
v 0.124596 -0.033319 0.856376
v 0.128091 -0.036710 0.850389
v 0.128214 -0.034518 0.854307
v 0.127671 -0.032055 0.857836
v 0.132229 -0.035009 0.852353
v 0.131617 -0.032694 0.856153
v 0.130342 -0.030240 0.859494
v 0.135824 -0.032565 0.854585
v 0.134481 -0.030259 0.858197
v 0.132507 -0.027942 0.861287
v 0.138737 -0.029473 0.856998
v 0.136696 -0.027305 0.860360
v 0.134083 -0.025251 0.863146
v 0.140858 -0.025852 0.859500
v 0.138177 -0.023946 0.862558
v 0.135009 -0.022270 0.865000
v 0.142104 -0.021840 0.861995
v 0.138868 -0.020311 0.864708
v 0.135249 -0.019113 0.866778
v 0.142428 -0.017591 0.864387
v 0.138741 -0.016541 0.866728
v 0.134795 -0.015902 0.868410
v 0.141816 -0.013270 0.866584
v 0.137802 -0.012779 0.868538
v 0.133664 -0.012760 0.869835
v 0.140293 -0.009042 0.868501
v 0.136087 -0.009171 0.870070
v 0.146323 -0.005031 0.865807
v 0.142188 -0.004803 0.868244
v 0.144371 -0.009396 0.866294
v 0.137918 -0.005069 0.870066
v 0.143428 -0.000190 0.867713
v 0.139100 -0.000582 0.869765
v 0.148219 0.004641 0.864030
v 0.143985 0.004657 0.866856
v 0.147616 -0.000306 0.865068
v 0.139605 0.004153 0.869116
v 0.143857 0.009596 0.865630
v 0.139431 0.008993 0.868071
v 0.135001 0.007832 0.869961
v 0.138604 0.013793 0.866594
v 0.134129 0.012534 0.868666
v 0.129793 0.010705 0.870216
v 0.132662 0.017071 0.866886
v 0.128281 0.015144 0.868618
v 0.124181 0.012662 0.869872
v 0.126259 0.019304 0.866493
v 0.122113 0.016724 0.867929
v 0.118380 0.013628 0.868942
v 0.119641 0.020406 0.865431
v 0.115862 0.017212 0.866626
v 0.112614 0.013565 0.867460
v 0.113062 0.020334 0.863741
v 0.109768 0.016589 0.864758
v 0.107104 0.012477 0.865485
v 0.106776 0.019092 0.861488
v 0.104066 0.014881 0.862397
v 0.102061 0.010404 0.863092
v 0.101023 0.016727 0.858758
v 0.098974 0.012151 0.859634
v 0.097681 0.007426 0.860373
v 0.096026 0.013330 0.855656
v 0.094688 0.008506 0.856576
v 0.094130 0.003658 0.857432
v 0.091975 0.009032 0.852301
v 0.091372 0.004085 0.853339
v 0.091546 -0.000755 0.854384
v 0.089027 0.003997 0.848822
v 0.089155 -0.000942 0.850049
v 0.090028 -0.005643 0.851344
v 0.087295 -0.001581 0.845354
v 0.088122 -0.006381 0.846831
v 0.089634 -0.010820 0.848429
v 0.086845 -0.007487 0.842029
v 0.088311 -0.012024 0.843809
v 0.090379 -0.016086 0.845752
v 0.087695 -0.013494 0.838975
v 0.089717 -0.017654 0.841100
v 0.092234 -0.021238 0.843415
v 0.089812 -0.019372 0.836309
v 0.092284 -0.023054 0.838807
v 0.095129 -0.026078 0.841509
v 0.093115 -0.024895 0.834134
v 0.095914 -0.028018 0.837018
v 0.098952 -0.030422 0.840106
v 0.097476 -0.029850 0.832534
v 0.100469 -0.032353 0.835803
v 0.103556 -0.034101 0.839261
v 0.102729 -0.034047 0.831569
v 0.105771 -0.035894 0.835208
v 0.108765 -0.036974 0.839005
v 0.108671 -0.037325 0.831278
v 0.111619 -0.038504 0.835256
v 0.114377 -0.038931 0.839350
v 0.115074 -0.039558 0.831670
v 0.117787 -0.040084 0.835945
v 0.120178 -0.039897 0.840280
v 0.121692 -0.040660 0.832732
v 0.124038 -0.040572 0.837249
v 0.125944 -0.039834 0.841762
v 0.128271 -0.040589 0.834422
v 0.130132 -0.039950 0.839117
v 0.131454 -0.038745 0.843737
v 0.134557 -0.039346 0.836676
v 0.135834 -0.038241 0.841478
v 0.136496 -0.036672 0.846130
v 0.140310 -0.036981 0.839406
v 0.140926 -0.035512 0.844240
v 0.140877 -0.033695 0.848849
v 0.145308 -0.033584 0.842508
v 0.145212 -0.031866 0.847299
v 0.144427 -0.029927 0.851789
v 0.149358 -0.029286 0.845863
v 0.148528 -0.027445 0.850535
v 0.147011 -0.025514 0.854838
v 0.152307 -0.024251 0.849341
v 0.150745 -0.022419 0.853826
v 0.148530 -0.020625 0.857878
v 0.154039 -0.018674 0.852810
v 0.151778 -0.016979 0.857044
v 0.148924 -0.015449 0.860793
v 0.154489 -0.012768 0.856135
v 0.151589 -0.011336 0.860066
v 0.148179 -0.010183 0.863470
v 0.153639 -0.006760 0.859189
v 0.150183 -0.005706 0.862775
v 0.157985 -0.003132 0.853905
v 0.155015 -0.001852 0.858115
v 0.156577 -0.008108 0.855104
v 0.151521 -0.000882 0.861855
v 0.155688 0.003246 0.856797
v 0.152163 0.004148 0.860662
v 0.158663 0.007194 0.850829
v 0.155654 0.008388 0.855198
v 0.158682 0.002018 0.852493
v 0.152104 0.009239 0.859157
v 0.154936 0.013426 0.853283
v 0.151371 0.014242 0.857307
v 0.150014 0.019018 0.855089
v 0.147372 0.014615 0.860894
v 0.145999 0.019356 0.858740
v 0.141672 0.019170 0.861940
v 0.144087 0.023754 0.856178
v 0.139744 0.023533 0.859442
v 0.135225 0.022727 0.862257
v 0.137382 0.027453 0.856507
v 0.132846 0.026612 0.859385
v 0.128277 0.025149 0.861831
v 0.130156 0.029973 0.856064
v 0.125571 0.028475 0.858573
v 0.121096 0.026345 0.860678
v 0.122688 0.031216 0.854865
v 0.118197 0.029051 0.857035
v 0.113958 0.026267 0.858845
v 0.115265 0.031136 0.852958
v 0.111009 0.028317 0.854832
v 0.107137 0.024919 0.856399
v 0.108171 0.029734 0.850415
v 0.104283 0.026302 0.852047
v 0.100895 0.022353 0.853437
v 0.101680 0.027065 0.847334
v 0.098276 0.023082 0.848788
v 0.095472 0.018667 0.850071
v 0.096040 0.023232 0.843834
v 0.093220 0.018782 0.845181
v 0.091076 0.014003 0.846431
v 0.091469 0.018381 0.840048
v 0.089310 0.013567 0.841363
v 0.087878 0.008540 0.842657
v 0.088143 0.012700 0.836123
v 0.086694 0.007638 0.837481
v 0.085998 0.002488 0.838893
v 0.086188 0.006406 0.832209
v 0.085475 0.001222 0.833685
v 0.085510 -0.003920 0.835285
v 0.085680 -0.000258 0.828457
v 0.085699 -0.005435 0.830121
v 0.086432 -0.010439 0.831971
v 0.086639 -0.007037 0.825011
v 0.087357 -0.012076 0.826925
v 0.088729 -0.016817 0.829079
v 0.089028 -0.013670 0.822003
v 0.090385 -0.018446 0.824220
v 0.092313 -0.022809 0.826719
v 0.092755 -0.019902 0.819549
v 0.094667 -0.024301 0.822111
v 0.097046 -0.028186 0.824982
v 0.097677 -0.025494 0.817743
v 0.100039 -0.029414 0.820678
v 0.102745 -0.032741 0.823936
v 0.103605 -0.030230 0.816654
v 0.106294 -0.033591 0.819976
v 0.109193 -0.036297 0.823619
v 0.110310 -0.033929 0.816325
v 0.113192 -0.036670 0.820032
v 0.116141 -0.038720 0.824046
v 0.117535 -0.036449 0.816768
v 0.120468 -0.038534 0.820845
v 0.123322 -0.039916 0.825198
v 0.125003 -0.037692 0.817967
v 0.127841 -0.039109 0.822383
v 0.130460 -0.039838 0.827032
v 0.132427 -0.037612 0.819874
v 0.135029 -0.038375 0.824586
v 0.137281 -0.038490 0.829477
v 0.139520 -0.036210 0.822417
v 0.141756 -0.036360 0.827371
v 0.143523 -0.035924 0.832439
v 0.146012 -0.033541 0.825498
v 0.147763 -0.033140 0.830630
v 0.148946 -0.032238 0.835805
v 0.151651 -0.029708 0.828998
v 0.152818 -0.028840 0.834237
v 0.153341 -0.027574 0.839445
v 0.156222 -0.024857 0.832784
v 0.156729 -0.023626 0.838055
v 0.156540 -0.022111 0.843220
v 0.159549 -0.019176 0.836709
v 0.159344 -0.017696 0.841937
v 0.158420 -0.016059 0.846983
v 0.161504 -0.012882 0.840623
v 0.160563 -0.011280 0.845733
v 0.158908 -0.009651 0.850591
v 0.162011 -0.006218 0.844375
v 0.160340 -0.004623 0.849297
v 0.163680 -0.002601 0.837725
v 0.162732 -0.001016 0.842867
v 0.162960 -0.007803 0.839233
v 0.161052 0.000561 0.847821
v 0.162721 0.004178 0.841171
v 0.161042 0.005755 0.846125
v 0.162928 0.007580 0.834211
v 0.162004 0.009217 0.839257
v 0.163662 0.002576 0.836061
v 0.160332 0.010811 0.844179
v 0.160631 0.013958 0.837103
v 0.158976 0.015587 0.841962
v 0.156605 0.017043 0.846634
v 0.157048 0.019950 0.839463
v 0.154693 0.021441 0.844071
v 0.151684 0.022635 0.848440
v 0.152315 0.025327 0.841200
v 0.149321 0.026555 0.845504
v 0.145756 0.027371 0.849528
v 0.146615 0.029881 0.842246
v 0.143066 0.030732 0.846206
v 0.139051 0.031070 0.849857
v 0.140168 0.033438 0.842563
v 0.136168 0.033811 0.846150
v 0.131825 0.033590 0.849414
v 0.133220 0.035861 0.842137
v 0.128893 0.035674 0.845337
v 0.124357 0.034833 0.848215
v 0.126039 0.037057 0.840984
v 0.121519 0.036250 0.843799
v 0.116934 0.034753 0.846308
v 0.118901 0.036979 0.839150
v 0.114331 0.035516 0.841596
v 0.109840 0.033351 0.843765
v 0.112080 0.035631 0.836705
v 0.107605 0.033501 0.838811
v 0.103349 0.030682 0.840685
v 0.105838 0.033065 0.833743
v 0.101598 0.030281 0.835552
v 0.097709 0.026849 0.837184
v 0.100415 0.029379 0.830377
v 0.096542 0.025981 0.831945
v 0.093138 0.021998 0.833399
v 0.096020 0.024715 0.826737
v 0.092632 0.020766 0.828127
v 0.089812 0.016317 0.829473
v 0.092821 0.019252 0.822963
v 0.090017 0.014837 0.824245
v 0.087857 0.010023 0.825559
v 0.090941 0.013200 0.819199
v 0.088797 0.008421 0.820449
v 0.087349 0.003359 0.821807
v 0.090453 0.006791 0.815591
v 0.089021 0.001764 0.816885
v 0.088309 -0.003420 0.818361
v 0.091375 0.000273 0.812277
v 0.090679 -0.004877 0.813689
v 0.090698 -0.010053 0.815353
v 0.093673 -0.006105 0.809385
v 0.093707 -0.011247 0.810984
v 0.094424 -0.016285 0.812899
v 0.097256 -0.012098 0.807025
v 0.097990 -0.017101 0.808875
v 0.099346 -0.021877 0.811093
v 0.101989 -0.017474 0.805288
v 0.103362 -0.022215 0.807442
v 0.105274 -0.026614 0.810004
v 0.107689 -0.022029 0.804242
v 0.109617 -0.026392 0.806740
v 0.111979 -0.030313 0.809675
v 0.114136 -0.025586 0.803925
v 0.116514 -0.029471 0.806797
v 0.119204 -0.032832 0.810118
v 0.121084 -0.028009 0.804351
v 0.123790 -0.031335 0.807609
v 0.126672 -0.034076 0.811317
v 0.128265 -0.029204 0.805504
v 0.131163 -0.031910 0.809147
v 0.134096 -0.033995 0.813224
v 0.135403 -0.029126 0.807337
v 0.138352 -0.031176 0.811350
v 0.141190 -0.032593 0.815767
v 0.142224 -0.027779 0.809783
v 0.145078 -0.029161 0.814135
v 0.147681 -0.029924 0.818848
v 0.148466 -0.025212 0.812745
v 0.151085 -0.025941 0.817394
v 0.153320 -0.026091 0.822348
v 0.153889 -0.021526 0.816111
v 0.156141 -0.021641 0.821002
v 0.157891 -0.021240 0.826134
v 0.158284 -0.016862 0.819751
v 0.160051 -0.016427 0.824819
v 0.161218 -0.015559 0.830059
v 0.161483 -0.011399 0.823525
v 0.162666 -0.010497 0.828701
v 0.163173 -0.009265 0.833973
v 0.163363 -0.005347 0.827289
v 0.163885 -0.004081 0.832497
v 0.162066 -0.001279 0.820828
v 0.163304 -0.000257 0.825784
v 0.162156 -0.006301 0.822208
v 0.163851 0.001061 0.830897
v 0.162516 0.004627 0.824153
v 0.163094 0.006013 0.829141
v 0.159727 0.007961 0.817753
v 0.161049 0.009165 0.822373
v 0.161239 0.003522 0.819351
v 0.161666 0.010635 0.827207
v 0.158982 0.013226 0.820430
v 0.159644 0.014795 0.825083
v 0.159549 0.016513 0.829873
v 0.157126 0.018379 0.822767
v 0.157077 0.020195 0.827375
v 0.156246 0.022036 0.832048
v 0.154231 0.023219 0.824673
v 0.153446 0.025158 0.829164
v 0.151884 0.026991 0.833648
v 0.150408 0.027563 0.826076
v 0.148892 0.029494 0.830379
v 0.146632 0.031188 0.834613
v 0.145804 0.031242 0.826921
v 0.143589 0.033035 0.830974
v 0.140689 0.034466 0.834904
v 0.140596 0.034115 0.827177
v 0.137742 0.035645 0.830926
v 0.134286 0.036699 0.834512
v 0.134984 0.036072 0.826832
v 0.131574 0.037225 0.830237
v 0.127668 0.037801 0.833450
v 0.129183 0.037038 0.825902
v 0.125323 0.037713 0.828933
v 0.121090 0.037729 0.831760
v 0.123417 0.036975 0.824420
v 0.119229 0.037090 0.827065
v 0.114803 0.036487 0.829506
v 0.117907 0.035886 0.822445
v 0.113526 0.035382 0.824705
v 0.109051 0.034122 0.826776
v 0.112864 0.033813 0.820052
v 0.108434 0.032652 0.821942
v 0.104053 0.030725 0.823674
v 0.108484 0.030836 0.817333
v 0.104148 0.029007 0.818883
v 0.100002 0.026427 0.820319
v 0.104933 0.027068 0.814393
v 0.100833 0.024586 0.815647
v 0.097054 0.021392 0.816841
v 0.102349 0.022655 0.811344
v 0.098616 0.019559 0.812356
v 0.095322 0.015814 0.813372
v 0.100831 0.017766 0.808304
v 0.097582 0.014120 0.809138
v 0.094872 0.009908 0.810047
v 0.100437 0.012590 0.805389
v 0.097772 0.008477 0.806116
v 0.095722 0.003901 0.806993
v 0.101182 0.007324 0.802712
v 0.099177 0.002847 0.803407
v 0.097839 -0.001977 0.804327
v 0.103037 0.002172 0.800376
v 0.101745 -0.002553 0.801114
v 0.101142 -0.007500 0.802153
v 0.105932 -0.002669 0.798469
v 0.105375 -0.007517 0.799326
v 0.105504 -0.012455 0.800552
v 0.109755 -0.007012 0.797066
v 0.109929 -0.011852 0.798111
v 0.110756 -0.016652 0.799588
v 0.114359 -0.010691 0.796221
v 0.115232 -0.015393 0.797516
v 0.116699 -0.019931 0.799296
v 0.119568 -0.013564 0.795966
v 0.121080 -0.018003 0.797564
v 0.123102 -0.022163 0.799689
v 0.125180 -0.015521 0.796310
v 0.127248 -0.019583 0.798253
v 0.129720 -0.023265 0.800751
v 0.130981 -0.016487 0.797240
v 0.133499 -0.020071 0.799556
v 0.136298 -0.023194 0.802441
v 0.136747 -0.016425 0.798722
v 0.139592 -0.019449 0.801424
v 0.142585 -0.021952 0.804694
v 0.142257 -0.015336 0.800697
v 0.145295 -0.017740 0.803785
v 0.148337 -0.019586 0.807424
v 0.147299 -0.013263 0.803090
v 0.150387 -0.015011 0.806548
v 0.153335 -0.016189 0.810526
v 0.151680 -0.010285 0.805809
v 0.154673 -0.011365 0.809606
v 0.157386 -0.011891 0.813881
v 0.155230 -0.006518 0.808750
v 0.157988 -0.006944 0.812843
v 0.160334 -0.006856 0.817360
v 0.157814 -0.002105 0.811798
v 0.160205 -0.001918 0.816133
v 0.154022 0.002673 0.807055
v 0.156890 0.002485 0.810711
v 0.155004 -0.001790 0.807912
v 0.159333 0.002784 0.814839
v 0.155268 0.006685 0.809550
v 0.157769 0.007110 0.813447
v 0.150027 0.010274 0.805167
v 0.153027 0.010371 0.808298
v 0.152336 0.006736 0.806148
v 0.155591 0.010933 0.811942
v 0.150267 0.013431 0.806944
v 0.152900 0.014141 0.810317
v 0.154980 0.015255 0.814139
v 0.149813 0.016642 0.808577
v 0.151961 0.017903 0.812127
v 0.153457 0.019483 0.816057
v 0.148682 0.019784 0.810002
v 0.150246 0.021512 0.813659
v 0.151081 0.023456 0.817621
v 0.146916 0.022736 0.811164
v 0.147820 0.024828 0.814854
v 0.147944 0.027020 0.818772
v 0.144585 0.025384 0.812020
v 0.144777 0.027725 0.815666
v 0.144165 0.030039 0.819466
v 0.141777 0.027628 0.812535
v 0.141234 0.030091 0.816064
v 0.139891 0.032397 0.819676
v 0.138601 0.029380 0.812691
v 0.137326 0.031835 0.816032
v 0.135285 0.034004 0.819393
v 0.135179 0.030574 0.812481
v 0.133205 0.032890 0.815571
v 0.130524 0.034796 0.818630
v 0.131641 0.031162 0.811913
v 0.129028 0.033216 0.814700
v 0.125792 0.034745 0.817414
v 0.128125 0.031124 0.811010
v 0.124957 0.032801 0.813452
v 0.121270 0.033851 0.815793
v 0.124765 0.030460 0.809806
v 0.121146 0.031659 0.811875
v 0.117132 0.032150 0.813829
v 0.121690 0.029196 0.808346
v 0.117744 0.029835 0.810029
v 0.113537 0.029706 0.811598
v 0.119019 0.027380 0.806688
v 0.114880 0.027399 0.807985
v 0.110623 0.026614 0.809184
v 0.116853 0.025083 0.804895
v 0.112665 0.024445 0.805822
v 0.108503 0.022993 0.806682
v 0.115278 0.022392 0.803036
v 0.111183 0.021087 0.803624
v 0.107256 0.018981 0.804187
v 0.114352 0.019410 0.801182
v 0.110493 0.017452 0.801474
v 0.106933 0.014732 0.801795
v 0.114111 0.016254 0.799405
v 0.110620 0.013682 0.799455
v 0.107544 0.010411 0.799599
v 0.114566 0.013043 0.797772
v 0.111559 0.009920 0.797644
v 0.109067 0.006183 0.797681
v 0.115697 0.009901 0.796347
v 0.113274 0.006311 0.796112
v 0.111443 0.002210 0.796116
v 0.117463 0.006949 0.795185
v 0.115700 0.002995 0.794917
v 0.114580 -0.001355 0.794965
v 0.119794 0.004300 0.794329
v 0.118743 0.000098 0.794105
v 0.118359 -0.004374 0.794271
v 0.122602 0.002057 0.793814
v 0.122286 -0.002268 0.793708
v 0.122633 -0.006732 0.794062
v 0.125778 0.000304 0.793658
v 0.126193 -0.004012 0.793740
v 0.127239 -0.008338 0.794344
v 0.129200 -0.000889 0.793868
v 0.130314 -0.005067 0.794200
v 0.132000 -0.009131 0.795108
v 0.132738 -0.001478 0.794435
v 0.134491 -0.005393 0.795071
v 0.136732 -0.009079 0.796324
v 0.136254 -0.001440 0.795339
v 0.138563 -0.004978 0.796319
v 0.141254 -0.008186 0.797945
v 0.139614 -0.000776 0.796543
v 0.142373 -0.003836 0.797897
v 0.145392 -0.006484 0.799909
v 0.142689 0.000488 0.798003
v 0.145776 -0.002012 0.799743
v 0.148987 -0.004041 0.802140
v 0.145360 0.002304 0.799661
v 0.148640 0.000423 0.801786
v 0.151901 -0.000949 0.804553
v 0.147525 0.004602 0.801454
v 0.150855 0.003377 0.803949
v 0.142301 0.009899 0.799570
v 0.145699 0.008360 0.801106
v 0.144174 0.006326 0.799616
v 0.149101 0.007293 0.803313
v 0.143274 0.011561 0.800718
v 0.146720 0.010674 0.802620
v 0.140586 0.014013 0.800315
v 0.140041 0.012779 0.799507
v 0.137435 0.014989 0.799417
v 0.128552 0.017263 0.798425
v 0.136288 0.019581 0.801627
v 0.136880 0.018909 0.801410
v 0.137328 0.018160 0.801115
v 0.137615 0.017362 0.800753
v 0.137731 0.016547 0.800339
v 0.137670 0.015745 0.799887
v 0.137034 0.014306 0.798945
v 0.136485 0.013722 0.798490
v 0.135807 0.013261 0.798069
v 0.135026 0.012940 0.797698
v 0.134173 0.012772 0.797392
v 0.133281 0.012762 0.797163
v 0.132382 0.012912 0.797019
v 0.131514 0.013215 0.796966
v 0.130707 0.013659 0.797005
v 0.129995 0.014229 0.797136
v 0.129403 0.014901 0.797353
v 0.128955 0.015651 0.797648
v 0.128667 0.016448 0.798010
v 0.128613 0.018065 0.798876
v 0.128848 0.018822 0.799346
v 0.129248 0.019505 0.799818
v 0.129798 0.020088 0.800274
v 0.130476 0.020549 0.800695
v 0.131257 0.020870 0.801065
v 0.132110 0.021038 0.801371
v 0.133002 0.021048 0.801600
v 0.133900 0.020899 0.801744
v 0.134769 0.020596 0.801797
v 0.135575 0.020151 0.801758
v 0.138750 0.024123 0.806415
v 0.136505 0.022596 0.803959
v 0.137807 0.021726 0.803813
v 0.136788 0.025205 0.806511
v 0.135069 0.023237 0.803947
v 0.134674 0.025942 0.806381
v 0.133555 0.023625 0.803778
v 0.132489 0.026306 0.806031
v 0.132020 0.023745 0.803458
v 0.130317 0.026282 0.805473
v 0.130523 0.023592 0.802999
v 0.128241 0.025872 0.804729
v 0.129123 0.023172 0.802419
v 0.126342 0.025091 0.803827
v 0.127872 0.022502 0.801741
v 0.124691 0.023970 0.802803
v 0.126820 0.021607 0.800990
v 0.123354 0.022551 0.801695
v 0.126006 0.020521 0.800195
v 0.122381 0.020888 0.800547
v 0.125462 0.019287 0.799387
v 0.121809 0.019047 0.799402
v 0.125208 0.017951 0.798597
v 0.121941 0.015113 0.797295
v 0.125599 0.015183 0.797190
v 0.125254 0.016565 0.797855
v 0.122640 0.013172 0.796415
v 0.126230 0.013857 0.796627
v 0.123730 0.011349 0.795697
v 0.127121 0.012638 0.796187
v 0.125170 0.009713 0.795169
v 0.128240 0.011573 0.795889
v 0.126905 0.008327 0.794850
v 0.129542 0.010704 0.795743
v 0.128867 0.007244 0.794754
v 0.130978 0.010063 0.795755
v 0.130981 0.006507 0.794884
v 0.132492 0.009675 0.795924
v 0.133166 0.006143 0.795234
v 0.134027 0.009555 0.796244
v 0.135338 0.006167 0.795792
v 0.135524 0.009708 0.796703
v 0.137414 0.006577 0.796536
v 0.136924 0.010128 0.797282
v 0.139313 0.007358 0.797438
v 0.138175 0.010798 0.797961
v 0.140963 0.008480 0.798462
v 0.139227 0.011693 0.798712
v 0.143995 0.015353 0.802961
v 0.140793 0.016734 0.801847
v 0.140839 0.015349 0.801105
v 0.143714 0.017336 0.803970
v 0.140448 0.018117 0.802512
v 0.143015 0.019277 0.804850
v 0.139817 0.019443 0.803075
v 0.141924 0.021101 0.805568
v 0.138926 0.020662 0.803514
v 0.140484 0.022737 0.806096
v 0.121660 0.017097 0.798304
v 0.143846 0.013403 0.801863
v 0.142201 0.004648 0.798208
v 0.139857 0.003392 0.796937
v 0.137233 0.002605 0.795850
v 0.134428 0.002319 0.794991
v 0.131551 0.002544 0.794391
v 0.128712 0.003271 0.794074
v 0.126021 0.004472 0.794052
v 0.123580 0.006102 0.794325
v 0.121484 0.008097 0.794885
v 0.119813 0.010381 0.795708
v 0.118632 0.012867 0.796763
v 0.117985 0.015458 0.798010
v 0.117898 0.018055 0.799401
v 0.118373 0.020559 0.800882
v 0.119394 0.022872 0.802396
v 0.120920 0.024907 0.803886
v 0.122892 0.026585 0.805294
v 0.125236 0.027841 0.806565
v 0.127861 0.028627 0.807652
v 0.130665 0.028914 0.808511
v 0.133542 0.028689 0.809111
v 0.136381 0.027962 0.809428
v 0.139072 0.026761 0.809450
v 0.141513 0.025131 0.809177
v 0.143609 0.023136 0.808617
v 0.145280 0.020851 0.807794
v 0.146461 0.018366 0.806739
v 0.147108 0.015775 0.805492
v 0.147196 0.013178 0.804101
v 0.152185 -0.005550 0.805160
v 0.148540 -0.008650 0.802559
v 0.144209 -0.010971 0.800209
v 0.139360 -0.012424 0.798202
v 0.134177 -0.012954 0.796613
v 0.128861 -0.012539 0.795504
v 0.123616 -0.011195 0.794918
v 0.118643 -0.008975 0.794878
v 0.114133 -0.005964 0.795384
v 0.110260 -0.002277 0.796417
v 0.107173 0.001944 0.797938
v 0.104990 0.006536 0.799888
v 0.103794 0.011324 0.802192
v 0.103633 0.016123 0.804762
v 0.104512 0.020749 0.807498
v 0.106398 0.025024 0.810297
v 0.109217 0.028784 0.813049
v 0.112862 0.031884 0.815650
v 0.117192 0.034205 0.818000
v 0.122042 0.035658 0.820007
v 0.127225 0.036187 0.821596
v 0.132541 0.035772 0.822704
v 0.137786 0.034429 0.823290
v 0.142759 0.032209 0.823331
v 0.147268 0.029198 0.822825
v 0.151141 0.025511 0.821792
v 0.154229 0.021290 0.820271
v 0.156412 0.016697 0.818321
v 0.157607 0.011910 0.816017
v 0.159692 -0.011886 0.818552
v 0.156009 -0.016799 0.814955
v 0.151246 -0.020849 0.811557
v 0.145588 -0.023882 0.808487
v 0.139252 -0.025780 0.805864
v 0.132481 -0.026472 0.803789
v 0.125535 -0.025929 0.802340
v 0.118682 -0.024174 0.801575
v 0.112184 -0.021274 0.801521
v 0.106292 -0.017339 0.802183
v 0.101232 -0.012522 0.803533
v 0.097198 -0.007007 0.805520
v 0.094345 -0.001007 0.808067
v 0.092784 0.005249 0.811078
v 0.092573 0.011519 0.814435
v 0.093721 0.017563 0.818011
v 0.096185 0.023149 0.821667
v 0.099869 0.028061 0.825264
v 0.104631 0.032111 0.828662
v 0.110289 0.035144 0.831732
v 0.116625 0.037043 0.834355
v 0.123397 0.037734 0.836430
v 0.130342 0.037192 0.837879
v 0.137195 0.035437 0.838644
v 0.143693 0.032536 0.838698
v 0.149585 0.028602 0.838037
v 0.154645 0.023784 0.836687
v 0.158679 0.018270 0.834700
v 0.161532 0.012269 0.832152
v 0.161717 -0.014345 0.835362
v 0.159050 -0.020390 0.831405
v 0.155063 -0.025707 0.827512
v 0.149908 -0.030091 0.823834
v 0.143784 -0.033374 0.820511
v 0.136926 -0.035429 0.817672
v 0.129597 -0.036177 0.815426
v 0.122079 -0.035591 0.813858
v 0.114661 -0.033691 0.813029
v 0.107628 -0.030551 0.812971
v 0.101250 -0.026293 0.813687
v 0.095773 -0.021079 0.815148
v 0.091407 -0.015109 0.817299
v 0.088319 -0.008614 0.820057
v 0.086629 -0.001843 0.823315
v 0.086401 0.004944 0.826949
v 0.087644 0.011486 0.830820
v 0.090310 0.017531 0.834777
v 0.094297 0.022848 0.838670
v 0.099452 0.027232 0.842348
v 0.105577 0.030515 0.845671
v 0.112435 0.032570 0.848510
v 0.119764 0.033318 0.850757
v 0.127282 0.032731 0.852324
v 0.134700 0.030832 0.853153
v 0.141733 0.027692 0.853211
v 0.148110 0.023433 0.852495
v 0.153588 0.018219 0.851034
v 0.157954 0.012250 0.848883
v 0.156788 -0.014378 0.851747
v 0.155639 -0.020422 0.848171
v 0.153176 -0.026008 0.844515
v 0.149492 -0.030920 0.840918
v 0.144730 -0.034970 0.837520
v 0.139072 -0.038003 0.834450
v 0.132735 -0.039902 0.831827
v 0.125964 -0.040593 0.829752
v 0.119019 -0.040051 0.828303
v 0.112165 -0.038296 0.827538
v 0.105668 -0.035395 0.827484
v 0.099775 -0.031461 0.828146
v 0.094715 -0.026644 0.829495
v 0.090681 -0.021129 0.831483
v 0.087829 -0.015128 0.834030
v 0.086267 -0.008873 0.837041
v 0.086056 -0.002602 0.840398
v 0.087205 0.003442 0.843974
v 0.089668 0.009027 0.847630
v 0.093352 0.013940 0.851227
v 0.098114 0.017990 0.854625
v 0.103772 0.021023 0.857695
v 0.110109 0.022921 0.860318
v 0.116880 0.023613 0.862393
v 0.123826 0.023070 0.863842
v 0.130679 0.021315 0.864607
v 0.137176 0.018415 0.864661
v 0.143069 0.014480 0.863999
v 0.148129 0.009663 0.862650
v 0.126721 -0.016031 0.869767
v 0.129547 -0.013241 0.870474
v 0.130729 -0.015726 0.869419
v 0.125630 -0.014208 0.870485
v 0.131898 -0.009808 0.870997
v 0.127876 -0.010956 0.871298
v 0.123131 -0.016716 0.869555
v 0.119958 -0.017760 0.868829
v 0.122239 -0.015497 0.869995
v 0.124190 -0.012572 0.871013
v 0.121121 -0.014433 0.870293
v 0.119366 -0.017088 0.869046
v 0.122456 -0.011186 0.871332
v 0.119819 -0.013563 0.870439
v 0.118653 -0.016519 0.869177
v 0.120494 -0.010104 0.871428
v 0.118383 -0.012922 0.870427
v 0.117847 -0.016074 0.869216
v 0.118380 -0.009366 0.871298
v 0.116868 -0.012534 0.870258
v 0.116978 -0.015771 0.869163
v 0.116195 -0.009003 0.870948
v 0.115333 -0.012414 0.869938
v 0.116080 -0.015621 0.869019
v 0.114023 -0.009026 0.870390
v 0.113837 -0.012567 0.869479
v 0.115188 -0.015631 0.868790
v 0.111947 -0.009436 0.869646
v 0.112437 -0.012987 0.868900
v 0.114335 -0.015800 0.868484
v 0.110048 -0.010217 0.868744
v 0.111186 -0.013657 0.868221
v 0.113554 -0.016120 0.868113
v 0.108397 -0.011339 0.867720
v 0.110134 -0.014552 0.867470
v 0.112876 -0.016581 0.867692
v 0.107060 -0.012758 0.866612
v 0.109320 -0.015638 0.866675
v 0.112326 -0.017165 0.867237
v 0.106087 -0.014420 0.865464
v 0.108775 -0.016872 0.865867
v 0.111926 -0.017848 0.866765
v 0.105515 -0.016262 0.864319
v 0.108521 -0.018208 0.865077
v 0.111691 -0.018605 0.866295
v 0.105366 -0.018212 0.863221
v 0.108568 -0.019594 0.864335
v 0.111630 -0.019406 0.865843
v 0.105647 -0.020196 0.862212
v 0.108913 -0.020976 0.863670
v 0.111745 -0.020221 0.865429
v 0.106346 -0.022136 0.861332
v 0.109543 -0.022302 0.863107
v 0.112033 -0.021019 0.865067
v 0.107436 -0.023960 0.860614
v 0.110435 -0.023521 0.862668
v 0.112481 -0.021768 0.864772
v 0.108876 -0.025596 0.860086
v 0.111553 -0.024586 0.862369
v 0.113073 -0.022441 0.864555
v 0.110611 -0.026982 0.859767
v 0.112855 -0.025455 0.862223
v 0.113785 -0.023010 0.864424
v 0.112573 -0.028064 0.859671
v 0.114291 -0.026096 0.862235
v 0.114592 -0.023455 0.864385
v 0.114687 -0.028801 0.859801
v 0.115806 -0.026484 0.862404
v 0.115461 -0.023758 0.864438
v 0.116872 -0.029165 0.860151
v 0.117341 -0.026604 0.862724
v 0.116359 -0.023907 0.864582
v 0.119044 -0.029142 0.860709
v 0.118837 -0.026451 0.863183
v 0.117251 -0.023898 0.864811
v 0.121120 -0.028731 0.861453
v 0.120238 -0.026031 0.863763
v 0.118104 -0.023729 0.865117
v 0.123019 -0.027951 0.862355
v 0.121488 -0.025361 0.864441
v 0.118885 -0.023408 0.865488
v 0.124669 -0.026829 0.863379
v 0.122541 -0.024466 0.865192
v 0.119563 -0.022947 0.865908
v 0.126007 -0.025410 0.864487
v 0.123355 -0.023380 0.865987
v 0.120113 -0.022364 0.866364
v 0.120513 -0.021681 0.866836
v 0.126980 -0.023747 0.865635
v 0.123899 -0.022146 0.866795
v 0.127552 -0.021906 0.866780
v 0.124153 -0.020810 0.867585
v 0.120748 -0.020924 0.867306
v 0.127701 -0.019956 0.867878
v 0.124106 -0.019425 0.868327
v 0.120809 -0.020123 0.867757
v 0.127420 -0.017972 0.868887
v 0.123761 -0.018042 0.868992
v 0.120693 -0.019307 0.868172
v 0.120406 -0.018510 0.868534
v 0.145566 -0.014183 0.863990
v 0.131376 -0.018317 0.868172
v 0.145727 -0.018983 0.861421
v 0.131463 -0.020914 0.866781
v 0.144848 -0.023608 0.858684
v 0.130987 -0.023418 0.865300
v 0.142963 -0.027883 0.855885
v 0.129967 -0.025732 0.863786
v 0.140144 -0.031643 0.853133
v 0.128441 -0.027766 0.862296
v 0.136499 -0.034743 0.850532
v 0.126468 -0.029444 0.860889
v 0.132168 -0.037064 0.848182
v 0.124125 -0.030700 0.859617
v 0.127319 -0.038517 0.846175
v 0.121500 -0.031487 0.858531
v 0.122136 -0.039047 0.844586
v 0.118695 -0.031773 0.857671
v 0.116820 -0.038631 0.843478
v 0.115818 -0.031548 0.857071
v 0.111575 -0.037288 0.842892
v 0.112980 -0.030821 0.856754
v 0.106602 -0.035068 0.842851
v 0.110288 -0.029620 0.856732
v 0.102092 -0.032057 0.843357
v 0.107848 -0.027990 0.857005
v 0.098219 -0.028370 0.844390
v 0.105752 -0.025995 0.857565
v 0.095132 -0.024149 0.845911
v 0.104081 -0.023711 0.858388
v 0.092948 -0.019557 0.847861
v 0.102899 -0.021225 0.859443
v 0.091753 -0.014769 0.850165
v 0.102252 -0.018634 0.860690
v 0.091592 -0.009970 0.852735
v 0.102165 -0.016037 0.862081
v 0.092471 -0.005344 0.855471
v 0.102641 -0.013533 0.863562
v 0.094356 -0.001069 0.858270
v 0.103661 -0.011220 0.865076
v 0.097176 0.002691 0.861022
v 0.105187 -0.009185 0.866566
v 0.100821 0.005791 0.863623
v 0.107160 -0.007507 0.867974
v 0.105151 0.008112 0.865973
v 0.109503 -0.006251 0.869245
v 0.110001 0.009565 0.867980
v 0.112128 -0.005465 0.870332
v 0.115183 0.010094 0.869569
v 0.114933 -0.005178 0.871191
v 0.120499 0.009679 0.870678
v 0.117810 -0.005403 0.871791
v 0.125745 0.008336 0.871264
v 0.120648 -0.006130 0.872108
v 0.130718 0.006116 0.871304
v 0.123340 -0.007331 0.872131
v 0.135227 0.003105 0.870798
v 0.125780 -0.008961 0.871857
v 0.130798 -0.008439 0.871466
v 0.136437 -0.003227 0.870696
v 0.128216 -0.005981 0.872155
v 0.132962 0.000081 0.871623
v 0.125210 -0.003974 0.872492
v 0.128917 0.002783 0.872077
v 0.121894 -0.002494 0.872465
v 0.124455 0.004774 0.872040
v 0.118398 -0.001598 0.872074
v 0.119749 0.005979 0.871515
v 0.114854 -0.001321 0.871335
v 0.114980 0.006352 0.870520
v 0.111399 -0.001674 0.870276
v 0.110330 0.005877 0.869095
v 0.108166 -0.002643 0.868938
v 0.105979 0.004573 0.867294
v 0.105279 -0.004190 0.867371
v 0.102094 0.002491 0.865186
v 0.102849 -0.006257 0.865637
v 0.098824 -0.000290 0.862852
v 0.100969 -0.008763 0.863802
v 0.096295 -0.003663 0.860383
v 0.099713 -0.011613 0.861937
v 0.094603 -0.007499 0.857872
v 0.099127 -0.014697 0.860112
v 0.093814 -0.011649 0.855417
v 0.099234 -0.017896 0.858399
v 0.093959 -0.015954 0.853111
v 0.100031 -0.021088 0.856863
v 0.095031 -0.020250 0.851044
v 0.101486 -0.024150 0.855563
v 0.096990 -0.024370 0.849295
v 0.103545 -0.026964 0.854550
v 0.099760 -0.028157 0.847930
v 0.106127 -0.029422 0.853861
v 0.103235 -0.031465 0.847003
v 0.109133 -0.031429 0.853523
v 0.107281 -0.034166 0.846550
v 0.112448 -0.032909 0.853551
v 0.111742 -0.036158 0.846586
v 0.115945 -0.033805 0.853941
v 0.116448 -0.037363 0.847112
v 0.119489 -0.034081 0.854680
v 0.121218 -0.037736 0.848106
v 0.122944 -0.033729 0.855739
v 0.125867 -0.037261 0.849532
v 0.126177 -0.032760 0.857078
v 0.130218 -0.035957 0.851333
v 0.129064 -0.031212 0.858644
v 0.134103 -0.033875 0.853441
v 0.131494 -0.029146 0.860378
v 0.137373 -0.031094 0.855774
v 0.133373 -0.026639 0.862213
v 0.139903 -0.027721 0.858244
v 0.134630 -0.023790 0.864078
v 0.141594 -0.023885 0.860754
v 0.135216 -0.020706 0.865903
v 0.142383 -0.019735 0.863209
v 0.135109 -0.017506 0.867616
v 0.142238 -0.015429 0.865515
v 0.134312 -0.014314 0.869152
v 0.141166 -0.011134 0.867582
v 0.132856 -0.011253 0.870452
v 0.139207 -0.007014 0.869332
v 0.147386 -0.007580 0.864687
v 0.145000 -0.002560 0.866818
v 0.141624 0.002054 0.868481
v 0.150011 0.001937 0.863009
v 0.146161 0.007202 0.864906
v 0.137390 0.006085 0.869610
v 0.141330 0.011800 0.866195
v 0.132461 0.009377 0.870164
v 0.135706 0.015556 0.866826
v 0.127024 0.011804 0.870119
v 0.129503 0.018325 0.866775
v 0.121290 0.013272 0.869478
v 0.122961 0.020000 0.866044
v 0.115478 0.013726 0.868267
v 0.116331 0.020518 0.864661
v 0.109813 0.013147 0.866530
v 0.109867 0.019858 0.862680
v 0.104511 0.011559 0.864335
v 0.103819 0.018045 0.860176
v 0.099777 0.009021 0.861767
v 0.098418 0.015150 0.857246
v 0.095793 0.005633 0.858923
v 0.093871 0.011284 0.854002
v 0.092711 0.001522 0.855914
v 0.090355 0.006595 0.850569
v 0.090649 -0.003151 0.852855
v 0.088004 0.001263 0.847079
v 0.089689 -0.008208 0.849863
v 0.086907 -0.004507 0.843665
v 0.089865 -0.013454 0.847054
v 0.087108 -0.010492 0.840460
v 0.091171 -0.018688 0.844535
v 0.088599 -0.016463 0.837587
v 0.093558 -0.023709 0.842404
v 0.091322 -0.022191 0.835154
v 0.096933 -0.028323 0.840741
v 0.095173 -0.027456 0.833258
v 0.101167 -0.032354 0.839612
v 0.100003 -0.032054 0.831969
v 0.106097 -0.035646 0.839058
v 0.105628 -0.035810 0.831338
v 0.111534 -0.038073 0.839103
v 0.111830 -0.038579 0.831389
v 0.117268 -0.039541 0.839743
v 0.118372 -0.040254 0.832120
v 0.123079 -0.039995 0.840955
v 0.125003 -0.040772 0.833502
v 0.128745 -0.039416 0.842692
v 0.131466 -0.040112 0.835484
v 0.134046 -0.037828 0.844887
v 0.137515 -0.038299 0.837987
v 0.138780 -0.035290 0.847455
v 0.142916 -0.035404 0.840918
v 0.142765 -0.031901 0.850299
v 0.147462 -0.031538 0.844162
v 0.145847 -0.027791 0.853308
v 0.150978 -0.026849 0.847595
v 0.147908 -0.023118 0.856367
v 0.153330 -0.021517 0.851085
v 0.148869 -0.018061 0.859359
v 0.154426 -0.015748 0.854498
v 0.148693 -0.012815 0.862168
v 0.154225 -0.009762 0.857703
v 0.152734 -0.003791 0.860577
v 0.158622 -0.006389 0.852293
v 0.157004 0.000090 0.855411
v 0.154049 0.006305 0.858050
v 0.160032 0.003912 0.849388
v 0.156959 0.010376 0.852132
v 0.149871 0.012017 0.860108
v 0.152614 0.016316 0.854272
v 0.147163 0.021505 0.855726
v 0.144630 0.017007 0.861507
v 0.138527 0.021082 0.862191
v 0.140816 0.025743 0.856439
v 0.131797 0.024086 0.862136
v 0.133817 0.028868 0.856381
v 0.124698 0.025904 0.861343
v 0.126435 0.030758 0.855557
v 0.117504 0.026466 0.859843
v 0.118953 0.031342 0.853996
v 0.110491 0.025750 0.857693
v 0.111659 0.030598 0.851761
v 0.103928 0.023783 0.854976
v 0.104834 0.028552 0.848935
v 0.098067 0.020642 0.851797
v 0.098739 0.025286 0.845628
v 0.093134 0.016447 0.848277
v 0.093609 0.020923 0.841968
v 0.089319 0.011359 0.844552
v 0.089641 0.015631 0.838094
v 0.086767 0.005573 0.840764
v 0.086988 0.009615 0.834155
v 0.085578 -0.000687 0.837061
v 0.085751 0.003104 0.830304
v 0.085796 -0.007181 0.833583
v 0.085978 -0.003650 0.826687
v 0.087413 -0.013661 0.830465
v 0.087660 -0.010388 0.823444
v 0.090368 -0.019876 0.827826
v 0.090733 -0.016852 0.820700
v 0.094546 -0.025588 0.825768
v 0.095078 -0.022792 0.818560
v 0.099788 -0.030578 0.824370
v 0.100529 -0.027981 0.817105
v 0.105891 -0.034653 0.823685
v 0.106876 -0.032219 0.816393
v 0.112621 -0.037657 0.823740
v 0.113875 -0.035344 0.816451
v 0.119719 -0.039475 0.824533
v 0.121257 -0.037234 0.817275
v 0.126913 -0.040037 0.826033
v 0.128738 -0.037818 0.818836
v 0.133927 -0.039321 0.828183
v 0.136032 -0.037074 0.821071
v 0.140490 -0.037354 0.830900
v 0.142858 -0.035029 0.823897
v 0.146350 -0.034213 0.834080
v 0.148952 -0.031762 0.827203
v 0.151283 -0.030018 0.837600
v 0.154082 -0.027399 0.830864
v 0.155099 -0.024930 0.841325
v 0.158050 -0.022107 0.834738
v 0.157650 -0.019144 0.845112
v 0.160704 -0.016091 0.838677
v 0.158840 -0.012884 0.848815
v 0.161941 -0.009580 0.842528
v 0.161714 -0.002826 0.846145
v 0.163610 -0.005964 0.835878
v 0.163383 0.000791 0.839495
v 0.161701 0.007529 0.842738
v 0.163565 0.004322 0.832599
v 0.161947 0.010802 0.835717
v 0.158628 0.013993 0.845482
v 0.158993 0.017017 0.838356
v 0.154283 0.019933 0.847622
v 0.154814 0.022729 0.840414
v 0.148832 0.025122 0.849077
v 0.149573 0.027719 0.841812
v 0.142485 0.029360 0.849789
v 0.143470 0.031794 0.842497
v 0.135486 0.032485 0.849731
v 0.136740 0.034798 0.842442
v 0.128104 0.034375 0.848907
v 0.129641 0.036616 0.841649
v 0.120622 0.034959 0.847346
v 0.122447 0.037178 0.840149
v 0.113328 0.034214 0.845111
v 0.115434 0.036462 0.837999
v 0.106503 0.032169 0.842285
v 0.108871 0.034495 0.835282
v 0.100408 0.028903 0.838979
v 0.103010 0.031354 0.832102
v 0.095278 0.024540 0.835318
v 0.098077 0.027159 0.828583
v 0.091310 0.019248 0.831444
v 0.094262 0.022071 0.824857
v 0.088657 0.013232 0.827506
v 0.091710 0.016285 0.821070
v 0.087420 0.006721 0.823654
v 0.090521 0.010025 0.817367
v 0.087647 -0.000033 0.820037
v 0.090739 0.003530 0.813889
v 0.089329 -0.006771 0.816794
v 0.092357 -0.002949 0.810771
v 0.092402 -0.013235 0.814050
v 0.095311 -0.009164 0.808132
v 0.096747 -0.019175 0.811910
v 0.099490 -0.014877 0.806074
v 0.102198 -0.024364 0.810456
v 0.104731 -0.019866 0.804676
v 0.108545 -0.028602 0.809743
v 0.110834 -0.023941 0.803991
v 0.115544 -0.031727 0.809801
v 0.117564 -0.026946 0.804046
v 0.122926 -0.033617 0.810625
v 0.124662 -0.028764 0.804839
v 0.130408 -0.034202 0.812186
v 0.131857 -0.029325 0.806339
v 0.137701 -0.033457 0.814421
v 0.138870 -0.028609 0.808489
v 0.144527 -0.031412 0.817247
v 0.145433 -0.026643 0.811206
v 0.150621 -0.028145 0.820554
v 0.151294 -0.023501 0.814385
v 0.155751 -0.023782 0.824214
v 0.156226 -0.019306 0.817905
v 0.159719 -0.018491 0.828088
v 0.160042 -0.014218 0.821630
v 0.162373 -0.012474 0.832027
v 0.162593 -0.008433 0.825418
v 0.163783 -0.002172 0.829121
v 0.161357 -0.004122 0.819103
v 0.162453 0.001647 0.822517
v 0.162252 0.007633 0.825722
v 0.159672 0.005349 0.816319
v 0.159496 0.010595 0.819128
v 0.160762 0.013604 0.828596
v 0.158189 0.015829 0.821647
v 0.158039 0.019332 0.831028
v 0.155803 0.020850 0.823778
v 0.154188 0.024597 0.832924
v 0.152427 0.025464 0.825441
v 0.149357 0.029195 0.834213
v 0.148193 0.029495 0.826571
v 0.143733 0.032951 0.834844
v 0.143263 0.032787 0.827124
v 0.137530 0.035720 0.834793
v 0.137827 0.035213 0.827079
v 0.130988 0.037395 0.834062
v 0.132093 0.036682 0.826439
v 0.124358 0.037913 0.832680
v 0.126281 0.037136 0.825227
v 0.117895 0.037253 0.830698
v 0.120616 0.036557 0.823490
v 0.111846 0.035440 0.828195
v 0.115314 0.034969 0.821295
v 0.106445 0.032545 0.825264
v 0.110580 0.032431 0.818727
v 0.101899 0.028679 0.822020
v 0.106596 0.029042 0.815884
v 0.098382 0.023990 0.818587
v 0.103513 0.024932 0.812874
v 0.096031 0.018658 0.815097
v 0.101452 0.020259 0.809815
v 0.094935 0.012888 0.811684
v 0.100491 0.015202 0.806823
v 0.095136 0.006903 0.808479
v 0.100668 0.009955 0.804014
v 0.096626 0.000931 0.805605
v 0.101974 0.004721 0.801495
v 0.099349 -0.004797 0.803173
v 0.104361 -0.000299 0.799364
v 0.103200 -0.010061 0.801276
v 0.107736 -0.004914 0.797701
v 0.108031 -0.014659 0.799987
v 0.111970 -0.008944 0.796572
v 0.113655 -0.018415 0.799356
v 0.116900 -0.012236 0.796018
v 0.119858 -0.021184 0.799407
v 0.122337 -0.014663 0.796063
v 0.126400 -0.022859 0.800138
v 0.128071 -0.016131 0.796704
v 0.133030 -0.023377 0.801521
v 0.133882 -0.016585 0.797915
v 0.139493 -0.022717 0.803502
v 0.139548 -0.016007 0.799652
v 0.145542 -0.020905 0.806006
v 0.144849 -0.014418 0.801847
v 0.150943 -0.018010 0.808936
v 0.149583 -0.011881 0.804415
v 0.155489 -0.014143 0.812180
v 0.153568 -0.008492 0.807259
v 0.159006 -0.009454 0.815613
v 0.156650 -0.004382 0.810268
v 0.158711 0.000292 0.813327
v 0.153066 0.000804 0.805799
v 0.154758 0.004640 0.808310
v 0.155546 0.008790 0.810765
v 0.149648 0.008754 0.804245
v 0.150234 0.011838 0.806070
v 0.155402 0.013095 0.813071
v 0.150127 0.015037 0.807783
v 0.154329 0.017391 0.815138
v 0.149330 0.018229 0.809319
v 0.152370 0.021511 0.816887
v 0.147874 0.021291 0.810619
v 0.149601 0.025298 0.818252
v 0.145816 0.024105 0.811633
v 0.146126 0.028606 0.819179
v 0.143234 0.026563 0.812321
v 0.142080 0.031307 0.819633
v 0.140228 0.028570 0.812659
v 0.137618 0.033299 0.819596
v 0.136912 0.030050 0.812631
v 0.132912 0.034504 0.819070
v 0.133416 0.030946 0.812241
v 0.128143 0.034877 0.818076
v 0.129872 0.031222 0.811502
v 0.123494 0.034402 0.816651
v 0.126417 0.030869 0.810443
v 0.119143 0.033098 0.814849
v 0.123184 0.029901 0.809104
v 0.115258 0.031016 0.812742
v 0.120297 0.028353 0.807538
v 0.111987 0.028234 0.810408
v 0.117867 0.026287 0.805804
v 0.109458 0.024861 0.807939
v 0.115987 0.023780 0.803969
v 0.107766 0.021026 0.805428
v 0.114731 0.020930 0.802104
v 0.106978 0.016876 0.802973
v 0.114145 0.017846 0.800279
v 0.107123 0.012570 0.800667
v 0.114252 0.014647 0.798566
v 0.108195 0.008275 0.798600
v 0.115049 0.011455 0.797030
v 0.110154 0.004154 0.796851
v 0.116504 0.008394 0.795730
v 0.112924 0.000368 0.795486
v 0.118563 0.005580 0.794716
v 0.116398 -0.002940 0.794559
v 0.121145 0.003122 0.794027
v 0.120444 -0.005642 0.794105
v 0.124151 0.001114 0.793690
v 0.124906 -0.007633 0.794142
v 0.127466 -0.000366 0.793717
v 0.129612 -0.008839 0.794667
v 0.130963 -0.001261 0.794108
v 0.134381 -0.009211 0.795662
v 0.134507 -0.001538 0.794847
v 0.139030 -0.008736 0.797087
v 0.137962 -0.001185 0.795906
v 0.143381 -0.007433 0.798888
v 0.141195 -0.000216 0.797244
v 0.147267 -0.005350 0.800996
v 0.144082 0.001331 0.798811
v 0.150537 -0.002569 0.803330
v 0.146512 0.003398 0.800545
v 0.148391 0.005904 0.802380
v 0.141681 0.009149 0.799008
v 0.142843 0.010699 0.800142
v 0.143620 0.012461 0.801295
v 0.138225 0.015087 0.799766
v 0.137858 0.014254 0.799221
v 0.127850 0.017744 0.798607
v 0.127882 0.016809 0.798106
v 0.136351 0.020291 0.802126
v 0.137105 0.019573 0.801925
v 0.137707 0.018751 0.801628
v 0.138132 0.017856 0.801248
v 0.138365 0.016923 0.800800
v 0.138396 0.015988 0.800299
v 0.137309 0.013522 0.798684
v 0.136599 0.012918 0.798178
v 0.135755 0.012466 0.797720
v 0.134810 0.012183 0.797329
v 0.133801 0.012080 0.797020
v 0.132765 0.012161 0.796804
v 0.131743 0.012422 0.796689
v 0.130774 0.012855 0.796682
v 0.129896 0.013441 0.796780
v 0.129141 0.014160 0.796981
v 0.128540 0.014982 0.797278
v 0.128115 0.015877 0.797657
v 0.128022 0.018645 0.799140
v 0.128389 0.019478 0.799685
v 0.128938 0.020211 0.800221
v 0.129648 0.020815 0.800728
v 0.130492 0.021267 0.801186
v 0.131437 0.021550 0.801577
v 0.132446 0.021653 0.801886
v 0.133482 0.021572 0.802102
v 0.134504 0.021310 0.802217
v 0.135472 0.020878 0.802224
v 0.139655 0.023470 0.806288
v 0.137797 0.024711 0.806497
v 0.135747 0.025626 0.806480
v 0.133585 0.026179 0.806238
v 0.131394 0.026351 0.805781
v 0.129259 0.026132 0.805127
v 0.127260 0.025534 0.804299
v 0.125475 0.024577 0.803331
v 0.123973 0.023299 0.802259
v 0.122811 0.021750 0.801125
v 0.122034 0.019988 0.799971
v 0.121672 0.018082 0.798844
v 0.121738 0.016104 0.797784
v 0.122231 0.014130 0.796835
v 0.123131 0.012238 0.796031
v 0.124403 0.010498 0.795404
v 0.125999 0.008979 0.794979
v 0.127858 0.007738 0.794770
v 0.129907 0.006823 0.794787
v 0.132069 0.006269 0.795028
v 0.134260 0.006098 0.795485
v 0.136396 0.006316 0.796140
v 0.138394 0.006915 0.796967
v 0.140179 0.007872 0.797936
v 0.143983 0.014367 0.802423
v 0.143916 0.016345 0.803482
v 0.143423 0.018318 0.804432
v 0.142524 0.020211 0.805236
v 0.141251 0.021950 0.805862
v 0.127130 -0.016990 0.869347
v 0.126230 -0.015097 0.870151
v 0.124958 -0.013357 0.870778
v 0.120821 -0.017841 0.868904
v 0.120219 -0.017019 0.869201
v 0.123362 -0.011838 0.871203
v 0.119465 -0.016301 0.869402
v 0.121503 -0.010597 0.871412
v 0.118586 -0.015714 0.869501
v 0.119453 -0.009682 0.871395
v 0.117617 -0.015281 0.869493
v 0.117292 -0.009128 0.871154
v 0.116596 -0.015020 0.869378
v 0.115101 -0.008957 0.870697
v 0.115560 -0.014939 0.869162
v 0.112965 -0.009175 0.870042
v 0.114550 -0.015042 0.868853
v 0.110966 -0.009774 0.869215
v 0.113606 -0.015325 0.868462
v 0.109182 -0.010731 0.868246
v 0.112762 -0.015777 0.868004
v 0.107679 -0.012008 0.867174
v 0.112052 -0.016381 0.867498
v 0.106517 -0.013558 0.866040
v 0.111503 -0.017114 0.866961
v 0.105740 -0.015320 0.864887
v 0.111135 -0.017946 0.866416
v 0.105378 -0.017226 0.863759
v 0.110964 -0.018848 0.865883
v 0.105445 -0.019204 0.862700
v 0.110996 -0.019782 0.865382
v 0.105937 -0.021177 0.861750
v 0.111228 -0.020715 0.864934
v 0.106837 -0.023070 0.860947
v 0.111654 -0.021610 0.864554
v 0.108109 -0.024810 0.860320
v 0.112255 -0.022432 0.864257
v 0.109706 -0.026329 0.859894
v 0.113010 -0.023150 0.864056
v 0.111564 -0.027570 0.859685
v 0.113888 -0.023737 0.863958
v 0.113614 -0.028485 0.859702
v 0.114857 -0.024169 0.863966
v 0.115775 -0.029039 0.859944
v 0.115879 -0.024431 0.864080
v 0.117966 -0.029210 0.860401
v 0.116915 -0.024512 0.864296
v 0.120102 -0.028992 0.861055
v 0.117924 -0.024409 0.864605
v 0.122101 -0.028393 0.861883
v 0.118869 -0.024126 0.864996
v 0.123886 -0.027436 0.862851
v 0.119712 -0.023674 0.865454
v 0.125388 -0.026159 0.863923
v 0.120423 -0.023070 0.865961
v 0.126550 -0.024609 0.865057
v 0.120972 -0.022337 0.866497
v 0.121339 -0.021505 0.867042
v 0.127327 -0.022847 0.866211
v 0.127689 -0.020941 0.867338
v 0.121510 -0.020603 0.867575
v 0.127622 -0.018963 0.868398
v 0.121479 -0.019668 0.868076
v 0.121246 -0.018736 0.868525
s 1
usemtl Solid.Seven
f 484 483 1
f 3 1475 484
f 1475 450 1321
f 483 1321 2
f 485 582 4
f 1 1476 485
f 1476 2 580
f 582 580 96
f 487 486 5
f 6 1477 487
f 1477 3 484
f 486 484 1
f 488 1473 7
f 5 1478 488
f 1478 1 485
f 1473 485 4
f 490 489 8
f 9 1479 490
f 1479 6 487
f 489 487 5
f 491 1471 10
f 8 1480 491
f 1480 5 488
f 1471 488 7
f 493 492 11
f 12 1481 493
f 1481 9 490
f 492 490 8
f 494 1469 13
f 11 1482 494
f 1482 8 491
f 1469 491 10
f 496 495 14
f 15 1483 496
f 1483 12 493
f 495 493 11
f 497 1467 16
f 14 1484 497
f 1484 11 494
f 1467 494 13
f 499 498 17
f 18 1485 499
f 1485 15 496
f 498 496 14
f 500 1465 19
f 17 1486 500
f 1486 14 497
f 1465 497 16
f 502 501 20
f 21 1487 502
f 1487 18 499
f 501 499 17
f 503 1463 22
f 20 1488 503
f 1488 17 500
f 1463 500 19
f 505 504 23
f 24 1489 505
f 1489 21 502
f 504 502 20
f 506 1461 25
f 23 1490 506
f 1490 20 503
f 1461 503 22
f 508 507 26
f 27 1491 508
f 1491 24 505
f 507 505 23
f 509 1459 28
f 26 1492 509
f 1492 23 506
f 1459 506 25
f 511 510 29
f 30 1493 511
f 1493 27 508
f 510 508 26
f 512 1457 31
f 29 1494 512
f 1494 26 509
f 1457 509 28
f 514 513 32
f 33 1495 514
f 1495 30 511
f 513 511 29
f 515 1455 34
f 32 1496 515
f 1496 29 512
f 1455 512 31
f 517 516 35
f 36 1497 517
f 1497 33 514
f 516 514 32
f 518 1453 37
f 35 1498 518
f 1498 32 515
f 1453 515 34
f 520 519 38
f 39 1499 520
f 1499 36 517
f 519 517 35
f 521 1451 40
f 38 1500 521
f 1500 35 518
f 1451 518 37
f 523 522 41
f 42 1501 523
f 1501 39 520
f 522 520 38
f 524 1449 43
f 41 1502 524
f 1502 38 521
f 1449 521 40
f 526 525 44
f 45 1503 526
f 1503 42 523
f 525 523 41
f 527 1447 46
f 44 1504 527
f 1504 41 524
f 1447 524 43
f 529 528 47
f 48 1505 529
f 1505 45 526
f 528 526 44
f 530 1445 49
f 47 1506 530
f 1506 44 527
f 1445 527 46
f 532 531 50
f 51 1507 532
f 1507 48 529
f 531 529 47
f 533 1443 52
f 50 1508 533
f 1508 47 530
f 1443 530 49
f 535 534 53
f 54 1509 535
f 1509 51 532
f 534 532 50
f 536 1441 55
f 53 1510 536
f 1510 50 533
f 1441 533 52
f 538 537 56
f 57 1511 538
f 1511 54 535
f 537 535 53
f 539 1439 58
f 56 1512 539
f 1512 53 536
f 1439 536 55
f 541 540 59
f 60 1513 541
f 1513 57 538
f 540 538 56
f 542 1437 61
f 59 1514 542
f 1514 56 539
f 1437 539 58
f 544 543 62
f 63 1515 544
f 1515 60 541
f 543 541 59
f 545 1435 64
f 62 1516 545
f 1516 59 542
f 1435 542 61
f 547 546 65
f 66 1517 547
f 1517 63 544
f 546 544 62
f 548 1433 67
f 65 1518 548
f 1518 62 545
f 1433 545 64
f 550 549 68
f 69 1519 550
f 1519 66 547
f 549 547 65
f 551 1431 70
f 68 1520 551
f 1520 65 548
f 1431 548 67
f 553 552 71
f 72 1521 553
f 1521 69 550
f 552 550 68
f 554 1429 73
f 71 1522 554
f 1522 68 551
f 1429 551 70
f 556 555 74
f 75 1523 556
f 1523 72 553
f 555 553 71
f 557 1427 76
f 74 1524 557
f 1524 71 554
f 1427 554 73
f 559 558 77
f 78 1525 559
f 1525 75 556
f 558 556 74
f 560 1425 79
f 77 1526 560
f 1526 74 557
f 1425 557 76
f 562 561 80
f 81 1527 562
f 1527 78 559
f 561 559 77
f 563 1423 82
f 80 1528 563
f 1528 77 560
f 1423 560 79
f 565 564 83
f 84 1529 565
f 1529 81 562
f 564 562 80
f 566 1421 85
f 83 1530 566
f 1530 80 563
f 1421 563 82
f 568 567 86
f 87 1531 568
f 1531 84 565
f 567 565 83
f 569 1419 88
f 86 1532 569
f 1532 83 566
f 1419 566 85
f 571 570 89
f 90 1533 571
f 1533 87 568
f 570 568 86
f 572 1417 91
f 89 1534 572
f 1534 86 569
f 1417 569 88
f 574 573 92
f 93 1535 574
f 1535 90 571
f 573 571 89
f 575 579 94
f 92 1536 575
f 1536 89 572
f 579 572 91
f 1321 576 2
f 450 1537 1321
f 1537 93 574
f 576 574 92
f 580 578 96
f 2 1538 580
f 1538 92 575
f 578 575 94
f 577 675 95
f 94 1539 577
f 1539 91 673
f 675 673 157
f 581 585 97
f 96 1540 581
f 1540 94 577
f 585 577 95
f 586 584 99
f 4 1541 586
f 1541 96 581
f 584 581 97
f 583 681 98
f 97 1542 583
f 1542 95 679
f 681 679 160
f 587 1316 100
f 99 1543 587
f 1543 97 583
f 1316 583 98
f 589 588 101
f 7 1544 589
f 1544 4 586
f 588 586 99
f 590 1315 102
f 101 1545 590
f 1545 99 587
f 1315 587 100
f 592 591 103
f 10 1546 592
f 1546 7 589
f 591 589 101
f 593 1314 104
f 103 1547 593
f 1547 101 590
f 1314 590 102
f 595 594 105
f 13 1548 595
f 1548 10 592
f 594 592 103
f 596 1313 106
f 105 1549 596
f 1549 103 593
f 1313 593 104
f 598 597 107
f 16 1550 598
f 1550 13 595
f 597 595 105
f 599 1312 108
f 107 1551 599
f 1551 105 596
f 1312 596 106
f 601 600 109
f 19 1552 601
f 1552 16 598
f 600 598 107
f 602 1311 110
f 109 1553 602
f 1553 107 599
f 1311 599 108
f 604 603 111
f 22 1554 604
f 1554 19 601
f 603 601 109
f 605 1310 112
f 111 1555 605
f 1555 109 602
f 1310 602 110
f 607 606 113
f 25 1556 607
f 1556 22 604
f 606 604 111
f 608 1309 114
f 113 1557 608
f 1557 111 605
f 1309 605 112
f 610 609 115
f 28 1558 610
f 1558 25 607
f 609 607 113
f 611 1308 116
f 115 1559 611
f 1559 113 608
f 1308 608 114
f 613 612 117
f 31 1560 613
f 1560 28 610
f 612 610 115
f 614 1307 118
f 117 1561 614
f 1561 115 611
f 1307 611 116
f 616 615 119
f 34 1562 616
f 1562 31 613
f 615 613 117
f 617 1306 120
f 119 1563 617
f 1563 117 614
f 1306 614 118
f 619 618 121
f 37 1564 619
f 1564 34 616
f 618 616 119
f 620 1305 122
f 121 1565 620
f 1565 119 617
f 1305 617 120
f 622 621 123
f 40 1566 622
f 1566 37 619
f 621 619 121
f 623 1304 124
f 123 1567 623
f 1567 121 620
f 1304 620 122
f 625 624 125
f 43 1568 625
f 1568 40 622
f 624 622 123
f 626 1303 126
f 125 1569 626
f 1569 123 623
f 1303 623 124
f 628 627 127
f 46 1570 628
f 1570 43 625
f 627 625 125
f 629 1302 128
f 127 1571 629
f 1571 125 626
f 1302 626 126
f 631 630 129
f 49 1572 631
f 1572 46 628
f 630 628 127
f 632 1301 130
f 129 1573 632
f 1573 127 629
f 1301 629 128
f 634 633 131
f 52 1574 634
f 1574 49 631
f 633 631 129
f 635 1300 132
f 131 1575 635
f 1575 129 632
f 1300 632 130
f 637 636 133
f 55 1576 637
f 1576 52 634
f 636 634 131
f 638 1299 134
f 133 1577 638
f 1577 131 635
f 1299 635 132
f 640 639 135
f 58 1578 640
f 1578 55 637
f 639 637 133
f 641 1298 136
f 135 1579 641
f 1579 133 638
f 1298 638 134
f 643 642 137
f 61 1580 643
f 1580 58 640
f 642 640 135
f 644 1297 138
f 137 1581 644
f 1581 135 641
f 1297 641 136
f 646 645 139
f 64 1582 646
f 1582 61 643
f 645 643 137
f 647 1296 140
f 139 1583 647
f 1583 137 644
f 1296 644 138
f 649 648 141
f 67 1584 649
f 1584 64 646
f 648 646 139
f 650 1295 142
f 141 1585 650
f 1585 139 647
f 1295 647 140
f 652 651 143
f 70 1586 652
f 1586 67 649
f 651 649 141
f 653 1294 144
f 143 1587 653
f 1587 141 650
f 1294 650 142
f 655 654 145
f 73 1588 655
f 1588 70 652
f 654 652 143
f 656 1293 146
f 145 1589 656
f 1589 143 653
f 1293 653 144
f 658 657 147
f 76 1590 658
f 1590 73 655
f 657 655 145
f 659 1292 148
f 147 1591 659
f 1591 145 656
f 1292 656 146
f 661 660 149
f 79 1592 661
f 1592 76 658
f 660 658 147
f 662 1291 150
f 149 1593 662
f 1593 147 659
f 1291 659 148
f 664 663 151
f 82 1594 664
f 1594 79 661
f 663 661 149
f 665 1290 152
f 151 1595 665
f 1595 149 662
f 1290 662 150
f 667 666 153
f 85 1596 667
f 1596 82 664
f 666 664 151
f 668 1289 154
f 153 1597 668
f 1597 151 665
f 1289 665 152
f 670 669 155
f 88 1598 670
f 1598 85 667
f 669 667 153
f 671 1288 156
f 155 1599 671
f 1599 153 668
f 1288 668 154
f 673 672 157
f 91 1600 673
f 1600 88 670
f 672 670 155
f 674 678 158
f 157 1601 674
f 1601 155 671
f 678 671 156
f 679 677 160
f 95 1602 679
f 1602 157 674
f 677 674 158
f 676 774 159
f 158 1603 676
f 1603 156 772
f 774 772 221
f 680 684 161
f 160 1604 680
f 1604 158 676
f 684 676 159
f 685 683 163
f 98 1605 685
f 1605 160 680
f 683 680 161
f 682 780 162
f 161 1606 682
f 1606 159 778
f 780 778 224
f 686 1287 164
f 163 1607 686
f 1607 161 682
f 1287 682 162
f 689 687 165
f 100 1608 689
f 1608 98 685
f 687 685 163
f 688 1286 166
f 165 1609 688
f 1609 163 686
f 1609 164 1286
f 692 1285 168
f 167 1610 692
f 1610 165 688
f 1610 166 1285
f 691 690 167
f 102 1611 691
f 1611 100 689
f 690 689 165
f 694 693 169
f 104 1612 694
f 1612 102 691
f 693 691 167
f 695 1284 170
f 169 1613 695
f 1613 167 692
f 1284 692 168
f 697 696 171
f 106 1614 697
f 1614 104 694
f 696 694 169
f 172 1615 1283
f 171 1615 698
f 1615 169 695
f 1283 695 170
f 700 699 173
f 108 1616 700
f 1616 106 697
f 699 697 171
f 174 1617 1282
f 173 1617 701
f 1617 171 698
f 1282 698 172
f 703 702 175
f 110 1618 703
f 1618 108 700
f 702 700 173
f 704 1281 176
f 175 1619 704
f 1619 173 701
f 1281 701 174
f 706 705 177
f 112 1620 706
f 1620 110 703
f 705 703 175
f 707 1280 178
f 177 1621 707
f 1621 175 704
f 1280 704 176
f 709 708 179
f 114 1622 709
f 1622 112 706
f 708 706 177
f 710 1279 180
f 179 1623 710
f 1623 177 707
f 1279 707 178
f 712 711 181
f 116 1624 712
f 1624 114 709
f 711 709 179
f 713 1278 182
f 181 1625 713
f 1625 179 710
f 1278 710 180
f 715 714 183
f 118 1626 715
f 1626 116 712
f 714 712 181
f 716 1277 184
f 183 1627 716
f 1627 181 713
f 1277 713 182
f 718 717 185
f 120 1628 718
f 1628 118 715
f 717 715 183
f 719 1276 186
f 185 1629 719
f 1629 183 716
f 1276 716 184
f 721 720 187
f 122 1630 721
f 1630 120 718
f 720 718 185
f 722 1275 188
f 187 1631 722
f 1631 185 719
f 1275 719 186
f 724 723 189
f 124 1632 724
f 1632 122 721
f 723 721 187
f 725 1274 190
f 189 1633 725
f 1633 187 722
f 1274 722 188
f 727 726 191
f 126 1634 727
f 1634 124 724
f 726 724 189
f 728 1273 192
f 191 1635 728
f 1635 189 725
f 1273 725 190
f 730 729 193
f 128 1636 730
f 1636 126 727
f 729 727 191
f 731 1272 194
f 193 1637 731
f 1637 191 728
f 1272 728 192
f 733 732 195
f 130 1638 733
f 1638 128 730
f 732 730 193
f 734 1271 196
f 195 1639 734
f 1639 193 731
f 1271 731 194
f 736 735 197
f 132 1640 736
f 1640 130 733
f 735 733 195
f 737 1270 198
f 197 1641 737
f 1641 195 734
f 1270 734 196
f 739 738 199
f 134 1642 739
f 1642 132 736
f 738 736 197
f 740 1269 200
f 199 1643 740
f 1643 197 737
f 1643 198 1269
f 742 741 201
f 136 1644 742
f 1644 134 739
f 741 739 199
f 743 1268 202
f 201 1645 743
f 1645 199 740
f 1268 740 200
f 745 744 203
f 138 1646 745
f 1646 136 742
f 744 742 201
f 204 1647 1267
f 203 1647 746
f 1647 201 743
f 1267 743 202
f 748 747 205
f 140 1648 748
f 1648 138 745
f 747 745 203
f 749 1266 206
f 205 1649 749
f 1649 203 746
f 1266 746 204
f 751 750 207
f 142 1650 751
f 1650 140 748
f 750 748 205
f 752 1265 208
f 207 1651 752
f 1651 205 749
f 1265 749 206
f 754 753 209
f 144 1652 754
f 1652 142 751
f 753 751 207
f 755 1264 210
f 209 1653 755
f 1653 207 752
f 1653 208 1264
f 757 756 211
f 146 1654 757
f 1654 144 754
f 756 754 209
f 212 1655 1263
f 211 1655 758
f 1655 209 755
f 1263 755 210
f 760 759 213
f 148 1656 760
f 1656 146 757
f 759 757 211
f 761 1262 214
f 213 1657 761
f 1657 211 758
f 1262 758 212
f 763 762 215
f 150 1658 763
f 1658 148 760
f 762 760 213
f 764 1261 216
f 215 1659 764
f 1659 213 761
f 1659 214 1261
f 766 765 217
f 152 1660 766
f 1660 150 763
f 765 763 215
f 767 1260 218
f 217 1661 767
f 1661 215 764
f 1260 764 216
f 769 768 219
f 154 1662 769
f 1662 152 766
f 768 766 217
f 770 1259 220
f 219 1663 770
f 1663 217 767
f 1259 767 218
f 772 771 221
f 156 1664 772
f 1664 154 769
f 771 769 219
f 773 777 222
f 221 1665 773
f 1665 219 770
f 777 770 220
f 778 776 224
f 159 1666 778
f 1666 221 773
f 776 773 222
f 223 1667 873
f 775 777 1667
f 777 871 1667
f 1667 285 873
f 225 1668 783
f 779 776 1668
f 776 775 1668
f 1668 223 783
f 227 1669 782
f 784 780 1669
f 780 779 1669
f 1669 225 782
f 226 1670 879
f 781 783 1670
f 783 877 1670
f 1670 288 879
f 228 1671 1258
f 785 782 1671
f 782 781 1671
f 1671 226 1258
f 229 1672 786
f 787 1287 1672
f 1287 784 1672
f 1672 227 786
f 230 1673 1257
f 788 786 1673
f 786 785 1673
f 1673 228 1257
f 231 1674 789
f 790 1286 1674
f 1286 787 1674
f 1674 229 789
f 232 1675 1256
f 791 789 1675
f 789 788 1675
f 1675 230 1256
f 233 1676 792
f 793 1285 1676
f 1285 790 1676
f 1676 231 792
f 234 1677 1255
f 794 792 1677
f 792 791 1677
f 1677 232 1255
f 235 1678 795
f 796 1284 1678
f 1284 793 1678
f 1678 233 795
f 236 1679 1254
f 797 795 1679
f 795 794 1679
f 1679 234 1254
f 237 1680 798
f 172 1680 799
f 1283 796 1680
f 1680 235 798
f 238 1681 1253
f 800 798 1681
f 798 797 1681
f 1681 236 1253
f 239 1682 801
f 174 1682 802
f 1282 799 1682
f 1682 237 801
f 240 1683 1252
f 803 801 1683
f 801 800 1683
f 1683 238 1252
f 241 1684 804
f 176 1684 805
f 1281 802 1684
f 1684 239 804
f 242 1685 1251
f 806 804 1685
f 804 803 1685
f 1685 240 1251
f 243 1686 807
f 808 1280 1686
f 1280 805 1686
f 1686 241 807
f 244 1687 1250
f 809 807 1687
f 807 806 1687
f 1687 242 1250
f 245 1688 810
f 811 1279 1688
f 1279 808 1688
f 1688 243 810
f 246 1689 1249
f 812 810 1689
f 810 809 1689
f 1689 244 1249
f 247 1690 813
f 814 1278 1690
f 1278 811 1690
f 1690 245 813
f 248 1691 1248
f 815 813 1691
f 813 812 1691
f 1691 246 1248
f 249 1692 816
f 817 1277 1692
f 1277 814 1692
f 1692 247 816
f 250 1693 1247
f 818 816 1693
f 816 815 1693
f 1693 248 1247
f 251 1694 819
f 820 1276 1694
f 1276 817 1694
f 1694 249 819
f 252 1695 1246
f 821 819 1695
f 819 818 1695
f 1695 250 1246
f 253 1696 822
f 823 1275 1696
f 1275 820 1696
f 1696 251 822
f 254 1697 1245
f 824 822 1697
f 822 821 1697
f 1697 252 1245
f 255 1698 825
f 826 1274 1698
f 1274 823 1698
f 1698 253 825
f 256 1699 1244
f 827 825 1699
f 825 824 1699
f 1699 254 1244
f 257 1700 828
f 829 1273 1700
f 1273 826 1700
f 1700 255 828
f 258 1701 1243
f 830 828 1701
f 828 827 1701
f 1701 256 1243
f 259 1702 831
f 832 1272 1702
f 1272 829 1702
f 1702 257 831
f 260 1703 1242
f 833 831 1703
f 831 830 1703
f 1703 258 1242
f 261 1704 834
f 835 1271 1704
f 1271 832 1704
f 1704 259 834
f 262 1705 1241
f 836 834 1705
f 834 833 1705
f 1705 260 1241
f 263 1706 837
f 838 1270 1706
f 1270 835 1706
f 1706 261 837
f 264 1707 1240
f 839 837 1707
f 837 836 1707
f 1707 262 1240
f 265 1708 840
f 841 1269 1708
f 1269 838 1708
f 1708 263 840
f 266 1709 1239
f 842 840 1709
f 840 839 1709
f 1709 264 1239
f 267 1710 843
f 844 1268 1710
f 1268 841 1710
f 1710 265 843
f 268 1711 1238
f 845 843 1711
f 843 842 1711
f 1711 266 1238
f 269 1712 846
f 847 1267 1712
f 1267 844 1712
f 1712 267 846
f 270 1713 1237
f 848 846 1713
f 846 845 1713
f 1713 268 1237
f 271 1714 849
f 206 1714 850
f 1266 847 1714
f 1714 269 849
f 272 1715 1236
f 851 849 1715
f 849 848 1715
f 1715 270 1236
f 273 1716 852
f 853 1265 1716
f 1265 850 1716
f 1716 271 852
f 274 1717 1235
f 854 852 1717
f 852 851 1717
f 1717 272 1235
f 275 1718 855
f 856 1264 1718
f 1718 208 853
f 1718 273 855
f 276 1719 1234
f 857 855 1719
f 855 854 1719
f 1719 274 1234
f 277 1720 858
f 859 1263 1720
f 1263 856 1720
f 1720 275 858
f 278 1721 1233
f 860 858 1721
f 858 857 1721
f 1721 276 1233
f 279 1722 861
f 862 1262 1722
f 1262 859 1722
f 1722 277 861
f 280 1723 1232
f 863 861 1723
f 861 860 1723
f 1723 278 1232
f 281 1724 864
f 216 1724 865
f 1261 862 1724
f 1724 279 864
f 282 1725 1231
f 866 864 1725
f 864 863 1725
f 1725 280 1231
f 283 1726 867
f 868 1260 1726
f 1260 865 1726
f 1726 281 867
f 284 1727 1230
f 869 867 1727
f 867 866 1727
f 1727 282 1230
f 285 1728 870
f 871 1259 1728
f 1259 868 1728
f 1728 283 870
f 286 1729 876
f 872 870 1729
f 870 869 1729
f 1729 284 876
f 288 1730 875
f 877 873 1730
f 873 872 1730
f 1730 286 875
f 287 1731 972
f 874 876 1731
f 876 970 1731
f 1731 349 972
f 289 1732 882
f 878 875 1732
f 875 874 1732
f 1732 287 882
f 291 1733 881
f 883 879 1733
f 879 878 1733
f 1733 289 881
f 290 1734 978
f 880 882 1734
f 882 976 1734
f 1734 352 978
f 292 1735 1229
f 884 881 1735
f 881 880 1735
f 1735 290 1229
f 293 1736 885
f 886 1258 1736
f 1258 883 1736
f 1736 291 885
f 294 1737 1228
f 887 885 1737
f 885 884 1737
f 1737 292 1228
f 295 1738 888
f 889 1257 1738
f 1257 886 1738
f 1738 293 888
f 296 1739 1227
f 890 888 1739
f 888 887 1739
f 1739 294 1227
f 297 1740 891
f 892 1256 1740
f 1256 889 1740
f 1740 295 891
f 298 1741 1226
f 893 891 1741
f 891 890 1741
f 1741 296 1226
f 299 1742 894
f 895 1255 1742
f 1255 892 1742
f 1742 297 894
f 300 1743 1225
f 896 894 1743
f 894 893 1743
f 1743 298 1225
f 301 1744 897
f 898 1254 1744
f 1254 895 1744
f 1744 299 897
f 302 1745 1224
f 899 897 1745
f 897 896 1745
f 1745 300 1224
f 303 1746 900
f 901 1253 1746
f 1253 898 1746
f 1746 301 900
f 304 1747 1223
f 902 900 1747
f 900 899 1747
f 1747 302 1223
f 305 1748 903
f 904 1252 1748
f 1252 901 1748
f 1748 303 903
f 306 1749 1222
f 905 903 1749
f 903 902 1749
f 1749 304 1222
f 307 1750 906
f 907 1251 1750
f 1251 904 1750
f 1750 305 906
f 308 1751 1221
f 908 906 1751
f 906 905 1751
f 1751 306 1221
f 309 1752 909
f 910 1250 1752
f 1250 907 1752
f 1752 307 909
f 310 1753 1220
f 911 909 1753
f 909 908 1753
f 1753 308 1220
f 311 1754 912
f 913 1249 1754
f 1249 910 1754
f 1754 309 912
f 312 1755 1219
f 914 912 1755
f 912 911 1755
f 1755 310 1219
f 313 1756 915
f 916 1248 1756
f 1248 913 1756
f 1756 311 915
f 314 1757 1218
f 917 915 1757
f 915 914 1757
f 1757 312 1218
f 315 1758 918
f 919 1247 1758
f 1247 916 1758
f 1758 313 918
f 316 1759 1217
f 920 918 1759
f 918 917 1759
f 1759 314 1217
f 317 1760 921
f 922 1246 1760
f 1246 919 1760
f 1760 315 921
f 318 1761 1216
f 923 921 1761
f 921 920 1761
f 1761 316 1216
f 319 1762 924
f 925 1245 1762
f 1245 922 1762
f 1762 317 924
f 320 1763 1215
f 926 924 1763
f 924 923 1763
f 1763 318 1215
f 321 1764 927
f 928 1244 1764
f 1244 925 1764
f 1764 319 927
f 322 1765 1214
f 929 927 1765
f 927 926 1765
f 1765 320 1214
f 323 1766 930
f 931 1243 1766
f 1243 928 1766
f 1766 321 930
f 324 1767 1213
f 932 930 1767
f 930 929 1767
f 1767 322 1213
f 325 1768 933
f 934 1242 1768
f 1242 931 1768
f 1768 323 933
f 326 1769 1212
f 935 933 1769
f 933 932 1769
f 1769 324 1212
f 327 1770 936
f 937 1241 1770
f 1241 934 1770
f 1770 325 936
f 328 1771 1211
f 938 936 1771
f 936 935 1771
f 1771 326 1211
f 329 1772 939
f 940 1240 1772
f 1240 937 1772
f 1772 327 939
f 330 1773 1210
f 941 939 1773
f 939 938 1773
f 1773 328 1210
f 331 1774 942
f 943 1239 1774
f 1239 940 1774
f 1774 329 942
f 332 1775 1209
f 944 942 1775
f 942 941 1775
f 1775 330 1209
f 333 1776 945
f 946 1238 1776
f 1238 943 1776
f 1776 331 945
f 334 1777 1208
f 947 945 1777
f 945 944 1777
f 1777 332 1208
f 335 1778 948
f 949 1237 1778
f 1237 946 1778
f 1778 333 948
f 336 1779 1207
f 950 948 1779
f 948 947 1779
f 1779 334 1207
f 337 1780 951
f 952 1236 1780
f 1236 949 1780
f 1780 335 951
f 338 1781 1206
f 953 951 1781
f 951 950 1781
f 1781 336 1206
f 339 1782 954
f 955 1235 1782
f 1235 952 1782
f 1782 337 954
f 340 1783 1205
f 956 954 1783
f 954 953 1783
f 1783 338 1205
f 341 1784 957
f 958 1234 1784
f 1234 955 1784
f 1784 339 957
f 342 1785 1204
f 959 957 1785
f 957 956 1785
f 1785 340 1204
f 343 1786 960
f 961 1233 1786
f 1233 958 1786
f 1786 341 960
f 344 1787 1203
f 962 960 1787
f 960 959 1787
f 1787 342 1203
f 345 1788 963
f 964 1232 1788
f 1232 961 1788
f 1788 343 963
f 346 1789 1202
f 965 963 1789
f 963 962 1789
f 1789 344 1202
f 347 1790 966
f 967 1231 1790
f 1231 964 1790
f 1790 345 966
f 348 1791 1201
f 968 966 1791
f 966 965 1791
f 1791 346 1201
f 349 1792 969
f 970 1230 1792
f 1230 967 1792
f 1792 347 969
f 350 1793 975
f 971 969 1793
f 969 968 1793
f 1793 348 975
f 352 1794 974
f 976 972 1794
f 972 971 1794
f 1794 350 974
f 351 1795 1071
f 973 975 1795
f 975 1069 1795
f 1795 413 1071
f 353 1796 981
f 977 974 1796
f 974 973 1796
f 1796 351 981
f 355 1797 980
f 982 978 1797
f 978 977 1797
f 1797 353 980
f 354 1798 1077
f 979 981 1798
f 981 1075 1798
f 1798 416 1077
f 356 1799 1200
f 983 980 1799
f 980 979 1799
f 1799 354 1200
f 357 1800 984
f 985 1229 1800
f 1229 982 1800
f 1800 355 984
f 358 1801 1199
f 986 984 1801
f 984 983 1801
f 1801 356 1199
f 359 1802 987
f 988 1228 1802
f 1228 985 1802
f 1802 357 987
f 360 1803 1198
f 989 987 1803
f 987 986 1803
f 1803 358 1198
f 361 1804 990
f 991 1227 1804
f 1227 988 1804
f 1804 359 990
f 362 1805 1197
f 992 990 1805
f 990 989 1805
f 1805 360 1197
f 363 1806 993
f 994 1226 1806
f 1226 991 1806
f 1806 361 993
f 364 1807 1196
f 995 993 1807
f 993 992 1807
f 1807 362 1196
f 365 1808 996
f 997 1225 1808
f 1225 994 1808
f 1808 363 996
f 366 1809 1195
f 998 996 1809
f 996 995 1809
f 1809 364 1195
f 367 1810 999
f 1000 1224 1810
f 1224 997 1810
f 1810 365 999
f 368 1811 1194
f 1001 999 1811
f 999 998 1811
f 1811 366 1194
f 369 1812 1002
f 1003 1223 1812
f 1223 1000 1812
f 1812 367 1002
f 370 1813 1193
f 1004 1002 1813
f 1002 1001 1813
f 1813 368 1193
f 371 1814 1005
f 1006 1222 1814
f 1222 1003 1814
f 1814 369 1005
f 372 1815 1192
f 1007 1005 1815
f 1005 1004 1815
f 1815 370 1192
f 373 1816 1008
f 1009 1221 1816
f 1221 1006 1816
f 1816 371 1008
f 374 1817 1191
f 1010 1008 1817
f 1008 1007 1817
f 1817 372 1191
f 375 1818 1011
f 1012 1220 1818
f 1220 1009 1818
f 1818 373 1011
f 376 1819 1190
f 1013 1011 1819
f 1011 1010 1819
f 1819 374 1190
f 377 1820 1014
f 1015 1219 1820
f 1219 1012 1820
f 1820 375 1014
f 378 1821 1189
f 1016 1014 1821
f 1014 1013 1821
f 1821 376 1189
f 379 1822 1017
f 1018 1218 1822
f 1218 1015 1822
f 1822 377 1017
f 380 1823 1188
f 1019 1017 1823
f 1017 1016 1823
f 1823 378 1188
f 381 1824 1020
f 1021 1217 1824
f 1217 1018 1824
f 1824 379 1020
f 382 1825 1187
f 1022 1020 1825
f 1020 1019 1825
f 1825 380 1187
f 383 1826 1023
f 1024 1216 1826
f 1216 1021 1826
f 1826 381 1023
f 384 1827 1186
f 1025 1023 1827
f 1023 1022 1827
f 1827 382 1186
f 385 1828 1026
f 1027 1215 1828
f 1215 1024 1828
f 1828 383 1026
f 386 1829 1185
f 1028 1026 1829
f 1026 1025 1829
f 1829 384 1185
f 387 1830 1029
f 1030 1214 1830
f 1214 1027 1830
f 1830 385 1029
f 388 1831 1184
f 1031 1029 1831
f 1029 1028 1831
f 1831 386 1184
f 389 1832 1032
f 1033 1213 1832
f 1213 1030 1832
f 1832 387 1032
f 390 1833 1183
f 1034 1032 1833
f 1032 1031 1833
f 1833 388 1183
f 391 1834 1035
f 1036 1212 1834
f 1212 1033 1834
f 1834 389 1035
f 392 1835 1182
f 1037 1035 1835
f 1035 1034 1835
f 1835 390 1182
f 393 1836 1038
f 1039 1211 1836
f 1211 1036 1836
f 1836 391 1038
f 394 1837 1181
f 1040 1038 1837
f 1038 1037 1837
f 1837 392 1181
f 395 1838 1041
f 1042 1210 1838
f 1210 1039 1838
f 1838 393 1041
f 396 1839 1180
f 1043 1041 1839
f 1041 1040 1839
f 1839 394 1180
f 397 1840 1044
f 1045 1209 1840
f 1209 1042 1840
f 1840 395 1044
f 398 1841 1179
f 1046 1044 1841
f 1044 1043 1841
f 1841 396 1179
f 399 1842 1047
f 1048 1208 1842
f 1208 1045 1842
f 1842 397 1047
f 400 1843 1178
f 1049 1047 1843
f 1047 1046 1843
f 1843 398 1178
f 401 1844 1050
f 1051 1207 1844
f 1207 1048 1844
f 1844 399 1050
f 402 1845 1177
f 1052 1050 1845
f 1050 1049 1845
f 1845 400 1177
f 403 1846 1053
f 1054 1206 1846
f 1206 1051 1846
f 1846 401 1053
f 404 1847 1176
f 1055 1053 1847
f 1053 1052 1847
f 1847 402 1176
f 405 1848 1056
f 1057 1205 1848
f 1205 1054 1848
f 1848 403 1056
f 406 1849 1175
f 1058 1056 1849
f 1056 1055 1849
f 1849 404 1175
f 407 1850 1059
f 1060 1204 1850
f 1204 1057 1850
f 1850 405 1059
f 408 1851 1174
f 1061 1059 1851
f 1059 1058 1851
f 1851 406 1174
f 409 1852 1062
f 1063 1203 1852
f 1203 1060 1852
f 1852 407 1062
f 410 1853 1173
f 1064 1062 1853
f 1062 1061 1853
f 1853 408 1173
f 411 1854 1065
f 1066 1202 1854
f 1202 1063 1854
f 1854 409 1065
f 412 1855 1172
f 1067 1065 1855
f 1065 1064 1855
f 1855 410 1172
f 413 1856 1068
f 1069 1201 1856
f 1201 1066 1856
f 1856 411 1068
f 414 1857 1074
f 1070 1068 1857
f 1068 1067 1857
f 1857 412 1074
f 416 1858 1073
f 1075 1071 1858
f 1071 1070 1858
f 1858 414 1073
f 1072 1159 415
f 414 1859 1072
f 1859 412 1158
f 1159 1158 426
f 1076 1079 417
f 416 1860 1076
f 1860 414 1072
f 1079 1072 415
f 1171 1078 418
f 354 1861 1171
f 1861 416 1076
f 1078 1076 417
f 1087 1080 419
f 418 1862 1087
f 417 1862 1078
f 1080 1088 419
f 417 1863 1080
f 415 1863 1079
f 1081 1101 419
f 420 1864 1081
f 438 1864 1134
f 1100 1081 419
f 437 1865 1100
f 420 1865 1137
f 1111 1082 419
f 448 1866 1111
f 421 1866 1114
f 1082 1083 419
f 421 1867 1082
f 422 1867 1168
f 1083 1084 419
f 422 1868 1083
f 423 1868 1166
f 1084 1085 419
f 423 1869 1084
f 424 1869 1164
f 1085 1086 419
f 424 1870 1085
f 425 1870 1161
f 1086 1087 419
f 425 1871 1086
f 418 1871 1162
f 1088 1089 419
f 415 1872 1088
f 426 1872 1159
f 1089 1090 419
f 426 1873 1089
f 427 1873 1157
f 1090 1091 419
f 427 1874 1090
f 428 1874 1155
f 1091 1092 419
f 428 1875 1091
f 429 1875 1153
f 1092 1093 419
f 429 1876 1092
f 430 1876 1151
f 1093 1094 419
f 430 1877 1093
f 431 1877 1149
f 1094 1095 419
f 431 1878 1094
f 432 1878 1147
f 1095 1096 419
f 432 1879 1095
f 433 1879 1145
f 1096 1097 419
f 433 1880 1096
f 434 1880 1143
f 1097 1098 419
f 434 1881 1097
f 435 1881 1141
f 1098 1099 419
f 435 1882 1098
f 436 1882 1139
f 1099 1100 419
f 436 1883 1099
f 437 1883 1136
f 1101 1102 419
f 438 1884 1101
f 439 1884 1132
f 1102 1103 419
f 439 1885 1102
f 440 1885 1130
f 1103 1104 419
f 440 1886 1103
f 441 1886 1128
f 1104 1105 419
f 441 1887 1104
f 442 1887 1126
f 1105 1106 419
f 442 1888 1105
f 443 1888 1124
f 1106 1107 419
f 443 1889 1106
f 444 1889 1122
f 1107 1108 419
f 444 1890 1107
f 445 1890 1120
f 1108 1109 419
f 445 1891 1108
f 446 1891 1118
f 1109 1110 419
f 446 1892 1109
f 447 1892 1116
f 1110 1111 419
f 447 1893 1110
f 448 1893 1113
f 1112 1114 448
f 366 1894 1112
f 1894 364 1169
f 1114 1169 421
f 1115 1113 447
f 368 1895 1115
f 1895 366 1112
f 1113 1112 448
f 1117 1116 446
f 370 1896 1117
f 1896 368 1115
f 1116 1115 447
f 1119 1118 445
f 372 1897 1119
f 1897 370 1117
f 1118 1117 446
f 1121 1120 444
f 374 1898 1121
f 1898 372 1119
f 1120 1119 445
f 1123 1122 443
f 376 1899 1123
f 1899 374 1121
f 1122 1121 444
f 1125 1124 442
f 378 1900 1125
f 1900 376 1123
f 1124 1123 443
f 1127 1126 441
f 380 1901 1127
f 1901 378 1125
f 1126 1125 442
f 1129 1128 440
f 382 1902 1129
f 1902 380 1127
f 1128 1127 441
f 1131 1130 439
f 384 1903 1131
f 1903 382 1129
f 1130 1129 440
f 1133 1132 438
f 386 1904 1133
f 1904 384 1131
f 1132 1131 439
f 1170 1134 420
f 388 1905 1170
f 1905 386 1133
f 1134 1133 438
f 1135 1137 437
f 390 1906 1135
f 1906 388 1170
f 1137 1170 420
f 1138 1136 436
f 392 1907 1138
f 1907 390 1135
f 1136 1135 437
f 1140 1139 435
f 394 1908 1140
f 1908 392 1138
f 1139 1138 436
f 1142 1141 434
f 396 1909 1142
f 1909 394 1140
f 1141 1140 435
f 1144 1143 433
f 398 1910 1144
f 1910 396 1142
f 1143 1142 434
f 1146 1145 432
f 400 1911 1146
f 1911 398 1144
f 1145 1144 433
f 1148 1147 431
f 402 1912 1148
f 1912 400 1146
f 1147 1146 432
f 1150 1149 430
f 404 1913 1150
f 1913 402 1148
f 1149 1148 431
f 1152 1151 429
f 406 1914 1152
f 1914 404 1150
f 1151 1150 430
f 1154 1153 428
f 408 1915 1154
f 1915 406 1152
f 1153 1152 429
f 1156 1155 427
f 410 1916 1156
f 1916 408 1154
f 1155 1154 428
f 1158 1157 426
f 412 1917 1158
f 1917 410 1156
f 1157 1156 427
f 1160 1162 425
f 356 1918 1160
f 1918 354 1171
f 1162 1171 418
f 1163 1161 424
f 358 1919 1163
f 1919 356 1160
f 1161 1160 425
f 1165 1164 423
f 360 1920 1165
f 1920 358 1163
f 1164 1163 424
f 1167 1166 422
f 362 1921 1167
f 1921 360 1165
f 1166 1165 423
f 1169 1168 421
f 364 1922 1169
f 1922 362 1167
f 1168 1167 422
f 484 1475 483
f 3 1322 1475
f 1475 1322 450
f 483 1475 1321
f 485 1476 582
f 1 483 1476
f 1476 483 2
f 582 1476 580
f 487 1477 486
f 6 1474 1477
f 1477 1474 3
f 486 1477 484
f 488 1478 1473
f 5 486 1478
f 1478 486 1
f 1473 1478 485
f 490 1479 489
f 9 1472 1479
f 1479 1472 6
f 489 1479 487
f 491 1480 1471
f 8 489 1480
f 1480 489 5
f 1471 1480 488
f 493 1481 492
f 12 1470 1481
f 1481 1470 9
f 492 1481 490
f 494 1482 1469
f 11 492 1482
f 1482 492 8
f 1469 1482 491
f 496 1483 495
f 15 1468 1483
f 1483 1468 12
f 495 1483 493
f 497 1484 1467
f 14 495 1484
f 1484 495 11
f 1467 1484 494
f 499 1485 498
f 18 1466 1485
f 1485 1466 15
f 498 1485 496
f 500 1486 1465
f 17 498 1486
f 1486 498 14
f 1465 1486 497
f 502 1487 501
f 21 1464 1487
f 1487 1464 18
f 501 1487 499
f 503 1488 1463
f 20 501 1488
f 1488 501 17
f 1463 1488 500
f 505 1489 504
f 24 1462 1489
f 1489 1462 21
f 504 1489 502
f 506 1490 1461
f 23 504 1490
f 1490 504 20
f 1461 1490 503
f 508 1491 507
f 27 1460 1491
f 1491 1460 24
f 507 1491 505
f 509 1492 1459
f 26 507 1492
f 1492 507 23
f 1459 1492 506
f 511 1493 510
f 30 1458 1493
f 1493 1458 27
f 510 1493 508
f 512 1494 1457
f 29 510 1494
f 1494 510 26
f 1457 1494 509
f 514 1495 513
f 33 1456 1495
f 1495 1456 30
f 513 1495 511
f 515 1496 1455
f 32 513 1496
f 1496 513 29
f 1455 1496 512
f 517 1497 516
f 36 1454 1497
f 1497 1454 33
f 516 1497 514
f 518 1498 1453
f 35 516 1498
f 1498 516 32
f 1453 1498 515
f 520 1499 519
f 39 1452 1499
f 1499 1452 36
f 519 1499 517
f 521 1500 1451
f 38 519 1500
f 1500 519 35
f 1451 1500 518
f 523 1501 522
f 42 1450 1501
f 1501 1450 39
f 522 1501 520
f 524 1502 1449
f 41 522 1502
f 1502 522 38
f 1449 1502 521
f 526 1503 525
f 45 1448 1503
f 1503 1448 42
f 525 1503 523
f 527 1504 1447
f 44 525 1504
f 1504 525 41
f 1447 1504 524
f 529 1505 528
f 48 1446 1505
f 1505 1446 45
f 528 1505 526
f 530 1506 1445
f 47 528 1506
f 1506 528 44
f 1445 1506 527
f 532 1507 531
f 51 1444 1507
f 1507 1444 48
f 531 1507 529
f 533 1508 1443
f 50 531 1508
f 1508 531 47
f 1443 1508 530
f 535 1509 534
f 54 1442 1509
f 1509 1442 51
f 534 1509 532
f 536 1510 1441
f 53 534 1510
f 1510 534 50
f 1441 1510 533
f 538 1511 537
f 57 1440 1511
f 1511 1440 54
f 537 1511 535
f 539 1512 1439
f 56 537 1512
f 1512 537 53
f 1439 1512 536
f 541 1513 540
f 60 1438 1513
f 1513 1438 57
f 540 1513 538
f 542 1514 1437
f 59 540 1514
f 1514 540 56
f 1437 1514 539
f 544 1515 543
f 63 1436 1515
f 1515 1436 60
f 543 1515 541
f 545 1516 1435
f 62 543 1516
f 1516 543 59
f 1435 1516 542
f 547 1517 546
f 66 1434 1517
f 1517 1434 63
f 546 1517 544
f 548 1518 1433
f 65 546 1518
f 1518 546 62
f 1433 1518 545
f 550 1519 549
f 69 1432 1519
f 1519 1432 66
f 549 1519 547
f 551 1520 1431
f 68 549 1520
f 1520 549 65
f 1431 1520 548
f 553 1521 552
f 72 1430 1521
f 1521 1430 69
f 552 1521 550
f 554 1522 1429
f 71 552 1522
f 1522 552 68
f 1429 1522 551
f 556 1523 555
f 75 1428 1523
f 1523 1428 72
f 555 1523 553
f 557 1524 1427
f 74 555 1524
f 1524 555 71
f 1427 1524 554
f 559 1525 558
f 78 1426 1525
f 1525 1426 75
f 558 1525 556
f 560 1526 1425
f 77 558 1526
f 1526 558 74
f 1425 1526 557
f 562 1527 561
f 81 1424 1527
f 1527 1424 78
f 561 1527 559
f 563 1528 1423
f 80 561 1528
f 1528 561 77
f 1423 1528 560
f 565 1529 564
f 84 1422 1529
f 1529 1422 81
f 564 1529 562
f 566 1530 1421
f 83 564 1530
f 1530 564 80
f 1421 1530 563
f 568 1531 567
f 87 1420 1531
f 1531 1420 84
f 567 1531 565
f 569 1532 1419
f 86 567 1532
f 1532 567 83
f 1419 1532 566
f 571 1533 570
f 90 1418 1533
f 1533 1418 87
f 570 1533 568
f 572 1534 1417
f 89 570 1534
f 1534 570 86
f 1417 1534 569
f 574 1535 573
f 93 1319 1535
f 1535 1319 90
f 573 1535 571
f 575 1536 579
f 92 573 1536
f 1536 573 89
f 579 1536 572
f 1321 1537 576
f 450 1318 1537
f 1537 1318 93
f 576 1537 574
f 580 1538 578
f 2 576 1538
f 1538 576 92
f 578 1538 575
f 577 1539 675
f 94 579 1539
f 1539 579 91
f 675 1539 673
f 581 1540 585
f 96 578 1540
f 1540 578 94
f 585 1540 577
f 586 1541 584
f 4 582 1541
f 1541 582 96
f 584 1541 581
f 583 1542 681
f 97 585 1542
f 1542 585 95
f 681 1542 679
f 587 1543 1316
f 99 584 1543
f 1543 584 97
f 1316 1543 583
f 589 1544 588
f 7 1473 1544
f 1544 1473 4
f 588 1544 586
f 590 1545 1315
f 101 588 1545
f 1545 588 99
f 1315 1545 587
f 592 1546 591
f 10 1471 1546
f 1546 1471 7
f 591 1546 589
f 593 1547 1314
f 103 591 1547
f 1547 591 101
f 1314 1547 590
f 595 1548 594
f 13 1469 1548
f 1548 1469 10
f 594 1548 592
f 596 1549 1313
f 105 594 1549
f 1549 594 103
f 1313 1549 593
f 598 1550 597
f 16 1467 1550
f 1550 1467 13
f 597 1550 595
f 599 1551 1312
f 107 597 1551
f 1551 597 105
f 1312 1551 596
f 601 1552 600
f 19 1465 1552
f 1552 1465 16
f 600 1552 598
f 602 1553 1311
f 109 600 1553
f 1553 600 107
f 1311 1553 599
f 604 1554 603
f 22 1463 1554
f 1554 1463 19
f 603 1554 601
f 605 1555 1310
f 111 603 1555
f 1555 603 109
f 1310 1555 602
f 607 1556 606
f 25 1461 1556
f 1556 1461 22
f 606 1556 604
f 608 1557 1309
f 113 606 1557
f 1557 606 111
f 1309 1557 605
f 610 1558 609
f 28 1459 1558
f 1558 1459 25
f 609 1558 607
f 611 1559 1308
f 115 609 1559
f 1559 609 113
f 1308 1559 608
f 613 1560 612
f 31 1457 1560
f 1560 1457 28
f 612 1560 610
f 614 1561 1307
f 117 612 1561
f 1561 612 115
f 1307 1561 611
f 616 1562 615
f 34 1455 1562
f 1562 1455 31
f 615 1562 613
f 617 1563 1306
f 119 615 1563
f 1563 615 117
f 1306 1563 614
f 619 1564 618
f 37 1453 1564
f 1564 1453 34
f 618 1564 616
f 620 1565 1305
f 121 618 1565
f 1565 618 119
f 1305 1565 617
f 622 1566 621
f 40 1451 1566
f 1566 1451 37
f 621 1566 619
f 623 1567 1304
f 123 621 1567
f 1567 621 121
f 1304 1567 620
f 625 1568 624
f 43 1449 1568
f 1568 1449 40
f 624 1568 622
f 626 1569 1303
f 125 624 1569
f 1569 624 123
f 1303 1569 623
f 628 1570 627
f 46 1447 1570
f 1570 1447 43
f 627 1570 625
f 629 1571 1302
f 127 627 1571
f 1571 627 125
f 1302 1571 626
f 631 1572 630
f 49 1445 1572
f 1572 1445 46
f 630 1572 628
f 632 1573 1301
f 129 630 1573
f 1573 630 127
f 1301 1573 629
f 634 1574 633
f 52 1443 1574
f 1574 1443 49
f 633 1574 631
f 635 1575 1300
f 131 633 1575
f 1575 633 129
f 1300 1575 632
f 637 1576 636
f 55 1441 1576
f 1576 1441 52
f 636 1576 634
f 638 1577 1299
f 133 636 1577
f 1577 636 131
f 1299 1577 635
f 640 1578 639
f 58 1439 1578
f 1578 1439 55
f 639 1578 637
f 641 1579 1298
f 135 639 1579
f 1579 639 133
f 1298 1579 638
f 643 1580 642
f 61 1437 1580
f 1580 1437 58
f 642 1580 640
f 644 1581 1297
f 137 642 1581
f 1581 642 135
f 1297 1581 641
f 646 1582 645
f 64 1435 1582
f 1582 1435 61
f 645 1582 643
f 647 1583 1296
f 139 645 1583
f 1583 645 137
f 1296 1583 644
f 649 1584 648
f 67 1433 1584
f 1584 1433 64
f 648 1584 646
f 650 1585 1295
f 141 648 1585
f 1585 648 139
f 1295 1585 647
f 652 1586 651
f 70 1431 1586
f 1586 1431 67
f 651 1586 649
f 653 1587 1294
f 143 651 1587
f 1587 651 141
f 1294 1587 650
f 655 1588 654
f 73 1429 1588
f 1588 1429 70
f 654 1588 652
f 656 1589 1293
f 145 654 1589
f 1589 654 143
f 1293 1589 653
f 658 1590 657
f 76 1427 1590
f 1590 1427 73
f 657 1590 655
f 659 1591 1292
f 147 657 1591
f 1591 657 145
f 1292 1591 656
f 661 1592 660
f 79 1425 1592
f 1592 1425 76
f 660 1592 658
f 662 1593 1291
f 149 660 1593
f 1593 660 147
f 1291 1593 659
f 664 1594 663
f 82 1423 1594
f 1594 1423 79
f 663 1594 661
f 665 1595 1290
f 151 663 1595
f 1595 663 149
f 1290 1595 662
f 667 1596 666
f 85 1421 1596
f 1596 1421 82
f 666 1596 664
f 668 1597 1289
f 153 666 1597
f 1597 666 151
f 1289 1597 665
f 670 1598 669
f 88 1419 1598
f 1598 1419 85
f 669 1598 667
f 671 1599 1288
f 155 669 1599
f 1599 669 153
f 1288 1599 668
f 673 1600 672
f 91 1417 1600
f 1600 1417 88
f 672 1600 670
f 674 1601 678
f 157 672 1601
f 1601 672 155
f 678 1601 671
f 679 1602 677
f 95 675 1602
f 1602 675 157
f 677 1602 674
f 676 1603 774
f 158 678 1603
f 1603 678 156
f 774 1603 772
f 680 1604 684
f 160 677 1604
f 1604 677 158
f 684 1604 676
f 685 1605 683
f 98 681 1605
f 1605 681 160
f 683 1605 680
f 682 1606 780
f 161 684 1606
f 1606 684 159
f 780 1606 778
f 686 1607 1287
f 163 683 1607
f 1607 683 161
f 1287 1607 682
f 689 1608 687
f 100 1316 1608
f 1608 1316 98
f 687 1608 685
f 688 1609 1286
f 165 687 1609
f 1609 687 163
f 1609 686 164
f 692 1610 1285
f 167 690 1610
f 1610 690 165
f 1610 688 166
f 691 1611 690
f 102 1315 1611
f 1611 1315 100
f 690 1611 689
f 694 1612 693
f 104 1314 1612
f 1612 1314 102
f 693 1612 691
f 695 1613 1284
f 169 693 1613
f 1613 693 167
f 1284 1613 692
f 697 1614 696
f 106 1313 1614
f 1614 1313 104
f 696 1614 694
f 172 698 1615
f 171 696 1615
f 1615 696 169
f 1283 1615 695
f 700 1616 699
f 108 1312 1616
f 1616 1312 106
f 699 1616 697
f 174 701 1617
f 173 699 1617
f 1617 699 171
f 1282 1617 698
f 703 1618 702
f 110 1311 1618
f 1618 1311 108
f 702 1618 700
f 704 1619 1281
f 175 702 1619
f 1619 702 173
f 1281 1619 701
f 706 1620 705
f 112 1310 1620
f 1620 1310 110
f 705 1620 703
f 707 1621 1280
f 177 705 1621
f 1621 705 175
f 1280 1621 704
f 709 1622 708
f 114 1309 1622
f 1622 1309 112
f 708 1622 706
f 710 1623 1279
f 179 708 1623
f 1623 708 177
f 1279 1623 707
f 712 1624 711
f 116 1308 1624
f 1624 1308 114
f 711 1624 709
f 713 1625 1278
f 181 711 1625
f 1625 711 179
f 1278 1625 710
f 715 1626 714
f 118 1307 1626
f 1626 1307 116
f 714 1626 712
f 716 1627 1277
f 183 714 1627
f 1627 714 181
f 1277 1627 713
f 718 1628 717
f 120 1306 1628
f 1628 1306 118
f 717 1628 715
f 719 1629 1276
f 185 717 1629
f 1629 717 183
f 1276 1629 716
f 721 1630 720
f 122 1305 1630
f 1630 1305 120
f 720 1630 718
f 722 1631 1275
f 187 720 1631
f 1631 720 185
f 1275 1631 719
f 724 1632 723
f 124 1304 1632
f 1632 1304 122
f 723 1632 721
f 725 1633 1274
f 189 723 1633
f 1633 723 187
f 1274 1633 722
f 727 1634 726
f 126 1303 1634
f 1634 1303 124
f 726 1634 724
f 728 1635 1273
f 191 726 1635
f 1635 726 189
f 1273 1635 725
f 730 1636 729
f 128 1302 1636
f 1636 1302 126
f 729 1636 727
f 731 1637 1272
f 193 729 1637
f 1637 729 191
f 1272 1637 728
f 733 1638 732
f 130 1301 1638
f 1638 1301 128
f 732 1638 730
f 734 1639 1271
f 195 732 1639
f 1639 732 193
f 1271 1639 731
f 736 1640 735
f 132 1300 1640
f 1640 1300 130
f 735 1640 733
f 737 1641 1270
f 197 735 1641
f 1641 735 195
f 1270 1641 734
f 739 1642 738
f 134 1299 1642
f 1642 1299 132
f 738 1642 736
f 740 1643 1269
f 199 738 1643
f 1643 738 197
f 1643 737 198
f 742 1644 741
f 136 1298 1644
f 1644 1298 134
f 741 1644 739
f 743 1645 1268
f 201 741 1645
f 1645 741 199
f 1268 1645 740
f 745 1646 744
f 138 1297 1646
f 1646 1297 136
f 744 1646 742
f 204 746 1647
f 203 744 1647
f 1647 744 201
f 1267 1647 743
f 748 1648 747
f 140 1296 1648
f 1648 1296 138
f 747 1648 745
f 749 1649 1266
f 205 747 1649
f 1649 747 203
f 1266 1649 746
f 751 1650 750
f 142 1295 1650
f 1650 1295 140
f 750 1650 748
f 752 1651 1265
f 207 750 1651
f 1651 750 205
f 1265 1651 749
f 754 1652 753
f 144 1294 1652
f 1652 1294 142
f 753 1652 751
f 755 1653 1264
f 209 753 1653
f 1653 753 207
f 1653 752 208
f 757 1654 756
f 146 1293 1654
f 1654 1293 144
f 756 1654 754
f 212 758 1655
f 211 756 1655
f 1655 756 209
f 1263 1655 755
f 760 1656 759
f 148 1292 1656
f 1656 1292 146
f 759 1656 757
f 761 1657 1262
f 213 759 1657
f 1657 759 211
f 1262 1657 758
f 763 1658 762
f 150 1291 1658
f 1658 1291 148
f 762 1658 760
f 764 1659 1261
f 215 762 1659
f 1659 762 213
f 1659 761 214
f 766 1660 765
f 152 1290 1660
f 1660 1290 150
f 765 1660 763
f 767 1661 1260
f 217 765 1661
f 1661 765 215
f 1260 1661 764
f 769 1662 768
f 154 1289 1662
f 1662 1289 152
f 768 1662 766
f 770 1663 1259
f 219 768 1663
f 1663 768 217
f 1259 1663 767
f 772 1664 771
f 156 1288 1664
f 1664 1288 154
f 771 1664 769
f 773 1665 777
f 221 771 1665
f 1665 771 219
f 777 1665 770
f 778 1666 776
f 159 774 1666
f 1666 774 221
f 776 1666 773
f 223 775 1667
f 775 222 777
f 777 220 871
f 1667 871 285
f 225 779 1668
f 779 224 776
f 776 222 775
f 1668 775 223
f 227 784 1669
f 784 162 780
f 780 224 779
f 1669 779 225
f 226 781 1670
f 781 225 783
f 783 223 877
f 1670 877 288
f 228 785 1671
f 785 227 782
f 782 225 781
f 1671 781 226
f 229 787 1672
f 787 164 1287
f 1287 162 784
f 1672 784 227
f 230 788 1673
f 788 229 786
f 786 227 785
f 1673 785 228
f 231 790 1674
f 790 166 1286
f 1286 164 787
f 1674 787 229
f 232 791 1675
f 791 231 789
f 789 229 788
f 1675 788 230
f 233 793 1676
f 793 168 1285
f 1285 166 790
f 1676 790 231
f 234 794 1677
f 794 233 792
f 792 231 791
f 1677 791 232
f 235 796 1678
f 796 170 1284
f 1284 168 793
f 1678 793 233
f 236 797 1679
f 797 235 795
f 795 233 794
f 1679 794 234
f 237 799 1680
f 172 1283 1680
f 1283 170 796
f 1680 796 235
f 238 800 1681
f 800 237 798
f 798 235 797
f 1681 797 236
f 239 802 1682
f 174 1282 1682
f 1282 172 799
f 1682 799 237
f 240 803 1683
f 803 239 801
f 801 237 800
f 1683 800 238
f 241 805 1684
f 176 1281 1684
f 1281 174 802
f 1684 802 239
f 242 806 1685
f 806 241 804
f 804 239 803
f 1685 803 240
f 243 808 1686
f 808 178 1280
f 1280 176 805
f 1686 805 241
f 244 809 1687
f 809 243 807
f 807 241 806
f 1687 806 242
f 245 811 1688
f 811 180 1279
f 1279 178 808
f 1688 808 243
f 246 812 1689
f 812 245 810
f 810 243 809
f 1689 809 244
f 247 814 1690
f 814 182 1278
f 1278 180 811
f 1690 811 245
f 248 815 1691
f 815 247 813
f 813 245 812
f 1691 812 246
f 249 817 1692
f 817 184 1277
f 1277 182 814
f 1692 814 247
f 250 818 1693
f 818 249 816
f 816 247 815
f 1693 815 248
f 251 820 1694
f 820 186 1276
f 1276 184 817
f 1694 817 249
f 252 821 1695
f 821 251 819
f 819 249 818
f 1695 818 250
f 253 823 1696
f 823 188 1275
f 1275 186 820
f 1696 820 251
f 254 824 1697
f 824 253 822
f 822 251 821
f 1697 821 252
f 255 826 1698
f 826 190 1274
f 1274 188 823
f 1698 823 253
f 256 827 1699
f 827 255 825
f 825 253 824
f 1699 824 254
f 257 829 1700
f 829 192 1273
f 1273 190 826
f 1700 826 255
f 258 830 1701
f 830 257 828
f 828 255 827
f 1701 827 256
f 259 832 1702
f 832 194 1272
f 1272 192 829
f 1702 829 257
f 260 833 1703
f 833 259 831
f 831 257 830
f 1703 830 258
f 261 835 1704
f 835 196 1271
f 1271 194 832
f 1704 832 259
f 262 836 1705
f 836 261 834
f 834 259 833
f 1705 833 260
f 263 838 1706
f 838 198 1270
f 1270 196 835
f 1706 835 261
f 264 839 1707
f 839 263 837
f 837 261 836
f 1707 836 262
f 265 841 1708
f 841 200 1269
f 1269 198 838
f 1708 838 263
f 266 842 1709
f 842 265 840
f 840 263 839
f 1709 839 264
f 267 844 1710
f 844 202 1268
f 1268 200 841
f 1710 841 265
f 268 845 1711
f 845 267 843
f 843 265 842
f 1711 842 266
f 269 847 1712
f 847 204 1267
f 1267 202 844
f 1712 844 267
f 270 848 1713
f 848 269 846
f 846 267 845
f 1713 845 268
f 271 850 1714
f 206 1266 1714
f 1266 204 847
f 1714 847 269
f 272 851 1715
f 851 271 849
f 849 269 848
f 1715 848 270
f 273 853 1716
f 853 208 1265
f 1265 206 850
f 1716 850 271
f 274 854 1717
f 854 273 852
f 852 271 851
f 1717 851 272
f 275 856 1718
f 856 210 1264
f 1718 1264 208
f 1718 853 273
f 276 857 1719
f 857 275 855
f 855 273 854
f 1719 854 274
f 277 859 1720
f 859 212 1263
f 1263 210 856
f 1720 856 275
f 278 860 1721
f 860 277 858
f 858 275 857
f 1721 857 276
f 279 862 1722
f 862 214 1262
f 1262 212 859
f 1722 859 277
f 280 863 1723
f 863 279 861
f 861 277 860
f 1723 860 278
f 281 865 1724
f 216 1261 1724
f 1261 214 862
f 1724 862 279
f 282 866 1725
f 866 281 864
f 864 279 863
f 1725 863 280
f 283 868 1726
f 868 218 1260
f 1260 216 865
f 1726 865 281
f 284 869 1727
f 869 283 867
f 867 281 866
f 1727 866 282
f 285 871 1728
f 871 220 1259
f 1259 218 868
f 1728 868 283
f 286 872 1729
f 872 285 870
f 870 283 869
f 1729 869 284
f 288 877 1730
f 877 223 873
f 873 285 872
f 1730 872 286
f 287 874 1731
f 874 286 876
f 876 284 970
f 1731 970 349
f 289 878 1732
f 878 288 875
f 875 286 874
f 1732 874 287
f 291 883 1733
f 883 226 879
f 879 288 878
f 1733 878 289
f 290 880 1734
f 880 289 882
f 882 287 976
f 1734 976 352
f 292 884 1735
f 884 291 881
f 881 289 880
f 1735 880 290
f 293 886 1736
f 886 228 1258
f 1258 226 883
f 1736 883 291
f 294 887 1737
f 887 293 885
f 885 291 884
f 1737 884 292
f 295 889 1738
f 889 230 1257
f 1257 228 886
f 1738 886 293
f 296 890 1739
f 890 295 888
f 888 293 887
f 1739 887 294
f 297 892 1740
f 892 232 1256
f 1256 230 889
f 1740 889 295
f 298 893 1741
f 893 297 891
f 891 295 890
f 1741 890 296
f 299 895 1742
f 895 234 1255
f 1255 232 892
f 1742 892 297
f 300 896 1743
f 896 299 894
f 894 297 893
f 1743 893 298
f 301 898 1744
f 898 236 1254
f 1254 234 895
f 1744 895 299
f 302 899 1745
f 899 301 897
f 897 299 896
f 1745 896 300
f 303 901 1746
f 901 238 1253
f 1253 236 898
f 1746 898 301
f 304 902 1747
f 902 303 900
f 900 301 899
f 1747 899 302
f 305 904 1748
f 904 240 1252
f 1252 238 901
f 1748 901 303
f 306 905 1749
f 905 305 903
f 903 303 902
f 1749 902 304
f 307 907 1750
f 907 242 1251
f 1251 240 904
f 1750 904 305
f 308 908 1751
f 908 307 906
f 906 305 905
f 1751 905 306
f 309 910 1752
f 910 244 1250
f 1250 242 907
f 1752 907 307
f 310 911 1753
f 911 309 909
f 909 307 908
f 1753 908 308
f 311 913 1754
f 913 246 1249
f 1249 244 910
f 1754 910 309
f 312 914 1755
f 914 311 912
f 912 309 911
f 1755 911 310
f 313 916 1756
f 916 248 1248
f 1248 246 913
f 1756 913 311
f 314 917 1757
f 917 313 915
f 915 311 914
f 1757 914 312
f 315 919 1758
f 919 250 1247
f 1247 248 916
f 1758 916 313
f 316 920 1759
f 920 315 918
f 918 313 917
f 1759 917 314
f 317 922 1760
f 922 252 1246
f 1246 250 919
f 1760 919 315
f 318 923 1761
f 923 317 921
f 921 315 920
f 1761 920 316
f 319 925 1762
f 925 254 1245
f 1245 252 922
f 1762 922 317
f 320 926 1763
f 926 319 924
f 924 317 923
f 1763 923 318
f 321 928 1764
f 928 256 1244
f 1244 254 925
f 1764 925 319
f 322 929 1765
f 929 321 927
f 927 319 926
f 1765 926 320
f 323 931 1766
f 931 258 1243
f 1243 256 928
f 1766 928 321
f 324 932 1767
f 932 323 930
f 930 321 929
f 1767 929 322
f 325 934 1768
f 934 260 1242
f 1242 258 931
f 1768 931 323
f 326 935 1769
f 935 325 933
f 933 323 932
f 1769 932 324
f 327 937 1770
f 937 262 1241
f 1241 260 934
f 1770 934 325
f 328 938 1771
f 938 327 936
f 936 325 935
f 1771 935 326
f 329 940 1772
f 940 264 1240
f 1240 262 937
f 1772 937 327
f 330 941 1773
f 941 329 939
f 939 327 938
f 1773 938 328
f 331 943 1774
f 943 266 1239
f 1239 264 940
f 1774 940 329
f 332 944 1775
f 944 331 942
f 942 329 941
f 1775 941 330
f 333 946 1776
f 946 268 1238
f 1238 266 943
f 1776 943 331
f 334 947 1777
f 947 333 945
f 945 331 944
f 1777 944 332
f 335 949 1778
f 949 270 1237
f 1237 268 946
f 1778 946 333
f 336 950 1779
f 950 335 948
f 948 333 947
f 1779 947 334
f 337 952 1780
f 952 272 1236
f 1236 270 949
f 1780 949 335
f 338 953 1781
f 953 337 951
f 951 335 950
f 1781 950 336
f 339 955 1782
f 955 274 1235
f 1235 272 952
f 1782 952 337
f 340 956 1783
f 956 339 954
f 954 337 953
f 1783 953 338
f 341 958 1784
f 958 276 1234
f 1234 274 955
f 1784 955 339
f 342 959 1785
f 959 341 957
f 957 339 956
f 1785 956 340
f 343 961 1786
f 961 278 1233
f 1233 276 958
f 1786 958 341
f 344 962 1787
f 962 343 960
f 960 341 959
f 1787 959 342
f 345 964 1788
f 964 280 1232
f 1232 278 961
f 1788 961 343
f 346 965 1789
f 965 345 963
f 963 343 962
f 1789 962 344
f 347 967 1790
f 967 282 1231
f 1231 280 964
f 1790 964 345
f 348 968 1791
f 968 347 966
f 966 345 965
f 1791 965 346
f 349 970 1792
f 970 284 1230
f 1230 282 967
f 1792 967 347
f 350 971 1793
f 971 349 969
f 969 347 968
f 1793 968 348
f 352 976 1794
f 976 287 972
f 972 349 971
f 1794 971 350
f 351 973 1795
f 973 350 975
f 975 348 1069
f 1795 1069 413
f 353 977 1796
f 977 352 974
f 974 350 973
f 1796 973 351
f 355 982 1797
f 982 290 978
f 978 352 977
f 1797 977 353
f 354 979 1798
f 979 353 981
f 981 351 1075
f 1798 1075 416
f 356 983 1799
f 983 355 980
f 980 353 979
f 1799 979 354
f 357 985 1800
f 985 292 1229
f 1229 290 982
f 1800 982 355
f 358 986 1801
f 986 357 984
f 984 355 983
f 1801 983 356
f 359 988 1802
f 988 294 1228
f 1228 292 985
f 1802 985 357
f 360 989 1803
f 989 359 987
f 987 357 986
f 1803 986 358
f 361 991 1804
f 991 296 1227
f 1227 294 988
f 1804 988 359
f 362 992 1805
f 992 361 990
f 990 359 989
f 1805 989 360
f 363 994 1806
f 994 298 1226
f 1226 296 991
f 1806 991 361
f 364 995 1807
f 995 363 993
f 993 361 992
f 1807 992 362
f 365 997 1808
f 997 300 1225
f 1225 298 994
f 1808 994 363
f 366 998 1809
f 998 365 996
f 996 363 995
f 1809 995 364
f 367 1000 1810
f 1000 302 1224
f 1224 300 997
f 1810 997 365
f 368 1001 1811
f 1001 367 999
f 999 365 998
f 1811 998 366
f 369 1003 1812
f 1003 304 1223
f 1223 302 1000
f 1812 1000 367
f 370 1004 1813
f 1004 369 1002
f 1002 367 1001
f 1813 1001 368
f 371 1006 1814
f 1006 306 1222
f 1222 304 1003
f 1814 1003 369
f 372 1007 1815
f 1007 371 1005
f 1005 369 1004
f 1815 1004 370
f 373 1009 1816
f 1009 308 1221
f 1221 306 1006
f 1816 1006 371
f 374 1010 1817
f 1010 373 1008
f 1008 371 1007
f 1817 1007 372
f 375 1012 1818
f 1012 310 1220
f 1220 308 1009
f 1818 1009 373
f 376 1013 1819
f 1013 375 1011
f 1011 373 1010
f 1819 1010 374
f 377 1015 1820
f 1015 312 1219
f 1219 310 1012
f 1820 1012 375
f 378 1016 1821
f 1016 377 1014
f 1014 375 1013
f 1821 1013 376
f 379 1018 1822
f 1018 314 1218
f 1218 312 1015
f 1822 1015 377
f 380 1019 1823
f 1019 379 1017
f 1017 377 1016
f 1823 1016 378
f 381 1021 1824
f 1021 316 1217
f 1217 314 1018
f 1824 1018 379
f 382 1022 1825
f 1022 381 1020
f 1020 379 1019
f 1825 1019 380
f 383 1024 1826
f 1024 318 1216
f 1216 316 1021
f 1826 1021 381
f 384 1025 1827
f 1025 383 1023
f 1023 381 1022
f 1827 1022 382
f 385 1027 1828
f 1027 320 1215
f 1215 318 1024
f 1828 1024 383
f 386 1028 1829
f 1028 385 1026
f 1026 383 1025
f 1829 1025 384
f 387 1030 1830
f 1030 322 1214
f 1214 320 1027
f 1830 1027 385
f 388 1031 1831
f 1031 387 1029
f 1029 385 1028
f 1831 1028 386
f 389 1033 1832
f 1033 324 1213
f 1213 322 1030
f 1832 1030 387
f 390 1034 1833
f 1034 389 1032
f 1032 387 1031
f 1833 1031 388
f 391 1036 1834
f 1036 326 1212
f 1212 324 1033
f 1834 1033 389
f 392 1037 1835
f 1037 391 1035
f 1035 389 1034
f 1835 1034 390
f 393 1039 1836
f 1039 328 1211
f 1211 326 1036
f 1836 1036 391
f 394 1040 1837
f 1040 393 1038
f 1038 391 1037
f 1837 1037 392
f 395 1042 1838
f 1042 330 1210
f 1210 328 1039
f 1838 1039 393
f 396 1043 1839
f 1043 395 1041
f 1041 393 1040
f 1839 1040 394
f 397 1045 1840
f 1045 332 1209
f 1209 330 1042
f 1840 1042 395
f 398 1046 1841
f 1046 397 1044
f 1044 395 1043
f 1841 1043 396
f 399 1048 1842
f 1048 334 1208
f 1208 332 1045
f 1842 1045 397
f 400 1049 1843
f 1049 399 1047
f 1047 397 1046
f 1843 1046 398
f 401 1051 1844
f 1051 336 1207
f 1207 334 1048
f 1844 1048 399
f 402 1052 1845
f 1052 401 1050
f 1050 399 1049
f 1845 1049 400
f 403 1054 1846
f 1054 338 1206
f 1206 336 1051
f 1846 1051 401
f 404 1055 1847
f 1055 403 1053
f 1053 401 1052
f 1847 1052 402
f 405 1057 1848
f 1057 340 1205
f 1205 338 1054
f 1848 1054 403
f 406 1058 1849
f 1058 405 1056
f 1056 403 1055
f 1849 1055 404
f 407 1060 1850
f 1060 342 1204
f 1204 340 1057
f 1850 1057 405
f 408 1061 1851
f 1061 407 1059
f 1059 405 1058
f 1851 1058 406
f 409 1063 1852
f 1063 344 1203
f 1203 342 1060
f 1852 1060 407
f 410 1064 1853
f 1064 409 1062
f 1062 407 1061
f 1853 1061 408
f 411 1066 1854
f 1066 346 1202
f 1202 344 1063
f 1854 1063 409
f 412 1067 1855
f 1067 411 1065
f 1065 409 1064
f 1855 1064 410
f 413 1069 1856
f 1069 348 1201
f 1201 346 1066
f 1856 1066 411
f 414 1070 1857
f 1070 413 1068
f 1068 411 1067
f 1857 1067 412
f 416 1075 1858
f 1075 351 1071
f 1071 413 1070
f 1858 1070 414
f 1072 1859 1159
f 414 1074 1859
f 1859 1074 412
f 1159 1859 1158
f 1076 1860 1079
f 416 1073 1860
f 1860 1073 414
f 1079 1860 1072
f 1171 1861 1078
f 354 1077 1861
f 1861 1077 416
f 1078 1861 1076
f 1087 1862 1080
f 418 1078 1862
f 417 1080 1862
f 1080 1863 1088
f 417 1079 1863
f 415 1088 1863
f 1081 1864 1101
f 420 1134 1864
f 438 1101 1864
f 1100 1865 1081
f 437 1137 1865
f 420 1081 1865
f 1111 1866 1082
f 448 1114 1866
f 421 1082 1866
f 1082 1867 1083
f 421 1168 1867
f 422 1083 1867
f 1083 1868 1084
f 422 1166 1868
f 423 1084 1868
f 1084 1869 1085
f 423 1164 1869
f 424 1085 1869
f 1085 1870 1086
f 424 1161 1870
f 425 1086 1870
f 1086 1871 1087
f 425 1162 1871
f 418 1087 1871
f 1088 1872 1089
f 415 1159 1872
f 426 1089 1872
f 1089 1873 1090
f 426 1157 1873
f 427 1090 1873
f 1090 1874 1091
f 427 1155 1874
f 428 1091 1874
f 1091 1875 1092
f 428 1153 1875
f 429 1092 1875
f 1092 1876 1093
f 429 1151 1876
f 430 1093 1876
f 1093 1877 1094
f 430 1149 1877
f 431 1094 1877
f 1094 1878 1095
f 431 1147 1878
f 432 1095 1878
f 1095 1879 1096
f 432 1145 1879
f 433 1096 1879
f 1096 1880 1097
f 433 1143 1880
f 434 1097 1880
f 1097 1881 1098
f 434 1141 1881
f 435 1098 1881
f 1098 1882 1099
f 435 1139 1882
f 436 1099 1882
f 1099 1883 1100
f 436 1136 1883
f 437 1100 1883
f 1101 1884 1102
f 438 1132 1884
f 439 1102 1884
f 1102 1885 1103
f 439 1130 1885
f 440 1103 1885
f 1103 1886 1104
f 440 1128 1886
f 441 1104 1886
f 1104 1887 1105
f 441 1126 1887
f 442 1105 1887
f 1105 1888 1106
f 442 1124 1888
f 443 1106 1888
f 1106 1889 1107
f 443 1122 1889
f 444 1107 1889
f 1107 1890 1108
f 444 1120 1890
f 445 1108 1890
f 1108 1891 1109
f 445 1118 1891
f 446 1109 1891
f 1109 1892 1110
f 446 1116 1892
f 447 1110 1892
f 1110 1893 1111
f 447 1113 1893
f 448 1111 1893
f 1112 1894 1114
f 366 1195 1894
f 1894 1195 364
f 1114 1894 1169
f 1115 1895 1113
f 368 1194 1895
f 1895 1194 366
f 1113 1895 1112
f 1117 1896 1116
f 370 1193 1896
f 1896 1193 368
f 1116 1896 1115
f 1119 1897 1118
f 372 1192 1897
f 1897 1192 370
f 1118 1897 1117
f 1121 1898 1120
f 374 1191 1898
f 1898 1191 372
f 1120 1898 1119
f 1123 1899 1122
f 376 1190 1899
f 1899 1190 374
f 1122 1899 1121
f 1125 1900 1124
f 378 1189 1900
f 1900 1189 376
f 1124 1900 1123
f 1127 1901 1126
f 380 1188 1901
f 1901 1188 378
f 1126 1901 1125
f 1129 1902 1128
f 382 1187 1902
f 1902 1187 380
f 1128 1902 1127
f 1131 1903 1130
f 384 1186 1903
f 1903 1186 382
f 1130 1903 1129
f 1133 1904 1132
f 386 1185 1904
f 1904 1185 384
f 1132 1904 1131
f 1170 1905 1134
f 388 1184 1905
f 1905 1184 386
f 1134 1905 1133
f 1135 1906 1137
f 390 1183 1906
f 1906 1183 388
f 1137 1906 1170
f 1138 1907 1136
f 392 1182 1907
f 1907 1182 390
f 1136 1907 1135
f 1140 1908 1139
f 394 1181 1908
f 1908 1181 392
f 1139 1908 1138
f 1142 1909 1141
f 396 1180 1909
f 1909 1180 394
f 1141 1909 1140
f 1144 1910 1143
f 398 1179 1910
f 1910 1179 396
f 1143 1910 1142
f 1146 1911 1145
f 400 1178 1911
f 1911 1178 398
f 1145 1911 1144
f 1148 1912 1147
f 402 1177 1912
f 1912 1177 400
f 1147 1912 1146
f 1150 1913 1149
f 404 1176 1913
f 1913 1176 402
f 1149 1913 1148
f 1152 1914 1151
f 406 1175 1914
f 1914 1175 404
f 1151 1914 1150
f 1154 1915 1153
f 408 1174 1915
f 1915 1174 406
f 1153 1915 1152
f 1156 1916 1155
f 410 1173 1916
f 1916 1173 408
f 1155 1916 1154
f 1158 1917 1157
f 412 1172 1917
f 1917 1172 410
f 1157 1917 1156
f 1160 1918 1162
f 356 1200 1918
f 1918 1200 354
f 1162 1918 1171
f 1163 1919 1161
f 358 1199 1919
f 1919 1199 356
f 1161 1919 1160
f 1165 1920 1164
f 360 1198 1920
f 1920 1198 358
f 1164 1920 1163
f 1167 1921 1166
f 362 1197 1921
f 1921 1197 360
f 1166 1921 1165
f 1169 1922 1168
f 364 1196 1922
f 1922 1196 362
f 1168 1922 1167
usemtl White
f 93 1923 1319
f 1317 1414 1923
f 1414 1413 1923
f 1923 90 1319
f 450 1924 1318
f 1320 1323 1924
f 1323 1317 1924
f 1924 93 1318
f 3 1925 1322
f 1326 1325 1925
f 1325 1320 1925
f 1925 450 1322
f 451 1926 1323
f 1416 1324 452
f 449 1926 1416
f 453 1927 1325
f 1324 1328 452
f 451 1927 1324
f 6 1928 1474
f 1329 1327 1928
f 1327 1326 1928
f 1928 3 1474
f 454 1929 1327
f 1328 1331 452
f 453 1929 1328
f 9 1930 1472
f 1332 1330 1930
f 1330 1329 1930
f 1930 6 1472
f 455 1931 1330
f 1331 1334 452
f 454 1931 1331
f 12 1932 1470
f 1335 1333 1932
f 1333 1332 1932
f 1932 9 1470
f 456 1933 1333
f 1334 1337 452
f 455 1933 1334
f 15 1934 1468
f 1338 1336 1934
f 1336 1335 1934
f 1934 12 1468
f 457 1935 1336
f 1337 1340 452
f 456 1935 1337
f 18 1936 1466
f 1341 1339 1936
f 1339 1338 1936
f 1936 15 1466
f 458 1937 1339
f 1340 1343 452
f 457 1937 1340
f 21 1938 1464
f 1344 1342 1938
f 1342 1341 1938
f 1938 18 1464
f 459 1939 1342
f 1343 1346 452
f 458 1939 1343
f 24 1940 1462
f 1347 1345 1940
f 1345 1344 1940
f 1940 21 1462
f 460 1941 1345
f 1346 1349 452
f 459 1941 1346
f 27 1942 1460
f 1350 1348 1942
f 1348 1347 1942
f 1942 24 1460
f 461 1943 1348
f 1349 1352 452
f 460 1943 1349
f 30 1944 1458
f 1353 1351 1944
f 1351 1350 1944
f 1944 27 1458
f 462 1945 1351
f 1352 1355 452
f 461 1945 1352
f 33 1946 1456
f 1356 1354 1946
f 1354 1353 1946
f 1946 30 1456
f 463 1947 1354
f 1355 1358 452
f 462 1947 1355
f 36 1948 1454
f 1359 1357 1948
f 1357 1356 1948
f 1948 33 1454
f 464 1949 1357
f 1358 1361 452
f 463 1949 1358
f 39 1950 1452
f 1362 1360 1950
f 1360 1359 1950
f 1950 36 1452
f 465 1951 1360
f 1361 1364 452
f 464 1951 1361
f 42 1952 1450
f 1365 1363 1952
f 1363 1362 1952
f 1952 39 1450
f 466 1953 1363
f 1364 1367 452
f 465 1953 1364
f 45 1954 1448
f 1368 1366 1954
f 1366 1365 1954
f 1954 42 1448
f 467 1955 1366
f 1367 1370 452
f 466 1955 1367
f 48 1956 1446
f 1371 1369 1956
f 1369 1368 1956
f 1956 45 1446
f 468 1957 1369
f 1370 1373 452
f 467 1957 1370
f 51 1958 1444
f 1374 1372 1958
f 1372 1371 1958
f 1958 48 1444
f 469 1959 1372
f 1373 1376 452
f 468 1959 1373
f 54 1960 1442
f 1377 1375 1960
f 1375 1374 1960
f 1960 51 1442
f 470 1961 1375
f 1376 1379 452
f 469 1961 1376
f 57 1962 1440
f 1380 1378 1962
f 1378 1377 1962
f 1962 54 1440
f 471 1963 1378
f 1379 1382 452
f 470 1963 1379
f 60 1964 1438
f 1383 1381 1964
f 1381 1380 1964
f 1964 57 1438
f 472 1965 1381
f 1382 1385 452
f 471 1965 1382
f 63 1966 1436
f 1386 1384 1966
f 1384 1383 1966
f 1966 60 1436
f 473 1967 1384
f 1385 1388 452
f 472 1967 1385
f 66 1968 1434
f 1389 1387 1968
f 1387 1386 1968
f 1968 63 1434
f 474 1969 1387
f 1388 1391 452
f 473 1969 1388
f 69 1970 1432
f 1392 1390 1970
f 1390 1389 1970
f 1970 66 1432
f 475 1971 1390
f 1391 1394 452
f 474 1971 1391
f 72 1972 1430
f 1395 1393 1972
f 1393 1392 1972
f 1972 69 1430
f 476 1973 1393
f 1394 1397 452
f 475 1973 1394
f 75 1974 1428
f 1398 1396 1974
f 1396 1395 1974
f 1974 72 1428
f 477 1975 1396
f 1397 1400 452
f 476 1975 1397
f 78 1976 1426
f 1401 1399 1976
f 1399 1398 1976
f 1976 75 1426
f 478 1977 1399
f 1400 1403 452
f 477 1977 1400
f 81 1978 1424
f 1405 1402 1978
f 1402 1401 1978
f 1978 78 1424
f 479 1979 1402
f 1403 1404 452
f 478 1979 1403
f 480 1980 1406
f 1404 1409 452
f 479 1980 1404
f 84 1981 1422
f 1407 1406 1981
f 1406 1405 1981
f 1981 81 1422
f 87 1982 1420
f 1410 1408 1982
f 1408 1407 1982
f 1982 84 1420
f 481 1983 1408
f 1409 1412 452
f 480 1983 1409
f 90 1984 1418
f 1413 1411 1984
f 1411 1410 1984
f 1984 87 1418
f 482 1985 1411
f 1412 1415 452
f 481 1985 1412
f 449 1986 1414
f 1415 1416 452
f 482 1986 1415
f 93 1317 1923
f 1317 449 1414
f 1414 482 1413
f 1923 1413 90
f 450 1320 1924
f 1320 451 1323
f 1323 449 1317
f 1924 1317 93
f 3 1326 1925
f 1326 453 1325
f 1325 451 1320
f 1925 1320 450
f 451 1324 1926
f 1416 1926 1324
f 449 1323 1926
f 453 1328 1927
f 1324 1927 1328
f 451 1325 1927
f 6 1329 1928
f 1329 454 1327
f 1327 453 1326
f 1928 1326 3
f 454 1331 1929
f 1328 1929 1331
f 453 1327 1929
f 9 1332 1930
f 1332 455 1330
f 1330 454 1329
f 1930 1329 6
f 455 1334 1931
f 1331 1931 1334
f 454 1330 1931
f 12 1335 1932
f 1335 456 1333
f 1333 455 1332
f 1932 1332 9
f 456 1337 1933
f 1334 1933 1337
f 455 1333 1933
f 15 1338 1934
f 1338 457 1336
f 1336 456 1335
f 1934 1335 12
f 457 1340 1935
f 1337 1935 1340
f 456 1336 1935
f 18 1341 1936
f 1341 458 1339
f 1339 457 1338
f 1936 1338 15
f 458 1343 1937
f 1340 1937 1343
f 457 1339 1937
f 21 1344 1938
f 1344 459 1342
f 1342 458 1341
f 1938 1341 18
f 459 1346 1939
f 1343 1939 1346
f 458 1342 1939
f 24 1347 1940
f 1347 460 1345
f 1345 459 1344
f 1940 1344 21
f 460 1349 1941
f 1346 1941 1349
f 459 1345 1941
f 27 1350 1942
f 1350 461 1348
f 1348 460 1347
f 1942 1347 24
f 461 1352 1943
f 1349 1943 1352
f 460 1348 1943
f 30 1353 1944
f 1353 462 1351
f 1351 461 1350
f 1944 1350 27
f 462 1355 1945
f 1352 1945 1355
f 461 1351 1945
f 33 1356 1946
f 1356 463 1354
f 1354 462 1353
f 1946 1353 30
f 463 1358 1947
f 1355 1947 1358
f 462 1354 1947
f 36 1359 1948
f 1359 464 1357
f 1357 463 1356
f 1948 1356 33
f 464 1361 1949
f 1358 1949 1361
f 463 1357 1949
f 39 1362 1950
f 1362 465 1360
f 1360 464 1359
f 1950 1359 36
f 465 1364 1951
f 1361 1951 1364
f 464 1360 1951
f 42 1365 1952
f 1365 466 1363
f 1363 465 1362
f 1952 1362 39
f 466 1367 1953
f 1364 1953 1367
f 465 1363 1953
f 45 1368 1954
f 1368 467 1366
f 1366 466 1365
f 1954 1365 42
f 467 1370 1955
f 1367 1955 1370
f 466 1366 1955
f 48 1371 1956
f 1371 468 1369
f 1369 467 1368
f 1956 1368 45
f 468 1373 1957
f 1370 1957 1373
f 467 1369 1957
f 51 1374 1958
f 1374 469 1372
f 1372 468 1371
f 1958 1371 48
f 469 1376 1959
f 1373 1959 1376
f 468 1372 1959
f 54 1377 1960
f 1377 470 1375
f 1375 469 1374
f 1960 1374 51
f 470 1379 1961
f 1376 1961 1379
f 469 1375 1961
f 57 1380 1962
f 1380 471 1378
f 1378 470 1377
f 1962 1377 54
f 471 1382 1963
f 1379 1963 1382
f 470 1378 1963
f 60 1383 1964
f 1383 472 1381
f 1381 471 1380
f 1964 1380 57
f 472 1385 1965
f 1382 1965 1385
f 471 1381 1965
f 63 1386 1966
f 1386 473 1384
f 1384 472 1383
f 1966 1383 60
f 473 1388 1967
f 1385 1967 1388
f 472 1384 1967
f 66 1389 1968
f 1389 474 1387
f 1387 473 1386
f 1968 1386 63
f 474 1391 1969
f 1388 1969 1391
f 473 1387 1969
f 69 1392 1970
f 1392 475 1390
f 1390 474 1389
f 1970 1389 66
f 475 1394 1971
f 1391 1971 1394
f 474 1390 1971
f 72 1395 1972
f 1395 476 1393
f 1393 475 1392
f 1972 1392 69
f 476 1397 1973
f 1394 1973 1397
f 475 1393 1973
f 75 1398 1974
f 1398 477 1396
f 1396 476 1395
f 1974 1395 72
f 477 1400 1975
f 1397 1975 1400
f 476 1396 1975
f 78 1401 1976
f 1401 478 1399
f 1399 477 1398
f 1976 1398 75
f 478 1403 1977
f 1400 1977 1403
f 477 1399 1977
f 81 1405 1978
f 1405 479 1402
f 1402 478 1401
f 1978 1401 78
f 479 1404 1979
f 1403 1979 1404
f 478 1402 1979
f 480 1409 1980
f 1404 1980 1409
f 479 1406 1980
f 84 1407 1981
f 1407 480 1406
f 1406 479 1405
f 1981 1405 81
f 87 1410 1982
f 1410 481 1408
f 1408 480 1407
f 1982 1407 84
f 481 1412 1983
f 1409 1983 1412
f 480 1408 1983
f 90 1413 1984
f 1413 482 1411
f 1411 481 1410
f 1984 1410 87
f 482 1415 1985
f 1412 1985 1415
f 481 1411 1985
f 449 1416 1986
f 1415 1986 1416
f 482 1414 1986
