# Blender 4.4.3
# www.blender.org
mtllib white_ball.mtl
o Cue.001
v -0.290424 0.023143 0.865970
v -0.286165 0.022723 0.865970
v -0.290424 0.016350 0.869624
v -0.290424 0.029096 0.861052
v -0.294682 0.022723 0.865970
v -0.293357 0.016061 0.869624
v -0.295844 0.028563 0.861052
v -0.298777 0.021481 0.865970
v -0.296177 0.015205 0.869624
v -0.301055 0.026982 0.861052
v -0.302551 0.019464 0.865970
v -0.298777 0.013816 0.869624
v -0.305858 0.024414 0.861052
v -0.305858 0.016749 0.865970
v -0.301055 0.011946 0.869624
v -0.310068 0.020959 0.861052
v -0.308573 0.013442 0.865970
v -0.302925 0.009668 0.869624
v -0.313523 0.016749 0.861052
v -0.310590 0.009668 0.865970
v -0.304315 0.007068 0.869624
v -0.316091 0.011946 0.861052
v -0.311832 0.005573 0.865970
v -0.305170 0.004248 0.869624
v -0.317672 0.006734 0.861052
v -0.312252 0.001314 0.865970
v -0.305459 0.001314 0.869624
v -0.318206 0.001315 0.861052
v -0.311832 -0.002944 0.865970
v -0.305170 -0.001619 0.869624
v -0.317672 -0.004105 0.861052
v -0.310590 -0.007039 0.865970
v -0.304315 -0.004439 0.869624
v -0.316091 -0.009317 0.861052
v -0.308573 -0.010813 0.865970
v -0.302925 -0.007039 0.869624
v -0.313523 -0.014120 0.861052
v -0.305858 -0.014120 0.865970
v -0.301055 -0.009317 0.869624
v -0.310068 -0.018330 0.861052
v -0.302551 -0.016835 0.865970
v -0.298777 -0.011187 0.869624
v -0.305858 -0.021785 0.861052
v -0.298777 -0.018852 0.865970
v -0.296177 -0.012576 0.869624
v -0.301055 -0.024353 0.861052
v -0.294682 -0.020094 0.865970
v -0.293357 -0.013432 0.869624
v -0.295844 -0.025934 0.861052
v -0.290424 -0.020514 0.865970
v -0.290424 -0.013721 0.869624
v -0.290424 -0.026467 0.861052
v -0.286165 -0.020094 0.865970
v -0.287490 -0.013432 0.869624
v -0.285004 -0.025934 0.861052
v -0.282070 -0.018852 0.865970
v -0.284670 -0.012576 0.869624
v -0.279792 -0.024353 0.861052
v -0.278297 -0.016835 0.865970
v -0.282070 -0.011187 0.869624
v -0.274989 -0.021785 0.861052
v -0.274989 -0.014120 0.865970
v -0.279792 -0.009317 0.869624
v -0.270779 -0.018330 0.861052
v -0.272274 -0.010813 0.865970
v -0.277922 -0.007039 0.869624
v -0.267324 -0.014120 0.861052
v -0.270257 -0.007039 0.865970
v -0.276533 -0.004439 0.869624
v -0.264757 -0.009317 0.861052
v -0.269015 -0.002944 0.865970
v -0.275677 -0.001619 0.869624
v -0.263176 -0.004105 0.861052
v -0.268595 0.001314 0.865970
v -0.275388 0.001314 0.869624
v -0.262642 0.001315 0.861052
v -0.269015 0.005573 0.865970
v -0.275677 0.004248 0.869624
v -0.263176 0.006734 0.861052
v -0.270257 0.009668 0.865970
v -0.276533 0.007068 0.869624
v -0.264756 0.011946 0.861052
v -0.272274 0.013442 0.865970
v -0.277922 0.009668 0.869624
v -0.267324 0.016749 0.861052
v -0.274989 0.016749 0.865970
v -0.279792 0.011946 0.869624
v -0.270779 0.020959 0.861052
v -0.278297 0.019464 0.865970
v -0.282070 0.013816 0.869624
v -0.274989 0.024414 0.861052
v -0.282070 0.021481 0.865970
v -0.284670 0.015205 0.869624
v -0.279792 0.026982 0.861052
v -0.277922 0.031496 0.855060
v -0.285004 0.028563 0.861052
v -0.284050 0.033355 0.855060
v -0.283342 0.036916 0.848223
v -0.290424 0.033983 0.855060
v -0.290424 0.037613 0.848223
v -0.296797 0.033355 0.855060
v -0.297505 0.036916 0.848223
v -0.302925 0.031496 0.855060
v -0.304315 0.034850 0.848223
v -0.308573 0.028477 0.855060
v -0.310590 0.031496 0.848223
v -0.313523 0.024414 0.855060
v -0.316091 0.026982 0.848223
v -0.317586 0.019464 0.855060
v -0.320605 0.021481 0.848223
v -0.320605 0.013816 0.855060
v -0.323959 0.015205 0.848223
v -0.322464 0.007688 0.855060
v -0.326025 0.008396 0.848223
v -0.323092 0.001314 0.855060
v -0.326722 0.001315 0.848223
v -0.322464 -0.005059 0.855060
v -0.326025 -0.005767 0.848223
v -0.320605 -0.011187 0.855060
v -0.323959 -0.012576 0.848223
v -0.317586 -0.016835 0.855060
v -0.320605 -0.018852 0.848223
v -0.313523 -0.021785 0.855060
v -0.316091 -0.024353 0.848223
v -0.308573 -0.025848 0.855060
v -0.310590 -0.028867 0.848223
v -0.302925 -0.028867 0.855060
v -0.304315 -0.032221 0.848223
v -0.296797 -0.030726 0.855060
v -0.297505 -0.034287 0.848223
v -0.290424 -0.031354 0.855060
v -0.290424 -0.034984 0.848223
v -0.284050 -0.030726 0.855060
v -0.283342 -0.034287 0.848223
v -0.277922 -0.028867 0.855060
v -0.276533 -0.032221 0.848223
v -0.272274 -0.025848 0.855060
v -0.270257 -0.028867 0.848223
v -0.267324 -0.021785 0.855060
v -0.264757 -0.024353 0.848223
v -0.263261 -0.016835 0.855060
v -0.260242 -0.018852 0.848223
v -0.260242 -0.011187 0.855060
v -0.256888 -0.012576 0.848223
v -0.258383 -0.005059 0.855060
v -0.254822 -0.005767 0.848223
v -0.257756 0.001315 0.855060
v -0.254125 0.001315 0.848223
v -0.258383 0.007688 0.855060
v -0.254822 0.008396 0.848223
v -0.260242 0.013816 0.855060
v -0.256888 0.015205 0.848223
v -0.263261 0.019464 0.855060
v -0.260242 0.021481 0.848223
v -0.267324 0.024414 0.855060
v -0.264757 0.026982 0.848223
v -0.272274 0.028477 0.855060
v -0.270257 0.031496 0.848223
v -0.269015 0.033355 0.840805
v -0.276533 0.034850 0.848223
v -0.275677 0.036916 0.840805
v -0.275388 0.037613 0.833091
v -0.282906 0.039109 0.840805
v -0.282759 0.039849 0.833091
v -0.290424 0.039849 0.840805
v -0.290424 0.040604 0.833091
v -0.297941 0.039109 0.840805
v -0.298089 0.039849 0.833091
v -0.305170 0.036916 0.840805
v -0.305459 0.037613 0.833091
v -0.311832 0.033355 0.840805
v -0.312252 0.033983 0.833091
v -0.317672 0.028563 0.840805
v -0.318206 0.029096 0.833091
v -0.322464 0.022723 0.840805
v -0.323092 0.023143 0.833091
v -0.326025 0.016061 0.840805
v -0.326722 0.016350 0.833091
v -0.328218 0.008832 0.840805
v -0.328958 0.008980 0.833091
v -0.328958 0.001315 0.840805
v -0.329713 0.001315 0.833091
v -0.328218 -0.006203 0.840805
v -0.328958 -0.006350 0.833091
v -0.326025 -0.013432 0.840805
v -0.326722 -0.013721 0.833091
v -0.322464 -0.020094 0.840805
v -0.323092 -0.020514 0.833091
v -0.317672 -0.025934 0.840805
v -0.318205 -0.026467 0.833091
v -0.311832 -0.030726 0.840805
v -0.312252 -0.031354 0.833091
v -0.305170 -0.034287 0.840805
v -0.305459 -0.034984 0.833091
v -0.297941 -0.036480 0.840805
v -0.298089 -0.037220 0.833091
v -0.290424 -0.037220 0.840805
v -0.290424 -0.037975 0.833091
v -0.282906 -0.036480 0.840805
v -0.282759 -0.037220 0.833091
v -0.275677 -0.034287 0.840805
v -0.275388 -0.034984 0.833091
v -0.269015 -0.030726 0.840805
v -0.268595 -0.031354 0.833091
v -0.263176 -0.025934 0.840805
v -0.262642 -0.026467 0.833091
v -0.258383 -0.020094 0.840805
v -0.257756 -0.020514 0.833091
v -0.254822 -0.013432 0.840805
v -0.254125 -0.013721 0.833091
v -0.252629 -0.006203 0.840805
v -0.251889 -0.006351 0.833091
v -0.251889 0.001315 0.840805
v -0.251134 0.001315 0.833091
v -0.252629 0.008832 0.840805
v -0.251889 0.008980 0.833091
v -0.254822 0.016061 0.840805
v -0.254125 0.016350 0.833091
v -0.258383 0.022723 0.840805
v -0.257756 0.023143 0.833091
v -0.263176 0.028563 0.840805
v -0.262642 0.029096 0.833091
v -0.263176 0.028563 0.825377
v -0.268595 0.033983 0.833091
v -0.269015 0.033355 0.825377
v -0.270257 0.031496 0.817959
v -0.275677 0.036916 0.825377
v -0.276533 0.034850 0.817959
v -0.282906 0.039109 0.825377
v -0.283342 0.036916 0.817959
v -0.290424 0.039849 0.825377
v -0.290424 0.037613 0.817959
v -0.297941 0.039109 0.825377
v -0.297505 0.036916 0.817959
v -0.305170 0.036916 0.825377
v -0.304315 0.034850 0.817959
v -0.311832 0.033355 0.825377
v -0.310590 0.031496 0.817959
v -0.317672 0.028563 0.825377
v -0.316091 0.026982 0.817959
v -0.322464 0.022723 0.825377
v -0.320605 0.021481 0.817959
v -0.326025 0.016061 0.825377
v -0.323959 0.015205 0.817959
v -0.328218 0.008832 0.825377
v -0.326025 0.008396 0.817959
v -0.328958 0.001315 0.825377
v -0.326722 0.001315 0.817959
v -0.328218 -0.006203 0.825377
v -0.326025 -0.005767 0.817959
v -0.326025 -0.013432 0.825377
v -0.323959 -0.012576 0.817959
v -0.322464 -0.020094 0.825377
v -0.320605 -0.018852 0.817959
v -0.317672 -0.025934 0.825377
v -0.316091 -0.024353 0.817959
v -0.311832 -0.030726 0.825377
v -0.310590 -0.028867 0.817959
v -0.305170 -0.034287 0.825377
v -0.304315 -0.032221 0.817959
v -0.297941 -0.036480 0.825377
v -0.297505 -0.034287 0.817959
v -0.290424 -0.037220 0.825377
v -0.290424 -0.034984 0.817959
v -0.282906 -0.036480 0.825377
v -0.283342 -0.034287 0.817959
v -0.275677 -0.034287 0.825377
v -0.276533 -0.032221 0.817959
v -0.269015 -0.030726 0.825377
v -0.270257 -0.028867 0.817959
v -0.263176 -0.025934 0.825377
v -0.264757 -0.024353 0.817959
v -0.258383 -0.020094 0.825377
v -0.260242 -0.018852 0.817959
v -0.254822 -0.013432 0.825377
v -0.256888 -0.012576 0.817959
v -0.252629 -0.006203 0.825377
v -0.254822 -0.005767 0.817959
v -0.251889 0.001315 0.825377
v -0.254125 0.001315 0.817959
v -0.252629 0.008832 0.825377
v -0.254822 0.008396 0.817959
v -0.254822 0.016061 0.825377
v -0.256888 0.015205 0.817959
v -0.258383 0.022723 0.825377
v -0.260242 0.021481 0.817959
v -0.263261 0.019464 0.811122
v -0.264756 0.026982 0.817959
v -0.267324 0.024414 0.811122
v -0.270779 0.020959 0.805130
v -0.272274 0.028477 0.811122
v -0.274989 0.024414 0.805130
v -0.277922 0.031496 0.811122
v -0.279792 0.026982 0.805130
v -0.284050 0.033355 0.811122
v -0.285004 0.028563 0.805130
v -0.290424 0.033983 0.811122
v -0.290424 0.029096 0.805130
v -0.296797 0.033355 0.811122
v -0.295844 0.028563 0.805130
v -0.302925 0.031496 0.811122
v -0.301055 0.026982 0.805130
v -0.308573 0.028477 0.811122
v -0.305858 0.024414 0.805130
v -0.313523 0.024414 0.811122
v -0.310068 0.020959 0.805130
v -0.317586 0.019464 0.811122
v -0.313523 0.016749 0.805130
v -0.320605 0.013816 0.811122
v -0.316091 0.011946 0.805130
v -0.322464 0.007688 0.811122
v -0.317672 0.006734 0.805130
v -0.323092 0.001314 0.811122
v -0.318206 0.001315 0.805130
v -0.322464 -0.005059 0.811122
v -0.317672 -0.004105 0.805130
v -0.320605 -0.011187 0.811122
v -0.316091 -0.009317 0.805130
v -0.317586 -0.016835 0.811122
v -0.313523 -0.014120 0.805130
v -0.313523 -0.021785 0.811122
v -0.310068 -0.018330 0.805130
v -0.308573 -0.025848 0.811122
v -0.305858 -0.021785 0.805130
v -0.302925 -0.028867 0.811122
v -0.301055 -0.024353 0.805130
v -0.296797 -0.030726 0.811122
v -0.295844 -0.025934 0.805130
v -0.290424 -0.031354 0.811122
v -0.290424 -0.026467 0.805130
v -0.284050 -0.030726 0.811122
v -0.285004 -0.025934 0.805130
v -0.277922 -0.028867 0.811122
v -0.279792 -0.024353 0.805130
v -0.272274 -0.025848 0.811122
v -0.274989 -0.021785 0.805130
v -0.267324 -0.021785 0.811122
v -0.270779 -0.018330 0.805130
v -0.263261 -0.016835 0.811122
v -0.267324 -0.014120 0.805130
v -0.260242 -0.011187 0.811122
v -0.264757 -0.009317 0.805130
v -0.258383 -0.005059 0.811122
v -0.263176 -0.004105 0.805130
v -0.257756 0.001315 0.811122
v -0.262642 0.001315 0.805130
v -0.258383 0.007688 0.811122
v -0.263176 0.006734 0.805130
v -0.260242 0.013816 0.811122
v -0.264756 0.011946 0.805130
v -0.270257 0.009668 0.800212
v -0.267324 0.016749 0.805130
v -0.272274 0.013442 0.800212
v -0.277922 0.009668 0.796558
v -0.274989 0.016749 0.800212
v -0.279792 0.011946 0.796558
v -0.278297 0.019464 0.800212
v -0.282070 0.013816 0.796558
v -0.282070 0.021481 0.800212
v -0.284670 0.015205 0.796558
v -0.286165 0.022723 0.800212
v -0.287490 0.016061 0.796558
v -0.290424 0.023143 0.800212
v -0.290424 0.016350 0.796558
v -0.294682 0.022723 0.800212
v -0.293357 0.016061 0.796558
v -0.298777 0.021481 0.800212
v -0.296177 0.015205 0.796558
v -0.302551 0.019464 0.800212
v -0.298777 0.013816 0.796558
v -0.305858 0.016749 0.800212
v -0.301055 0.011946 0.796558
v -0.308573 0.013442 0.800212
v -0.302925 0.009668 0.796558
v -0.310590 0.009668 0.800212
v -0.304315 0.007068 0.796558
v -0.311832 0.005573 0.800212
v -0.305170 0.004248 0.796558
v -0.312252 0.001314 0.800212
v -0.305459 0.001314 0.796558
v -0.311832 -0.002944 0.800212
v -0.305170 -0.001619 0.796558
v -0.310590 -0.007039 0.800212
v -0.304315 -0.004439 0.796558
v -0.308573 -0.010813 0.800212
v -0.302925 -0.007039 0.796558
v -0.305858 -0.014120 0.800212
v -0.301055 -0.009317 0.796558
v -0.302551 -0.016835 0.800212
v -0.298777 -0.011187 0.796558
v -0.298777 -0.018852 0.800212
v -0.296177 -0.012576 0.796558
v -0.294682 -0.020094 0.800212
v -0.293357 -0.013432 0.796558
v -0.290424 -0.020514 0.800212
v -0.290424 -0.013721 0.796558
v -0.286165 -0.020094 0.800212
v -0.287490 -0.013432 0.796558
v -0.282070 -0.018852 0.800212
v -0.284670 -0.012576 0.796558
v -0.278297 -0.016835 0.800212
v -0.282070 -0.011187 0.796558
v -0.274989 -0.014120 0.800212
v -0.279792 -0.009317 0.796558
v -0.272274 -0.010813 0.800212
v -0.277922 -0.007039 0.796558
v -0.270257 -0.007039 0.800212
v -0.276533 -0.004439 0.796558
v -0.269015 -0.002944 0.800212
v -0.275677 -0.001619 0.796558
v -0.268595 0.001314 0.800212
v -0.275388 0.001314 0.796558
v -0.269015 0.005573 0.800212
v -0.275677 0.004248 0.796558
v -0.282627 0.002865 0.794336
v -0.276533 0.007068 0.796558
v -0.283079 0.004357 0.794336
v -0.283814 0.005731 0.794336
v -0.290424 0.001315 0.793390
v -0.296045 -0.004307 0.794336
v -0.290424 0.009264 0.794336
v -0.288873 0.009112 0.794336
v -0.287381 0.008659 0.794336
v -0.286007 0.007925 0.794336
v -0.284802 0.006936 0.794336
v -0.282474 0.001315 0.794336
v -0.282627 -0.000236 0.794336
v -0.283079 -0.001728 0.794336
v -0.283814 -0.003102 0.794336
v -0.284802 -0.004307 0.794336
v -0.286007 -0.005296 0.794336
v -0.287381 -0.006030 0.794336
v -0.288873 -0.006483 0.794336
v -0.290424 -0.006635 0.794336
v -0.291975 -0.006483 0.794336
v -0.293466 -0.006030 0.794336
v -0.294840 -0.005296 0.794336
v -0.297034 -0.003102 0.794336
v -0.297768 -0.001728 0.794336
v -0.298221 -0.000236 0.794336
v -0.298373 0.001314 0.794336
v -0.298221 0.002865 0.794336
v -0.297768 0.004357 0.794336
v -0.297034 0.005731 0.794336
v -0.296045 0.006936 0.794336
v -0.294840 0.007925 0.794336
v -0.293466 0.008659 0.794336
v -0.291975 0.009112 0.794336
v -0.287381 0.008659 0.871846
v -0.287490 0.016061 0.869624
v -0.288873 0.009112 0.871846
v -0.290424 0.001315 0.872792
v -0.290424 0.009264 0.871846
v -0.291975 0.009112 0.871846
v -0.293466 0.008659 0.871846
v -0.294840 0.007925 0.871846
v -0.296045 0.006936 0.871846
v -0.297034 0.005731 0.871846
v -0.297768 0.004357 0.871846
v -0.298221 0.002865 0.871846
v -0.298373 0.001315 0.871846
v -0.298221 -0.000236 0.871846
v -0.297768 -0.001728 0.871846
v -0.297034 -0.003102 0.871846
v -0.296045 -0.004307 0.871846
v -0.294840 -0.005296 0.871846
v -0.293466 -0.006030 0.871846
v -0.291975 -0.006483 0.871846
v -0.290424 -0.006635 0.871846
v -0.288873 -0.006483 0.871846
v -0.287381 -0.006030 0.871846
v -0.286007 -0.005296 0.871846
v -0.284802 -0.004307 0.871846
v -0.283814 -0.003102 0.871846
v -0.283079 -0.001728 0.871846
v -0.282627 -0.000236 0.871846
v -0.282474 0.001315 0.871846
v -0.282627 0.002865 0.871846
v -0.283079 0.004357 0.871846
v -0.283814 0.005731 0.871846
v -0.284802 0.006936 0.871846
v -0.286007 0.007925 0.871846
v -0.288284 0.023037 0.865970
v -0.290424 0.019835 0.867965
v -0.290424 0.026239 0.863658
v -0.292563 0.023037 0.865970
v -0.294037 0.019480 0.867965
v -0.295286 0.025760 0.863658
v -0.296760 0.022203 0.865970
v -0.297511 0.018426 0.867965
v -0.299962 0.024342 0.863658
v -0.300713 0.020565 0.865970
v -0.300713 0.016714 0.867965
v -0.304271 0.022039 0.863658
v -0.304271 0.018188 0.865970
v -0.303520 0.014411 0.867965
v -0.308048 0.018939 0.863658
v -0.307297 0.015162 0.865970
v -0.305823 0.011604 0.867965
v -0.311148 0.015162 0.863658
v -0.309674 0.011604 0.865970
v -0.307535 0.008402 0.867965
v -0.313451 0.010853 0.863658
v -0.311312 0.007651 0.865970
v -0.308589 0.004928 0.867965
v -0.314870 0.006177 0.863658
v -0.312147 0.003454 0.865970
v -0.308944 0.001314 0.867965
v -0.315349 0.001315 0.863658
v -0.312147 -0.000825 0.865970
v -0.308589 -0.002299 0.867965
v -0.314870 -0.003548 0.863658
v -0.311312 -0.005022 0.865970
v -0.307535 -0.005773 0.867965
v -0.313451 -0.008224 0.863658
v -0.309674 -0.008975 0.865970
v -0.305823 -0.008975 0.867965
v -0.311148 -0.012533 0.863658
v -0.307297 -0.012533 0.865970
v -0.303520 -0.011782 0.867965
v -0.308048 -0.016310 0.863658
v -0.304271 -0.015559 0.865970
v -0.300713 -0.014085 0.867965
v -0.304271 -0.019410 0.863658
v -0.300713 -0.017936 0.865970
v -0.297511 -0.015797 0.867965
v -0.299962 -0.021713 0.863658
v -0.296760 -0.019574 0.865970
v -0.294037 -0.016851 0.867965
v -0.295286 -0.023131 0.863658
v -0.292563 -0.020408 0.865970
v -0.290424 -0.017206 0.867965
v -0.290424 -0.023610 0.863658
v -0.288284 -0.020408 0.865970
v -0.286810 -0.016851 0.867965
v -0.285561 -0.023131 0.863658
v -0.284087 -0.019574 0.865970
v -0.283336 -0.015797 0.867965
v -0.280885 -0.021713 0.863658
v -0.280134 -0.017936 0.865970
v -0.280134 -0.014085 0.867965
v -0.276576 -0.019410 0.863658
v -0.276576 -0.015559 0.865970
v -0.277327 -0.011782 0.867965
v -0.272799 -0.016310 0.863658
v -0.273550 -0.012533 0.865970
v -0.275024 -0.008975 0.867965
v -0.269699 -0.012533 0.863658
v -0.271173 -0.008975 0.865970
v -0.273313 -0.005773 0.867965
v -0.267396 -0.008224 0.863658
v -0.269536 -0.005022 0.865970
v -0.272259 -0.002299 0.867965
v -0.265978 -0.003548 0.863658
v -0.268701 -0.000825 0.865970
v -0.271903 0.001314 0.867965
v -0.265499 0.001315 0.863658
v -0.268701 0.003454 0.865970
v -0.272259 0.004928 0.867965
v -0.265978 0.006177 0.863658
v -0.269536 0.007651 0.865970
v -0.273313 0.008402 0.867965
v -0.267396 0.010853 0.863658
v -0.271173 0.011604 0.865970
v -0.275024 0.011604 0.867965
v -0.269699 0.015162 0.863658
v -0.273550 0.015162 0.865970
v -0.277327 0.014411 0.867965
v -0.272799 0.018939 0.863658
v -0.276576 0.018188 0.865970
v -0.280134 0.016714 0.867965
v -0.276576 0.022039 0.863658
v -0.280134 0.020565 0.865970
v -0.283336 0.018426 0.867965
v -0.280885 0.024342 0.863658
v -0.284087 0.022203 0.865970
v -0.278801 0.029374 0.858177
v -0.282359 0.027900 0.861052
v -0.277327 0.025816 0.861052
v -0.285561 0.025761 0.863658
v -0.284498 0.031102 0.858177
v -0.287701 0.028963 0.861052
v -0.283664 0.035299 0.851731
v -0.287222 0.033825 0.855060
v -0.280941 0.032576 0.855060
v -0.290424 0.031686 0.858177
v -0.290424 0.035965 0.851731
v -0.293626 0.033825 0.855060
v -0.296349 0.031102 0.858177
v -0.297184 0.035299 0.851731
v -0.299907 0.032576 0.855060
v -0.302046 0.029374 0.858177
v -0.303684 0.033327 0.851731
v -0.305823 0.030125 0.855060
v -0.307297 0.026567 0.858177
v -0.309674 0.030125 0.851731
v -0.311148 0.026567 0.855060
v -0.311899 0.022790 0.858177
v -0.314925 0.025816 0.851731
v -0.315676 0.022039 0.855060
v -0.315676 0.018188 0.858177
v -0.319234 0.020565 0.851731
v -0.319234 0.016714 0.855060
v -0.318483 0.012937 0.858177
v -0.322436 0.014575 0.851731
v -0.321685 0.010797 0.855060
v -0.320211 0.007240 0.858177
v -0.324408 0.008074 0.851731
v -0.322934 0.004517 0.855060
v -0.320795 0.001315 0.858177
v -0.325074 0.001314 0.851731
v -0.322934 -0.001888 0.855060
v -0.320211 -0.004611 0.858177
v -0.324408 -0.005445 0.851731
v -0.321685 -0.008168 0.855060
v -0.318483 -0.010308 0.858177
v -0.322436 -0.011946 0.851731
v -0.319234 -0.014085 0.855060
v -0.315676 -0.015559 0.858177
v -0.319234 -0.017936 0.851731
v -0.315676 -0.019410 0.855060
v -0.311899 -0.020161 0.858177
v -0.314925 -0.023187 0.851731
v -0.311148 -0.023938 0.855060
v -0.307297 -0.023938 0.858177
v -0.309674 -0.027496 0.851731
v -0.305823 -0.027496 0.855060
v -0.302046 -0.026745 0.858177
v -0.303684 -0.030698 0.851731
v -0.299907 -0.029947 0.855060
v -0.296349 -0.028473 0.858177
v -0.297184 -0.032670 0.851731
v -0.293626 -0.031196 0.855060
v -0.290424 -0.029057 0.858177
v -0.290424 -0.033336 0.851731
v -0.287222 -0.031196 0.855060
v -0.284499 -0.028473 0.858177
v -0.283664 -0.032670 0.851731
v -0.280941 -0.029947 0.855060
v -0.278801 -0.026745 0.858177
v -0.277164 -0.030698 0.851731
v -0.275024 -0.027496 0.855060
v -0.273550 -0.023938 0.858177
v -0.271173 -0.027496 0.851731
v -0.269699 -0.023938 0.855060
v -0.268948 -0.020161 0.858177
v -0.265922 -0.023187 0.851731
v -0.265171 -0.019410 0.855060
v -0.265171 -0.015559 0.858177
v -0.261613 -0.017936 0.851731
v -0.261613 -0.014085 0.855060
v -0.262364 -0.010308 0.858177
v -0.258411 -0.011946 0.851731
v -0.259162 -0.008169 0.855060
v -0.260636 -0.004611 0.858177
v -0.256439 -0.005445 0.851731
v -0.257913 -0.001888 0.855060
v -0.260053 0.001315 0.858177
v -0.255773 0.001315 0.851731
v -0.257913 0.004517 0.855060
v -0.260636 0.007240 0.858177
v -0.256439 0.008074 0.851731
v -0.259162 0.010798 0.855060
v -0.262364 0.012937 0.858177
v -0.258411 0.014575 0.851731
v -0.261613 0.016714 0.855060
v -0.265171 0.018188 0.858177
v -0.261613 0.020565 0.851731
v -0.265171 0.022039 0.855060
v -0.268948 0.022790 0.858177
v -0.265922 0.025816 0.851731
v -0.269699 0.026567 0.855060
v -0.273550 0.026567 0.858177
v -0.271173 0.030125 0.851731
v -0.275024 0.030125 0.855060
v -0.269536 0.032576 0.844570
v -0.273313 0.033327 0.848223
v -0.267396 0.029374 0.848223
v -0.277164 0.033327 0.851731
v -0.276036 0.036050 0.844570
v -0.279887 0.036050 0.848223
v -0.275461 0.037438 0.836967
v -0.279238 0.038190 0.840805
v -0.272259 0.035299 0.840805
v -0.283089 0.038190 0.844570
v -0.282796 0.039663 0.836967
v -0.286647 0.039663 0.840805
v -0.290424 0.040415 0.836967
v -0.290424 0.038912 0.844570
v -0.294201 0.039663 0.840805
v -0.297759 0.038190 0.844570
v -0.298052 0.039663 0.836967
v -0.301610 0.038190 0.840805
v -0.304812 0.036050 0.844570
v -0.305387 0.037438 0.836967
v -0.308589 0.035299 0.840805
v -0.311312 0.032576 0.844570
v -0.312147 0.033825 0.836967
v -0.314870 0.031102 0.840805
v -0.317009 0.027900 0.844570
v -0.318072 0.028963 0.836967
v -0.320211 0.025761 0.840805
v -0.321685 0.022203 0.844570
v -0.322934 0.023037 0.836967
v -0.324408 0.019480 0.840805
v -0.325159 0.015702 0.844570
v -0.326548 0.016278 0.836967
v -0.327299 0.012500 0.840805
v -0.327299 0.008649 0.844570
v -0.328772 0.008943 0.836967
v -0.328773 0.005092 0.840805
v -0.328021 0.001315 0.844570
v -0.329524 0.001315 0.836967
v -0.328772 -0.002463 0.840805
v -0.327299 -0.006020 0.844570
v -0.328773 -0.006314 0.836967
v -0.327299 -0.009871 0.840805
v -0.325159 -0.013073 0.844570
v -0.326548 -0.013648 0.836967
v -0.324408 -0.016851 0.840805
v -0.321685 -0.019574 0.844570
v -0.322934 -0.020408 0.836967
v -0.320211 -0.023131 0.840805
v -0.317009 -0.025271 0.844570
v -0.318072 -0.026334 0.836967
v -0.314870 -0.028473 0.840805
v -0.311312 -0.029947 0.844570
v -0.312147 -0.031196 0.836967
v -0.308589 -0.032670 0.840805
v -0.304812 -0.033421 0.844570
v -0.305387 -0.034809 0.836967
v -0.301610 -0.035561 0.840805
v -0.297759 -0.035561 0.844570
v -0.298052 -0.037034 0.836967
v -0.294201 -0.037034 0.840805
v -0.290424 -0.036283 0.844570
v -0.290424 -0.037786 0.836967
v -0.286647 -0.037034 0.840805
v -0.283089 -0.035561 0.844570
v -0.282796 -0.037034 0.836967
v -0.279238 -0.035561 0.840805
v -0.276036 -0.033421 0.844570
v -0.275461 -0.034809 0.836967
v -0.272259 -0.032670 0.840805
v -0.269536 -0.029947 0.844570
v -0.268701 -0.031196 0.836967
v -0.265978 -0.028473 0.840805
v -0.263838 -0.025271 0.844570
v -0.262776 -0.026334 0.836967
v -0.260636 -0.023132 0.840805
v -0.259162 -0.019574 0.844570
v -0.257913 -0.020408 0.836967
v -0.256439 -0.016851 0.840805
v -0.255688 -0.013073 0.844570
v -0.254300 -0.013649 0.836967
v -0.253548 -0.009871 0.840805
v -0.253548 -0.006020 0.844570
v -0.252075 -0.006314 0.836967
v -0.252075 -0.002463 0.840805
v -0.252826 0.001315 0.844570
v -0.251323 0.001315 0.836967
v -0.252075 0.005092 0.840805
v -0.253548 0.008649 0.844570
v -0.252075 0.008943 0.836967
v -0.253548 0.012500 0.840805
v -0.255688 0.015702 0.844570
v -0.254300 0.016277 0.836967
v -0.256439 0.019480 0.840805
v -0.259162 0.022203 0.844570
v -0.257913 0.023037 0.836967
v -0.260636 0.025761 0.840805
v -0.263838 0.027900 0.844570
v -0.262776 0.028963 0.836967
v -0.265978 0.031102 0.840805
v -0.262776 0.028963 0.829215
v -0.265499 0.031686 0.833091
v -0.260053 0.026239 0.833091
v -0.268701 0.033825 0.836967
v -0.268701 0.033825 0.829215
v -0.271903 0.035965 0.833091
v -0.269536 0.032576 0.821612
v -0.272259 0.035299 0.825377
v -0.265978 0.031102 0.825377
v -0.275461 0.037438 0.829215
v -0.276036 0.036050 0.821612
v -0.279238 0.038190 0.825377
v -0.282796 0.039663 0.829215
v -0.283089 0.038190 0.821612
v -0.286647 0.039663 0.825377
v -0.290424 0.040415 0.829215
v -0.290424 0.038912 0.821612
v -0.294201 0.039663 0.825377
v -0.298052 0.039663 0.829215
v -0.297759 0.038190 0.821612
v -0.301610 0.038190 0.825377
v -0.305387 0.037438 0.829215
v -0.304812 0.036050 0.821612
v -0.308589 0.035299 0.825377
v -0.312147 0.033825 0.829215
v -0.311312 0.032576 0.821612
v -0.314870 0.031102 0.825377
v -0.318072 0.028963 0.829215
v -0.317009 0.027900 0.821612
v -0.320211 0.025761 0.825377
v -0.322934 0.023037 0.829215
v -0.321685 0.022203 0.821612
v -0.324408 0.019480 0.825377
v -0.326548 0.016278 0.829215
v -0.325159 0.015702 0.821612
v -0.327299 0.012500 0.825377
v -0.328772 0.008943 0.829215
v -0.327299 0.008649 0.821612
v -0.328773 0.005092 0.825377
v -0.329524 0.001315 0.829215
v -0.328021 0.001315 0.821612
v -0.328773 -0.002463 0.825377
v -0.328772 -0.006314 0.829215
v -0.327299 -0.006020 0.821612
v -0.327299 -0.009871 0.825377
v -0.326548 -0.013648 0.829215
v -0.325159 -0.013073 0.821612
v -0.324408 -0.016851 0.825377
v -0.322934 -0.020408 0.829215
v -0.321685 -0.019574 0.821612
v -0.320211 -0.023131 0.825377
v -0.318072 -0.026334 0.829215
v -0.317009 -0.025271 0.821612
v -0.314870 -0.028473 0.825377
v -0.312147 -0.031196 0.829215
v -0.311312 -0.029947 0.821612
v -0.308589 -0.032670 0.825377
v -0.305387 -0.034809 0.829215
v -0.304812 -0.033421 0.821612
v -0.301610 -0.035561 0.825377
v -0.298052 -0.037034 0.829215
v -0.297759 -0.035561 0.821612
v -0.294201 -0.037034 0.825377
v -0.290424 -0.037786 0.829215
v -0.290424 -0.036283 0.821612
v -0.286647 -0.037034 0.825377
v -0.282796 -0.037034 0.829215
v -0.283089 -0.035561 0.821612
v -0.279238 -0.035561 0.825377
v -0.275461 -0.034809 0.829215
v -0.276036 -0.033421 0.821612
v -0.272259 -0.032670 0.825377
v -0.268701 -0.031196 0.829215
v -0.269536 -0.029947 0.821612
v -0.265978 -0.028473 0.825377
v -0.262776 -0.026334 0.829215
v -0.263838 -0.025271 0.821612
v -0.260636 -0.023132 0.825377
v -0.257913 -0.020408 0.829215
v -0.259162 -0.019574 0.821612
v -0.256439 -0.016851 0.825377
v -0.254300 -0.013649 0.829215
v -0.255688 -0.013073 0.821612
v -0.253548 -0.009871 0.825377
v -0.252075 -0.006314 0.829215
v -0.253548 -0.006020 0.821612
v -0.252075 -0.002463 0.825377
v -0.251323 0.001315 0.829215
v -0.252826 0.001315 0.821612
v -0.252075 0.005092 0.825377
v -0.252075 0.008943 0.829215
v -0.253548 0.008649 0.821612
v -0.253548 0.012500 0.825377
v -0.254300 0.016277 0.829215
v -0.255688 0.015702 0.821612
v -0.256439 0.019480 0.825377
v -0.257913 0.023037 0.829215
v -0.259162 0.022203 0.821612
v -0.260636 0.025761 0.825377
v -0.261613 0.020565 0.814451
v -0.262364 0.024342 0.817959
v -0.258411 0.018426 0.817959
v -0.263838 0.027900 0.821612
v -0.265922 0.025816 0.814451
v -0.267396 0.029374 0.817959
v -0.268948 0.022790 0.808005
v -0.269699 0.026567 0.811122
v -0.265171 0.022039 0.811122
v -0.271173 0.030125 0.814451
v -0.273550 0.026567 0.808005
v -0.275024 0.030125 0.811122
v -0.277164 0.033327 0.814451
v -0.278801 0.029374 0.808005
v -0.280941 0.032576 0.811122
v -0.283664 0.035299 0.814451
v -0.284498 0.031102 0.808005
v -0.287222 0.033825 0.811122
v -0.290424 0.035965 0.814451
v -0.290424 0.031686 0.808005
v -0.293626 0.033825 0.811122
v -0.297184 0.035299 0.814451
v -0.296349 0.031102 0.808005
v -0.299907 0.032576 0.811122
v -0.303684 0.033327 0.814451
v -0.302046 0.029374 0.808005
v -0.305823 0.030125 0.811122
v -0.309674 0.030125 0.814451
v -0.307297 0.026567 0.808005
v -0.311148 0.026567 0.811122
v -0.314925 0.025816 0.814451
v -0.311899 0.022790 0.808005
v -0.315676 0.022039 0.811122
v -0.319234 0.020565 0.814451
v -0.315676 0.018188 0.808005
v -0.319234 0.016714 0.811122
v -0.322436 0.014575 0.814451
v -0.318483 0.012937 0.808005
v -0.321685 0.010797 0.811122
v -0.324408 0.008074 0.814451
v -0.320211 0.007240 0.808005
v -0.322934 0.004517 0.811122
v -0.325074 0.001314 0.814451
v -0.320795 0.001315 0.808005
v -0.322934 -0.001888 0.811122
v -0.324408 -0.005445 0.814451
v -0.320211 -0.004611 0.808005
v -0.321685 -0.008168 0.811122
v -0.322436 -0.011946 0.814451
v -0.318483 -0.010308 0.808005
v -0.319234 -0.014085 0.811122
v -0.319234 -0.017936 0.814451
v -0.315676 -0.015559 0.808005
v -0.315676 -0.019410 0.811122
v -0.314925 -0.023187 0.814451
v -0.311899 -0.020161 0.808005
v -0.311148 -0.023938 0.811122
v -0.309674 -0.027496 0.814451
v -0.307297 -0.023938 0.808005
v -0.305823 -0.027496 0.811122
v -0.303684 -0.030698 0.814451
v -0.302046 -0.026745 0.808005
v -0.299907 -0.029947 0.811122
v -0.297184 -0.032670 0.814451
v -0.296349 -0.028473 0.808005
v -0.293626 -0.031196 0.811122
v -0.290424 -0.033336 0.814451
v -0.290424 -0.029057 0.808005
v -0.287222 -0.031196 0.811122
v -0.283664 -0.032670 0.814451
v -0.284499 -0.028473 0.808005
v -0.280941 -0.029947 0.811122
v -0.277164 -0.030698 0.814451
v -0.278801 -0.026745 0.808005
v -0.275024 -0.027496 0.811122
v -0.271173 -0.027496 0.814451
v -0.273550 -0.023938 0.808005
v -0.269699 -0.023938 0.811122
v -0.265922 -0.023187 0.814451
v -0.268948 -0.020161 0.808005
v -0.265171 -0.019410 0.811122
v -0.261613 -0.017936 0.814451
v -0.265171 -0.015559 0.808005
v -0.261613 -0.014085 0.811122
v -0.258411 -0.011946 0.814451
v -0.262364 -0.010308 0.808005
v -0.259162 -0.008169 0.811122
v -0.256439 -0.005445 0.814451
v -0.260636 -0.004611 0.808005
v -0.257913 -0.001888 0.811122
v -0.255773 0.001315 0.814451
v -0.260053 0.001315 0.808005
v -0.257913 0.004517 0.811122
v -0.256439 0.008074 0.814451
v -0.260636 0.007240 0.808005
v -0.259162 0.010798 0.811122
v -0.258411 0.014575 0.814451
v -0.262364 0.012937 0.808005
v -0.261613 0.016714 0.811122
v -0.267396 0.010853 0.802524
v -0.265922 0.014411 0.805130
v -0.263838 0.009379 0.805130
v -0.265171 0.018188 0.808005
v -0.269699 0.015162 0.802524
v -0.268948 0.018939 0.805130
v -0.275024 0.011604 0.798218
v -0.273550 0.015162 0.800212
v -0.271173 0.011604 0.800212
v -0.272799 0.018939 0.802524
v -0.277327 0.014411 0.798218
v -0.276576 0.018188 0.800212
v -0.276576 0.022039 0.802524
v -0.280134 0.016714 0.798218
v -0.280134 0.020565 0.800212
v -0.280885 0.024342 0.802524
v -0.283336 0.018426 0.798218
v -0.284087 0.022203 0.800212
v -0.285561 0.025761 0.802524
v -0.286810 0.019480 0.798218
v -0.288284 0.023037 0.800212
v -0.290424 0.026239 0.802524
v -0.290424 0.019835 0.798218
v -0.292563 0.023037 0.800212
v -0.295286 0.025760 0.802524
v -0.294037 0.019480 0.798218
v -0.296760 0.022203 0.800212
v -0.299962 0.024342 0.802524
v -0.297511 0.018426 0.798218
v -0.300713 0.020565 0.800212
v -0.304271 0.022039 0.802524
v -0.300713 0.016714 0.798218
v -0.304271 0.018188 0.800212
v -0.308048 0.018939 0.802524
v -0.303520 0.014411 0.798218
v -0.307297 0.015162 0.800212
v -0.311148 0.015162 0.802524
v -0.305823 0.011604 0.798218
v -0.309674 0.011604 0.800212
v -0.313451 0.010853 0.802524
v -0.307535 0.008402 0.798218
v -0.311312 0.007651 0.800212
v -0.314870 0.006177 0.802524
v -0.308589 0.004928 0.798218
v -0.312147 0.003454 0.800212
v -0.315349 0.001315 0.802524
v -0.308944 0.001314 0.798218
v -0.312147 -0.000825 0.800212
v -0.314870 -0.003548 0.802524
v -0.308589 -0.002299 0.798218
v -0.311312 -0.005022 0.800212
v -0.313451 -0.008224 0.802524
v -0.307535 -0.005773 0.798218
v -0.309674 -0.008975 0.800212
v -0.311148 -0.012533 0.802524
v -0.305823 -0.008975 0.798218
v -0.307297 -0.012533 0.800212
v -0.308048 -0.016310 0.802524
v -0.303520 -0.011782 0.798218
v -0.304271 -0.015559 0.800212
v -0.304271 -0.019410 0.802524
v -0.300713 -0.014085 0.798218
v -0.300713 -0.017936 0.800212
v -0.299962 -0.021713 0.802524
v -0.297511 -0.015797 0.798218
v -0.296760 -0.019574 0.800212
v -0.295286 -0.023131 0.802524
v -0.294037 -0.016851 0.798218
v -0.292563 -0.020408 0.800212
v -0.290424 -0.023610 0.802524
v -0.290424 -0.017206 0.798218
v -0.288284 -0.020408 0.800212
v -0.285561 -0.023131 0.802524
v -0.286810 -0.016851 0.798218
v -0.284087 -0.019574 0.800212
v -0.280885 -0.021713 0.802524
v -0.283336 -0.015797 0.798218
v -0.280134 -0.017936 0.800212
v -0.276576 -0.019410 0.802524
v -0.280134 -0.014085 0.798218
v -0.276576 -0.015559 0.800212
v -0.272799 -0.016310 0.802524
v -0.277327 -0.011782 0.798218
v -0.273550 -0.012533 0.800212
v -0.269699 -0.012533 0.802524
v -0.275024 -0.008975 0.798218
v -0.271173 -0.008975 0.800212
v -0.267396 -0.008224 0.802524
v -0.273313 -0.005773 0.798218
v -0.269536 -0.005022 0.800212
v -0.265978 -0.003548 0.802524
v -0.272259 -0.002299 0.798218
v -0.268701 -0.000825 0.800212
v -0.265499 0.001315 0.802524
v -0.271903 0.001314 0.798218
v -0.268701 0.003454 0.800212
v -0.265978 0.006177 0.802524
v -0.272259 0.004928 0.798218
v -0.269535 0.007651 0.800212
v -0.279203 0.003546 0.795255
v -0.276036 0.005679 0.796558
v -0.275461 0.002788 0.796558
v -0.273313 0.008402 0.798218
v -0.279854 0.005693 0.795255
v -0.277164 0.008402 0.796558
v -0.283349 0.005096 0.794343
v -0.282747 0.003643 0.794343
v -0.286080 0.003114 0.793796
v -0.293748 -0.002010 0.793796
v -0.290424 0.006016 0.793796
v -0.289506 0.005926 0.793796
v -0.288624 0.005658 0.793796
v -0.287812 0.005224 0.793796
v -0.287099 0.004639 0.793796
v -0.286514 0.003927 0.793796
v -0.285812 0.002232 0.793796
v -0.285722 0.001315 0.793796
v -0.285812 0.000397 0.793796
v -0.286080 -0.000485 0.793796
v -0.286514 -0.001298 0.793796
v -0.287099 -0.002010 0.793796
v -0.287812 -0.002595 0.793796
v -0.288624 -0.003029 0.793796
v -0.289506 -0.003297 0.793796
v -0.290424 -0.003387 0.793796
v -0.291341 -0.003297 0.793796
v -0.292223 -0.003029 0.793796
v -0.293036 -0.002595 0.793796
v -0.294333 -0.001298 0.793796
v -0.294767 -0.000485 0.793796
v -0.295035 0.000397 0.793796
v -0.295125 0.001315 0.793796
v -0.295035 0.002232 0.793796
v -0.294767 0.003114 0.793796
v -0.294333 0.003927 0.793796
v -0.293748 0.004639 0.793796
v -0.293036 0.005224 0.793796
v -0.292223 0.005658 0.793796
v -0.291341 0.005926 0.793796
v -0.292656 0.012535 0.795255
v -0.292752 0.008991 0.794343
v -0.291210 0.009298 0.794343
v -0.294802 0.011884 0.795255
v -0.294205 0.008389 0.794343
v -0.296780 0.010827 0.795255
v -0.295513 0.007516 0.794343
v -0.298513 0.009404 0.795255
v -0.296625 0.006404 0.794343
v -0.299936 0.007671 0.795255
v -0.297498 0.005096 0.794343
v -0.300993 0.005693 0.795255
v -0.298100 0.003643 0.794343
v -0.301644 0.003546 0.795255
v -0.298407 0.002101 0.794343
v -0.301864 0.001314 0.795255
v -0.298407 0.000528 0.794343
v -0.301644 -0.000917 0.795255
v -0.298100 -0.001014 0.794343
v -0.300993 -0.003064 0.795255
v -0.297498 -0.002467 0.794343
v -0.299936 -0.005042 0.795255
v -0.296625 -0.003775 0.794343
v -0.296780 -0.008198 0.795255
v -0.294205 -0.005760 0.794343
v -0.295513 -0.004887 0.794343
v -0.294802 -0.009255 0.795255
v -0.292752 -0.006362 0.794343
v -0.292656 -0.009906 0.795255
v -0.291210 -0.006669 0.794343
v -0.290424 -0.010126 0.795255
v -0.289637 -0.006669 0.794343
v -0.288192 -0.009906 0.795255
v -0.288095 -0.006362 0.794343
v -0.286045 -0.009255 0.795255
v -0.286642 -0.005760 0.794343
v -0.284068 -0.008198 0.795255
v -0.285334 -0.004887 0.794343
v -0.282334 -0.006775 0.795255
v -0.284223 -0.003775 0.794343
v -0.280911 -0.005042 0.795255
v -0.283349 -0.002467 0.794343
v -0.279854 -0.003064 0.795255
v -0.282747 -0.001014 0.794343
v -0.279203 -0.000917 0.795255
v -0.282440 0.000528 0.794343
v -0.278983 0.001314 0.795255
v -0.282440 0.002101 0.794343
v -0.282334 0.009404 0.795255
v -0.285334 0.007516 0.794343
v -0.284223 0.006404 0.794343
v -0.284067 0.010827 0.795255
v -0.286642 0.008389 0.794343
v -0.286045 0.011884 0.795255
v -0.288095 0.008991 0.794343
v -0.288192 0.012535 0.795255
v -0.289637 0.009298 0.794343
v -0.290424 0.012755 0.795255
v -0.298513 -0.006775 0.795255
v -0.280911 0.007671 0.795255
v -0.275461 -0.000159 0.796558
v -0.276036 -0.003050 0.796558
v -0.277164 -0.005773 0.796558
v -0.278801 -0.008224 0.796558
v -0.280885 -0.010308 0.796558
v -0.283336 -0.011946 0.796558
v -0.286059 -0.013073 0.796558
v -0.288950 -0.013648 0.796558
v -0.291897 -0.013648 0.796558
v -0.294788 -0.013073 0.796558
v -0.297511 -0.011946 0.796558
v -0.299962 -0.010308 0.796558
v -0.302046 -0.008224 0.796558
v -0.303684 -0.005773 0.796558
v -0.304812 -0.003050 0.796558
v -0.305387 -0.000159 0.796558
v -0.305387 0.002788 0.796558
v -0.304812 0.005679 0.796558
v -0.303684 0.008402 0.796558
v -0.302046 0.010853 0.796558
v -0.299962 0.012937 0.796558
v -0.297511 0.014575 0.796558
v -0.294788 0.015702 0.796558
v -0.291897 0.016277 0.796558
v -0.288950 0.016277 0.796558
v -0.286059 0.015702 0.796558
v -0.283336 0.014575 0.796558
v -0.280885 0.012937 0.796558
v -0.278801 0.010853 0.796558
v -0.262776 0.004038 0.805130
v -0.262776 -0.001409 0.805130
v -0.263838 -0.006750 0.805130
v -0.265922 -0.011782 0.805130
v -0.268948 -0.016310 0.805130
v -0.272799 -0.020161 0.805130
v -0.277327 -0.023187 0.805130
v -0.282359 -0.025271 0.805130
v -0.287701 -0.026334 0.805130
v -0.293147 -0.026334 0.805130
v -0.298488 -0.025271 0.805130
v -0.303520 -0.023187 0.805130
v -0.308048 -0.020161 0.805130
v -0.311899 -0.016310 0.805130
v -0.314925 -0.011782 0.805130
v -0.317009 -0.006750 0.805130
v -0.318072 -0.001409 0.805130
v -0.318072 0.004038 0.805130
v -0.317009 0.009379 0.805130
v -0.314925 0.014411 0.805130
v -0.311899 0.018939 0.805130
v -0.308048 0.022790 0.805130
v -0.303520 0.025816 0.805130
v -0.298488 0.027900 0.805130
v -0.293147 0.028963 0.805130
v -0.287701 0.028963 0.805130
v -0.282359 0.027900 0.805130
v -0.277327 0.025816 0.805130
v -0.272799 0.022790 0.805130
v -0.255688 0.011851 0.817959
v -0.254300 0.004872 0.817959
v -0.254300 -0.002243 0.817959
v -0.255688 -0.009222 0.817959
v -0.258411 -0.015797 0.817959
v -0.262364 -0.021713 0.817959
v -0.267396 -0.026745 0.817959
v -0.273313 -0.030698 0.817959
v -0.279887 -0.033421 0.817959
v -0.286866 -0.034809 0.817959
v -0.293981 -0.034809 0.817959
v -0.300961 -0.033421 0.817959
v -0.307535 -0.030698 0.817959
v -0.313451 -0.026745 0.817959
v -0.318483 -0.021713 0.817959
v -0.322436 -0.015797 0.817959
v -0.325159 -0.009222 0.817959
v -0.326548 -0.002243 0.817959
v -0.326548 0.004872 0.817959
v -0.325159 0.011851 0.817959
v -0.322436 0.018426 0.817959
v -0.318483 0.024342 0.817959
v -0.313451 0.029374 0.817959
v -0.307535 0.033327 0.817959
v -0.300961 0.036050 0.817959
v -0.293982 0.037438 0.817959
v -0.286866 0.037438 0.817959
v -0.279887 0.036050 0.817959
v -0.273313 0.033327 0.817959
v -0.255773 0.019835 0.833091
v -0.252826 0.012720 0.833091
v -0.251323 0.005166 0.833091
v -0.251323 -0.002537 0.833091
v -0.252826 -0.010091 0.833091
v -0.255773 -0.017206 0.833091
v -0.260053 -0.023610 0.833091
v -0.265499 -0.029057 0.833091
v -0.271903 -0.033336 0.833091
v -0.279019 -0.036283 0.833091
v -0.286573 -0.037786 0.833091
v -0.294275 -0.037786 0.833091
v -0.301829 -0.036283 0.833091
v -0.308945 -0.033336 0.833091
v -0.315349 -0.029057 0.833091
v -0.320795 -0.023610 0.833091
v -0.325074 -0.017206 0.833091
v -0.328021 -0.010091 0.833091
v -0.329524 -0.002537 0.833091
v -0.329524 0.005166 0.833091
v -0.328021 0.012720 0.833091
v -0.325074 0.019835 0.833091
v -0.320795 0.026239 0.833091
v -0.315349 0.031686 0.833091
v -0.308944 0.035965 0.833091
v -0.301829 0.038912 0.833091
v -0.294275 0.040415 0.833091
v -0.286573 0.040415 0.833091
v -0.279018 0.038912 0.833091
v -0.262364 0.024342 0.848223
v -0.258411 0.018426 0.848223
v -0.255688 0.011851 0.848223
v -0.254300 0.004872 0.848223
v -0.254300 -0.002243 0.848223
v -0.255688 -0.009222 0.848223
v -0.258411 -0.015797 0.848223
v -0.262364 -0.021713 0.848223
v -0.267396 -0.026745 0.848223
v -0.273313 -0.030698 0.848223
v -0.279887 -0.033421 0.848223
v -0.286866 -0.034809 0.848223
v -0.293982 -0.034809 0.848223
v -0.300961 -0.033421 0.848223
v -0.307535 -0.030698 0.848223
v -0.313451 -0.026745 0.848223
v -0.318483 -0.021713 0.848223
v -0.322436 -0.015797 0.848223
v -0.325159 -0.009222 0.848223
v -0.326548 -0.002243 0.848223
v -0.326548 0.004872 0.848223
v -0.325159 0.011851 0.848223
v -0.322436 0.018426 0.848223
v -0.318483 0.024342 0.848223
v -0.313451 0.029374 0.848223
v -0.307535 0.033327 0.848223
v -0.300961 0.036050 0.848223
v -0.293982 0.037438 0.848223
v -0.286866 0.037438 0.848223
v -0.286045 0.011884 0.870928
v -0.286059 0.015702 0.869624
v -0.283336 0.014575 0.869624
v -0.288192 0.012535 0.870928
v -0.286810 0.019480 0.867965
v -0.288950 0.016277 0.869624
v -0.288095 0.008991 0.871839
v -0.289506 0.005926 0.872386
v -0.289637 0.009298 0.871839
v -0.290424 0.012755 0.870928
v -0.291210 0.009298 0.871839
v -0.290424 0.006016 0.872386
v -0.292656 0.012535 0.870928
v -0.292752 0.008991 0.871839
v -0.291341 0.005926 0.872386
v -0.294802 0.011884 0.870928
v -0.294205 0.008389 0.871839
v -0.292223 0.005658 0.872386
v -0.296780 0.010827 0.870928
v -0.295513 0.007516 0.871839
v -0.293036 0.005224 0.872386
v -0.298513 0.009404 0.870928
v -0.296625 0.006404 0.871839
v -0.293748 0.004639 0.872386
v -0.299936 0.007671 0.870928
v -0.297498 0.005096 0.871839
v -0.294333 0.003927 0.872386
v -0.300993 0.005693 0.870928
v -0.298100 0.003643 0.871839
v -0.294767 0.003114 0.872386
v -0.301645 0.003546 0.870928
v -0.298407 0.002101 0.871839
v -0.295035 0.002232 0.872386
v -0.301864 0.001314 0.870928
v -0.298407 0.000528 0.871839
v -0.295125 0.001315 0.872386
v -0.301645 -0.000917 0.870928
v -0.298100 -0.001014 0.871839
v -0.295035 0.000397 0.872386
v -0.300993 -0.003064 0.870928
v -0.297498 -0.002467 0.871839
v -0.294767 -0.000485 0.872386
v -0.299936 -0.005042 0.870928
v -0.296625 -0.003775 0.871839
v -0.294333 -0.001298 0.872386
v -0.298513 -0.006775 0.870928
v -0.295513 -0.004887 0.871839
v -0.293748 -0.002010 0.872386
v -0.296780 -0.008198 0.870928
v -0.294205 -0.005760 0.871839
v -0.293036 -0.002595 0.872386
v -0.294802 -0.009255 0.870928
v -0.292752 -0.006362 0.871839
v -0.292223 -0.003029 0.872386
v -0.292656 -0.009906 0.870928
v -0.291210 -0.006669 0.871839
v -0.291341 -0.003297 0.872386
v -0.290424 -0.010126 0.870928
v -0.289637 -0.006669 0.871839
v -0.290424 -0.003387 0.872386
v -0.288192 -0.009906 0.870928
v -0.288095 -0.006362 0.871839
v -0.289506 -0.003297 0.872386
v -0.286045 -0.009255 0.870928
v -0.286642 -0.005760 0.871839
v -0.288624 -0.003029 0.872386
v -0.284067 -0.008198 0.870928
v -0.285334 -0.004887 0.871839
v -0.287812 -0.002595 0.872386
v -0.282334 -0.006775 0.870928
v -0.284223 -0.003775 0.871839
v -0.287099 -0.002010 0.872386
v -0.280911 -0.005042 0.870928
v -0.283349 -0.002467 0.871839
v -0.286514 -0.001298 0.872386
v -0.279854 -0.003064 0.870928
v -0.282747 -0.001014 0.871839
v -0.286080 -0.000485 0.872386
v -0.279203 -0.000917 0.870928
v -0.282440 0.000528 0.871839
v -0.285812 0.000397 0.872386
v -0.278983 0.001314 0.870928
v -0.282440 0.002101 0.871839
v -0.285722 0.001315 0.872386
v -0.279203 0.003546 0.870928
v -0.282747 0.003643 0.871839
v -0.285812 0.002232 0.872386
v -0.286080 0.003114 0.872386
v -0.279854 0.005693 0.870928
v -0.283349 0.005096 0.871839
v -0.280911 0.007671 0.870928
v -0.284223 0.006404 0.871839
v -0.286514 0.003927 0.872386
v -0.282334 0.009404 0.870928
v -0.285334 0.007516 0.871839
v -0.287099 0.004639 0.872386
v -0.284068 0.010827 0.870928
v -0.286642 0.008389 0.871839
v -0.287812 0.005224 0.872386
v -0.288624 0.005658 0.872386
v -0.272799 0.022790 0.861052
v -0.280885 0.012937 0.869624
v -0.268948 0.018939 0.861052
v -0.278801 0.010853 0.869624
v -0.265922 0.014411 0.861052
v -0.277164 0.008402 0.869624
v -0.263838 0.009379 0.861052
v -0.276036 0.005679 0.869624
v -0.262776 0.004038 0.861052
v -0.275461 0.002788 0.869624
v -0.262776 -0.001409 0.861052
v -0.275461 -0.000159 0.869624
v -0.263838 -0.006750 0.861052
v -0.276036 -0.003050 0.869624
v -0.265922 -0.011782 0.861052
v -0.277164 -0.005773 0.869624
v -0.268948 -0.016310 0.861052
v -0.278801 -0.008224 0.869624
v -0.272799 -0.020161 0.861052
v -0.280885 -0.010308 0.869624
v -0.277327 -0.023187 0.861052
v -0.283336 -0.011946 0.869624
v -0.282359 -0.025271 0.861052
v -0.286059 -0.013073 0.869624
v -0.287701 -0.026334 0.861052
v -0.288950 -0.013648 0.869624
v -0.293147 -0.026334 0.861052
v -0.291897 -0.013648 0.869624
v -0.298488 -0.025271 0.861052
v -0.294788 -0.013073 0.869624
v -0.303520 -0.023187 0.861052
v -0.297511 -0.011946 0.869624
v -0.308048 -0.020161 0.861052
v -0.299962 -0.010308 0.869624
v -0.311899 -0.016310 0.861052
v -0.302046 -0.008224 0.869624
v -0.314925 -0.011782 0.861052
v -0.303684 -0.005773 0.869624
v -0.317009 -0.006750 0.861052
v -0.304812 -0.003050 0.869624
v -0.318072 -0.001409 0.861052
v -0.305387 -0.000159 0.869624
v -0.318072 0.004038 0.861052
v -0.305387 0.002788 0.869624
v -0.317009 0.009379 0.861052
v -0.304812 0.005679 0.869624
v -0.314925 0.014411 0.861052
v -0.303684 0.008402 0.869624
v -0.311899 0.018939 0.861052
v -0.302046 0.010853 0.869624
v -0.308048 0.022790 0.861052
v -0.299962 0.012937 0.869624
v -0.303520 0.025816 0.861052
v -0.297511 0.014575 0.869624
v -0.298488 0.027900 0.861052
v -0.294788 0.015702 0.869624
v -0.293147 0.028963 0.861052
v -0.291897 0.016277 0.869624
v -0.288608 0.019746 0.867965
v -0.287981 0.026119 0.863658
v -0.292239 0.019746 0.867965
v -0.292867 0.026119 0.863658
v -0.295800 0.019038 0.867965
v -0.297659 0.025166 0.863658
v -0.299154 0.017648 0.867965
v -0.302173 0.023296 0.863658
v -0.302173 0.015631 0.867965
v -0.306236 0.020582 0.863658
v -0.304740 0.013064 0.867965
v -0.309691 0.017127 0.863658
v -0.306758 0.010045 0.867965
v -0.312405 0.013064 0.863658
v -0.308147 0.006691 0.867965
v -0.314275 0.008550 0.863658
v -0.308855 0.003130 0.867965
v -0.315228 0.003758 0.863658
v -0.308855 -0.000501 0.867965
v -0.315228 -0.001129 0.863658
v -0.308147 -0.004062 0.867965
v -0.314275 -0.005921 0.863658
v -0.306757 -0.007416 0.867965
v -0.312405 -0.010435 0.863658
v -0.304740 -0.010435 0.867965
v -0.309691 -0.014498 0.863658
v -0.302173 -0.013002 0.867965
v -0.306236 -0.017953 0.863658
v -0.299154 -0.015019 0.867965
v -0.302173 -0.020667 0.863658
v -0.295800 -0.016409 0.867965
v -0.297659 -0.022537 0.863658
v -0.292239 -0.017117 0.867965
v -0.292867 -0.023490 0.863658
v -0.288608 -0.017117 0.867965
v -0.287981 -0.023490 0.863658
v -0.285047 -0.016409 0.867965
v -0.283188 -0.022537 0.863658
v -0.281693 -0.015019 0.867965
v -0.278674 -0.020667 0.863658
v -0.278674 -0.013002 0.867965
v -0.274611 -0.017953 0.863658
v -0.276107 -0.010435 0.867965
v -0.271156 -0.014498 0.863658
v -0.274090 -0.007416 0.867965
v -0.268442 -0.010435 0.863658
v -0.272700 -0.004062 0.867965
v -0.266572 -0.005921 0.863658
v -0.271992 -0.000501 0.867965
v -0.265619 -0.001129 0.863658
v -0.271992 0.003130 0.867965
v -0.265619 0.003758 0.863658
v -0.272700 0.006691 0.867965
v -0.266572 0.008550 0.863658
v -0.274090 0.010045 0.867965
v -0.268442 0.013064 0.863658
v -0.276107 0.013064 0.867965
v -0.271156 0.017127 0.863658
v -0.278674 0.015631 0.867965
v -0.274611 0.020582 0.863658
v -0.281693 0.017648 0.867965
v -0.278674 0.023296 0.863658
v -0.285047 0.019038 0.867965
v -0.283188 0.025166 0.863658
v -0.276107 0.028099 0.858177
v -0.281607 0.030378 0.858177
v -0.287447 0.031539 0.858177
v -0.280365 0.034473 0.851731
v -0.287027 0.035798 0.851731
v -0.293400 0.031539 0.858177
v -0.293820 0.035798 0.851731
v -0.299240 0.030378 0.858177
v -0.300482 0.034472 0.851731
v -0.304740 0.028099 0.858177
v -0.306758 0.031873 0.851731
v -0.309691 0.024792 0.858177
v -0.312405 0.028099 0.851731
v -0.313901 0.020582 0.858177
v -0.317208 0.023296 0.851731
v -0.317208 0.015631 0.858177
v -0.320982 0.017648 0.851731
v -0.319487 0.010131 0.858177
v -0.323582 0.011373 0.851731
v -0.320648 0.004291 0.858177
v -0.324907 0.004711 0.851731
v -0.320648 -0.001662 0.858177
v -0.324907 -0.002082 0.851731
v -0.319487 -0.007502 0.858177
v -0.323582 -0.008744 0.851731
v -0.317208 -0.013002 0.858177
v -0.320982 -0.015019 0.851731
v -0.313901 -0.017953 0.858177
v -0.317208 -0.020667 0.851731
v -0.309691 -0.022163 0.858177
v -0.312405 -0.025470 0.851731
v -0.304740 -0.025470 0.858177
v -0.306758 -0.029244 0.851731
v -0.299240 -0.027749 0.858177
v -0.300482 -0.031843 0.851731
v -0.293400 -0.028910 0.858177
v -0.293820 -0.033169 0.851731
v -0.287447 -0.028910 0.858177
v -0.287027 -0.033169 0.851731
v -0.281607 -0.027749 0.858177
v -0.280365 -0.031843 0.851731
v -0.276107 -0.025470 0.858177
v -0.274090 -0.029244 0.851731
v -0.271156 -0.022163 0.858177
v -0.268442 -0.025470 0.851731
v -0.266947 -0.017953 0.858177
v -0.263639 -0.020667 0.851731
v -0.263639 -0.013002 0.858177
v -0.259865 -0.015019 0.851731
v -0.261360 -0.007502 0.858177
v -0.257266 -0.008744 0.851731
v -0.260199 -0.001662 0.858177
v -0.255940 -0.002082 0.851731
v -0.260199 0.004291 0.858177
v -0.255940 0.004711 0.851731
v -0.261360 0.010131 0.858177
v -0.257266 0.011373 0.851731
v -0.263639 0.015631 0.858177
v -0.259865 0.017648 0.851731
v -0.266947 0.020582 0.858177
v -0.263639 0.023296 0.851731
v -0.271156 0.024792 0.858177
v -0.268442 0.028099 0.851731
v -0.274090 0.031873 0.851731
v -0.266572 0.030378 0.844570
v -0.272700 0.034473 0.844570
v -0.279510 0.037293 0.844570
v -0.271992 0.035798 0.836967
v -0.279073 0.038731 0.836967
v -0.286738 0.038731 0.844570
v -0.286591 0.040226 0.836967
v -0.294256 0.040226 0.836967
v -0.294109 0.038731 0.844570
v -0.301338 0.037293 0.844570
v -0.301774 0.038731 0.836967
v -0.308147 0.034472 0.844570
v -0.308855 0.035798 0.836967
v -0.314275 0.030378 0.844570
v -0.315228 0.031539 0.836967
v -0.319487 0.025166 0.844570
v -0.320648 0.026119 0.836967
v -0.323582 0.019038 0.844570
v -0.324907 0.019746 0.836967
v -0.326402 0.012228 0.844570
v -0.327840 0.012665 0.836967
v -0.327840 0.005000 0.844570
v -0.329335 0.005147 0.836967
v -0.327840 -0.002371 0.844570
v -0.329335 -0.002518 0.836967
v -0.326402 -0.009599 0.844570
v -0.327840 -0.010036 0.836967
v -0.323582 -0.016409 0.844570
v -0.324907 -0.017117 0.836967
v -0.319487 -0.022537 0.844570
v -0.320648 -0.023490 0.836967
v -0.314275 -0.027749 0.844570
v -0.315228 -0.028910 0.836967
v -0.308147 -0.031843 0.844570
v -0.308855 -0.033169 0.836967
v -0.301338 -0.034664 0.844570
v -0.301774 -0.036102 0.836967
v -0.294109 -0.036102 0.844570
v -0.294256 -0.037597 0.836967
v -0.286738 -0.036102 0.844570
v -0.286591 -0.037597 0.836967
v -0.279510 -0.034664 0.844570
v -0.279073 -0.036102 0.836967
v -0.272700 -0.031844 0.844570
v -0.271992 -0.033169 0.836967
v -0.266572 -0.027749 0.844570
v -0.265619 -0.028910 0.836967
v -0.261360 -0.022537 0.844570
v -0.260199 -0.023490 0.836967
v -0.257266 -0.016409 0.844570
v -0.255940 -0.017117 0.836967
v -0.254445 -0.009599 0.844570
v -0.253007 -0.010036 0.836967
v -0.253007 -0.002371 0.844570
v -0.251512 -0.002518 0.836967
v -0.253007 0.005000 0.844570
v -0.251512 0.005147 0.836967
v -0.254445 0.012228 0.844570
v -0.253007 0.012665 0.836967
v -0.257266 0.019038 0.844570
v -0.255940 0.019746 0.836967
v -0.261360 0.025166 0.844570
v -0.260199 0.026119 0.836967
v -0.265619 0.031539 0.836967
v -0.260199 0.026119 0.829215
v -0.265619 0.031539 0.829215
v -0.271992 0.035798 0.829215
v -0.266572 0.030378 0.821612
v -0.272700 0.034473 0.821612
v -0.279073 0.038731 0.829215
v -0.279510 0.037293 0.821612
v -0.286591 0.040226 0.829215
v -0.286738 0.038731 0.821612
v -0.294256 0.040226 0.829215
v -0.294109 0.038731 0.821612
v -0.301774 0.038731 0.829215
v -0.301338 0.037293 0.821612
v -0.308855 0.035798 0.829215
v -0.308147 0.034472 0.821612
v -0.315228 0.031539 0.829215
v -0.314275 0.030378 0.821612
v -0.320648 0.026119 0.829215
v -0.319487 0.025166 0.821612
v -0.324907 0.019746 0.829215
v -0.323582 0.019038 0.821612
v -0.327840 0.012665 0.829215
v -0.326402 0.012228 0.821612
v -0.329335 0.005147 0.829215
v -0.327840 0.005000 0.821612
v -0.329335 -0.002518 0.829215
v -0.327840 -0.002371 0.821612
v -0.327840 -0.010036 0.829215
v -0.326402 -0.009599 0.821612
v -0.324907 -0.017117 0.829215
v -0.323582 -0.016409 0.821612
v -0.320648 -0.023490 0.829215
v -0.319487 -0.022537 0.821612
v -0.315228 -0.028910 0.829215
v -0.314275 -0.027749 0.821612
v -0.308855 -0.033169 0.829215
v -0.308147 -0.031843 0.821612
v -0.301774 -0.036102 0.829215
v -0.301338 -0.034664 0.821612
v -0.294256 -0.037597 0.829215
v -0.294109 -0.036102 0.821612
v -0.286591 -0.037597 0.829215
v -0.286738 -0.036102 0.821612
v -0.279073 -0.036102 0.829215
v -0.279510 -0.034664 0.821612
v -0.271992 -0.033169 0.829215
v -0.272700 -0.031844 0.821612
v -0.265619 -0.028910 0.829215
v -0.266572 -0.027749 0.821612
v -0.260199 -0.023490 0.829215
v -0.261360 -0.022537 0.821612
v -0.255940 -0.017117 0.829215
v -0.257266 -0.016409 0.821612
v -0.253007 -0.010036 0.829215
v -0.254445 -0.009599 0.821612
v -0.251512 -0.002518 0.829215
v -0.253007 -0.002371 0.821612
v -0.251512 0.005147 0.829215
v -0.253007 0.005000 0.821612
v -0.253007 0.012665 0.829215
v -0.254445 0.012228 0.821612
v -0.255940 0.019746 0.829215
v -0.257266 0.019038 0.821612
v -0.261360 0.025166 0.821612
v -0.259865 0.017648 0.814451
v -0.263639 0.023296 0.814451
v -0.268442 0.028099 0.814451
v -0.266947 0.020582 0.808005
v -0.271156 0.024792 0.808005
v -0.274090 0.031873 0.814451
v -0.276107 0.028099 0.808005
v -0.280365 0.034473 0.814451
v -0.281607 0.030378 0.808005
v -0.287027 0.035798 0.814451
v -0.287447 0.031539 0.808005
v -0.293820 0.035798 0.814451
v -0.293400 0.031539 0.808005
v -0.300482 0.034472 0.814451
v -0.299240 0.030378 0.808005
v -0.306758 0.031873 0.814451
v -0.304740 0.028099 0.808005
v -0.312405 0.028099 0.814451
v -0.309691 0.024792 0.808005
v -0.317208 0.023296 0.814451
v -0.313901 0.020582 0.808005
v -0.320982 0.017648 0.814451
v -0.317208 0.015631 0.808005
v -0.323582 0.011373 0.814451
v -0.319487 0.010131 0.808005
v -0.324907 0.004711 0.814451
v -0.320648 0.004291 0.808005
v -0.324907 -0.002082 0.814451
v -0.320648 -0.001662 0.808005
v -0.323582 -0.008744 0.814451
v -0.319487 -0.007502 0.808005
v -0.320982 -0.015019 0.814451
v -0.317208 -0.013002 0.808005
v -0.317208 -0.020667 0.814451
v -0.313901 -0.017953 0.808005
v -0.312405 -0.025470 0.814451
v -0.309691 -0.022163 0.808005
v -0.306758 -0.029244 0.814451
v -0.304740 -0.025470 0.808005
v -0.300482 -0.031843 0.814451
v -0.299240 -0.027749 0.808005
v -0.293820 -0.033169 0.814451
v -0.293400 -0.028910 0.808005
v -0.287027 -0.033169 0.814451
v -0.287447 -0.028910 0.808005
v -0.280365 -0.031843 0.814451
v -0.281607 -0.027749 0.808005
v -0.274090 -0.029244 0.814451
v -0.276107 -0.025470 0.808005
v -0.268442 -0.025470 0.814451
v -0.271156 -0.022163 0.808005
v -0.263639 -0.020667 0.814451
v -0.266947 -0.017953 0.808005
v -0.259865 -0.015019 0.814451
v -0.263639 -0.013002 0.808005
v -0.257266 -0.008744 0.814451
v -0.261360 -0.007502 0.808005
v -0.255940 -0.002082 0.814451
v -0.260199 -0.001662 0.808005
v -0.255940 0.004711 0.814451
v -0.260199 0.004291 0.808005
v -0.257266 0.011373 0.814451
v -0.261360 0.010131 0.808005
v -0.263639 0.015631 0.808005
v -0.266572 0.008550 0.802524
v -0.268442 0.013064 0.802524
v -0.271156 0.017127 0.802524
v -0.274090 0.010045 0.798218
v -0.276107 0.013064 0.798218
v -0.274611 0.020582 0.802524
v -0.278674 0.015631 0.798218
v -0.278674 0.023296 0.802524
v -0.281693 0.017648 0.798218
v -0.283188 0.025166 0.802524
v -0.285047 0.019038 0.798218
v -0.287981 0.026119 0.802524
v -0.288608 0.019746 0.798218
v -0.292867 0.026119 0.802524
v -0.292239 0.019746 0.798218
v -0.297659 0.025166 0.802524
v -0.295800 0.019038 0.798218
v -0.302173 0.023296 0.802524
v -0.299154 0.017648 0.798218
v -0.306236 0.020582 0.802524
v -0.302173 0.015631 0.798218
v -0.309691 0.017127 0.802524
v -0.304740 0.013064 0.798218
v -0.312405 0.013064 0.802524
v -0.306758 0.010045 0.798218
v -0.314275 0.008550 0.802524
v -0.308147 0.006691 0.798218
v -0.315228 0.003758 0.802524
v -0.308855 0.003130 0.798218
v -0.315228 -0.001129 0.802524
v -0.308855 -0.000501 0.798218
v -0.314275 -0.005921 0.802524
v -0.308147 -0.004062 0.798218
v -0.312405 -0.010435 0.802524
v -0.306758 -0.007416 0.798218
v -0.309691 -0.014498 0.802524
v -0.304740 -0.010435 0.798218
v -0.306236 -0.017953 0.802524
v -0.302173 -0.013002 0.798218
v -0.302173 -0.020667 0.802524
v -0.299154 -0.015019 0.798218
v -0.297659 -0.022537 0.802524
v -0.295800 -0.016409 0.798218
v -0.292867 -0.023490 0.802524
v -0.292239 -0.017117 0.798218
v -0.287981 -0.023490 0.802524
v -0.288608 -0.017117 0.798218
v -0.283188 -0.022537 0.802524
v -0.285047 -0.016409 0.798218
v -0.278674 -0.020667 0.802524
v -0.281693 -0.015019 0.798218
v -0.274611 -0.017953 0.802524
v -0.278674 -0.013002 0.798218
v -0.271156 -0.014498 0.802524
v -0.276107 -0.010435 0.798218
v -0.268442 -0.010435 0.802524
v -0.274090 -0.007416 0.798218
v -0.266572 -0.005921 0.802524
v -0.272700 -0.004062 0.798218
v -0.265619 -0.001129 0.802524
v -0.271992 -0.000501 0.798218
v -0.265619 0.003758 0.802524
v -0.271992 0.003130 0.798218
v -0.272700 0.006691 0.798218
v -0.279029 0.002437 0.795255
v -0.279467 0.004638 0.795255
v -0.280326 0.006712 0.795255
v -0.285651 0.003866 0.793880
v -0.285244 0.002886 0.793880
v -0.294607 -0.002119 0.793880
v -0.293857 -0.002869 0.793880
v -0.290954 0.006701 0.793880
v -0.289893 0.006701 0.793880
v -0.288853 0.006494 0.793880
v -0.287872 0.006088 0.793880
v -0.286990 0.005498 0.793880
v -0.286240 0.004748 0.793880
v -0.285038 0.001845 0.793880
v -0.285037 0.000784 0.793880
v -0.285244 -0.000257 0.793880
v -0.285651 -0.001237 0.793880
v -0.286240 -0.002119 0.793880
v -0.286990 -0.002869 0.793880
v -0.287872 -0.003459 0.793880
v -0.288852 -0.003865 0.793880
v -0.289893 -0.004072 0.793880
v -0.290954 -0.004072 0.793880
v -0.291995 -0.003865 0.793880
v -0.292975 -0.003459 0.793880
v -0.295197 -0.001237 0.793880
v -0.295603 -0.000257 0.793880
v -0.295810 0.000784 0.793880
v -0.295810 0.001845 0.793880
v -0.295603 0.002886 0.793880
v -0.295197 0.003866 0.793880
v -0.294607 0.004748 0.793880
v -0.293857 0.005498 0.793880
v -0.292975 0.006088 0.793880
v -0.291995 0.006494 0.793880
v -0.291546 0.012709 0.795255
v -0.293747 0.012271 0.795255
v -0.295821 0.011412 0.795255
v -0.297687 0.010165 0.795255
v -0.299274 0.008578 0.795255
v -0.300521 0.006712 0.795255
v -0.301380 0.004638 0.795255
v -0.301818 0.002437 0.795255
v -0.301818 0.000192 0.795255
v -0.301380 -0.002009 0.795255
v -0.300521 -0.004083 0.795255
v -0.299274 -0.005949 0.795255
v -0.297687 -0.007536 0.795255
v -0.295821 -0.008783 0.795255
v -0.293747 -0.009642 0.795255
v -0.291546 -0.010080 0.795255
v -0.289301 -0.010080 0.795255
v -0.287100 -0.009642 0.795255
v -0.285026 -0.008783 0.795255
v -0.283160 -0.007536 0.795255
v -0.281573 -0.005949 0.795255
v -0.280326 -0.004083 0.795255
v -0.279467 -0.002009 0.795255
v -0.279029 0.000192 0.795255
v -0.281573 0.008578 0.795255
v -0.283160 0.010165 0.795255
v -0.285026 0.011412 0.795255
v -0.287100 0.012271 0.795255
v -0.289301 0.012709 0.795255
v -0.285026 0.011412 0.870927
v -0.287100 0.012271 0.870927
v -0.289301 0.012709 0.870927
v -0.288853 0.006494 0.872302
v -0.289893 0.006701 0.872302
v -0.291546 0.012709 0.870927
v -0.290954 0.006701 0.872302
v -0.293747 0.012271 0.870927
v -0.291995 0.006494 0.872302
v -0.295821 0.011412 0.870927
v -0.292975 0.006088 0.872302
v -0.297687 0.010165 0.870927
v -0.293857 0.005498 0.872302
v -0.299274 0.008578 0.870927
v -0.294607 0.004748 0.872302
v -0.300521 0.006712 0.870927
v -0.295197 0.003866 0.872302
v -0.301380 0.004638 0.870927
v -0.295603 0.002886 0.872302
v -0.301818 0.002437 0.870927
v -0.295810 0.001845 0.872302
v -0.301818 0.000192 0.870927
v -0.295810 0.000784 0.872302
v -0.301380 -0.002009 0.870927
v -0.295603 -0.000257 0.872302
v -0.300521 -0.004083 0.870927
v -0.295197 -0.001237 0.872302
v -0.299274 -0.005949 0.870927
v -0.294607 -0.002119 0.872302
v -0.297687 -0.007536 0.870927
v -0.293857 -0.002869 0.872302
v -0.295821 -0.008783 0.870927
v -0.292975 -0.003459 0.872302
v -0.293747 -0.009642 0.870927
v -0.291995 -0.003865 0.872302
v -0.291546 -0.010080 0.870927
v -0.290954 -0.004072 0.872302
v -0.289301 -0.010080 0.870927
v -0.289893 -0.004072 0.872302
v -0.287100 -0.009642 0.870927
v -0.288853 -0.003865 0.872302
v -0.285026 -0.008783 0.870927
v -0.287872 -0.003459 0.872302
v -0.283160 -0.007536 0.870927
v -0.286990 -0.002869 0.872302
v -0.281573 -0.005949 0.870927
v -0.286240 -0.002119 0.872302
v -0.280326 -0.004083 0.870927
v -0.285651 -0.001237 0.872302
v -0.279467 -0.002009 0.870927
v -0.285245 -0.000257 0.872302
v -0.279029 0.000192 0.870927
v -0.285038 0.000784 0.872302
v -0.279029 0.002437 0.870927
v -0.285038 0.001845 0.872302
v -0.279467 0.004638 0.870927
v -0.285244 0.002886 0.872302
v -0.285651 0.003866 0.872303
v -0.280326 0.006712 0.870927
v -0.281573 0.008578 0.870927
v -0.286240 0.004748 0.872302
v -0.283160 0.010165 0.870927
v -0.286990 0.005498 0.872303
v -0.287872 0.006088 0.872302
s 1
usemtl Cue
f 484 483 1
f 3 1475 484
f 1475 450 1321
f 483 1321 2
f 485 582 4
f 1 1476 485
f 1476 2 580
f 582 580 96
f 487 486 5
f 6 1477 487
f 1477 3 484
f 486 484 1
f 488 1473 7
f 5 1478 488
f 1478 1 485
f 1473 485 4
f 490 489 8
f 9 1479 490
f 1479 6 487
f 489 487 5
f 491 1471 10
f 8 1480 491
f 1480 5 488
f 1471 488 7
f 493 492 11
f 12 1481 493
f 1481 9 490
f 492 490 8
f 494 1469 13
f 11 1482 494
f 1482 8 491
f 1469 491 10
f 496 495 14
f 15 1483 496
f 1483 12 493
f 495 493 11
f 497 1467 16
f 14 1484 497
f 1484 11 494
f 1467 494 13
f 499 498 17
f 18 1485 499
f 1485 15 496
f 498 496 14
f 500 1465 19
f 17 1486 500
f 1486 14 497
f 1465 497 16
f 502 501 20
f 21 1487 502
f 1487 18 499
f 501 499 17
f 503 1463 22
f 20 1488 503
f 1488 17 500
f 1463 500 19
f 505 504 23
f 24 1489 505
f 1489 21 502
f 504 502 20
f 506 1461 25
f 23 1490 506
f 1490 20 503
f 1461 503 22
f 508 507 26
f 27 1491 508
f 1491 24 505
f 507 505 23
f 509 1459 28
f 26 1492 509
f 1492 23 506
f 1459 506 25
f 511 510 29
f 30 1493 511
f 1493 27 508
f 510 508 26
f 512 1457 31
f 29 1494 512
f 1494 26 509
f 1457 509 28
f 514 513 32
f 33 1495 514
f 1495 30 511
f 513 511 29
f 515 1455 34
f 32 1496 515
f 1496 29 512
f 1455 512 31
f 517 516 35
f 36 1497 517
f 1497 33 514
f 516 514 32
f 518 1453 37
f 35 1498 518
f 1498 32 515
f 1453 515 34
f 520 519 38
f 39 1499 520
f 1499 36 517
f 519 517 35
f 521 1451 40
f 38 1500 521
f 1500 35 518
f 1451 518 37
f 523 522 41
f 42 1501 523
f 1501 39 520
f 522 520 38
f 524 1449 43
f 41 1502 524
f 1502 38 521
f 1449 521 40
f 526 525 44
f 45 1503 526
f 1503 42 523
f 525 523 41
f 527 1447 46
f 44 1504 527
f 1504 41 524
f 1447 524 43
f 529 528 47
f 48 1505 529
f 1505 45 526
f 528 526 44
f 530 1445 49
f 47 1506 530
f 1506 44 527
f 1445 527 46
f 532 531 50
f 51 1507 532
f 1507 48 529
f 531 529 47
f 533 1443 52
f 50 1508 533
f 1508 47 530
f 1443 530 49
f 535 534 53
f 54 1509 535
f 1509 51 532
f 534 532 50
f 536 1441 55
f 53 1510 536
f 1510 50 533
f 1441 533 52
f 538 537 56
f 57 1511 538
f 1511 54 535
f 537 535 53
f 539 1439 58
f 56 1512 539
f 1512 53 536
f 1439 536 55
f 541 540 59
f 60 1513 541
f 1513 57 538
f 540 538 56
f 542 1437 61
f 59 1514 542
f 1514 56 539
f 1437 539 58
f 544 543 62
f 63 1515 544
f 1515 60 541
f 543 541 59
f 545 1435 64
f 62 1516 545
f 1516 59 542
f 1435 542 61
f 547 546 65
f 66 1517 547
f 1517 63 544
f 546 544 62
f 548 1433 67
f 65 1518 548
f 1518 62 545
f 1433 545 64
f 550 549 68
f 69 1519 550
f 1519 66 547
f 549 547 65
f 551 1431 70
f 68 1520 551
f 1520 65 548
f 1431 548 67
f 553 552 71
f 72 1521 553
f 1521 69 550
f 552 550 68
f 554 1429 73
f 71 1522 554
f 1522 68 551
f 1429 551 70
f 556 555 74
f 75 1523 556
f 1523 72 553
f 555 553 71
f 557 1427 76
f 74 1524 557
f 1524 71 554
f 1427 554 73
f 559 558 77
f 78 1525 559
f 1525 75 556
f 558 556 74
f 560 1425 79
f 77 1526 560
f 1526 74 557
f 1425 557 76
f 562 561 80
f 81 1527 562
f 1527 78 559
f 561 559 77
f 563 1423 82
f 80 1528 563
f 1528 77 560
f 1423 560 79
f 565 564 83
f 84 1529 565
f 1529 81 562
f 564 562 80
f 566 1421 85
f 83 1530 566
f 1530 80 563
f 1421 563 82
f 568 567 86
f 87 1531 568
f 1531 84 565
f 567 565 83
f 569 1419 88
f 86 1532 569
f 1532 83 566
f 1419 566 85
f 571 570 89
f 90 1533 571
f 1533 87 568
f 570 568 86
f 572 1417 91
f 89 1534 572
f 1534 86 569
f 1417 569 88
f 574 573 92
f 93 1535 574
f 1535 90 571
f 573 571 89
f 575 579 94
f 92 1536 575
f 1536 89 572
f 579 572 91
f 1321 576 2
f 450 1537 1321
f 1537 93 574
f 576 574 92
f 580 578 96
f 2 1538 580
f 1538 92 575
f 578 575 94
f 577 675 95
f 94 1539 577
f 1539 91 673
f 675 673 157
f 581 585 97
f 96 1540 581
f 1540 94 577
f 585 577 95
f 586 584 99
f 4 1541 586
f 1541 96 581
f 584 581 97
f 583 681 98
f 97 1542 583
f 1542 95 679
f 681 679 160
f 587 1316 100
f 99 1543 587
f 1543 97 583
f 1316 583 98
f 589 588 101
f 7 1544 589
f 1544 4 586
f 588 586 99
f 590 1315 102
f 101 1545 590
f 1545 99 587
f 1315 587 100
f 592 591 103
f 10 1546 592
f 1546 7 589
f 591 589 101
f 593 1314 104
f 103 1547 593
f 1547 101 590
f 1314 590 102
f 595 594 105
f 13 1548 595
f 1548 10 592
f 594 592 103
f 596 1313 106
f 105 1549 596
f 1549 103 593
f 1313 593 104
f 598 597 107
f 16 1550 598
f 1550 13 595
f 597 595 105
f 599 1312 108
f 107 1551 599
f 1551 105 596
f 1312 596 106
f 601 600 109
f 19 1552 601
f 1552 16 598
f 600 598 107
f 602 1311 110
f 109 1553 602
f 1553 107 599
f 1311 599 108
f 604 603 111
f 22 1554 604
f 1554 19 601
f 603 601 109
f 605 1310 112
f 111 1555 605
f 1555 109 602
f 1310 602 110
f 607 606 113
f 25 1556 607
f 1556 22 604
f 606 604 111
f 608 1309 114
f 113 1557 608
f 1557 111 605
f 1309 605 112
f 610 609 115
f 28 1558 610
f 1558 25 607
f 609 607 113
f 611 1308 116
f 115 1559 611
f 1559 113 608
f 1308 608 114
f 613 612 117
f 31 1560 613
f 1560 28 610
f 612 610 115
f 614 1307 118
f 117 1561 614
f 1561 115 611
f 1307 611 116
f 616 615 119
f 34 1562 616
f 1562 31 613
f 615 613 117
f 617 1306 120
f 119 1563 617
f 1563 117 614
f 1306 614 118
f 619 618 121
f 37 1564 619
f 1564 34 616
f 618 616 119
f 620 1305 122
f 121 1565 620
f 1565 119 617
f 1305 617 120
f 622 621 123
f 40 1566 622
f 1566 37 619
f 621 619 121
f 623 1304 124
f 123 1567 623
f 1567 121 620
f 1304 620 122
f 625 624 125
f 43 1568 625
f 1568 40 622
f 624 622 123
f 626 1303 126
f 125 1569 626
f 1569 123 623
f 1303 623 124
f 628 627 127
f 46 1570 628
f 1570 43 625
f 627 625 125
f 629 1302 128
f 127 1571 629
f 1571 125 626
f 1302 626 126
f 631 630 129
f 49 1572 631
f 1572 46 628
f 630 628 127
f 632 1301 130
f 129 1573 632
f 1573 127 629
f 1301 629 128
f 634 633 131
f 52 1574 634
f 1574 49 631
f 633 631 129
f 635 1300 132
f 131 1575 635
f 1575 129 632
f 1300 632 130
f 637 636 133
f 55 1576 637
f 1576 52 634
f 636 634 131
f 638 1299 134
f 133 1577 638
f 1577 131 635
f 1299 635 132
f 640 639 135
f 58 1578 640
f 1578 55 637
f 639 637 133
f 641 1298 136
f 135 1579 641
f 1579 133 638
f 1298 638 134
f 643 642 137
f 61 1580 643
f 1580 58 640
f 642 640 135
f 644 1297 138
f 137 1581 644
f 1581 135 641
f 1297 641 136
f 646 645 139
f 64 1582 646
f 1582 61 643
f 645 643 137
f 647 1296 140
f 139 1583 647
f 1583 137 644
f 1296 644 138
f 649 648 141
f 67 1584 649
f 1584 64 646
f 648 646 139
f 650 1295 142
f 141 1585 650
f 1585 139 647
f 1295 647 140
f 652 651 143
f 70 1586 652
f 1586 67 649
f 651 649 141
f 653 1294 144
f 143 1587 653
f 1587 141 650
f 1294 650 142
f 655 654 145
f 73 1588 655
f 1588 70 652
f 654 652 143
f 656 1293 146
f 145 1589 656
f 1589 143 653
f 1293 653 144
f 658 657 147
f 76 1590 658
f 1590 73 655
f 657 655 145
f 659 1292 148
f 147 1591 659
f 1591 145 656
f 1292 656 146
f 661 660 149
f 79 1592 661
f 1592 76 658
f 660 658 147
f 662 1291 150
f 149 1593 662
f 1593 147 659
f 1291 659 148
f 664 663 151
f 82 1594 664
f 1594 79 661
f 663 661 149
f 665 1290 152
f 151 1595 665
f 1595 149 662
f 1290 662 150
f 667 666 153
f 85 1596 667
f 1596 82 664
f 666 664 151
f 668 1289 154
f 153 1597 668
f 1597 151 665
f 1289 665 152
f 670 669 155
f 88 1598 670
f 1598 85 667
f 669 667 153
f 671 1288 156
f 155 1599 671
f 1599 153 668
f 1288 668 154
f 673 672 157
f 91 1600 673
f 1600 88 670
f 672 670 155
f 674 678 158
f 157 1601 674
f 1601 155 671
f 678 671 156
f 679 677 160
f 95 1602 679
f 1602 157 674
f 677 674 158
f 676 774 159
f 158 1603 676
f 1603 156 772
f 774 772 221
f 680 684 161
f 160 1604 680
f 1604 158 676
f 684 676 159
f 685 683 163
f 98 1605 685
f 1605 160 680
f 683 680 161
f 682 780 162
f 161 1606 682
f 1606 159 778
f 780 778 224
f 164 1607 1287
f 163 1607 686
f 1607 161 682
f 1607 162 1287
f 689 687 165
f 100 1608 689
f 1608 98 685
f 687 685 163
f 688 1286 166
f 165 1609 688
f 687 686 1609
f 1286 686 164
f 692 1285 168
f 167 1610 692
f 1610 165 688
f 1285 688 166
f 691 690 167
f 102 1611 691
f 1611 100 689
f 690 689 165
f 694 693 169
f 104 1612 694
f 1612 102 691
f 693 691 167
f 695 1284 170
f 169 1613 695
f 1613 167 692
f 1284 692 168
f 697 696 171
f 106 1614 697
f 1614 104 694
f 696 694 169
f 698 1283 172
f 171 1615 698
f 1615 169 695
f 1283 695 170
f 700 699 173
f 108 1616 700
f 1616 106 697
f 699 697 171
f 701 1282 174
f 173 1617 701
f 1617 171 698
f 1282 698 172
f 703 702 175
f 110 1618 703
f 1618 108 700
f 702 700 173
f 176 1619 1281
f 175 1619 704
f 702 701 1619
f 1619 174 1281
f 706 705 177
f 112 1620 706
f 1620 110 703
f 705 703 175
f 178 1621 1280
f 177 1621 707
f 1621 175 704
f 1280 704 176
f 709 708 179
f 114 1622 709
f 1622 112 706
f 708 706 177
f 710 1279 180
f 179 1623 710
f 1623 177 707
f 1279 707 178
f 712 711 181
f 116 1624 712
f 1624 114 709
f 711 709 179
f 713 1278 182
f 181 1625 713
f 1625 179 710
f 1278 710 180
f 715 714 183
f 118 1626 715
f 1626 116 712
f 714 712 181
f 716 1277 184
f 183 1627 716
f 1627 181 713
f 1277 713 182
f 718 717 185
f 120 1628 718
f 1628 118 715
f 717 715 183
f 719 1276 186
f 185 1629 719
f 1629 183 716
f 1629 184 1276
f 721 720 187
f 122 1630 721
f 1630 120 718
f 720 718 185
f 722 1275 188
f 187 1631 722
f 1631 185 719
f 1275 719 186
f 724 723 189
f 124 1632 724
f 1632 122 721
f 723 721 187
f 725 1274 190
f 189 1633 725
f 1633 187 722
f 1274 722 188
f 727 726 191
f 126 1634 727
f 1634 124 724
f 726 724 189
f 192 1635 1273
f 191 1635 728
f 1635 189 725
f 1273 725 190
f 730 729 193
f 128 1636 730
f 1636 126 727
f 729 727 191
f 731 1272 194
f 193 1637 731
f 1637 191 728
f 1272 728 192
f 733 732 195
f 130 1638 733
f 1638 128 730
f 732 730 193
f 734 1271 196
f 734 732 1639
f 1639 193 731
f 1271 731 194
f 736 735 197
f 132 1640 736
f 1640 130 733
f 735 733 195
f 737 1270 198
f 737 735 1641
f 1641 195 734
f 1270 734 196
f 739 738 199
f 134 1642 739
f 1642 132 736
f 738 736 197
f 740 1269 200
f 199 1643 740
f 1643 197 737
f 1643 198 1269
f 742 741 201
f 136 1644 742
f 1644 134 739
f 741 739 199
f 202 1645 1268
f 201 1645 743
f 1645 199 740
f 1268 740 200
f 745 744 203
f 138 1646 745
f 1646 136 742
f 744 742 201
f 746 1267 204
f 203 1647 746
f 1647 201 743
f 1267 743 202
f 748 747 205
f 140 1648 748
f 1648 138 745
f 747 745 203
f 749 1266 206
f 205 1649 749
f 1649 203 746
f 1649 204 1266
f 751 750 207
f 142 1650 751
f 1650 140 748
f 750 748 205
f 752 1265 208
f 207 1651 752
f 1651 205 749
f 1265 749 206
f 754 753 209
f 144 1652 754
f 1652 142 751
f 753 751 207
f 755 1264 210
f 209 1653 755
f 1653 207 752
f 1264 752 208
f 757 756 211
f 146 1654 757
f 1654 144 754
f 756 754 209
f 758 1263 212
f 211 1655 758
f 1655 209 755
f 1655 210 1263
f 760 759 213
f 148 1656 760
f 1656 146 757
f 759 757 211
f 761 1262 214
f 213 1657 761
f 1657 211 758
f 1262 758 212
f 763 762 215
f 150 1658 763
f 1658 148 760
f 762 760 213
f 764 1261 216
f 215 1659 764
f 1659 213 761
f 1261 761 214
f 766 765 217
f 152 1660 766
f 1660 150 763
f 765 763 215
f 767 1260 218
f 217 1661 767
f 1661 215 764
f 1260 764 216
f 769 768 219
f 154 1662 769
f 1662 152 766
f 768 766 217
f 220 1663 1259
f 219 1663 770
f 1663 217 767
f 1259 767 218
f 772 771 221
f 156 1664 772
f 1664 154 769
f 771 769 219
f 222 1665 777
f 221 1665 773
f 1665 219 770
f 777 770 220
f 778 776 224
f 159 1666 778
f 774 773 1666
f 776 773 222
f 223 1667 873
f 222 1667 775
f 777 871 1667
f 1667 285 873
f 225 1668 783
f 224 1668 779
f 776 775 1668
f 1668 223 783
f 227 1669 782
f 784 780 1669
f 780 779 1669
f 1669 225 782
f 226 1670 879
f 781 783 1670
f 783 877 1670
f 1670 288 879
f 228 1671 1258
f 785 782 1671
f 782 781 1671
f 1671 226 1258
f 229 1672 786
f 164 1672 787
f 1672 162 784
f 1672 227 786
f 230 1673 1257
f 788 786 1673
f 786 785 1673
f 1673 228 1257
f 231 1674 789
f 166 1674 790
f 1286 787 1674
f 1674 229 789
f 232 1675 1256
f 791 789 1675
f 789 788 1675
f 1675 230 1256
f 233 1676 792
f 168 1676 793
f 1285 790 1676
f 1676 231 792
f 234 1677 1255
f 794 792 1677
f 792 791 1677
f 1677 232 1255
f 235 1678 795
f 170 1678 796
f 1284 793 1678
f 795 793 233
f 236 1679 1254
f 797 795 1679
f 795 794 1679
f 1679 234 1254
f 799 798 237
f 799 1283 1680
f 1283 796 1680
f 1680 235 798
f 238 1681 1253
f 800 798 1681
f 798 797 1681
f 1681 236 1253
f 239 1682 801
f 802 1282 1682
f 1682 172 799
f 1682 237 801
f 240 1683 1252
f 803 801 1683
f 801 800 1683
f 1683 238 1252
f 241 1684 804
f 805 1281 1684
f 1684 174 802
f 1684 239 804
f 242 1685 1251
f 806 804 1685
f 804 803 1685
f 1685 240 1251
f 243 1686 807
f 808 1280 1686
f 1280 805 1686
f 1686 241 807
f 244 1687 1250
f 809 807 1687
f 807 806 1687
f 1687 242 1250
f 245 1688 810
f 811 1279 1688
f 1279 808 1688
f 1688 243 810
f 246 1689 1249
f 812 810 1689
f 810 809 1689
f 1689 244 1249
f 247 1690 813
f 814 1278 1690
f 1278 811 1690
f 1690 245 813
f 248 1691 1248
f 815 813 1691
f 813 812 1691
f 1691 246 1248
f 249 1692 816
f 817 1277 1692
f 1277 814 1692
f 1692 247 816
f 250 1693 1247
f 818 816 1693
f 816 815 1693
f 1693 248 1247
f 251 1694 819
f 820 1276 1694
f 1276 817 1694
f 1694 249 819
f 252 1695 1246
f 821 819 1695
f 819 818 1695
f 1695 250 1246
f 253 1696 822
f 823 1275 1696
f 1275 820 1696
f 1696 251 822
f 254 1697 1245
f 824 822 1697
f 822 821 1697
f 1697 252 1245
f 255 1698 825
f 826 1274 1698
f 1274 823 1698
f 1698 253 825
f 256 1699 1244
f 255 1699 827
f 825 824 1699
f 1699 254 1244
f 257 1700 828
f 192 1700 829
f 1273 826 1700
f 1700 255 828
f 258 1701 1243
f 830 828 1701
f 828 827 1701
f 1701 256 1243
f 259 1702 831
f 194 1702 832
f 1272 829 1702
f 1702 257 831
f 260 1703 1242
f 833 831 1703
f 831 830 1703
f 1703 258 1242
f 261 1704 834
f 196 1704 835
f 1271 832 1704
f 1704 259 834
f 262 1705 1241
f 836 834 1705
f 834 833 1705
f 1705 260 1241
f 838 837 263
f 838 1270 1706
f 1706 196 835
f 1706 261 837
f 264 1707 1240
f 839 837 1707
f 837 836 1707
f 1707 262 1240
f 265 1708 840
f 841 1269 1708
f 1708 198 838
f 1708 263 840
f 266 1709 1239
f 265 1709 842
f 840 839 1709
f 1709 264 1239
f 267 1710 843
f 202 1710 844
f 1710 200 841
f 1710 265 843
f 268 1711 1238
f 845 843 1711
f 843 842 1711
f 1711 266 1238
f 269 1712 846
f 847 1267 1712
f 1712 202 844
f 1712 267 846
f 270 1713 1237
f 848 846 1713
f 846 845 1713
f 1713 268 1237
f 271 1714 849
f 206 1714 850
f 1266 847 1714
f 1714 269 849
f 272 1715 1236
f 851 849 1715
f 849 848 1715
f 1715 270 1236
f 273 1716 852
f 208 1716 853
f 1265 850 1716
f 1716 271 852
f 274 1717 1235
f 854 852 1717
f 852 851 1717
f 1717 272 1235
f 275 1718 855
f 856 1264 1718
f 1264 853 1718
f 1718 273 855
f 276 1719 1234
f 857 855 1719
f 855 854 1719
f 1719 274 1234
f 277 1720 858
f 859 1263 1720
f 1263 856 1720
f 1720 275 858
f 278 1721 1233
f 860 858 1721
f 858 857 1721
f 1721 276 1233
f 279 1722 861
f 862 1262 1722
f 1262 859 1722
f 1722 277 861
f 280 1723 1232
f 863 861 1723
f 861 860 1723
f 1723 278 1232
f 281 1724 864
f 865 1261 1724
f 1261 862 1724
f 1724 279 864
f 282 1725 1231
f 866 864 1725
f 864 863 1725
f 1725 280 1231
f 283 1726 867
f 218 1726 868
f 1726 216 865
f 1726 281 867
f 284 1727 1230
f 869 867 1727
f 867 866 1727
f 1727 282 1230
f 285 1728 870
f 220 1728 871
f 1259 868 1728
f 1728 283 870
f 286 1729 876
f 872 870 1729
f 870 869 1729
f 1729 284 876
f 288 1730 875
f 877 873 1730
f 873 872 1730
f 1730 286 875
f 287 1731 972
f 874 876 1731
f 876 970 1731
f 1731 349 972
f 289 1732 882
f 878 875 1732
f 875 874 1732
f 1732 287 882
f 291 1733 881
f 883 879 1733
f 879 878 1733
f 1733 289 881
f 290 1734 978
f 880 882 1734
f 882 976 1734
f 1734 352 978
f 292 1735 1229
f 884 881 1735
f 881 880 1735
f 1735 290 1229
f 293 1736 885
f 886 1258 1736
f 1258 883 1736
f 1736 291 885
f 294 1737 1228
f 887 885 1737
f 885 884 1737
f 1737 292 1228
f 295 1738 888
f 889 1257 1738
f 1257 886 1738
f 1738 293 888
f 296 1739 1227
f 890 888 1739
f 888 887 1739
f 1739 294 1227
f 297 1740 891
f 892 1256 1740
f 1256 889 1740
f 1740 295 891
f 298 1741 1226
f 893 891 1741
f 891 890 1741
f 1741 296 1226
f 299 1742 894
f 895 1255 1742
f 1255 892 1742
f 1742 297 894
f 300 1743 1225
f 896 894 1743
f 894 893 1743
f 1743 298 1225
f 301 1744 897
f 898 1254 1744
f 1254 895 1744
f 1744 299 897
f 302 1745 1224
f 899 897 1745
f 897 896 1745
f 1745 300 1224
f 303 1746 900
f 901 1253 1746
f 1253 898 1746
f 1746 301 900
f 304 1747 1223
f 902 900 1747
f 900 899 1747
f 1747 302 1223
f 305 1748 903
f 904 1252 1748
f 1252 901 1748
f 1748 303 903
f 306 1749 1222
f 905 903 1749
f 903 902 1749
f 1749 304 1222
f 307 1750 906
f 907 1251 1750
f 1251 904 1750
f 1750 305 906
f 308 1751 1221
f 908 906 1751
f 906 905 1751
f 1751 306 1221
f 309 1752 909
f 910 1250 1752
f 1250 907 1752
f 1752 307 909
f 310 1753 1220
f 911 909 1753
f 909 908 1753
f 1753 308 1220
f 311 1754 912
f 913 1249 1754
f 1249 910 1754
f 1754 309 912
f 312 1755 1219
f 914 912 1755
f 912 911 1755
f 1755 310 1219
f 313 1756 915
f 916 1248 1756
f 1248 913 1756
f 1756 311 915
f 314 1757 1218
f 917 915 1757
f 915 914 1757
f 1757 312 1218
f 315 1758 918
f 919 1247 1758
f 1247 916 1758
f 1758 313 918
f 316 1759 1217
f 920 918 1759
f 918 917 1759
f 1759 314 1217
f 317 1760 921
f 922 1246 1760
f 1246 919 1760
f 1760 315 921
f 318 1761 1216
f 923 921 1761
f 921 920 1761
f 1761 316 1216
f 319 1762 924
f 925 1245 1762
f 1245 922 1762
f 1762 317 924
f 320 1763 1215
f 926 924 1763
f 924 923 1763
f 1763 318 1215
f 321 1764 927
f 928 1244 1764
f 1244 925 1764
f 1764 319 927
f 322 1765 1214
f 929 927 1765
f 927 926 1765
f 1765 320 1214
f 323 1766 930
f 931 1243 1766
f 1243 928 1766
f 1766 321 930
f 324 1767 1213
f 932 930 1767
f 930 929 1767
f 1767 322 1213
f 325 1768 933
f 934 1242 1768
f 1242 931 1768
f 1768 323 933
f 326 1769 1212
f 935 933 1769
f 933 932 1769
f 1769 324 1212
f 327 1770 936
f 937 1241 1770
f 1241 934 1770
f 1770 325 936
f 328 1771 1211
f 938 936 1771
f 936 935 1771
f 1771 326 1211
f 329 1772 939
f 940 1240 1772
f 1240 937 1772
f 1772 327 939
f 330 1773 1210
f 941 939 1773
f 939 938 1773
f 1773 328 1210
f 331 1774 942
f 943 1239 1774
f 1239 940 1774
f 1774 329 942
f 332 1775 1209
f 944 942 1775
f 942 941 1775
f 1775 330 1209
f 333 1776 945
f 946 1238 1776
f 1238 943 1776
f 1776 331 945
f 334 1777 1208
f 947 945 1777
f 945 944 1777
f 1777 332 1208
f 335 1778 948
f 949 1237 1778
f 1237 946 1778
f 1778 333 948
f 336 1779 1207
f 950 948 1779
f 948 947 1779
f 1779 334 1207
f 337 1780 951
f 952 1236 1780
f 1236 949 1780
f 1780 335 951
f 338 1781 1206
f 953 951 1781
f 951 950 1781
f 1781 336 1206
f 339 1782 954
f 955 1235 1782
f 1235 952 1782
f 1782 337 954
f 340 1783 1205
f 956 954 1783
f 954 953 1783
f 1783 338 1205
f 341 1784 957
f 958 1234 1784
f 1234 955 1784
f 1784 339 957
f 342 1785 1204
f 959 957 1785
f 957 956 1785
f 1785 340 1204
f 343 1786 960
f 961 1233 1786
f 1233 958 1786
f 1786 341 960
f 344 1787 1203
f 962 960 1787
f 960 959 1787
f 1787 342 1203
f 345 1788 963
f 964 1232 1788
f 1232 961 1788
f 1788 343 963
f 346 1789 1202
f 965 963 1789
f 963 962 1789
f 1789 344 1202
f 347 1790 966
f 967 1231 1790
f 1231 964 1790
f 1790 345 966
f 348 1791 1201
f 968 966 1791
f 966 965 1791
f 1791 346 1201
f 349 1792 969
f 970 1230 1792
f 1230 967 1792
f 1792 347 969
f 350 1793 975
f 971 969 1793
f 969 968 1793
f 1793 348 975
f 352 1794 974
f 976 972 1794
f 972 971 1794
f 1794 350 974
f 351 1795 1071
f 973 975 1795
f 975 1069 1795
f 1795 413 1071
f 353 1796 981
f 977 974 1796
f 974 973 1796
f 1796 351 981
f 355 1797 980
f 982 978 1797
f 978 977 1797
f 1797 353 980
f 354 1798 1077
f 979 981 1798
f 981 1075 1798
f 1798 416 1077
f 356 1799 1200
f 983 980 1799
f 980 979 1799
f 1799 354 1200
f 357 1800 984
f 985 1229 1800
f 1229 982 1800
f 1800 355 984
f 358 1801 1199
f 986 984 1801
f 984 983 1801
f 1801 356 1199
f 359 1802 987
f 988 1228 1802
f 1228 985 1802
f 1802 357 987
f 360 1803 1198
f 989 987 1803
f 987 986 1803
f 1803 358 1198
f 361 1804 990
f 991 1227 1804
f 1227 988 1804
f 1804 359 990
f 362 1805 1197
f 992 990 1805
f 990 989 1805
f 1805 360 1197
f 363 1806 993
f 994 1226 1806
f 1226 991 1806
f 1806 361 993
f 364 1807 1196
f 995 993 1807
f 993 992 1807
f 1807 362 1196
f 365 1808 996
f 997 1225 1808
f 1225 994 1808
f 1808 363 996
f 366 1809 1195
f 998 996 1809
f 996 995 1809
f 1809 364 1195
f 367 1810 999
f 1000 1224 1810
f 1224 997 1810
f 1810 365 999
f 368 1811 1194
f 1001 999 1811
f 999 998 1811
f 1811 366 1194
f 369 1812 1002
f 1003 1223 1812
f 1223 1000 1812
f 1812 367 1002
f 370 1813 1193
f 1004 1002 1813
f 1002 1001 1813
f 1813 368 1193
f 371 1814 1005
f 1006 1222 1814
f 1222 1003 1814
f 1814 369 1005
f 372 1815 1192
f 1007 1005 1815
f 1005 1004 1815
f 1815 370 1192
f 373 1816 1008
f 1009 1221 1816
f 1221 1006 1816
f 1816 371 1008
f 374 1817 1191
f 1010 1008 1817
f 1008 1007 1817
f 1817 372 1191
f 375 1818 1011
f 1012 1220 1818
f 1220 1009 1818
f 1818 373 1011
f 376 1819 1190
f 1013 1011 1819
f 1011 1010 1819
f 1819 374 1190
f 377 1820 1014
f 1015 1219 1820
f 1219 1012 1820
f 1820 375 1014
f 378 1821 1189
f 1016 1014 1821
f 1014 1013 1821
f 1821 376 1189
f 379 1822 1017
f 1018 1218 1822
f 1218 1015 1822
f 1822 377 1017
f 380 1823 1188
f 1019 1017 1823
f 1017 1016 1823
f 1823 378 1188
f 381 1824 1020
f 1021 1217 1824
f 1217 1018 1824
f 1824 379 1020
f 382 1825 1187
f 1022 1020 1825
f 1020 1019 1825
f 1825 380 1187
f 383 1826 1023
f 1024 1216 1826
f 1216 1021 1826
f 1826 381 1023
f 384 1827 1186
f 1025 1023 1827
f 1023 1022 1827
f 1827 382 1186
f 385 1828 1026
f 1027 1215 1828
f 1215 1024 1828
f 1828 383 1026
f 386 1829 1185
f 1028 1026 1829
f 1026 1025 1829
f 1829 384 1185
f 387 1830 1029
f 1030 1214 1830
f 1214 1027 1830
f 1830 385 1029
f 388 1831 1184
f 1031 1029 1831
f 1029 1028 1831
f 1831 386 1184
f 389 1832 1032
f 1033 1213 1832
f 1213 1030 1832
f 1832 387 1032
f 390 1833 1183
f 1034 1032 1833
f 1032 1031 1833
f 1833 388 1183
f 391 1834 1035
f 1036 1212 1834
f 1212 1033 1834
f 1834 389 1035
f 392 1835 1182
f 1037 1035 1835
f 1035 1034 1835
f 1835 390 1182
f 393 1836 1038
f 1039 1211 1836
f 1211 1036 1836
f 1836 391 1038
f 394 1837 1181
f 1040 1038 1837
f 1038 1037 1837
f 1837 392 1181
f 395 1838 1041
f 1042 1210 1838
f 1210 1039 1838
f 1838 393 1041
f 396 1839 1180
f 1043 1041 1839
f 1041 1040 1839
f 1839 394 1180
f 397 1840 1044
f 1045 1209 1840
f 1209 1042 1840
f 1840 395 1044
f 398 1841 1179
f 1046 1044 1841
f 1044 1043 1841
f 1841 396 1179
f 399 1842 1047
f 1048 1208 1842
f 1208 1045 1842
f 1842 397 1047
f 400 1843 1178
f 1049 1047 1843
f 1047 1046 1843
f 1843 398 1178
f 401 1844 1050
f 1051 1207 1844
f 1207 1048 1844
f 1844 399 1050
f 402 1845 1177
f 1052 1050 1845
f 1050 1049 1845
f 1845 400 1177
f 403 1846 1053
f 1054 1206 1846
f 1206 1051 1846
f 1846 401 1053
f 404 1847 1176
f 1055 1053 1847
f 1053 1052 1847
f 1847 402 1176
f 405 1848 1056
f 1057 1205 1848
f 1205 1054 1848
f 1848 403 1056
f 406 1849 1175
f 1058 1056 1849
f 1056 1055 1849
f 1849 404 1175
f 407 1850 1059
f 1060 1204 1850
f 1204 1057 1850
f 1850 405 1059
f 408 1851 1174
f 1061 1059 1851
f 1059 1058 1851
f 1851 406 1174
f 409 1852 1062
f 1063 1203 1852
f 1203 1060 1852
f 1852 407 1062
f 410 1853 1173
f 1064 1062 1853
f 1062 1061 1853
f 1853 408 1173
f 411 1854 1065
f 1066 1202 1854
f 1202 1063 1854
f 1854 409 1065
f 412 1855 1172
f 1067 1065 1855
f 1065 1064 1855
f 1855 410 1172
f 413 1856 1068
f 1069 1201 1856
f 1201 1066 1856
f 1856 411 1068
f 414 1857 1074
f 1070 1068 1857
f 1068 1067 1857
f 1857 412 1074
f 416 1858 1073
f 1075 1071 1858
f 1071 1070 1858
f 1858 414 1073
f 1072 1159 415
f 414 1859 1072
f 1859 412 1158
f 1159 1158 426
f 1076 1079 417
f 416 1860 1076
f 1860 414 1072
f 1079 1072 415
f 1171 1078 418
f 354 1861 1171
f 1861 416 1076
f 1078 1076 417
f 1087 1080 419
f 418 1862 1087
f 417 1862 1078
f 1080 1088 419
f 417 1863 1080
f 415 1863 1079
f 1081 1101 419
f 420 1864 1081
f 438 1864 1134
f 1100 1081 419
f 437 1865 1100
f 420 1865 1137
f 1111 1082 419
f 448 1866 1111
f 421 1866 1114
f 1082 1083 419
f 421 1867 1082
f 422 1867 1168
f 1083 1084 419
f 422 1868 1083
f 423 1868 1166
f 1084 1085 419
f 423 1869 1084
f 424 1869 1164
f 1085 1086 419
f 424 1870 1085
f 425 1870 1161
f 1086 1087 419
f 425 1871 1086
f 418 1871 1162
f 1088 1089 419
f 415 1872 1088
f 426 1872 1159
f 1089 1090 419
f 426 1873 1089
f 427 1873 1157
f 1090 1091 419
f 427 1874 1090
f 428 1874 1155
f 1091 1092 419
f 428 1875 1091
f 429 1875 1153
f 1092 1093 419
f 429 1876 1092
f 430 1876 1151
f 1093 1094 419
f 430 1877 1093
f 431 1877 1149
f 1094 1095 419
f 431 1878 1094
f 432 1878 1147
f 1095 1096 419
f 432 1879 1095
f 433 1879 1145
f 1096 1097 419
f 433 1880 1096
f 434 1880 1143
f 1097 1098 419
f 434 1881 1097
f 435 1881 1141
f 1098 1099 419
f 435 1882 1098
f 436 1882 1139
f 1099 1100 419
f 436 1883 1099
f 437 1883 1136
f 1101 1102 419
f 438 1884 1101
f 439 1884 1132
f 1102 1103 419
f 439 1885 1102
f 440 1885 1130
f 1103 1104 419
f 440 1886 1103
f 441 1886 1128
f 1104 1105 419
f 441 1887 1104
f 442 1887 1126
f 1105 1106 419
f 442 1888 1105
f 443 1888 1124
f 1106 1107 419
f 443 1889 1106
f 444 1889 1122
f 1107 1108 419
f 444 1890 1107
f 445 1890 1120
f 1108 1109 419
f 445 1891 1108
f 446 1891 1118
f 1109 1110 419
f 446 1892 1109
f 447 1892 1116
f 1110 1111 419
f 447 1893 1110
f 448 1893 1113
f 1112 1114 448
f 366 1894 1112
f 1894 364 1169
f 1114 1169 421
f 1115 1113 447
f 368 1895 1115
f 1895 366 1112
f 1113 1112 448
f 1117 1116 446
f 370 1896 1117
f 1896 368 1115
f 1116 1115 447
f 1119 1118 445
f 372 1897 1119
f 1897 370 1117
f 1118 1117 446
f 1121 1120 444
f 374 1898 1121
f 1898 372 1119
f 1120 1119 445
f 1123 1122 443
f 376 1899 1123
f 1899 374 1121
f 1122 1121 444
f 1125 1124 442
f 378 1900 1125
f 1900 376 1123
f 1124 1123 443
f 1127 1126 441
f 380 1901 1127
f 1901 378 1125
f 1126 1125 442
f 1129 1128 440
f 382 1902 1129
f 1902 380 1127
f 1128 1127 441
f 1131 1130 439
f 384 1903 1131
f 1903 382 1129
f 1130 1129 440
f 1133 1132 438
f 386 1904 1133
f 1904 384 1131
f 1132 1131 439
f 1170 1134 420
f 388 1905 1170
f 1905 386 1133
f 1134 1133 438
f 1135 1137 437
f 390 1906 1135
f 1906 388 1170
f 1137 1170 420
f 1138 1136 436
f 392 1907 1138
f 1907 390 1135
f 1136 1135 437
f 1140 1139 435
f 394 1908 1140
f 1908 392 1138
f 1139 1138 436
f 1142 1141 434
f 396 1909 1142
f 1909 394 1140
f 1141 1140 435
f 1144 1143 433
f 398 1910 1144
f 1910 396 1142
f 1143 1142 434
f 1146 1145 432
f 400 1911 1146
f 1911 398 1144
f 1145 1144 433
f 1148 1147 431
f 402 1912 1148
f 1912 400 1146
f 1147 1146 432
f 1150 1149 430
f 404 1913 1150
f 1913 402 1148
f 1149 1148 431
f 1152 1151 429
f 406 1914 1152
f 1914 404 1150
f 1151 1150 430
f 1154 1153 428
f 408 1915 1154
f 1915 406 1152
f 1153 1152 429
f 1156 1155 427
f 410 1916 1156
f 1916 408 1154
f 1155 1154 428
f 1158 1157 426
f 412 1917 1158
f 1917 410 1156
f 1157 1156 427
f 1160 1162 425
f 356 1918 1160
f 1918 354 1171
f 1162 1171 418
f 1163 1161 424
f 358 1919 1163
f 1919 356 1160
f 1161 1160 425
f 1165 1164 423
f 360 1920 1165
f 1920 358 1163
f 1164 1163 424
f 1167 1166 422
f 362 1921 1167
f 1921 360 1165
f 1166 1165 423
f 1169 1168 421
f 364 1922 1169
f 1922 362 1167
f 1168 1167 422
f 93 1923 1319
f 1317 1414 1923
f 1414 1413 1923
f 1923 90 1319
f 450 1924 1318
f 1320 1323 1924
f 1323 1317 1924
f 1924 93 1318
f 3 1925 1322
f 1326 1325 1925
f 1325 1320 1925
f 1925 450 1322
f 451 1926 1323
f 1416 1324 452
f 449 1926 1416
f 453 1927 1325
f 1324 1328 452
f 451 1927 1324
f 6 1928 1474
f 1329 1327 1928
f 1327 1326 1928
f 1928 3 1474
f 454 1929 1327
f 1328 1331 452
f 453 1929 1328
f 9 1930 1472
f 1332 1330 1930
f 1330 1329 1930
f 1930 6 1472
f 455 1931 1330
f 1331 1334 452
f 454 1931 1331
f 12 1932 1470
f 1335 1333 1932
f 1333 1332 1932
f 1932 9 1470
f 456 1933 1333
f 1334 1337 452
f 455 1933 1334
f 15 1934 1468
f 1338 1336 1934
f 1336 1335 1934
f 1934 12 1468
f 457 1935 1336
f 1337 1340 452
f 456 1935 1337
f 18 1936 1466
f 1341 1339 1936
f 1339 1338 1936
f 1936 15 1466
f 458 1937 1339
f 1340 1343 452
f 457 1937 1340
f 21 1938 1464
f 1344 1342 1938
f 1342 1341 1938
f 1938 18 1464
f 459 1939 1342
f 1343 1346 452
f 458 1939 1343
f 24 1940 1462
f 1347 1345 1940
f 1345 1344 1940
f 1940 21 1462
f 460 1941 1345
f 1346 1349 452
f 459 1941 1346
f 27 1942 1460
f 1350 1348 1942
f 1348 1347 1942
f 1942 24 1460
f 461 1943 1348
f 1349 1352 452
f 460 1943 1349
f 30 1944 1458
f 1353 1351 1944
f 1351 1350 1944
f 1944 27 1458
f 462 1945 1351
f 1352 1355 452
f 461 1945 1352
f 33 1946 1456
f 1356 1354 1946
f 1354 1353 1946
f 1946 30 1456
f 463 1947 1354
f 1355 1358 452
f 462 1947 1355
f 36 1948 1454
f 1359 1357 1948
f 1357 1356 1948
f 1948 33 1454
f 464 1949 1357
f 1358 1361 452
f 463 1949 1358
f 39 1950 1452
f 1362 1360 1950
f 1360 1359 1950
f 1950 36 1452
f 465 1951 1360
f 1361 1364 452
f 464 1951 1361
f 42 1952 1450
f 1365 1363 1952
f 1363 1362 1952
f 1952 39 1450
f 466 1953 1363
f 1364 1367 452
f 465 1953 1364
f 45 1954 1448
f 1368 1366 1954
f 1366 1365 1954
f 1954 42 1448
f 467 1955 1366
f 1367 1370 452
f 466 1955 1367
f 48 1956 1446
f 1371 1369 1956
f 1369 1368 1956
f 1956 45 1446
f 468 1957 1369
f 1370 1373 452
f 467 1957 1370
f 51 1958 1444
f 1374 1372 1958
f 1372 1371 1958
f 1958 48 1444
f 469 1959 1372
f 1373 1376 452
f 468 1959 1373
f 54 1960 1442
f 1377 1375 1960
f 1375 1374 1960
f 1960 51 1442
f 470 1961 1375
f 1376 1379 452
f 469 1961 1376
f 57 1962 1440
f 1380 1378 1962
f 1378 1377 1962
f 1962 54 1440
f 471 1963 1378
f 1379 1382 452
f 470 1963 1379
f 60 1964 1438
f 1383 1381 1964
f 1381 1380 1964
f 1964 57 1438
f 472 1965 1381
f 1382 1385 452
f 471 1965 1382
f 63 1966 1436
f 1386 1384 1966
f 1384 1383 1966
f 1966 60 1436
f 473 1967 1384
f 1385 1388 452
f 472 1967 1385
f 66 1968 1434
f 1389 1387 1968
f 1387 1386 1968
f 1968 63 1434
f 474 1969 1387
f 1388 1391 452
f 473 1969 1388
f 69 1970 1432
f 1392 1390 1970
f 1390 1389 1970
f 1970 66 1432
f 475 1971 1390
f 1391 1394 452
f 474 1971 1391
f 72 1972 1430
f 1395 1393 1972
f 1393 1392 1972
f 1972 69 1430
f 476 1973 1393
f 1394 1397 452
f 475 1973 1394
f 75 1974 1428
f 1398 1396 1974
f 1396 1395 1974
f 1974 72 1428
f 477 1975 1396
f 1397 1400 452
f 476 1975 1397
f 78 1976 1426
f 1401 1399 1976
f 1399 1398 1976
f 1976 75 1426
f 478 1977 1399
f 1400 1403 452
f 477 1977 1400
f 81 1978 1424
f 1405 1402 1978
f 1402 1401 1978
f 1978 78 1424
f 479 1979 1402
f 1403 1404 452
f 478 1979 1403
f 480 1980 1406
f 1404 1409 452
f 479 1980 1404
f 84 1981 1422
f 1407 1406 1981
f 1406 1405 1981
f 1981 81 1422
f 87 1982 1420
f 1410 1408 1982
f 1408 1407 1982
f 1982 84 1420
f 481 1983 1408
f 1409 1412 452
f 480 1983 1409
f 90 1984 1418
f 1413 1411 1984
f 1411 1410 1984
f 1984 87 1418
f 482 1985 1411
f 1412 1415 452
f 481 1985 1412
f 449 1986 1414
f 1415 1416 452
f 482 1986 1415
f 484 1475 483
f 3 1322 1475
f 1475 1322 450
f 483 1475 1321
f 485 1476 582
f 1 483 1476
f 1476 483 2
f 582 1476 580
f 487 1477 486
f 6 1474 1477
f 1477 1474 3
f 486 1477 484
f 488 1478 1473
f 5 486 1478
f 1478 486 1
f 1473 1478 485
f 490 1479 489
f 9 1472 1479
f 1479 1472 6
f 489 1479 487
f 491 1480 1471
f 8 489 1480
f 1480 489 5
f 1471 1480 488
f 493 1481 492
f 12 1470 1481
f 1481 1470 9
f 492 1481 490
f 494 1482 1469
f 11 492 1482
f 1482 492 8
f 1469 1482 491
f 496 1483 495
f 15 1468 1483
f 1483 1468 12
f 495 1483 493
f 497 1484 1467
f 14 495 1484
f 1484 495 11
f 1467 1484 494
f 499 1485 498
f 18 1466 1485
f 1485 1466 15
f 498 1485 496
f 500 1486 1465
f 17 498 1486
f 1486 498 14
f 1465 1486 497
f 502 1487 501
f 21 1464 1487
f 1487 1464 18
f 501 1487 499
f 503 1488 1463
f 20 501 1488
f 1488 501 17
f 1463 1488 500
f 505 1489 504
f 24 1462 1489
f 1489 1462 21
f 504 1489 502
f 506 1490 1461
f 23 504 1490
f 1490 504 20
f 1461 1490 503
f 508 1491 507
f 27 1460 1491
f 1491 1460 24
f 507 1491 505
f 509 1492 1459
f 26 507 1492
f 1492 507 23
f 1459 1492 506
f 511 1493 510
f 30 1458 1493
f 1493 1458 27
f 510 1493 508
f 512 1494 1457
f 29 510 1494
f 1494 510 26
f 1457 1494 509
f 514 1495 513
f 33 1456 1495
f 1495 1456 30
f 513 1495 511
f 515 1496 1455
f 32 513 1496
f 1496 513 29
f 1455 1496 512
f 517 1497 516
f 36 1454 1497
f 1497 1454 33
f 516 1497 514
f 518 1498 1453
f 35 516 1498
f 1498 516 32
f 1453 1498 515
f 520 1499 519
f 39 1452 1499
f 1499 1452 36
f 519 1499 517
f 521 1500 1451
f 38 519 1500
f 1500 519 35
f 1451 1500 518
f 523 1501 522
f 42 1450 1501
f 1501 1450 39
f 522 1501 520
f 524 1502 1449
f 41 522 1502
f 1502 522 38
f 1449 1502 521
f 526 1503 525
f 45 1448 1503
f 1503 1448 42
f 525 1503 523
f 527 1504 1447
f 44 525 1504
f 1504 525 41
f 1447 1504 524
f 529 1505 528
f 48 1446 1505
f 1505 1446 45
f 528 1505 526
f 530 1506 1445
f 47 528 1506
f 1506 528 44
f 1445 1506 527
f 532 1507 531
f 51 1444 1507
f 1507 1444 48
f 531 1507 529
f 533 1508 1443
f 50 531 1508
f 1508 531 47
f 1443 1508 530
f 535 1509 534
f 54 1442 1509
f 1509 1442 51
f 534 1509 532
f 536 1510 1441
f 53 534 1510
f 1510 534 50
f 1441 1510 533
f 538 1511 537
f 57 1440 1511
f 1511 1440 54
f 537 1511 535
f 539 1512 1439
f 56 537 1512
f 1512 537 53
f 1439 1512 536
f 541 1513 540
f 60 1438 1513
f 1513 1438 57
f 540 1513 538
f 542 1514 1437
f 59 540 1514
f 1514 540 56
f 1437 1514 539
f 544 1515 543
f 63 1436 1515
f 1515 1436 60
f 543 1515 541
f 545 1516 1435
f 62 543 1516
f 1516 543 59
f 1435 1516 542
f 547 1517 546
f 66 1434 1517
f 1517 1434 63
f 546 1517 544
f 548 1518 1433
f 65 546 1518
f 1518 546 62
f 1433 1518 545
f 550 1519 549
f 69 1432 1519
f 1519 1432 66
f 549 1519 547
f 551 1520 1431
f 68 549 1520
f 1520 549 65
f 1431 1520 548
f 553 1521 552
f 72 1430 1521
f 1521 1430 69
f 552 1521 550
f 554 1522 1429
f 71 552 1522
f 1522 552 68
f 1429 1522 551
f 556 1523 555
f 75 1428 1523
f 1523 1428 72
f 555 1523 553
f 557 1524 1427
f 74 555 1524
f 1524 555 71
f 1427 1524 554
f 559 1525 558
f 78 1426 1525
f 1525 1426 75
f 558 1525 556
f 560 1526 1425
f 77 558 1526
f 1526 558 74
f 1425 1526 557
f 562 1527 561
f 81 1424 1527
f 1527 1424 78
f 561 1527 559
f 563 1528 1423
f 80 561 1528
f 1528 561 77
f 1423 1528 560
f 565 1529 564
f 84 1422 1529
f 1529 1422 81
f 564 1529 562
f 566 1530 1421
f 83 564 1530
f 1530 564 80
f 1421 1530 563
f 568 1531 567
f 87 1420 1531
f 1531 1420 84
f 567 1531 565
f 569 1532 1419
f 86 567 1532
f 1532 567 83
f 1419 1532 566
f 571 1533 570
f 90 1418 1533
f 1533 1418 87
f 570 1533 568
f 572 1534 1417
f 89 570 1534
f 1534 570 86
f 1417 1534 569
f 574 1535 573
f 93 1319 1535
f 1535 1319 90
f 573 1535 571
f 575 1536 579
f 92 573 1536
f 1536 573 89
f 579 1536 572
f 1321 1537 576
f 450 1318 1537
f 1537 1318 93
f 576 1537 574
f 580 1538 578
f 2 576 1538
f 1538 576 92
f 578 1538 575
f 577 1539 675
f 94 579 1539
f 1539 579 91
f 675 1539 673
f 581 1540 585
f 96 578 1540
f 1540 578 94
f 585 1540 577
f 586 1541 584
f 4 582 1541
f 1541 582 96
f 584 1541 581
f 583 1542 681
f 97 585 1542
f 1542 585 95
f 681 1542 679
f 587 1543 1316
f 99 584 1543
f 1543 584 97
f 1316 1543 583
f 589 1544 588
f 7 1473 1544
f 1544 1473 4
f 588 1544 586
f 590 1545 1315
f 101 588 1545
f 1545 588 99
f 1315 1545 587
f 592 1546 591
f 10 1471 1546
f 1546 1471 7
f 591 1546 589
f 593 1547 1314
f 103 591 1547
f 1547 591 101
f 1314 1547 590
f 595 1548 594
f 13 1469 1548
f 1548 1469 10
f 594 1548 592
f 596 1549 1313
f 105 594 1549
f 1549 594 103
f 1313 1549 593
f 598 1550 597
f 16 1467 1550
f 1550 1467 13
f 597 1550 595
f 599 1551 1312
f 107 597 1551
f 1551 597 105
f 1312 1551 596
f 601 1552 600
f 19 1465 1552
f 1552 1465 16
f 600 1552 598
f 602 1553 1311
f 109 600 1553
f 1553 600 107
f 1311 1553 599
f 604 1554 603
f 22 1463 1554
f 1554 1463 19
f 603 1554 601
f 605 1555 1310
f 111 603 1555
f 1555 603 109
f 1310 1555 602
f 607 1556 606
f 25 1461 1556
f 1556 1461 22
f 606 1556 604
f 608 1557 1309
f 113 606 1557
f 1557 606 111
f 1309 1557 605
f 610 1558 609
f 28 1459 1558
f 1558 1459 25
f 609 1558 607
f 611 1559 1308
f 115 609 1559
f 1559 609 113
f 1308 1559 608
f 613 1560 612
f 31 1457 1560
f 1560 1457 28
f 612 1560 610
f 614 1561 1307
f 117 612 1561
f 1561 612 115
f 1307 1561 611
f 616 1562 615
f 34 1455 1562
f 1562 1455 31
f 615 1562 613
f 617 1563 1306
f 119 615 1563
f 1563 615 117
f 1306 1563 614
f 619 1564 618
f 37 1453 1564
f 1564 1453 34
f 618 1564 616
f 620 1565 1305
f 121 618 1565
f 1565 618 119
f 1305 1565 617
f 622 1566 621
f 40 1451 1566
f 1566 1451 37
f 621 1566 619
f 623 1567 1304
f 123 621 1567
f 1567 621 121
f 1304 1567 620
f 625 1568 624
f 43 1449 1568
f 1568 1449 40
f 624 1568 622
f 626 1569 1303
f 125 624 1569
f 1569 624 123
f 1303 1569 623
f 628 1570 627
f 46 1447 1570
f 1570 1447 43
f 627 1570 625
f 629 1571 1302
f 127 627 1571
f 1571 627 125
f 1302 1571 626
f 631 1572 630
f 49 1445 1572
f 1572 1445 46
f 630 1572 628
f 632 1573 1301
f 129 630 1573
f 1573 630 127
f 1301 1573 629
f 634 1574 633
f 52 1443 1574
f 1574 1443 49
f 633 1574 631
f 635 1575 1300
f 131 633 1575
f 1575 633 129
f 1300 1575 632
f 637 1576 636
f 55 1441 1576
f 1576 1441 52
f 636 1576 634
f 638 1577 1299
f 133 636 1577
f 1577 636 131
f 1299 1577 635
f 640 1578 639
f 58 1439 1578
f 1578 1439 55
f 639 1578 637
f 641 1579 1298
f 135 639 1579
f 1579 639 133
f 1298 1579 638
f 643 1580 642
f 61 1437 1580
f 1580 1437 58
f 642 1580 640
f 644 1581 1297
f 137 642 1581
f 1581 642 135
f 1297 1581 641
f 646 1582 645
f 64 1435 1582
f 1582 1435 61
f 645 1582 643
f 647 1583 1296
f 139 645 1583
f 1583 645 137
f 1296 1583 644
f 649 1584 648
f 67 1433 1584
f 1584 1433 64
f 648 1584 646
f 650 1585 1295
f 141 648 1585
f 1585 648 139
f 1295 1585 647
f 652 1586 651
f 70 1431 1586
f 1586 1431 67
f 651 1586 649
f 653 1587 1294
f 143 651 1587
f 1587 651 141
f 1294 1587 650
f 655 1588 654
f 73 1429 1588
f 1588 1429 70
f 654 1588 652
f 656 1589 1293
f 145 654 1589
f 1589 654 143
f 1293 1589 653
f 658 1590 657
f 76 1427 1590
f 1590 1427 73
f 657 1590 655
f 659 1591 1292
f 147 657 1591
f 1591 657 145
f 1292 1591 656
f 661 1592 660
f 79 1425 1592
f 1592 1425 76
f 660 1592 658
f 662 1593 1291
f 149 660 1593
f 1593 660 147
f 1291 1593 659
f 664 1594 663
f 82 1423 1594
f 1594 1423 79
f 663 1594 661
f 665 1595 1290
f 151 663 1595
f 1595 663 149
f 1290 1595 662
f 667 1596 666
f 85 1421 1596
f 1596 1421 82
f 666 1596 664
f 668 1597 1289
f 153 666 1597
f 1597 666 151
f 1289 1597 665
f 670 1598 669
f 88 1419 1598
f 1598 1419 85
f 669 1598 667
f 671 1599 1288
f 155 669 1599
f 1599 669 153
f 1288 1599 668
f 673 1600 672
f 91 1417 1600
f 1600 1417 88
f 672 1600 670
f 674 1601 678
f 157 672 1601
f 1601 672 155
f 678 1601 671
f 679 1602 677
f 95 675 1602
f 1602 675 157
f 677 1602 674
f 676 1603 774
f 158 678 1603
f 1603 678 156
f 774 1603 772
f 680 1604 684
f 160 677 1604
f 1604 677 158
f 684 1604 676
f 685 1605 683
f 98 681 1605
f 1605 681 160
f 683 1605 680
f 682 1606 780
f 161 684 1606
f 1606 684 159
f 780 1606 778
f 164 686 1607
f 163 683 1607
f 1607 683 161
f 1607 682 162
f 689 1608 687
f 100 1316 1608
f 1608 1316 98
f 687 1608 685
f 688 1609 1286
f 165 687 1609
f 687 163 686
f 1286 1609 686
f 692 1610 1285
f 167 690 1610
f 1610 690 165
f 1285 1610 688
f 691 1611 690
f 102 1315 1611
f 1611 1315 100
f 690 1611 689
f 694 1612 693
f 104 1314 1612
f 1612 1314 102
f 693 1612 691
f 695 1613 1284
f 169 693 1613
f 1613 693 167
f 1284 1613 692
f 697 1614 696
f 106 1313 1614
f 1614 1313 104
f 696 1614 694
f 698 1615 1283
f 171 696 1615
f 1615 696 169
f 1283 1615 695
f 700 1616 699
f 108 1312 1616
f 1616 1312 106
f 699 1616 697
f 701 1617 1282
f 173 699 1617
f 1617 699 171
f 1282 1617 698
f 703 1618 702
f 110 1311 1618
f 1618 1311 108
f 702 1618 700
f 176 704 1619
f 175 702 1619
f 702 173 701
f 1619 701 174
f 706 1620 705
f 112 1310 1620
f 1620 1310 110
f 705 1620 703
f 178 707 1621
f 177 705 1621
f 1621 705 175
f 1280 1621 704
f 709 1622 708
f 114 1309 1622
f 1622 1309 112
f 708 1622 706
f 710 1623 1279
f 179 708 1623
f 1623 708 177
f 1279 1623 707
f 712 1624 711
f 116 1308 1624
f 1624 1308 114
f 711 1624 709
f 713 1625 1278
f 181 711 1625
f 1625 711 179
f 1278 1625 710
f 715 1626 714
f 118 1307 1626
f 1626 1307 116
f 714 1626 712
f 716 1627 1277
f 183 714 1627
f 1627 714 181
f 1277 1627 713
f 718 1628 717
f 120 1306 1628
f 1628 1306 118
f 717 1628 715
f 719 1629 1276
f 185 717 1629
f 1629 717 183
f 1629 716 184
f 721 1630 720
f 122 1305 1630
f 1630 1305 120
f 720 1630 718
f 722 1631 1275
f 187 720 1631
f 1631 720 185
f 1275 1631 719
f 724 1632 723
f 124 1304 1632
f 1632 1304 122
f 723 1632 721
f 725 1633 1274
f 189 723 1633
f 1633 723 187
f 1274 1633 722
f 727 1634 726
f 126 1303 1634
f 1634 1303 124
f 726 1634 724
f 192 728 1635
f 191 726 1635
f 1635 726 189
f 1273 1635 725
f 730 1636 729
f 128 1302 1636
f 1636 1302 126
f 729 1636 727
f 731 1637 1272
f 193 729 1637
f 1637 729 191
f 1272 1637 728
f 733 1638 732
f 130 1301 1638
f 1638 1301 128
f 732 1638 730
f 734 1639 1271
f 734 195 732
f 1639 732 193
f 1271 1639 731
f 736 1640 735
f 132 1300 1640
f 1640 1300 130
f 735 1640 733
f 737 1641 1270
f 737 197 735
f 1641 735 195
f 1270 1641 734
f 739 1642 738
f 134 1299 1642
f 1642 1299 132
f 738 1642 736
f 740 1643 1269
f 199 738 1643
f 1643 738 197
f 1643 737 198
f 742 1644 741
f 136 1298 1644
f 1644 1298 134
f 741 1644 739
f 202 743 1645
f 201 741 1645
f 1645 741 199
f 1268 1645 740
f 745 1646 744
f 138 1297 1646
f 1646 1297 136
f 744 1646 742
f 746 1647 1267
f 203 744 1647
f 1647 744 201
f 1267 1647 743
f 748 1648 747
f 140 1296 1648
f 1648 1296 138
f 747 1648 745
f 749 1649 1266
f 205 747 1649
f 1649 747 203
f 1649 746 204
f 751 1650 750
f 142 1295 1650
f 1650 1295 140
f 750 1650 748
f 752 1651 1265
f 207 750 1651
f 1651 750 205
f 1265 1651 749
f 754 1652 753
f 144 1294 1652
f 1652 1294 142
f 753 1652 751
f 755 1653 1264
f 209 753 1653
f 1653 753 207
f 1264 1653 752
f 757 1654 756
f 146 1293 1654
f 1654 1293 144
f 756 1654 754
f 758 1655 1263
f 211 756 1655
f 1655 756 209
f 1655 755 210
f 760 1656 759
f 148 1292 1656
f 1656 1292 146
f 759 1656 757
f 761 1657 1262
f 213 759 1657
f 1657 759 211
f 1262 1657 758
f 763 1658 762
f 150 1291 1658
f 1658 1291 148
f 762 1658 760
f 764 1659 1261
f 215 762 1659
f 1659 762 213
f 1261 1659 761
f 766 1660 765
f 152 1290 1660
f 1660 1290 150
f 765 1660 763
f 767 1661 1260
f 217 765 1661
f 1661 765 215
f 1260 1661 764
f 769 1662 768
f 154 1289 1662
f 1662 1289 152
f 768 1662 766
f 220 770 1663
f 219 768 1663
f 1663 768 217
f 1259 1663 767
f 772 1664 771
f 156 1288 1664
f 1664 1288 154
f 771 1664 769
f 222 773 1665
f 221 771 1665
f 1665 771 219
f 777 1665 770
f 778 1666 776
f 159 774 1666
f 774 221 773
f 776 1666 773
f 223 775 1667
f 222 777 1667
f 777 220 871
f 1667 871 285
f 225 779 1668
f 224 776 1668
f 776 222 775
f 1668 775 223
f 227 784 1669
f 784 162 780
f 780 224 779
f 1669 779 225
f 226 781 1670
f 781 225 783
f 783 223 877
f 1670 877 288
f 228 785 1671
f 785 227 782
f 782 225 781
f 1671 781 226
f 229 787 1672
f 164 1287 1672
f 1672 1287 162
f 1672 784 227
f 230 788 1673
f 788 229 786
f 786 227 785
f 1673 785 228
f 231 790 1674
f 166 1286 1674
f 1286 164 787
f 1674 787 229
f 232 791 1675
f 791 231 789
f 789 229 788
f 1675 788 230
f 233 793 1676
f 168 1285 1676
f 1285 166 790
f 1676 790 231
f 234 794 1677
f 794 233 792
f 792 231 791
f 1677 791 232
f 235 796 1678
f 170 1284 1678
f 1284 168 793
f 795 1678 793
f 236 797 1679
f 797 235 795
f 795 233 794
f 1679 794 234
f 799 1680 798
f 799 172 1283
f 1283 170 796
f 1680 796 235
f 238 800 1681
f 800 237 798
f 798 235 797
f 1681 797 236
f 239 802 1682
f 802 174 1282
f 1682 1282 172
f 1682 799 237
f 240 803 1683
f 803 239 801
f 801 237 800
f 1683 800 238
f 241 805 1684
f 805 176 1281
f 1684 1281 174
f 1684 802 239
f 242 806 1685
f 806 241 804
f 804 239 803
f 1685 803 240
f 243 808 1686
f 808 178 1280
f 1280 176 805
f 1686 805 241
f 244 809 1687
f 809 243 807
f 807 241 806
f 1687 806 242
f 245 811 1688
f 811 180 1279
f 1279 178 808
f 1688 808 243
f 246 812 1689
f 812 245 810
f 810 243 809
f 1689 809 244
f 247 814 1690
f 814 182 1278
f 1278 180 811
f 1690 811 245
f 248 815 1691
f 815 247 813
f 813 245 812
f 1691 812 246
f 249 817 1692
f 817 184 1277
f 1277 182 814
f 1692 814 247
f 250 818 1693
f 818 249 816
f 816 247 815
f 1693 815 248
f 251 820 1694
f 820 186 1276
f 1276 184 817
f 1694 817 249
f 252 821 1695
f 821 251 819
f 819 249 818
f 1695 818 250
f 253 823 1696
f 823 188 1275
f 1275 186 820
f 1696 820 251
f 254 824 1697
f 824 253 822
f 822 251 821
f 1697 821 252
f 255 826 1698
f 826 190 1274
f 1274 188 823
f 1698 823 253
f 256 827 1699
f 255 825 1699
f 825 253 824
f 1699 824 254
f 257 829 1700
f 192 1273 1700
f 1273 190 826
f 1700 826 255
f 258 830 1701
f 830 257 828
f 828 255 827
f 1701 827 256
f 259 832 1702
f 194 1272 1702
f 1272 192 829
f 1702 829 257
f 260 833 1703
f 833 259 831
f 831 257 830
f 1703 830 258
f 261 835 1704
f 196 1271 1704
f 1271 194 832
f 1704 832 259
f 262 836 1705
f 836 261 834
f 834 259 833
f 1705 833 260
f 838 1706 837
f 838 198 1270
f 1706 1270 196
f 1706 835 261
f 264 839 1707
f 839 263 837
f 837 261 836
f 1707 836 262
f 265 841 1708
f 841 200 1269
f 1708 1269 198
f 1708 838 263
f 266 842 1709
f 265 840 1709
f 840 263 839
f 1709 839 264
f 267 844 1710
f 202 1268 1710
f 1710 1268 200
f 1710 841 265
f 268 845 1711
f 845 267 843
f 843 265 842
f 1711 842 266
f 269 847 1712
f 847 204 1267
f 1712 1267 202
f 1712 844 267
f 270 848 1713
f 848 269 846
f 846 267 845
f 1713 845 268
f 271 850 1714
f 206 1266 1714
f 1266 204 847
f 1714 847 269
f 272 851 1715
f 851 271 849
f 849 269 848
f 1715 848 270
f 273 853 1716
f 208 1265 1716
f 1265 206 850
f 1716 850 271
f 274 854 1717
f 854 273 852
f 852 271 851
f 1717 851 272
f 275 856 1718
f 856 210 1264
f 1264 208 853
f 1718 853 273
f 276 857 1719
f 857 275 855
f 855 273 854
f 1719 854 274
f 277 859 1720
f 859 212 1263
f 1263 210 856
f 1720 856 275
f 278 860 1721
f 860 277 858
f 858 275 857
f 1721 857 276
f 279 862 1722
f 862 214 1262
f 1262 212 859
f 1722 859 277
f 280 863 1723
f 863 279 861
f 861 277 860
f 1723 860 278
f 281 865 1724
f 865 216 1261
f 1261 214 862
f 1724 862 279
f 282 866 1725
f 866 281 864
f 864 279 863
f 1725 863 280
f 283 868 1726
f 218 1260 1726
f 1726 1260 216
f 1726 865 281
f 284 869 1727
f 869 283 867
f 867 281 866
f 1727 866 282
f 285 871 1728
f 220 1259 1728
f 1259 218 868
f 1728 868 283
f 286 872 1729
f 872 285 870
f 870 283 869
f 1729 869 284
f 288 877 1730
f 877 223 873
f 873 285 872
f 1730 872 286
f 287 874 1731
f 874 286 876
f 876 284 970
f 1731 970 349
f 289 878 1732
f 878 288 875
f 875 286 874
f 1732 874 287
f 291 883 1733
f 883 226 879
f 879 288 878
f 1733 878 289
f 290 880 1734
f 880 289 882
f 882 287 976
f 1734 976 352
f 292 884 1735
f 884 291 881
f 881 289 880
f 1735 880 290
f 293 886 1736
f 886 228 1258
f 1258 226 883
f 1736 883 291
f 294 887 1737
f 887 293 885
f 885 291 884
f 1737 884 292
f 295 889 1738
f 889 230 1257
f 1257 228 886
f 1738 886 293
f 296 890 1739
f 890 295 888
f 888 293 887
f 1739 887 294
f 297 892 1740
f 892 232 1256
f 1256 230 889
f 1740 889 295
f 298 893 1741
f 893 297 891
f 891 295 890
f 1741 890 296
f 299 895 1742
f 895 234 1255
f 1255 232 892
f 1742 892 297
f 300 896 1743
f 896 299 894
f 894 297 893
f 1743 893 298
f 301 898 1744
f 898 236 1254
f 1254 234 895
f 1744 895 299
f 302 899 1745
f 899 301 897
f 897 299 896
f 1745 896 300
f 303 901 1746
f 901 238 1253
f 1253 236 898
f 1746 898 301
f 304 902 1747
f 902 303 900
f 900 301 899
f 1747 899 302
f 305 904 1748
f 904 240 1252
f 1252 238 901
f 1748 901 303
f 306 905 1749
f 905 305 903
f 903 303 902
f 1749 902 304
f 307 907 1750
f 907 242 1251
f 1251 240 904
f 1750 904 305
f 308 908 1751
f 908 307 906
f 906 305 905
f 1751 905 306
f 309 910 1752
f 910 244 1250
f 1250 242 907
f 1752 907 307
f 310 911 1753
f 911 309 909
f 909 307 908
f 1753 908 308
f 311 913 1754
f 913 246 1249
f 1249 244 910
f 1754 910 309
f 312 914 1755
f 914 311 912
f 912 309 911
f 1755 911 310
f 313 916 1756
f 916 248 1248
f 1248 246 913
f 1756 913 311
f 314 917 1757
f 917 313 915
f 915 311 914
f 1757 914 312
f 315 919 1758
f 919 250 1247
f 1247 248 916
f 1758 916 313
f 316 920 1759
f 920 315 918
f 918 313 917
f 1759 917 314
f 317 922 1760
f 922 252 1246
f 1246 250 919
f 1760 919 315
f 318 923 1761
f 923 317 921
f 921 315 920
f 1761 920 316
f 319 925 1762
f 925 254 1245
f 1245 252 922
f 1762 922 317
f 320 926 1763
f 926 319 924
f 924 317 923
f 1763 923 318
f 321 928 1764
f 928 256 1244
f 1244 254 925
f 1764 925 319
f 322 929 1765
f 929 321 927
f 927 319 926
f 1765 926 320
f 323 931 1766
f 931 258 1243
f 1243 256 928
f 1766 928 321
f 324 932 1767
f 932 323 930
f 930 321 929
f 1767 929 322
f 325 934 1768
f 934 260 1242
f 1242 258 931
f 1768 931 323
f 326 935 1769
f 935 325 933
f 933 323 932
f 1769 932 324
f 327 937 1770
f 937 262 1241
f 1241 260 934
f 1770 934 325
f 328 938 1771
f 938 327 936
f 936 325 935
f 1771 935 326
f 329 940 1772
f 940 264 1240
f 1240 262 937
f 1772 937 327
f 330 941 1773
f 941 329 939
f 939 327 938
f 1773 938 328
f 331 943 1774
f 943 266 1239
f 1239 264 940
f 1774 940 329
f 332 944 1775
f 944 331 942
f 942 329 941
f 1775 941 330
f 333 946 1776
f 946 268 1238
f 1238 266 943
f 1776 943 331
f 334 947 1777
f 947 333 945
f 945 331 944
f 1777 944 332
f 335 949 1778
f 949 270 1237
f 1237 268 946
f 1778 946 333
f 336 950 1779
f 950 335 948
f 948 333 947
f 1779 947 334
f 337 952 1780
f 952 272 1236
f 1236 270 949
f 1780 949 335
f 338 953 1781
f 953 337 951
f 951 335 950
f 1781 950 336
f 339 955 1782
f 955 274 1235
f 1235 272 952
f 1782 952 337
f 340 956 1783
f 956 339 954
f 954 337 953
f 1783 953 338
f 341 958 1784
f 958 276 1234
f 1234 274 955
f 1784 955 339
f 342 959 1785
f 959 341 957
f 957 339 956
f 1785 956 340
f 343 961 1786
f 961 278 1233
f 1233 276 958
f 1786 958 341
f 344 962 1787
f 962 343 960
f 960 341 959
f 1787 959 342
f 345 964 1788
f 964 280 1232
f 1232 278 961
f 1788 961 343
f 346 965 1789
f 965 345 963
f 963 343 962
f 1789 962 344
f 347 967 1790
f 967 282 1231
f 1231 280 964
f 1790 964 345
f 348 968 1791
f 968 347 966
f 966 345 965
f 1791 965 346
f 349 970 1792
f 970 284 1230
f 1230 282 967
f 1792 967 347
f 350 971 1793
f 971 349 969
f 969 347 968
f 1793 968 348
f 352 976 1794
f 976 287 972
f 972 349 971
f 1794 971 350
f 351 973 1795
f 973 350 975
f 975 348 1069
f 1795 1069 413
f 353 977 1796
f 977 352 974
f 974 350 973
f 1796 973 351
f 355 982 1797
f 982 290 978
f 978 352 977
f 1797 977 353
f 354 979 1798
f 979 353 981
f 981 351 1075
f 1798 1075 416
f 356 983 1799
f 983 355 980
f 980 353 979
f 1799 979 354
f 357 985 1800
f 985 292 1229
f 1229 290 982
f 1800 982 355
f 358 986 1801
f 986 357 984
f 984 355 983
f 1801 983 356
f 359 988 1802
f 988 294 1228
f 1228 292 985
f 1802 985 357
f 360 989 1803
f 989 359 987
f 987 357 986
f 1803 986 358
f 361 991 1804
f 991 296 1227
f 1227 294 988
f 1804 988 359
f 362 992 1805
f 992 361 990
f 990 359 989
f 1805 989 360
f 363 994 1806
f 994 298 1226
f 1226 296 991
f 1806 991 361
f 364 995 1807
f 995 363 993
f 993 361 992
f 1807 992 362
f 365 997 1808
f 997 300 1225
f 1225 298 994
f 1808 994 363
f 366 998 1809
f 998 365 996
f 996 363 995
f 1809 995 364
f 367 1000 1810
f 1000 302 1224
f 1224 300 997
f 1810 997 365
f 368 1001 1811
f 1001 367 999
f 999 365 998
f 1811 998 366
f 369 1003 1812
f 1003 304 1223
f 1223 302 1000
f 1812 1000 367
f 370 1004 1813
f 1004 369 1002
f 1002 367 1001
f 1813 1001 368
f 371 1006 1814
f 1006 306 1222
f 1222 304 1003
f 1814 1003 369
f 372 1007 1815
f 1007 371 1005
f 1005 369 1004
f 1815 1004 370
f 373 1009 1816
f 1009 308 1221
f 1221 306 1006
f 1816 1006 371
f 374 1010 1817
f 1010 373 1008
f 1008 371 1007
f 1817 1007 372
f 375 1012 1818
f 1012 310 1220
f 1220 308 1009
f 1818 1009 373
f 376 1013 1819
f 1013 375 1011
f 1011 373 1010
f 1819 1010 374
f 377 1015 1820
f 1015 312 1219
f 1219 310 1012
f 1820 1012 375
f 378 1016 1821
f 1016 377 1014
f 1014 375 1013
f 1821 1013 376
f 379 1018 1822
f 1018 314 1218
f 1218 312 1015
f 1822 1015 377
f 380 1019 1823
f 1019 379 1017
f 1017 377 1016
f 1823 1016 378
f 381 1021 1824
f 1021 316 1217
f 1217 314 1018
f 1824 1018 379
f 382 1022 1825
f 1022 381 1020
f 1020 379 1019
f 1825 1019 380
f 383 1024 1826
f 1024 318 1216
f 1216 316 1021
f 1826 1021 381
f 384 1025 1827
f 1025 383 1023
f 1023 381 1022
f 1827 1022 382
f 385 1027 1828
f 1027 320 1215
f 1215 318 1024
f 1828 1024 383
f 386 1028 1829
f 1028 385 1026
f 1026 383 1025
f 1829 1025 384
f 387 1030 1830
f 1030 322 1214
f 1214 320 1027
f 1830 1027 385
f 388 1031 1831
f 1031 387 1029
f 1029 385 1028
f 1831 1028 386
f 389 1033 1832
f 1033 324 1213
f 1213 322 1030
f 1832 1030 387
f 390 1034 1833
f 1034 389 1032
f 1032 387 1031
f 1833 1031 388
f 391 1036 1834
f 1036 326 1212
f 1212 324 1033
f 1834 1033 389
f 392 1037 1835
f 1037 391 1035
f 1035 389 1034
f 1835 1034 390
f 393 1039 1836
f 1039 328 1211
f 1211 326 1036
f 1836 1036 391
f 394 1040 1837
f 1040 393 1038
f 1038 391 1037
f 1837 1037 392
f 395 1042 1838
f 1042 330 1210
f 1210 328 1039
f 1838 1039 393
f 396 1043 1839
f 1043 395 1041
f 1041 393 1040
f 1839 1040 394
f 397 1045 1840
f 1045 332 1209
f 1209 330 1042
f 1840 1042 395
f 398 1046 1841
f 1046 397 1044
f 1044 395 1043
f 1841 1043 396
f 399 1048 1842
f 1048 334 1208
f 1208 332 1045
f 1842 1045 397
f 400 1049 1843
f 1049 399 1047
f 1047 397 1046
f 1843 1046 398
f 401 1051 1844
f 1051 336 1207
f 1207 334 1048
f 1844 1048 399
f 402 1052 1845
f 1052 401 1050
f 1050 399 1049
f 1845 1049 400
f 403 1054 1846
f 1054 338 1206
f 1206 336 1051
f 1846 1051 401
f 404 1055 1847
f 1055 403 1053
f 1053 401 1052
f 1847 1052 402
f 405 1057 1848
f 1057 340 1205
f 1205 338 1054
f 1848 1054 403
f 406 1058 1849
f 1058 405 1056
f 1056 403 1055
f 1849 1055 404
f 407 1060 1850
f 1060 342 1204
f 1204 340 1057
f 1850 1057 405
f 408 1061 1851
f 1061 407 1059
f 1059 405 1058
f 1851 1058 406
f 409 1063 1852
f 1063 344 1203
f 1203 342 1060
f 1852 1060 407
f 410 1064 1853
f 1064 409 1062
f 1062 407 1061
f 1853 1061 408
f 411 1066 1854
f 1066 346 1202
f 1202 344 1063
f 1854 1063 409
f 412 1067 1855
f 1067 411 1065
f 1065 409 1064
f 1855 1064 410
f 413 1069 1856
f 1069 348 1201
f 1201 346 1066
f 1856 1066 411
f 414 1070 1857
f 1070 413 1068
f 1068 411 1067
f 1857 1067 412
f 416 1075 1858
f 1075 351 1071
f 1071 413 1070
f 1858 1070 414
f 1072 1859 1159
f 414 1074 1859
f 1859 1074 412
f 1159 1859 1158
f 1076 1860 1079
f 416 1073 1860
f 1860 1073 414
f 1079 1860 1072
f 1171 1861 1078
f 354 1077 1861
f 1861 1077 416
f 1078 1861 1076
f 1087 1862 1080
f 418 1078 1862
f 417 1080 1862
f 1080 1863 1088
f 417 1079 1863
f 415 1088 1863
f 1081 1864 1101
f 420 1134 1864
f 438 1101 1864
f 1100 1865 1081
f 437 1137 1865
f 420 1081 1865
f 1111 1866 1082
f 448 1114 1866
f 421 1082 1866
f 1082 1867 1083
f 421 1168 1867
f 422 1083 1867
f 1083 1868 1084
f 422 1166 1868
f 423 1084 1868
f 1084 1869 1085
f 423 1164 1869
f 424 1085 1869
f 1085 1870 1086
f 424 1161 1870
f 425 1086 1870
f 1086 1871 1087
f 425 1162 1871
f 418 1087 1871
f 1088 1872 1089
f 415 1159 1872
f 426 1089 1872
f 1089 1873 1090
f 426 1157 1873
f 427 1090 1873
f 1090 1874 1091
f 427 1155 1874
f 428 1091 1874
f 1091 1875 1092
f 428 1153 1875
f 429 1092 1875
f 1092 1876 1093
f 429 1151 1876
f 430 1093 1876
f 1093 1877 1094
f 430 1149 1877
f 431 1094 1877
f 1094 1878 1095
f 431 1147 1878
f 432 1095 1878
f 1095 1879 1096
f 432 1145 1879
f 433 1096 1879
f 1096 1880 1097
f 433 1143 1880
f 434 1097 1880
f 1097 1881 1098
f 434 1141 1881
f 435 1098 1881
f 1098 1882 1099
f 435 1139 1882
f 436 1099 1882
f 1099 1883 1100
f 436 1136 1883
f 437 1100 1883
f 1101 1884 1102
f 438 1132 1884
f 439 1102 1884
f 1102 1885 1103
f 439 1130 1885
f 440 1103 1885
f 1103 1886 1104
f 440 1128 1886
f 441 1104 1886
f 1104 1887 1105
f 441 1126 1887
f 442 1105 1887
f 1105 1888 1106
f 442 1124 1888
f 443 1106 1888
f 1106 1889 1107
f 443 1122 1889
f 444 1107 1889
f 1107 1890 1108
f 444 1120 1890
f 445 1108 1890
f 1108 1891 1109
f 445 1118 1891
f 446 1109 1891
f 1109 1892 1110
f 446 1116 1892
f 447 1110 1892
f 1110 1893 1111
f 447 1113 1893
f 448 1111 1893
f 1112 1894 1114
f 366 1195 1894
f 1894 1195 364
f 1114 1894 1169
f 1115 1895 1113
f 368 1194 1895
f 1895 1194 366
f 1113 1895 1112
f 1117 1896 1116
f 370 1193 1896
f 1896 1193 368
f 1116 1896 1115
f 1119 1897 1118
f 372 1192 1897
f 1897 1192 370
f 1118 1897 1117
f 1121 1898 1120
f 374 1191 1898
f 1898 1191 372
f 1120 1898 1119
f 1123 1899 1122
f 376 1190 1899
f 1899 1190 374
f 1122 1899 1121
f 1125 1900 1124
f 378 1189 1900
f 1900 1189 376
f 1124 1900 1123
f 1127 1901 1126
f 380 1188 1901
f 1901 1188 378
f 1126 1901 1125
f 1129 1902 1128
f 382 1187 1902
f 1902 1187 380
f 1128 1902 1127
f 1131 1903 1130
f 384 1186 1903
f 1903 1186 382
f 1130 1903 1129
f 1133 1904 1132
f 386 1185 1904
f 1904 1185 384
f 1132 1904 1131
f 1170 1905 1134
f 388 1184 1905
f 1905 1184 386
f 1134 1905 1133
f 1135 1906 1137
f 390 1183 1906
f 1906 1183 388
f 1137 1906 1170
f 1138 1907 1136
f 392 1182 1907
f 1907 1182 390
f 1136 1907 1135
f 1140 1908 1139
f 394 1181 1908
f 1908 1181 392
f 1139 1908 1138
f 1142 1909 1141
f 396 1180 1909
f 1909 1180 394
f 1141 1909 1140
f 1144 1910 1143
f 398 1179 1910
f 1910 1179 396
f 1143 1910 1142
f 1146 1911 1145
f 400 1178 1911
f 1911 1178 398
f 1145 1911 1144
f 1148 1912 1147
f 402 1177 1912
f 1912 1177 400
f 1147 1912 1146
f 1150 1913 1149
f 404 1176 1913
f 1913 1176 402
f 1149 1913 1148
f 1152 1914 1151
f 406 1175 1914
f 1914 1175 404
f 1151 1914 1150
f 1154 1915 1153
f 408 1174 1915
f 1915 1174 406
f 1153 1915 1152
f 1156 1916 1155
f 410 1173 1916
f 1916 1173 408
f 1155 1916 1154
f 1158 1917 1157
f 412 1172 1917
f 1917 1172 410
f 1157 1917 1156
f 1160 1918 1162
f 356 1200 1918
f 1918 1200 354
f 1162 1918 1171
f 1163 1919 1161
f 358 1199 1919
f 1919 1199 356
f 1161 1919 1160
f 1165 1920 1164
f 360 1198 1920
f 1920 1198 358
f 1164 1920 1163
f 1167 1921 1166
f 362 1197 1921
f 1921 1197 360
f 1166 1921 1165
f 1169 1922 1168
f 364 1196 1922
f 1922 1196 362
f 1168 1922 1167
f 93 1317 1923
f 1317 449 1414
f 1414 482 1413
f 1923 1413 90
f 450 1320 1924
f 1320 451 1323
f 1323 449 1317
f 1924 1317 93
f 3 1326 1925
f 1326 453 1325
f 1325 451 1320
f 1925 1320 450
f 451 1324 1926
f 1416 1926 1324
f 449 1323 1926
f 453 1328 1927
f 1324 1927 1328
f 451 1325 1927
f 6 1329 1928
f 1329 454 1327
f 1327 453 1326
f 1928 1326 3
f 454 1331 1929
f 1328 1929 1331
f 453 1327 1929
f 9 1332 1930
f 1332 455 1330
f 1330 454 1329
f 1930 1329 6
f 455 1334 1931
f 1331 1931 1334
f 454 1330 1931
f 12 1335 1932
f 1335 456 1333
f 1333 455 1332
f 1932 1332 9
f 456 1337 1933
f 1334 1933 1337
f 455 1333 1933
f 15 1338 1934
f 1338 457 1336
f 1336 456 1335
f 1934 1335 12
f 457 1340 1935
f 1337 1935 1340
f 456 1336 1935
f 18 1341 1936
f 1341 458 1339
f 1339 457 1338
f 1936 1338 15
f 458 1343 1937
f 1340 1937 1343
f 457 1339 1937
f 21 1344 1938
f 1344 459 1342
f 1342 458 1341
f 1938 1341 18
f 459 1346 1939
f 1343 1939 1346
f 458 1342 1939
f 24 1347 1940
f 1347 460 1345
f 1345 459 1344
f 1940 1344 21
f 460 1349 1941
f 1346 1941 1349
f 459 1345 1941
f 27 1350 1942
f 1350 461 1348
f 1348 460 1347
f 1942 1347 24
f 461 1352 1943
f 1349 1943 1352
f 460 1348 1943
f 30 1353 1944
f 1353 462 1351
f 1351 461 1350
f 1944 1350 27
f 462 1355 1945
f 1352 1945 1355
f 461 1351 1945
f 33 1356 1946
f 1356 463 1354
f 1354 462 1353
f 1946 1353 30
f 463 1358 1947
f 1355 1947 1358
f 462 1354 1947
f 36 1359 1948
f 1359 464 1357
f 1357 463 1356
f 1948 1356 33
f 464 1361 1949
f 1358 1949 1361
f 463 1357 1949
f 39 1362 1950
f 1362 465 1360
f 1360 464 1359
f 1950 1359 36
f 465 1364 1951
f 1361 1951 1364
f 464 1360 1951
f 42 1365 1952
f 1365 466 1363
f 1363 465 1362
f 1952 1362 39
f 466 1367 1953
f 1364 1953 1367
f 465 1363 1953
f 45 1368 1954
f 1368 467 1366
f 1366 466 1365
f 1954 1365 42
f 467 1370 1955
f 1367 1955 1370
f 466 1366 1955
f 48 1371 1956
f 1371 468 1369
f 1369 467 1368
f 1956 1368 45
f 468 1373 1957
f 1370 1957 1373
f 467 1369 1957
f 51 1374 1958
f 1374 469 1372
f 1372 468 1371
f 1958 1371 48
f 469 1376 1959
f 1373 1959 1376
f 468 1372 1959
f 54 1377 1960
f 1377 470 1375
f 1375 469 1374
f 1960 1374 51
f 470 1379 1961
f 1376 1961 1379
f 469 1375 1961
f 57 1380 1962
f 1380 471 1378
f 1378 470 1377
f 1962 1377 54
f 471 1382 1963
f 1379 1963 1382
f 470 1378 1963
f 60 1383 1964
f 1383 472 1381
f 1381 471 1380
f 1964 1380 57
f 472 1385 1965
f 1382 1965 1385
f 471 1381 1965
f 63 1386 1966
f 1386 473 1384
f 1384 472 1383
f 1966 1383 60
f 473 1388 1967
f 1385 1967 1388
f 472 1384 1967
f 66 1389 1968
f 1389 474 1387
f 1387 473 1386
f 1968 1386 63
f 474 1391 1969
f 1388 1969 1391
f 473 1387 1969
f 69 1392 1970
f 1392 475 1390
f 1390 474 1389
f 1970 1389 66
f 475 1394 1971
f 1391 1971 1394
f 474 1390 1971
f 72 1395 1972
f 1395 476 1393
f 1393 475 1392
f 1972 1392 69
f 476 1397 1973
f 1394 1973 1397
f 475 1393 1973
f 75 1398 1974
f 1398 477 1396
f 1396 476 1395
f 1974 1395 72
f 477 1400 1975
f 1397 1975 1400
f 476 1396 1975
f 78 1401 1976
f 1401 478 1399
f 1399 477 1398
f 1976 1398 75
f 478 1403 1977
f 1400 1977 1403
f 477 1399 1977
f 81 1405 1978
f 1405 479 1402
f 1402 478 1401
f 1978 1401 78
f 479 1404 1979
f 1403 1979 1404
f 478 1402 1979
f 480 1409 1980
f 1404 1980 1409
f 479 1406 1980
f 84 1407 1981
f 1407 480 1406
f 1406 479 1405
f 1981 1405 81
f 87 1410 1982
f 1410 481 1408
f 1408 480 1407
f 1982 1407 84
f 481 1412 1983
f 1409 1983 1412
f 480 1408 1983
f 90 1413 1984
f 1413 482 1411
f 1411 481 1410
f 1984 1410 87
f 482 1415 1985
f 1412 1985 1415
f 481 1411 1985
f 449 1416 1986
f 1415 1986 1416
f 482 1414 1986
