# Blender 4.4.3
# www.blender.org
o Cubeplatform
v -0.500000 3.000000 -0.000000
v -0.500000 3.000000 0.100000
v 0.500000 3.000000 -0.000000
v 0.500000 3.000000 0.100000
v -0.500000 -3.000000 -0.000000
v -0.500000 -3.000000 0.100000
v 0.500000 -3.000000 -0.000000
v 0.500000 -3.000000 0.100000
v 0.468750 3.000000 0.000000
v 0.437500 3.000000 0.000000
v 0.406250 3.000000 -0.000000
v 0.375000 3.000000 0.000000
v 0.343750 3.000000 0.000000
v 0.312500 3.000000 0.000000
v 0.281250 3.000000 -0.000000
v 0.250000 3.000000 0.000000
v 0.218750 3.000000 0.000000
v 0.187500 3.000000 0.000000
v 0.156250 3.000000 -0.000000
v 0.125000 3.000000 0.000000
v 0.093750 3.000000 -0.000000
v 0.062500 3.000000 -0.000000
v 0.031250 3.000000 0.000000
v 0.000000 3.000000 -0.000000
v -0.031250 3.000000 0.000000
v -0.062500 3.000000 -0.000000
v -0.093750 3.000000 -0.000000
v -0.125000 3.000000 0.000000
v -0.156250 3.000000 -0.000000
v -0.187500 3.000000 0.000000
v -0.218750 3.000000 0.000000
v -0.250000 3.000000 -0.000000
v -0.281250 3.000000 -0.000000
v -0.312500 3.000000 0.000000
v -0.343750 3.000000 -0.000000
v -0.375000 3.000000 0.000000
v -0.406250 3.000000 -0.000000
v -0.437500 3.000000 -0.000000
v -0.468750 3.000000 0.000000
v -0.500000 3.000000 0.003125
v -0.500000 3.000000 0.006250
v -0.500000 3.000000 0.009375
v -0.500000 3.000000 0.012500
v -0.500000 3.000000 0.015625
v -0.500000 3.000000 0.018750
v -0.500000 3.000000 0.021875
v -0.500000 3.000000 0.025000
v -0.500000 3.000000 0.028125
v -0.500000 3.000000 0.031250
v -0.500000 3.000000 0.034375
v -0.500000 3.000000 0.037500
v -0.500000 3.000000 0.040625
v -0.500000 3.000000 0.043750
v -0.500000 3.000000 0.046875
v -0.500000 3.000000 0.050000
v -0.500000 3.000000 0.053125
v -0.500000 3.000000 0.056250
v -0.500000 3.000000 0.059375
v -0.500000 3.000000 0.062500
v -0.500000 3.000000 0.065625
v -0.500000 3.000000 0.068750
v -0.500000 3.000000 0.071875
v -0.500000 3.000000 0.075000
v -0.500000 3.000000 0.078125
v -0.500000 3.000000 0.081250
v -0.500000 3.000000 0.084375
v -0.500000 3.000000 0.087500
v -0.500000 3.000000 0.090625
v -0.500000 3.000000 0.093750
v -0.500000 3.000000 0.096875
v -0.468750 3.000000 0.100000
v -0.437500 3.000000 0.100000
v -0.406250 3.000000 0.100000
v -0.375000 3.000000 0.100000
v -0.343750 3.000000 0.100000
v -0.312500 3.000000 0.100000
v -0.281250 3.000000 0.100000
v -0.250000 3.000000 0.100000
v -0.218750 3.000000 0.100000
v -0.187500 3.000000 0.100000
v -0.156250 3.000000 0.100000
v -0.125000 3.000000 0.100000
v -0.093750 3.000000 0.100000
v -0.062500 3.000000 0.100000
v -0.031250 3.000000 0.100000
v 0.000000 3.000000 0.100000
v 0.031250 3.000000 0.100000
v 0.062500 3.000000 0.100000
v 0.093750 3.000000 0.100000
v 0.125000 3.000000 0.100000
v 0.156250 3.000000 0.100000
v 0.187500 3.000000 0.100000
v 0.218750 3.000000 0.100000
v 0.250000 3.000000 0.100000
v 0.281250 3.000000 0.100000
v 0.312500 3.000000 0.100000
v 0.343750 3.000000 0.100000
v 0.375000 3.000000 0.100000
v 0.406250 3.000000 0.100000
v 0.437500 3.000000 0.100000
v 0.468750 3.000000 0.100000
v 0.500000 3.000000 0.096875
v 0.500000 3.000000 0.093750
v 0.500000 3.000000 0.090625
v 0.500000 3.000000 0.087500
v 0.500000 3.000000 0.084375
v 0.500000 3.000000 0.081250
v 0.500000 3.000000 0.078125
v 0.500000 3.000000 0.075000
v 0.500000 3.000000 0.071875
v 0.500000 3.000000 0.068750
v 0.500000 3.000000 0.065625
v 0.500000 3.000000 0.062500
v 0.500000 3.000000 0.059375
v 0.500000 3.000000 0.056250
v 0.500000 3.000000 0.053125
v 0.500000 3.000000 0.050000
v 0.500000 3.000000 0.046875
v 0.500000 3.000000 0.043750
v 0.500000 3.000000 0.040625
v 0.500000 3.000000 0.037500
v 0.500000 3.000000 0.034375
v 0.500000 3.000000 0.031250
v 0.500000 3.000000 0.028125
v 0.500000 3.000000 0.025000
v 0.500000 3.000000 0.021875
v 0.500000 3.000000 0.018750
v 0.500000 3.000000 0.015625
v 0.500000 3.000000 0.012500
v 0.500000 3.000000 0.009375
v 0.500000 3.000000 0.006250
v 0.500000 3.000000 0.003125
v 0.500000 -2.812500 0.000000
v 0.500000 -2.625000 0.000000
v 0.500000 -2.437500 -0.000000
v 0.500000 -2.250000 0.000000
v 0.500000 -2.062500 0.000000
v 0.500000 -1.875000 0.000000
v 0.500000 -1.687500 -0.000000
v 0.500000 -1.500000 0.000000
v 0.500000 -1.312500 0.000000
v 0.500000 -1.125000 0.000000
v 0.500000 -0.937500 -0.000000
v 0.500000 -0.750000 0.000000
v 0.500000 -0.562500 -0.000000
v 0.500000 -0.375000 -0.000000
v 0.500000 -0.187500 0.000000
v 0.500000 0.000000 -0.000000
v 0.500000 0.187500 0.000000
v 0.500000 0.375000 -0.000000
v 0.500000 0.562500 -0.000000
v 0.500000 0.750000 0.000000
v 0.500000 0.937500 -0.000000
v 0.500000 1.125000 0.000000
v 0.500000 1.312500 0.000000
v 0.500000 1.500000 -0.000000
v 0.500000 1.687500 -0.000000
v 0.500000 1.875000 0.000000
v 0.500000 2.062500 -0.000000
v 0.500000 2.250000 0.000000
v 0.500000 2.437500 -0.000000
v 0.500000 2.625000 -0.000000
v 0.500000 2.812500 0.000000
v 0.500000 2.812500 0.100000
v 0.500000 2.625000 0.100000
v 0.500000 2.437500 0.100000
v 0.500000 2.250000 0.100000
v 0.500000 2.062500 0.100000
v 0.500000 1.875000 0.100000
v 0.500000 1.687500 0.100000
v 0.500000 1.500000 0.100000
v 0.500000 1.312500 0.100000
v 0.500000 1.125000 0.100000
v 0.500000 0.937500 0.100000
v 0.500000 0.750000 0.100000
v 0.500000 0.562500 0.100000
v 0.500000 0.375000 0.100000
v 0.500000 0.187500 0.100000
v 0.500000 0.000000 0.100000
v 0.500000 -0.187500 0.100000
v 0.500000 -0.375000 0.100000
v 0.500000 -0.562500 0.100000
v 0.500000 -0.750000 0.100000
v 0.500000 -0.937500 0.100000
v 0.500000 -1.125000 0.100000
v 0.500000 -1.312500 0.100000
v 0.500000 -1.500000 0.100000
v 0.500000 -1.687500 0.100000
v 0.500000 -1.875000 0.100000
v 0.500000 -2.062500 0.100000
v 0.500000 -2.250000 0.100000
v 0.500000 -2.437500 0.100000
v 0.500000 -2.625000 0.100000
v 0.500000 -2.812500 0.100000
v 0.500000 -3.000000 0.096875
v 0.500000 -3.000000 0.093750
v 0.500000 -3.000000 0.090625
v 0.500000 -3.000000 0.087500
v 0.500000 -3.000000 0.084375
v 0.500000 -3.000000 0.081250
v 0.500000 -3.000000 0.078125
v 0.500000 -3.000000 0.075000
v 0.500000 -3.000000 0.071875
v 0.500000 -3.000000 0.068750
v 0.500000 -3.000000 0.065625
v 0.500000 -3.000000 0.062500
v 0.500000 -3.000000 0.059375
v 0.500000 -3.000000 0.056250
v 0.500000 -3.000000 0.053125
v 0.500000 -3.000000 0.050000
v 0.500000 -3.000000 0.046875
v 0.500000 -3.000000 0.043750
v 0.500000 -3.000000 0.040625
v 0.500000 -3.000000 0.037500
v 0.500000 -3.000000 0.034375
v 0.500000 -3.000000 0.031250
v 0.500000 -3.000000 0.028125
v 0.500000 -3.000000 0.025000
v 0.500000 -3.000000 0.021875
v 0.500000 -3.000000 0.018750
v 0.500000 -3.000000 0.015625
v 0.500000 -3.000000 0.012500
v 0.500000 -3.000000 0.009375
v 0.500000 -3.000000 0.006250
v 0.500000 -3.000000 0.003125
v -0.468750 -3.000000 0.000000
v -0.437500 -3.000000 0.000000
v -0.406250 -3.000000 -0.000000
v -0.375000 -3.000000 0.000000
v -0.343750 -3.000000 0.000000
v -0.312500 -3.000000 0.000000
v -0.281250 -3.000000 -0.000000
v -0.250000 -3.000000 0.000000
v -0.218750 -3.000000 0.000000
v -0.187500 -3.000000 0.000000
v -0.156250 -3.000000 -0.000000
v -0.125000 -3.000000 0.000000
v -0.093750 -3.000000 -0.000000
v -0.062500 -3.000000 -0.000000
v -0.031250 -3.000000 0.000000
v 0.000000 -3.000000 -0.000000
v 0.031250 -3.000000 0.000000
v 0.062500 -3.000000 -0.000000
v 0.093750 -3.000000 -0.000000
v 0.125000 -3.000000 0.000000
v 0.156250 -3.000000 -0.000000
v 0.187500 -3.000000 0.000000
v 0.218750 -3.000000 0.000000
v 0.250000 -3.000000 -0.000000
v 0.281250 -3.000000 -0.000000
v 0.312500 -3.000000 0.000000
v 0.343750 -3.000000 -0.000000
v 0.375000 -3.000000 0.000000
v 0.406250 -3.000000 -0.000000
v 0.437500 -3.000000 -0.000000
v 0.468750 -3.000000 0.000000
v 0.468750 -3.000000 0.100000
v 0.437500 -3.000000 0.100000
v 0.406250 -3.000000 0.100000
v 0.375000 -3.000000 0.100000
v 0.343750 -3.000000 0.100000
v 0.312500 -3.000000 0.100000
v 0.281250 -3.000000 0.100000
v 0.250000 -3.000000 0.100000
v 0.218750 -3.000000 0.100000
v 0.187500 -3.000000 0.100000
v 0.156250 -3.000000 0.100000
v 0.125000 -3.000000 0.100000
v 0.093750 -3.000000 0.100000
v 0.062500 -3.000000 0.100000
v 0.031250 -3.000000 0.100000
v 0.000000 -3.000000 0.100000
v -0.031250 -3.000000 0.100000
v -0.062500 -3.000000 0.100000
v -0.093750 -3.000000 0.100000
v -0.125000 -3.000000 0.100000
v -0.156250 -3.000000 0.100000
v -0.187500 -3.000000 0.100000
v -0.218750 -3.000000 0.100000
v -0.250000 -3.000000 0.100000
v -0.281250 -3.000000 0.100000
v -0.312500 -3.000000 0.100000
v -0.343750 -3.000000 0.100000
v -0.375000 -3.000000 0.100000
v -0.406250 -3.000000 0.100000
v -0.437500 -3.000000 0.100000
v -0.468750 -3.000000 0.100000
v -0.500000 -3.000000 0.096875
v -0.500000 -3.000000 0.093750
v -0.500000 -3.000000 0.090625
v -0.500000 -3.000000 0.087500
v -0.500000 -3.000000 0.084375
v -0.500000 -3.000000 0.081250
v -0.500000 -3.000000 0.078125
v -0.500000 -3.000000 0.075000
v -0.500000 -3.000000 0.071875
v -0.500000 -3.000000 0.068750
v -0.500000 -3.000000 0.065625
v -0.500000 -3.000000 0.062500
v -0.500000 -3.000000 0.059375
v -0.500000 -3.000000 0.056250
v -0.500000 -3.000000 0.053125
v -0.500000 -3.000000 0.050000
v -0.500000 -3.000000 0.046875
v -0.500000 -3.000000 0.043750
v -0.500000 -3.000000 0.040625
v -0.500000 -3.000000 0.037500
v -0.500000 -3.000000 0.034375
v -0.500000 -3.000000 0.031250
v -0.500000 -3.000000 0.028125
v -0.500000 -3.000000 0.025000
v -0.500000 -3.000000 0.021875
v -0.500000 -3.000000 0.018750
v -0.500000 -3.000000 0.015625
v -0.500000 -3.000000 0.012500
v -0.500000 -3.000000 0.009375
v -0.500000 -3.000000 0.006250
v -0.500000 -3.000000 0.003125
v -0.500000 2.812500 0.000000
v -0.500000 2.625000 0.000000
v -0.500000 2.437500 -0.000000
v -0.500000 2.250000 0.000000
v -0.500000 2.062500 0.000000
v -0.500000 1.875000 0.000000
v -0.500000 1.687500 -0.000000
v -0.500000 1.500000 0.000000
v -0.500000 1.312500 0.000000
v -0.500000 1.125000 0.000000
v -0.500000 0.937500 -0.000000
v -0.500000 0.750000 0.000000
v -0.500000 0.562500 -0.000000
v -0.500000 0.375000 -0.000000
v -0.500000 0.187500 0.000000
v -0.500000 0.000000 -0.000000
v -0.500000 -0.187500 0.000000
v -0.500000 -0.375000 -0.000000
v -0.500000 -0.562500 -0.000000
v -0.500000 -0.750000 0.000000
v -0.500000 -0.937500 -0.000000
v -0.500000 -1.125000 0.000000
v -0.500000 -1.312500 0.000000
v -0.500000 -1.500000 -0.000000
v -0.500000 -1.687500 -0.000000
v -0.500000 -1.875000 0.000000
v -0.500000 -2.062500 -0.000000
v -0.500000 -2.250000 0.000000
v -0.500000 -2.437500 -0.000000
v -0.500000 -2.625000 -0.000000
v -0.500000 -2.812500 0.000000
v -0.500000 -2.812500 0.100000
v -0.500000 -2.625000 0.100000
v -0.500000 -2.437500 0.100000
v -0.500000 -2.250000 0.100000
v -0.500000 -2.062500 0.100000
v -0.500000 -1.875000 0.100000
v -0.500000 -1.687500 0.100000
v -0.500000 -1.500000 0.100000
v -0.500000 -1.312500 0.100000
v -0.500000 -1.125000 0.100000
v -0.500000 -0.937500 0.100000
v -0.500000 -0.750000 0.100000
v -0.500000 -0.562500 0.100000
v -0.500000 -0.375000 0.100000
v -0.500000 -0.187500 0.100000
v -0.500000 0.000000 0.100000
v -0.500000 0.187500 0.100000
v -0.500000 0.375000 0.100000
v -0.500000 0.562500 0.100000
v -0.500000 0.750000 0.100000
v -0.500000 0.937500 0.100000
v -0.500000 1.125000 0.100000
v -0.500000 1.312500 0.100000
v -0.500000 1.500000 0.100000
v -0.500000 1.687500 0.100000
v -0.500000 1.875000 0.100000
v -0.500000 2.062500 0.100000
v -0.500000 2.250000 0.100000
v -0.500000 2.437500 0.100000
v -0.500000 2.625000 0.100000
v -0.500000 2.812500 0.100000
v -0.468750 3.000000 0.003125
v -0.468750 3.000000 0.006250
v -0.468750 3.000000 0.009375
v -0.468750 3.000000 0.012500
v -0.468750 3.000000 0.015625
v -0.468750 3.000000 0.018750
v -0.468750 3.000000 0.021875
v -0.468750 3.000000 0.025000
v -0.468750 3.000000 0.028125
v -0.468750 3.000000 0.031250
v -0.468750 3.000000 0.034375
v -0.468750 3.000000 0.037500
v -0.468750 3.000000 0.040625
v -0.468750 3.000000 0.043750
v -0.468750 3.000000 0.046875
v -0.468750 3.000000 0.050000
v -0.468750 3.000000 0.053125
v -0.468750 3.000000 0.056250
v -0.468750 3.000000 0.059375
v -0.468750 3.000000 0.062500
v -0.468750 3.000000 0.065625
v -0.468750 3.000000 0.068750
v -0.468750 3.000000 0.071875
v -0.468750 3.000000 0.075000
v -0.468750 3.000000 0.078125
v -0.468750 3.000000 0.081250
v -0.468750 3.000000 0.084375
v -0.468750 3.000000 0.087500
v -0.468750 3.000000 0.090625
v -0.468750 3.000000 0.093750
v -0.468750 3.000000 0.096875
v -0.437500 3.000000 0.003125
v -0.437500 3.000000 0.006250
v -0.437500 3.000000 0.009375
v -0.437500 3.000000 0.012500
v -0.437500 3.000000 0.015625
v -0.437500 3.000000 0.018750
v -0.437500 3.000000 0.021875
v -0.437500 3.000000 0.025000
v -0.437500 3.000000 0.028125
v -0.437500 3.000000 0.031250
v -0.437500 3.000000 0.034375
v -0.437500 3.000000 0.037500
v -0.437500 3.000000 0.040625
v -0.437500 3.000000 0.043750
v -0.437500 3.000000 0.046875
v -0.437500 3.000000 0.050000
v -0.437500 3.000000 0.053125
v -0.437500 3.000000 0.056250
v -0.437500 3.000000 0.059375
v -0.437500 3.000000 0.062500
v -0.437500 3.000000 0.065625
v -0.437500 3.000000 0.068750
v -0.437500 3.000000 0.071875
v -0.437500 3.000000 0.075000
v -0.437500 3.000000 0.078125
v -0.437500 3.000000 0.081250
v -0.437500 3.000000 0.084375
v -0.437500 3.000000 0.087500
v -0.437500 3.000000 0.090625
v -0.437500 3.000000 0.093750
v -0.437500 3.000000 0.096875
v -0.406250 3.000000 0.003125
v -0.406250 3.000000 0.006250
v -0.406250 3.000000 0.009375
v -0.406250 3.000000 0.012500
v -0.406250 3.000000 0.015625
v -0.406250 3.000000 0.018750
v -0.406250 3.000000 0.021875
v -0.406250 3.000000 0.025000
v -0.406250 3.000000 0.028125
v -0.406250 3.000000 0.031250
v -0.406250 3.000000 0.034375
v -0.406250 3.000000 0.037500
v -0.406250 3.000000 0.040625
v -0.406250 3.000000 0.043750
v -0.406250 3.000000 0.046875
v -0.406250 3.000000 0.050000
v -0.406250 3.000000 0.053125
v -0.406250 3.000000 0.056250
v -0.406250 3.000000 0.059375
v -0.406250 3.000000 0.062500
v -0.406250 3.000000 0.065625
v -0.406250 3.000000 0.068750
v -0.406250 3.000000 0.071875
v -0.406250 3.000000 0.075000
v -0.406250 3.000000 0.078125
v -0.406250 3.000000 0.081250
v -0.406250 3.000000 0.084375
v -0.406250 3.000000 0.087500
v -0.406250 3.000000 0.090625
v -0.406250 3.000000 0.093750
v -0.406250 3.000000 0.096875
v -0.375000 3.000000 0.003125
v -0.375000 3.000000 0.006250
v -0.375000 3.000000 0.009375
v -0.375000 3.000000 0.012500
v -0.375000 3.000000 0.015625
v -0.375000 3.000000 0.018750
v -0.375000 3.000000 0.021875
v -0.375000 3.000000 0.025000
v -0.375000 3.000000 0.028125
v -0.375000 3.000000 0.031250
v -0.375000 3.000000 0.034375
v -0.375000 3.000000 0.037500
v -0.375000 3.000000 0.040625
v -0.375000 3.000000 0.043750
v -0.375000 3.000000 0.046875
v -0.375000 3.000000 0.050000
v -0.375000 3.000000 0.053125
v -0.375000 3.000000 0.056250
v -0.375000 3.000000 0.059375
v -0.375000 3.000000 0.062500
v -0.375000 3.000000 0.065625
v -0.375000 3.000000 0.068750
v -0.375000 3.000000 0.071875
v -0.375000 3.000000 0.075000
v -0.375000 3.000000 0.078125
v -0.375000 3.000000 0.081250
v -0.375000 3.000000 0.084375
v -0.375000 3.000000 0.087500
v -0.375000 3.000000 0.090625
v -0.375000 3.000000 0.093750
v -0.375000 3.000000 0.096875
v -0.343750 3.000000 0.003125
v -0.343750 3.000000 0.006250
v -0.343750 3.000000 0.009375
v -0.343750 3.000000 0.012500
v -0.343750 3.000000 0.015625
v -0.343750 3.000000 0.018750
v -0.343750 3.000000 0.021875
v -0.343750 3.000000 0.025000
v -0.343750 3.000000 0.028125
v -0.343750 3.000000 0.031250
v -0.343750 3.000000 0.034375
v -0.343750 3.000000 0.037500
v -0.343750 3.000000 0.040625
v -0.343750 3.000000 0.043750
v -0.343750 3.000000 0.046875
v -0.343750 3.000000 0.050000
v -0.343750 3.000000 0.053125
v -0.343750 3.000000 0.056250
v -0.343750 3.000000 0.059375
v -0.343750 3.000000 0.062500
v -0.343750 3.000000 0.065625
v -0.343750 3.000000 0.068750
v -0.343750 3.000000 0.071875
v -0.343750 3.000000 0.075000
v -0.343750 3.000000 0.078125
v -0.343750 3.000000 0.081250
v -0.343750 3.000000 0.084375
v -0.343750 3.000000 0.087500
v -0.343750 3.000000 0.090625
v -0.343750 3.000000 0.093750
v -0.343750 3.000000 0.096875
v -0.312500 3.000000 0.003125
v -0.312500 3.000000 0.006250
v -0.312500 3.000000 0.009375
v -0.312500 3.000000 0.012500
v -0.312500 3.000000 0.015625
v -0.312500 3.000000 0.018750
v -0.312500 3.000000 0.021875
v -0.312500 3.000000 0.025000
v -0.312500 3.000000 0.028125
v -0.312500 3.000000 0.031250
v -0.312500 3.000000 0.034375
v -0.312500 3.000000 0.037500
v -0.312500 3.000000 0.040625
v -0.312500 3.000000 0.043750
v -0.312500 3.000000 0.046875
v -0.312500 3.000000 0.050000
v -0.312500 3.000000 0.053125
v -0.312500 3.000000 0.056250
v -0.312500 3.000000 0.059375
v -0.312500 3.000000 0.062500
v -0.312500 3.000000 0.065625
v -0.312500 3.000000 0.068750
v -0.312500 3.000000 0.071875
v -0.312500 3.000000 0.075000
v -0.312500 3.000000 0.078125
v -0.312500 3.000000 0.081250
v -0.312500 3.000000 0.084375
v -0.312500 3.000000 0.087500
v -0.312500 3.000000 0.090625
v -0.312500 3.000000 0.093750
v -0.312500 3.000000 0.096875
v -0.281250 3.000000 0.003125
v -0.281250 3.000000 0.006250
v -0.281250 3.000000 0.009375
v -0.281250 3.000000 0.012500
v -0.281250 3.000000 0.015625
v -0.281250 3.000000 0.018750
v -0.281250 3.000000 0.021875
v -0.281250 3.000000 0.025000
v -0.281250 3.000000 0.028125
v -0.281250 3.000000 0.031250
v -0.281250 3.000000 0.034375
v -0.281250 3.000000 0.037500
v -0.281250 3.000000 0.040625
v -0.281250 3.000000 0.043750
v -0.281250 3.000000 0.046875
v -0.281250 3.000000 0.050000
v -0.281250 3.000000 0.053125
v -0.281250 3.000000 0.056250
v -0.281250 3.000000 0.059375
v -0.281250 3.000000 0.062500
v -0.281250 3.000000 0.065625
v -0.281250 3.000000 0.068750
v -0.281250 3.000000 0.071875
v -0.281250 3.000000 0.075000
v -0.281250 3.000000 0.078125
v -0.281250 3.000000 0.081250
v -0.281250 3.000000 0.084375
v -0.281250 3.000000 0.087500
v -0.281250 3.000000 0.090625
v -0.281250 3.000000 0.093750
v -0.281250 3.000000 0.096875
v -0.250000 3.000000 0.003125
v -0.250000 3.000000 0.006250
v -0.250000 3.000000 0.009375
v -0.250000 3.000000 0.012500
v -0.250000 3.000000 0.015625
v -0.250000 3.000000 0.018750
v -0.250000 3.000000 0.021875
v -0.250000 3.000000 0.025000
v -0.250000 3.000000 0.028125
v -0.250000 3.000000 0.031250
v -0.250000 3.000000 0.034375
v -0.250000 3.000000 0.037500
v -0.250000 3.000000 0.040625
v -0.250000 3.000000 0.043750
v -0.250000 3.000000 0.046875
v -0.250000 3.000000 0.050000
v -0.250000 3.000000 0.053125
v -0.250000 3.000000 0.056250
v -0.250000 3.000000 0.059375
v -0.250000 3.000000 0.062500
v -0.250000 3.000000 0.065625
v -0.250000 3.000000 0.068750
v -0.250000 3.000000 0.071875
v -0.250000 3.000000 0.075000
v -0.250000 3.000000 0.078125
v -0.250000 3.000000 0.081250
v -0.250000 3.000000 0.084375
v -0.250000 3.000000 0.087500
v -0.250000 3.000000 0.090625
v -0.250000 3.000000 0.093750
v -0.250000 3.000000 0.096875
v -0.218750 3.000000 0.003125
v -0.218750 3.000000 0.006250
v -0.218750 3.000000 0.009375
v -0.218750 3.000000 0.012500
v -0.218750 3.000000 0.015625
v -0.218750 3.000000 0.018750
v -0.218750 3.000000 0.021875
v -0.218750 3.000000 0.025000
v -0.218750 3.000000 0.028125
v -0.218750 3.000000 0.031250
v -0.218750 3.000000 0.034375
v -0.218750 3.000000 0.037500
v -0.218750 3.000000 0.040625
v -0.218750 3.000000 0.043750
v -0.218750 3.000000 0.046875
v -0.218750 3.000000 0.050000
v -0.218750 3.000000 0.053125
v -0.218750 3.000000 0.056250
v -0.218750 3.000000 0.059375
v -0.218750 3.000000 0.062500
v -0.218750 3.000000 0.065625
v -0.218750 3.000000 0.068750
v -0.218750 3.000000 0.071875
v -0.218750 3.000000 0.075000
v -0.218750 3.000000 0.078125
v -0.218750 3.000000 0.081250
v -0.218750 3.000000 0.084375
v -0.218750 3.000000 0.087500
v -0.218750 3.000000 0.090625
v -0.218750 3.000000 0.093750
v -0.218750 3.000000 0.096875
v -0.187500 3.000000 0.003125
v -0.187500 3.000000 0.006250
v -0.187500 3.000000 0.009375
v -0.187500 3.000000 0.012500
v -0.187500 3.000000 0.015625
v -0.187500 3.000000 0.018750
v -0.187500 3.000000 0.021875
v -0.187500 3.000000 0.025000
v -0.187500 3.000000 0.028125
v -0.187500 3.000000 0.031250
v -0.187500 3.000000 0.034375
v -0.187500 3.000000 0.037500
v -0.187500 3.000000 0.040625
v -0.187500 3.000000 0.043750
v -0.187500 3.000000 0.046875
v -0.187500 3.000000 0.050000
v -0.187500 3.000000 0.053125
v -0.187500 3.000000 0.056250
v -0.187500 3.000000 0.059375
v -0.187500 3.000000 0.062500
v -0.187500 3.000000 0.065625
v -0.187500 3.000000 0.068750
v -0.187500 3.000000 0.071875
v -0.187500 3.000000 0.075000
v -0.187500 3.000000 0.078125
v -0.187500 3.000000 0.081250
v -0.187500 3.000000 0.084375
v -0.187500 3.000000 0.087500
v -0.187500 3.000000 0.090625
v -0.187500 3.000000 0.093750
v -0.187500 3.000000 0.096875
v -0.156250 3.000000 0.003125
v -0.156250 3.000000 0.006250
v -0.156250 3.000000 0.009375
v -0.156250 3.000000 0.012500
v -0.156250 3.000000 0.015625
v -0.156250 3.000000 0.018750
v -0.156250 3.000000 0.021875
v -0.156250 3.000000 0.025000
v -0.156250 3.000000 0.028125
v -0.156250 3.000000 0.031250
v -0.156250 3.000000 0.034375
v -0.156250 3.000000 0.037500
v -0.156250 3.000000 0.040625
v -0.156250 3.000000 0.043750
v -0.156250 3.000000 0.046875
v -0.156250 3.000000 0.050000
v -0.156250 3.000000 0.053125
v -0.156250 3.000000 0.056250
v -0.156250 3.000000 0.059375
v -0.156250 3.000000 0.062500
v -0.156250 3.000000 0.065625
v -0.156250 3.000000 0.068750
v -0.156250 3.000000 0.071875
v -0.156250 3.000000 0.075000
v -0.156250 3.000000 0.078125
v -0.156250 3.000000 0.081250
v -0.156250 3.000000 0.084375
v -0.156250 3.000000 0.087500
v -0.156250 3.000000 0.090625
v -0.156250 3.000000 0.093750
v -0.156250 3.000000 0.096875
v -0.125000 3.000000 0.003125
v -0.125000 3.000000 0.006250
v -0.125000 3.000000 0.009375
v -0.125000 3.000000 0.012500
v -0.125000 3.000000 0.015625
v -0.125000 3.000000 0.018750
v -0.125000 3.000000 0.021875
v -0.125000 3.000000 0.025000
v -0.125000 3.000000 0.028125
v -0.125000 3.000000 0.031250
v -0.125000 3.000000 0.034375
v -0.125000 3.000000 0.037500
v -0.125000 3.000000 0.040625
v -0.125000 3.000000 0.043750
v -0.125000 3.000000 0.046875
v -0.125000 3.000000 0.050000
v -0.125000 3.000000 0.053125
v -0.125000 3.000000 0.056250
v -0.125000 3.000000 0.059375
v -0.125000 3.000000 0.062500
v -0.125000 3.000000 0.065625
v -0.125000 3.000000 0.068750
v -0.125000 3.000000 0.071875
v -0.125000 3.000000 0.075000
v -0.125000 3.000000 0.078125
v -0.125000 3.000000 0.081250
v -0.125000 3.000000 0.084375
v -0.125000 3.000000 0.087500
v -0.125000 3.000000 0.090625
v -0.125000 3.000000 0.093750
v -0.125000 3.000000 0.096875
v -0.093750 3.000000 0.003125
v -0.093750 3.000000 0.006250
v -0.093750 3.000000 0.009375
v -0.093750 3.000000 0.012500
v -0.093750 3.000000 0.015625
v -0.093750 3.000000 0.018750
v -0.093750 3.000000 0.021875
v -0.093750 3.000000 0.025000
v -0.093750 3.000000 0.028125
v -0.093750 3.000000 0.031250
v -0.093750 3.000000 0.034375
v -0.093750 3.000000 0.037500
v -0.093750 3.000000 0.040625
v -0.093750 3.000000 0.043750
v -0.093750 3.000000 0.046875
v -0.093750 3.000000 0.050000
v -0.093750 3.000000 0.053125
v -0.093750 3.000000 0.056250
v -0.093750 3.000000 0.059375
v -0.093750 3.000000 0.062500
v -0.093750 3.000000 0.065625
v -0.093750 3.000000 0.068750
v -0.093750 3.000000 0.071875
v -0.093750 3.000000 0.075000
v -0.093750 3.000000 0.078125
v -0.093750 3.000000 0.081250
v -0.093750 3.000000 0.084375
v -0.093750 3.000000 0.087500
v -0.093750 3.000000 0.090625
v -0.093750 3.000000 0.093750
v -0.093750 3.000000 0.096875
v -0.062500 3.000000 0.003125
v -0.062500 3.000000 0.006250
v -0.062500 3.000000 0.009375
v -0.062500 3.000000 0.012500
v -0.062500 3.000000 0.015625
v -0.062500 3.000000 0.018750
v -0.062500 3.000000 0.021875
v -0.062500 3.000000 0.025000
v -0.062500 3.000000 0.028125
v -0.062500 3.000000 0.031250
v -0.062500 3.000000 0.034375
v -0.062500 3.000000 0.037500
v -0.062500 3.000000 0.040625
v -0.062500 3.000000 0.043750
v -0.062500 3.000000 0.046875
v -0.062500 3.000000 0.050000
v -0.062500 3.000000 0.053125
v -0.062500 3.000000 0.056250
v -0.062500 3.000000 0.059375
v -0.062500 3.000000 0.062500
v -0.062500 3.000000 0.065625
v -0.062500 3.000000 0.068750
v -0.062500 3.000000 0.071875
v -0.062500 3.000000 0.075000
v -0.062500 3.000000 0.078125
v -0.062500 3.000000 0.081250
v -0.062500 3.000000 0.084375
v -0.062500 3.000000 0.087500
v -0.062500 3.000000 0.090625
v -0.062500 3.000000 0.093750
v -0.062500 3.000000 0.096875
v -0.031250 3.000000 0.003125
v -0.031250 3.000000 0.006250
v -0.031250 3.000000 0.009375
v -0.031250 3.000000 0.012500
v -0.031250 3.000000 0.015625
v -0.031250 3.000000 0.018750
v -0.031250 3.000000 0.021875
v -0.031250 3.000000 0.025000
v -0.031250 3.000000 0.028125
v -0.031250 3.000000 0.031250
v -0.031250 3.000000 0.034375
v -0.031250 3.000000 0.037500
v -0.031250 3.000000 0.040625
v -0.031250 3.000000 0.043750
v -0.031250 3.000000 0.046875
v -0.031250 3.000000 0.050000
v -0.031250 3.000000 0.053125
v -0.031250 3.000000 0.056250
v -0.031250 3.000000 0.059375
v -0.031250 3.000000 0.062500
v -0.031250 3.000000 0.065625
v -0.031250 3.000000 0.068750
v -0.031250 3.000000 0.071875
v -0.031250 3.000000 0.075000
v -0.031250 3.000000 0.078125
v -0.031250 3.000000 0.081250
v -0.031250 3.000000 0.084375
v -0.031250 3.000000 0.087500
v -0.031250 3.000000 0.090625
v -0.031250 3.000000 0.093750
v -0.031250 3.000000 0.096875
v -0.000000 3.000000 0.003125
v 0.000000 3.000000 0.006250
v 0.000000 3.000000 0.009375
v -0.000000 3.000000 0.012500
v -0.000000 3.000000 0.015625
v 0.000000 3.000000 0.018750
v -0.000000 3.000000 0.021875
v -0.000000 3.000000 0.025000
v 0.000000 3.000000 0.028125
v -0.000000 3.000000 0.031250
v -0.000000 3.000000 0.034375
v 0.000000 3.000000 0.037500
v -0.000000 3.000000 0.040625
v -0.000000 3.000000 0.043750
v 0.000000 3.000000 0.046875
v -0.000000 3.000000 0.050000
v 0.000000 3.000000 0.053125
v -0.000000 3.000000 0.056250
v -0.000000 3.000000 0.059375
v -0.000000 3.000000 0.062500
v -0.000000 3.000000 0.065625
v 0.000000 3.000000 0.068750
v -0.000000 3.000000 0.071875
v -0.000000 3.000000 0.075000
v 0.000000 3.000000 0.078125
v -0.000000 3.000000 0.081250
v -0.000000 3.000000 0.084375
v -0.000000 3.000000 0.087500
v 0.000000 3.000000 0.090625
v -0.000000 3.000000 0.093750
v 0.000000 3.000000 0.096875
v 0.031250 3.000000 0.003125
v 0.031250 3.000000 0.006250
v 0.031250 3.000000 0.009375
v 0.031250 3.000000 0.012500
v 0.031250 3.000000 0.015625
v 0.031250 3.000000 0.018750
v 0.031250 3.000000 0.021875
v 0.031250 3.000000 0.025000
v 0.031250 3.000000 0.028125
v 0.031250 3.000000 0.031250
v 0.031250 3.000000 0.034375
v 0.031250 3.000000 0.037500
v 0.031250 3.000000 0.040625
v 0.031250 3.000000 0.043750
v 0.031250 3.000000 0.046875
v 0.031250 3.000000 0.050000
v 0.031250 3.000000 0.053125
v 0.031250 3.000000 0.056250
v 0.031250 3.000000 0.059375
v 0.031250 3.000000 0.062500
v 0.031250 3.000000 0.065625
v 0.031250 3.000000 0.068750
v 0.031250 3.000000 0.071875
v 0.031250 3.000000 0.075000
v 0.031250 3.000000 0.078125
v 0.031250 3.000000 0.081250
v 0.031250 3.000000 0.084375
v 0.031250 3.000000 0.087500
v 0.031250 3.000000 0.090625
v 0.031250 3.000000 0.093750
v 0.031250 3.000000 0.096875
v 0.062500 3.000000 0.003125
v 0.062500 3.000000 0.006250
v 0.062500 3.000000 0.009375
v 0.062500 3.000000 0.012500
v 0.062500 3.000000 0.015625
v 0.062500 3.000000 0.018750
v 0.062500 3.000000 0.021875
v 0.062500 3.000000 0.025000
v 0.062500 3.000000 0.028125
v 0.062500 3.000000 0.031250
v 0.062500 3.000000 0.034375
v 0.062500 3.000000 0.037500
v 0.062500 3.000000 0.040625
v 0.062500 3.000000 0.043750
v 0.062500 3.000000 0.046875
v 0.062500 3.000000 0.050000
v 0.062500 3.000000 0.053125
v 0.062500 3.000000 0.056250
v 0.062500 3.000000 0.059375
v 0.062500 3.000000 0.062500
v 0.062500 3.000000 0.065625
v 0.062500 3.000000 0.068750
v 0.062500 3.000000 0.071875
v 0.062500 3.000000 0.075000
v 0.062500 3.000000 0.078125
v 0.062500 3.000000 0.081250
v 0.062500 3.000000 0.084375
v 0.062500 3.000000 0.087500
v 0.062500 3.000000 0.090625
v 0.062500 3.000000 0.093750
v 0.062500 3.000000 0.096875
v 0.093750 3.000000 0.003125
v 0.093750 3.000000 0.006250
v 0.093750 3.000000 0.009375
v 0.093750 3.000000 0.012500
v 0.093750 3.000000 0.015625
v 0.093750 3.000000 0.018750
v 0.093750 3.000000 0.021875
v 0.093750 3.000000 0.025000
v 0.093750 3.000000 0.028125
v 0.093750 3.000000 0.031250
v 0.093750 3.000000 0.034375
v 0.093750 3.000000 0.037500
v 0.093750 3.000000 0.040625
v 0.093750 3.000000 0.043750
v 0.093750 3.000000 0.046875
v 0.093750 3.000000 0.050000
v 0.093750 3.000000 0.053125
v 0.093750 3.000000 0.056250
v 0.093750 3.000000 0.059375
v 0.093750 3.000000 0.062500
v 0.093750 3.000000 0.065625
v 0.093750 3.000000 0.068750
v 0.093750 3.000000 0.071875
v 0.093750 3.000000 0.075000
v 0.093750 3.000000 0.078125
v 0.093750 3.000000 0.081250
v 0.093750 3.000000 0.084375
v 0.093750 3.000000 0.087500
v 0.093750 3.000000 0.090625
v 0.093750 3.000000 0.093750
v 0.093750 3.000000 0.096875
v 0.125000 3.000000 0.003125
v 0.125000 3.000000 0.006250
v 0.125000 3.000000 0.009375
v 0.125000 3.000000 0.012500
v 0.125000 3.000000 0.015625
v 0.125000 3.000000 0.018750
v 0.125000 3.000000 0.021875
v 0.125000 3.000000 0.025000
v 0.125000 3.000000 0.028125
v 0.125000 3.000000 0.031250
v 0.125000 3.000000 0.034375
v 0.125000 3.000000 0.037500
v 0.125000 3.000000 0.040625
v 0.125000 3.000000 0.043750
v 0.125000 3.000000 0.046875
v 0.125000 3.000000 0.050000
v 0.125000 3.000000 0.053125
v 0.125000 3.000000 0.056250
v 0.125000 3.000000 0.059375
v 0.125000 3.000000 0.062500
v 0.125000 3.000000 0.065625
v 0.125000 3.000000 0.068750
v 0.125000 3.000000 0.071875
v 0.125000 3.000000 0.075000
v 0.125000 3.000000 0.078125
v 0.125000 3.000000 0.081250
v 0.125000 3.000000 0.084375
v 0.125000 3.000000 0.087500
v 0.125000 3.000000 0.090625
v 0.125000 3.000000 0.093750
v 0.125000 3.000000 0.096875
v 0.156250 3.000000 0.003125
v 0.156250 3.000000 0.006250
v 0.156250 3.000000 0.009375
v 0.156250 3.000000 0.012500
v 0.156250 3.000000 0.015625
v 0.156250 3.000000 0.018750
v 0.156250 3.000000 0.021875
v 0.156250 3.000000 0.025000
v 0.156250 3.000000 0.028125
v 0.156250 3.000000 0.031250
v 0.156250 3.000000 0.034375
v 0.156250 3.000000 0.037500
v 0.156250 3.000000 0.040625
v 0.156250 3.000000 0.043750
v 0.156250 3.000000 0.046875
v 0.156250 3.000000 0.050000
v 0.156250 3.000000 0.053125
v 0.156250 3.000000 0.056250
v 0.156250 3.000000 0.059375
v 0.156250 3.000000 0.062500
v 0.156250 3.000000 0.065625
v 0.156250 3.000000 0.068750
v 0.156250 3.000000 0.071875
v 0.156250 3.000000 0.075000
v 0.156250 3.000000 0.078125
v 0.156250 3.000000 0.081250
v 0.156250 3.000000 0.084375
v 0.156250 3.000000 0.087500
v 0.156250 3.000000 0.090625
v 0.156250 3.000000 0.093750
v 0.156250 3.000000 0.096875
v 0.187500 3.000000 0.003125
v 0.187500 3.000000 0.006250
v 0.187500 3.000000 0.009375
v 0.187500 3.000000 0.012500
v 0.187500 3.000000 0.015625
v 0.187500 3.000000 0.018750
v 0.187500 3.000000 0.021875
v 0.187500 3.000000 0.025000
v 0.187500 3.000000 0.028125
v 0.187500 3.000000 0.031250
v 0.187500 3.000000 0.034375
v 0.187500 3.000000 0.037500
v 0.187500 3.000000 0.040625
v 0.187500 3.000000 0.043750
v 0.187500 3.000000 0.046875
v 0.187500 3.000000 0.050000
v 0.187500 3.000000 0.053125
v 0.187500 3.000000 0.056250
v 0.187500 3.000000 0.059375
v 0.187500 3.000000 0.062500
v 0.187500 3.000000 0.065625
v 0.187500 3.000000 0.068750
v 0.187500 3.000000 0.071875
v 0.187500 3.000000 0.075000
v 0.187500 3.000000 0.078125
v 0.187500 3.000000 0.081250
v 0.187500 3.000000 0.084375
v 0.187500 3.000000 0.087500
v 0.187500 3.000000 0.090625
v 0.187500 3.000000 0.093750
v 0.187500 3.000000 0.096875
v 0.218750 3.000000 0.003125
v 0.218750 3.000000 0.006250
v 0.218750 3.000000 0.009375
v 0.218750 3.000000 0.012500
v 0.218750 3.000000 0.015625
v 0.218750 3.000000 0.018750
v 0.218750 3.000000 0.021875
v 0.218750 3.000000 0.025000
v 0.218750 3.000000 0.028125
v 0.218750 3.000000 0.031250
v 0.218750 3.000000 0.034375
v 0.218750 3.000000 0.037500
v 0.218750 3.000000 0.040625
v 0.218750 3.000000 0.043750
v 0.218750 3.000000 0.046875
v 0.218750 3.000000 0.050000
v 0.218750 3.000000 0.053125
v 0.218750 3.000000 0.056250
v 0.218750 3.000000 0.059375
v 0.218750 3.000000 0.062500
v 0.218750 3.000000 0.065625
v 0.218750 3.000000 0.068750
v 0.218750 3.000000 0.071875
v 0.218750 3.000000 0.075000
v 0.218750 3.000000 0.078125
v 0.218750 3.000000 0.081250
v 0.218750 3.000000 0.084375
v 0.218750 3.000000 0.087500
v 0.218750 3.000000 0.090625
v 0.218750 3.000000 0.093750
v 0.218750 3.000000 0.096875
v 0.250000 3.000000 0.003125
v 0.250000 3.000000 0.006250
v 0.250000 3.000000 0.009375
v 0.250000 3.000000 0.012500
v 0.250000 3.000000 0.015625
v 0.250000 3.000000 0.018750
v 0.250000 3.000000 0.021875
v 0.250000 3.000000 0.025000
v 0.250000 3.000000 0.028125
v 0.250000 3.000000 0.031250
v 0.250000 3.000000 0.034375
v 0.250000 3.000000 0.037500
v 0.250000 3.000000 0.040625
v 0.250000 3.000000 0.043750
v 0.250000 3.000000 0.046875
v 0.250000 3.000000 0.050000
v 0.250000 3.000000 0.053125
v 0.250000 3.000000 0.056250
v 0.250000 3.000000 0.059375
v 0.250000 3.000000 0.062500
v 0.250000 3.000000 0.065625
v 0.250000 3.000000 0.068750
v 0.250000 3.000000 0.071875
v 0.250000 3.000000 0.075000
v 0.250000 3.000000 0.078125
v 0.250000 3.000000 0.081250
v 0.250000 3.000000 0.084375
v 0.250000 3.000000 0.087500
v 0.250000 3.000000 0.090625
v 0.250000 3.000000 0.093750
v 0.250000 3.000000 0.096875
v 0.281250 3.000000 0.003125
v 0.281250 3.000000 0.006250
v 0.281250 3.000000 0.009375
v 0.281250 3.000000 0.012500
v 0.281250 3.000000 0.015625
v 0.281250 3.000000 0.018750
v 0.281250 3.000000 0.021875
v 0.281250 3.000000 0.025000
v 0.281250 3.000000 0.028125
v 0.281250 3.000000 0.031250
v 0.281250 3.000000 0.034375
v 0.281250 3.000000 0.037500
v 0.281250 3.000000 0.040625
v 0.281250 3.000000 0.043750
v 0.281250 3.000000 0.046875
v 0.281250 3.000000 0.050000
v 0.281250 3.000000 0.053125
v 0.281250 3.000000 0.056250
v 0.281250 3.000000 0.059375
v 0.281250 3.000000 0.062500
v 0.281250 3.000000 0.065625
v 0.281250 3.000000 0.068750
v 0.281250 3.000000 0.071875
v 0.281250 3.000000 0.075000
v 0.281250 3.000000 0.078125
v 0.281250 3.000000 0.081250
v 0.281250 3.000000 0.084375
v 0.281250 3.000000 0.087500
v 0.281250 3.000000 0.090625
v 0.281250 3.000000 0.093750
v 0.281250 3.000000 0.096875
v 0.312500 3.000000 0.003125
v 0.312500 3.000000 0.006250
v 0.312500 3.000000 0.009375
v 0.312500 3.000000 0.012500
v 0.312500 3.000000 0.015625
v 0.312500 3.000000 0.018750
v 0.312500 3.000000 0.021875
v 0.312500 3.000000 0.025000
v 0.312500 3.000000 0.028125
v 0.312500 3.000000 0.031250
v 0.312500 3.000000 0.034375
v 0.312500 3.000000 0.037500
v 0.312500 3.000000 0.040625
v 0.312500 3.000000 0.043750
v 0.312500 3.000000 0.046875
v 0.312500 3.000000 0.050000
v 0.312500 3.000000 0.053125
v 0.312500 3.000000 0.056250
v 0.312500 3.000000 0.059375
v 0.312500 3.000000 0.062500
v 0.312500 3.000000 0.065625
v 0.312500 3.000000 0.068750
v 0.312500 3.000000 0.071875
v 0.312500 3.000000 0.075000
v 0.312500 3.000000 0.078125
v 0.312500 3.000000 0.081250
v 0.312500 3.000000 0.084375
v 0.312500 3.000000 0.087500
v 0.312500 3.000000 0.090625
v 0.312500 3.000000 0.093750
v 0.312500 3.000000 0.096875
v 0.343750 3.000000 0.003125
v 0.343750 3.000000 0.006250
v 0.343750 3.000000 0.009375
v 0.343750 3.000000 0.012500
v 0.343750 3.000000 0.015625
v 0.343750 3.000000 0.018750
v 0.343750 3.000000 0.021875
v 0.343750 3.000000 0.025000
v 0.343750 3.000000 0.028125
v 0.343750 3.000000 0.031250
v 0.343750 3.000000 0.034375
v 0.343750 3.000000 0.037500
v 0.343750 3.000000 0.040625
v 0.343750 3.000000 0.043750
v 0.343750 3.000000 0.046875
v 0.343750 3.000000 0.050000
v 0.343750 3.000000 0.053125
v 0.343750 3.000000 0.056250
v 0.343750 3.000000 0.059375
v 0.343750 3.000000 0.062500
v 0.343750 3.000000 0.065625
v 0.343750 3.000000 0.068750
v 0.343750 3.000000 0.071875
v 0.343750 3.000000 0.075000
v 0.343750 3.000000 0.078125
v 0.343750 3.000000 0.081250
v 0.343750 3.000000 0.084375
v 0.343750 3.000000 0.087500
v 0.343750 3.000000 0.090625
v 0.343750 3.000000 0.093750
v 0.343750 3.000000 0.096875
v 0.375000 3.000000 0.003125
v 0.375000 3.000000 0.006250
v 0.375000 3.000000 0.009375
v 0.375000 3.000000 0.012500
v 0.375000 3.000000 0.015625
v 0.375000 3.000000 0.018750
v 0.375000 3.000000 0.021875
v 0.375000 3.000000 0.025000
v 0.375000 3.000000 0.028125
v 0.375000 3.000000 0.031250
v 0.375000 3.000000 0.034375
v 0.375000 3.000000 0.037500
v 0.375000 3.000000 0.040625
v 0.375000 3.000000 0.043750
v 0.375000 3.000000 0.046875
v 0.375000 3.000000 0.050000
v 0.375000 3.000000 0.053125
v 0.375000 3.000000 0.056250
v 0.375000 3.000000 0.059375
v 0.375000 3.000000 0.062500
v 0.375000 3.000000 0.065625
v 0.375000 3.000000 0.068750
v 0.375000 3.000000 0.071875
v 0.375000 3.000000 0.075000
v 0.375000 3.000000 0.078125
v 0.375000 3.000000 0.081250
v 0.375000 3.000000 0.084375
v 0.375000 3.000000 0.087500
v 0.375000 3.000000 0.090625
v 0.375000 3.000000 0.093750
v 0.375000 3.000000 0.096875
v 0.406250 3.000000 0.003125
v 0.406250 3.000000 0.006250
v 0.406250 3.000000 0.009375
v 0.406250 3.000000 0.012500
v 0.406250 3.000000 0.015625
v 0.406250 3.000000 0.018750
v 0.406250 3.000000 0.021875
v 0.406250 3.000000 0.025000
v 0.406250 3.000000 0.028125
v 0.406250 3.000000 0.031250
v 0.406250 3.000000 0.034375
v 0.406250 3.000000 0.037500
v 0.406250 3.000000 0.040625
v 0.406250 3.000000 0.043750
v 0.406250 3.000000 0.046875
v 0.406250 3.000000 0.050000
v 0.406250 3.000000 0.053125
v 0.406250 3.000000 0.056250
v 0.406250 3.000000 0.059375
v 0.406250 3.000000 0.062500
v 0.406250 3.000000 0.065625
v 0.406250 3.000000 0.068750
v 0.406250 3.000000 0.071875
v 0.406250 3.000000 0.075000
v 0.406250 3.000000 0.078125
v 0.406250 3.000000 0.081250
v 0.406250 3.000000 0.084375
v 0.406250 3.000000 0.087500
v 0.406250 3.000000 0.090625
v 0.406250 3.000000 0.093750
v 0.406250 3.000000 0.096875
v 0.437500 3.000000 0.003125
v 0.437500 3.000000 0.006250
v 0.437500 3.000000 0.009375
v 0.437500 3.000000 0.012500
v 0.437500 3.000000 0.015625
v 0.437500 3.000000 0.018750
v 0.437500 3.000000 0.021875
v 0.437500 3.000000 0.025000
v 0.437500 3.000000 0.028125
v 0.437500 3.000000 0.031250
v 0.437500 3.000000 0.034375
v 0.437500 3.000000 0.037500
v 0.437500 3.000000 0.040625
v 0.437500 3.000000 0.043750
v 0.437500 3.000000 0.046875
v 0.437500 3.000000 0.050000
v 0.437500 3.000000 0.053125
v 0.437500 3.000000 0.056250
v 0.437500 3.000000 0.059375
v 0.437500 3.000000 0.062500
v 0.437500 3.000000 0.065625
v 0.437500 3.000000 0.068750
v 0.437500 3.000000 0.071875
v 0.437500 3.000000 0.075000
v 0.437500 3.000000 0.078125
v 0.437500 3.000000 0.081250
v 0.437500 3.000000 0.084375
v 0.437500 3.000000 0.087500
v 0.437500 3.000000 0.090625
v 0.437500 3.000000 0.093750
v 0.437500 3.000000 0.096875
v 0.468750 3.000000 0.003125
v 0.468750 3.000000 0.006250
v 0.468750 3.000000 0.009375
v 0.468750 3.000000 0.012500
v 0.468750 3.000000 0.015625
v 0.468750 3.000000 0.018750
v 0.468750 3.000000 0.021875
v 0.468750 3.000000 0.025000
v 0.468750 3.000000 0.028125
v 0.468750 3.000000 0.031250
v 0.468750 3.000000 0.034375
v 0.468750 3.000000 0.037500
v 0.468750 3.000001 0.040625
v 0.468750 3.000000 0.043750
v 0.468750 3.000000 0.046875
v 0.468750 3.000000 0.050000
v 0.468750 3.000000 0.053125
v 0.468750 3.000000 0.056250
v 0.468750 3.000000 0.059375
v 0.468750 3.000000 0.062500
v 0.468750 3.000000 0.065625
v 0.468750 3.000000 0.068750
v 0.468750 3.000000 0.071875
v 0.468750 3.000000 0.075000
v 0.468750 3.000000 0.078125
v 0.468750 3.000000 0.081250
v 0.468750 3.000000 0.084375
v 0.468750 3.000000 0.087500
v 0.468750 3.000000 0.090625
v 0.468750 3.000000 0.093750
v 0.468750 3.000000 0.096875
v 0.500000 2.812500 0.003125
v 0.500000 2.812500 0.006250
v 0.500000 2.812500 0.009375
v 0.500000 2.812500 0.012500
v 0.500000 2.812500 0.015625
v 0.500000 2.812500 0.018750
v 0.500000 2.812500 0.021875
v 0.500000 2.812500 0.025000
v 0.500000 2.812500 0.028125
v 0.500000 2.812500 0.031250
v 0.500000 2.812500 0.034375
v 0.500000 2.812500 0.037500
v 0.500000 2.812500 0.040625
v 0.500000 2.812500 0.043750
v 0.500000 2.812500 0.046875
v 0.500000 2.812500 0.050000
v 0.500000 2.812500 0.053125
v 0.500000 2.812500 0.056250
v 0.500000 2.812500 0.059375
v 0.500000 2.812500 0.062500
v 0.500000 2.812500 0.065625
v 0.500000 2.812500 0.068750
v 0.500000 2.812500 0.071875
v 0.500000 2.812500 0.075000
v 0.500000 2.812500 0.078125
v 0.500000 2.812500 0.081250
v 0.500000 2.812500 0.084375
v 0.500000 2.812500 0.087500
v 0.500000 2.812500 0.090625
v 0.500000 2.812500 0.093750
v 0.500000 2.812500 0.096875
v 0.500000 2.625000 0.003125
v 0.500000 2.625000 0.006250
v 0.500000 2.625000 0.009375
v 0.500000 2.625000 0.012500
v 0.500000 2.625000 0.015625
v 0.500000 2.625000 0.018750
v 0.500000 2.625000 0.021875
v 0.500000 2.625000 0.025000
v 0.500000 2.625000 0.028125
v 0.500000 2.625000 0.031250
v 0.500000 2.625000 0.034375
v 0.500000 2.625000 0.037500
v 0.500000 2.625000 0.040625
v 0.500000 2.625000 0.043750
v 0.500000 2.625000 0.046875
v 0.500000 2.625000 0.050000
v 0.500000 2.625000 0.053125
v 0.500000 2.625000 0.056250
v 0.500000 2.625000 0.059375
v 0.500000 2.625000 0.062500
v 0.500000 2.625000 0.065625
v 0.500000 2.625000 0.068750
v 0.500000 2.625000 0.071875
v 0.500000 2.625000 0.075000
v 0.500000 2.625000 0.078125
v 0.500000 2.625000 0.081250
v 0.500000 2.625000 0.084375
v 0.500000 2.625000 0.087500
v 0.500000 2.625000 0.090625
v 0.500000 2.625000 0.093750
v 0.500000 2.625000 0.096875
v 0.500000 2.437500 0.003125
v 0.500000 2.437500 0.006250
v 0.500000 2.437500 0.009375
v 0.500000 2.437500 0.012500
v 0.500000 2.437500 0.015625
v 0.500000 2.437500 0.018750
v 0.500000 2.437500 0.021875
v 0.500000 2.437500 0.025000
v 0.500000 2.437500 0.028125
v 0.500000 2.437500 0.031250
v 0.500000 2.437500 0.034375
v 0.500000 2.437500 0.037500
v 0.500000 2.437500 0.040625
v 0.500000 2.437500 0.043750
v 0.500000 2.437500 0.046875
v 0.500000 2.437500 0.050000
v 0.500000 2.437500 0.053125
v 0.500000 2.437500 0.056250
v 0.500000 2.437500 0.059375
v 0.500000 2.437500 0.062500
v 0.500000 2.437500 0.065625
v 0.500000 2.437500 0.068750
v 0.500000 2.437500 0.071875
v 0.500000 2.437500 0.075000
v 0.500000 2.437500 0.078125
v 0.500000 2.437500 0.081250
v 0.500000 2.437500 0.084375
v 0.500000 2.437500 0.087500
v 0.500000 2.437500 0.090625
v 0.500000 2.437500 0.093750
v 0.500000 2.437500 0.096875
v 0.500000 2.250000 0.003125
v 0.500000 2.250000 0.006250
v 0.500000 2.250000 0.009375
v 0.500000 2.250000 0.012500
v 0.500000 2.250000 0.015625
v 0.500000 2.250000 0.018750
v 0.500000 2.250000 0.021875
v 0.500000 2.250000 0.025000
v 0.500000 2.250000 0.028125
v 0.500000 2.250000 0.031250
v 0.500000 2.250000 0.034375
v 0.500000 2.250000 0.037500
v 0.500000 2.250000 0.040625
v 0.500000 2.250000 0.043750
v 0.500000 2.250000 0.046875
v 0.500000 2.250000 0.050000
v 0.500000 2.250000 0.053125
v 0.500000 2.250000 0.056250
v 0.500000 2.250000 0.059375
v 0.500000 2.250000 0.062500
v 0.500000 2.250000 0.065625
v 0.500000 2.250000 0.068750
v 0.500000 2.250000 0.071875
v 0.500000 2.250000 0.075000
v 0.500000 2.250000 0.078125
v 0.500000 2.250000 0.081250
v 0.500000 2.250000 0.084375
v 0.500000 2.250000 0.087500
v 0.500000 2.250000 0.090625
v 0.500000 2.250000 0.093750
v 0.500000 2.250000 0.096875
v 0.500000 2.062500 0.003125
v 0.500000 2.062500 0.006250
v 0.500000 2.062500 0.009375
v 0.500000 2.062500 0.012500
v 0.500000 2.062500 0.015625
v 0.500000 2.062500 0.018750
v 0.500000 2.062500 0.021875
v 0.500000 2.062500 0.025000
v 0.500000 2.062500 0.028125
v 0.500000 2.062500 0.031250
v 0.500000 2.062500 0.034375
v 0.500000 2.062500 0.037500
v 0.500000 2.062500 0.040625
v 0.500000 2.062500 0.043750
v 0.500000 2.062500 0.046875
v 0.500000 2.062500 0.050000
v 0.500000 2.062500 0.053125
v 0.500000 2.062500 0.056250
v 0.500000 2.062500 0.059375
v 0.500000 2.062500 0.062500
v 0.500000 2.062500 0.065625
v 0.500000 2.062500 0.068750
v 0.500000 2.062500 0.071875
v 0.500000 2.062500 0.075000
v 0.500000 2.062500 0.078125
v 0.500000 2.062500 0.081250
v 0.500000 2.062500 0.084375
v 0.500000 2.062500 0.087500
v 0.500000 2.062500 0.090625
v 0.500000 2.062500 0.093750
v 0.500000 2.062500 0.096875
v 0.500000 1.875000 0.003125
v 0.500000 1.875000 0.006250
v 0.500000 1.875000 0.009375
v 0.500000 1.875000 0.012500
v 0.500000 1.875000 0.015625
v 0.500000 1.875000 0.018750
v 0.500000 1.875000 0.021875
v 0.500000 1.875000 0.025000
v 0.500000 1.875000 0.028125
v 0.500000 1.875000 0.031250
v 0.500000 1.875000 0.034375
v 0.500000 1.875000 0.037500
v 0.500000 1.875000 0.040625
v 0.500000 1.875000 0.043750
v 0.500000 1.875000 0.046875
v 0.500000 1.875000 0.050000
v 0.500000 1.875000 0.053125
v 0.500000 1.875000 0.056250
v 0.500000 1.875000 0.059375
v 0.500000 1.875000 0.062500
v 0.500000 1.875000 0.065625
v 0.500000 1.875000 0.068750
v 0.500000 1.875000 0.071875
v 0.500000 1.875000 0.075000
v 0.500000 1.875000 0.078125
v 0.500000 1.875000 0.081250
v 0.500000 1.875000 0.084375
v 0.500000 1.875000 0.087500
v 0.500000 1.875000 0.090625
v 0.500000 1.875000 0.093750
v 0.500000 1.875000 0.096875
v 0.500000 1.687500 0.003125
v 0.500000 1.687500 0.006250
v 0.500000 1.687500 0.009375
v 0.500000 1.687500 0.012500
v 0.500000 1.687500 0.015625
v 0.500000 1.687500 0.018750
v 0.500000 1.687500 0.021875
v 0.500000 1.687500 0.025000
v 0.500000 1.687500 0.028125
v 0.500000 1.687500 0.031250
v 0.500000 1.687500 0.034375
v 0.500000 1.687500 0.037500
v 0.500000 1.687500 0.040625
v 0.500000 1.687500 0.043750
v 0.500000 1.687500 0.046875
v 0.500000 1.687500 0.050000
v 0.500000 1.687500 0.053125
v 0.500000 1.687500 0.056250
v 0.500000 1.687500 0.059375
v 0.500000 1.687500 0.062500
v 0.500000 1.687500 0.065625
v 0.500000 1.687500 0.068750
v 0.500000 1.687500 0.071875
v 0.500000 1.687500 0.075000
v 0.500000 1.687500 0.078125
v 0.500000 1.687500 0.081250
v 0.500000 1.687500 0.084375
v 0.500000 1.687500 0.087500
v 0.500000 1.687500 0.090625
v 0.500000 1.687500 0.093750
v 0.500000 1.687500 0.096875
v 0.500000 1.500000 0.003125
v 0.500000 1.500000 0.006250
v 0.500000 1.500000 0.009375
v 0.500000 1.500000 0.012500
v 0.500000 1.500000 0.015625
v 0.500000 1.500000 0.018750
v 0.500000 1.500000 0.021875
v 0.500000 1.500000 0.025000
v 0.500000 1.500000 0.028125
v 0.500000 1.500000 0.031250
v 0.500000 1.500000 0.034375
v 0.500000 1.500000 0.037500
v 0.500000 1.500000 0.040625
v 0.500000 1.500000 0.043750
v 0.500000 1.500000 0.046875
v 0.500000 1.500000 0.050000
v 0.500000 1.500000 0.053125
v 0.500000 1.500000 0.056250
v 0.500000 1.500000 0.059375
v 0.500000 1.500000 0.062500
v 0.500000 1.500000 0.065625
v 0.500000 1.500000 0.068750
v 0.500000 1.500000 0.071875
v 0.500000 1.500000 0.075000
v 0.500000 1.500000 0.078125
v 0.500000 1.500000 0.081250
v 0.500000 1.500000 0.084375
v 0.500000 1.500000 0.087500
v 0.500000 1.500000 0.090625
v 0.500000 1.500000 0.093750
v 0.500000 1.500000 0.096875
v 0.500000 1.312500 0.003125
v 0.500000 1.312500 0.006250
v 0.500000 1.312500 0.009375
v 0.500000 1.312500 0.012500
v 0.500000 1.312500 0.015625
v 0.500000 1.312500 0.018750
v 0.500000 1.312500 0.021875
v 0.500000 1.312500 0.025000
v 0.500000 1.312500 0.028125
v 0.500000 1.312500 0.031250
v 0.500000 1.312500 0.034375
v 0.500000 1.312500 0.037500
v 0.500000 1.312500 0.040625
v 0.500000 1.312500 0.043750
v 0.500000 1.312500 0.046875
v 0.500000 1.312500 0.050000
v 0.500000 1.312500 0.053125
v 0.500000 1.312500 0.056250
v 0.500000 1.312500 0.059375
v 0.500000 1.312500 0.062500
v 0.500000 1.312500 0.065625
v 0.500000 1.312500 0.068750
v 0.500000 1.312500 0.071875
v 0.500000 1.312500 0.075000
v 0.500000 1.312500 0.078125
v 0.500000 1.312500 0.081250
v 0.500000 1.312500 0.084375
v 0.500000 1.312500 0.087500
v 0.500000 1.312500 0.090625
v 0.500000 1.312500 0.093750
v 0.500000 1.312500 0.096875
v 0.500000 1.125000 0.003125
v 0.500000 1.125000 0.006250
v 0.500000 1.125000 0.009375
v 0.500000 1.125000 0.012500
v 0.500000 1.125000 0.015625
v 0.500000 1.125000 0.018750
v 0.500000 1.125000 0.021875
v 0.500000 1.125000 0.025000
v 0.500000 1.125000 0.028125
v 0.500000 1.125000 0.031250
v 0.500000 1.125000 0.034375
v 0.500000 1.125000 0.037500
v 0.500000 1.125000 0.040625
v 0.500000 1.125000 0.043750
v 0.500000 1.125000 0.046875
v 0.500000 1.125000 0.050000
v 0.500000 1.125000 0.053125
v 0.500000 1.125000 0.056250
v 0.500000 1.125000 0.059375
v 0.500000 1.125000 0.062500
v 0.500000 1.125000 0.065625
v 0.500000 1.125000 0.068750
v 0.500000 1.125000 0.071875
v 0.500000 1.125000 0.075000
v 0.500000 1.125000 0.078125
v 0.500000 1.125000 0.081250
v 0.500000 1.125000 0.084375
v 0.500000 1.125000 0.087500
v 0.500000 1.125000 0.090625
v 0.500000 1.125000 0.093750
v 0.500000 1.125000 0.096875
v 0.500000 0.937500 0.003125
v 0.500000 0.937500 0.006250
v 0.500000 0.937500 0.009375
v 0.500000 0.937500 0.012500
v 0.500000 0.937500 0.015625
v 0.500000 0.937500 0.018750
v 0.500000 0.937500 0.021875
v 0.500000 0.937500 0.025000
v 0.500000 0.937500 0.028125
v 0.500000 0.937500 0.031250
v 0.500000 0.937500 0.034375
v 0.500000 0.937500 0.037500
v 0.500000 0.937500 0.040625
v 0.500000 0.937500 0.043750
v 0.500000 0.937500 0.046875
v 0.500000 0.937500 0.050000
v 0.500000 0.937500 0.053125
v 0.500000 0.937500 0.056250
v 0.500000 0.937500 0.059375
v 0.500000 0.937500 0.062500
v 0.500000 0.937500 0.065625
v 0.500000 0.937500 0.068750
v 0.500000 0.937500 0.071875
v 0.500000 0.937500 0.075000
v 0.500000 0.937500 0.078125
v 0.500000 0.937500 0.081250
v 0.500000 0.937500 0.084375
v 0.500000 0.937500 0.087500
v 0.500000 0.937500 0.090625
v 0.500000 0.937500 0.093750
v 0.500000 0.937500 0.096875
v 0.500000 0.750000 0.003125
v 0.500000 0.750000 0.006250
v 0.500000 0.750000 0.009375
v 0.500000 0.750000 0.012500
v 0.500000 0.750000 0.015625
v 0.500000 0.750000 0.018750
v 0.500000 0.750000 0.021875
v 0.500000 0.750000 0.025000
v 0.500000 0.750000 0.028125
v 0.500000 0.750000 0.031250
v 0.500000 0.750000 0.034375
v 0.500000 0.750000 0.037500
v 0.500000 0.750000 0.040625
v 0.500000 0.750000 0.043750
v 0.500000 0.750000 0.046875
v 0.500000 0.750000 0.050000
v 0.500000 0.750000 0.053125
v 0.500000 0.750000 0.056250
v 0.500000 0.750000 0.059375
v 0.500000 0.750000 0.062500
v 0.500000 0.750000 0.065625
v 0.500000 0.750000 0.068750
v 0.500000 0.750000 0.071875
v 0.500000 0.750000 0.075000
v 0.500000 0.750000 0.078125
v 0.500000 0.750000 0.081250
v 0.500000 0.750000 0.084375
v 0.500000 0.750000 0.087500
v 0.500000 0.750000 0.090625
v 0.500000 0.750000 0.093750
v 0.500000 0.750000 0.096875
v 0.500000 0.562500 0.003125
v 0.500000 0.562500 0.006250
v 0.500000 0.562500 0.009375
v 0.500000 0.562500 0.012500
v 0.500000 0.562500 0.015625
v 0.500000 0.562500 0.018750
v 0.500000 0.562500 0.021875
v 0.500000 0.562500 0.025000
v 0.500000 0.562500 0.028125
v 0.500000 0.562500 0.031250
v 0.500000 0.562500 0.034375
v 0.500000 0.562500 0.037500
v 0.500000 0.562500 0.040625
v 0.500000 0.562500 0.043750
v 0.500000 0.562500 0.046875
v 0.500000 0.562500 0.050000
v 0.500000 0.562500 0.053125
v 0.500000 0.562500 0.056250
v 0.500000 0.562500 0.059375
v 0.500000 0.562500 0.062500
v 0.500000 0.562500 0.065625
v 0.500000 0.562500 0.068750
v 0.500000 0.562500 0.071875
v 0.500000 0.562500 0.075000
v 0.500000 0.562500 0.078125
v 0.500000 0.562500 0.081250
v 0.500000 0.562500 0.084375
v 0.500000 0.562500 0.087500
v 0.500000 0.562500 0.090625
v 0.500000 0.562500 0.093750
v 0.500000 0.562500 0.096875
v 0.500000 0.375000 0.003125
v 0.500000 0.375000 0.006250
v 0.500000 0.375000 0.009375
v 0.500000 0.375000 0.012500
v 0.500000 0.375000 0.015625
v 0.500000 0.375000 0.018750
v 0.500000 0.375000 0.021875
v 0.500000 0.375000 0.025000
v 0.500000 0.375000 0.028125
v 0.500000 0.375000 0.031250
v 0.500000 0.375000 0.034375
v 0.500000 0.375000 0.037500
v 0.500000 0.375000 0.040625
v 0.500000 0.375000 0.043750
v 0.500000 0.375000 0.046875
v 0.500000 0.375000 0.050000
v 0.500000 0.375000 0.053125
v 0.500000 0.375000 0.056250
v 0.500000 0.375000 0.059375
v 0.500000 0.375000 0.062500
v 0.500000 0.375000 0.065625
v 0.500000 0.375000 0.068750
v 0.500000 0.375000 0.071875
v 0.500000 0.375000 0.075000
v 0.500000 0.375000 0.078125
v 0.500000 0.375000 0.081250
v 0.500000 0.375000 0.084375
v 0.500000 0.375000 0.087500
v 0.500000 0.375000 0.090625
v 0.500000 0.375000 0.093750
v 0.500000 0.375000 0.096875
v 0.500000 0.187500 0.003125
v 0.500000 0.187500 0.006250
v 0.500000 0.187500 0.009375
v 0.500000 0.187500 0.012500
v 0.500000 0.187500 0.015625
v 0.500000 0.187500 0.018750
v 0.500000 0.187500 0.021875
v 0.500000 0.187500 0.025000
v 0.500000 0.187500 0.028125
v 0.500000 0.187500 0.031250
v 0.500000 0.187500 0.034375
v 0.500000 0.187500 0.037500
v 0.500000 0.187500 0.040625
v 0.500000 0.187500 0.043750
v 0.500000 0.187500 0.046875
v 0.500000 0.187500 0.050000
v 0.500000 0.187500 0.053125
v 0.500000 0.187500 0.056250
v 0.500000 0.187500 0.059375
v 0.500000 0.187500 0.062500
v 0.500000 0.187500 0.065625
v 0.500000 0.187500 0.068750
v 0.500000 0.187500 0.071875
v 0.500000 0.187500 0.075000
v 0.500000 0.187500 0.078125
v 0.500000 0.187500 0.081250
v 0.500000 0.187500 0.084375
v 0.500000 0.187500 0.087500
v 0.500000 0.187500 0.090625
v 0.500000 0.187500 0.093750
v 0.500000 0.187500 0.096875
v 0.500000 0.000000 0.003125
v 0.500000 -0.000000 0.006250
v 0.500000 -0.000000 0.009375
v 0.500000 0.000000 0.012500
v 0.500000 0.000000 0.015625
v 0.500000 -0.000000 0.018750
v 0.500000 0.000000 0.021875
v 0.500000 0.000000 0.025000
v 0.500000 -0.000000 0.028125
v 0.500000 0.000000 0.031250
v 0.500000 0.000000 0.034375
v 0.500000 0.000000 0.037500
v 0.500000 0.000000 0.040625
v 0.500000 0.000000 0.043750
v 0.500000 -0.000000 0.046875
v 0.500000 0.000000 0.050000
v 0.500000 0.000000 0.053125
v 0.500000 0.000000 0.056250
v 0.500000 0.000000 0.059375
v 0.500000 0.000000 0.062500
v 0.500000 0.000000 0.065625
v 0.500000 0.000000 0.068750
v 0.500000 0.000000 0.071875
v 0.500000 0.000000 0.075000
v 0.500000 0.000000 0.078125
v 0.500000 0.000000 0.081250
v 0.500000 0.000000 0.084375
v 0.500000 0.000000 0.087500
v 0.500000 0.000000 0.090625
v 0.500000 0.000000 0.093750
v 0.500000 0.000000 0.096875
v 0.500000 -0.187500 0.003125
v 0.500000 -0.187500 0.006250
v 0.500000 -0.187500 0.009375
v 0.500000 -0.187500 0.012500
v 0.500000 -0.187500 0.015625
v 0.500000 -0.187500 0.018750
v 0.500000 -0.187500 0.021875
v 0.500000 -0.187500 0.025000
v 0.500000 -0.187500 0.028125
v 0.500000 -0.187500 0.031250
v 0.500000 -0.187500 0.034375
v 0.500000 -0.187500 0.037500
v 0.500000 -0.187500 0.040625
v 0.500000 -0.187500 0.043750
v 0.500000 -0.187500 0.046875
v 0.500000 -0.187500 0.050000
v 0.500000 -0.187500 0.053125
v 0.500000 -0.187500 0.056250
v 0.500000 -0.187500 0.059375
v 0.500000 -0.187500 0.062500
v 0.500000 -0.187500 0.065625
v 0.500000 -0.187500 0.068750
v 0.500000 -0.187500 0.071875
v 0.500000 -0.187500 0.075000
v 0.500000 -0.187500 0.078125
v 0.500000 -0.187500 0.081250
v 0.500000 -0.187500 0.084375
v 0.500000 -0.187500 0.087500
v 0.500000 -0.187500 0.090625
v 0.500000 -0.187500 0.093750
v 0.500000 -0.187500 0.096875
v 0.500000 -0.375000 0.003125
v 0.500000 -0.375000 0.006250
v 0.500000 -0.375000 0.009375
v 0.500000 -0.375000 0.012500
v 0.500000 -0.375000 0.015625
v 0.500000 -0.375000 0.018750
v 0.500000 -0.375000 0.021875
v 0.500000 -0.375000 0.025000
v 0.500000 -0.375000 0.028125
v 0.500000 -0.375000 0.031250
v 0.500000 -0.375000 0.034375
v 0.500000 -0.375000 0.037500
v 0.500000 -0.375000 0.040625
v 0.500000 -0.375000 0.043750
v 0.500000 -0.375000 0.046875
v 0.500000 -0.375000 0.050000
v 0.500000 -0.375000 0.053125
v 0.500000 -0.375000 0.056250
v 0.500000 -0.375000 0.059375
v 0.500000 -0.375000 0.062500
v 0.500000 -0.375000 0.065625
v 0.500000 -0.375000 0.068750
v 0.500000 -0.375000 0.071875
v 0.500000 -0.375000 0.075000
v 0.500000 -0.375000 0.078125
v 0.500000 -0.375000 0.081250
v 0.500000 -0.375000 0.084375
v 0.500000 -0.375000 0.087500
v 0.500000 -0.375000 0.090625
v 0.500000 -0.375000 0.093750
v 0.500000 -0.375000 0.096875
v 0.500000 -0.562500 0.003125
v 0.500000 -0.562500 0.006250
v 0.500000 -0.562500 0.009375
v 0.500000 -0.562500 0.012500
v 0.500000 -0.562500 0.015625
v 0.500000 -0.562500 0.018750
v 0.500000 -0.562500 0.021875
v 0.500000 -0.562500 0.025000
v 0.500000 -0.562500 0.028125
v 0.500000 -0.562500 0.031250
v 0.500000 -0.562500 0.034375
v 0.500000 -0.562500 0.037500
v 0.500000 -0.562500 0.040625
v 0.500000 -0.562500 0.043750
v 0.500000 -0.562500 0.046875
v 0.500000 -0.562500 0.050000
v 0.500000 -0.562500 0.053125
v 0.500000 -0.562500 0.056250
v 0.500000 -0.562500 0.059375
v 0.500000 -0.562500 0.062500
v 0.500000 -0.562500 0.065625
v 0.500000 -0.562500 0.068750
v 0.500000 -0.562500 0.071875
v 0.500000 -0.562500 0.075000
v 0.500000 -0.562500 0.078125
v 0.500000 -0.562500 0.081250
v 0.500000 -0.562500 0.084375
v 0.500000 -0.562500 0.087500
v 0.500000 -0.562500 0.090625
v 0.500000 -0.562500 0.093750
v 0.500000 -0.562500 0.096875
v 0.500000 -0.750000 0.003125
v 0.500000 -0.750000 0.006250
v 0.500000 -0.750000 0.009375
v 0.500000 -0.750000 0.012500
v 0.500000 -0.750000 0.015625
v 0.500000 -0.750000 0.018750
v 0.500000 -0.750000 0.021875
v 0.500000 -0.750000 0.025000
v 0.500000 -0.750000 0.028125
v 0.500000 -0.750000 0.031250
v 0.500000 -0.750000 0.034375
v 0.500000 -0.750000 0.037500
v 0.500000 -0.750000 0.040625
v 0.500000 -0.750000 0.043750
v 0.500000 -0.750000 0.046875
v 0.500000 -0.750000 0.050000
v 0.500000 -0.750000 0.053125
v 0.500000 -0.750000 0.056250
v 0.500000 -0.750000 0.059375
v 0.500000 -0.750000 0.062500
v 0.500000 -0.750000 0.065625
v 0.500000 -0.750000 0.068750
v 0.500000 -0.750000 0.071875
v 0.500000 -0.750000 0.075000
v 0.500000 -0.750000 0.078125
v 0.500000 -0.750000 0.081250
v 0.500000 -0.750000 0.084375
v 0.500000 -0.750000 0.087500
v 0.500000 -0.750000 0.090625
v 0.500000 -0.750000 0.093750
v 0.500000 -0.750000 0.096875
v 0.500000 -0.937500 0.003125
v 0.500000 -0.937500 0.006250
v 0.500000 -0.937500 0.009375
v 0.500000 -0.937500 0.012500
v 0.500000 -0.937500 0.015625
v 0.500000 -0.937500 0.018750
v 0.500000 -0.937500 0.021875
v 0.500000 -0.937500 0.025000
v 0.500000 -0.937500 0.028125
v 0.500000 -0.937500 0.031250
v 0.500000 -0.937500 0.034375
v 0.500000 -0.937500 0.037500
v 0.500000 -0.937500 0.040625
v 0.500000 -0.937500 0.043750
v 0.500000 -0.937500 0.046875
v 0.500000 -0.937500 0.050000
v 0.500000 -0.937500 0.053125
v 0.500000 -0.937500 0.056250
v 0.500000 -0.937500 0.059375
v 0.500000 -0.937500 0.062500
v 0.500000 -0.937500 0.065625
v 0.500000 -0.937500 0.068750
v 0.500000 -0.937500 0.071875
v 0.500000 -0.937500 0.075000
v 0.500000 -0.937500 0.078125
v 0.500000 -0.937500 0.081250
v 0.500000 -0.937500 0.084375
v 0.500000 -0.937500 0.087500
v 0.500000 -0.937500 0.090625
v 0.500000 -0.937500 0.093750
v 0.500000 -0.937500 0.096875
v 0.500000 -1.125000 0.003125
v 0.500000 -1.125000 0.006250
v 0.500000 -1.125000 0.009375
v 0.500000 -1.125000 0.012500
v 0.500000 -1.125000 0.015625
v 0.500000 -1.125000 0.018750
v 0.500000 -1.125000 0.021875
v 0.500000 -1.125000 0.025000
v 0.500000 -1.125000 0.028125
v 0.500000 -1.125000 0.031250
v 0.500000 -1.125000 0.034375
v 0.500000 -1.125000 0.037500
v 0.500000 -1.125000 0.040625
v 0.500000 -1.125000 0.043750
v 0.500000 -1.125000 0.046875
v 0.500000 -1.125000 0.050000
v 0.500000 -1.125000 0.053125
v 0.500000 -1.125000 0.056250
v 0.500000 -1.125000 0.059375
v 0.500000 -1.125000 0.062500
v 0.500000 -1.125000 0.065625
v 0.500000 -1.125000 0.068750
v 0.500000 -1.125000 0.071875
v 0.500000 -1.125000 0.075000
v 0.500000 -1.125000 0.078125
v 0.500000 -1.125000 0.081250
v 0.500000 -1.125000 0.084375
v 0.500000 -1.125000 0.087500
v 0.500000 -1.125000 0.090625
v 0.500000 -1.125000 0.093750
v 0.500000 -1.125000 0.096875
v 0.500000 -1.312500 0.003125
v 0.500000 -1.312500 0.006250
v 0.500000 -1.312500 0.009375
v 0.500000 -1.312500 0.012500
v 0.500000 -1.312500 0.015625
v 0.500000 -1.312500 0.018750
v 0.500000 -1.312500 0.021875
v 0.500000 -1.312500 0.025000
v 0.500000 -1.312500 0.028125
v 0.500000 -1.312500 0.031250
v 0.500000 -1.312500 0.034375
v 0.500000 -1.312500 0.037500
v 0.500000 -1.312500 0.040625
v 0.500000 -1.312500 0.043750
v 0.500000 -1.312500 0.046875
v 0.500000 -1.312500 0.050000
v 0.500000 -1.312500 0.053125
v 0.500000 -1.312500 0.056250
v 0.500000 -1.312500 0.059375
v 0.500000 -1.312500 0.062500
v 0.500000 -1.312500 0.065625
v 0.500000 -1.312500 0.068750
v 0.500000 -1.312500 0.071875
v 0.500000 -1.312500 0.075000
v 0.500000 -1.312500 0.078125
v 0.500000 -1.312500 0.081250
v 0.500000 -1.312500 0.084375
v 0.500000 -1.312500 0.087500
v 0.500000 -1.312500 0.090625
v 0.500000 -1.312500 0.093750
v 0.500000 -1.312500 0.096875
v 0.500000 -1.500000 0.003125
v 0.500000 -1.500000 0.006250
v 0.500000 -1.500000 0.009375
v 0.500000 -1.500000 0.012500
v 0.500000 -1.500000 0.015625
v 0.500000 -1.500000 0.018750
v 0.500000 -1.500000 0.021875
v 0.500000 -1.500000 0.025000
v 0.500000 -1.500000 0.028125
v 0.500000 -1.500000 0.031250
v 0.500000 -1.500000 0.034375
v 0.500000 -1.500000 0.037500
v 0.500000 -1.500000 0.040625
v 0.500000 -1.500000 0.043750
v 0.500000 -1.500000 0.046875
v 0.500000 -1.500000 0.050000
v 0.500000 -1.500000 0.053125
v 0.500000 -1.500000 0.056250
v 0.500000 -1.500000 0.059375
v 0.500000 -1.500000 0.062500
v 0.500000 -1.500000 0.065625
v 0.500000 -1.500000 0.068750
v 0.500000 -1.500000 0.071875
v 0.500000 -1.500000 0.075000
v 0.500000 -1.500000 0.078125
v 0.500000 -1.500000 0.081250
v 0.500000 -1.500000 0.084375
v 0.500000 -1.500000 0.087500
v 0.500000 -1.500000 0.090625
v 0.500000 -1.500000 0.093750
v 0.500000 -1.500000 0.096875
v 0.500000 -1.687500 0.003125
v 0.500000 -1.687500 0.006250
v 0.500000 -1.687500 0.009375
v 0.500000 -1.687500 0.012500
v 0.500000 -1.687500 0.015625
v 0.500000 -1.687500 0.018750
v 0.500000 -1.687500 0.021875
v 0.500000 -1.687500 0.025000
v 0.500000 -1.687500 0.028125
v 0.500000 -1.687500 0.031250
v 0.500000 -1.687500 0.034375
v 0.500000 -1.687500 0.037500
v 0.500000 -1.687500 0.040625
v 0.500000 -1.687500 0.043750
v 0.500000 -1.687500 0.046875
v 0.500000 -1.687500 0.050000
v 0.500000 -1.687500 0.053125
v 0.500000 -1.687500 0.056250
v 0.500000 -1.687500 0.059375
v 0.500000 -1.687500 0.062500
v 0.500000 -1.687500 0.065625
v 0.500000 -1.687500 0.068750
v 0.500000 -1.687500 0.071875
v 0.500000 -1.687500 0.075000
v 0.500000 -1.687500 0.078125
v 0.500000 -1.687500 0.081250
v 0.500000 -1.687500 0.084375
v 0.500000 -1.687500 0.087500
v 0.500000 -1.687500 0.090625
v 0.500000 -1.687500 0.093750
v 0.500000 -1.687500 0.096875
v 0.500000 -1.875000 0.003125
v 0.500000 -1.875000 0.006250
v 0.500000 -1.875000 0.009375
v 0.500000 -1.875000 0.012500
v 0.500000 -1.875000 0.015625
v 0.500000 -1.875000 0.018750
v 0.500000 -1.875000 0.021875
v 0.500000 -1.875000 0.025000
v 0.500000 -1.875000 0.028125
v 0.500000 -1.875000 0.031250
v 0.500000 -1.875000 0.034375
v 0.500000 -1.875000 0.037500
v 0.500000 -1.875000 0.040625
v 0.500000 -1.875000 0.043750
v 0.500000 -1.875000 0.046875
v 0.500000 -1.875000 0.050000
v 0.500000 -1.875000 0.053125
v 0.500000 -1.875000 0.056250
v 0.500000 -1.875000 0.059375
v 0.500000 -1.875000 0.062500
v 0.500000 -1.875000 0.065625
v 0.500000 -1.875000 0.068750
v 0.500000 -1.875000 0.071875
v 0.500000 -1.875000 0.075000
v 0.500000 -1.875000 0.078125
v 0.500000 -1.875000 0.081250
v 0.500000 -1.875000 0.084375
v 0.500000 -1.875000 0.087500
v 0.500000 -1.875000 0.090625
v 0.500000 -1.875000 0.093750
v 0.500000 -1.875000 0.096875
v 0.500000 -2.062500 0.003125
v 0.500000 -2.062500 0.006250
v 0.500000 -2.062500 0.009375
v 0.500000 -2.062500 0.012500
v 0.500000 -2.062500 0.015625
v 0.500000 -2.062500 0.018750
v 0.500000 -2.062500 0.021875
v 0.500000 -2.062500 0.025000
v 0.500000 -2.062500 0.028125
v 0.500000 -2.062500 0.031250
v 0.500000 -2.062500 0.034375
v 0.500000 -2.062500 0.037500
v 0.500000 -2.062500 0.040625
v 0.500000 -2.062500 0.043750
v 0.500000 -2.062500 0.046875
v 0.500000 -2.062500 0.050000
v 0.500000 -2.062500 0.053125
v 0.500000 -2.062500 0.056250
v 0.500000 -2.062500 0.059375
v 0.500000 -2.062500 0.062500
v 0.500000 -2.062500 0.065625
v 0.500000 -2.062500 0.068750
v 0.500000 -2.062500 0.071875
v 0.500000 -2.062500 0.075000
v 0.500000 -2.062500 0.078125
v 0.500000 -2.062500 0.081250
v 0.500000 -2.062500 0.084375
v 0.500000 -2.062500 0.087500
v 0.500000 -2.062500 0.090625
v 0.500000 -2.062500 0.093750
v 0.500000 -2.062500 0.096875
v 0.500000 -2.250000 0.003125
v 0.500000 -2.250000 0.006250
v 0.500000 -2.250000 0.009375
v 0.500000 -2.250000 0.012500
v 0.500000 -2.250000 0.015625
v 0.500000 -2.250000 0.018750
v 0.500000 -2.250000 0.021875
v 0.500000 -2.250000 0.025000
v 0.500000 -2.250000 0.028125
v 0.500000 -2.250000 0.031250
v 0.500000 -2.250000 0.034375
v 0.500000 -2.250000 0.037500
v 0.500000 -2.250000 0.040625
v 0.500000 -2.250000 0.043750
v 0.500000 -2.250000 0.046875
v 0.500000 -2.250000 0.050000
v 0.500000 -2.250000 0.053125
v 0.500000 -2.250000 0.056250
v 0.500000 -2.250000 0.059375
v 0.500000 -2.250000 0.062500
v 0.500000 -2.250000 0.065625
v 0.500000 -2.250000 0.068750
v 0.500000 -2.250000 0.071875
v 0.500000 -2.250000 0.075000
v 0.500000 -2.250000 0.078125
v 0.500000 -2.250000 0.081250
v 0.500000 -2.250000 0.084375
v 0.500000 -2.250000 0.087500
v 0.500000 -2.250000 0.090625
v 0.500000 -2.250000 0.093750
v 0.500000 -2.250000 0.096875
v 0.500000 -2.437500 0.003125
v 0.500000 -2.437500 0.006250
v 0.500000 -2.437500 0.009375
v 0.500000 -2.437500 0.012500
v 0.500000 -2.437500 0.015625
v 0.500000 -2.437500 0.018750
v 0.500000 -2.437500 0.021875
v 0.500000 -2.437500 0.025000
v 0.500000 -2.437500 0.028125
v 0.500000 -2.437500 0.031250
v 0.500000 -2.437500 0.034375
v 0.500000 -2.437500 0.037500
v 0.500000 -2.437500 0.040625
v 0.500000 -2.437500 0.043750
v 0.500000 -2.437500 0.046875
v 0.500000 -2.437500 0.050000
v 0.500000 -2.437500 0.053125
v 0.500000 -2.437500 0.056250
v 0.500000 -2.437500 0.059375
v 0.500000 -2.437500 0.062500
v 0.500000 -2.437500 0.065625
v 0.500000 -2.437500 0.068750
v 0.500000 -2.437500 0.071875
v 0.500000 -2.437500 0.075000
v 0.500000 -2.437500 0.078125
v 0.500000 -2.437500 0.081250
v 0.500000 -2.437500 0.084375
v 0.500000 -2.437500 0.087500
v 0.500000 -2.437500 0.090625
v 0.500000 -2.437500 0.093750
v 0.500000 -2.437500 0.096875
v 0.500000 -2.625000 0.003125
v 0.500000 -2.625000 0.006250
v 0.500000 -2.625000 0.009375
v 0.500000 -2.625000 0.012500
v 0.500000 -2.625000 0.015625
v 0.500000 -2.625000 0.018750
v 0.500000 -2.625000 0.021875
v 0.500000 -2.625000 0.025000
v 0.500000 -2.625000 0.028125
v 0.500000 -2.625000 0.031250
v 0.500000 -2.625000 0.034375
v 0.500000 -2.625000 0.037500
v 0.500000 -2.625000 0.040625
v 0.500000 -2.625000 0.043750
v 0.500000 -2.625000 0.046875
v 0.500000 -2.625000 0.050000
v 0.500000 -2.625000 0.053125
v 0.500000 -2.625000 0.056250
v 0.500000 -2.625000 0.059375
v 0.500000 -2.625000 0.062500
v 0.500000 -2.625000 0.065625
v 0.500000 -2.625000 0.068750
v 0.500000 -2.625000 0.071875
v 0.500000 -2.625000 0.075000
v 0.500000 -2.625000 0.078125
v 0.500000 -2.625000 0.081250
v 0.500000 -2.625000 0.084375
v 0.500000 -2.625000 0.087500
v 0.500000 -2.625000 0.090625
v 0.500000 -2.625000 0.093750
v 0.500000 -2.625000 0.096875
v 0.500000 -2.812500 0.003125
v 0.500000 -2.812500 0.006250
v 0.500000 -2.812500 0.009375
v 0.500000 -2.812500 0.012500
v 0.500000 -2.812500 0.015625
v 0.500000 -2.812500 0.018750
v 0.500000 -2.812500 0.021875
v 0.500000 -2.812500 0.025000
v 0.500000 -2.812500 0.028125
v 0.500000 -2.812500 0.031250
v 0.500000 -2.812500 0.034375
v 0.500000 -2.812500 0.037500
v 0.500000 -2.812500 0.040625
v 0.500000 -2.812500 0.043750
v 0.500000 -2.812500 0.046875
v 0.500000 -2.812500 0.050000
v 0.500000 -2.812500 0.053125
v 0.500000 -2.812500 0.056250
v 0.500000 -2.812500 0.059375
v 0.500000 -2.812500 0.062500
v 0.500000 -2.812500 0.065625
v 0.500000 -2.812500 0.068750
v 0.500000 -2.812500 0.071875
v 0.500000 -2.812500 0.075000
v 0.500000 -2.812500 0.078125
v 0.500000 -2.812500 0.081250
v 0.500000 -2.812500 0.084375
v 0.500000 -2.812500 0.087500
v 0.500000 -2.812500 0.090625
v 0.500000 -2.812500 0.093750
v 0.500000 -2.812500 0.096875
v 0.468750 -3.000000 0.003125
v 0.468750 -3.000000 0.006250
v 0.468750 -3.000000 0.009375
v 0.468750 -3.000000 0.012500
v 0.468750 -3.000000 0.015625
v 0.468750 -3.000000 0.018750
v 0.468750 -3.000000 0.021875
v 0.468750 -3.000000 0.025000
v 0.468750 -3.000000 0.028125
v 0.468750 -3.000000 0.031250
v 0.468750 -3.000000 0.034375
v 0.468750 -3.000000 0.037500
v 0.468750 -3.000000 0.040625
v 0.468750 -3.000000 0.043750
v 0.468750 -3.000000 0.046875
v 0.468750 -3.000000 0.050000
v 0.468750 -3.000000 0.053125
v 0.468750 -3.000000 0.056250
v 0.468750 -3.000000 0.059375
v 0.468750 -3.000000 0.062500
v 0.468750 -3.000000 0.065625
v 0.468750 -3.000000 0.068750
v 0.468750 -3.000000 0.071875
v 0.468750 -3.000000 0.075000
v 0.468750 -3.000000 0.078125
v 0.468750 -3.000000 0.081250
v 0.468750 -3.000000 0.084375
v 0.468750 -3.000000 0.087500
v 0.468750 -3.000000 0.090625
v 0.468750 -3.000000 0.093750
v 0.468750 -3.000000 0.096875
v 0.437500 -3.000000 0.003125
v 0.437500 -3.000000 0.006250
v 0.437500 -3.000000 0.009375
v 0.437500 -3.000000 0.012500
v 0.437500 -3.000000 0.015625
v 0.437500 -3.000000 0.018750
v 0.437500 -3.000000 0.021875
v 0.437500 -3.000000 0.025000
v 0.437500 -3.000000 0.028125
v 0.437500 -3.000000 0.031250
v 0.437500 -3.000000 0.034375
v 0.437500 -3.000000 0.037500
v 0.437500 -3.000000 0.040625
v 0.437500 -3.000000 0.043750
v 0.437500 -3.000000 0.046875
v 0.437500 -3.000000 0.050000
v 0.437500 -3.000000 0.053125
v 0.437500 -3.000000 0.056250
v 0.437500 -3.000000 0.059375
v 0.437500 -3.000000 0.062500
v 0.437500 -3.000000 0.065625
v 0.437500 -3.000000 0.068750
v 0.437500 -3.000000 0.071875
v 0.437500 -3.000000 0.075000
v 0.437500 -3.000000 0.078125
v 0.437500 -3.000000 0.081250
v 0.437500 -3.000000 0.084375
v 0.437500 -3.000000 0.087500
v 0.437500 -3.000000 0.090625
v 0.437500 -3.000000 0.093750
v 0.437500 -3.000000 0.096875
v 0.406250 -3.000000 0.003125
v 0.406250 -3.000000 0.006250
v 0.406250 -3.000000 0.009375
v 0.406250 -3.000000 0.012500
v 0.406250 -3.000000 0.015625
v 0.406250 -3.000000 0.018750
v 0.406250 -3.000000 0.021875
v 0.406250 -3.000000 0.025000
v 0.406250 -3.000000 0.028125
v 0.406250 -3.000000 0.031250
v 0.406250 -3.000000 0.034375
v 0.406250 -3.000000 0.037500
v 0.406250 -3.000000 0.040625
v 0.406250 -3.000000 0.043750
v 0.406250 -3.000000 0.046875
v 0.406250 -3.000000 0.050000
v 0.406250 -3.000000 0.053125
v 0.406250 -3.000000 0.056250
v 0.406250 -3.000000 0.059375
v 0.406250 -3.000000 0.062500
v 0.406250 -3.000000 0.065625
v 0.406250 -3.000000 0.068750
v 0.406250 -3.000000 0.071875
v 0.406250 -3.000000 0.075000
v 0.406250 -3.000000 0.078125
v 0.406250 -3.000000 0.081250
v 0.406250 -3.000000 0.084375
v 0.406250 -3.000000 0.087500
v 0.406250 -3.000000 0.090625
v 0.406250 -3.000000 0.093750
v 0.406250 -3.000000 0.096875
v 0.375000 -3.000000 0.003125
v 0.375000 -3.000000 0.006250
v 0.375000 -3.000000 0.009375
v 0.375000 -3.000000 0.012500
v 0.375000 -3.000000 0.015625
v 0.375000 -3.000000 0.018750
v 0.375000 -3.000000 0.021875
v 0.375000 -3.000000 0.025000
v 0.375000 -3.000000 0.028125
v 0.375000 -3.000000 0.031250
v 0.375000 -3.000000 0.034375
v 0.375000 -3.000000 0.037500
v 0.375000 -3.000000 0.040625
v 0.375000 -3.000000 0.043750
v 0.375000 -3.000000 0.046875
v 0.375000 -3.000000 0.050000
v 0.375000 -3.000000 0.053125
v 0.375000 -3.000000 0.056250
v 0.375000 -3.000000 0.059375
v 0.375000 -3.000000 0.062500
v 0.375000 -3.000000 0.065625
v 0.375000 -3.000000 0.068750
v 0.375000 -3.000000 0.071875
v 0.375000 -3.000000 0.075000
v 0.375000 -3.000000 0.078125
v 0.375000 -3.000000 0.081250
v 0.375000 -3.000000 0.084375
v 0.375000 -3.000000 0.087500
v 0.375000 -3.000000 0.090625
v 0.375000 -3.000000 0.093750
v 0.375000 -3.000000 0.096875
v 0.343750 -3.000000 0.003125
v 0.343750 -3.000000 0.006250
v 0.343750 -3.000000 0.009375
v 0.343750 -3.000000 0.012500
v 0.343750 -3.000000 0.015625
v 0.343750 -3.000000 0.018750
v 0.343750 -3.000000 0.021875
v 0.343750 -3.000000 0.025000
v 0.343750 -3.000000 0.028125
v 0.343750 -3.000000 0.031250
v 0.343750 -3.000000 0.034375
v 0.343750 -3.000000 0.037500
v 0.343750 -3.000000 0.040625
v 0.343750 -3.000000 0.043750
v 0.343750 -3.000000 0.046875
v 0.343750 -3.000000 0.050000
v 0.343750 -3.000000 0.053125
v 0.343750 -3.000000 0.056250
v 0.343750 -3.000000 0.059375
v 0.343750 -3.000000 0.062500
v 0.343750 -3.000000 0.065625
v 0.343750 -3.000000 0.068750
v 0.343750 -3.000000 0.071875
v 0.343750 -3.000000 0.075000
v 0.343750 -3.000000 0.078125
v 0.343750 -3.000000 0.081250
v 0.343750 -3.000000 0.084375
v 0.343750 -3.000000 0.087500
v 0.343750 -3.000000 0.090625
v 0.343750 -3.000000 0.093750
v 0.343750 -3.000000 0.096875
v 0.312500 -3.000000 0.003125
v 0.312500 -3.000000 0.006250
v 0.312500 -3.000000 0.009375
v 0.312500 -3.000000 0.012500
v 0.312500 -3.000000 0.015625
v 0.312500 -3.000000 0.018750
v 0.312500 -3.000000 0.021875
v 0.312500 -3.000000 0.025000
v 0.312500 -3.000000 0.028125
v 0.312500 -3.000000 0.031250
v 0.312500 -3.000000 0.034375
v 0.312500 -3.000000 0.037500
v 0.312500 -3.000000 0.040625
v 0.312500 -3.000000 0.043750
v 0.312500 -3.000000 0.046875
v 0.312500 -3.000000 0.050000
v 0.312500 -3.000000 0.053125
v 0.312500 -3.000000 0.056250
v 0.312500 -3.000000 0.059375
v 0.312500 -3.000000 0.062500
v 0.312500 -3.000000 0.065625
v 0.312500 -3.000000 0.068750
v 0.312500 -3.000000 0.071875
v 0.312500 -3.000000 0.075000
v 0.312500 -3.000000 0.078125
v 0.312500 -3.000000 0.081250
v 0.312500 -3.000000 0.084375
v 0.312500 -3.000000 0.087500
v 0.312500 -3.000000 0.090625
v 0.312500 -3.000000 0.093750
v 0.312500 -3.000000 0.096875
v 0.281250 -3.000000 0.003125
v 0.281250 -3.000000 0.006250
v 0.281250 -3.000000 0.009375
v 0.281250 -3.000000 0.012500
v 0.281250 -3.000000 0.015625
v 0.281250 -3.000000 0.018750
v 0.281250 -3.000000 0.021875
v 0.281250 -3.000000 0.025000
v 0.281250 -3.000000 0.028125
v 0.281250 -3.000000 0.031250
v 0.281250 -3.000000 0.034375
v 0.281250 -3.000000 0.037500
v 0.281250 -3.000000 0.040625
v 0.281250 -3.000000 0.043750
v 0.281250 -3.000000 0.046875
v 0.281250 -3.000000 0.050000
v 0.281250 -3.000000 0.053125
v 0.281250 -3.000000 0.056250
v 0.281250 -3.000000 0.059375
v 0.281250 -3.000000 0.062500
v 0.281250 -3.000000 0.065625
v 0.281250 -3.000000 0.068750
v 0.281250 -3.000000 0.071875
v 0.281250 -3.000000 0.075000
v 0.281250 -3.000000 0.078125
v 0.281250 -3.000000 0.081250
v 0.281250 -3.000000 0.084375
v 0.281250 -3.000000 0.087500
v 0.281250 -3.000000 0.090625
v 0.281250 -3.000000 0.093750
v 0.281250 -3.000000 0.096875
v 0.250000 -3.000000 0.003125
v 0.250000 -3.000000 0.006250
v 0.250000 -3.000000 0.009375
v 0.250000 -3.000000 0.012500
v 0.250000 -3.000000 0.015625
v 0.250000 -3.000000 0.018750
v 0.250000 -3.000000 0.021875
v 0.250000 -3.000000 0.025000
v 0.250000 -3.000000 0.028125
v 0.250000 -3.000000 0.031250
v 0.250000 -3.000000 0.034375
v 0.250000 -3.000000 0.037500
v 0.250000 -3.000000 0.040625
v 0.250000 -3.000000 0.043750
v 0.250000 -3.000000 0.046875
v 0.250000 -3.000000 0.050000
v 0.250000 -3.000000 0.053125
v 0.250000 -3.000000 0.056250
v 0.250000 -3.000000 0.059375
v 0.250000 -3.000000 0.062500
v 0.250000 -3.000000 0.065625
v 0.250000 -3.000000 0.068750
v 0.250000 -3.000000 0.071875
v 0.250000 -3.000000 0.075000
v 0.250000 -3.000000 0.078125
v 0.250000 -3.000000 0.081250
v 0.250000 -3.000000 0.084375
v 0.250000 -3.000000 0.087500
v 0.250000 -3.000000 0.090625
v 0.250000 -3.000000 0.093750
v 0.250000 -3.000000 0.096875
v 0.218750 -3.000000 0.003125
v 0.218750 -3.000000 0.006250
v 0.218750 -3.000000 0.009375
v 0.218750 -3.000000 0.012500
v 0.218750 -3.000000 0.015625
v 0.218750 -3.000000 0.018750
v 0.218750 -3.000000 0.021875
v 0.218750 -3.000000 0.025000
v 0.218750 -3.000000 0.028125
v 0.218750 -3.000000 0.031250
v 0.218750 -3.000000 0.034375
v 0.218750 -3.000000 0.037500
v 0.218750 -3.000000 0.040625
v 0.218750 -3.000000 0.043750
v 0.218750 -3.000000 0.046875
v 0.218750 -3.000000 0.050000
v 0.218750 -3.000000 0.053125
v 0.218750 -3.000000 0.056250
v 0.218750 -3.000000 0.059375
v 0.218750 -3.000000 0.062500
v 0.218750 -3.000000 0.065625
v 0.218750 -3.000000 0.068750
v 0.218750 -3.000000 0.071875
v 0.218750 -3.000000 0.075000
v 0.218750 -3.000000 0.078125
v 0.218750 -3.000000 0.081250
v 0.218750 -3.000000 0.084375
v 0.218750 -3.000000 0.087500
v 0.218750 -3.000000 0.090625
v 0.218750 -3.000000 0.093750
v 0.218750 -3.000000 0.096875
v 0.187500 -3.000000 0.003125
v 0.187500 -3.000000 0.006250
v 0.187500 -3.000000 0.009375
v 0.187500 -3.000000 0.012500
v 0.187500 -3.000000 0.015625
v 0.187500 -3.000000 0.018750
v 0.187500 -3.000000 0.021875
v 0.187500 -3.000000 0.025000
v 0.187500 -3.000000 0.028125
v 0.187500 -3.000000 0.031250
v 0.187500 -3.000000 0.034375
v 0.187500 -3.000000 0.037500
v 0.187500 -3.000000 0.040625
v 0.187500 -3.000000 0.043750
v 0.187500 -3.000000 0.046875
v 0.187500 -3.000000 0.050000
v 0.187500 -3.000000 0.053125
v 0.187500 -3.000000 0.056250
v 0.187500 -3.000000 0.059375
v 0.187500 -3.000000 0.062500
v 0.187500 -3.000000 0.065625
v 0.187500 -3.000000 0.068750
v 0.187500 -3.000000 0.071875
v 0.187500 -3.000000 0.075000
v 0.187500 -3.000000 0.078125
v 0.187500 -3.000000 0.081250
v 0.187500 -3.000000 0.084375
v 0.187500 -3.000000 0.087500
v 0.187500 -3.000000 0.090625
v 0.187500 -3.000000 0.093750
v 0.187500 -3.000000 0.096875
v 0.156250 -3.000000 0.003125
v 0.156250 -3.000000 0.006250
v 0.156250 -3.000000 0.009375
v 0.156250 -3.000000 0.012500
v 0.156250 -3.000000 0.015625
v 0.156250 -3.000000 0.018750
v 0.156250 -3.000000 0.021875
v 0.156250 -3.000000 0.025000
v 0.156250 -3.000000 0.028125
v 0.156250 -3.000000 0.031250
v 0.156250 -3.000000 0.034375
v 0.156250 -3.000000 0.037500
v 0.156250 -3.000000 0.040625
v 0.156250 -3.000000 0.043750
v 0.156250 -3.000000 0.046875
v 0.156250 -3.000000 0.050000
v 0.156250 -3.000000 0.053125
v 0.156250 -3.000000 0.056250
v 0.156250 -3.000000 0.059375
v 0.156250 -3.000000 0.062500
v 0.156250 -3.000000 0.065625
v 0.156250 -3.000000 0.068750
v 0.156250 -3.000000 0.071875
v 0.156250 -3.000000 0.075000
v 0.156250 -3.000000 0.078125
v 0.156250 -3.000000 0.081250
v 0.156250 -3.000000 0.084375
v 0.156250 -3.000000 0.087500
v 0.156250 -3.000000 0.090625
v 0.156250 -3.000000 0.093750
v 0.156250 -3.000000 0.096875
v 0.125000 -3.000000 0.003125
v 0.125000 -3.000000 0.006250
v 0.125000 -3.000000 0.009375
v 0.125000 -3.000000 0.012500
v 0.125000 -3.000000 0.015625
v 0.125000 -3.000000 0.018750
v 0.125000 -3.000000 0.021875
v 0.125000 -3.000000 0.025000
v 0.125000 -3.000000 0.028125
v 0.125000 -3.000000 0.031250
v 0.125000 -3.000000 0.034375
v 0.125000 -3.000000 0.037500
v 0.125000 -3.000000 0.040625
v 0.125000 -3.000000 0.043750
v 0.125000 -3.000000 0.046875
v 0.125000 -3.000000 0.050000
v 0.125000 -3.000000 0.053125
v 0.125000 -3.000000 0.056250
v 0.125000 -3.000000 0.059375
v 0.125000 -3.000000 0.062500
v 0.125000 -3.000000 0.065625
v 0.125000 -3.000000 0.068750
v 0.125000 -3.000000 0.071875
v 0.125000 -3.000000 0.075000
v 0.125000 -3.000000 0.078125
v 0.125000 -3.000000 0.081250
v 0.125000 -3.000000 0.084375
v 0.125000 -3.000000 0.087500
v 0.125000 -3.000000 0.090625
v 0.125000 -3.000000 0.093750
v 0.125000 -3.000000 0.096875
v 0.093750 -3.000000 0.003125
v 0.093750 -3.000000 0.006250
v 0.093750 -3.000000 0.009375
v 0.093750 -3.000000 0.012500
v 0.093750 -3.000000 0.015625
v 0.093750 -3.000000 0.018750
v 0.093750 -3.000000 0.021875
v 0.093750 -3.000000 0.025000
v 0.093750 -3.000000 0.028125
v 0.093750 -3.000000 0.031250
v 0.093750 -3.000000 0.034375
v 0.093750 -3.000000 0.037500
v 0.093750 -3.000000 0.040625
v 0.093750 -3.000000 0.043750
v 0.093750 -3.000000 0.046875
v 0.093750 -3.000000 0.050000
v 0.093750 -3.000000 0.053125
v 0.093750 -3.000000 0.056250
v 0.093750 -3.000000 0.059375
v 0.093750 -3.000000 0.062500
v 0.093750 -3.000000 0.065625
v 0.093750 -3.000000 0.068750
v 0.093750 -3.000000 0.071875
v 0.093750 -3.000000 0.075000
v 0.093750 -3.000000 0.078125
v 0.093750 -3.000000 0.081250
v 0.093750 -3.000000 0.084375
v 0.093750 -3.000000 0.087500
v 0.093750 -3.000000 0.090625
v 0.093750 -3.000000 0.093750
v 0.093750 -3.000000 0.096875
v 0.062500 -3.000000 0.003125
v 0.062500 -3.000000 0.006250
v 0.062500 -3.000000 0.009375
v 0.062500 -3.000000 0.012500
v 0.062500 -3.000000 0.015625
v 0.062500 -3.000000 0.018750
v 0.062500 -3.000000 0.021875
v 0.062500 -3.000000 0.025000
v 0.062500 -3.000000 0.028125
v 0.062500 -3.000000 0.031250
v 0.062500 -3.000000 0.034375
v 0.062500 -3.000000 0.037500
v 0.062500 -3.000000 0.040625
v 0.062500 -3.000000 0.043750
v 0.062500 -3.000000 0.046875
v 0.062500 -3.000000 0.050000
v 0.062500 -3.000000 0.053125
v 0.062500 -3.000000 0.056250
v 0.062500 -3.000000 0.059375
v 0.062500 -3.000000 0.062500
v 0.062500 -3.000000 0.065625
v 0.062500 -3.000000 0.068750
v 0.062500 -3.000000 0.071875
v 0.062500 -3.000000 0.075000
v 0.062500 -3.000000 0.078125
v 0.062500 -3.000000 0.081250
v 0.062500 -3.000000 0.084375
v 0.062500 -3.000000 0.087500
v 0.062500 -3.000000 0.090625
v 0.062500 -3.000000 0.093750
v 0.062500 -3.000000 0.096875
v 0.031250 -3.000000 0.003125
v 0.031250 -3.000000 0.006250
v 0.031250 -3.000000 0.009375
v 0.031250 -3.000000 0.012500
v 0.031250 -3.000000 0.015625
v 0.031250 -3.000000 0.018750
v 0.031250 -3.000000 0.021875
v 0.031250 -3.000000 0.025000
v 0.031250 -3.000000 0.028125
v 0.031250 -3.000000 0.031250
v 0.031250 -3.000000 0.034375
v 0.031250 -3.000000 0.037500
v 0.031250 -3.000000 0.040625
v 0.031250 -3.000000 0.043750
v 0.031250 -3.000000 0.046875
v 0.031250 -3.000000 0.050000
v 0.031250 -3.000000 0.053125
v 0.031250 -3.000000 0.056250
v 0.031250 -3.000000 0.059375
v 0.031250 -3.000000 0.062500
v 0.031250 -3.000000 0.065625
v 0.031250 -3.000000 0.068750
v 0.031250 -3.000000 0.071875
v 0.031250 -3.000000 0.075000
v 0.031250 -3.000000 0.078125
v 0.031250 -3.000000 0.081250
v 0.031250 -3.000000 0.084375
v 0.031250 -3.000000 0.087500
v 0.031250 -3.000000 0.090625
v 0.031250 -3.000000 0.093750
v 0.031250 -3.000000 0.096875
v 0.000000 -3.000000 0.003125
v -0.000000 -3.000000 0.006250
v -0.000000 -3.000000 0.009375
v 0.000000 -3.000000 0.012500
v 0.000000 -3.000000 0.015625
v -0.000000 -3.000000 0.018750
v 0.000000 -3.000000 0.021875
v 0.000000 -3.000000 0.025000
v -0.000000 -3.000000 0.028125
v 0.000000 -3.000000 0.031250
v 0.000000 -3.000000 0.034375
v 0.000000 -3.000000 0.037500
v 0.000000 -3.000000 0.040625
v 0.000000 -3.000000 0.043750
v -0.000000 -3.000000 0.046875
v 0.000000 -3.000000 0.050000
v 0.000000 -3.000000 0.053125
v 0.000000 -3.000000 0.056250
v 0.000000 -3.000000 0.059375
v 0.000000 -3.000000 0.062500
v 0.000000 -3.000000 0.065625
v 0.000000 -3.000000 0.068750
v 0.000000 -3.000000 0.071875
v 0.000000 -3.000000 0.075000
v 0.000000 -3.000000 0.078125
v 0.000000 -3.000000 0.081250
v 0.000000 -3.000000 0.084375
v 0.000000 -3.000000 0.087500
v 0.000000 -3.000000 0.090625
v 0.000000 -3.000000 0.093750
v 0.000000 -3.000000 0.096875
v -0.031250 -3.000000 0.003125
v -0.031250 -3.000000 0.006250
v -0.031250 -3.000000 0.009375
v -0.031250 -3.000000 0.012500
v -0.031250 -3.000000 0.015625
v -0.031250 -3.000000 0.018750
v -0.031250 -3.000000 0.021875
v -0.031250 -3.000000 0.025000
v -0.031250 -3.000000 0.028125
v -0.031250 -3.000000 0.031250
v -0.031250 -3.000000 0.034375
v -0.031250 -3.000000 0.037500
v -0.031250 -3.000000 0.040625
v -0.031250 -3.000000 0.043750
v -0.031250 -3.000000 0.046875
v -0.031250 -3.000000 0.050000
v -0.031250 -3.000000 0.053125
v -0.031250 -3.000000 0.056250
v -0.031250 -3.000000 0.059375
v -0.031250 -3.000000 0.062500
v -0.031250 -3.000000 0.065625
v -0.031250 -3.000000 0.068750
v -0.031250 -3.000000 0.071875
v -0.031250 -3.000000 0.075000
v -0.031250 -3.000000 0.078125
v -0.031250 -3.000000 0.081250
v -0.031250 -3.000000 0.084375
v -0.031250 -3.000000 0.087500
v -0.031250 -3.000000 0.090625
v -0.031250 -3.000000 0.093750
v -0.031250 -3.000000 0.096875
v -0.062500 -3.000000 0.003125
v -0.062500 -3.000000 0.006250
v -0.062500 -3.000000 0.009375
v -0.062500 -3.000000 0.012500
v -0.062500 -3.000000 0.015625
v -0.062500 -3.000000 0.018750
v -0.062500 -3.000000 0.021875
v -0.062500 -3.000000 0.025000
v -0.062500 -3.000000 0.028125
v -0.062500 -3.000000 0.031250
v -0.062500 -3.000000 0.034375
v -0.062500 -3.000000 0.037500
v -0.062500 -3.000000 0.040625
v -0.062500 -3.000000 0.043750
v -0.062500 -3.000000 0.046875
v -0.062500 -3.000000 0.050000
v -0.062500 -3.000000 0.053125
v -0.062500 -3.000000 0.056250
v -0.062500 -3.000000 0.059375
v -0.062500 -3.000000 0.062500
v -0.062500 -3.000000 0.065625
v -0.062500 -3.000000 0.068750
v -0.062500 -3.000000 0.071875
v -0.062500 -3.000000 0.075000
v -0.062500 -3.000000 0.078125
v -0.062500 -3.000000 0.081250
v -0.062500 -3.000000 0.084375
v -0.062500 -3.000000 0.087500
v -0.062500 -3.000000 0.090625
v -0.062500 -3.000000 0.093750
v -0.062500 -3.000000 0.096875
v -0.093750 -3.000000 0.003125
v -0.093750 -3.000000 0.006250
v -0.093750 -3.000000 0.009375
v -0.093750 -3.000000 0.012500
v -0.093750 -3.000000 0.015625
v -0.093750 -3.000000 0.018750
v -0.093750 -3.000000 0.021875
v -0.093750 -3.000000 0.025000
v -0.093750 -3.000000 0.028125
v -0.093750 -3.000000 0.031250
v -0.093750 -3.000000 0.034375
v -0.093750 -3.000000 0.037500
v -0.093750 -3.000000 0.040625
v -0.093750 -3.000000 0.043750
v -0.093750 -3.000000 0.046875
v -0.093750 -3.000000 0.050000
v -0.093750 -3.000000 0.053125
v -0.093750 -3.000000 0.056250
v -0.093750 -3.000000 0.059375
v -0.093750 -3.000000 0.062500
v -0.093750 -3.000000 0.065625
v -0.093750 -3.000000 0.068750
v -0.093750 -3.000000 0.071875
v -0.093750 -3.000000 0.075000
v -0.093750 -3.000000 0.078125
v -0.093750 -3.000000 0.081250
v -0.093750 -3.000000 0.084375
v -0.093750 -3.000000 0.087500
v -0.093750 -3.000000 0.090625
v -0.093750 -3.000000 0.093750
v -0.093750 -3.000000 0.096875
v -0.125000 -3.000000 0.003125
v -0.125000 -3.000000 0.006250
v -0.125000 -3.000000 0.009375
v -0.125000 -3.000000 0.012500
v -0.125000 -3.000000 0.015625
v -0.125000 -3.000000 0.018750
v -0.125000 -3.000000 0.021875
v -0.125000 -3.000000 0.025000
v -0.125000 -3.000000 0.028125
v -0.125000 -3.000000 0.031250
v -0.125000 -3.000000 0.034375
v -0.125000 -3.000000 0.037500
v -0.125000 -3.000000 0.040625
v -0.125000 -3.000000 0.043750
v -0.125000 -3.000000 0.046875
v -0.125000 -3.000000 0.050000
v -0.125000 -3.000000 0.053125
v -0.125000 -3.000000 0.056250
v -0.125000 -3.000000 0.059375
v -0.125000 -3.000000 0.062500
v -0.125000 -3.000000 0.065625
v -0.125000 -3.000000 0.068750
v -0.125000 -3.000000 0.071875
v -0.125000 -3.000000 0.075000
v -0.125000 -3.000000 0.078125
v -0.125000 -3.000000 0.081250
v -0.125000 -3.000000 0.084375
v -0.125000 -3.000000 0.087500
v -0.125000 -3.000000 0.090625
v -0.125000 -3.000000 0.093750
v -0.125000 -3.000000 0.096875
v -0.156250 -3.000000 0.003125
v -0.156250 -3.000000 0.006250
v -0.156250 -3.000000 0.009375
v -0.156250 -3.000000 0.012500
v -0.156250 -3.000000 0.015625
v -0.156250 -3.000000 0.018750
v -0.156250 -3.000000 0.021875
v -0.156250 -3.000000 0.025000
v -0.156250 -3.000000 0.028125
v -0.156250 -3.000000 0.031250
v -0.156250 -3.000000 0.034375
v -0.156250 -3.000000 0.037500
v -0.156250 -3.000000 0.040625
v -0.156250 -3.000000 0.043750
v -0.156250 -3.000000 0.046875
v -0.156250 -3.000000 0.050000
v -0.156250 -3.000000 0.053125
v -0.156250 -3.000000 0.056250
v -0.156250 -3.000000 0.059375
v -0.156250 -3.000000 0.062500
v -0.156250 -3.000000 0.065625
v -0.156250 -3.000000 0.068750
v -0.156250 -3.000000 0.071875
v -0.156250 -3.000000 0.075000
v -0.156250 -3.000000 0.078125
v -0.156250 -3.000000 0.081250
v -0.156250 -3.000000 0.084375
v -0.156250 -3.000000 0.087500
v -0.156250 -3.000000 0.090625
v -0.156250 -3.000000 0.093750
v -0.156250 -3.000000 0.096875
v -0.187500 -3.000000 0.003125
v -0.187500 -3.000000 0.006250
v -0.187500 -3.000000 0.009375
v -0.187500 -3.000000 0.012500
v -0.187500 -3.000000 0.015625
v -0.187500 -3.000000 0.018750
v -0.187500 -3.000000 0.021875
v -0.187500 -3.000000 0.025000
v -0.187500 -3.000000 0.028125
v -0.187500 -3.000000 0.031250
v -0.187500 -3.000000 0.034375
v -0.187500 -3.000000 0.037500
v -0.187500 -3.000000 0.040625
v -0.187500 -3.000000 0.043750
v -0.187500 -3.000000 0.046875
v -0.187500 -3.000000 0.050000
v -0.187500 -3.000000 0.053125
v -0.187500 -3.000000 0.056250
v -0.187500 -3.000000 0.059375
v -0.187500 -3.000000 0.062500
v -0.187500 -3.000000 0.065625
v -0.187500 -3.000000 0.068750
v -0.187500 -3.000000 0.071875
v -0.187500 -3.000000 0.075000
v -0.187500 -3.000000 0.078125
v -0.187500 -3.000000 0.081250
v -0.187500 -3.000000 0.084375
v -0.187500 -3.000000 0.087500
v -0.187500 -3.000000 0.090625
v -0.187500 -3.000000 0.093750
v -0.187500 -3.000000 0.096875
v -0.218750 -3.000000 0.003125
v -0.218750 -3.000000 0.006250
v -0.218750 -3.000000 0.009375
v -0.218750 -3.000000 0.012500
v -0.218750 -3.000000 0.015625
v -0.218750 -3.000000 0.018750
v -0.218750 -3.000000 0.021875
v -0.218750 -3.000000 0.025000
v -0.218750 -3.000000 0.028125
v -0.218750 -3.000000 0.031250
v -0.218750 -3.000000 0.034375
v -0.218750 -3.000000 0.037500
v -0.218750 -3.000000 0.040625
v -0.218750 -3.000000 0.043750
v -0.218750 -3.000000 0.046875
v -0.218750 -3.000000 0.050000
v -0.218750 -3.000000 0.053125
v -0.218750 -3.000000 0.056250
v -0.218750 -3.000000 0.059375
v -0.218750 -3.000000 0.062500
v -0.218750 -3.000000 0.065625
v -0.218750 -3.000000 0.068750
v -0.218750 -3.000000 0.071875
v -0.218750 -3.000000 0.075000
v -0.218750 -3.000000 0.078125
v -0.218750 -3.000000 0.081250
v -0.218750 -3.000000 0.084375
v -0.218750 -3.000000 0.087500
v -0.218750 -3.000000 0.090625
v -0.218750 -3.000000 0.093750
v -0.218750 -3.000000 0.096875
v -0.250000 -3.000000 0.003125
v -0.250000 -3.000000 0.006250
v -0.250000 -3.000000 0.009375
v -0.250000 -3.000000 0.012500
v -0.250000 -3.000000 0.015625
v -0.250000 -3.000000 0.018750
v -0.250000 -3.000000 0.021875
v -0.250000 -3.000000 0.025000
v -0.250000 -3.000000 0.028125
v -0.250000 -3.000000 0.031250
v -0.250000 -3.000000 0.034375
v -0.250000 -3.000000 0.037500
v -0.250000 -3.000000 0.040625
v -0.250000 -3.000000 0.043750
v -0.250000 -3.000000 0.046875
v -0.250000 -3.000000 0.050000
v -0.250000 -3.000000 0.053125
v -0.250000 -3.000000 0.056250
v -0.250000 -3.000000 0.059375
v -0.250000 -3.000000 0.062500
v -0.250000 -3.000000 0.065625
v -0.250000 -3.000000 0.068750
v -0.250000 -3.000000 0.071875
v -0.250000 -3.000000 0.075000
v -0.250000 -3.000000 0.078125
v -0.250000 -3.000000 0.081250
v -0.250000 -3.000000 0.084375
v -0.250000 -3.000000 0.087500
v -0.250000 -3.000000 0.090625
v -0.250000 -3.000000 0.093750
v -0.250000 -3.000000 0.096875
v -0.281250 -3.000000 0.003125
v -0.281250 -3.000000 0.006250
v -0.281250 -3.000000 0.009375
v -0.281250 -3.000000 0.012500
v -0.281250 -3.000000 0.015625
v -0.281250 -3.000000 0.018750
v -0.281250 -3.000000 0.021875
v -0.281250 -3.000000 0.025000
v -0.281250 -3.000000 0.028125
v -0.281250 -3.000000 0.031250
v -0.281250 -3.000000 0.034375
v -0.281250 -3.000000 0.037500
v -0.281250 -3.000000 0.040625
v -0.281250 -3.000000 0.043750
v -0.281250 -3.000000 0.046875
v -0.281250 -3.000000 0.050000
v -0.281250 -3.000000 0.053125
v -0.281250 -3.000000 0.056250
v -0.281250 -3.000000 0.059375
v -0.281250 -3.000000 0.062500
v -0.281250 -3.000000 0.065625
v -0.281250 -3.000000 0.068750
v -0.281250 -3.000000 0.071875
v -0.281250 -3.000000 0.075000
v -0.281250 -3.000000 0.078125
v -0.281250 -3.000000 0.081250
v -0.281250 -3.000000 0.084375
v -0.281250 -3.000000 0.087500
v -0.281250 -3.000000 0.090625
v -0.281250 -3.000000 0.093750
v -0.281250 -3.000000 0.096875
v -0.312500 -3.000000 0.003125
v -0.312500 -3.000000 0.006250
v -0.312500 -3.000000 0.009375
v -0.312500 -3.000000 0.012500
v -0.312500 -3.000000 0.015625
v -0.312500 -3.000000 0.018750
v -0.312500 -3.000000 0.021875
v -0.312500 -3.000000 0.025000
v -0.312500 -3.000000 0.028125
v -0.312500 -3.000000 0.031250
v -0.312500 -3.000000 0.034375
v -0.312500 -3.000000 0.037500
v -0.312500 -3.000000 0.040625
v -0.312500 -3.000000 0.043750
v -0.312500 -3.000000 0.046875
v -0.312500 -3.000000 0.050000
v -0.312500 -3.000000 0.053125
v -0.312500 -3.000000 0.056250
v -0.312500 -3.000000 0.059375
v -0.312500 -3.000000 0.062500
v -0.312500 -3.000000 0.065625
v -0.312500 -3.000000 0.068750
v -0.312500 -3.000000 0.071875
v -0.312500 -3.000000 0.075000
v -0.312500 -3.000000 0.078125
v -0.312500 -3.000000 0.081250
v -0.312500 -3.000000 0.084375
v -0.312500 -3.000000 0.087500
v -0.312500 -3.000000 0.090625
v -0.312500 -3.000000 0.093750
v -0.312500 -3.000000 0.096875
v -0.343750 -3.000000 0.003125
v -0.343750 -3.000000 0.006250
v -0.343750 -3.000000 0.009375
v -0.343750 -3.000000 0.012500
v -0.343750 -3.000000 0.015625
v -0.343750 -3.000000 0.018750
v -0.343750 -3.000000 0.021875
v -0.343750 -3.000000 0.025000
v -0.343750 -3.000000 0.028125
v -0.343750 -3.000000 0.031250
v -0.343750 -3.000000 0.034375
v -0.343750 -3.000000 0.037500
v -0.343750 -3.000000 0.040625
v -0.343750 -3.000000 0.043750
v -0.343750 -3.000000 0.046875
v -0.343750 -3.000000 0.050000
v -0.343750 -3.000000 0.053125
v -0.343750 -3.000000 0.056250
v -0.343750 -3.000000 0.059375
v -0.343750 -3.000000 0.062500
v -0.343750 -3.000000 0.065625
v -0.343750 -3.000000 0.068750
v -0.343750 -3.000000 0.071875
v -0.343750 -3.000000 0.075000
v -0.343750 -3.000000 0.078125
v -0.343750 -3.000000 0.081250
v -0.343750 -3.000000 0.084375
v -0.343750 -3.000000 0.087500
v -0.343750 -3.000000 0.090625
v -0.343750 -3.000000 0.093750
v -0.343750 -3.000000 0.096875
v -0.375000 -3.000000 0.003125
v -0.375000 -3.000000 0.006250
v -0.375000 -3.000000 0.009375
v -0.375000 -3.000000 0.012500
v -0.375000 -3.000000 0.015625
v -0.375000 -3.000000 0.018750
v -0.375000 -3.000000 0.021875
v -0.375000 -3.000000 0.025000
v -0.375000 -3.000000 0.028125
v -0.375000 -3.000000 0.031250
v -0.375000 -3.000000 0.034375
v -0.375000 -3.000000 0.037500
v -0.375000 -3.000000 0.040625
v -0.375000 -3.000000 0.043750
v -0.375000 -3.000000 0.046875
v -0.375000 -3.000000 0.050000
v -0.375000 -3.000000 0.053125
v -0.375000 -3.000000 0.056250
v -0.375000 -3.000000 0.059375
v -0.375000 -3.000000 0.062500
v -0.375000 -3.000000 0.065625
v -0.375000 -3.000000 0.068750
v -0.375000 -3.000000 0.071875
v -0.375000 -3.000000 0.075000
v -0.375000 -3.000000 0.078125
v -0.375000 -3.000000 0.081250
v -0.375000 -3.000000 0.084375
v -0.375000 -3.000000 0.087500
v -0.375000 -3.000000 0.090625
v -0.375000 -3.000000 0.093750
v -0.375000 -3.000000 0.096875
v -0.406250 -3.000000 0.003125
v -0.406250 -3.000000 0.006250
v -0.406250 -3.000000 0.009375
v -0.406250 -3.000000 0.012500
v -0.406250 -3.000000 0.015625
v -0.406250 -3.000000 0.018750
v -0.406250 -3.000000 0.021875
v -0.406250 -3.000000 0.025000
v -0.406250 -3.000000 0.028125
v -0.406250 -3.000000 0.031250
v -0.406250 -3.000000 0.034375
v -0.406250 -3.000000 0.037500
v -0.406250 -3.000000 0.040625
v -0.406250 -3.000000 0.043750
v -0.406250 -3.000000 0.046875
v -0.406250 -3.000000 0.050000
v -0.406250 -3.000000 0.053125
v -0.406250 -3.000000 0.056250
v -0.406250 -3.000000 0.059375
v -0.406250 -3.000000 0.062500
v -0.406250 -3.000000 0.065625
v -0.406250 -3.000000 0.068750
v -0.406250 -3.000000 0.071875
v -0.406250 -3.000000 0.075000
v -0.406250 -3.000000 0.078125
v -0.406250 -3.000000 0.081250
v -0.406250 -3.000000 0.084375
v -0.406250 -3.000000 0.087500
v -0.406250 -3.000000 0.090625
v -0.406250 -3.000000 0.093750
v -0.406250 -3.000000 0.096875
v -0.437500 -3.000000 0.003125
v -0.437500 -3.000000 0.006250
v -0.437500 -3.000000 0.009375
v -0.437500 -3.000000 0.012500
v -0.437500 -3.000000 0.015625
v -0.437500 -3.000000 0.018750
v -0.437500 -3.000000 0.021875
v -0.437500 -3.000000 0.025000
v -0.437500 -3.000000 0.028125
v -0.437500 -3.000000 0.031250
v -0.437500 -3.000000 0.034375
v -0.437500 -3.000000 0.037500
v -0.437500 -3.000000 0.040625
v -0.437500 -3.000000 0.043750
v -0.437500 -3.000000 0.046875
v -0.437500 -3.000000 0.050000
v -0.437500 -3.000000 0.053125
v -0.437500 -3.000000 0.056250
v -0.437500 -3.000000 0.059375
v -0.437500 -3.000000 0.062500
v -0.437500 -3.000000 0.065625
v -0.437500 -3.000000 0.068750
v -0.437500 -3.000000 0.071875
v -0.437500 -3.000000 0.075000
v -0.437500 -3.000000 0.078125
v -0.437500 -3.000000 0.081250
v -0.437500 -3.000000 0.084375
v -0.437500 -3.000000 0.087500
v -0.437500 -3.000000 0.090625
v -0.437500 -3.000000 0.093750
v -0.437500 -3.000000 0.096875
v -0.468750 -3.000000 0.003125
v -0.468750 -3.000000 0.006250
v -0.468750 -3.000000 0.009375
v -0.468750 -3.000000 0.012500
v -0.468750 -3.000000 0.015625
v -0.468750 -3.000000 0.018750
v -0.468750 -3.000000 0.021875
v -0.468750 -3.000000 0.025000
v -0.468750 -3.000000 0.028125
v -0.468750 -3.000000 0.031250
v -0.468750 -3.000000 0.034375
v -0.468750 -3.000000 0.037500
v -0.468750 -3.000001 0.040625
v -0.468750 -3.000000 0.043750
v -0.468750 -3.000000 0.046875
v -0.468750 -3.000000 0.050000
v -0.468750 -3.000000 0.053125
v -0.468750 -3.000000 0.056250
v -0.468750 -3.000000 0.059375
v -0.468750 -3.000000 0.062500
v -0.468750 -3.000000 0.065625
v -0.468750 -3.000000 0.068750
v -0.468750 -3.000000 0.071875
v -0.468750 -3.000000 0.075000
v -0.468750 -3.000000 0.078125
v -0.468750 -3.000000 0.081250
v -0.468750 -3.000000 0.084375
v -0.468750 -3.000000 0.087500
v -0.468750 -3.000000 0.090625
v -0.468750 -3.000000 0.093750
v -0.468750 -3.000000 0.096875
v -0.500000 -2.812500 0.003125
v -0.500000 -2.812500 0.006250
v -0.500000 -2.812500 0.009375
v -0.500000 -2.812500 0.012500
v -0.500000 -2.812500 0.015625
v -0.500000 -2.812500 0.018750
v -0.500000 -2.812500 0.021875
v -0.500000 -2.812500 0.025000
v -0.500000 -2.812500 0.028125
v -0.500000 -2.812500 0.031250
v -0.500000 -2.812500 0.034375
v -0.500000 -2.812500 0.037500
v -0.500000 -2.812500 0.040625
v -0.500000 -2.812500 0.043750
v -0.500000 -2.812500 0.046875
v -0.500000 -2.812500 0.050000
v -0.500000 -2.812500 0.053125
v -0.500000 -2.812500 0.056250
v -0.500000 -2.812500 0.059375
v -0.500000 -2.812500 0.062500
v -0.500000 -2.812500 0.065625
v -0.500000 -2.812500 0.068750
v -0.500000 -2.812500 0.071875
v -0.500000 -2.812500 0.075000
v -0.500000 -2.812500 0.078125
v -0.500000 -2.812500 0.081250
v -0.500000 -2.812500 0.084375
v -0.500000 -2.812500 0.087500
v -0.500000 -2.812500 0.090625
v -0.500000 -2.812500 0.093750
v -0.500000 -2.812500 0.096875
v -0.500000 -2.625000 0.003125
v -0.500000 -2.625000 0.006250
v -0.500000 -2.625000 0.009375
v -0.500000 -2.625000 0.012500
v -0.500000 -2.625000 0.015625
v -0.500000 -2.625000 0.018750
v -0.500000 -2.625000 0.021875
v -0.500000 -2.625000 0.025000
v -0.500000 -2.625000 0.028125
v -0.500000 -2.625000 0.031250
v -0.500000 -2.625000 0.034375
v -0.500000 -2.625000 0.037500
v -0.500000 -2.625000 0.040625
v -0.500000 -2.625000 0.043750
v -0.500000 -2.625000 0.046875
v -0.500000 -2.625000 0.050000
v -0.500000 -2.625000 0.053125
v -0.500000 -2.625000 0.056250
v -0.500000 -2.625000 0.059375
v -0.500000 -2.625000 0.062500
v -0.500000 -2.625000 0.065625
v -0.500000 -2.625000 0.068750
v -0.500000 -2.625000 0.071875
v -0.500000 -2.625000 0.075000
v -0.500000 -2.625000 0.078125
v -0.500000 -2.625000 0.081250
v -0.500000 -2.625000 0.084375
v -0.500000 -2.625000 0.087500
v -0.500000 -2.625000 0.090625
v -0.500000 -2.625000 0.093750
v -0.500000 -2.625000 0.096875
v -0.500000 -2.437500 0.003125
v -0.500000 -2.437500 0.006250
v -0.500000 -2.437500 0.009375
v -0.500000 -2.437500 0.012500
v -0.500000 -2.437500 0.015625
v -0.500000 -2.437500 0.018750
v -0.500000 -2.437500 0.021875
v -0.500000 -2.437500 0.025000
v -0.500000 -2.437500 0.028125
v -0.500000 -2.437500 0.031250
v -0.500000 -2.437500 0.034375
v -0.500000 -2.437500 0.037500
v -0.500000 -2.437500 0.040625
v -0.500000 -2.437500 0.043750
v -0.500000 -2.437500 0.046875
v -0.500000 -2.437500 0.050000
v -0.500000 -2.437500 0.053125
v -0.500000 -2.437500 0.056250
v -0.500000 -2.437500 0.059375
v -0.500000 -2.437500 0.062500
v -0.500000 -2.437500 0.065625
v -0.500000 -2.437500 0.068750
v -0.500000 -2.437500 0.071875
v -0.500000 -2.437500 0.075000
v -0.500000 -2.437500 0.078125
v -0.500000 -2.437500 0.081250
v -0.500000 -2.437500 0.084375
v -0.500000 -2.437500 0.087500
v -0.500000 -2.437500 0.090625
v -0.500000 -2.437500 0.093750
v -0.500000 -2.437500 0.096875
v -0.500000 -2.250000 0.003125
v -0.500000 -2.250000 0.006250
v -0.500000 -2.250000 0.009375
v -0.500000 -2.250000 0.012500
v -0.500000 -2.250000 0.015625
v -0.500000 -2.250000 0.018750
v -0.500000 -2.250000 0.021875
v -0.500000 -2.250000 0.025000
v -0.500000 -2.250000 0.028125
v -0.500000 -2.250000 0.031250
v -0.500000 -2.250000 0.034375
v -0.500000 -2.250000 0.037500
v -0.500000 -2.250000 0.040625
v -0.500000 -2.250000 0.043750
v -0.500000 -2.250000 0.046875
v -0.500000 -2.250000 0.050000
v -0.500000 -2.250000 0.053125
v -0.500000 -2.250000 0.056250
v -0.500000 -2.250000 0.059375
v -0.500000 -2.250000 0.062500
v -0.500000 -2.250000 0.065625
v -0.500000 -2.250000 0.068750
v -0.500000 -2.250000 0.071875
v -0.500000 -2.250000 0.075000
v -0.500000 -2.250000 0.078125
v -0.500000 -2.250000 0.081250
v -0.500000 -2.250000 0.084375
v -0.500000 -2.250000 0.087500
v -0.500000 -2.250000 0.090625
v -0.500000 -2.250000 0.093750
v -0.500000 -2.250000 0.096875
v -0.500000 -2.062500 0.003125
v -0.500000 -2.062500 0.006250
v -0.500000 -2.062500 0.009375
v -0.500000 -2.062500 0.012500
v -0.500000 -2.062500 0.015625
v -0.500000 -2.062500 0.018750
v -0.500000 -2.062500 0.021875
v -0.500000 -2.062500 0.025000
v -0.500000 -2.062500 0.028125
v -0.500000 -2.062500 0.031250
v -0.500000 -2.062500 0.034375
v -0.500000 -2.062500 0.037500
v -0.500000 -2.062500 0.040625
v -0.500000 -2.062500 0.043750
v -0.500000 -2.062500 0.046875
v -0.500000 -2.062500 0.050000
v -0.500000 -2.062500 0.053125
v -0.500000 -2.062500 0.056250
v -0.500000 -2.062500 0.059375
v -0.500000 -2.062500 0.062500
v -0.500000 -2.062500 0.065625
v -0.500000 -2.062500 0.068750
v -0.500000 -2.062500 0.071875
v -0.500000 -2.062500 0.075000
v -0.500000 -2.062500 0.078125
v -0.500000 -2.062500 0.081250
v -0.500000 -2.062500 0.084375
v -0.500000 -2.062500 0.087500
v -0.500000 -2.062500 0.090625
v -0.500000 -2.062500 0.093750
v -0.500000 -2.062500 0.096875
v -0.500000 -1.875000 0.003125
v -0.500000 -1.875000 0.006250
v -0.500000 -1.875000 0.009375
v -0.500000 -1.875000 0.012500
v -0.500000 -1.875000 0.015625
v -0.500000 -1.875000 0.018750
v -0.500000 -1.875000 0.021875
v -0.500000 -1.875000 0.025000
v -0.500000 -1.875000 0.028125
v -0.500000 -1.875000 0.031250
v -0.500000 -1.875000 0.034375
v -0.500000 -1.875000 0.037500
v -0.500000 -1.875000 0.040625
v -0.500000 -1.875000 0.043750
v -0.500000 -1.875000 0.046875
v -0.500000 -1.875000 0.050000
v -0.500000 -1.875000 0.053125
v -0.500000 -1.875000 0.056250
v -0.500000 -1.875000 0.059375
v -0.500000 -1.875000 0.062500
v -0.500000 -1.875000 0.065625
v -0.500000 -1.875000 0.068750
v -0.500000 -1.875000 0.071875
v -0.500000 -1.875000 0.075000
v -0.500000 -1.875000 0.078125
v -0.500000 -1.875000 0.081250
v -0.500000 -1.875000 0.084375
v -0.500000 -1.875000 0.087500
v -0.500000 -1.875000 0.090625
v -0.500000 -1.875000 0.093750
v -0.500000 -1.875000 0.096875
v -0.500000 -1.687500 0.003125
v -0.500000 -1.687500 0.006250
v -0.500000 -1.687500 0.009375
v -0.500000 -1.687500 0.012500
v -0.500000 -1.687500 0.015625
v -0.500000 -1.687500 0.018750
v -0.500000 -1.687500 0.021875
v -0.500000 -1.687500 0.025000
v -0.500000 -1.687500 0.028125
v -0.500000 -1.687500 0.031250
v -0.500000 -1.687500 0.034375
v -0.500000 -1.687500 0.037500
v -0.500000 -1.687500 0.040625
v -0.500000 -1.687500 0.043750
v -0.500000 -1.687500 0.046875
v -0.500000 -1.687500 0.050000
v -0.500000 -1.687500 0.053125
v -0.500000 -1.687500 0.056250
v -0.500000 -1.687500 0.059375
v -0.500000 -1.687500 0.062500
v -0.500000 -1.687500 0.065625
v -0.500000 -1.687500 0.068750
v -0.500000 -1.687500 0.071875
v -0.500000 -1.687500 0.075000
v -0.500000 -1.687500 0.078125
v -0.500000 -1.687500 0.081250
v -0.500000 -1.687500 0.084375
v -0.500000 -1.687500 0.087500
v -0.500000 -1.687500 0.090625
v -0.500000 -1.687500 0.093750
v -0.500000 -1.687500 0.096875
v -0.500000 -1.500000 0.003125
v -0.500000 -1.500000 0.006250
v -0.500000 -1.500000 0.009375
v -0.500000 -1.500000 0.012500
v -0.500000 -1.500000 0.015625
v -0.500000 -1.500000 0.018750
v -0.500000 -1.500000 0.021875
v -0.500000 -1.500000 0.025000
v -0.500000 -1.500000 0.028125
v -0.500000 -1.500000 0.031250
v -0.500000 -1.500000 0.034375
v -0.500000 -1.500000 0.037500
v -0.500000 -1.500000 0.040625
v -0.500000 -1.500000 0.043750
v -0.500000 -1.500000 0.046875
v -0.500000 -1.500000 0.050000
v -0.500000 -1.500000 0.053125
v -0.500000 -1.500000 0.056250
v -0.500000 -1.500000 0.059375
v -0.500000 -1.500000 0.062500
v -0.500000 -1.500000 0.065625
v -0.500000 -1.500000 0.068750
v -0.500000 -1.500000 0.071875
v -0.500000 -1.500000 0.075000
v -0.500000 -1.500000 0.078125
v -0.500000 -1.500000 0.081250
v -0.500000 -1.500000 0.084375
v -0.500000 -1.500000 0.087500
v -0.500000 -1.500000 0.090625
v -0.500000 -1.500000 0.093750
v -0.500000 -1.500000 0.096875
v -0.500000 -1.312500 0.003125
v -0.500000 -1.312500 0.006250
v -0.500000 -1.312500 0.009375
v -0.500000 -1.312500 0.012500
v -0.500000 -1.312500 0.015625
v -0.500000 -1.312500 0.018750
v -0.500000 -1.312500 0.021875
v -0.500000 -1.312500 0.025000
v -0.500000 -1.312500 0.028125
v -0.500000 -1.312500 0.031250
v -0.500000 -1.312500 0.034375
v -0.500000 -1.312500 0.037500
v -0.500000 -1.312500 0.040625
v -0.500000 -1.312500 0.043750
v -0.500000 -1.312500 0.046875
v -0.500000 -1.312500 0.050000
v -0.500000 -1.312500 0.053125
v -0.500000 -1.312500 0.056250
v -0.500000 -1.312500 0.059375
v -0.500000 -1.312500 0.062500
v -0.500000 -1.312500 0.065625
v -0.500000 -1.312500 0.068750
v -0.500000 -1.312500 0.071875
v -0.500000 -1.312500 0.075000
v -0.500000 -1.312500 0.078125
v -0.500000 -1.312500 0.081250
v -0.500000 -1.312500 0.084375
v -0.500000 -1.312500 0.087500
v -0.500000 -1.312500 0.090625
v -0.500000 -1.312500 0.093750
v -0.500000 -1.312500 0.096875
v -0.500000 -1.125000 0.003125
v -0.500000 -1.125000 0.006250
v -0.500000 -1.125000 0.009375
v -0.500000 -1.125000 0.012500
v -0.500000 -1.125000 0.015625
v -0.500000 -1.125000 0.018750
v -0.500000 -1.125000 0.021875
v -0.500000 -1.125000 0.025000
v -0.500000 -1.125000 0.028125
v -0.500000 -1.125000 0.031250
v -0.500000 -1.125000 0.034375
v -0.500000 -1.125000 0.037500
v -0.500000 -1.125000 0.040625
v -0.500000 -1.125000 0.043750
v -0.500000 -1.125000 0.046875
v -0.500000 -1.125000 0.050000
v -0.500000 -1.125000 0.053125
v -0.500000 -1.125000 0.056250
v -0.500000 -1.125000 0.059375
v -0.500000 -1.125000 0.062500
v -0.500000 -1.125000 0.065625
v -0.500000 -1.125000 0.068750
v -0.500000 -1.125000 0.071875
v -0.500000 -1.125000 0.075000
v -0.500000 -1.125000 0.078125
v -0.500000 -1.125000 0.081250
v -0.500000 -1.125000 0.084375
v -0.500000 -1.125000 0.087500
v -0.500000 -1.125000 0.090625
v -0.500000 -1.125000 0.093750
v -0.500000 -1.125000 0.096875
v -0.500000 -0.937500 0.003125
v -0.500000 -0.937500 0.006250
v -0.500000 -0.937500 0.009375
v -0.500000 -0.937500 0.012500
v -0.500000 -0.937500 0.015625
v -0.500000 -0.937500 0.018750
v -0.500000 -0.937500 0.021875
v -0.500000 -0.937500 0.025000
v -0.500000 -0.937500 0.028125
v -0.500000 -0.937500 0.031250
v -0.500000 -0.937500 0.034375
v -0.500000 -0.937500 0.037500
v -0.500000 -0.937500 0.040625
v -0.500000 -0.937500 0.043750
v -0.500000 -0.937500 0.046875
v -0.500000 -0.937500 0.050000
v -0.500000 -0.937500 0.053125
v -0.500000 -0.937500 0.056250
v -0.500000 -0.937500 0.059375
v -0.500000 -0.937500 0.062500
v -0.500000 -0.937500 0.065625
v -0.500000 -0.937500 0.068750
v -0.500000 -0.937500 0.071875
v -0.500000 -0.937500 0.075000
v -0.500000 -0.937500 0.078125
v -0.500000 -0.937500 0.081250
v -0.500000 -0.937500 0.084375
v -0.500000 -0.937500 0.087500
v -0.500000 -0.937500 0.090625
v -0.500000 -0.937500 0.093750
v -0.500000 -0.937500 0.096875
v -0.500000 -0.750000 0.003125
v -0.500000 -0.750000 0.006250
v -0.500000 -0.750000 0.009375
v -0.500000 -0.750000 0.012500
v -0.500000 -0.750000 0.015625
v -0.500000 -0.750000 0.018750
v -0.500000 -0.750000 0.021875
v -0.500000 -0.750000 0.025000
v -0.500000 -0.750000 0.028125
v -0.500000 -0.750000 0.031250
v -0.500000 -0.750000 0.034375
v -0.500000 -0.750000 0.037500
v -0.500000 -0.750000 0.040625
v -0.500000 -0.750000 0.043750
v -0.500000 -0.750000 0.046875
v -0.500000 -0.750000 0.050000
v -0.500000 -0.750000 0.053125
v -0.500000 -0.750000 0.056250
v -0.500000 -0.750000 0.059375
v -0.500000 -0.750000 0.062500
v -0.500000 -0.750000 0.065625
v -0.500000 -0.750000 0.068750
v -0.500000 -0.750000 0.071875
v -0.500000 -0.750000 0.075000
v -0.500000 -0.750000 0.078125
v -0.500000 -0.750000 0.081250
v -0.500000 -0.750000 0.084375
v -0.500000 -0.750000 0.087500
v -0.500000 -0.750000 0.090625
v -0.500000 -0.750000 0.093750
v -0.500000 -0.750000 0.096875
v -0.500000 -0.562500 0.003125
v -0.500000 -0.562500 0.006250
v -0.500000 -0.562500 0.009375
v -0.500000 -0.562500 0.012500
v -0.500000 -0.562500 0.015625
v -0.500000 -0.562500 0.018750
v -0.500000 -0.562500 0.021875
v -0.500000 -0.562500 0.025000
v -0.500000 -0.562500 0.028125
v -0.500000 -0.562500 0.031250
v -0.500000 -0.562500 0.034375
v -0.500000 -0.562500 0.037500
v -0.500000 -0.562500 0.040625
v -0.500000 -0.562500 0.043750
v -0.500000 -0.562500 0.046875
v -0.500000 -0.562500 0.050000
v -0.500000 -0.562500 0.053125
v -0.500000 -0.562500 0.056250
v -0.500000 -0.562500 0.059375
v -0.500000 -0.562500 0.062500
v -0.500000 -0.562500 0.065625
v -0.500000 -0.562500 0.068750
v -0.500000 -0.562500 0.071875
v -0.500000 -0.562500 0.075000
v -0.500000 -0.562500 0.078125
v -0.500000 -0.562500 0.081250
v -0.500000 -0.562500 0.084375
v -0.500000 -0.562500 0.087500
v -0.500000 -0.562500 0.090625
v -0.500000 -0.562500 0.093750
v -0.500000 -0.562500 0.096875
v -0.500000 -0.375000 0.003125
v -0.500000 -0.375000 0.006250
v -0.500000 -0.375000 0.009375
v -0.500000 -0.375000 0.012500
v -0.500000 -0.375000 0.015625
v -0.500000 -0.375000 0.018750
v -0.500000 -0.375000 0.021875
v -0.500000 -0.375000 0.025000
v -0.500000 -0.375000 0.028125
v -0.500000 -0.375000 0.031250
v -0.500000 -0.375000 0.034375
v -0.500000 -0.375000 0.037500
v -0.500000 -0.375000 0.040625
v -0.500000 -0.375000 0.043750
v -0.500000 -0.375000 0.046875
v -0.500000 -0.375000 0.050000
v -0.500000 -0.375000 0.053125
v -0.500000 -0.375000 0.056250
v -0.500000 -0.375000 0.059375
v -0.500000 -0.375000 0.062500
v -0.500000 -0.375000 0.065625
v -0.500000 -0.375000 0.068750
v -0.500000 -0.375000 0.071875
v -0.500000 -0.375000 0.075000
v -0.500000 -0.375000 0.078125
v -0.500000 -0.375000 0.081250
v -0.500000 -0.375000 0.084375
v -0.500000 -0.375000 0.087500
v -0.500000 -0.375000 0.090625
v -0.500000 -0.375000 0.093750
v -0.500000 -0.375000 0.096875
v -0.500000 -0.187500 0.003125
v -0.500000 -0.187500 0.006250
v -0.500000 -0.187500 0.009375
v -0.500000 -0.187500 0.012500
v -0.500000 -0.187500 0.015625
v -0.500000 -0.187500 0.018750
v -0.500000 -0.187500 0.021875
v -0.500000 -0.187500 0.025000
v -0.500000 -0.187500 0.028125
v -0.500000 -0.187500 0.031250
v -0.500000 -0.187500 0.034375
v -0.500000 -0.187500 0.037500
v -0.500000 -0.187500 0.040625
v -0.500000 -0.187500 0.043750
v -0.500000 -0.187500 0.046875
v -0.500000 -0.187500 0.050000
v -0.500000 -0.187500 0.053125
v -0.500000 -0.187500 0.056250
v -0.500000 -0.187500 0.059375
v -0.500000 -0.187500 0.062500
v -0.500000 -0.187500 0.065625
v -0.500000 -0.187500 0.068750
v -0.500000 -0.187500 0.071875
v -0.500000 -0.187500 0.075000
v -0.500000 -0.187500 0.078125
v -0.500000 -0.187500 0.081250
v -0.500000 -0.187500 0.084375
v -0.500000 -0.187500 0.087500
v -0.500000 -0.187500 0.090625
v -0.500000 -0.187500 0.093750
v -0.500000 -0.187500 0.096875
v -0.500000 -0.000000 0.003125
v -0.500000 0.000000 0.006250
v -0.500000 0.000000 0.009375
v -0.500000 -0.000000 0.012500
v -0.500000 -0.000000 0.015625
v -0.500000 0.000000 0.018750
v -0.500000 -0.000000 0.021875
v -0.500000 -0.000000 0.025000
v -0.500000 0.000000 0.028125
v -0.500000 -0.000000 0.031250
v -0.500000 -0.000000 0.034375
v -0.500000 0.000000 0.037500
v -0.500000 -0.000000 0.040625
v -0.500000 -0.000000 0.043750
v -0.500000 0.000000 0.046875
v -0.500000 -0.000000 0.050000
v -0.500000 0.000000 0.053125
v -0.500000 -0.000000 0.056250
v -0.500000 -0.000000 0.059375
v -0.500000 -0.000000 0.062500
v -0.500000 -0.000000 0.065625
v -0.500000 0.000000 0.068750
v -0.500000 -0.000000 0.071875
v -0.500000 -0.000000 0.075000
v -0.500000 0.000000 0.078125
v -0.500000 -0.000000 0.081250
v -0.500000 -0.000000 0.084375
v -0.500000 -0.000000 0.087500
v -0.500000 0.000000 0.090625
v -0.500000 -0.000000 0.093750
v -0.500000 0.000000 0.096875
v -0.500000 0.187500 0.003125
v -0.500000 0.187500 0.006250
v -0.500000 0.187500 0.009375
v -0.500000 0.187500 0.012500
v -0.500000 0.187500 0.015625
v -0.500000 0.187500 0.018750
v -0.500000 0.187500 0.021875
v -0.500000 0.187500 0.025000
v -0.500000 0.187500 0.028125
v -0.500000 0.187500 0.031250
v -0.500000 0.187500 0.034375
v -0.500000 0.187500 0.037500
v -0.500000 0.187500 0.040625
v -0.500000 0.187500 0.043750
v -0.500000 0.187500 0.046875
v -0.500000 0.187500 0.050000
v -0.500000 0.187500 0.053125
v -0.500000 0.187500 0.056250
v -0.500000 0.187500 0.059375
v -0.500000 0.187500 0.062500
v -0.500000 0.187500 0.065625
v -0.500000 0.187500 0.068750
v -0.500000 0.187500 0.071875
v -0.500000 0.187500 0.075000
v -0.500000 0.187500 0.078125
v -0.500000 0.187500 0.081250
v -0.500000 0.187500 0.084375
v -0.500000 0.187500 0.087500
v -0.500000 0.187500 0.090625
v -0.500000 0.187500 0.093750
v -0.500000 0.187500 0.096875
v -0.500000 0.375000 0.003125
v -0.500000 0.375000 0.006250
v -0.500000 0.375000 0.009375
v -0.500000 0.375000 0.012500
v -0.500000 0.375000 0.015625
v -0.500000 0.375000 0.018750
v -0.500000 0.375000 0.021875
v -0.500000 0.375000 0.025000
v -0.500000 0.375000 0.028125
v -0.500000 0.375000 0.031250
v -0.500000 0.375000 0.034375
v -0.500000 0.375000 0.037500
v -0.500000 0.375000 0.040625
v -0.500000 0.375000 0.043750
v -0.500000 0.375000 0.046875
v -0.500000 0.375000 0.050000
v -0.500000 0.375000 0.053125
v -0.500000 0.375000 0.056250
v -0.500000 0.375000 0.059375
v -0.500000 0.375000 0.062500
v -0.500000 0.375000 0.065625
v -0.500000 0.375000 0.068750
v -0.500000 0.375000 0.071875
v -0.500000 0.375000 0.075000
v -0.500000 0.375000 0.078125
v -0.500000 0.375000 0.081250
v -0.500000 0.375000 0.084375
v -0.500000 0.375000 0.087500
v -0.500000 0.375000 0.090625
v -0.500000 0.375000 0.093750
v -0.500000 0.375000 0.096875
v -0.500000 0.562500 0.003125
v -0.500000 0.562500 0.006250
v -0.500000 0.562500 0.009375
v -0.500000 0.562500 0.012500
v -0.500000 0.562500 0.015625
v -0.500000 0.562500 0.018750
v -0.500000 0.562500 0.021875
v -0.500000 0.562500 0.025000
v -0.500000 0.562500 0.028125
v -0.500000 0.562500 0.031250
v -0.500000 0.562500 0.034375
v -0.500000 0.562500 0.037500
v -0.500000 0.562500 0.040625
v -0.500000 0.562500 0.043750
v -0.500000 0.562500 0.046875
v -0.500000 0.562500 0.050000
v -0.500000 0.562500 0.053125
v -0.500000 0.562500 0.056250
v -0.500000 0.562500 0.059375
v -0.500000 0.562500 0.062500
v -0.500000 0.562500 0.065625
v -0.500000 0.562500 0.068750
v -0.500000 0.562500 0.071875
v -0.500000 0.562500 0.075000
v -0.500000 0.562500 0.078125
v -0.500000 0.562500 0.081250
v -0.500000 0.562500 0.084375
v -0.500000 0.562500 0.087500
v -0.500000 0.562500 0.090625
v -0.500000 0.562500 0.093750
v -0.500000 0.562500 0.096875
v -0.500000 0.750000 0.003125
v -0.500000 0.750000 0.006250
v -0.500000 0.750000 0.009375
v -0.500000 0.750000 0.012500
v -0.500000 0.750000 0.015625
v -0.500000 0.750000 0.018750
v -0.500000 0.750000 0.021875
v -0.500000 0.750000 0.025000
v -0.500000 0.750000 0.028125
v -0.500000 0.750000 0.031250
v -0.500000 0.750000 0.034375
v -0.500000 0.750000 0.037500
v -0.500000 0.750000 0.040625
v -0.500000 0.750000 0.043750
v -0.500000 0.750000 0.046875
v -0.500000 0.750000 0.050000
v -0.500000 0.750000 0.053125
v -0.500000 0.750000 0.056250
v -0.500000 0.750000 0.059375
v -0.500000 0.750000 0.062500
v -0.500000 0.750000 0.065625
v -0.500000 0.750000 0.068750
v -0.500000 0.750000 0.071875
v -0.500000 0.750000 0.075000
v -0.500000 0.750000 0.078125
v -0.500000 0.750000 0.081250
v -0.500000 0.750000 0.084375
v -0.500000 0.750000 0.087500
v -0.500000 0.750000 0.090625
v -0.500000 0.750000 0.093750
v -0.500000 0.750000 0.096875
v -0.500000 0.937500 0.003125
v -0.500000 0.937500 0.006250
v -0.500000 0.937500 0.009375
v -0.500000 0.937500 0.012500
v -0.500000 0.937500 0.015625
v -0.500000 0.937500 0.018750
v -0.500000 0.937500 0.021875
v -0.500000 0.937500 0.025000
v -0.500000 0.937500 0.028125
v -0.500000 0.937500 0.031250
v -0.500000 0.937500 0.034375
v -0.500000 0.937500 0.037500
v -0.500000 0.937500 0.040625
v -0.500000 0.937500 0.043750
v -0.500000 0.937500 0.046875
v -0.500000 0.937500 0.050000
v -0.500000 0.937500 0.053125
v -0.500000 0.937500 0.056250
v -0.500000 0.937500 0.059375
v -0.500000 0.937500 0.062500
v -0.500000 0.937500 0.065625
v -0.500000 0.937500 0.068750
v -0.500000 0.937500 0.071875
v -0.500000 0.937500 0.075000
v -0.500000 0.937500 0.078125
v -0.500000 0.937500 0.081250
v -0.500000 0.937500 0.084375
v -0.500000 0.937500 0.087500
v -0.500000 0.937500 0.090625
v -0.500000 0.937500 0.093750
v -0.500000 0.937500 0.096875
v -0.500000 1.125000 0.003125
v -0.500000 1.125000 0.006250
v -0.500000 1.125000 0.009375
v -0.500000 1.125000 0.012500
v -0.500000 1.125000 0.015625
v -0.500000 1.125000 0.018750
v -0.500000 1.125000 0.021875
v -0.500000 1.125000 0.025000
v -0.500000 1.125000 0.028125
v -0.500000 1.125000 0.031250
v -0.500000 1.125000 0.034375
v -0.500000 1.125000 0.037500
v -0.500000 1.125000 0.040625
v -0.500000 1.125000 0.043750
v -0.500000 1.125000 0.046875
v -0.500000 1.125000 0.050000
v -0.500000 1.125000 0.053125
v -0.500000 1.125000 0.056250
v -0.500000 1.125000 0.059375
v -0.500000 1.125000 0.062500
v -0.500000 1.125000 0.065625
v -0.500000 1.125000 0.068750
v -0.500000 1.125000 0.071875
v -0.500000 1.125000 0.075000
v -0.500000 1.125000 0.078125
v -0.500000 1.125000 0.081250
v -0.500000 1.125000 0.084375
v -0.500000 1.125000 0.087500
v -0.500000 1.125000 0.090625
v -0.500000 1.125000 0.093750
v -0.500000 1.125000 0.096875
v -0.500000 1.312500 0.003125
v -0.500000 1.312500 0.006250
v -0.500000 1.312500 0.009375
v -0.500000 1.312500 0.012500
v -0.500000 1.312500 0.015625
v -0.500000 1.312500 0.018750
v -0.500000 1.312500 0.021875
v -0.500000 1.312500 0.025000
v -0.500000 1.312500 0.028125
v -0.500000 1.312500 0.031250
v -0.500000 1.312500 0.034375
v -0.500000 1.312500 0.037500
v -0.500000 1.312500 0.040625
v -0.500000 1.312500 0.043750
v -0.500000 1.312500 0.046875
v -0.500000 1.312500 0.050000
v -0.500000 1.312500 0.053125
v -0.500000 1.312500 0.056250
v -0.500000 1.312500 0.059375
v -0.500000 1.312500 0.062500
v -0.500000 1.312500 0.065625
v -0.500000 1.312500 0.068750
v -0.500000 1.312500 0.071875
v -0.500000 1.312500 0.075000
v -0.500000 1.312500 0.078125
v -0.500000 1.312500 0.081250
v -0.500000 1.312500 0.084375
v -0.500000 1.312500 0.087500
v -0.500000 1.312500 0.090625
v -0.500000 1.312500 0.093750
v -0.500000 1.312500 0.096875
v -0.500000 1.500000 0.003125
v -0.500000 1.500000 0.006250
v -0.500000 1.500000 0.009375
v -0.500000 1.500000 0.012500
v -0.500000 1.500000 0.015625
v -0.500000 1.500000 0.018750
v -0.500000 1.500000 0.021875
v -0.500000 1.500000 0.025000
v -0.500000 1.500000 0.028125
v -0.500000 1.500000 0.031250
v -0.500000 1.500000 0.034375
v -0.500000 1.500000 0.037500
v -0.500000 1.500000 0.040625
v -0.500000 1.500000 0.043750
v -0.500000 1.500000 0.046875
v -0.500000 1.500000 0.050000
v -0.500000 1.500000 0.053125
v -0.500000 1.500000 0.056250
v -0.500000 1.500000 0.059375
v -0.500000 1.500000 0.062500
v -0.500000 1.500000 0.065625
v -0.500000 1.500000 0.068750
v -0.500000 1.500000 0.071875
v -0.500000 1.500000 0.075000
v -0.500000 1.500000 0.078125
v -0.500000 1.500000 0.081250
v -0.500000 1.500000 0.084375
v -0.500000 1.500000 0.087500
v -0.500000 1.500000 0.090625
v -0.500000 1.500000 0.093750
v -0.500000 1.500000 0.096875
v -0.500000 1.687500 0.003125
v -0.500000 1.687500 0.006250
v -0.500000 1.687500 0.009375
v -0.500000 1.687500 0.012500
v -0.500000 1.687500 0.015625
v -0.500000 1.687500 0.018750
v -0.500000 1.687500 0.021875
v -0.500000 1.687500 0.025000
v -0.500000 1.687500 0.028125
v -0.500000 1.687500 0.031250
v -0.500000 1.687500 0.034375
v -0.500000 1.687500 0.037500
v -0.500000 1.687500 0.040625
v -0.500000 1.687500 0.043750
v -0.500000 1.687500 0.046875
v -0.500000 1.687500 0.050000
v -0.500000 1.687500 0.053125
v -0.500000 1.687500 0.056250
v -0.500000 1.687500 0.059375
v -0.500000 1.687500 0.062500
v -0.500000 1.687500 0.065625
v -0.500000 1.687500 0.068750
v -0.500000 1.687500 0.071875
v -0.500000 1.687500 0.075000
v -0.500000 1.687500 0.078125
v -0.500000 1.687500 0.081250
v -0.500000 1.687500 0.084375
v -0.500000 1.687500 0.087500
v -0.500000 1.687500 0.090625
v -0.500000 1.687500 0.093750
v -0.500000 1.687500 0.096875
v -0.500000 1.875000 0.003125
v -0.500000 1.875000 0.006250
v -0.500000 1.875000 0.009375
v -0.500000 1.875000 0.012500
v -0.500000 1.875000 0.015625
v -0.500000 1.875000 0.018750
v -0.500000 1.875000 0.021875
v -0.500000 1.875000 0.025000
v -0.500000 1.875000 0.028125
v -0.500000 1.875000 0.031250
v -0.500000 1.875000 0.034375
v -0.500000 1.875000 0.037500
v -0.500000 1.875000 0.040625
v -0.500000 1.875000 0.043750
v -0.500000 1.875000 0.046875
v -0.500000 1.875000 0.050000
v -0.500000 1.875000 0.053125
v -0.500000 1.875000 0.056250
v -0.500000 1.875000 0.059375
v -0.500000 1.875000 0.062500
v -0.500000 1.875000 0.065625
v -0.500000 1.875000 0.068750
v -0.500000 1.875000 0.071875
v -0.500000 1.875000 0.075000
v -0.500000 1.875000 0.078125
v -0.500000 1.875000 0.081250
v -0.500000 1.875000 0.084375
v -0.500000 1.875000 0.087500
v -0.500000 1.875000 0.090625
v -0.500000 1.875000 0.093750
v -0.500000 1.875000 0.096875
v -0.500000 2.062500 0.003125
v -0.500000 2.062500 0.006250
v -0.500000 2.062500 0.009375
v -0.500000 2.062500 0.012500
v -0.500000 2.062500 0.015625
v -0.500000 2.062500 0.018750
v -0.500000 2.062500 0.021875
v -0.500000 2.062500 0.025000
v -0.500000 2.062500 0.028125
v -0.500000 2.062500 0.031250
v -0.500000 2.062500 0.034375
v -0.500000 2.062500 0.037500
v -0.500000 2.062500 0.040625
v -0.500000 2.062500 0.043750
v -0.500000 2.062500 0.046875
v -0.500000 2.062500 0.050000
v -0.500000 2.062500 0.053125
v -0.500000 2.062500 0.056250
v -0.500000 2.062500 0.059375
v -0.500000 2.062500 0.062500
v -0.500000 2.062500 0.065625
v -0.500000 2.062500 0.068750
v -0.500000 2.062500 0.071875
v -0.500000 2.062500 0.075000
v -0.500000 2.062500 0.078125
v -0.500000 2.062500 0.081250
v -0.500000 2.062500 0.084375
v -0.500000 2.062500 0.087500
v -0.500000 2.062500 0.090625
v -0.500000 2.062500 0.093750
v -0.500000 2.062500 0.096875
v -0.500000 2.250000 0.003125
v -0.500000 2.250000 0.006250
v -0.500000 2.250000 0.009375
v -0.500000 2.250000 0.012500
v -0.500000 2.250000 0.015625
v -0.500000 2.250000 0.018750
v -0.500000 2.250000 0.021875
v -0.500000 2.250000 0.025000
v -0.500000 2.250000 0.028125
v -0.500000 2.250000 0.031250
v -0.500000 2.250000 0.034375
v -0.500000 2.250000 0.037500
v -0.500000 2.250000 0.040625
v -0.500000 2.250000 0.043750
v -0.500000 2.250000 0.046875
v -0.500000 2.250000 0.050000
v -0.500000 2.250000 0.053125
v -0.500000 2.250000 0.056250
v -0.500000 2.250000 0.059375
v -0.500000 2.250000 0.062500
v -0.500000 2.250000 0.065625
v -0.500000 2.250000 0.068750
v -0.500000 2.250000 0.071875
v -0.500000 2.250000 0.075000
v -0.500000 2.250000 0.078125
v -0.500000 2.250000 0.081250
v -0.500000 2.250000 0.084375
v -0.500000 2.250000 0.087500
v -0.500000 2.250000 0.090625
v -0.500000 2.250000 0.093750
v -0.500000 2.250000 0.096875
v -0.500000 2.437500 0.003125
v -0.500000 2.437500 0.006250
v -0.500000 2.437500 0.009375
v -0.500000 2.437500 0.012500
v -0.500000 2.437500 0.015625
v -0.500000 2.437500 0.018750
v -0.500000 2.437500 0.021875
v -0.500000 2.437500 0.025000
v -0.500000 2.437500 0.028125
v -0.500000 2.437500 0.031250
v -0.500000 2.437500 0.034375
v -0.500000 2.437500 0.037500
v -0.500000 2.437500 0.040625
v -0.500000 2.437500 0.043750
v -0.500000 2.437500 0.046875
v -0.500000 2.437500 0.050000
v -0.500000 2.437500 0.053125
v -0.500000 2.437500 0.056250
v -0.500000 2.437500 0.059375
v -0.500000 2.437500 0.062500
v -0.500000 2.437500 0.065625
v -0.500000 2.437500 0.068750
v -0.500000 2.437500 0.071875
v -0.500000 2.437500 0.075000
v -0.500000 2.437500 0.078125
v -0.500000 2.437500 0.081250
v -0.500000 2.437500 0.084375
v -0.500000 2.437500 0.087500
v -0.500000 2.437500 0.090625
v -0.500000 2.437500 0.093750
v -0.500000 2.437500 0.096875
v -0.500000 2.625000 0.003125
v -0.500000 2.625000 0.006250
v -0.500000 2.625000 0.009375
v -0.500000 2.625000 0.012500
v -0.500000 2.625000 0.015625
v -0.500000 2.625000 0.018750
v -0.500000 2.625000 0.021875
v -0.500000 2.625000 0.025000
v -0.500000 2.625000 0.028125
v -0.500000 2.625000 0.031250
v -0.500000 2.625000 0.034375
v -0.500000 2.625000 0.037500
v -0.500000 2.625000 0.040625
v -0.500000 2.625000 0.043750
v -0.500000 2.625000 0.046875
v -0.500000 2.625000 0.050000
v -0.500000 2.625000 0.053125
v -0.500000 2.625000 0.056250
v -0.500000 2.625000 0.059375
v -0.500000 2.625000 0.062500
v -0.500000 2.625000 0.065625
v -0.500000 2.625000 0.068750
v -0.500000 2.625000 0.071875
v -0.500000 2.625000 0.075000
v -0.500000 2.625000 0.078125
v -0.500000 2.625000 0.081250
v -0.500000 2.625000 0.084375
v -0.500000 2.625000 0.087500
v -0.500000 2.625000 0.090625
v -0.500000 2.625000 0.093750
v -0.500000 2.625000 0.096875
v -0.500000 2.812500 0.003125
v -0.500000 2.812500 0.006250
v -0.500000 2.812500 0.009375
v -0.500000 2.812500 0.012500
v -0.500000 2.812500 0.015625
v -0.500000 2.812500 0.018750
v -0.500000 2.812500 0.021875
v -0.500000 2.812500 0.025000
v -0.500000 2.812500 0.028125
v -0.500000 2.812500 0.031250
v -0.500000 2.812500 0.034375
v -0.500000 2.812500 0.037500
v -0.500000 2.812500 0.040625
v -0.500000 2.812500 0.043750
v -0.500000 2.812500 0.046875
v -0.500000 2.812500 0.050000
v -0.500000 2.812500 0.053125
v -0.500000 2.812500 0.056250
v -0.500000 2.812500 0.059375
v -0.500000 2.812500 0.062500
v -0.500000 2.812500 0.065625
v -0.500000 2.812500 0.068750
v -0.500000 2.812500 0.071875
v -0.500000 2.812500 0.075000
v -0.500000 2.812500 0.078125
v -0.500000 2.812500 0.081250
v -0.500000 2.812500 0.084375
v -0.500000 2.812500 0.087500
v -0.500000 2.812500 0.090625
v -0.500000 2.812500 0.093750
v -0.500000 2.812500 0.096875
v 0.468750 2.812500 -0.000000
v 0.468750 2.625000 0.000000
v 0.468750 2.437500 -0.000000
v 0.468750 2.250000 -0.000000
v 0.468750 2.062500 -0.000000
v 0.468750 1.875000 0.000000
v 0.468750 1.687500 0.000000
v 0.468750 1.500000 0.000000
v 0.468750 1.312500 -0.000000
v 0.468750 1.125000 -0.000000
v 0.468750 0.937500 0.000000
v 0.468750 0.750000 -0.000000
v 0.468750 0.562500 0.000000
v 0.468750 0.375000 -0.000000
v 0.468750 0.187500 -0.000000
v 0.468750 -0.000000 -0.000000
v 0.468750 -0.187500 -0.000000
v 0.468750 -0.375000 0.000000
v 0.468750 -0.562500 -0.000000
v 0.468750 -0.750000 0.000000
v 0.468750 -0.937500 0.000000
v 0.468750 -1.125000 -0.000000
v 0.468750 -1.312500 0.000000
v 0.468750 -1.500000 -0.000000
v 0.468750 -1.687500 0.000000
v 0.468750 -1.875000 0.000000
v 0.468750 -2.062500 -0.000000
v 0.468750 -2.250000 0.000000
v 0.468750 -2.437500 0.000000
v 0.468750 -2.625000 0.000000
v 0.468750 -2.812500 0.000000
v 0.437500 2.812500 -0.000000
v 0.437500 2.625000 0.000000
v 0.437500 2.437500 -0.000000
v 0.437500 2.250000 -0.000000
v 0.437500 2.062500 -0.000000
v 0.437500 1.875000 0.000000
v 0.437500 1.687500 -0.000000
v 0.437500 1.500000 0.000000
v 0.437500 1.312500 -0.000000
v 0.437500 1.125000 -0.000000
v 0.437500 0.937500 0.000000
v 0.437500 0.750000 -0.000000
v 0.437500 0.562500 -0.000000
v 0.437500 0.375000 0.000000
v 0.437500 0.187500 -0.000000
v 0.437500 -0.000000 0.000000
v 0.437500 -0.187500 -0.000000
v 0.437500 -0.375000 0.000000
v 0.437500 -0.562500 -0.000000
v 0.437500 -0.750000 -0.000000
v 0.437500 -0.937500 0.000000
v 0.437500 -1.125000 -0.000000
v 0.437500 -1.312500 0.000000
v 0.437500 -1.500000 0.000000
v 0.437500 -1.687500 -0.000000
v 0.437500 -1.875000 -0.000000
v 0.437500 -2.062500 0.000000
v 0.437500 -2.250000 0.000000
v 0.437500 -2.437500 -0.000000
v 0.437500 -2.625000 0.000000
v 0.437500 -2.812500 -0.000000
v 0.406250 2.812500 -0.000000
v 0.406250 2.625000 -0.000000
v 0.406250 2.437500 -0.000000
v 0.406250 2.250000 0.000000
v 0.406250 2.062500 0.000000
v 0.406250 1.875000 0.000000
v 0.406250 1.687500 -0.000000
v 0.406250 1.500000 0.000000
v 0.406250 1.312500 0.000000
v 0.406250 1.125000 -0.000000
v 0.406250 0.937500 -0.000000
v 0.406250 0.750000 0.000000
v 0.406250 0.562500 0.000000
v 0.406250 0.375000 0.000000
v 0.406250 0.187500 -0.000000
v 0.406250 0.000000 -0.000000
v 0.406250 -0.187500 0.000000
v 0.406250 -0.375000 -0.000000
v 0.406250 -0.562500 0.000000
v 0.406250 -0.750000 0.000000
v 0.406250 -0.937500 0.000000
v 0.406250 -1.125000 -0.000000
v 0.406250 -1.312500 -0.000000
v 0.406250 -1.500000 0.000000
v 0.406250 -1.687500 0.000000
v 0.406250 -1.875000 0.000000
v 0.406250 -2.062500 0.000000
v 0.406250 -2.250000 -0.000000
v 0.406250 -2.437500 0.000000
v 0.406250 -2.625000 0.000000
v 0.406250 -2.812500 0.000000
v 0.375000 2.812500 0.000000
v 0.375000 2.625000 0.000000
v 0.375000 2.437500 0.000000
v 0.375000 2.250000 -0.000000
v 0.375000 2.062500 0.000000
v 0.375000 1.875000 -0.000000
v 0.375000 1.687500 0.000000
v 0.375000 1.500000 0.000000
v 0.375000 1.312500 -0.000000
v 0.375000 1.125000 -0.000000
v 0.375000 0.937500 0.000000
v 0.375000 0.750000 -0.000000
v 0.375000 0.562500 -0.000000
v 0.375000 0.375000 -0.000000
v 0.375000 0.187500 0.000000
v 0.375000 0.000000 -0.000000
v 0.375000 -0.187500 0.000000
v 0.375000 -0.375000 -0.000000
v 0.375000 -0.562500 0.000000
v 0.375000 -0.750000 -0.000000
v 0.375000 -0.937500 -0.000000
v 0.375000 -1.125000 -0.000000
v 0.375000 -1.312500 0.000000
v 0.375000 -1.500000 -0.000000
v 0.375000 -1.687500 -0.000000
v 0.375000 -1.875000 -0.000000
v 0.375000 -2.062500 -0.000000
v 0.375000 -2.250000 0.000000
v 0.375000 -2.437500 0.000000
v 0.375000 -2.625000 -0.000000
v 0.375000 -2.812500 0.000000
v 0.343750 2.812500 0.000000
v 0.343750 2.625000 -0.000000
v 0.343750 2.437500 -0.000000
v 0.343750 2.250000 -0.000000
v 0.343750 2.062500 0.000000
v 0.343750 1.875000 0.000000
v 0.343750 1.687500 0.000000
v 0.343750 1.500000 0.000000
v 0.343750 1.312500 0.000000
v 0.343750 1.125000 -0.000000
v 0.343750 0.937500 -0.000000
v 0.343750 0.750000 -0.000000
v 0.343750 0.562500 -0.000000
v 0.343750 0.375000 0.000000
v 0.343750 0.187500 -0.000000
v 0.343750 -0.000000 0.000000
v 0.343750 -0.187500 0.000000
v 0.343750 -0.375000 0.000000
v 0.343750 -0.562500 0.000000
v 0.343750 -0.750000 -0.000000
v 0.343750 -0.937500 -0.000000
v 0.343750 -1.125000 0.000000
v 0.343750 -1.312500 0.000000
v 0.343750 -1.500000 0.000000
v 0.343750 -1.687500 0.000000
v 0.343750 -1.875000 -0.000000
v 0.343750 -2.062500 0.000000
v 0.343750 -2.250000 -0.000000
v 0.343750 -2.437500 0.000000
v 0.343750 -2.625000 0.000000
v 0.343750 -2.812500 -0.000000
v 0.312500 2.812500 0.000000
v 0.312500 2.625000 -0.000000
v 0.312500 2.437500 0.000000
v 0.312500 2.250000 -0.000000
v 0.312500 2.062500 -0.000000
v 0.312500 1.875000 -0.000000
v 0.312500 1.687500 -0.000000
v 0.312500 1.500000 0.000000
v 0.312500 1.312500 -0.000000
v 0.312500 1.125000 -0.000000
v 0.312500 0.937500 -0.000000
v 0.312500 0.750000 -0.000000
v 0.312500 0.562500 0.000000
v 0.312500 0.375000 -0.000000
v 0.312500 0.187500 -0.000000
v 0.312500 0.000000 0.000000
v 0.312500 -0.187500 -0.000000
v 0.312500 -0.375000 -0.000000
v 0.312500 -0.562500 0.000000
v 0.312500 -0.750000 -0.000000
v 0.312500 -0.937500 -0.000000
v 0.312500 -1.125000 -0.000000
v 0.312500 -1.312500 -0.000000
v 0.312500 -1.500000 0.000000
v 0.312500 -1.687500 -0.000000
v 0.312500 -1.875000 -0.000000
v 0.312500 -2.062500 0.000000
v 0.312500 -2.250000 -0.000000
v 0.312500 -2.437500 -0.000000
v 0.312500 -2.625000 0.000000
v 0.312500 -2.812500 -0.000000
v 0.281250 2.812500 0.000000
v 0.281250 2.625000 0.000000
v 0.281250 2.437500 -0.000000
v 0.281250 2.250000 0.000000
v 0.281250 2.062500 -0.000000
v 0.281250 1.875000 -0.000000
v 0.281250 1.687500 -0.000000
v 0.281250 1.500000 0.000000
v 0.281250 1.312500 -0.000000
v 0.281250 1.125000 0.000000
v 0.281250 0.937500 -0.000000
v 0.281250 0.750000 0.000000
v 0.281250 0.562500 -0.000000
v 0.281250 0.375000 -0.000000
v 0.281250 0.187500 -0.000000
v 0.281250 0.000000 -0.000000
v 0.281250 -0.187500 0.000000
v 0.281250 -0.375000 -0.000000
v 0.281250 -0.562500 -0.000000
v 0.281250 -0.750000 0.000000
v 0.281250 -0.937500 -0.000000
v 0.281250 -1.125000 0.000000
v 0.281250 -1.312500 0.000000
v 0.281250 -1.500000 -0.000000
v 0.281250 -1.687500 0.000000
v 0.281250 -1.875000 -0.000000
v 0.281250 -2.062500 0.000000
v 0.281250 -2.250000 -0.000000
v 0.281250 -2.437500 -0.000000
v 0.281250 -2.625000 -0.000000
v 0.281250 -2.812500 0.000000
v 0.250000 2.812500 -0.000000
v 0.250000 2.625000 0.000000
v 0.250000 2.437500 -0.000000
v 0.250000 2.250000 0.000000
v 0.250000 2.062500 0.000000
v 0.250000 1.875000 -0.000000
v 0.250000 1.687500 0.000000
v 0.250000 1.500000 0.000000
v 0.250000 1.312500 -0.000000
v 0.250000 1.125000 0.000000
v 0.250000 0.937500 0.000000
v 0.250000 0.750000 0.000000
v 0.250000 0.562500 -0.000000
v 0.250000 0.375000 0.000000
v 0.250000 0.187500 0.000000
v 0.250000 -0.000000 0.000000
v 0.250000 -0.187500 0.000000
v 0.250000 -0.375000 0.000000
v 0.250000 -0.562500 0.000000
v 0.250000 -0.750000 0.000000
v 0.250000 -0.937500 0.000000
v 0.250000 -1.125000 0.000000
v 0.250000 -1.312500 0.000000
v 0.250000 -1.500000 0.000000
v 0.250000 -1.687500 0.000000
v 0.250000 -1.875000 0.000000
v 0.250000 -2.062500 0.000000
v 0.250000 -2.250000 0.000000
v 0.250000 -2.437500 0.000000
v 0.250000 -2.625000 0.000000
v 0.250000 -2.812500 -0.000000
v 0.218750 2.812500 -0.000000
v 0.218750 2.625000 0.000000
v 0.218750 2.437500 0.000000
v 0.218750 2.250000 -0.000000
v 0.218750 2.062500 0.000000
v 0.218750 1.875000 -0.000000
v 0.218750 1.687500 0.000000
v 0.218750 1.500000 0.000000
v 0.218750 1.312500 -0.000000
v 0.218750 1.125000 -0.000000
v 0.218750 0.937500 0.000000
v 0.218750 0.750000 0.000000
v 0.218750 0.562500 -0.000000
v 0.218750 0.375000 -0.000000
v 0.218750 0.187500 -0.000000
v 0.218750 0.000000 -0.000000
v 0.218750 -0.187500 -0.000000
v 0.218750 -0.375000 -0.000000
v 0.218750 -0.562500 -0.000000
v 0.218750 -0.750000 0.000000
v 0.218750 -0.937500 -0.000000
v 0.218750 -1.125000 0.000000
v 0.218750 -1.312500 0.000000
v 0.218750 -1.500000 0.000000
v 0.218750 -1.687500 0.000000
v 0.218750 -1.875000 -0.000000
v 0.218750 -2.062500 0.000000
v 0.218750 -2.250000 -0.000000
v 0.218750 -2.437500 0.000000
v 0.218750 -2.625000 0.000000
v 0.218750 -2.812500 -0.000000
v 0.187500 2.812500 -0.000000
v 0.187500 2.625000 0.000000
v 0.187500 2.437500 -0.000000
v 0.187500 2.250000 -0.000000
v 0.187500 2.062500 -0.000000
v 0.187500 1.875000 0.000000
v 0.187500 1.687500 0.000000
v 0.187500 1.500000 0.000000
v 0.187500 1.312500 -0.000000
v 0.187500 1.125000 -0.000000
v 0.187500 0.937500 0.000000
v 0.187500 0.750000 -0.000000
v 0.187500 0.562500 -0.000000
v 0.187500 0.375000 0.000000
v 0.187500 0.187500 0.000000
v 0.187500 0.000000 -0.000000
v 0.187500 -0.187500 -0.000000
v 0.187500 -0.375000 0.000000
v 0.187500 -0.562500 -0.000000
v 0.187500 -0.750000 -0.000000
v 0.187500 -0.937500 0.000000
v 0.187500 -1.125000 -0.000000
v 0.187500 -1.312500 -0.000000
v 0.187500 -1.500000 -0.000000
v 0.187500 -1.687500 0.000000
v 0.187500 -1.875000 -0.000000
v 0.187500 -2.062500 0.000000
v 0.187500 -2.250000 -0.000000
v 0.187500 -2.437500 0.000000
v 0.187500 -2.625000 -0.000000
v 0.187500 -2.812500 -0.000000
v 0.156250 2.812500 0.000000
v 0.156250 2.625000 -0.000000
v 0.156250 2.437500 -0.000000
v 0.156250 2.250000 0.000000
v 0.156250 2.062500 0.000000
v 0.156250 1.875000 -0.000000
v 0.156250 1.687500 -0.000000
v 0.156250 1.500000 0.000000
v 0.156250 1.312500 -0.000000
v 0.156250 1.125000 -0.000000
v 0.156250 0.937500 -0.000000
v 0.156250 0.750000 -0.000000
v 0.156250 0.562500 -0.000000
v 0.156250 0.375000 -0.000000
v 0.156250 0.187500 -0.000000
v 0.156250 0.000000 -0.000000
v 0.156250 -0.187500 -0.000000
v 0.156250 -0.375000 -0.000000
v 0.156250 -0.562500 -0.000000
v 0.156250 -0.750000 0.000000
v 0.156250 -0.937500 -0.000000
v 0.156250 -1.125000 -0.000000
v 0.156250 -1.312500 0.000000
v 0.156250 -1.500000 0.000000
v 0.156250 -1.687500 0.000000
v 0.156250 -1.875000 -0.000000
v 0.156250 -2.062500 0.000000
v 0.156250 -2.250000 0.000000
v 0.156250 -2.437500 -0.000000
v 0.156250 -2.625000 -0.000000
v 0.156250 -2.812500 0.000000
v 0.125000 2.812500 0.000000
v 0.125000 2.625000 0.000000
v 0.125000 2.437500 0.000000
v 0.125000 2.250000 0.000000
v 0.125000 2.062500 0.000000
v 0.125000 1.875000 0.000000
v 0.125000 1.687500 -0.000000
v 0.125000 1.500000 -0.000000
v 0.125000 1.312500 0.000000
v 0.125000 1.125000 0.000000
v 0.125000 0.937500 0.000000
v 0.125000 0.750000 -0.000000
v 0.125000 0.562500 0.000000
v 0.125000 0.375000 -0.000000
v 0.125000 0.187500 -0.000000
v 0.125000 0.000000 0.000000
v 0.125000 -0.187500 -0.000000
v 0.125000 -0.375000 -0.000000
v 0.125000 -0.562500 0.000000
v 0.125000 -0.750000 -0.000000
v 0.125000 -0.937500 -0.000000
v 0.125000 -1.125000 -0.000000
v 0.125000 -1.312500 0.000000
v 0.125000 -1.500000 -0.000000
v 0.125000 -1.687500 -0.000000
v 0.125000 -1.875000 0.000000
v 0.125000 -2.062500 0.000000
v 0.125000 -2.250000 -0.000000
v 0.125000 -2.437500 -0.000000
v 0.125000 -2.625000 0.000000
v 0.125000 -2.812500 0.000000
v 0.093750 2.812500 -0.000000
v 0.093750 2.625000 0.000000
v 0.093750 2.437500 0.000000
v 0.093750 2.250000 -0.000000
v 0.093750 2.062500 -0.000000
v 0.093750 1.875000 0.000000
v 0.093750 1.687500 -0.000000
v 0.093750 1.500000 -0.000000
v 0.093750 1.312500 0.000000
v 0.093750 1.125000 -0.000000
v 0.093750 0.937500 -0.000000
v 0.093750 0.750000 0.000000
v 0.093750 0.562500 -0.000000
v 0.093750 0.375000 -0.000000
v 0.093750 0.187500 0.000000
v 0.093750 -0.000000 -0.000000
v 0.093750 -0.187500 -0.000000
v 0.093750 -0.375000 0.000000
v 0.093750 -0.562500 -0.000000
v 0.093750 -0.750000 0.000000
v 0.093750 -0.937500 -0.000000
v 0.093750 -1.125000 -0.000000
v 0.093750 -1.312500 0.000000
v 0.093750 -1.500000 -0.000000
v 0.093750 -1.687500 -0.000000
v 0.093750 -1.875000 -0.000000
v 0.093750 -2.062500 0.000000
v 0.093750 -2.250000 0.000000
v 0.093750 -2.437500 0.000000
v 0.093750 -2.625000 -0.000000
v 0.093750 -2.812500 0.000000
v 0.062500 2.812500 0.000000
v 0.062500 2.625000 0.000000
v 0.062500 2.437500 -0.000000
v 0.062500 2.250000 -0.000000
v 0.062500 2.062500 -0.000000
v 0.062500 1.875000 -0.000000
v 0.062500 1.687500 -0.000000
v 0.062500 1.500000 0.000000
v 0.062500 1.312500 -0.000000
v 0.062500 1.125000 0.000000
v 0.062500 0.937500 -0.000000
v 0.062500 0.750000 -0.000000
v 0.062500 0.562500 -0.000000
v 0.062500 0.375000 -0.000000
v 0.062500 0.187500 0.000000
v 0.062500 0.000000 -0.000000
v 0.062500 -0.187500 0.000000
v 0.062500 -0.375000 -0.000000
v 0.062500 -0.562500 0.000000
v 0.062500 -0.750000 -0.000000
v 0.062500 -0.937500 -0.000000
v 0.062500 -1.125000 0.000000
v 0.062500 -1.312500 0.000000
v 0.062500 -1.500000 0.000000
v 0.062500 -1.687500 -0.000000
v 0.062500 -1.875000 0.000000
v 0.062500 -2.062500 -0.000000
v 0.062500 -2.250000 -0.000000
v 0.062500 -2.437500 -0.000000
v 0.062500 -2.625000 0.000000
v 0.062500 -2.812500 0.000000
v 0.031250 2.812500 0.000000
v 0.031250 2.625000 -0.000000
v 0.031250 2.437500 0.000000
v 0.031250 2.250000 0.000000
v 0.031250 2.062500 0.000000
v 0.031250 1.875000 -0.000000
v 0.031250 1.687500 -0.000000
v 0.031250 1.500000 0.000000
v 0.031250 1.312500 -0.000000
v 0.031250 1.125000 -0.000000
v 0.031250 0.937500 -0.000000
v 0.031250 0.750000 -0.000000
v 0.031250 0.562500 0.000000
v 0.031250 0.375000 -0.000000
v 0.031250 0.187500 0.000000
v 0.031250 0.000000 0.000000
v 0.031250 -0.187500 -0.000000
v 0.031250 -0.375000 -0.000000
v 0.031250 -0.562500 0.000000
v 0.031250 -0.750000 0.000000
v 0.031250 -0.937500 -0.000000
v 0.031250 -1.125000 0.000000
v 0.031250 -1.312500 0.000000
v 0.031250 -1.500000 0.000000
v 0.031250 -1.687500 0.000000
v 0.031250 -1.875000 -0.000000
v 0.031250 -2.062500 0.000000
v 0.031250 -2.250000 0.000000
v 0.031250 -2.437500 0.000000
v 0.031250 -2.625000 -0.000000
v 0.031250 -2.812500 -0.000000
v 0.000000 2.812500 -0.000000
v -0.000000 2.625000 0.000000
v -0.000000 2.437500 -0.000000
v 0.000000 2.250000 -0.000000
v 0.000000 2.062500 -0.000000
v -0.000000 1.875000 -0.000000
v 0.000000 1.687500 -0.000000
v 0.000000 1.500000 -0.000000
v -0.000000 1.312500 -0.000000
v 0.000000 1.125000 -0.000000
v 0.000000 0.937500 -0.000000
v 0.000000 0.750000 -0.000000
v 0.000000 0.562500 -0.000000
v 0.000000 0.375000 -0.000000
v -0.000000 0.187500 0.000000
v 0.000000 -0.000000 -0.000000
v 0.000000 -0.187500 0.000000
v 0.000000 -0.375000 -0.000000
v 0.000000 -0.562500 -0.000000
v 0.000000 -0.750000 -0.000000
v 0.000000 -0.937500 -0.000000
v 0.000000 -1.125000 -0.000000
v 0.000000 -1.312500 -0.000000
v 0.000000 -1.500000 -0.000000
v 0.000000 -1.687500 -0.000000
v 0.000000 -1.875000 -0.000000
v 0.000000 -2.062500 -0.000000
v 0.000000 -2.250000 -0.000000
v 0.000000 -2.437500 -0.000000
v 0.000000 -2.625000 -0.000000
v 0.000000 -2.812500 -0.000000
v -0.031250 2.812500 -0.000000
v -0.031250 2.625000 -0.000000
v -0.031250 2.437500 0.000000
v -0.031250 2.250000 0.000000
v -0.031250 2.062500 0.000000
v -0.031250 1.875000 -0.000000
v -0.031250 1.687500 -0.000000
v -0.031250 1.500000 0.000000
v -0.031250 1.312500 0.000000
v -0.031250 1.125000 -0.000000
v -0.031250 0.937500 -0.000000
v -0.031250 0.750000 -0.000000
v -0.031250 0.562500 -0.000000
v -0.031250 0.375000 -0.000000
v -0.031250 0.187500 -0.000000
v -0.031250 0.000000 0.000000
v -0.031250 -0.187500 -0.000000
v -0.031250 -0.375000 0.000000
v -0.031250 -0.562500 -0.000000
v -0.031250 -0.750000 0.000000
v -0.031250 -0.937500 -0.000000
v -0.031250 -1.125000 -0.000000
v -0.031250 -1.312500 -0.000000
v -0.031250 -1.500000 0.000000
v -0.031250 -1.687500 0.000000
v -0.031250 -1.875000 -0.000000
v -0.031250 -2.062500 -0.000000
v -0.031250 -2.250000 0.000000
v -0.031250 -2.437500 -0.000000
v -0.031250 -2.625000 -0.000000
v -0.031250 -2.812500 -0.000000
v -0.062500 2.812500 0.000000
v -0.062500 2.625000 0.000000
v -0.062500 2.437500 -0.000000
v -0.062500 2.250000 0.000000
v -0.062500 2.062500 0.000000
v -0.062500 1.875000 0.000000
v -0.062500 1.687500 -0.000000
v -0.062500 1.500000 -0.000000
v -0.062500 1.312500 0.000000
v -0.062500 1.125000 -0.000000
v -0.062500 0.937500 0.000000
v -0.062500 0.750000 -0.000000
v -0.062500 0.562500 -0.000000
v -0.062500 0.375000 -0.000000
v -0.062500 0.187500 -0.000000
v -0.062500 0.000000 -0.000000
v -0.062500 -0.187500 -0.000000
v -0.062500 -0.375000 -0.000000
v -0.062500 -0.562500 -0.000000
v -0.062500 -0.750000 -0.000000
v -0.062500 -0.937500 -0.000000
v -0.062500 -1.125000 -0.000000
v -0.062500 -1.312500 0.000000
v -0.062500 -1.500000 -0.000000
v -0.062500 -1.687500 -0.000000
v -0.062500 -1.875000 0.000000
v -0.062500 -2.062500 0.000000
v -0.062500 -2.250000 -0.000000
v -0.062500 -2.437500 -0.000000
v -0.062500 -2.625000 0.000000
v -0.062500 -2.812500 0.000000
v -0.093750 2.812500 -0.000000
v -0.093750 2.625000 -0.000000
v -0.093750 2.437500 0.000000
v -0.093750 2.250000 -0.000000
v -0.093750 2.062500 -0.000000
v -0.093750 1.875000 0.000000
v -0.093750 1.687500 -0.000000
v -0.093750 1.500000 -0.000000
v -0.093750 1.312500 -0.000000
v -0.093750 1.125000 -0.000000
v -0.093750 0.937500 0.000000
v -0.093750 0.750000 -0.000000
v -0.093750 0.562500 -0.000000
v -0.093750 0.375000 0.000000
v -0.093750 0.187500 0.000000
v -0.093750 0.000000 -0.000000
v -0.093750 -0.187500 -0.000000
v -0.093750 -0.375000 -0.000000
v -0.093750 -0.562500 -0.000000
v -0.093750 -0.750000 -0.000000
v -0.093750 -0.937500 0.000000
v -0.093750 -1.125000 -0.000000
v -0.093750 -1.312500 0.000000
v -0.093750 -1.500000 -0.000000
v -0.093750 -1.687500 -0.000000
v -0.093750 -1.875000 0.000000
v -0.093750 -2.062500 -0.000000
v -0.093750 -2.250000 -0.000000
v -0.093750 -2.437500 0.000000
v -0.093750 -2.625000 -0.000000
v -0.093750 -2.812500 -0.000000
v -0.125000 2.812500 0.000000
v -0.125000 2.625000 0.000000
v -0.125000 2.437500 0.000000
v -0.125000 2.250000 -0.000000
v -0.125000 2.062500 0.000000
v -0.125000 1.875000 -0.000000
v -0.125000 1.687500 0.000000
v -0.125000 1.500000 0.000000
v -0.125000 1.312500 -0.000000
v -0.125000 1.125000 -0.000000
v -0.125000 0.937500 0.000000
v -0.125000 0.750000 -0.000000
v -0.125000 0.562500 0.000000
v -0.125000 0.375000 -0.000000
v -0.125000 0.187500 -0.000000
v -0.125000 -0.000000 -0.000000
v -0.125000 -0.187500 0.000000
v -0.125000 -0.375000 -0.000000
v -0.125000 -0.562500 0.000000
v -0.125000 -0.750000 -0.000000
v -0.125000 -0.937500 -0.000000
v -0.125000 -1.125000 -0.000000
v -0.125000 -1.312500 -0.000000
v -0.125000 -1.500000 0.000000
v -0.125000 -1.687500 0.000000
v -0.125000 -1.875000 -0.000000
v -0.125000 -2.062500 0.000000
v -0.125000 -2.250000 -0.000000
v -0.125000 -2.437500 0.000000
v -0.125000 -2.625000 0.000000
v -0.125000 -2.812500 0.000000
v -0.156250 2.812500 0.000000
v -0.156250 2.625000 0.000000
v -0.156250 2.437500 -0.000000
v -0.156250 2.250000 0.000000
v -0.156250 2.062500 0.000000
v -0.156250 1.875000 -0.000000
v -0.156250 1.687500 -0.000000
v -0.156250 1.500000 -0.000000
v -0.156250 1.312500 0.000000
v -0.156250 1.125000 -0.000000
v -0.156250 0.937500 0.000000
v -0.156250 0.750000 0.000000
v -0.156250 0.562500 -0.000000
v -0.156250 0.375000 0.000000
v -0.156250 0.187500 -0.000000
v -0.156250 0.000000 -0.000000
v -0.156250 -0.187500 0.000000
v -0.156250 -0.375000 0.000000
v -0.156250 -0.562500 -0.000000
v -0.156250 -0.750000 0.000000
v -0.156250 -0.937500 -0.000000
v -0.156250 -1.125000 0.000000
v -0.156250 -1.312500 0.000000
v -0.156250 -1.500000 -0.000000
v -0.156250 -1.687500 -0.000000
v -0.156250 -1.875000 0.000000
v -0.156250 -2.062500 0.000000
v -0.156250 -2.250000 0.000000
v -0.156250 -2.437500 -0.000000
v -0.156250 -2.625000 0.000000
v -0.156250 -2.812500 0.000000
v -0.187500 2.812500 -0.000000
v -0.187500 2.625000 0.000000
v -0.187500 2.437500 -0.000000
v -0.187500 2.250000 0.000000
v -0.187500 2.062500 -0.000000
v -0.187500 1.875000 -0.000000
v -0.187500 1.687500 -0.000000
v -0.187500 1.500000 0.000000
v -0.187500 1.312500 -0.000000
v -0.187500 1.125000 -0.000000
v -0.187500 0.937500 -0.000000
v -0.187500 0.750000 -0.000000
v -0.187500 0.562500 -0.000000
v -0.187500 0.375000 -0.000000
v -0.187500 0.187500 -0.000000
v -0.187500 0.000000 -0.000000
v -0.187500 -0.187500 -0.000000
v -0.187500 -0.375000 -0.000000
v -0.187500 -0.562500 0.000000
v -0.187500 -0.750000 0.000000
v -0.187500 -0.937500 -0.000000
v -0.187500 -1.125000 0.000000
v -0.187500 -1.312500 0.000000
v -0.187500 -1.500000 -0.000000
v -0.187500 -1.687500 0.000000
v -0.187500 -1.875000 -0.000000
v -0.187500 -2.062500 -0.000000
v -0.187500 -2.250000 0.000000
v -0.187500 -2.437500 0.000000
v -0.187500 -2.625000 -0.000000
v -0.187500 -2.812500 -0.000000
v -0.218750 2.812500 -0.000000
v -0.218750 2.625000 -0.000000
v -0.218750 2.437500 -0.000000
v -0.218750 2.250000 0.000000
v -0.218750 2.062500 0.000000
v -0.218750 1.875000 -0.000000
v -0.218750 1.687500 -0.000000
v -0.218750 1.500000 0.000000
v -0.218750 1.312500 -0.000000
v -0.218750 1.125000 -0.000000
v -0.218750 0.937500 -0.000000
v -0.218750 0.750000 -0.000000
v -0.218750 0.562500 -0.000000
v -0.218750 0.375000 0.000000
v -0.218750 0.187500 -0.000000
v -0.218750 -0.000000 -0.000000
v -0.218750 -0.187500 0.000000
v -0.218750 -0.375000 -0.000000
v -0.218750 -0.562500 0.000000
v -0.218750 -0.750000 0.000000
v -0.218750 -0.937500 -0.000000
v -0.218750 -1.125000 -0.000000
v -0.218750 -1.312500 -0.000000
v -0.218750 -1.500000 0.000000
v -0.218750 -1.687500 0.000000
v -0.218750 -1.875000 0.000000
v -0.218750 -2.062500 0.000000
v -0.218750 -2.250000 -0.000000
v -0.218750 -2.437500 0.000000
v -0.218750 -2.625000 0.000000
v -0.218750 -2.812500 -0.000000
v -0.250000 2.812500 -0.000000
v -0.250000 2.625000 0.000000
v -0.250000 2.437500 -0.000000
v -0.250000 2.250000 0.000000
v -0.250000 2.062500 0.000000
v -0.250000 1.875000 -0.000000
v -0.250000 1.687500 0.000000
v -0.250000 1.500000 0.000000
v -0.250000 1.312500 -0.000000
v -0.250000 1.125000 0.000000
v -0.250000 0.937500 0.000000
v -0.250000 0.750000 0.000000
v -0.250000 0.562500 -0.000000
v -0.250000 0.375000 0.000000
v -0.250000 0.187500 0.000000
v -0.250000 0.000000 -0.000000
v -0.250000 -0.187500 0.000000
v -0.250000 -0.375000 0.000000
v -0.250000 -0.562500 -0.000000
v -0.250000 -0.750000 -0.000000
v -0.250000 -0.937500 0.000000
v -0.250000 -1.125000 0.000000
v -0.250000 -1.312500 0.000000
v -0.250000 -1.500000 0.000000
v -0.250000 -1.687500 -0.000000
v -0.250000 -1.875000 -0.000000
v -0.250000 -2.062500 0.000000
v -0.250000 -2.250000 0.000000
v -0.250000 -2.437500 -0.000000
v -0.250000 -2.625000 0.000000
v -0.250000 -2.812500 -0.000000
v -0.281250 2.812500 -0.000000
v -0.281250 2.625000 -0.000000
v -0.281250 2.437500 -0.000000
v -0.281250 2.250000 0.000000
v -0.281250 2.062500 -0.000000
v -0.281250 1.875000 -0.000000
v -0.281250 1.687500 0.000000
v -0.281250 1.500000 0.000000
v -0.281250 1.312500 -0.000000
v -0.281250 1.125000 -0.000000
v -0.281250 0.937500 -0.000000
v -0.281250 0.750000 -0.000000
v -0.281250 0.562500 -0.000000
v -0.281250 0.375000 -0.000000
v -0.281250 0.187500 -0.000000
v -0.281250 0.000000 -0.000000
v -0.281250 -0.187500 0.000000
v -0.281250 -0.375000 -0.000000
v -0.281250 -0.562500 -0.000000
v -0.281250 -0.750000 -0.000000
v -0.281250 -0.937500 -0.000000
v -0.281250 -1.125000 0.000000
v -0.281250 -1.312500 0.000000
v -0.281250 -1.500000 -0.000000
v -0.281250 -1.687500 0.000000
v -0.281250 -1.875000 0.000000
v -0.281250 -2.062500 -0.000000
v -0.281250 -2.250000 -0.000000
v -0.281250 -2.437500 -0.000000
v -0.281250 -2.625000 -0.000000
v -0.281250 -2.812500 0.000000
v -0.312500 2.812500 0.000000
v -0.312500 2.625000 0.000000
v -0.312500 2.437500 0.000000
v -0.312500 2.250000 -0.000000
v -0.312500 2.062500 -0.000000
v -0.312500 1.875000 0.000000
v -0.312500 1.687500 -0.000000
v -0.312500 1.500000 -0.000000
v -0.312500 1.312500 -0.000000
v -0.312500 1.125000 0.000000
v -0.312500 0.937500 -0.000000
v -0.312500 0.750000 -0.000000
v -0.312500 0.562500 0.000000
v -0.312500 0.375000 -0.000000
v -0.312500 0.187500 -0.000000
v -0.312500 0.000000 0.000000
v -0.312500 -0.187500 0.000000
v -0.312500 -0.375000 -0.000000
v -0.312500 -0.562500 -0.000000
v -0.312500 -0.750000 0.000000
v -0.312500 -0.937500 0.000000
v -0.312500 -1.125000 -0.000000
v -0.312500 -1.312500 -0.000000
v -0.312500 -1.500000 0.000000
v -0.312500 -1.687500 -0.000000
v -0.312500 -1.875000 0.000000
v -0.312500 -2.062500 0.000000
v -0.312500 -2.250000 -0.000000
v -0.312500 -2.437500 0.000000
v -0.312500 -2.625000 0.000000
v -0.312500 -2.812500 -0.000000
v -0.343750 2.812500 0.000000
v -0.343750 2.625000 0.000000
v -0.343750 2.437500 0.000000
v -0.343750 2.250000 0.000000
v -0.343750 2.062500 0.000000
v -0.343750 1.875000 0.000000
v -0.343750 1.687500 0.000000
v -0.343750 1.500000 0.000000
v -0.343750 1.312500 0.000000
v -0.343750 1.125000 -0.000000
v -0.343750 0.937500 0.000000
v -0.343750 0.750000 0.000000
v -0.343750 0.562500 -0.000000
v -0.343750 0.375000 0.000000
v -0.343750 0.187500 -0.000000
v -0.343750 0.000000 -0.000000
v -0.343750 -0.187500 0.000000
v -0.343750 -0.375000 0.000000
v -0.343750 -0.562500 0.000000
v -0.343750 -0.750000 0.000000
v -0.343750 -0.937500 0.000000
v -0.343750 -1.125000 -0.000000
v -0.343750 -1.312500 -0.000000
v -0.343750 -1.500000 0.000000
v -0.343750 -1.687500 0.000000
v -0.343750 -1.875000 0.000000
v -0.343750 -2.062500 0.000000
v -0.343750 -2.250000 0.000000
v -0.343750 -2.437500 0.000000
v -0.343750 -2.625000 0.000000
v -0.343750 -2.812500 -0.000000
v -0.375000 2.812500 -0.000000
v -0.375000 2.625000 0.000000
v -0.375000 2.437500 0.000000
v -0.375000 2.250000 -0.000000
v -0.375000 2.062500 0.000000
v -0.375000 1.875000 -0.000000
v -0.375000 1.687500 -0.000000
v -0.375000 1.500000 0.000000
v -0.375000 1.312500 -0.000000
v -0.375000 1.125000 -0.000000
v -0.375000 0.937500 0.000000
v -0.375000 0.750000 -0.000000
v -0.375000 0.562500 -0.000000
v -0.375000 0.375000 -0.000000
v -0.375000 0.187500 0.000000
v -0.375000 0.000000 -0.000000
v -0.375000 -0.187500 0.000000
v -0.375000 -0.375000 0.000000
v -0.375000 -0.562500 -0.000000
v -0.375000 -0.750000 -0.000000
v -0.375000 -0.937500 0.000000
v -0.375000 -1.125000 -0.000000
v -0.375000 -1.312500 0.000000
v -0.375000 -1.500000 0.000000
v -0.375000 -1.687500 0.000000
v -0.375000 -1.875000 -0.000000
v -0.375000 -2.062500 -0.000000
v -0.375000 -2.250000 0.000000
v -0.375000 -2.437500 -0.000000
v -0.375000 -2.625000 -0.000000
v -0.375000 -2.812500 0.000000
v -0.406250 2.812500 0.000000
v -0.406250 2.625000 0.000000
v -0.406250 2.437500 0.000000
v -0.406250 2.250000 0.000000
v -0.406250 2.062500 0.000000
v -0.406250 1.875000 0.000000
v -0.406250 1.687500 -0.000000
v -0.406250 1.500000 -0.000000
v -0.406250 1.312500 0.000000
v -0.406250 1.125000 -0.000000
v -0.406250 0.937500 -0.000000
v -0.406250 0.750000 0.000000
v -0.406250 0.562500 -0.000000
v -0.406250 0.375000 0.000000
v -0.406250 0.187500 0.000000
v -0.406250 0.000000 -0.000000
v -0.406250 -0.187500 0.000000
v -0.406250 -0.375000 -0.000000
v -0.406250 -0.562500 0.000000
v -0.406250 -0.750000 0.000000
v -0.406250 -0.937500 -0.000000
v -0.406250 -1.125000 -0.000000
v -0.406250 -1.312500 -0.000000
v -0.406250 -1.500000 0.000000
v -0.406250 -1.687500 -0.000000
v -0.406250 -1.875000 0.000000
v -0.406250 -2.062500 -0.000000
v -0.406250 -2.250000 0.000000
v -0.406250 -2.437500 0.000000
v -0.406250 -2.625000 0.000000
v -0.406250 -2.812500 0.000000
v -0.437500 2.812500 0.000000
v -0.437500 2.625000 0.000000
v -0.437500 2.437500 -0.000000
v -0.437500 2.250000 0.000000
v -0.437500 2.062500 0.000000
v -0.437500 1.875000 0.000000
v -0.437500 1.687500 -0.000000
v -0.437500 1.500000 0.000000
v -0.437500 1.312500 0.000000
v -0.437500 1.125000 0.000000
v -0.437500 0.937500 -0.000000
v -0.437500 0.750000 0.000000
v -0.437500 0.562500 0.000000
v -0.437500 0.375000 0.000000
v -0.437500 0.187500 0.000000
v -0.437500 0.000000 -0.000000
v -0.437500 -0.187500 0.000000
v -0.437500 -0.375000 0.000000
v -0.437500 -0.562500 0.000000
v -0.437500 -0.750000 0.000000
v -0.437500 -0.937500 0.000000
v -0.437500 -1.125000 0.000000
v -0.437500 -1.312500 0.000000
v -0.437500 -1.500000 0.000000
v -0.437500 -1.687500 -0.000000
v -0.437500 -1.875000 0.000000
v -0.437500 -2.062500 0.000000
v -0.437500 -2.250000 0.000000
v -0.437500 -2.437500 0.000000
v -0.437500 -2.625000 0.000000
v -0.437500 -2.812500 0.000000
v -0.468750 2.812500 0.000000
v -0.468750 2.625000 0.000000
v -0.468750 2.437500 0.000000
v -0.468750 2.250000 -0.000000
v -0.468750 2.062500 0.000000
v -0.468750 1.875000 -0.000000
v -0.468750 1.687500 0.000000
v -0.468750 1.500000 -0.000000
v -0.468750 1.312500 -0.000000
v -0.468750 1.125000 -0.000000
v -0.468750 0.937500 0.000000
v -0.468750 0.750000 -0.000000
v -0.468750 0.562500 -0.000000
v -0.468750 0.375000 0.000000
v -0.468750 0.187500 -0.000000
v -0.468750 0.000000 -0.000000
v -0.468750 -0.187500 -0.000000
v -0.468750 -0.375000 -0.000000
v -0.468750 -0.562500 -0.000000
v -0.468750 -0.750000 0.000000
v -0.468750 -0.937500 -0.000000
v -0.468750 -1.125000 -0.000000
v -0.468750 -1.312500 -0.000000
v -0.468750 -1.500000 -0.000000
v -0.468750 -1.687500 0.000000
v -0.468750 -1.875000 -0.000000
v -0.468750 -2.062500 -0.000000
v -0.468750 -2.250000 0.000000
v -0.468750 -2.437500 -0.000000
v -0.468750 -2.625000 -0.000000
v -0.468750 -2.812500 0.000000
v 0.468750 -2.812500 0.100000
v 0.468750 -2.625000 0.100000
v 0.468750 -2.437500 0.100000
v 0.468750 -2.250000 0.100000
v 0.468750 -2.062500 0.100000
v 0.468750 -1.875000 0.100000
v 0.468750 -1.687500 0.100000
v 0.468750 -1.500000 0.100000
v 0.468750 -1.312500 0.100000
v 0.468750 -1.125000 0.100000
v 0.468750 -0.937500 0.100000
v 0.468750 -0.750000 0.100000
v 0.468750 -0.562500 0.100000
v 0.468750 -0.375000 0.100000
v 0.468750 -0.187500 0.100000
v 0.468750 0.000000 0.100000
v 0.468750 0.187500 0.100000
v 0.468750 0.375000 0.100000
v 0.468750 0.562500 0.100000
v 0.468750 0.750000 0.100000
v 0.468750 0.937500 0.100000
v 0.468750 1.125000 0.100000
v 0.468750 1.312500 0.100000
v 0.468750 1.500000 0.100000
v 0.468750 1.687500 0.100000
v 0.468750 1.875000 0.100000
v 0.468750 2.062500 0.100000
v 0.468750 2.250000 0.100000
v 0.468750 2.437500 0.100000
v 0.468750 2.625000 0.100000
v 0.468750 2.812500 0.100000
v 0.437500 -2.812500 0.100000
v 0.437500 -2.625000 0.100000
v 0.437500 -2.437500 0.100000
v 0.437500 -2.250000 0.100000
v 0.437500 -2.062500 0.100000
v 0.437500 -1.875000 0.100000
v 0.437500 -1.687500 0.100000
v 0.437500 -1.500000 0.100000
v 0.437500 -1.312500 0.100000
v 0.437500 -1.125000 0.100000
v 0.437500 -0.937500 0.100000
v 0.437500 -0.750000 0.100000
v 0.437500 -0.562500 0.100000
v 0.437500 -0.375000 0.100000
v 0.437500 -0.187500 0.100000
v 0.437500 0.000000 0.100000
v 0.437500 0.187500 0.100000
v 0.437500 0.375000 0.100000
v 0.437500 0.562500 0.100000
v 0.437500 0.750000 0.100000
v 0.437500 0.937500 0.100000
v 0.437500 1.125000 0.100000
v 0.437500 1.312500 0.100000
v 0.437500 1.500000 0.100000
v 0.437500 1.687500 0.100000
v 0.437500 1.875000 0.100000
v 0.437500 2.062500 0.100000
v 0.437500 2.250000 0.100000
v 0.437500 2.437500 0.100000
v 0.437500 2.625000 0.100000
v 0.437500 2.812500 0.100000
v 0.406250 -2.812500 0.100000
v 0.406250 -2.625000 0.100000
v 0.406250 -2.437500 0.100000
v 0.406250 -2.250000 0.100000
v 0.406250 -2.062500 0.100000
v 0.406250 -1.875000 0.100000
v 0.406250 -1.687500 0.100000
v 0.406250 -1.500000 0.100000
v 0.406250 -1.312500 0.100000
v 0.406250 -1.125000 0.100000
v 0.406250 -0.937500 0.100000
v 0.406250 -0.750000 0.100000
v 0.406250 -0.562500 0.100000
v 0.406250 -0.375000 0.100000
v 0.406250 -0.187500 0.100000
v 0.406250 -0.000000 0.100000
v 0.406250 0.187500 0.100000
v 0.406250 0.375000 0.100000
v 0.406250 0.562500 0.100000
v 0.406250 0.750000 0.100000
v 0.406250 0.937500 0.100000
v 0.406250 1.125000 0.100000
v 0.406250 1.312500 0.100000
v 0.406250 1.500000 0.100000
v 0.406250 1.687500 0.100000
v 0.406250 1.875000 0.100000
v 0.406250 2.062500 0.100000
v 0.406250 2.250000 0.100000
v 0.406250 2.437500 0.100000
v 0.406250 2.625000 0.100000
v 0.406250 2.812500 0.100000
v 0.375000 -2.812500 0.100000
v 0.375000 -2.625000 0.100000
v 0.375000 -2.437500 0.100000
v 0.375000 -2.250000 0.100000
v 0.375000 -2.062500 0.100000
v 0.375000 -1.875000 0.100000
v 0.375000 -1.687500 0.100000
v 0.375000 -1.500000 0.100000
v 0.375000 -1.312500 0.100000
v 0.375000 -1.125000 0.100000
v 0.375000 -0.937500 0.100000
v 0.375000 -0.750000 0.100000
v 0.375000 -0.562500 0.100000
v 0.375000 -0.375000 0.100000
v 0.375000 -0.187500 0.100000
v 0.375000 0.000000 0.100000
v 0.375000 0.187500 0.100000
v 0.375000 0.375000 0.100000
v 0.375000 0.562500 0.100000
v 0.375000 0.750000 0.100000
v 0.375000 0.937500 0.100000
v 0.375000 1.125000 0.100000
v 0.375000 1.312500 0.100000
v 0.375000 1.500000 0.100000
v 0.375000 1.687500 0.100000
v 0.375000 1.875000 0.100000
v 0.375000 2.062500 0.100000
v 0.375000 2.250000 0.100000
v 0.375000 2.437500 0.100000
v 0.375000 2.625000 0.100000
v 0.375000 2.812500 0.100000
v 0.343750 -2.812500 0.100000
v 0.343750 -2.625000 0.100000
v 0.343750 -2.437500 0.100000
v 0.343750 -2.250000 0.100000
v 0.343750 -2.062500 0.100000
v 0.343750 -1.875000 0.100000
v 0.343750 -1.687500 0.100000
v 0.343750 -1.500000 0.100000
v 0.343750 -1.312500 0.100000
v 0.343750 -1.125000 0.100000
v 0.343750 -0.937500 0.100000
v 0.343750 -0.750000 0.100000
v 0.343750 -0.562500 0.100000
v 0.343750 -0.375000 0.100000
v 0.343750 -0.187500 0.100000
v 0.343750 0.000000 0.100000
v 0.343750 0.187500 0.100000
v 0.343750 0.375000 0.100000
v 0.343750 0.562500 0.100000
v 0.343750 0.750000 0.100000
v 0.343750 0.937500 0.100000
v 0.343750 1.125000 0.100000
v 0.343750 1.312500 0.100000
v 0.343750 1.500000 0.100000
v 0.343750 1.687500 0.100000
v 0.343750 1.875000 0.100000
v 0.343750 2.062500 0.100000
v 0.343750 2.250000 0.100000
v 0.343750 2.437500 0.100000
v 0.343750 2.625000 0.100000
v 0.343750 2.812500 0.100000
v 0.312500 -2.812500 0.100000
v 0.312500 -2.625000 0.100000
v 0.312500 -2.437500 0.100000
v 0.312500 -2.250000 0.100000
v 0.312500 -2.062500 0.100000
v 0.312500 -1.875000 0.100000
v 0.312500 -1.687500 0.100000
v 0.312500 -1.500000 0.100000
v 0.312500 -1.312500 0.100000
v 0.312500 -1.125000 0.100000
v 0.312500 -0.937500 0.100000
v 0.312500 -0.750000 0.100000
v 0.312500 -0.562500 0.100000
v 0.312500 -0.375000 0.100000
v 0.312500 -0.187500 0.100000
v 0.312500 0.000000 0.100000
v 0.312500 0.187500 0.100000
v 0.312500 0.375000 0.100000
v 0.312500 0.562500 0.100000
v 0.312500 0.750000 0.100000
v 0.312500 0.937500 0.100000
v 0.312500 1.125000 0.100000
v 0.312500 1.312500 0.100000
v 0.312500 1.500000 0.100000
v 0.312500 1.687500 0.100000
v 0.312500 1.875000 0.100000
v 0.312500 2.062500 0.100000
v 0.312500 2.250000 0.100000
v 0.312500 2.437500 0.100000
v 0.312500 2.625000 0.100000
v 0.312500 2.812500 0.100000
v 0.281250 -2.812500 0.100000
v 0.281250 -2.625000 0.100000
v 0.281250 -2.437500 0.100000
v 0.281250 -2.250000 0.100000
v 0.281250 -2.062500 0.100000
v 0.281250 -1.875000 0.100000
v 0.281250 -1.687500 0.100000
v 0.281250 -1.500000 0.100000
v 0.281250 -1.312500 0.100000
v 0.281250 -1.125000 0.100000
v 0.281250 -0.937500 0.100000
v 0.281250 -0.750000 0.100000
v 0.281250 -0.562500 0.100000
v 0.281250 -0.375000 0.100000
v 0.281250 -0.187500 0.100000
v 0.281250 0.000000 0.100000
v 0.281250 0.187500 0.100000
v 0.281250 0.375000 0.100000
v 0.281250 0.562500 0.100000
v 0.281250 0.750000 0.100000
v 0.281250 0.937500 0.100000
v 0.281250 1.125000 0.100000
v 0.281250 1.312500 0.100000
v 0.281250 1.500000 0.100000
v 0.281250 1.687500 0.100000
v 0.281250 1.875000 0.100000
v 0.281250 2.062500 0.100000
v 0.281250 2.250000 0.100000
v 0.281250 2.437500 0.100000
v 0.281250 2.625000 0.100000
v 0.281250 2.812500 0.100000
v 0.250000 -2.812500 0.100000
v 0.250000 -2.625000 0.100000
v 0.250000 -2.437500 0.100000
v 0.250000 -2.250000 0.100000
v 0.250000 -2.062500 0.100000
v 0.250000 -1.875000 0.100000
v 0.250000 -1.687500 0.100000
v 0.250000 -1.500000 0.100000
v 0.250000 -1.312500 0.100000
v 0.250000 -1.125000 0.100000
v 0.250000 -0.937500 0.100000
v 0.250000 -0.750000 0.100000
v 0.250000 -0.562500 0.100000
v 0.250000 -0.375000 0.100000
v 0.250000 -0.187500 0.100000
v 0.250000 0.000000 0.100000
v 0.250000 0.187500 0.100000
v 0.250000 0.375000 0.100000
v 0.250000 0.562500 0.100000
v 0.250000 0.750000 0.100000
v 0.250000 0.937500 0.100000
v 0.250000 1.125000 0.100000
v 0.250000 1.312500 0.100000
v 0.250000 1.500000 0.100000
v 0.250000 1.687500 0.100000
v 0.250000 1.875000 0.100000
v 0.250000 2.062500 0.100000
v 0.250000 2.250000 0.100000
v 0.250000 2.437500 0.100000
v 0.250000 2.625000 0.100000
v 0.250000 2.812500 0.100000
v 0.218750 -2.812500 0.100000
v 0.218750 -2.625000 0.100000
v 0.218750 -2.437500 0.100000
v 0.218750 -2.250000 0.100000
v 0.218750 -2.062500 0.100000
v 0.218750 -1.875000 0.100000
v 0.218750 -1.687500 0.100000
v 0.218750 -1.500000 0.100000
v 0.218750 -1.312500 0.100000
v 0.218750 -1.125000 0.100000
v 0.218750 -0.937500 0.100000
v 0.218750 -0.750000 0.100000
v 0.218750 -0.562500 0.100000
v 0.218750 -0.375000 0.100000
v 0.218750 -0.187500 0.100000
v 0.218750 0.000000 0.100000
v 0.218750 0.187500 0.100000
v 0.218750 0.375000 0.100000
v 0.218750 0.562500 0.100000
v 0.218750 0.750000 0.100000
v 0.218750 0.937500 0.100000
v 0.218750 1.125000 0.100000
v 0.218750 1.312500 0.100000
v 0.218750 1.500000 0.100000
v 0.218750 1.687500 0.100000
v 0.218750 1.875000 0.100000
v 0.218750 2.062500 0.100000
v 0.218750 2.250000 0.100000
v 0.218750 2.437500 0.100000
v 0.218750 2.625000 0.100000
v 0.218750 2.812500 0.100000
v 0.187500 -2.812500 0.100000
v 0.187500 -2.625000 0.100000
v 0.187500 -2.437500 0.100000
v 0.187500 -2.250000 0.100000
v 0.187500 -2.062500 0.100000
v 0.187500 -1.875000 0.100000
v 0.187500 -1.687500 0.100000
v 0.187500 -1.500000 0.100000
v 0.187500 -1.312500 0.100000
v 0.187500 -1.125000 0.100000
v 0.187500 -0.937500 0.100000
v 0.187500 -0.750000 0.100000
v 0.187500 -0.562500 0.100000
v 0.187500 -0.375000 0.100000
v 0.187500 -0.187500 0.100000
v 0.187500 0.000000 0.100000
v 0.187500 0.187500 0.100000
v 0.187500 0.375000 0.100000
v 0.187500 0.562500 0.100000
v 0.187500 0.750000 0.100000
v 0.187500 0.937500 0.100000
v 0.187500 1.125000 0.100000
v 0.187500 1.312500 0.100000
v 0.187500 1.500000 0.100000
v 0.187500 1.687500 0.100000
v 0.187500 1.875000 0.100000
v 0.187500 2.062500 0.100000
v 0.187500 2.250000 0.100000
v 0.187500 2.437500 0.100000
v 0.187500 2.625000 0.100000
v 0.187500 2.812500 0.100000
v 0.156250 -2.812500 0.100000
v 0.156250 -2.625000 0.100000
v 0.156250 -2.437500 0.100000
v 0.156250 -2.250000 0.100000
v 0.156250 -2.062500 0.100000
v 0.156250 -1.875000 0.100000
v 0.156250 -1.687500 0.100000
v 0.156250 -1.500000 0.100000
v 0.156250 -1.312500 0.100000
v 0.156250 -1.125000 0.100000
v 0.156250 -0.937500 0.100000
v 0.156250 -0.750000 0.100000
v 0.156250 -0.562500 0.100000
v 0.156250 -0.375000 0.100000
v 0.156250 -0.187500 0.100000
v 0.156250 0.000000 0.100000
v 0.156250 0.187500 0.100000
v 0.156250 0.375000 0.100000
v 0.156250 0.562500 0.100000
v 0.156250 0.750000 0.100000
v 0.156250 0.937500 0.100000
v 0.156250 1.125000 0.100000
v 0.156250 1.312500 0.100000
v 0.156250 1.500000 0.100000
v 0.156250 1.687500 0.100000
v 0.156250 1.875000 0.100000
v 0.156250 2.062500 0.100000
v 0.156250 2.250000 0.100000
v 0.156250 2.437500 0.100000
v 0.156250 2.625000 0.100000
v 0.156250 2.812500 0.100000
v 0.125000 -2.812500 0.100000
v 0.125000 -2.625000 0.100000
v 0.125000 -2.437500 0.100000
v 0.125000 -2.250000 0.100000
v 0.125000 -2.062500 0.100000
v 0.125000 -1.875000 0.100000
v 0.125000 -1.687500 0.100000
v 0.125000 -1.500000 0.100000
v 0.125000 -1.312500 0.100000
v 0.125000 -1.125000 0.100000
v 0.125000 -0.937500 0.100000
v 0.125000 -0.750000 0.100000
v 0.125000 -0.562500 0.100000
v 0.125000 -0.375000 0.100000
v 0.125000 -0.187500 0.100000
v 0.125000 0.000000 0.100000
v 0.125000 0.187500 0.100000
v 0.125000 0.375000 0.100000
v 0.125000 0.562500 0.100000
v 0.125000 0.750000 0.100000
v 0.125000 0.937500 0.100000
v 0.125000 1.125000 0.100000
v 0.125000 1.312500 0.100000
v 0.125000 1.500000 0.100000
v 0.125000 1.687500 0.100000
v 0.125000 1.875000 0.100000
v 0.125000 2.062500 0.100000
v 0.125000 2.250000 0.100000
v 0.125000 2.437500 0.100000
v 0.125000 2.625000 0.100000
v 0.125000 2.812500 0.100000
v 0.093750 -2.812500 0.100000
v 0.093750 -2.625000 0.100000
v 0.093750 -2.437500 0.100000
v 0.093750 -2.250000 0.100000
v 0.093750 -2.062500 0.100000
v 0.093750 -1.875000 0.100000
v 0.093750 -1.687500 0.100000
v 0.093750 -1.500000 0.100000
v 0.093750 -1.312500 0.100000
v 0.093750 -1.125000 0.100000
v 0.093750 -0.937500 0.100000
v 0.093750 -0.750000 0.100000
v 0.093750 -0.562500 0.100000
v 0.093750 -0.375000 0.100000
v 0.093750 -0.187500 0.100000
v 0.093750 0.000000 0.100000
v 0.093750 0.187500 0.100000
v 0.093750 0.375000 0.100000
v 0.093750 0.562500 0.100000
v 0.093750 0.750000 0.100000
v 0.093750 0.937500 0.100000
v 0.093750 1.125000 0.100000
v 0.093750 1.312500 0.100000
v 0.093750 1.500000 0.100000
v 0.093750 1.687500 0.100000
v 0.093750 1.875000 0.100000
v 0.093750 2.062500 0.100000
v 0.093750 2.250000 0.100000
v 0.093750 2.437500 0.100000
v 0.093750 2.625000 0.100000
v 0.093750 2.812500 0.100000
v 0.062500 -2.812500 0.100000
v 0.062500 -2.625000 0.100000
v 0.062500 -2.437500 0.100000
v 0.062500 -2.250000 0.100000
v 0.062500 -2.062500 0.100000
v 0.062500 -1.875000 0.100000
v 0.062500 -1.687500 0.100000
v 0.062500 -1.500000 0.100000
v 0.062500 -1.312500 0.100000
v 0.062500 -1.125000 0.100000
v 0.062500 -0.937500 0.100000
v 0.062500 -0.750000 0.100000
v 0.062500 -0.562500 0.100000
v 0.062500 -0.375000 0.100000
v 0.062500 -0.187500 0.100000
v 0.062500 0.000000 0.100000
v 0.062500 0.187500 0.100000
v 0.062500 0.375000 0.100000
v 0.062500 0.562500 0.100000
v 0.062500 0.750000 0.100000
v 0.062500 0.937500 0.100000
v 0.062500 1.125000 0.100000
v 0.062500 1.312500 0.100000
v 0.062500 1.500000 0.100000
v 0.062500 1.687500 0.100000
v 0.062500 1.875000 0.100000
v 0.062500 2.062500 0.100000
v 0.062500 2.250000 0.100000
v 0.062500 2.437500 0.100000
v 0.062500 2.625000 0.100000
v 0.062500 2.812500 0.100000
v 0.031250 -2.812500 0.100000
v 0.031250 -2.625000 0.100000
v 0.031250 -2.437500 0.100000
v 0.031250 -2.250000 0.100000
v 0.031250 -2.062500 0.100000
v 0.031250 -1.875000 0.100000
v 0.031250 -1.687500 0.100000
v 0.031250 -1.500000 0.100000
v 0.031250 -1.312500 0.100000
v 0.031250 -1.125000 0.100000
v 0.031250 -0.937500 0.100000
v 0.031250 -0.750000 0.100000
v 0.031250 -0.562500 0.100000
v 0.031250 -0.375000 0.100000
v 0.031250 -0.187500 0.100000
v 0.031250 0.000000 0.100000
v 0.031250 0.187500 0.100000
v 0.031250 0.375000 0.100000
v 0.031250 0.562500 0.100000
v 0.031250 0.750000 0.100000
v 0.031250 0.937500 0.100000
v 0.031250 1.125000 0.100000
v 0.031250 1.312500 0.100000
v 0.031250 1.500000 0.100000
v 0.031250 1.687500 0.100000
v 0.031250 1.875000 0.100000
v 0.031250 2.062500 0.100000
v 0.031250 2.250000 0.100000
v 0.031250 2.437500 0.100000
v 0.031250 2.625000 0.100000
v 0.031250 2.812500 0.100000
v 0.000000 -2.812500 0.100000
v -0.000000 -2.625000 0.100000
v -0.000000 -2.437500 0.100000
v 0.000000 -2.250000 0.100000
v 0.000000 -2.062500 0.100000
v -0.000000 -1.875000 0.100000
v 0.000000 -1.687500 0.100000
v 0.000000 -1.500000 0.100000
v -0.000000 -1.312500 0.100000
v 0.000000 -1.125000 0.100000
v 0.000000 -0.937500 0.100000
v 0.000000 -0.750000 0.100000
v 0.000000 -0.562500 0.100000
v 0.000000 -0.375000 0.100000
v -0.000000 -0.187500 0.100000
v 0.000000 0.000000 0.100000
v 0.000000 0.187500 0.100000
v 0.000000 0.375000 0.100000
v 0.000000 0.562500 0.100000
v 0.000000 0.750000 0.100000
v 0.000000 0.937500 0.100000
v 0.000000 1.125000 0.100000
v 0.000000 1.312500 0.100000
v 0.000000 1.500000 0.100000
v 0.000000 1.687500 0.100000
v 0.000000 1.875000 0.100000
v 0.000000 2.062500 0.100000
v 0.000000 2.250000 0.100000
v 0.000000 2.437500 0.100000
v 0.000000 2.625000 0.100000
v 0.000000 2.812500 0.100000
v -0.031250 -2.812500 0.100000
v -0.031250 -2.625000 0.100000
v -0.031250 -2.437500 0.100000
v -0.031250 -2.250000 0.100000
v -0.031250 -2.062500 0.100000
v -0.031250 -1.875000 0.100000
v -0.031250 -1.687500 0.100000
v -0.031250 -1.500000 0.100000
v -0.031250 -1.312500 0.100000
v -0.031250 -1.125000 0.100000
v -0.031250 -0.937500 0.100000
v -0.031250 -0.750000 0.100000
v -0.031250 -0.562500 0.100000
v -0.031250 -0.375000 0.100000
v -0.031250 -0.187500 0.100000
v -0.031250 0.000000 0.100000
v -0.031250 0.187500 0.100000
v -0.031250 0.375000 0.100000
v -0.031250 0.562500 0.100000
v -0.031250 0.750000 0.100000
v -0.031250 0.937500 0.100000
v -0.031250 1.125000 0.100000
v -0.031250 1.312500 0.100000
v -0.031250 1.500000 0.100000
v -0.031250 1.687500 0.100000
v -0.031250 1.875000 0.100000
v -0.031250 2.062500 0.100000
v -0.031250 2.250000 0.100000
v -0.031250 2.437500 0.100000
v -0.031250 2.625000 0.100000
v -0.031250 2.812500 0.100000
v -0.062500 -2.812500 0.100000
v -0.062500 -2.625000 0.100000
v -0.062500 -2.437500 0.100000
v -0.062500 -2.250000 0.100000
v -0.062500 -2.062500 0.100000
v -0.062500 -1.875000 0.100000
v -0.062500 -1.687500 0.100000
v -0.062500 -1.500000 0.100000
v -0.062500 -1.312500 0.100000
v -0.062500 -1.125000 0.100000
v -0.062500 -0.937500 0.100000
v -0.062500 -0.750000 0.100000
v -0.062500 -0.562500 0.100000
v -0.062500 -0.375000 0.100000
v -0.062500 -0.187500 0.100000
v -0.062500 0.000000 0.100000
v -0.062500 0.187500 0.100000
v -0.062500 0.375000 0.100000
v -0.062500 0.562500 0.100000
v -0.062500 0.750000 0.100000
v -0.062500 0.937500 0.100000
v -0.062500 1.125000 0.100000
v -0.062500 1.312500 0.100000
v -0.062500 1.500000 0.100000
v -0.062500 1.687500 0.100000
v -0.062500 1.875000 0.100000
v -0.062500 2.062500 0.100000
v -0.062500 2.250000 0.100000
v -0.062500 2.437500 0.100000
v -0.062500 2.625000 0.100000
v -0.062500 2.812500 0.100000
v -0.093750 -2.812500 0.100000
v -0.093750 -2.625000 0.100000
v -0.093750 -2.437500 0.100000
v -0.093750 -2.250000 0.100000
v -0.093750 -2.062500 0.100000
v -0.093750 -1.875000 0.100000
v -0.093750 -1.687500 0.100000
v -0.093750 -1.500000 0.100000
v -0.093750 -1.312500 0.100000
v -0.093750 -1.125000 0.100000
v -0.093750 -0.937500 0.100000
v -0.093750 -0.750000 0.100000
v -0.093750 -0.562500 0.100000
v -0.093750 -0.375000 0.100000
v -0.093750 -0.187500 0.100000
v -0.093750 -0.000000 0.100000
v -0.093750 0.187500 0.100000
v -0.093750 0.375000 0.100000
v -0.093750 0.562500 0.100000
v -0.093750 0.750000 0.100000
v -0.093750 0.937500 0.100000
v -0.093750 1.125000 0.100000
v -0.093750 1.312500 0.100000
v -0.093750 1.500000 0.100000
v -0.093750 1.687500 0.100000
v -0.093750 1.875000 0.100000
v -0.093750 2.062500 0.100000
v -0.093750 2.250000 0.100000
v -0.093750 2.437500 0.100000
v -0.093750 2.625000 0.100000
v -0.093750 2.812500 0.100000
v -0.125000 -2.812500 0.100000
v -0.125000 -2.625000 0.100000
v -0.125000 -2.437500 0.100000
v -0.125000 -2.250000 0.100000
v -0.125000 -2.062500 0.100000
v -0.125000 -1.875000 0.100000
v -0.125000 -1.687500 0.100000
v -0.125000 -1.500000 0.100000
v -0.125000 -1.312500 0.100000
v -0.125000 -1.125000 0.100000
v -0.125000 -0.937500 0.100000
v -0.125000 -0.750000 0.100000
v -0.125000 -0.562500 0.100000
v -0.125000 -0.375000 0.100000
v -0.125000 -0.187500 0.100000
v -0.125000 0.000000 0.100000
v -0.125000 0.187500 0.100000
v -0.125000 0.375000 0.100000
v -0.125000 0.562500 0.100000
v -0.125000 0.750000 0.100000
v -0.125000 0.937500 0.100000
v -0.125000 1.125000 0.100000
v -0.125000 1.312500 0.100000
v -0.125000 1.500000 0.100000
v -0.125000 1.687500 0.100000
v -0.125000 1.875000 0.100000
v -0.125000 2.062500 0.100000
v -0.125000 2.250000 0.100000
v -0.125000 2.437500 0.100000
v -0.125000 2.625000 0.100000
v -0.125000 2.812500 0.100000
v -0.156250 -2.812500 0.100000
v -0.156250 -2.625000 0.100000
v -0.156250 -2.437500 0.100000
v -0.156250 -2.250000 0.100000
v -0.156250 -2.062500 0.100000
v -0.156250 -1.875000 0.100000
v -0.156250 -1.687500 0.100000
v -0.156250 -1.500000 0.100000
v -0.156250 -1.312500 0.100000
v -0.156250 -1.125000 0.100000
v -0.156250 -0.937500 0.100000
v -0.156250 -0.750000 0.100000
v -0.156250 -0.562500 0.100000
v -0.156250 -0.375000 0.100000
v -0.156250 -0.187500 0.100000
v -0.156250 0.000000 0.100000
v -0.156250 0.187500 0.100000
v -0.156250 0.375000 0.100000
v -0.156250 0.562500 0.100000
v -0.156250 0.750000 0.100000
v -0.156250 0.937500 0.100000
v -0.156250 1.125000 0.100000
v -0.156250 1.312500 0.100000
v -0.156250 1.500000 0.100000
v -0.156250 1.687500 0.100000
v -0.156250 1.875000 0.100000
v -0.156250 2.062500 0.100000
v -0.156250 2.250000 0.100000
v -0.156250 2.437500 0.100000
v -0.156250 2.625000 0.100000
v -0.156250 2.812500 0.100000
v -0.187500 -2.812500 0.100000
v -0.187500 -2.625000 0.100000
v -0.187500 -2.437500 0.100000
v -0.187500 -2.250000 0.100000
v -0.187500 -2.062500 0.100000
v -0.187500 -1.875000 0.100000
v -0.187500 -1.687500 0.100000
v -0.187500 -1.500000 0.100000
v -0.187500 -1.312500 0.100000
v -0.187500 -1.125000 0.100000
v -0.187500 -0.937500 0.100000
v -0.187500 -0.750000 0.100000
v -0.187500 -0.562500 0.100000
v -0.187500 -0.375000 0.100000
v -0.187500 -0.187500 0.100000
v -0.187500 -0.000000 0.100000
v -0.187500 0.187500 0.100000
v -0.187500 0.375000 0.100000
v -0.187500 0.562500 0.100000
v -0.187500 0.750000 0.100000
v -0.187500 0.937500 0.100000
v -0.187500 1.125000 0.100000
v -0.187500 1.312500 0.100000
v -0.187500 1.500000 0.100000
v -0.187500 1.687500 0.100000
v -0.187500 1.875000 0.100000
v -0.187500 2.062500 0.100000
v -0.187500 2.250000 0.100000
v -0.187500 2.437500 0.100000
v -0.187500 2.625000 0.100000
v -0.187500 2.812500 0.100000
v -0.218750 -2.812500 0.100000
v -0.218750 -2.625000 0.100000
v -0.218750 -2.437500 0.100000
v -0.218750 -2.250000 0.100000
v -0.218750 -2.062500 0.100000
v -0.218750 -1.875000 0.100000
v -0.218750 -1.687500 0.100000
v -0.218750 -1.500000 0.100000
v -0.218750 -1.312500 0.100000
v -0.218750 -1.125000 0.100000
v -0.218750 -0.937500 0.100000
v -0.218750 -0.750000 0.100000
v -0.218750 -0.562500 0.100000
v -0.218750 -0.375000 0.100000
v -0.218750 -0.187500 0.100000
v -0.218750 0.000000 0.100000
v -0.218750 0.187500 0.100000
v -0.218750 0.375000 0.100000
v -0.218750 0.562500 0.100000
v -0.218750 0.750000 0.100000
v -0.218750 0.937500 0.100000
v -0.218750 1.125000 0.100000
v -0.218750 1.312500 0.100000
v -0.218750 1.500000 0.100000
v -0.218750 1.687500 0.100000
v -0.218750 1.875000 0.100000
v -0.218750 2.062500 0.100000
v -0.218750 2.250000 0.100000
v -0.218750 2.437500 0.100000
v -0.218750 2.625000 0.100000
v -0.218750 2.812500 0.100000
v -0.250000 -2.812500 0.100000
v -0.250000 -2.625000 0.100000
v -0.250000 -2.437500 0.100000
v -0.250000 -2.250000 0.100000
v -0.250000 -2.062500 0.100000
v -0.250000 -1.875000 0.100000
v -0.250000 -1.687500 0.100000
v -0.250000 -1.500000 0.100000
v -0.250000 -1.312500 0.100000
v -0.250000 -1.125000 0.100000
v -0.250000 -0.937500 0.100000
v -0.250000 -0.750000 0.100000
v -0.250000 -0.562500 0.100000
v -0.250000 -0.375000 0.100000
v -0.250000 -0.187500 0.100000
v -0.250000 0.000000 0.100000
v -0.250000 0.187500 0.100000
v -0.250000 0.375000 0.100000
v -0.250000 0.562500 0.100000
v -0.250000 0.750000 0.100000
v -0.250000 0.937500 0.100000
v -0.250000 1.125000 0.100000
v -0.250000 1.312500 0.100000
v -0.250000 1.500000 0.100000
v -0.250000 1.687500 0.100000
v -0.250000 1.875000 0.100000
v -0.250000 2.062500 0.100000
v -0.250000 2.250000 0.100000
v -0.250000 2.437500 0.100000
v -0.250000 2.625000 0.100000
v -0.250000 2.812500 0.100000
v -0.281250 -2.812500 0.100000
v -0.281250 -2.625000 0.100000
v -0.281250 -2.437500 0.100000
v -0.281250 -2.250000 0.100000
v -0.281250 -2.062500 0.100000
v -0.281250 -1.875000 0.100000
v -0.281250 -1.687500 0.100000
v -0.281250 -1.500000 0.100000
v -0.281250 -1.312500 0.100000
v -0.281250 -1.125000 0.100000
v -0.281250 -0.937500 0.100000
v -0.281250 -0.750000 0.100000
v -0.281250 -0.562500 0.100000
v -0.281250 -0.375000 0.100000
v -0.281250 -0.187500 0.100000
v -0.281250 -0.000000 0.100000
v -0.281250 0.187500 0.100000
v -0.281250 0.375000 0.100000
v -0.281250 0.562500 0.100000
v -0.281250 0.750000 0.100000
v -0.281250 0.937500 0.100000
v -0.281250 1.125000 0.100000
v -0.281250 1.312500 0.100000
v -0.281250 1.500000 0.100000
v -0.281250 1.687500 0.100000
v -0.281250 1.875000 0.100000
v -0.281250 2.062500 0.100000
v -0.281250 2.250000 0.100000
v -0.281250 2.437500 0.100000
v -0.281250 2.625000 0.100000
v -0.281250 2.812500 0.100000
v -0.312500 -2.812500 0.100000
v -0.312500 -2.625000 0.100000
v -0.312500 -2.437500 0.100000
v -0.312500 -2.250000 0.100000
v -0.312500 -2.062500 0.100000
v -0.312500 -1.875000 0.100000
v -0.312500 -1.687500 0.100000
v -0.312500 -1.500000 0.100000
v -0.312500 -1.312500 0.100000
v -0.312500 -1.125000 0.100000
v -0.312500 -0.937500 0.100000
v -0.312500 -0.750000 0.100000
v -0.312500 -0.562500 0.100000
v -0.312500 -0.375000 0.100000
v -0.312500 -0.187500 0.100000
v -0.312500 0.000000 0.100000
v -0.312500 0.187500 0.100000
v -0.312500 0.375000 0.100000
v -0.312500 0.562500 0.100000
v -0.312500 0.750000 0.100000
v -0.312500 0.937500 0.100000
v -0.312500 1.125000 0.100000
v -0.312500 1.312500 0.100000
v -0.312500 1.500000 0.100000
v -0.312500 1.687500 0.100000
v -0.312500 1.875000 0.100000
v -0.312500 2.062500 0.100000
v -0.312500 2.250000 0.100000
v -0.312500 2.437500 0.100000
v -0.312500 2.625000 0.100000
v -0.312500 2.812500 0.100000
v -0.343750 -2.812500 0.100000
v -0.343750 -2.625000 0.100000
v -0.343750 -2.437500 0.100000
v -0.343750 -2.250000 0.100000
v -0.343750 -2.062500 0.100000
v -0.343750 -1.875000 0.100000
v -0.343750 -1.687500 0.100000
v -0.343750 -1.500000 0.100000
v -0.343750 -1.312500 0.100000
v -0.343750 -1.125000 0.100000
v -0.343750 -0.937500 0.100000
v -0.343750 -0.750000 0.100000
v -0.343750 -0.562500 0.100000
v -0.343750 -0.375000 0.100000
v -0.343750 -0.187500 0.100000
v -0.343750 0.000000 0.100000
v -0.343750 0.187500 0.100000
v -0.343750 0.375000 0.100000
v -0.343750 0.562500 0.100000
v -0.343750 0.750000 0.100000
v -0.343750 0.937500 0.100000
v -0.343750 1.125000 0.100000
v -0.343750 1.312500 0.100000
v -0.343750 1.500000 0.100000
v -0.343750 1.687500 0.100000
v -0.343750 1.875000 0.100000
v -0.343750 2.062500 0.100000
v -0.343750 2.250000 0.100000
v -0.343750 2.437500 0.100000
v -0.343750 2.625000 0.100000
v -0.343750 2.812500 0.100000
v -0.375000 -2.812500 0.100000
v -0.375000 -2.625000 0.100000
v -0.375000 -2.437500 0.100000
v -0.375000 -2.250000 0.100000
v -0.375000 -2.062500 0.100000
v -0.375000 -1.875000 0.100000
v -0.375000 -1.687500 0.100000
v -0.375000 -1.500000 0.100000
v -0.375000 -1.312500 0.100000
v -0.375000 -1.125000 0.100000
v -0.375000 -0.937500 0.100000
v -0.375000 -0.750000 0.100000
v -0.375000 -0.562500 0.100000
v -0.375000 -0.375000 0.100000
v -0.375000 -0.187500 0.100000
v -0.375000 0.000000 0.100000
v -0.375000 0.187500 0.100000
v -0.375000 0.375000 0.100000
v -0.375000 0.562500 0.100000
v -0.375000 0.750000 0.100000
v -0.375000 0.937500 0.100000
v -0.375000 1.125000 0.100000
v -0.375000 1.312500 0.100000
v -0.375000 1.500000 0.100000
v -0.375000 1.687500 0.100000
v -0.375000 1.875000 0.100000
v -0.375000 2.062500 0.100000
v -0.375000 2.250000 0.100000
v -0.375000 2.437500 0.100000
v -0.375000 2.625000 0.100000
v -0.375000 2.812500 0.100000
v -0.406250 -2.812500 0.100000
v -0.406250 -2.625000 0.100000
v -0.406250 -2.437500 0.100000
v -0.406250 -2.250000 0.100000
v -0.406250 -2.062500 0.100000
v -0.406250 -1.875000 0.100000
v -0.406250 -1.687500 0.100000
v -0.406250 -1.500000 0.100000
v -0.406250 -1.312500 0.100000
v -0.406250 -1.125000 0.100000
v -0.406250 -0.937500 0.100000
v -0.406250 -0.750000 0.100000
v -0.406250 -0.562500 0.100000
v -0.406250 -0.375000 0.100000
v -0.406250 -0.187500 0.100000
v -0.406250 -0.000000 0.100000
v -0.406250 0.187500 0.100000
v -0.406250 0.375000 0.100000
v -0.406250 0.562500 0.100000
v -0.406250 0.750000 0.100000
v -0.406250 0.937500 0.100000
v -0.406250 1.125000 0.100000
v -0.406250 1.312500 0.100000
v -0.406250 1.500000 0.100000
v -0.406250 1.687500 0.100000
v -0.406250 1.875000 0.100000
v -0.406250 2.062500 0.100000
v -0.406250 2.250000 0.100000
v -0.406250 2.437500 0.100000
v -0.406250 2.625000 0.100000
v -0.406250 2.812500 0.100000
v -0.437500 -2.812500 0.100000
v -0.437500 -2.625000 0.100000
v -0.437500 -2.437500 0.100000
v -0.437500 -2.250000 0.100000
v -0.437500 -2.062500 0.100000
v -0.437500 -1.875000 0.100000
v -0.437500 -1.687500 0.100000
v -0.437500 -1.500000 0.100000
v -0.437500 -1.312500 0.100000
v -0.437500 -1.125000 0.100000
v -0.437500 -0.937500 0.100000
v -0.437500 -0.750000 0.100000
v -0.437500 -0.562500 0.100000
v -0.437500 -0.375000 0.100000
v -0.437500 -0.187500 0.100000
v -0.437500 0.000000 0.100000
v -0.437500 0.187500 0.100000
v -0.437500 0.375000 0.100000
v -0.437500 0.562500 0.100000
v -0.437500 0.750000 0.100000
v -0.437500 0.937500 0.100000
v -0.437500 1.125000 0.100000
v -0.437500 1.312500 0.100000
v -0.437500 1.500000 0.100000
v -0.437500 1.687500 0.100000
v -0.437500 1.875000 0.100000
v -0.437500 2.062500 0.100000
v -0.437500 2.250000 0.100000
v -0.437500 2.437500 0.100000
v -0.437500 2.625000 0.100000
v -0.437500 2.812500 0.100000
v -0.468750 -2.812500 0.100000
v -0.468750 -2.625000 0.100000
v -0.468750 -2.437500 0.100000
v -0.468750 -2.250000 0.100000
v -0.468750 -2.062500 0.100000
v -0.468750 -1.875000 0.100000
v -0.468750 -1.687500 0.100000
v -0.468750 -1.500000 0.100000
v -0.468750 -1.312500 0.100000
v -0.468750 -1.125000 0.100000
v -0.468750 -0.937500 0.100000
v -0.468750 -0.750000 0.100000
v -0.468750 -0.562500 0.100000
v -0.468750 -0.375000 0.100000
v -0.468750 -0.187500 0.100000
v -0.468750 -0.000000 0.100000
v -0.468750 0.187500 0.100000
v -0.468750 0.375000 0.100000
v -0.468750 0.562500 0.100000
v -0.468750 0.750000 0.100000
v -0.468750 0.937500 0.100000
v -0.468750 1.125000 0.100000
v -0.468750 1.312500 0.100000
v -0.468750 1.500000 0.100000
v -0.468750 1.687500 0.100000
v -0.468750 1.875000 0.100000
v -0.468750 2.062500 0.100000
v -0.468750 2.250000 0.100000
v -0.468750 2.437500 0.100000
v -0.468750 2.625000 0.100000
v -0.468750 2.812500 0.100000
s 0
f 381 382 413 412
f 382 383 414 413
f 383 384 415 414
f 384 385 416 415
f 385 386 417 416
f 386 387 418 417
f 387 388 419 418
f 388 389 420 419
f 389 390 421 420
f 390 391 422 421
f 391 392 423 422
f 392 393 424 423
f 393 394 425 424
f 394 395 426 425
f 395 396 427 426
f 396 397 428 427
f 397 398 429 428
f 398 399 430 429
f 399 400 431 430
f 400 401 432 431
f 401 402 433 432
f 402 403 434 433
f 403 404 435 434
f 404 405 436 435
f 405 406 437 436
f 406 407 438 437
f 407 408 439 438
f 408 409 440 439
f 409 410 441 440
f 410 411 442 441
f 412 413 444 443
f 413 414 445 444
f 414 415 446 445
f 415 416 447 446
f 416 417 448 447
f 417 418 449 448
f 418 419 450 449
f 419 420 451 450
f 420 421 452 451
f 421 422 453 452
f 422 423 454 453
f 423 424 455 454
f 424 425 456 455
f 425 426 457 456
f 426 427 458 457
f 427 428 459 458
f 428 429 460 459
f 429 430 461 460
f 430 431 462 461
f 431 432 463 462
f 432 433 464 463
f 433 434 465 464
f 434 435 466 465
f 435 436 467 466
f 436 437 468 467
f 437 438 469 468
f 438 439 470 469
f 439 440 471 470
f 440 441 472 471
f 441 442 473 472
f 443 444 475 474
f 444 445 476 475
f 445 446 477 476
f 446 447 478 477
f 447 448 479 478
f 448 449 480 479
f 449 450 481 480
f 450 451 482 481
f 451 452 483 482
f 452 453 484 483
f 453 454 485 484
f 454 455 486 485
f 455 456 487 486
f 456 457 488 487
f 457 458 489 488
f 458 459 490 489
f 459 460 491 490
f 460 461 492 491
f 461 462 493 492
f 462 463 494 493
f 463 464 495 494
f 464 465 496 495
f 465 466 497 496
f 466 467 498 497
f 467 468 499 498
f 468 469 500 499
f 469 470 501 500
f 470 471 502 501
f 471 472 503 502
f 472 473 504 503
f 474 475 506 505
f 475 476 507 506
f 476 477 508 507
f 477 478 509 508
f 478 479 510 509
f 479 480 511 510
f 480 481 512 511
f 481 482 513 512
f 482 483 514 513
f 483 484 515 514
f 484 485 516 515
f 485 486 517 516
f 486 487 518 517
f 487 488 519 518
f 488 489 520 519
f 489 490 521 520
f 490 491 522 521
f 491 492 523 522
f 492 493 524 523
f 493 494 525 524
f 494 495 526 525
f 495 496 527 526
f 496 497 528 527
f 497 498 529 528
f 498 499 530 529
f 499 500 531 530
f 500 501 532 531
f 501 502 533 532
f 502 503 534 533
f 503 504 535 534
f 505 506 537 536
f 506 507 538 537
f 507 508 539 538
f 508 509 540 539
f 509 510 541 540
f 510 511 542 541
f 511 512 543 542
f 512 513 544 543
f 513 514 545 544
f 514 515 546 545
f 515 516 547 546
f 516 517 548 547
f 517 518 549 548
f 518 519 550 549
f 519 520 551 550
f 520 521 552 551
f 521 522 553 552
f 522 523 554 553
f 523 524 555 554
f 524 525 556 555
f 525 526 557 556
f 526 527 558 557
f 527 528 559 558
f 528 529 560 559
f 529 530 561 560
f 530 531 562 561
f 531 532 563 562
f 532 533 564 563
f 533 534 565 564
f 534 535 566 565
f 536 537 568 567
f 537 538 569 568
f 538 539 570 569
f 539 540 571 570
f 540 541 572 571
f 541 542 573 572
f 542 543 574 573
f 543 544 575 574
f 544 545 576 575
f 545 546 577 576
f 546 547 578 577
f 547 548 579 578
f 548 549 580 579
f 549 550 581 580
f 550 551 582 581
f 551 552 583 582
f 552 553 584 583
f 553 554 585 584
f 554 555 586 585
f 555 556 587 586
f 556 557 588 587
f 557 558 589 588
f 558 559 590 589
f 559 560 591 590
f 560 561 592 591
f 561 562 593 592
f 562 563 594 593
f 563 564 595 594
f 564 565 596 595
f 565 566 597 596
f 567 568 599 598
f 568 569 600 599
f 569 570 601 600
f 570 571 602 601
f 571 572 603 602
f 572 573 604 603
f 573 574 605 604
f 574 575 606 605
f 575 576 607 606
f 576 577 608 607
f 577 578 609 608
f 578 579 610 609
f 579 580 611 610
f 580 581 612 611
f 581 582 613 612
f 582 583 614 613
f 583 584 615 614
f 584 585 616 615
f 585 586 617 616
f 586 587 618 617
f 587 588 619 618
f 588 589 620 619
f 589 590 621 620
f 590 591 622 621
f 591 592 623 622
f 592 593 624 623
f 593 594 625 624
f 594 595 626 625
f 595 596 627 626
f 596 597 628 627
f 598 599 630 629
f 599 600 631 630
f 600 601 632 631
f 601 602 633 632
f 602 603 634 633
f 603 604 635 634
f 604 605 636 635
f 605 606 637 636
f 606 607 638 637
f 607 608 639 638
f 608 609 640 639
f 609 610 641 640
f 610 611 642 641
f 611 612 643 642
f 612 613 644 643
f 613 614 645 644
f 614 615 646 645
f 615 616 647 646
f 616 617 648 647
f 617 618 649 648
f 618 619 650 649
f 619 620 651 650
f 620 621 652 651
f 621 622 653 652
f 622 623 654 653
f 623 624 655 654
f 624 625 656 655
f 625 626 657 656
f 626 627 658 657
f 627 628 659 658
f 629 630 661 660
f 630 631 662 661
f 631 632 663 662
f 632 633 664 663
f 633 634 665 664
f 634 635 666 665
f 635 636 667 666
f 636 637 668 667
f 637 638 669 668
f 638 639 670 669
f 639 640 671 670
f 640 641 672 671
f 641 642 673 672
f 642 643 674 673
f 643 644 675 674
f 644 645 676 675
f 645 646 677 676
f 646 647 678 677
f 647 648 679 678
f 648 649 680 679
f 649 650 681 680
f 650 651 682 681
f 651 652 683 682
f 652 653 684 683
f 653 654 685 684
f 654 655 686 685
f 655 656 687 686
f 656 657 688 687
f 657 658 689 688
f 658 659 690 689
f 660 661 692 691
f 661 662 693 692
f 662 663 694 693
f 663 664 695 694
f 664 665 696 695
f 665 666 697 696
f 666 667 698 697
f 667 668 699 698
f 668 669 700 699
f 669 670 701 700
f 670 671 702 701
f 671 672 703 702
f 672 673 704 703
f 673 674 705 704
f 674 675 706 705
f 675 676 707 706
f 676 677 708 707
f 677 678 709 708
f 678 679 710 709
f 679 680 711 710
f 680 681 712 711
f 681 682 713 712
f 682 683 714 713
f 683 684 715 714
f 684 685 716 715
f 685 686 717 716
f 686 687 718 717
f 687 688 719 718
f 688 689 720 719
f 689 690 721 720
f 691 692 723 722
f 692 693 724 723
f 693 694 725 724
f 694 695 726 725
f 695 696 727 726
f 696 697 728 727
f 697 698 729 728
f 698 699 730 729
f 699 700 731 730
f 700 701 732 731
f 701 702 733 732
f 702 703 734 733
f 703 704 735 734
f 704 705 736 735
f 705 706 737 736
f 706 707 738 737
f 707 708 739 738
f 708 709 740 739
f 709 710 741 740
f 710 711 742 741
f 711 712 743 742
f 712 713 744 743
f 713 714 745 744
f 714 715 746 745
f 715 716 747 746
f 716 717 748 747
f 717 718 749 748
f 718 719 750 749
f 719 720 751 750
f 720 721 752 751
f 722 723 754 753
f 723 724 755 754
f 724 725 756 755
f 725 726 757 756
f 726 727 758 757
f 727 728 759 758
f 728 729 760 759
f 729 730 761 760
f 730 731 762 761
f 731 732 763 762
f 732 733 764 763
f 733 734 765 764
f 734 735 766 765
f 735 736 767 766
f 736 737 768 767
f 737 738 769 768
f 738 739 770 769
f 739 740 771 770
f 740 741 772 771
f 741 742 773 772
f 742 743 774 773
f 743 744 775 774
f 744 745 776 775
f 745 746 777 776
f 746 747 778 777
f 747 748 779 778
f 748 749 780 779
f 749 750 781 780
f 750 751 782 781
f 751 752 783 782
f 753 754 785 784
f 754 755 786 785
f 755 756 787 786
f 756 757 788 787
f 757 758 789 788
f 758 759 790 789
f 759 760 791 790
f 760 761 792 791
f 761 762 793 792
f 762 763 794 793
f 763 764 795 794
f 764 765 796 795
f 765 766 797 796
f 766 767 798 797
f 767 768 799 798
f 768 769 800 799
f 769 770 801 800
f 770 771 802 801
f 771 772 803 802
f 772 773 804 803
f 773 774 805 804
f 774 775 806 805
f 775 776 807 806
f 776 777 808 807
f 777 778 809 808
f 778 779 810 809
f 779 780 811 810
f 780 781 812 811
f 781 782 813 812
f 782 783 814 813
f 784 785 816 815
f 785 786 817 816
f 786 787 818 817
f 787 788 819 818
f 788 789 820 819
f 789 790 821 820
f 790 791 822 821
f 791 792 823 822
f 792 793 824 823
f 793 794 825 824
f 794 795 826 825
f 795 796 827 826
f 796 797 828 827
f 797 798 829 828
f 798 799 830 829
f 799 800 831 830
f 800 801 832 831
f 801 802 833 832
f 802 803 834 833
f 803 804 835 834
f 804 805 836 835
f 805 806 837 836
f 806 807 838 837
f 807 808 839 838
f 808 809 840 839
f 809 810 841 840
f 810 811 842 841
f 811 812 843 842
f 812 813 844 843
f 813 814 845 844
f 815 816 847 846
f 816 817 848 847
f 817 818 849 848
f 818 819 850 849
f 819 820 851 850
f 820 821 852 851
f 821 822 853 852
f 822 823 854 853
f 823 824 855 854
f 824 825 856 855
f 825 826 857 856
f 826 827 858 857
f 827 828 859 858
f 828 829 860 859
f 829 830 861 860
f 830 831 862 861
f 831 832 863 862
f 832 833 864 863
f 833 834 865 864
f 834 835 866 865
f 835 836 867 866
f 836 837 868 867
f 837 838 869 868
f 838 839 870 869
f 839 840 871 870
f 840 841 872 871
f 841 842 873 872
f 842 843 874 873
f 843 844 875 874
f 844 845 876 875
f 846 847 878 877
f 847 848 879 878
f 848 849 880 879
f 849 850 881 880
f 850 851 882 881
f 851 852 883 882
f 852 853 884 883
f 853 854 885 884
f 854 855 886 885
f 855 856 887 886
f 856 857 888 887
f 857 858 889 888
f 858 859 890 889
f 859 860 891 890
f 860 861 892 891
f 861 862 893 892
f 862 863 894 893
f 863 864 895 894
f 864 865 896 895
f 865 866 897 896
f 866 867 898 897
f 867 868 899 898
f 868 869 900 899
f 869 870 901 900
f 870 871 902 901
f 871 872 903 902
f 872 873 904 903
f 873 874 905 904
f 874 875 906 905
f 875 876 907 906
f 877 878 909 908
f 878 879 910 909
f 879 880 911 910
f 880 881 912 911
f 881 882 913 912
f 882 883 914 913
f 883 884 915 914
f 884 885 916 915
f 885 886 917 916
f 886 887 918 917
f 887 888 919 918
f 888 889 920 919
f 889 890 921 920
f 890 891 922 921
f 891 892 923 922
f 892 893 924 923
f 893 894 925 924
f 894 895 926 925
f 895 896 927 926
f 896 897 928 927
f 897 898 929 928
f 898 899 930 929
f 899 900 931 930
f 900 901 932 931
f 901 902 933 932
f 902 903 934 933
f 903 904 935 934
f 904 905 936 935
f 905 906 937 936
f 906 907 938 937
f 908 909 940 939
f 909 910 941 940
f 910 911 942 941
f 911 912 943 942
f 912 913 944 943
f 913 914 945 944
f 914 915 946 945
f 915 916 947 946
f 916 917 948 947
f 917 918 949 948
f 918 919 950 949
f 919 920 951 950
f 920 921 952 951
f 921 922 953 952
f 922 923 954 953
f 923 924 955 954
f 924 925 956 955
f 925 926 957 956
f 926 927 958 957
f 927 928 959 958
f 928 929 960 959
f 929 930 961 960
f 930 931 962 961
f 931 932 963 962
f 932 933 964 963
f 933 934 965 964
f 934 935 966 965
f 935 936 967 966
f 936 937 968 967
f 937 938 969 968
f 939 940 971 970
f 940 941 972 971
f 941 942 973 972
f 942 943 974 973
f 943 944 975 974
f 944 945 976 975
f 945 946 977 976
f 946 947 978 977
f 947 948 979 978
f 948 949 980 979
f 949 950 981 980
f 950 951 982 981
f 951 952 983 982
f 952 953 984 983
f 953 954 985 984
f 954 955 986 985
f 955 956 987 986
f 956 957 988 987
f 957 958 989 988
f 958 959 990 989
f 959 960 991 990
f 960 961 992 991
f 961 962 993 992
f 962 963 994 993
f 963 964 995 994
f 964 965 996 995
f 965 966 997 996
f 966 967 998 997
f 967 968 999 998
f 968 969 1000 999
f 970 971 1002 1001
f 971 972 1003 1002
f 972 973 1004 1003
f 973 974 1005 1004
f 974 975 1006 1005
f 975 976 1007 1006
f 976 977 1008 1007
f 977 978 1009 1008
f 978 979 1010 1009
f 979 980 1011 1010
f 980 981 1012 1011
f 981 982 1013 1012
f 982 983 1014 1013
f 983 984 1015 1014
f 984 985 1016 1015
f 985 986 1017 1016
f 986 987 1018 1017
f 987 988 1019 1018
f 988 989 1020 1019
f 989 990 1021 1020
f 990 991 1022 1021
f 991 992 1023 1022
f 992 993 1024 1023
f 993 994 1025 1024
f 994 995 1026 1025
f 995 996 1027 1026
f 996 997 1028 1027
f 997 998 1029 1028
f 998 999 1030 1029
f 999 1000 1031 1030
f 1001 1002 1033 1032
f 1002 1003 1034 1033
f 1003 1004 1035 1034
f 1004 1005 1036 1035
f 1005 1006 1037 1036
f 1006 1007 1038 1037
f 1007 1008 1039 1038
f 1008 1009 1040 1039
f 1009 1010 1041 1040
f 1010 1011 1042 1041
f 1011 1012 1043 1042
f 1012 1013 1044 1043
f 1013 1014 1045 1044
f 1014 1015 1046 1045
f 1015 1016 1047 1046
f 1016 1017 1048 1047
f 1017 1018 1049 1048
f 1018 1019 1050 1049
f 1019 1020 1051 1050
f 1020 1021 1052 1051
f 1021 1022 1053 1052
f 1022 1023 1054 1053
f 1023 1024 1055 1054
f 1024 1025 1056 1055
f 1025 1026 1057 1056
f 1026 1027 1058 1057
f 1027 1028 1059 1058
f 1028 1029 1060 1059
f 1029 1030 1061 1060
f 1030 1031 1062 1061
f 1032 1033 1064 1063
f 1033 1034 1065 1064
f 1034 1035 1066 1065
f 1035 1036 1067 1066
f 1036 1037 1068 1067
f 1037 1038 1069 1068
f 1038 1039 1070 1069
f 1039 1040 1071 1070
f 1040 1041 1072 1071
f 1041 1042 1073 1072
f 1042 1043 1074 1073
f 1043 1044 1075 1074
f 1044 1045 1076 1075
f 1045 1046 1077 1076
f 1046 1047 1078 1077
f 1047 1048 1079 1078
f 1048 1049 1080 1079
f 1049 1050 1081 1080
f 1050 1051 1082 1081
f 1051 1052 1083 1082
f 1052 1053 1084 1083
f 1053 1054 1085 1084
f 1054 1055 1086 1085
f 1055 1056 1087 1086
f 1056 1057 1088 1087
f 1057 1058 1089 1088
f 1058 1059 1090 1089
f 1059 1060 1091 1090
f 1060 1061 1092 1091
f 1061 1062 1093 1092
f 1063 1064 1095 1094
f 1064 1065 1096 1095
f 1065 1066 1097 1096
f 1066 1067 1098 1097
f 1067 1068 1099 1098
f 1068 1069 1100 1099
f 1069 1070 1101 1100
f 1070 1071 1102 1101
f 1071 1072 1103 1102
f 1072 1073 1104 1103
f 1073 1074 1105 1104
f 1074 1075 1106 1105
f 1075 1076 1107 1106
f 1076 1077 1108 1107
f 1077 1078 1109 1108
f 1078 1079 1110 1109
f 1079 1080 1111 1110
f 1080 1081 1112 1111
f 1081 1082 1113 1112
f 1082 1083 1114 1113
f 1083 1084 1115 1114
f 1084 1085 1116 1115
f 1085 1086 1117 1116
f 1086 1087 1118 1117
f 1087 1088 1119 1118
f 1088 1089 1120 1119
f 1089 1090 1121 1120
f 1090 1091 1122 1121
f 1091 1092 1123 1122
f 1092 1093 1124 1123
f 1094 1095 1126 1125
f 1095 1096 1127 1126
f 1096 1097 1128 1127
f 1097 1098 1129 1128
f 1098 1099 1130 1129
f 1099 1100 1131 1130
f 1100 1101 1132 1131
f 1101 1102 1133 1132
f 1102 1103 1134 1133
f 1103 1104 1135 1134
f 1104 1105 1136 1135
f 1105 1106 1137 1136
f 1106 1107 1138 1137
f 1107 1108 1139 1138
f 1108 1109 1140 1139
f 1109 1110 1141 1140
f 1110 1111 1142 1141
f 1111 1112 1143 1142
f 1112 1113 1144 1143
f 1113 1114 1145 1144
f 1114 1115 1146 1145
f 1115 1116 1147 1146
f 1116 1117 1148 1147
f 1117 1118 1149 1148
f 1118 1119 1150 1149
f 1119 1120 1151 1150
f 1120 1121 1152 1151
f 1121 1122 1153 1152
f 1122 1123 1154 1153
f 1123 1124 1155 1154
f 1125 1126 1157 1156
f 1126 1127 1158 1157
f 1127 1128 1159 1158
f 1128 1129 1160 1159
f 1129 1130 1161 1160
f 1130 1131 1162 1161
f 1131 1132 1163 1162
f 1132 1133 1164 1163
f 1133 1134 1165 1164
f 1134 1135 1166 1165
f 1135 1136 1167 1166
f 1136 1137 1168 1167
f 1137 1138 1169 1168
f 1138 1139 1170 1169
f 1139 1140 1171 1170
f 1140 1141 1172 1171
f 1141 1142 1173 1172
f 1142 1143 1174 1173
f 1143 1144 1175 1174
f 1144 1145 1176 1175
f 1145 1146 1177 1176
f 1146 1147 1178 1177
f 1147 1148 1179 1178
f 1148 1149 1180 1179
f 1149 1150 1181 1180
f 1150 1151 1182 1181
f 1151 1152 1183 1182
f 1152 1153 1184 1183
f 1153 1154 1185 1184
f 1154 1155 1186 1185
f 1156 1157 1188 1187
f 1157 1158 1189 1188
f 1158 1159 1190 1189
f 1159 1160 1191 1190
f 1160 1161 1192 1191
f 1161 1162 1193 1192
f 1162 1163 1194 1193
f 1163 1164 1195 1194
f 1164 1165 1196 1195
f 1165 1166 1197 1196
f 1166 1167 1198 1197
f 1167 1168 1199 1198
f 1168 1169 1200 1199
f 1169 1170 1201 1200
f 1170 1171 1202 1201
f 1171 1172 1203 1202
f 1172 1173 1204 1203
f 1173 1174 1205 1204
f 1174 1175 1206 1205
f 1175 1176 1207 1206
f 1176 1177 1208 1207
f 1177 1178 1209 1208
f 1178 1179 1210 1209
f 1179 1180 1211 1210
f 1180 1181 1212 1211
f 1181 1182 1213 1212
f 1182 1183 1214 1213
f 1183 1184 1215 1214
f 1184 1185 1216 1215
f 1185 1186 1217 1216
f 1187 1188 1219 1218
f 1188 1189 1220 1219
f 1189 1190 1221 1220
f 1190 1191 1222 1221
f 1191 1192 1223 1222
f 1192 1193 1224 1223
f 1193 1194 1225 1224
f 1194 1195 1226 1225
f 1195 1196 1227 1226
f 1196 1197 1228 1227
f 1197 1198 1229 1228
f 1198 1199 1230 1229
f 1199 1200 1231 1230
f 1200 1201 1232 1231
f 1201 1202 1233 1232
f 1202 1203 1234 1233
f 1203 1204 1235 1234
f 1204 1205 1236 1235
f 1205 1206 1237 1236
f 1206 1207 1238 1237
f 1207 1208 1239 1238
f 1208 1209 1240 1239
f 1209 1210 1241 1240
f 1210 1211 1242 1241
f 1211 1212 1243 1242
f 1212 1213 1244 1243
f 1213 1214 1245 1244
f 1214 1215 1246 1245
f 1215 1216 1247 1246
f 1216 1217 1248 1247
f 1218 1219 1250 1249
f 1219 1220 1251 1250
f 1220 1221 1252 1251
f 1221 1222 1253 1252
f 1222 1223 1254 1253
f 1223 1224 1255 1254
f 1224 1225 1256 1255
f 1225 1226 1257 1256
f 1226 1227 1258 1257
f 1227 1228 1259 1258
f 1228 1229 1260 1259
f 1229 1230 1261 1260
f 1230 1231 1262 1261
f 1231 1232 1263 1262
f 1232 1233 1264 1263
f 1233 1234 1265 1264
f 1234 1235 1266 1265
f 1235 1236 1267 1266
f 1236 1237 1268 1267
f 1237 1238 1269 1268
f 1238 1239 1270 1269
f 1239 1240 1271 1270
f 1240 1241 1272 1271
f 1241 1242 1273 1272
f 1242 1243 1274 1273
f 1243 1244 1275 1274
f 1244 1245 1276 1275
f 1245 1246 1277 1276
f 1246 1247 1278 1277
f 1247 1248 1279 1278
f 1249 1250 1281 1280
f 1250 1251 1282 1281
f 1251 1252 1283 1282
f 1252 1253 1284 1283
f 1253 1254 1285 1284
f 1254 1255 1286 1285
f 1255 1256 1287 1286
f 1256 1257 1288 1287
f 1257 1258 1289 1288
f 1258 1259 1290 1289
f 1259 1260 1291 1290
f 1260 1261 1292 1291
f 1261 1262 1293 1292
f 1262 1263 1294 1293
f 1263 1264 1295 1294
f 1264 1265 1296 1295
f 1265 1266 1297 1296
f 1266 1267 1298 1297
f 1267 1268 1299 1298
f 1268 1269 1300 1299
f 1269 1270 1301 1300
f 1270 1271 1302 1301
f 1271 1272 1303 1302
f 1272 1273 1304 1303
f 1273 1274 1305 1304
f 1274 1275 1306 1305
f 1275 1276 1307 1306
f 1276 1277 1308 1307
f 1277 1278 1309 1308
f 1278 1279 1310 1309
f 1280 1281 1312 1311
f 1281 1282 1313 1312
f 1282 1283 1314 1313
f 1283 1284 1315 1314
f 1284 1285 1316 1315
f 1285 1286 1317 1316
f 1286 1287 1318 1317
f 1287 1288 1319 1318
f 1288 1289 1320 1319
f 1289 1290 1321 1320
f 1290 1291 1322 1321
f 1291 1292 1323 1322
f 1292 1293 1324 1323
f 1293 1294 1325 1324
f 1294 1295 1326 1325
f 1295 1296 1327 1326
f 1296 1297 1328 1327
f 1297 1298 1329 1328
f 1298 1299 1330 1329
f 1299 1300 1331 1330
f 1300 1301 1332 1331
f 1301 1302 1333 1332
f 1302 1303 1334 1333
f 1303 1304 1335 1334
f 1304 1305 1336 1335
f 1305 1306 1337 1336
f 1306 1307 1338 1337
f 1307 1308 1339 1338
f 1308 1309 1340 1339
f 1309 1310 1341 1340
f 1 40 381 39
f 40 41 382 381
f 41 42 383 382
f 42 43 384 383
f 43 44 385 384
f 44 45 386 385
f 45 46 387 386
f 46 47 388 387
f 47 48 389 388
f 48 49 390 389
f 49 50 391 390
f 50 51 392 391
f 51 52 393 392
f 52 53 394 393
f 53 54 395 394
f 54 55 396 395
f 55 56 397 396
f 56 57 398 397
f 57 58 399 398
f 58 59 400 399
f 59 60 401 400
f 60 61 402 401
f 61 62 403 402
f 62 63 404 403
f 63 64 405 404
f 64 65 406 405
f 65 66 407 406
f 66 67 408 407
f 67 68 409 408
f 68 69 410 409
f 69 70 411 410
f 70 2 71 411
f 411 71 72 442
f 442 72 73 473
f 473 73 74 504
f 504 74 75 535
f 535 75 76 566
f 566 76 77 597
f 597 77 78 628
f 628 78 79 659
f 659 79 80 690
f 690 80 81 721
f 721 81 82 752
f 752 82 83 783
f 783 83 84 814
f 814 84 85 845
f 845 85 86 876
f 876 86 87 907
f 907 87 88 938
f 938 88 89 969
f 969 89 90 1000
f 1000 90 91 1031
f 1031 91 92 1062
f 1062 92 93 1093
f 1093 93 94 1124
f 1124 94 95 1155
f 1155 95 96 1186
f 1186 96 97 1217
f 1217 97 98 1248
f 1248 98 99 1279
f 1279 99 100 1310
f 1310 100 101 1341
f 1341 101 4 102
f 1340 1341 102 103
f 1339 1340 103 104
f 1338 1339 104 105
f 1337 1338 105 106
f 1336 1337 106 107
f 1335 1336 107 108
f 1334 1335 108 109
f 1333 1334 109 110
f 1332 1333 110 111
f 1331 1332 111 112
f 1330 1331 112 113
f 1329 1330 113 114
f 1328 1329 114 115
f 1327 1328 115 116
f 1326 1327 116 117
f 1325 1326 117 118
f 1324 1325 118 119
f 1323 1324 119 120
f 1322 1323 120 121
f 1321 1322 121 122
f 1320 1321 122 123
f 1319 1320 123 124
f 1318 1319 124 125
f 1317 1318 125 126
f 1316 1317 126 127
f 1315 1316 127 128
f 1314 1315 128 129
f 1313 1314 129 130
f 1312 1313 130 131
f 1311 1312 131 132
f 9 1311 132 3
f 10 1280 1311 9
f 11 1249 1280 10
f 12 1218 1249 11
f 13 1187 1218 12
f 14 1156 1187 13
f 15 1125 1156 14
f 16 1094 1125 15
f 17 1063 1094 16
f 18 1032 1063 17
f 19 1001 1032 18
f 20 970 1001 19
f 21 939 970 20
f 22 908 939 21
f 23 877 908 22
f 24 846 877 23
f 25 815 846 24
f 26 784 815 25
f 27 753 784 26
f 28 722 753 27
f 29 691 722 28
f 30 660 691 29
f 31 629 660 30
f 32 598 629 31
f 33 567 598 32
f 34 536 567 33
f 35 505 536 34
f 36 474 505 35
f 37 443 474 36
f 38 412 443 37
f 39 381 412 38
f 1342 1343 1374 1373
f 1343 1344 1375 1374
f 1344 1345 1376 1375
f 1345 1346 1377 1376
f 1346 1347 1378 1377
f 1347 1348 1379 1378
f 1348 1349 1380 1379
f 1349 1350 1381 1380
f 1350 1351 1382 1381
f 1351 1352 1383 1382
f 1352 1353 1384 1383
f 1353 1354 1385 1384
f 1354 1355 1386 1385
f 1355 1356 1387 1386
f 1356 1357 1388 1387
f 1357 1358 1389 1388
f 1358 1359 1390 1389
f 1359 1360 1391 1390
f 1360 1361 1392 1391
f 1361 1362 1393 1392
f 1362 1363 1394 1393
f 1363 1364 1395 1394
f 1364 1365 1396 1395
f 1365 1366 1397 1396
f 1366 1367 1398 1397
f 1367 1368 1399 1398
f 1368 1369 1400 1399
f 1369 1370 1401 1400
f 1370 1371 1402 1401
f 1371 1372 1403 1402
f 1373 1374 1405 1404
f 1374 1375 1406 1405
f 1375 1376 1407 1406
f 1376 1377 1408 1407
f 1377 1378 1409 1408
f 1378 1379 1410 1409
f 1379 1380 1411 1410
f 1380 1381 1412 1411
f 1381 1382 1413 1412
f 1382 1383 1414 1413
f 1383 1384 1415 1414
f 1384 1385 1416 1415
f 1385 1386 1417 1416
f 1386 1387 1418 1417
f 1387 1388 1419 1418
f 1388 1389 1420 1419
f 1389 1390 1421 1420
f 1390 1391 1422 1421
f 1391 1392 1423 1422
f 1392 1393 1424 1423
f 1393 1394 1425 1424
f 1394 1395 1426 1425
f 1395 1396 1427 1426
f 1396 1397 1428 1427
f 1397 1398 1429 1428
f 1398 1399 1430 1429
f 1399 1400 1431 1430
f 1400 1401 1432 1431
f 1401 1402 1433 1432
f 1402 1403 1434 1433
f 1404 1405 1436 1435
f 1405 1406 1437 1436
f 1406 1407 1438 1437
f 1407 1408 1439 1438
f 1408 1409 1440 1439
f 1409 1410 1441 1440
f 1410 1411 1442 1441
f 1411 1412 1443 1442
f 1412 1413 1444 1443
f 1413 1414 1445 1444
f 1414 1415 1446 1445
f 1415 1416 1447 1446
f 1416 1417 1448 1447
f 1417 1418 1449 1448
f 1418 1419 1450 1449
f 1419 1420 1451 1450
f 1420 1421 1452 1451
f 1421 1422 1453 1452
f 1422 1423 1454 1453
f 1423 1424 1455 1454
f 1424 1425 1456 1455
f 1425 1426 1457 1456
f 1426 1427 1458 1457
f 1427 1428 1459 1458
f 1428 1429 1460 1459
f 1429 1430 1461 1460
f 1430 1431 1462 1461
f 1431 1432 1463 1462
f 1432 1433 1464 1463
f 1433 1434 1465 1464
f 1435 1436 1467 1466
f 1436 1437 1468 1467
f 1437 1438 1469 1468
f 1438 1439 1470 1469
f 1439 1440 1471 1470
f 1440 1441 1472 1471
f 1441 1442 1473 1472
f 1442 1443 1474 1473
f 1443 1444 1475 1474
f 1444 1445 1476 1475
f 1445 1446 1477 1476
f 1446 1447 1478 1477
f 1447 1448 1479 1478
f 1448 1449 1480 1479
f 1449 1450 1481 1480
f 1450 1451 1482 1481
f 1451 1452 1483 1482
f 1452 1453 1484 1483
f 1453 1454 1485 1484
f 1454 1455 1486 1485
f 1455 1456 1487 1486
f 1456 1457 1488 1487
f 1457 1458 1489 1488
f 1458 1459 1490 1489
f 1459 1460 1491 1490
f 1460 1461 1492 1491
f 1461 1462 1493 1492
f 1462 1463 1494 1493
f 1463 1464 1495 1494
f 1464 1465 1496 1495
f 1466 1467 1498 1497
f 1467 1468 1499 1498
f 1468 1469 1500 1499
f 1469 1470 1501 1500
f 1470 1471 1502 1501
f 1471 1472 1503 1502
f 1472 1473 1504 1503
f 1473 1474 1505 1504
f 1474 1475 1506 1505
f 1475 1476 1507 1506
f 1476 1477 1508 1507
f 1477 1478 1509 1508
f 1478 1479 1510 1509
f 1479 1480 1511 1510
f 1480 1481 1512 1511
f 1481 1482 1513 1512
f 1482 1483 1514 1513
f 1483 1484 1515 1514
f 1484 1485 1516 1515
f 1485 1486 1517 1516
f 1486 1487 1518 1517
f 1487 1488 1519 1518
f 1488 1489 1520 1519
f 1489 1490 1521 1520
f 1490 1491 1522 1521
f 1491 1492 1523 1522
f 1492 1493 1524 1523
f 1493 1494 1525 1524
f 1494 1495 1526 1525
f 1495 1496 1527 1526
f 1497 1498 1529 1528
f 1498 1499 1530 1529
f 1499 1500 1531 1530
f 1500 1501 1532 1531
f 1501 1502 1533 1532
f 1502 1503 1534 1533
f 1503 1504 1535 1534
f 1504 1505 1536 1535
f 1505 1506 1537 1536
f 1506 1507 1538 1537
f 1507 1508 1539 1538
f 1508 1509 1540 1539
f 1509 1510 1541 1540
f 1510 1511 1542 1541
f 1511 1512 1543 1542
f 1512 1513 1544 1543
f 1513 1514 1545 1544
f 1514 1515 1546 1545
f 1515 1516 1547 1546
f 1516 1517 1548 1547
f 1517 1518 1549 1548
f 1518 1519 1550 1549
f 1519 1520 1551 1550
f 1520 1521 1552 1551
f 1521 1522 1553 1552
f 1522 1523 1554 1553
f 1523 1524 1555 1554
f 1524 1525 1556 1555
f 1525 1526 1557 1556
f 1526 1527 1558 1557
f 1528 1529 1560 1559
f 1529 1530 1561 1560
f 1530 1531 1562 1561
f 1531 1532 1563 1562
f 1532 1533 1564 1563
f 1533 1534 1565 1564
f 1534 1535 1566 1565
f 1535 1536 1567 1566
f 1536 1537 1568 1567
f 1537 1538 1569 1568
f 1538 1539 1570 1569
f 1539 1540 1571 1570
f 1540 1541 1572 1571
f 1541 1542 1573 1572
f 1542 1543 1574 1573
f 1543 1544 1575 1574
f 1544 1545 1576 1575
f 1545 1546 1577 1576
f 1546 1547 1578 1577
f 1547 1548 1579 1578
f 1548 1549 1580 1579
f 1549 1550 1581 1580
f 1550 1551 1582 1581
f 1551 1552 1583 1582
f 1552 1553 1584 1583
f 1553 1554 1585 1584
f 1554 1555 1586 1585
f 1555 1556 1587 1586
f 1556 1557 1588 1587
f 1557 1558 1589 1588
f 1559 1560 1591 1590
f 1560 1561 1592 1591
f 1561 1562 1593 1592
f 1562 1563 1594 1593
f 1563 1564 1595 1594
f 1564 1565 1596 1595
f 1565 1566 1597 1596
f 1566 1567 1598 1597
f 1567 1568 1599 1598
f 1568 1569 1600 1599
f 1569 1570 1601 1600
f 1570 1571 1602 1601
f 1571 1572 1603 1602
f 1572 1573 1604 1603
f 1573 1574 1605 1604
f 1574 1575 1606 1605
f 1575 1576 1607 1606
f 1576 1577 1608 1607
f 1577 1578 1609 1608
f 1578 1579 1610 1609
f 1579 1580 1611 1610
f 1580 1581 1612 1611
f 1581 1582 1613 1612
f 1582 1583 1614 1613
f 1583 1584 1615 1614
f 1584 1585 1616 1615
f 1585 1586 1617 1616
f 1586 1587 1618 1617
f 1587 1588 1619 1618
f 1588 1589 1620 1619
f 1590 1591 1622 1621
f 1591 1592 1623 1622
f 1592 1593 1624 1623
f 1593 1594 1625 1624
f 1594 1595 1626 1625
f 1595 1596 1627 1626
f 1596 1597 1628 1627
f 1597 1598 1629 1628
f 1598 1599 1630 1629
f 1599 1600 1631 1630
f 1600 1601 1632 1631
f 1601 1602 1633 1632
f 1602 1603 1634 1633
f 1603 1604 1635 1634
f 1604 1605 1636 1635
f 1605 1606 1637 1636
f 1606 1607 1638 1637
f 1607 1608 1639 1638
f 1608 1609 1640 1639
f 1609 1610 1641 1640
f 1610 1611 1642 1641
f 1611 1612 1643 1642
f 1612 1613 1644 1643
f 1613 1614 1645 1644
f 1614 1615 1646 1645
f 1615 1616 1647 1646
f 1616 1617 1648 1647
f 1617 1618 1649 1648
f 1618 1619 1650 1649
f 1619 1620 1651 1650
f 1621 1622 1653 1652
f 1622 1623 1654 1653
f 1623 1624 1655 1654
f 1624 1625 1656 1655
f 1625 1626 1657 1656
f 1626 1627 1658 1657
f 1627 1628 1659 1658
f 1628 1629 1660 1659
f 1629 1630 1661 1660
f 1630 1631 1662 1661
f 1631 1632 1663 1662
f 1632 1633 1664 1663
f 1633 1634 1665 1664
f 1634 1635 1666 1665
f 1635 1636 1667 1666
f 1636 1637 1668 1667
f 1637 1638 1669 1668
f 1638 1639 1670 1669
f 1639 1640 1671 1670
f 1640 1641 1672 1671
f 1641 1642 1673 1672
f 1642 1643 1674 1673
f 1643 1644 1675 1674
f 1644 1645 1676 1675
f 1645 1646 1677 1676
f 1646 1647 1678 1677
f 1647 1648 1679 1678
f 1648 1649 1680 1679
f 1649 1650 1681 1680
f 1650 1651 1682 1681
f 1652 1653 1684 1683
f 1653 1654 1685 1684
f 1654 1655 1686 1685
f 1655 1656 1687 1686
f 1656 1657 1688 1687
f 1657 1658 1689 1688
f 1658 1659 1690 1689
f 1659 1660 1691 1690
f 1660 1661 1692 1691
f 1661 1662 1693 1692
f 1662 1663 1694 1693
f 1663 1664 1695 1694
f 1664 1665 1696 1695
f 1665 1666 1697 1696
f 1666 1667 1698 1697
f 1667 1668 1699 1698
f 1668 1669 1700 1699
f 1669 1670 1701 1700
f 1670 1671 1702 1701
f 1671 1672 1703 1702
f 1672 1673 1704 1703
f 1673 1674 1705 1704
f 1674 1675 1706 1705
f 1675 1676 1707 1706
f 1676 1677 1708 1707
f 1677 1678 1709 1708
f 1678 1679 1710 1709
f 1679 1680 1711 1710
f 1680 1681 1712 1711
f 1681 1682 1713 1712
f 1683 1684 1715 1714
f 1684 1685 1716 1715
f 1685 1686 1717 1716
f 1686 1687 1718 1717
f 1687 1688 1719 1718
f 1688 1689 1720 1719
f 1689 1690 1721 1720
f 1690 1691 1722 1721
f 1691 1692 1723 1722
f 1692 1693 1724 1723
f 1693 1694 1725 1724
f 1694 1695 1726 1725
f 1695 1696 1727 1726
f 1696 1697 1728 1727
f 1697 1698 1729 1728
f 1698 1699 1730 1729
f 1699 1700 1731 1730
f 1700 1701 1732 1731
f 1701 1702 1733 1732
f 1702 1703 1734 1733
f 1703 1704 1735 1734
f 1704 1705 1736 1735
f 1705 1706 1737 1736
f 1706 1707 1738 1737
f 1707 1708 1739 1738
f 1708 1709 1740 1739
f 1709 1710 1741 1740
f 1710 1711 1742 1741
f 1711 1712 1743 1742
f 1712 1713 1744 1743
f 1714 1715 1746 1745
f 1715 1716 1747 1746
f 1716 1717 1748 1747
f 1717 1718 1749 1748
f 1718 1719 1750 1749
f 1719 1720 1751 1750
f 1720 1721 1752 1751
f 1721 1722 1753 1752
f 1722 1723 1754 1753
f 1723 1724 1755 1754
f 1724 1725 1756 1755
f 1725 1726 1757 1756
f 1726 1727 1758 1757
f 1727 1728 1759 1758
f 1728 1729 1760 1759
f 1729 1730 1761 1760
f 1730 1731 1762 1761
f 1731 1732 1763 1762
f 1732 1733 1764 1763
f 1733 1734 1765 1764
f 1734 1735 1766 1765
f 1735 1736 1767 1766
f 1736 1737 1768 1767
f 1737 1738 1769 1768
f 1738 1739 1770 1769
f 1739 1740 1771 1770
f 1740 1741 1772 1771
f 1741 1742 1773 1772
f 1742 1743 1774 1773
f 1743 1744 1775 1774
f 1745 1746 1777 1776
f 1746 1747 1778 1777
f 1747 1748 1779 1778
f 1748 1749 1780 1779
f 1749 1750 1781 1780
f 1750 1751 1782 1781
f 1751 1752 1783 1782
f 1752 1753 1784 1783
f 1753 1754 1785 1784
f 1754 1755 1786 1785
f 1755 1756 1787 1786
f 1756 1757 1788 1787
f 1757 1758 1789 1788
f 1758 1759 1790 1789
f 1759 1760 1791 1790
f 1760 1761 1792 1791
f 1761 1762 1793 1792
f 1762 1763 1794 1793
f 1763 1764 1795 1794
f 1764 1765 1796 1795
f 1765 1766 1797 1796
f 1766 1767 1798 1797
f 1767 1768 1799 1798
f 1768 1769 1800 1799
f 1769 1770 1801 1800
f 1770 1771 1802 1801
f 1771 1772 1803 1802
f 1772 1773 1804 1803
f 1773 1774 1805 1804
f 1774 1775 1806 1805
f 1776 1777 1808 1807
f 1777 1778 1809 1808
f 1778 1779 1810 1809
f 1779 1780 1811 1810
f 1780 1781 1812 1811
f 1781 1782 1813 1812
f 1782 1783 1814 1813
f 1783 1784 1815 1814
f 1784 1785 1816 1815
f 1785 1786 1817 1816
f 1786 1787 1818 1817
f 1787 1788 1819 1818
f 1788 1789 1820 1819
f 1789 1790 1821 1820
f 1790 1791 1822 1821
f 1791 1792 1823 1822
f 1792 1793 1824 1823
f 1793 1794 1825 1824
f 1794 1795 1826 1825
f 1795 1796 1827 1826
f 1796 1797 1828 1827
f 1797 1798 1829 1828
f 1798 1799 1830 1829
f 1799 1800 1831 1830
f 1800 1801 1832 1831
f 1801 1802 1833 1832
f 1802 1803 1834 1833
f 1803 1804 1835 1834
f 1804 1805 1836 1835
f 1805 1806 1837 1836
f 1807 1808 1839 1838
f 1808 1809 1840 1839
f 1809 1810 1841 1840
f 1810 1811 1842 1841
f 1811 1812 1843 1842
f 1812 1813 1844 1843
f 1813 1814 1845 1844
f 1814 1815 1846 1845
f 1815 1816 1847 1846
f 1816 1817 1848 1847
f 1817 1818 1849 1848
f 1818 1819 1850 1849
f 1819 1820 1851 1850
f 1820 1821 1852 1851
f 1821 1822 1853 1852
f 1822 1823 1854 1853
f 1823 1824 1855 1854
f 1824 1825 1856 1855
f 1825 1826 1857 1856
f 1826 1827 1858 1857
f 1827 1828 1859 1858
f 1828 1829 1860 1859
f 1829 1830 1861 1860
f 1830 1831 1862 1861
f 1831 1832 1863 1862
f 1832 1833 1864 1863
f 1833 1834 1865 1864
f 1834 1835 1866 1865
f 1835 1836 1867 1866
f 1836 1837 1868 1867
f 1838 1839 1870 1869
f 1839 1840 1871 1870
f 1840 1841 1872 1871
f 1841 1842 1873 1872
f 1842 1843 1874 1873
f 1843 1844 1875 1874
f 1844 1845 1876 1875
f 1845 1846 1877 1876
f 1846 1847 1878 1877
f 1847 1848 1879 1878
f 1848 1849 1880 1879
f 1849 1850 1881 1880
f 1850 1851 1882 1881
f 1851 1852 1883 1882
f 1852 1853 1884 1883
f 1853 1854 1885 1884
f 1854 1855 1886 1885
f 1855 1856 1887 1886
f 1856 1857 1888 1887
f 1857 1858 1889 1888
f 1858 1859 1890 1889
f 1859 1860 1891 1890
f 1860 1861 1892 1891
f 1861 1862 1893 1892
f 1862 1863 1894 1893
f 1863 1864 1895 1894
f 1864 1865 1896 1895
f 1865 1866 1897 1896
f 1866 1867 1898 1897
f 1867 1868 1899 1898
f 1869 1870 1901 1900
f 1870 1871 1902 1901
f 1871 1872 1903 1902
f 1872 1873 1904 1903
f 1873 1874 1905 1904
f 1874 1875 1906 1905
f 1875 1876 1907 1906
f 1876 1877 1908 1907
f 1877 1878 1909 1908
f 1878 1879 1910 1909
f 1879 1880 1911 1910
f 1880 1881 1912 1911
f 1881 1882 1913 1912
f 1882 1883 1914 1913
f 1883 1884 1915 1914
f 1884 1885 1916 1915
f 1885 1886 1917 1916
f 1886 1887 1918 1917
f 1887 1888 1919 1918
f 1888 1889 1920 1919
f 1889 1890 1921 1920
f 1890 1891 1922 1921
f 1891 1892 1923 1922
f 1892 1893 1924 1923
f 1893 1894 1925 1924
f 1894 1895 1926 1925
f 1895 1896 1927 1926
f 1896 1897 1928 1927
f 1897 1898 1929 1928
f 1898 1899 1930 1929
f 1900 1901 1932 1931
f 1901 1902 1933 1932
f 1902 1903 1934 1933
f 1903 1904 1935 1934
f 1904 1905 1936 1935
f 1905 1906 1937 1936
f 1906 1907 1938 1937
f 1907 1908 1939 1938
f 1908 1909 1940 1939
f 1909 1910 1941 1940
f 1910 1911 1942 1941
f 1911 1912 1943 1942
f 1912 1913 1944 1943
f 1913 1914 1945 1944
f 1914 1915 1946 1945
f 1915 1916 1947 1946
f 1916 1917 1948 1947
f 1917 1918 1949 1948
f 1918 1919 1950 1949
f 1919 1920 1951 1950
f 1920 1921 1952 1951
f 1921 1922 1953 1952
f 1922 1923 1954 1953
f 1923 1924 1955 1954
f 1924 1925 1956 1955
f 1925 1926 1957 1956
f 1926 1927 1958 1957
f 1927 1928 1959 1958
f 1928 1929 1960 1959
f 1929 1930 1961 1960
f 1931 1932 1963 1962
f 1932 1933 1964 1963
f 1933 1934 1965 1964
f 1934 1935 1966 1965
f 1935 1936 1967 1966
f 1936 1937 1968 1967
f 1937 1938 1969 1968
f 1938 1939 1970 1969
f 1939 1940 1971 1970
f 1940 1941 1972 1971
f 1941 1942 1973 1972
f 1942 1943 1974 1973
f 1943 1944 1975 1974
f 1944 1945 1976 1975
f 1945 1946 1977 1976
f 1946 1947 1978 1977
f 1947 1948 1979 1978
f 1948 1949 1980 1979
f 1949 1950 1981 1980
f 1950 1951 1982 1981
f 1951 1952 1983 1982
f 1952 1953 1984 1983
f 1953 1954 1985 1984
f 1954 1955 1986 1985
f 1955 1956 1987 1986
f 1956 1957 1988 1987
f 1957 1958 1989 1988
f 1958 1959 1990 1989
f 1959 1960 1991 1990
f 1960 1961 1992 1991
f 1962 1963 1994 1993
f 1963 1964 1995 1994
f 1964 1965 1996 1995
f 1965 1966 1997 1996
f 1966 1967 1998 1997
f 1967 1968 1999 1998
f 1968 1969 2000 1999
f 1969 1970 2001 2000
f 1970 1971 2002 2001
f 1971 1972 2003 2002
f 1972 1973 2004 2003
f 1973 1974 2005 2004
f 1974 1975 2006 2005
f 1975 1976 2007 2006
f 1976 1977 2008 2007
f 1977 1978 2009 2008
f 1978 1979 2010 2009
f 1979 1980 2011 2010
f 1980 1981 2012 2011
f 1981 1982 2013 2012
f 1982 1983 2014 2013
f 1983 1984 2015 2014
f 1984 1985 2016 2015
f 1985 1986 2017 2016
f 1986 1987 2018 2017
f 1987 1988 2019 2018
f 1988 1989 2020 2019
f 1989 1990 2021 2020
f 1990 1991 2022 2021
f 1991 1992 2023 2022
f 1993 1994 2025 2024
f 1994 1995 2026 2025
f 1995 1996 2027 2026
f 1996 1997 2028 2027
f 1997 1998 2029 2028
f 1998 1999 2030 2029
f 1999 2000 2031 2030
f 2000 2001 2032 2031
f 2001 2002 2033 2032
f 2002 2003 2034 2033
f 2003 2004 2035 2034
f 2004 2005 2036 2035
f 2005 2006 2037 2036
f 2006 2007 2038 2037
f 2007 2008 2039 2038
f 2008 2009 2040 2039
f 2009 2010 2041 2040
f 2010 2011 2042 2041
f 2011 2012 2043 2042
f 2012 2013 2044 2043
f 2013 2014 2045 2044
f 2014 2015 2046 2045
f 2015 2016 2047 2046
f 2016 2017 2048 2047
f 2017 2018 2049 2048
f 2018 2019 2050 2049
f 2019 2020 2051 2050
f 2020 2021 2052 2051
f 2021 2022 2053 2052
f 2022 2023 2054 2053
f 2024 2025 2056 2055
f 2025 2026 2057 2056
f 2026 2027 2058 2057
f 2027 2028 2059 2058
f 2028 2029 2060 2059
f 2029 2030 2061 2060
f 2030 2031 2062 2061
f 2031 2032 2063 2062
f 2032 2033 2064 2063
f 2033 2034 2065 2064
f 2034 2035 2066 2065
f 2035 2036 2067 2066
f 2036 2037 2068 2067
f 2037 2038 2069 2068
f 2038 2039 2070 2069
f 2039 2040 2071 2070
f 2040 2041 2072 2071
f 2041 2042 2073 2072
f 2042 2043 2074 2073
f 2043 2044 2075 2074
f 2044 2045 2076 2075
f 2045 2046 2077 2076
f 2046 2047 2078 2077
f 2047 2048 2079 2078
f 2048 2049 2080 2079
f 2049 2050 2081 2080
f 2050 2051 2082 2081
f 2051 2052 2083 2082
f 2052 2053 2084 2083
f 2053 2054 2085 2084
f 2055 2056 2087 2086
f 2056 2057 2088 2087
f 2057 2058 2089 2088
f 2058 2059 2090 2089
f 2059 2060 2091 2090
f 2060 2061 2092 2091
f 2061 2062 2093 2092
f 2062 2063 2094 2093
f 2063 2064 2095 2094
f 2064 2065 2096 2095
f 2065 2066 2097 2096
f 2066 2067 2098 2097
f 2067 2068 2099 2098
f 2068 2069 2100 2099
f 2069 2070 2101 2100
f 2070 2071 2102 2101
f 2071 2072 2103 2102
f 2072 2073 2104 2103
f 2073 2074 2105 2104
f 2074 2075 2106 2105
f 2075 2076 2107 2106
f 2076 2077 2108 2107
f 2077 2078 2109 2108
f 2078 2079 2110 2109
f 2079 2080 2111 2110
f 2080 2081 2112 2111
f 2081 2082 2113 2112
f 2082 2083 2114 2113
f 2083 2084 2115 2114
f 2084 2085 2116 2115
f 2086 2087 2118 2117
f 2087 2088 2119 2118
f 2088 2089 2120 2119
f 2089 2090 2121 2120
f 2090 2091 2122 2121
f 2091 2092 2123 2122
f 2092 2093 2124 2123
f 2093 2094 2125 2124
f 2094 2095 2126 2125
f 2095 2096 2127 2126
f 2096 2097 2128 2127
f 2097 2098 2129 2128
f 2098 2099 2130 2129
f 2099 2100 2131 2130
f 2100 2101 2132 2131
f 2101 2102 2133 2132
f 2102 2103 2134 2133
f 2103 2104 2135 2134
f 2104 2105 2136 2135
f 2105 2106 2137 2136
f 2106 2107 2138 2137
f 2107 2108 2139 2138
f 2108 2109 2140 2139
f 2109 2110 2141 2140
f 2110 2111 2142 2141
f 2111 2112 2143 2142
f 2112 2113 2144 2143
f 2113 2114 2145 2144
f 2114 2115 2146 2145
f 2115 2116 2147 2146
f 2117 2118 2149 2148
f 2118 2119 2150 2149
f 2119 2120 2151 2150
f 2120 2121 2152 2151
f 2121 2122 2153 2152
f 2122 2123 2154 2153
f 2123 2124 2155 2154
f 2124 2125 2156 2155
f 2125 2126 2157 2156
f 2126 2127 2158 2157
f 2127 2128 2159 2158
f 2128 2129 2160 2159
f 2129 2130 2161 2160
f 2130 2131 2162 2161
f 2131 2132 2163 2162
f 2132 2133 2164 2163
f 2133 2134 2165 2164
f 2134 2135 2166 2165
f 2135 2136 2167 2166
f 2136 2137 2168 2167
f 2137 2138 2169 2168
f 2138 2139 2170 2169
f 2139 2140 2171 2170
f 2140 2141 2172 2171
f 2141 2142 2173 2172
f 2142 2143 2174 2173
f 2143 2144 2175 2174
f 2144 2145 2176 2175
f 2145 2146 2177 2176
f 2146 2147 2178 2177
f 2148 2149 2180 2179
f 2149 2150 2181 2180
f 2150 2151 2182 2181
f 2151 2152 2183 2182
f 2152 2153 2184 2183
f 2153 2154 2185 2184
f 2154 2155 2186 2185
f 2155 2156 2187 2186
f 2156 2157 2188 2187
f 2157 2158 2189 2188
f 2158 2159 2190 2189
f 2159 2160 2191 2190
f 2160 2161 2192 2191
f 2161 2162 2193 2192
f 2162 2163 2194 2193
f 2163 2164 2195 2194
f 2164 2165 2196 2195
f 2165 2166 2197 2196
f 2166 2167 2198 2197
f 2167 2168 2199 2198
f 2168 2169 2200 2199
f 2169 2170 2201 2200
f 2170 2171 2202 2201
f 2171 2172 2203 2202
f 2172 2173 2204 2203
f 2173 2174 2205 2204
f 2174 2175 2206 2205
f 2175 2176 2207 2206
f 2176 2177 2208 2207
f 2177 2178 2209 2208
f 2179 2180 2211 2210
f 2180 2181 2212 2211
f 2181 2182 2213 2212
f 2182 2183 2214 2213
f 2183 2184 2215 2214
f 2184 2185 2216 2215
f 2185 2186 2217 2216
f 2186 2187 2218 2217
f 2187 2188 2219 2218
f 2188 2189 2220 2219
f 2189 2190 2221 2220
f 2190 2191 2222 2221
f 2191 2192 2223 2222
f 2192 2193 2224 2223
f 2193 2194 2225 2224
f 2194 2195 2226 2225
f 2195 2196 2227 2226
f 2196 2197 2228 2227
f 2197 2198 2229 2228
f 2198 2199 2230 2229
f 2199 2200 2231 2230
f 2200 2201 2232 2231
f 2201 2202 2233 2232
f 2202 2203 2234 2233
f 2203 2204 2235 2234
f 2204 2205 2236 2235
f 2205 2206 2237 2236
f 2206 2207 2238 2237
f 2207 2208 2239 2238
f 2208 2209 2240 2239
f 2210 2211 2242 2241
f 2211 2212 2243 2242
f 2212 2213 2244 2243
f 2213 2214 2245 2244
f 2214 2215 2246 2245
f 2215 2216 2247 2246
f 2216 2217 2248 2247
f 2217 2218 2249 2248
f 2218 2219 2250 2249
f 2219 2220 2251 2250
f 2220 2221 2252 2251
f 2221 2222 2253 2252
f 2222 2223 2254 2253
f 2223 2224 2255 2254
f 2224 2225 2256 2255
f 2225 2226 2257 2256
f 2226 2227 2258 2257
f 2227 2228 2259 2258
f 2228 2229 2260 2259
f 2229 2230 2261 2260
f 2230 2231 2262 2261
f 2231 2232 2263 2262
f 2232 2233 2264 2263
f 2233 2234 2265 2264
f 2234 2235 2266 2265
f 2235 2236 2267 2266
f 2236 2237 2268 2267
f 2237 2238 2269 2268
f 2238 2239 2270 2269
f 2239 2240 2271 2270
f 2241 2242 2273 2272
f 2242 2243 2274 2273
f 2243 2244 2275 2274
f 2244 2245 2276 2275
f 2245 2246 2277 2276
f 2246 2247 2278 2277
f 2247 2248 2279 2278
f 2248 2249 2280 2279
f 2249 2250 2281 2280
f 2250 2251 2282 2281
f 2251 2252 2283 2282
f 2252 2253 2284 2283
f 2253 2254 2285 2284
f 2254 2255 2286 2285
f 2255 2256 2287 2286
f 2256 2257 2288 2287
f 2257 2258 2289 2288
f 2258 2259 2290 2289
f 2259 2260 2291 2290
f 2260 2261 2292 2291
f 2261 2262 2293 2292
f 2262 2263 2294 2293
f 2263 2264 2295 2294
f 2264 2265 2296 2295
f 2265 2266 2297 2296
f 2266 2267 2298 2297
f 2267 2268 2299 2298
f 2268 2269 2300 2299
f 2269 2270 2301 2300
f 2270 2271 2302 2301
f 3 132 1342 163
f 132 131 1343 1342
f 131 130 1344 1343
f 130 129 1345 1344
f 129 128 1346 1345
f 128 127 1347 1346
f 127 126 1348 1347
f 126 125 1349 1348
f 125 124 1350 1349
f 124 123 1351 1350
f 123 122 1352 1351
f 122 121 1353 1352
f 121 120 1354 1353
f 120 119 1355 1354
f 119 118 1356 1355
f 118 117 1357 1356
f 117 116 1358 1357
f 116 115 1359 1358
f 115 114 1360 1359
f 114 113 1361 1360
f 113 112 1362 1361
f 112 111 1363 1362
f 111 110 1364 1363
f 110 109 1365 1364
f 109 108 1366 1365
f 108 107 1367 1366
f 107 106 1368 1367
f 106 105 1369 1368
f 105 104 1370 1369
f 104 103 1371 1370
f 103 102 1372 1371
f 102 4 164 1372
f 1372 164 165 1403
f 1403 165 166 1434
f 1434 166 167 1465
f 1465 167 168 1496
f 1496 168 169 1527
f 1527 169 170 1558
f 1558 170 171 1589
f 1589 171 172 1620
f 1620 172 173 1651
f 1651 173 174 1682
f 1682 174 175 1713
f 1713 175 176 1744
f 1744 176 177 1775
f 1775 177 178 1806
f 1806 178 179 1837
f 1837 179 180 1868
f 1868 180 181 1899
f 1899 181 182 1930
f 1930 182 183 1961
f 1961 183 184 1992
f 1992 184 185 2023
f 2023 185 186 2054
f 2054 186 187 2085
f 2085 187 188 2116
f 2116 188 189 2147
f 2147 189 190 2178
f 2178 190 191 2209
f 2209 191 192 2240
f 2240 192 193 2271
f 2271 193 194 2302
f 2302 194 8 195
f 2301 2302 195 196
f 2300 2301 196 197
f 2299 2300 197 198
f 2298 2299 198 199
f 2297 2298 199 200
f 2296 2297 200 201
f 2295 2296 201 202
f 2294 2295 202 203
f 2293 2294 203 204
f 2292 2293 204 205
f 2291 2292 205 206
f 2290 2291 206 207
f 2289 2290 207 208
f 2288 2289 208 209
f 2287 2288 209 210
f 2286 2287 210 211
f 2285 2286 211 212
f 2284 2285 212 213
f 2283 2284 213 214
f 2282 2283 214 215
f 2281 2282 215 216
f 2280 2281 216 217
f 2279 2280 217 218
f 2278 2279 218 219
f 2277 2278 219 220
f 2276 2277 220 221
f 2275 2276 221 222
f 2274 2275 222 223
f 2273 2274 223 224
f 2272 2273 224 225
f 133 2272 225 7
f 134 2241 2272 133
f 135 2210 2241 134
f 136 2179 2210 135
f 137 2148 2179 136
f 138 2117 2148 137
f 139 2086 2117 138
f 140 2055 2086 139
f 141 2024 2055 140
f 142 1993 2024 141
f 143 1962 1993 142
f 144 1931 1962 143
f 145 1900 1931 144
f 146 1869 1900 145
f 147 1838 1869 146
f 148 1807 1838 147
f 149 1776 1807 148
f 150 1745 1776 149
f 151 1714 1745 150
f 152 1683 1714 151
f 153 1652 1683 152
f 154 1621 1652 153
f 155 1590 1621 154
f 156 1559 1590 155
f 157 1528 1559 156
f 158 1497 1528 157
f 159 1466 1497 158
f 160 1435 1466 159
f 161 1404 1435 160
f 162 1373 1404 161
f 163 1342 1373 162
f 2303 2304 2335 2334
f 2304 2305 2336 2335
f 2305 2306 2337 2336
f 2306 2307 2338 2337
f 2307 2308 2339 2338
f 2308 2309 2340 2339
f 2309 2310 2341 2340
f 2310 2311 2342 2341
f 2311 2312 2343 2342
f 2312 2313 2344 2343
f 2313 2314 2345 2344
f 2314 2315 2346 2345
f 2315 2316 2347 2346
f 2316 2317 2348 2347
f 2317 2318 2349 2348
f 2318 2319 2350 2349
f 2319 2320 2351 2350
f 2320 2321 2352 2351
f 2321 2322 2353 2352
f 2322 2323 2354 2353
f 2323 2324 2355 2354
f 2324 2325 2356 2355
f 2325 2326 2357 2356
f 2326 2327 2358 2357
f 2327 2328 2359 2358
f 2328 2329 2360 2359
f 2329 2330 2361 2360
f 2330 2331 2362 2361
f 2331 2332 2363 2362
f 2332 2333 2364 2363
f 2334 2335 2366 2365
f 2335 2336 2367 2366
f 2336 2337 2368 2367
f 2337 2338 2369 2368
f 2338 2339 2370 2369
f 2339 2340 2371 2370
f 2340 2341 2372 2371
f 2341 2342 2373 2372
f 2342 2343 2374 2373
f 2343 2344 2375 2374
f 2344 2345 2376 2375
f 2345 2346 2377 2376
f 2346 2347 2378 2377
f 2347 2348 2379 2378
f 2348 2349 2380 2379
f 2349 2350 2381 2380
f 2350 2351 2382 2381
f 2351 2352 2383 2382
f 2352 2353 2384 2383
f 2353 2354 2385 2384
f 2354 2355 2386 2385
f 2355 2356 2387 2386
f 2356 2357 2388 2387
f 2357 2358 2389 2388
f 2358 2359 2390 2389
f 2359 2360 2391 2390
f 2360 2361 2392 2391
f 2361 2362 2393 2392
f 2362 2363 2394 2393
f 2363 2364 2395 2394
f 2365 2366 2397 2396
f 2366 2367 2398 2397
f 2367 2368 2399 2398
f 2368 2369 2400 2399
f 2369 2370 2401 2400
f 2370 2371 2402 2401
f 2371 2372 2403 2402
f 2372 2373 2404 2403
f 2373 2374 2405 2404
f 2374 2375 2406 2405
f 2375 2376 2407 2406
f 2376 2377 2408 2407
f 2377 2378 2409 2408
f 2378 2379 2410 2409
f 2379 2380 2411 2410
f 2380 2381 2412 2411
f 2381 2382 2413 2412
f 2382 2383 2414 2413
f 2383 2384 2415 2414
f 2384 2385 2416 2415
f 2385 2386 2417 2416
f 2386 2387 2418 2417
f 2387 2388 2419 2418
f 2388 2389 2420 2419
f 2389 2390 2421 2420
f 2390 2391 2422 2421
f 2391 2392 2423 2422
f 2392 2393 2424 2423
f 2393 2394 2425 2424
f 2394 2395 2426 2425
f 2396 2397 2428 2427
f 2397 2398 2429 2428
f 2398 2399 2430 2429
f 2399 2400 2431 2430
f 2400 2401 2432 2431
f 2401 2402 2433 2432
f 2402 2403 2434 2433
f 2403 2404 2435 2434
f 2404 2405 2436 2435
f 2405 2406 2437 2436
f 2406 2407 2438 2437
f 2407 2408 2439 2438
f 2408 2409 2440 2439
f 2409 2410 2441 2440
f 2410 2411 2442 2441
f 2411 2412 2443 2442
f 2412 2413 2444 2443
f 2413 2414 2445 2444
f 2414 2415 2446 2445
f 2415 2416 2447 2446
f 2416 2417 2448 2447
f 2417 2418 2449 2448
f 2418 2419 2450 2449
f 2419 2420 2451 2450
f 2420 2421 2452 2451
f 2421 2422 2453 2452
f 2422 2423 2454 2453
f 2423 2424 2455 2454
f 2424 2425 2456 2455
f 2425 2426 2457 2456
f 2427 2428 2459 2458
f 2428 2429 2460 2459
f 2429 2430 2461 2460
f 2430 2431 2462 2461
f 2431 2432 2463 2462
f 2432 2433 2464 2463
f 2433 2434 2465 2464
f 2434 2435 2466 2465
f 2435 2436 2467 2466
f 2436 2437 2468 2467
f 2437 2438 2469 2468
f 2438 2439 2470 2469
f 2439 2440 2471 2470
f 2440 2441 2472 2471
f 2441 2442 2473 2472
f 2442 2443 2474 2473
f 2443 2444 2475 2474
f 2444 2445 2476 2475
f 2445 2446 2477 2476
f 2446 2447 2478 2477
f 2447 2448 2479 2478
f 2448 2449 2480 2479
f 2449 2450 2481 2480
f 2450 2451 2482 2481
f 2451 2452 2483 2482
f 2452 2453 2484 2483
f 2453 2454 2485 2484
f 2454 2455 2486 2485
f 2455 2456 2487 2486
f 2456 2457 2488 2487
f 2458 2459 2490 2489
f 2459 2460 2491 2490
f 2460 2461 2492 2491
f 2461 2462 2493 2492
f 2462 2463 2494 2493
f 2463 2464 2495 2494
f 2464 2465 2496 2495
f 2465 2466 2497 2496
f 2466 2467 2498 2497
f 2467 2468 2499 2498
f 2468 2469 2500 2499
f 2469 2470 2501 2500
f 2470 2471 2502 2501
f 2471 2472 2503 2502
f 2472 2473 2504 2503
f 2473 2474 2505 2504
f 2474 2475 2506 2505
f 2475 2476 2507 2506
f 2476 2477 2508 2507
f 2477 2478 2509 2508
f 2478 2479 2510 2509
f 2479 2480 2511 2510
f 2480 2481 2512 2511
f 2481 2482 2513 2512
f 2482 2483 2514 2513
f 2483 2484 2515 2514
f 2484 2485 2516 2515
f 2485 2486 2517 2516
f 2486 2487 2518 2517
f 2487 2488 2519 2518
f 2489 2490 2521 2520
f 2490 2491 2522 2521
f 2491 2492 2523 2522
f 2492 2493 2524 2523
f 2493 2494 2525 2524
f 2494 2495 2526 2525
f 2495 2496 2527 2526
f 2496 2497 2528 2527
f 2497 2498 2529 2528
f 2498 2499 2530 2529
f 2499 2500 2531 2530
f 2500 2501 2532 2531
f 2501 2502 2533 2532
f 2502 2503 2534 2533
f 2503 2504 2535 2534
f 2504 2505 2536 2535
f 2505 2506 2537 2536
f 2506 2507 2538 2537
f 2507 2508 2539 2538
f 2508 2509 2540 2539
f 2509 2510 2541 2540
f 2510 2511 2542 2541
f 2511 2512 2543 2542
f 2512 2513 2544 2543
f 2513 2514 2545 2544
f 2514 2515 2546 2545
f 2515 2516 2547 2546
f 2516 2517 2548 2547
f 2517 2518 2549 2548
f 2518 2519 2550 2549
f 2520 2521 2552 2551
f 2521 2522 2553 2552
f 2522 2523 2554 2553
f 2523 2524 2555 2554
f 2524 2525 2556 2555
f 2525 2526 2557 2556
f 2526 2527 2558 2557
f 2527 2528 2559 2558
f 2528 2529 2560 2559
f 2529 2530 2561 2560
f 2530 2531 2562 2561
f 2531 2532 2563 2562
f 2532 2533 2564 2563
f 2533 2534 2565 2564
f 2534 2535 2566 2565
f 2535 2536 2567 2566
f 2536 2537 2568 2567
f 2537 2538 2569 2568
f 2538 2539 2570 2569
f 2539 2540 2571 2570
f 2540 2541 2572 2571
f 2541 2542 2573 2572
f 2542 2543 2574 2573
f 2543 2544 2575 2574
f 2544 2545 2576 2575
f 2545 2546 2577 2576
f 2546 2547 2578 2577
f 2547 2548 2579 2578
f 2548 2549 2580 2579
f 2549 2550 2581 2580
f 2551 2552 2583 2582
f 2552 2553 2584 2583
f 2553 2554 2585 2584
f 2554 2555 2586 2585
f 2555 2556 2587 2586
f 2556 2557 2588 2587
f 2557 2558 2589 2588
f 2558 2559 2590 2589
f 2559 2560 2591 2590
f 2560 2561 2592 2591
f 2561 2562 2593 2592
f 2562 2563 2594 2593
f 2563 2564 2595 2594
f 2564 2565 2596 2595
f 2565 2566 2597 2596
f 2566 2567 2598 2597
f 2567 2568 2599 2598
f 2568 2569 2600 2599
f 2569 2570 2601 2600
f 2570 2571 2602 2601
f 2571 2572 2603 2602
f 2572 2573 2604 2603
f 2573 2574 2605 2604
f 2574 2575 2606 2605
f 2575 2576 2607 2606
f 2576 2577 2608 2607
f 2577 2578 2609 2608
f 2578 2579 2610 2609
f 2579 2580 2611 2610
f 2580 2581 2612 2611
f 2582 2583 2614 2613
f 2583 2584 2615 2614
f 2584 2585 2616 2615
f 2585 2586 2617 2616
f 2586 2587 2618 2617
f 2587 2588 2619 2618
f 2588 2589 2620 2619
f 2589 2590 2621 2620
f 2590 2591 2622 2621
f 2591 2592 2623 2622
f 2592 2593 2624 2623
f 2593 2594 2625 2624
f 2594 2595 2626 2625
f 2595 2596 2627 2626
f 2596 2597 2628 2627
f 2597 2598 2629 2628
f 2598 2599 2630 2629
f 2599 2600 2631 2630
f 2600 2601 2632 2631
f 2601 2602 2633 2632
f 2602 2603 2634 2633
f 2603 2604 2635 2634
f 2604 2605 2636 2635
f 2605 2606 2637 2636
f 2606 2607 2638 2637
f 2607 2608 2639 2638
f 2608 2609 2640 2639
f 2609 2610 2641 2640
f 2610 2611 2642 2641
f 2611 2612 2643 2642
f 2613 2614 2645 2644
f 2614 2615 2646 2645
f 2615 2616 2647 2646
f 2616 2617 2648 2647
f 2617 2618 2649 2648
f 2618 2619 2650 2649
f 2619 2620 2651 2650
f 2620 2621 2652 2651
f 2621 2622 2653 2652
f 2622 2623 2654 2653
f 2623 2624 2655 2654
f 2624 2625 2656 2655
f 2625 2626 2657 2656
f 2626 2627 2658 2657
f 2627 2628 2659 2658
f 2628 2629 2660 2659
f 2629 2630 2661 2660
f 2630 2631 2662 2661
f 2631 2632 2663 2662
f 2632 2633 2664 2663
f 2633 2634 2665 2664
f 2634 2635 2666 2665
f 2635 2636 2667 2666
f 2636 2637 2668 2667
f 2637 2638 2669 2668
f 2638 2639 2670 2669
f 2639 2640 2671 2670
f 2640 2641 2672 2671
f 2641 2642 2673 2672
f 2642 2643 2674 2673
f 2644 2645 2676 2675
f 2645 2646 2677 2676
f 2646 2647 2678 2677
f 2647 2648 2679 2678
f 2648 2649 2680 2679
f 2649 2650 2681 2680
f 2650 2651 2682 2681
f 2651 2652 2683 2682
f 2652 2653 2684 2683
f 2653 2654 2685 2684
f 2654 2655 2686 2685
f 2655 2656 2687 2686
f 2656 2657 2688 2687
f 2657 2658 2689 2688
f 2658 2659 2690 2689
f 2659 2660 2691 2690
f 2660 2661 2692 2691
f 2661 2662 2693 2692
f 2662 2663 2694 2693
f 2663 2664 2695 2694
f 2664 2665 2696 2695
f 2665 2666 2697 2696
f 2666 2667 2698 2697
f 2667 2668 2699 2698
f 2668 2669 2700 2699
f 2669 2670 2701 2700
f 2670 2671 2702 2701
f 2671 2672 2703 2702
f 2672 2673 2704 2703
f 2673 2674 2705 2704
f 2675 2676 2707 2706
f 2676 2677 2708 2707
f 2677 2678 2709 2708
f 2678 2679 2710 2709
f 2679 2680 2711 2710
f 2680 2681 2712 2711
f 2681 2682 2713 2712
f 2682 2683 2714 2713
f 2683 2684 2715 2714
f 2684 2685 2716 2715
f 2685 2686 2717 2716
f 2686 2687 2718 2717
f 2687 2688 2719 2718
f 2688 2689 2720 2719
f 2689 2690 2721 2720
f 2690 2691 2722 2721
f 2691 2692 2723 2722
f 2692 2693 2724 2723
f 2693 2694 2725 2724
f 2694 2695 2726 2725
f 2695 2696 2727 2726
f 2696 2697 2728 2727
f 2697 2698 2729 2728
f 2698 2699 2730 2729
f 2699 2700 2731 2730
f 2700 2701 2732 2731
f 2701 2702 2733 2732
f 2702 2703 2734 2733
f 2703 2704 2735 2734
f 2704 2705 2736 2735
f 2706 2707 2738 2737
f 2707 2708 2739 2738
f 2708 2709 2740 2739
f 2709 2710 2741 2740
f 2710 2711 2742 2741
f 2711 2712 2743 2742
f 2712 2713 2744 2743
f 2713 2714 2745 2744
f 2714 2715 2746 2745
f 2715 2716 2747 2746
f 2716 2717 2748 2747
f 2717 2718 2749 2748
f 2718 2719 2750 2749
f 2719 2720 2751 2750
f 2720 2721 2752 2751
f 2721 2722 2753 2752
f 2722 2723 2754 2753
f 2723 2724 2755 2754
f 2724 2725 2756 2755
f 2725 2726 2757 2756
f 2726 2727 2758 2757
f 2727 2728 2759 2758
f 2728 2729 2760 2759
f 2729 2730 2761 2760
f 2730 2731 2762 2761
f 2731 2732 2763 2762
f 2732 2733 2764 2763
f 2733 2734 2765 2764
f 2734 2735 2766 2765
f 2735 2736 2767 2766
f 2737 2738 2769 2768
f 2738 2739 2770 2769
f 2739 2740 2771 2770
f 2740 2741 2772 2771
f 2741 2742 2773 2772
f 2742 2743 2774 2773
f 2743 2744 2775 2774
f 2744 2745 2776 2775
f 2745 2746 2777 2776
f 2746 2747 2778 2777
f 2747 2748 2779 2778
f 2748 2749 2780 2779
f 2749 2750 2781 2780
f 2750 2751 2782 2781
f 2751 2752 2783 2782
f 2752 2753 2784 2783
f 2753 2754 2785 2784
f 2754 2755 2786 2785
f 2755 2756 2787 2786
f 2756 2757 2788 2787
f 2757 2758 2789 2788
f 2758 2759 2790 2789
f 2759 2760 2791 2790
f 2760 2761 2792 2791
f 2761 2762 2793 2792
f 2762 2763 2794 2793
f 2763 2764 2795 2794
f 2764 2765 2796 2795
f 2765 2766 2797 2796
f 2766 2767 2798 2797
f 2768 2769 2800 2799
f 2769 2770 2801 2800
f 2770 2771 2802 2801
f 2771 2772 2803 2802
f 2772 2773 2804 2803
f 2773 2774 2805 2804
f 2774 2775 2806 2805
f 2775 2776 2807 2806
f 2776 2777 2808 2807
f 2777 2778 2809 2808
f 2778 2779 2810 2809
f 2779 2780 2811 2810
f 2780 2781 2812 2811
f 2781 2782 2813 2812
f 2782 2783 2814 2813
f 2783 2784 2815 2814
f 2784 2785 2816 2815
f 2785 2786 2817 2816
f 2786 2787 2818 2817
f 2787 2788 2819 2818
f 2788 2789 2820 2819
f 2789 2790 2821 2820
f 2790 2791 2822 2821
f 2791 2792 2823 2822
f 2792 2793 2824 2823
f 2793 2794 2825 2824
f 2794 2795 2826 2825
f 2795 2796 2827 2826
f 2796 2797 2828 2827
f 2797 2798 2829 2828
f 2799 2800 2831 2830
f 2800 2801 2832 2831
f 2801 2802 2833 2832
f 2802 2803 2834 2833
f 2803 2804 2835 2834
f 2804 2805 2836 2835
f 2805 2806 2837 2836
f 2806 2807 2838 2837
f 2807 2808 2839 2838
f 2808 2809 2840 2839
f 2809 2810 2841 2840
f 2810 2811 2842 2841
f 2811 2812 2843 2842
f 2812 2813 2844 2843
f 2813 2814 2845 2844
f 2814 2815 2846 2845
f 2815 2816 2847 2846
f 2816 2817 2848 2847
f 2817 2818 2849 2848
f 2818 2819 2850 2849
f 2819 2820 2851 2850
f 2820 2821 2852 2851
f 2821 2822 2853 2852
f 2822 2823 2854 2853
f 2823 2824 2855 2854
f 2824 2825 2856 2855
f 2825 2826 2857 2856
f 2826 2827 2858 2857
f 2827 2828 2859 2858
f 2828 2829 2860 2859
f 2830 2831 2862 2861
f 2831 2832 2863 2862
f 2832 2833 2864 2863
f 2833 2834 2865 2864
f 2834 2835 2866 2865
f 2835 2836 2867 2866
f 2836 2837 2868 2867
f 2837 2838 2869 2868
f 2838 2839 2870 2869
f 2839 2840 2871 2870
f 2840 2841 2872 2871
f 2841 2842 2873 2872
f 2842 2843 2874 2873
f 2843 2844 2875 2874
f 2844 2845 2876 2875
f 2845 2846 2877 2876
f 2846 2847 2878 2877
f 2847 2848 2879 2878
f 2848 2849 2880 2879
f 2849 2850 2881 2880
f 2850 2851 2882 2881
f 2851 2852 2883 2882
f 2852 2853 2884 2883
f 2853 2854 2885 2884
f 2854 2855 2886 2885
f 2855 2856 2887 2886
f 2856 2857 2888 2887
f 2857 2858 2889 2888
f 2858 2859 2890 2889
f 2859 2860 2891 2890
f 2861 2862 2893 2892
f 2862 2863 2894 2893
f 2863 2864 2895 2894
f 2864 2865 2896 2895
f 2865 2866 2897 2896
f 2866 2867 2898 2897
f 2867 2868 2899 2898
f 2868 2869 2900 2899
f 2869 2870 2901 2900
f 2870 2871 2902 2901
f 2871 2872 2903 2902
f 2872 2873 2904 2903
f 2873 2874 2905 2904
f 2874 2875 2906 2905
f 2875 2876 2907 2906
f 2876 2877 2908 2907
f 2877 2878 2909 2908
f 2878 2879 2910 2909
f 2879 2880 2911 2910
f 2880 2881 2912 2911
f 2881 2882 2913 2912
f 2882 2883 2914 2913
f 2883 2884 2915 2914
f 2884 2885 2916 2915
f 2885 2886 2917 2916
f 2886 2887 2918 2917
f 2887 2888 2919 2918
f 2888 2889 2920 2919
f 2889 2890 2921 2920
f 2890 2891 2922 2921
f 2892 2893 2924 2923
f 2893 2894 2925 2924
f 2894 2895 2926 2925
f 2895 2896 2927 2926
f 2896 2897 2928 2927
f 2897 2898 2929 2928
f 2898 2899 2930 2929
f 2899 2900 2931 2930
f 2900 2901 2932 2931
f 2901 2902 2933 2932
f 2902 2903 2934 2933
f 2903 2904 2935 2934
f 2904 2905 2936 2935
f 2905 2906 2937 2936
f 2906 2907 2938 2937
f 2907 2908 2939 2938
f 2908 2909 2940 2939
f 2909 2910 2941 2940
f 2910 2911 2942 2941
f 2911 2912 2943 2942
f 2912 2913 2944 2943
f 2913 2914 2945 2944
f 2914 2915 2946 2945
f 2915 2916 2947 2946
f 2916 2917 2948 2947
f 2917 2918 2949 2948
f 2918 2919 2950 2949
f 2919 2920 2951 2950
f 2920 2921 2952 2951
f 2921 2922 2953 2952
f 2923 2924 2955 2954
f 2924 2925 2956 2955
f 2925 2926 2957 2956
f 2926 2927 2958 2957
f 2927 2928 2959 2958
f 2928 2929 2960 2959
f 2929 2930 2961 2960
f 2930 2931 2962 2961
f 2931 2932 2963 2962
f 2932 2933 2964 2963
f 2933 2934 2965 2964
f 2934 2935 2966 2965
f 2935 2936 2967 2966
f 2936 2937 2968 2967
f 2937 2938 2969 2968
f 2938 2939 2970 2969
f 2939 2940 2971 2970
f 2940 2941 2972 2971
f 2941 2942 2973 2972
f 2942 2943 2974 2973
f 2943 2944 2975 2974
f 2944 2945 2976 2975
f 2945 2946 2977 2976
f 2946 2947 2978 2977
f 2947 2948 2979 2978
f 2948 2949 2980 2979
f 2949 2950 2981 2980
f 2950 2951 2982 2981
f 2951 2952 2983 2982
f 2952 2953 2984 2983
f 2954 2955 2986 2985
f 2955 2956 2987 2986
f 2956 2957 2988 2987
f 2957 2958 2989 2988
f 2958 2959 2990 2989
f 2959 2960 2991 2990
f 2960 2961 2992 2991
f 2961 2962 2993 2992
f 2962 2963 2994 2993
f 2963 2964 2995 2994
f 2964 2965 2996 2995
f 2965 2966 2997 2996
f 2966 2967 2998 2997
f 2967 2968 2999 2998
f 2968 2969 3000 2999
f 2969 2970 3001 3000
f 2970 2971 3002 3001
f 2971 2972 3003 3002
f 2972 2973 3004 3003
f 2973 2974 3005 3004
f 2974 2975 3006 3005
f 2975 2976 3007 3006
f 2976 2977 3008 3007
f 2977 2978 3009 3008
f 2978 2979 3010 3009
f 2979 2980 3011 3010
f 2980 2981 3012 3011
f 2981 2982 3013 3012
f 2982 2983 3014 3013
f 2983 2984 3015 3014
f 2985 2986 3017 3016
f 2986 2987 3018 3017
f 2987 2988 3019 3018
f 2988 2989 3020 3019
f 2989 2990 3021 3020
f 2990 2991 3022 3021
f 2991 2992 3023 3022
f 2992 2993 3024 3023
f 2993 2994 3025 3024
f 2994 2995 3026 3025
f 2995 2996 3027 3026
f 2996 2997 3028 3027
f 2997 2998 3029 3028
f 2998 2999 3030 3029
f 2999 3000 3031 3030
f 3000 3001 3032 3031
f 3001 3002 3033 3032
f 3002 3003 3034 3033
f 3003 3004 3035 3034
f 3004 3005 3036 3035
f 3005 3006 3037 3036
f 3006 3007 3038 3037
f 3007 3008 3039 3038
f 3008 3009 3040 3039
f 3009 3010 3041 3040
f 3010 3011 3042 3041
f 3011 3012 3043 3042
f 3012 3013 3044 3043
f 3013 3014 3045 3044
f 3014 3015 3046 3045
f 3016 3017 3048 3047
f 3017 3018 3049 3048
f 3018 3019 3050 3049
f 3019 3020 3051 3050
f 3020 3021 3052 3051
f 3021 3022 3053 3052
f 3022 3023 3054 3053
f 3023 3024 3055 3054
f 3024 3025 3056 3055
f 3025 3026 3057 3056
f 3026 3027 3058 3057
f 3027 3028 3059 3058
f 3028 3029 3060 3059
f 3029 3030 3061 3060
f 3030 3031 3062 3061
f 3031 3032 3063 3062
f 3032 3033 3064 3063
f 3033 3034 3065 3064
f 3034 3035 3066 3065
f 3035 3036 3067 3066
f 3036 3037 3068 3067
f 3037 3038 3069 3068
f 3038 3039 3070 3069
f 3039 3040 3071 3070
f 3040 3041 3072 3071
f 3041 3042 3073 3072
f 3042 3043 3074 3073
f 3043 3044 3075 3074
f 3044 3045 3076 3075
f 3045 3046 3077 3076
f 3047 3048 3079 3078
f 3048 3049 3080 3079
f 3049 3050 3081 3080
f 3050 3051 3082 3081
f 3051 3052 3083 3082
f 3052 3053 3084 3083
f 3053 3054 3085 3084
f 3054 3055 3086 3085
f 3055 3056 3087 3086
f 3056 3057 3088 3087
f 3057 3058 3089 3088
f 3058 3059 3090 3089
f 3059 3060 3091 3090
f 3060 3061 3092 3091
f 3061 3062 3093 3092
f 3062 3063 3094 3093
f 3063 3064 3095 3094
f 3064 3065 3096 3095
f 3065 3066 3097 3096
f 3066 3067 3098 3097
f 3067 3068 3099 3098
f 3068 3069 3100 3099
f 3069 3070 3101 3100
f 3070 3071 3102 3101
f 3071 3072 3103 3102
f 3072 3073 3104 3103
f 3073 3074 3105 3104
f 3074 3075 3106 3105
f 3075 3076 3107 3106
f 3076 3077 3108 3107
f 3078 3079 3110 3109
f 3079 3080 3111 3110
f 3080 3081 3112 3111
f 3081 3082 3113 3112
f 3082 3083 3114 3113
f 3083 3084 3115 3114
f 3084 3085 3116 3115
f 3085 3086 3117 3116
f 3086 3087 3118 3117
f 3087 3088 3119 3118
f 3088 3089 3120 3119
f 3089 3090 3121 3120
f 3090 3091 3122 3121
f 3091 3092 3123 3122
f 3092 3093 3124 3123
f 3093 3094 3125 3124
f 3094 3095 3126 3125
f 3095 3096 3127 3126
f 3096 3097 3128 3127
f 3097 3098 3129 3128
f 3098 3099 3130 3129
f 3099 3100 3131 3130
f 3100 3101 3132 3131
f 3101 3102 3133 3132
f 3102 3103 3134 3133
f 3103 3104 3135 3134
f 3104 3105 3136 3135
f 3105 3106 3137 3136
f 3106 3107 3138 3137
f 3107 3108 3139 3138
f 3109 3110 3141 3140
f 3110 3111 3142 3141
f 3111 3112 3143 3142
f 3112 3113 3144 3143
f 3113 3114 3145 3144
f 3114 3115 3146 3145
f 3115 3116 3147 3146
f 3116 3117 3148 3147
f 3117 3118 3149 3148
f 3118 3119 3150 3149
f 3119 3120 3151 3150
f 3120 3121 3152 3151
f 3121 3122 3153 3152
f 3122 3123 3154 3153
f 3123 3124 3155 3154
f 3124 3125 3156 3155
f 3125 3126 3157 3156
f 3126 3127 3158 3157
f 3127 3128 3159 3158
f 3128 3129 3160 3159
f 3129 3130 3161 3160
f 3130 3131 3162 3161
f 3131 3132 3163 3162
f 3132 3133 3164 3163
f 3133 3134 3165 3164
f 3134 3135 3166 3165
f 3135 3136 3167 3166
f 3136 3137 3168 3167
f 3137 3138 3169 3168
f 3138 3139 3170 3169
f 3140 3141 3172 3171
f 3141 3142 3173 3172
f 3142 3143 3174 3173
f 3143 3144 3175 3174
f 3144 3145 3176 3175
f 3145 3146 3177 3176
f 3146 3147 3178 3177
f 3147 3148 3179 3178
f 3148 3149 3180 3179
f 3149 3150 3181 3180
f 3150 3151 3182 3181
f 3151 3152 3183 3182
f 3152 3153 3184 3183
f 3153 3154 3185 3184
f 3154 3155 3186 3185
f 3155 3156 3187 3186
f 3156 3157 3188 3187
f 3157 3158 3189 3188
f 3158 3159 3190 3189
f 3159 3160 3191 3190
f 3160 3161 3192 3191
f 3161 3162 3193 3192
f 3162 3163 3194 3193
f 3163 3164 3195 3194
f 3164 3165 3196 3195
f 3165 3166 3197 3196
f 3166 3167 3198 3197
f 3167 3168 3199 3198
f 3168 3169 3200 3199
f 3169 3170 3201 3200
f 3171 3172 3203 3202
f 3172 3173 3204 3203
f 3173 3174 3205 3204
f 3174 3175 3206 3205
f 3175 3176 3207 3206
f 3176 3177 3208 3207
f 3177 3178 3209 3208
f 3178 3179 3210 3209
f 3179 3180 3211 3210
f 3180 3181 3212 3211
f 3181 3182 3213 3212
f 3182 3183 3214 3213
f 3183 3184 3215 3214
f 3184 3185 3216 3215
f 3185 3186 3217 3216
f 3186 3187 3218 3217
f 3187 3188 3219 3218
f 3188 3189 3220 3219
f 3189 3190 3221 3220
f 3190 3191 3222 3221
f 3191 3192 3223 3222
f 3192 3193 3224 3223
f 3193 3194 3225 3224
f 3194 3195 3226 3225
f 3195 3196 3227 3226
f 3196 3197 3228 3227
f 3197 3198 3229 3228
f 3198 3199 3230 3229
f 3199 3200 3231 3230
f 3200 3201 3232 3231
f 3202 3203 3234 3233
f 3203 3204 3235 3234
f 3204 3205 3236 3235
f 3205 3206 3237 3236
f 3206 3207 3238 3237
f 3207 3208 3239 3238
f 3208 3209 3240 3239
f 3209 3210 3241 3240
f 3210 3211 3242 3241
f 3211 3212 3243 3242
f 3212 3213 3244 3243
f 3213 3214 3245 3244
f 3214 3215 3246 3245
f 3215 3216 3247 3246
f 3216 3217 3248 3247
f 3217 3218 3249 3248
f 3218 3219 3250 3249
f 3219 3220 3251 3250
f 3220 3221 3252 3251
f 3221 3222 3253 3252
f 3222 3223 3254 3253
f 3223 3224 3255 3254
f 3224 3225 3256 3255
f 3225 3226 3257 3256
f 3226 3227 3258 3257
f 3227 3228 3259 3258
f 3228 3229 3260 3259
f 3229 3230 3261 3260
f 3230 3231 3262 3261
f 3231 3232 3263 3262
f 7 225 2303 256
f 225 224 2304 2303
f 224 223 2305 2304
f 223 222 2306 2305
f 222 221 2307 2306
f 221 220 2308 2307
f 220 219 2309 2308
f 219 218 2310 2309
f 218 217 2311 2310
f 217 216 2312 2311
f 216 215 2313 2312
f 215 214 2314 2313
f 214 213 2315 2314
f 213 212 2316 2315
f 212 211 2317 2316
f 211 210 2318 2317
f 210 209 2319 2318
f 209 208 2320 2319
f 208 207 2321 2320
f 207 206 2322 2321
f 206 205 2323 2322
f 205 204 2324 2323
f 204 203 2325 2324
f 203 202 2326 2325
f 202 201 2327 2326
f 201 200 2328 2327
f 200 199 2329 2328
f 199 198 2330 2329
f 198 197 2331 2330
f 197 196 2332 2331
f 196 195 2333 2332
f 195 8 257 2333
f 2333 257 258 2364
f 2364 258 259 2395
f 2395 259 260 2426
f 2426 260 261 2457
f 2457 261 262 2488
f 2488 262 263 2519
f 2519 263 264 2550
f 2550 264 265 2581
f 2581 265 266 2612
f 2612 266 267 2643
f 2643 267 268 2674
f 2674 268 269 2705
f 2705 269 270 2736
f 2736 270 271 2767
f 2767 271 272 2798
f 2798 272 273 2829
f 2829 273 274 2860
f 2860 274 275 2891
f 2891 275 276 2922
f 2922 276 277 2953
f 2953 277 278 2984
f 2984 278 279 3015
f 3015 279 280 3046
f 3046 280 281 3077
f 3077 281 282 3108
f 3108 282 283 3139
f 3139 283 284 3170
f 3170 284 285 3201
f 3201 285 286 3232
f 3232 286 287 3263
f 3263 287 6 288
f 3262 3263 288 289
f 3261 3262 289 290
f 3260 3261 290 291
f 3259 3260 291 292
f 3258 3259 292 293
f 3257 3258 293 294
f 3256 3257 294 295
f 3255 3256 295 296
f 3254 3255 296 297
f 3253 3254 297 298
f 3252 3253 298 299
f 3251 3252 299 300
f 3250 3251 300 301
f 3249 3250 301 302
f 3248 3249 302 303
f 3247 3248 303 304
f 3246 3247 304 305
f 3245 3246 305 306
f 3244 3245 306 307
f 3243 3244 307 308
f 3242 3243 308 309
f 3241 3242 309 310
f 3240 3241 310 311
f 3239 3240 311 312
f 3238 3239 312 313
f 3237 3238 313 314
f 3236 3237 314 315
f 3235 3236 315 316
f 3234 3235 316 317
f 3233 3234 317 318
f 226 3233 318 5
f 227 3202 3233 226
f 228 3171 3202 227
f 229 3140 3171 228
f 230 3109 3140 229
f 231 3078 3109 230
f 232 3047 3078 231
f 233 3016 3047 232
f 234 2985 3016 233
f 235 2954 2985 234
f 236 2923 2954 235
f 237 2892 2923 236
f 238 2861 2892 237
f 239 2830 2861 238
f 240 2799 2830 239
f 241 2768 2799 240
f 242 2737 2768 241
f 243 2706 2737 242
f 244 2675 2706 243
f 245 2644 2675 244
f 246 2613 2644 245
f 247 2582 2613 246
f 248 2551 2582 247
f 249 2520 2551 248
f 250 2489 2520 249
f 251 2458 2489 250
f 252 2427 2458 251
f 253 2396 2427 252
f 254 2365 2396 253
f 255 2334 2365 254
f 256 2303 2334 255
f 3264 3265 3296 3295
f 3265 3266 3297 3296
f 3266 3267 3298 3297
f 3267 3268 3299 3298
f 3268 3269 3300 3299
f 3269 3270 3301 3300
f 3270 3271 3302 3301
f 3271 3272 3303 3302
f 3272 3273 3304 3303
f 3273 3274 3305 3304
f 3274 3275 3306 3305
f 3275 3276 3307 3306
f 3276 3277 3308 3307
f 3277 3278 3309 3308
f 3278 3279 3310 3309
f 3279 3280 3311 3310
f 3280 3281 3312 3311
f 3281 3282 3313 3312
f 3282 3283 3314 3313
f 3283 3284 3315 3314
f 3284 3285 3316 3315
f 3285 3286 3317 3316
f 3286 3287 3318 3317
f 3287 3288 3319 3318
f 3288 3289 3320 3319
f 3289 3290 3321 3320
f 3290 3291 3322 3321
f 3291 3292 3323 3322
f 3292 3293 3324 3323
f 3293 3294 3325 3324
f 3295 3296 3327 3326
f 3296 3297 3328 3327
f 3297 3298 3329 3328
f 3298 3299 3330 3329
f 3299 3300 3331 3330
f 3300 3301 3332 3331
f 3301 3302 3333 3332
f 3302 3303 3334 3333
f 3303 3304 3335 3334
f 3304 3305 3336 3335
f 3305 3306 3337 3336
f 3306 3307 3338 3337
f 3307 3308 3339 3338
f 3308 3309 3340 3339
f 3309 3310 3341 3340
f 3310 3311 3342 3341
f 3311 3312 3343 3342
f 3312 3313 3344 3343
f 3313 3314 3345 3344
f 3314 3315 3346 3345
f 3315 3316 3347 3346
f 3316 3317 3348 3347
f 3317 3318 3349 3348
f 3318 3319 3350 3349
f 3319 3320 3351 3350
f 3320 3321 3352 3351
f 3321 3322 3353 3352
f 3322 3323 3354 3353
f 3323 3324 3355 3354
f 3324 3325 3356 3355
f 3326 3327 3358 3357
f 3327 3328 3359 3358
f 3328 3329 3360 3359
f 3329 3330 3361 3360
f 3330 3331 3362 3361
f 3331 3332 3363 3362
f 3332 3333 3364 3363
f 3333 3334 3365 3364
f 3334 3335 3366 3365
f 3335 3336 3367 3366
f 3336 3337 3368 3367
f 3337 3338 3369 3368
f 3338 3339 3370 3369
f 3339 3340 3371 3370
f 3340 3341 3372 3371
f 3341 3342 3373 3372
f 3342 3343 3374 3373
f 3343 3344 3375 3374
f 3344 3345 3376 3375
f 3345 3346 3377 3376
f 3346 3347 3378 3377
f 3347 3348 3379 3378
f 3348 3349 3380 3379
f 3349 3350 3381 3380
f 3350 3351 3382 3381
f 3351 3352 3383 3382
f 3352 3353 3384 3383
f 3353 3354 3385 3384
f 3354 3355 3386 3385
f 3355 3356 3387 3386
f 3357 3358 3389 3388
f 3358 3359 3390 3389
f 3359 3360 3391 3390
f 3360 3361 3392 3391
f 3361 3362 3393 3392
f 3362 3363 3394 3393
f 3363 3364 3395 3394
f 3364 3365 3396 3395
f 3365 3366 3397 3396
f 3366 3367 3398 3397
f 3367 3368 3399 3398
f 3368 3369 3400 3399
f 3369 3370 3401 3400
f 3370 3371 3402 3401
f 3371 3372 3403 3402
f 3372 3373 3404 3403
f 3373 3374 3405 3404
f 3374 3375 3406 3405
f 3375 3376 3407 3406
f 3376 3377 3408 3407
f 3377 3378 3409 3408
f 3378 3379 3410 3409
f 3379 3380 3411 3410
f 3380 3381 3412 3411
f 3381 3382 3413 3412
f 3382 3383 3414 3413
f 3383 3384 3415 3414
f 3384 3385 3416 3415
f 3385 3386 3417 3416
f 3386 3387 3418 3417
f 3388 3389 3420 3419
f 3389 3390 3421 3420
f 3390 3391 3422 3421
f 3391 3392 3423 3422
f 3392 3393 3424 3423
f 3393 3394 3425 3424
f 3394 3395 3426 3425
f 3395 3396 3427 3426
f 3396 3397 3428 3427
f 3397 3398 3429 3428
f 3398 3399 3430 3429
f 3399 3400 3431 3430
f 3400 3401 3432 3431
f 3401 3402 3433 3432
f 3402 3403 3434 3433
f 3403 3404 3435 3434
f 3404 3405 3436 3435
f 3405 3406 3437 3436
f 3406 3407 3438 3437
f 3407 3408 3439 3438
f 3408 3409 3440 3439
f 3409 3410 3441 3440
f 3410 3411 3442 3441
f 3411 3412 3443 3442
f 3412 3413 3444 3443
f 3413 3414 3445 3444
f 3414 3415 3446 3445
f 3415 3416 3447 3446
f 3416 3417 3448 3447
f 3417 3418 3449 3448
f 3419 3420 3451 3450
f 3420 3421 3452 3451
f 3421 3422 3453 3452
f 3422 3423 3454 3453
f 3423 3424 3455 3454
f 3424 3425 3456 3455
f 3425 3426 3457 3456
f 3426 3427 3458 3457
f 3427 3428 3459 3458
f 3428 3429 3460 3459
f 3429 3430 3461 3460
f 3430 3431 3462 3461
f 3431 3432 3463 3462
f 3432 3433 3464 3463
f 3433 3434 3465 3464
f 3434 3435 3466 3465
f 3435 3436 3467 3466
f 3436 3437 3468 3467
f 3437 3438 3469 3468
f 3438 3439 3470 3469
f 3439 3440 3471 3470
f 3440 3441 3472 3471
f 3441 3442 3473 3472
f 3442 3443 3474 3473
f 3443 3444 3475 3474
f 3444 3445 3476 3475
f 3445 3446 3477 3476
f 3446 3447 3478 3477
f 3447 3448 3479 3478
f 3448 3449 3480 3479
f 3450 3451 3482 3481
f 3451 3452 3483 3482
f 3452 3453 3484 3483
f 3453 3454 3485 3484
f 3454 3455 3486 3485
f 3455 3456 3487 3486
f 3456 3457 3488 3487
f 3457 3458 3489 3488
f 3458 3459 3490 3489
f 3459 3460 3491 3490
f 3460 3461 3492 3491
f 3461 3462 3493 3492
f 3462 3463 3494 3493
f 3463 3464 3495 3494
f 3464 3465 3496 3495
f 3465 3466 3497 3496
f 3466 3467 3498 3497
f 3467 3468 3499 3498
f 3468 3469 3500 3499
f 3469 3470 3501 3500
f 3470 3471 3502 3501
f 3471 3472 3503 3502
f 3472 3473 3504 3503
f 3473 3474 3505 3504
f 3474 3475 3506 3505
f 3475 3476 3507 3506
f 3476 3477 3508 3507
f 3477 3478 3509 3508
f 3478 3479 3510 3509
f 3479 3480 3511 3510
f 3481 3482 3513 3512
f 3482 3483 3514 3513
f 3483 3484 3515 3514
f 3484 3485 3516 3515
f 3485 3486 3517 3516
f 3486 3487 3518 3517
f 3487 3488 3519 3518
f 3488 3489 3520 3519
f 3489 3490 3521 3520
f 3490 3491 3522 3521
f 3491 3492 3523 3522
f 3492 3493 3524 3523
f 3493 3494 3525 3524
f 3494 3495 3526 3525
f 3495 3496 3527 3526
f 3496 3497 3528 3527
f 3497 3498 3529 3528
f 3498 3499 3530 3529
f 3499 3500 3531 3530
f 3500 3501 3532 3531
f 3501 3502 3533 3532
f 3502 3503 3534 3533
f 3503 3504 3535 3534
f 3504 3505 3536 3535
f 3505 3506 3537 3536
f 3506 3507 3538 3537
f 3507 3508 3539 3538
f 3508 3509 3540 3539
f 3509 3510 3541 3540
f 3510 3511 3542 3541
f 3512 3513 3544 3543
f 3513 3514 3545 3544
f 3514 3515 3546 3545
f 3515 3516 3547 3546
f 3516 3517 3548 3547
f 3517 3518 3549 3548
f 3518 3519 3550 3549
f 3519 3520 3551 3550
f 3520 3521 3552 3551
f 3521 3522 3553 3552
f 3522 3523 3554 3553
f 3523 3524 3555 3554
f 3524 3525 3556 3555
f 3525 3526 3557 3556
f 3526 3527 3558 3557
f 3527 3528 3559 3558
f 3528 3529 3560 3559
f 3529 3530 3561 3560
f 3530 3531 3562 3561
f 3531 3532 3563 3562
f 3532 3533 3564 3563
f 3533 3534 3565 3564
f 3534 3535 3566 3565
f 3535 3536 3567 3566
f 3536 3537 3568 3567
f 3537 3538 3569 3568
f 3538 3539 3570 3569
f 3539 3540 3571 3570
f 3540 3541 3572 3571
f 3541 3542 3573 3572
f 3543 3544 3575 3574
f 3544 3545 3576 3575
f 3545 3546 3577 3576
f 3546 3547 3578 3577
f 3547 3548 3579 3578
f 3548 3549 3580 3579
f 3549 3550 3581 3580
f 3550 3551 3582 3581
f 3551 3552 3583 3582
f 3552 3553 3584 3583
f 3553 3554 3585 3584
f 3554 3555 3586 3585
f 3555 3556 3587 3586
f 3556 3557 3588 3587
f 3557 3558 3589 3588
f 3558 3559 3590 3589
f 3559 3560 3591 3590
f 3560 3561 3592 3591
f 3561 3562 3593 3592
f 3562 3563 3594 3593
f 3563 3564 3595 3594
f 3564 3565 3596 3595
f 3565 3566 3597 3596
f 3566 3567 3598 3597
f 3567 3568 3599 3598
f 3568 3569 3600 3599
f 3569 3570 3601 3600
f 3570 3571 3602 3601
f 3571 3572 3603 3602
f 3572 3573 3604 3603
f 3574 3575 3606 3605
f 3575 3576 3607 3606
f 3576 3577 3608 3607
f 3577 3578 3609 3608
f 3578 3579 3610 3609
f 3579 3580 3611 3610
f 3580 3581 3612 3611
f 3581 3582 3613 3612
f 3582 3583 3614 3613
f 3583 3584 3615 3614
f 3584 3585 3616 3615
f 3585 3586 3617 3616
f 3586 3587 3618 3617
f 3587 3588 3619 3618
f 3588 3589 3620 3619
f 3589 3590 3621 3620
f 3590 3591 3622 3621
f 3591 3592 3623 3622
f 3592 3593 3624 3623
f 3593 3594 3625 3624
f 3594 3595 3626 3625
f 3595 3596 3627 3626
f 3596 3597 3628 3627
f 3597 3598 3629 3628
f 3598 3599 3630 3629
f 3599 3600 3631 3630
f 3600 3601 3632 3631
f 3601 3602 3633 3632
f 3602 3603 3634 3633
f 3603 3604 3635 3634
f 3605 3606 3637 3636
f 3606 3607 3638 3637
f 3607 3608 3639 3638
f 3608 3609 3640 3639
f 3609 3610 3641 3640
f 3610 3611 3642 3641
f 3611 3612 3643 3642
f 3612 3613 3644 3643
f 3613 3614 3645 3644
f 3614 3615 3646 3645
f 3615 3616 3647 3646
f 3616 3617 3648 3647
f 3617 3618 3649 3648
f 3618 3619 3650 3649
f 3619 3620 3651 3650
f 3620 3621 3652 3651
f 3621 3622 3653 3652
f 3622 3623 3654 3653
f 3623 3624 3655 3654
f 3624 3625 3656 3655
f 3625 3626 3657 3656
f 3626 3627 3658 3657
f 3627 3628 3659 3658
f 3628 3629 3660 3659
f 3629 3630 3661 3660
f 3630 3631 3662 3661
f 3631 3632 3663 3662
f 3632 3633 3664 3663
f 3633 3634 3665 3664
f 3634 3635 3666 3665
f 3636 3637 3668 3667
f 3637 3638 3669 3668
f 3638 3639 3670 3669
f 3639 3640 3671 3670
f 3640 3641 3672 3671
f 3641 3642 3673 3672
f 3642 3643 3674 3673
f 3643 3644 3675 3674
f 3644 3645 3676 3675
f 3645 3646 3677 3676
f 3646 3647 3678 3677
f 3647 3648 3679 3678
f 3648 3649 3680 3679
f 3649 3650 3681 3680
f 3650 3651 3682 3681
f 3651 3652 3683 3682
f 3652 3653 3684 3683
f 3653 3654 3685 3684
f 3654 3655 3686 3685
f 3655 3656 3687 3686
f 3656 3657 3688 3687
f 3657 3658 3689 3688
f 3658 3659 3690 3689
f 3659 3660 3691 3690
f 3660 3661 3692 3691
f 3661 3662 3693 3692
f 3662 3663 3694 3693
f 3663 3664 3695 3694
f 3664 3665 3696 3695
f 3665 3666 3697 3696
f 3667 3668 3699 3698
f 3668 3669 3700 3699
f 3669 3670 3701 3700
f 3670 3671 3702 3701
f 3671 3672 3703 3702
f 3672 3673 3704 3703
f 3673 3674 3705 3704
f 3674 3675 3706 3705
f 3675 3676 3707 3706
f 3676 3677 3708 3707
f 3677 3678 3709 3708
f 3678 3679 3710 3709
f 3679 3680 3711 3710
f 3680 3681 3712 3711
f 3681 3682 3713 3712
f 3682 3683 3714 3713
f 3683 3684 3715 3714
f 3684 3685 3716 3715
f 3685 3686 3717 3716
f 3686 3687 3718 3717
f 3687 3688 3719 3718
f 3688 3689 3720 3719
f 3689 3690 3721 3720
f 3690 3691 3722 3721
f 3691 3692 3723 3722
f 3692 3693 3724 3723
f 3693 3694 3725 3724
f 3694 3695 3726 3725
f 3695 3696 3727 3726
f 3696 3697 3728 3727
f 3698 3699 3730 3729
f 3699 3700 3731 3730
f 3700 3701 3732 3731
f 3701 3702 3733 3732
f 3702 3703 3734 3733
f 3703 3704 3735 3734
f 3704 3705 3736 3735
f 3705 3706 3737 3736
f 3706 3707 3738 3737
f 3707 3708 3739 3738
f 3708 3709 3740 3739
f 3709 3710 3741 3740
f 3710 3711 3742 3741
f 3711 3712 3743 3742
f 3712 3713 3744 3743
f 3713 3714 3745 3744
f 3714 3715 3746 3745
f 3715 3716 3747 3746
f 3716 3717 3748 3747
f 3717 3718 3749 3748
f 3718 3719 3750 3749
f 3719 3720 3751 3750
f 3720 3721 3752 3751
f 3721 3722 3753 3752
f 3722 3723 3754 3753
f 3723 3724 3755 3754
f 3724 3725 3756 3755
f 3725 3726 3757 3756
f 3726 3727 3758 3757
f 3727 3728 3759 3758
f 3729 3730 3761 3760
f 3730 3731 3762 3761
f 3731 3732 3763 3762
f 3732 3733 3764 3763
f 3733 3734 3765 3764
f 3734 3735 3766 3765
f 3735 3736 3767 3766
f 3736 3737 3768 3767
f 3737 3738 3769 3768
f 3738 3739 3770 3769
f 3739 3740 3771 3770
f 3740 3741 3772 3771
f 3741 3742 3773 3772
f 3742 3743 3774 3773
f 3743 3744 3775 3774
f 3744 3745 3776 3775
f 3745 3746 3777 3776
f 3746 3747 3778 3777
f 3747 3748 3779 3778
f 3748 3749 3780 3779
f 3749 3750 3781 3780
f 3750 3751 3782 3781
f 3751 3752 3783 3782
f 3752 3753 3784 3783
f 3753 3754 3785 3784
f 3754 3755 3786 3785
f 3755 3756 3787 3786
f 3756 3757 3788 3787
f 3757 3758 3789 3788
f 3758 3759 3790 3789
f 3760 3761 3792 3791
f 3761 3762 3793 3792
f 3762 3763 3794 3793
f 3763 3764 3795 3794
f 3764 3765 3796 3795
f 3765 3766 3797 3796
f 3766 3767 3798 3797
f 3767 3768 3799 3798
f 3768 3769 3800 3799
f 3769 3770 3801 3800
f 3770 3771 3802 3801
f 3771 3772 3803 3802
f 3772 3773 3804 3803
f 3773 3774 3805 3804
f 3774 3775 3806 3805
f 3775 3776 3807 3806
f 3776 3777 3808 3807
f 3777 3778 3809 3808
f 3778 3779 3810 3809
f 3779 3780 3811 3810
f 3780 3781 3812 3811
f 3781 3782 3813 3812
f 3782 3783 3814 3813
f 3783 3784 3815 3814
f 3784 3785 3816 3815
f 3785 3786 3817 3816
f 3786 3787 3818 3817
f 3787 3788 3819 3818
f 3788 3789 3820 3819
f 3789 3790 3821 3820
f 3791 3792 3823 3822
f 3792 3793 3824 3823
f 3793 3794 3825 3824
f 3794 3795 3826 3825
f 3795 3796 3827 3826
f 3796 3797 3828 3827
f 3797 3798 3829 3828
f 3798 3799 3830 3829
f 3799 3800 3831 3830
f 3800 3801 3832 3831
f 3801 3802 3833 3832
f 3802 3803 3834 3833
f 3803 3804 3835 3834
f 3804 3805 3836 3835
f 3805 3806 3837 3836
f 3806 3807 3838 3837
f 3807 3808 3839 3838
f 3808 3809 3840 3839
f 3809 3810 3841 3840
f 3810 3811 3842 3841
f 3811 3812 3843 3842
f 3812 3813 3844 3843
f 3813 3814 3845 3844
f 3814 3815 3846 3845
f 3815 3816 3847 3846
f 3816 3817 3848 3847
f 3817 3818 3849 3848
f 3818 3819 3850 3849
f 3819 3820 3851 3850
f 3820 3821 3852 3851
f 3822 3823 3854 3853
f 3823 3824 3855 3854
f 3824 3825 3856 3855
f 3825 3826 3857 3856
f 3826 3827 3858 3857
f 3827 3828 3859 3858
f 3828 3829 3860 3859
f 3829 3830 3861 3860
f 3830 3831 3862 3861
f 3831 3832 3863 3862
f 3832 3833 3864 3863
f 3833 3834 3865 3864
f 3834 3835 3866 3865
f 3835 3836 3867 3866
f 3836 3837 3868 3867
f 3837 3838 3869 3868
f 3838 3839 3870 3869
f 3839 3840 3871 3870
f 3840 3841 3872 3871
f 3841 3842 3873 3872
f 3842 3843 3874 3873
f 3843 3844 3875 3874
f 3844 3845 3876 3875
f 3845 3846 3877 3876
f 3846 3847 3878 3877
f 3847 3848 3879 3878
f 3848 3849 3880 3879
f 3849 3850 3881 3880
f 3850 3851 3882 3881
f 3851 3852 3883 3882
f 3853 3854 3885 3884
f 3854 3855 3886 3885
f 3855 3856 3887 3886
f 3856 3857 3888 3887
f 3857 3858 3889 3888
f 3858 3859 3890 3889
f 3859 3860 3891 3890
f 3860 3861 3892 3891
f 3861 3862 3893 3892
f 3862 3863 3894 3893
f 3863 3864 3895 3894
f 3864 3865 3896 3895
f 3865 3866 3897 3896
f 3866 3867 3898 3897
f 3867 3868 3899 3898
f 3868 3869 3900 3899
f 3869 3870 3901 3900
f 3870 3871 3902 3901
f 3871 3872 3903 3902
f 3872 3873 3904 3903
f 3873 3874 3905 3904
f 3874 3875 3906 3905
f 3875 3876 3907 3906
f 3876 3877 3908 3907
f 3877 3878 3909 3908
f 3878 3879 3910 3909
f 3879 3880 3911 3910
f 3880 3881 3912 3911
f 3881 3882 3913 3912
f 3882 3883 3914 3913
f 3884 3885 3916 3915
f 3885 3886 3917 3916
f 3886 3887 3918 3917
f 3887 3888 3919 3918
f 3888 3889 3920 3919
f 3889 3890 3921 3920
f 3890 3891 3922 3921
f 3891 3892 3923 3922
f 3892 3893 3924 3923
f 3893 3894 3925 3924
f 3894 3895 3926 3925
f 3895 3896 3927 3926
f 3896 3897 3928 3927
f 3897 3898 3929 3928
f 3898 3899 3930 3929
f 3899 3900 3931 3930
f 3900 3901 3932 3931
f 3901 3902 3933 3932
f 3902 3903 3934 3933
f 3903 3904 3935 3934
f 3904 3905 3936 3935
f 3905 3906 3937 3936
f 3906 3907 3938 3937
f 3907 3908 3939 3938
f 3908 3909 3940 3939
f 3909 3910 3941 3940
f 3910 3911 3942 3941
f 3911 3912 3943 3942
f 3912 3913 3944 3943
f 3913 3914 3945 3944
f 3915 3916 3947 3946
f 3916 3917 3948 3947
f 3917 3918 3949 3948
f 3918 3919 3950 3949
f 3919 3920 3951 3950
f 3920 3921 3952 3951
f 3921 3922 3953 3952
f 3922 3923 3954 3953
f 3923 3924 3955 3954
f 3924 3925 3956 3955
f 3925 3926 3957 3956
f 3926 3927 3958 3957
f 3927 3928 3959 3958
f 3928 3929 3960 3959
f 3929 3930 3961 3960
f 3930 3931 3962 3961
f 3931 3932 3963 3962
f 3932 3933 3964 3963
f 3933 3934 3965 3964
f 3934 3935 3966 3965
f 3935 3936 3967 3966
f 3936 3937 3968 3967
f 3937 3938 3969 3968
f 3938 3939 3970 3969
f 3939 3940 3971 3970
f 3940 3941 3972 3971
f 3941 3942 3973 3972
f 3942 3943 3974 3973
f 3943 3944 3975 3974
f 3944 3945 3976 3975
f 3946 3947 3978 3977
f 3947 3948 3979 3978
f 3948 3949 3980 3979
f 3949 3950 3981 3980
f 3950 3951 3982 3981
f 3951 3952 3983 3982
f 3952 3953 3984 3983
f 3953 3954 3985 3984
f 3954 3955 3986 3985
f 3955 3956 3987 3986
f 3956 3957 3988 3987
f 3957 3958 3989 3988
f 3958 3959 3990 3989
f 3959 3960 3991 3990
f 3960 3961 3992 3991
f 3961 3962 3993 3992
f 3962 3963 3994 3993
f 3963 3964 3995 3994
f 3964 3965 3996 3995
f 3965 3966 3997 3996
f 3966 3967 3998 3997
f 3967 3968 3999 3998
f 3968 3969 4000 3999
f 3969 3970 4001 4000
f 3970 3971 4002 4001
f 3971 3972 4003 4002
f 3972 3973 4004 4003
f 3973 3974 4005 4004
f 3974 3975 4006 4005
f 3975 3976 4007 4006
f 3977 3978 4009 4008
f 3978 3979 4010 4009
f 3979 3980 4011 4010
f 3980 3981 4012 4011
f 3981 3982 4013 4012
f 3982 3983 4014 4013
f 3983 3984 4015 4014
f 3984 3985 4016 4015
f 3985 3986 4017 4016
f 3986 3987 4018 4017
f 3987 3988 4019 4018
f 3988 3989 4020 4019
f 3989 3990 4021 4020
f 3990 3991 4022 4021
f 3991 3992 4023 4022
f 3992 3993 4024 4023
f 3993 3994 4025 4024
f 3994 3995 4026 4025
f 3995 3996 4027 4026
f 3996 3997 4028 4027
f 3997 3998 4029 4028
f 3998 3999 4030 4029
f 3999 4000 4031 4030
f 4000 4001 4032 4031
f 4001 4002 4033 4032
f 4002 4003 4034 4033
f 4003 4004 4035 4034
f 4004 4005 4036 4035
f 4005 4006 4037 4036
f 4006 4007 4038 4037
f 4008 4009 4040 4039
f 4009 4010 4041 4040
f 4010 4011 4042 4041
f 4011 4012 4043 4042
f 4012 4013 4044 4043
f 4013 4014 4045 4044
f 4014 4015 4046 4045
f 4015 4016 4047 4046
f 4016 4017 4048 4047
f 4017 4018 4049 4048
f 4018 4019 4050 4049
f 4019 4020 4051 4050
f 4020 4021 4052 4051
f 4021 4022 4053 4052
f 4022 4023 4054 4053
f 4023 4024 4055 4054
f 4024 4025 4056 4055
f 4025 4026 4057 4056
f 4026 4027 4058 4057
f 4027 4028 4059 4058
f 4028 4029 4060 4059
f 4029 4030 4061 4060
f 4030 4031 4062 4061
f 4031 4032 4063 4062
f 4032 4033 4064 4063
f 4033 4034 4065 4064
f 4034 4035 4066 4065
f 4035 4036 4067 4066
f 4036 4037 4068 4067
f 4037 4038 4069 4068
f 4039 4040 4071 4070
f 4040 4041 4072 4071
f 4041 4042 4073 4072
f 4042 4043 4074 4073
f 4043 4044 4075 4074
f 4044 4045 4076 4075
f 4045 4046 4077 4076
f 4046 4047 4078 4077
f 4047 4048 4079 4078
f 4048 4049 4080 4079
f 4049 4050 4081 4080
f 4050 4051 4082 4081
f 4051 4052 4083 4082
f 4052 4053 4084 4083
f 4053 4054 4085 4084
f 4054 4055 4086 4085
f 4055 4056 4087 4086
f 4056 4057 4088 4087
f 4057 4058 4089 4088
f 4058 4059 4090 4089
f 4059 4060 4091 4090
f 4060 4061 4092 4091
f 4061 4062 4093 4092
f 4062 4063 4094 4093
f 4063 4064 4095 4094
f 4064 4065 4096 4095
f 4065 4066 4097 4096
f 4066 4067 4098 4097
f 4067 4068 4099 4098
f 4068 4069 4100 4099
f 4070 4071 4102 4101
f 4071 4072 4103 4102
f 4072 4073 4104 4103
f 4073 4074 4105 4104
f 4074 4075 4106 4105
f 4075 4076 4107 4106
f 4076 4077 4108 4107
f 4077 4078 4109 4108
f 4078 4079 4110 4109
f 4079 4080 4111 4110
f 4080 4081 4112 4111
f 4081 4082 4113 4112
f 4082 4083 4114 4113
f 4083 4084 4115 4114
f 4084 4085 4116 4115
f 4085 4086 4117 4116
f 4086 4087 4118 4117
f 4087 4088 4119 4118
f 4088 4089 4120 4119
f 4089 4090 4121 4120
f 4090 4091 4122 4121
f 4091 4092 4123 4122
f 4092 4093 4124 4123
f 4093 4094 4125 4124
f 4094 4095 4126 4125
f 4095 4096 4127 4126
f 4096 4097 4128 4127
f 4097 4098 4129 4128
f 4098 4099 4130 4129
f 4099 4100 4131 4130
f 4101 4102 4133 4132
f 4102 4103 4134 4133
f 4103 4104 4135 4134
f 4104 4105 4136 4135
f 4105 4106 4137 4136
f 4106 4107 4138 4137
f 4107 4108 4139 4138
f 4108 4109 4140 4139
f 4109 4110 4141 4140
f 4110 4111 4142 4141
f 4111 4112 4143 4142
f 4112 4113 4144 4143
f 4113 4114 4145 4144
f 4114 4115 4146 4145
f 4115 4116 4147 4146
f 4116 4117 4148 4147
f 4117 4118 4149 4148
f 4118 4119 4150 4149
f 4119 4120 4151 4150
f 4120 4121 4152 4151
f 4121 4122 4153 4152
f 4122 4123 4154 4153
f 4123 4124 4155 4154
f 4124 4125 4156 4155
f 4125 4126 4157 4156
f 4126 4127 4158 4157
f 4127 4128 4159 4158
f 4128 4129 4160 4159
f 4129 4130 4161 4160
f 4130 4131 4162 4161
f 4132 4133 4164 4163
f 4133 4134 4165 4164
f 4134 4135 4166 4165
f 4135 4136 4167 4166
f 4136 4137 4168 4167
f 4137 4138 4169 4168
f 4138 4139 4170 4169
f 4139 4140 4171 4170
f 4140 4141 4172 4171
f 4141 4142 4173 4172
f 4142 4143 4174 4173
f 4143 4144 4175 4174
f 4144 4145 4176 4175
f 4145 4146 4177 4176
f 4146 4147 4178 4177
f 4147 4148 4179 4178
f 4148 4149 4180 4179
f 4149 4150 4181 4180
f 4150 4151 4182 4181
f 4151 4152 4183 4182
f 4152 4153 4184 4183
f 4153 4154 4185 4184
f 4154 4155 4186 4185
f 4155 4156 4187 4186
f 4156 4157 4188 4187
f 4157 4158 4189 4188
f 4158 4159 4190 4189
f 4159 4160 4191 4190
f 4160 4161 4192 4191
f 4161 4162 4193 4192
f 4163 4164 4195 4194
f 4164 4165 4196 4195
f 4165 4166 4197 4196
f 4166 4167 4198 4197
f 4167 4168 4199 4198
f 4168 4169 4200 4199
f 4169 4170 4201 4200
f 4170 4171 4202 4201
f 4171 4172 4203 4202
f 4172 4173 4204 4203
f 4173 4174 4205 4204
f 4174 4175 4206 4205
f 4175 4176 4207 4206
f 4176 4177 4208 4207
f 4177 4178 4209 4208
f 4178 4179 4210 4209
f 4179 4180 4211 4210
f 4180 4181 4212 4211
f 4181 4182 4213 4212
f 4182 4183 4214 4213
f 4183 4184 4215 4214
f 4184 4185 4216 4215
f 4185 4186 4217 4216
f 4186 4187 4218 4217
f 4187 4188 4219 4218
f 4188 4189 4220 4219
f 4189 4190 4221 4220
f 4190 4191 4222 4221
f 4191 4192 4223 4222
f 4192 4193 4224 4223
f 5 318 3264 349
f 318 317 3265 3264
f 317 316 3266 3265
f 316 315 3267 3266
f 315 314 3268 3267
f 314 313 3269 3268
f 313 312 3270 3269
f 312 311 3271 3270
f 311 310 3272 3271
f 310 309 3273 3272
f 309 308 3274 3273
f 308 307 3275 3274
f 307 306 3276 3275
f 306 305 3277 3276
f 305 304 3278 3277
f 304 303 3279 3278
f 303 302 3280 3279
f 302 301 3281 3280
f 301 300 3282 3281
f 300 299 3283 3282
f 299 298 3284 3283
f 298 297 3285 3284
f 297 296 3286 3285
f 296 295 3287 3286
f 295 294 3288 3287
f 294 293 3289 3288
f 293 292 3290 3289
f 292 291 3291 3290
f 291 290 3292 3291
f 290 289 3293 3292
f 289 288 3294 3293
f 288 6 350 3294
f 3294 350 351 3325
f 3325 351 352 3356
f 3356 352 353 3387
f 3387 353 354 3418
f 3418 354 355 3449
f 3449 355 356 3480
f 3480 356 357 3511
f 3511 357 358 3542
f 3542 358 359 3573
f 3573 359 360 3604
f 3604 360 361 3635
f 3635 361 362 3666
f 3666 362 363 3697
f 3697 363 364 3728
f 3728 364 365 3759
f 3759 365 366 3790
f 3790 366 367 3821
f 3821 367 368 3852
f 3852 368 369 3883
f 3883 369 370 3914
f 3914 370 371 3945
f 3945 371 372 3976
f 3976 372 373 4007
f 4007 373 374 4038
f 4038 374 375 4069
f 4069 375 376 4100
f 4100 376 377 4131
f 4131 377 378 4162
f 4162 378 379 4193
f 4193 379 380 4224
f 4224 380 2 70
f 4223 4224 70 69
f 4222 4223 69 68
f 4221 4222 68 67
f 4220 4221 67 66
f 4219 4220 66 65
f 4218 4219 65 64
f 4217 4218 64 63
f 4216 4217 63 62
f 4215 4216 62 61
f 4214 4215 61 60
f 4213 4214 60 59
f 4212 4213 59 58
f 4211 4212 58 57
f 4210 4211 57 56
f 4209 4210 56 55
f 4208 4209 55 54
f 4207 4208 54 53
f 4206 4207 53 52
f 4205 4206 52 51
f 4204 4205 51 50
f 4203 4204 50 49
f 4202 4203 49 48
f 4201 4202 48 47
f 4200 4201 47 46
f 4199 4200 46 45
f 4198 4199 45 44
f 4197 4198 44 43
f 4196 4197 43 42
f 4195 4196 42 41
f 4194 4195 41 40
f 319 4194 40 1
f 320 4163 4194 319
f 321 4132 4163 320
f 322 4101 4132 321
f 323 4070 4101 322
f 324 4039 4070 323
f 325 4008 4039 324
f 326 3977 4008 325
f 327 3946 3977 326
f 328 3915 3946 327
f 329 3884 3915 328
f 330 3853 3884 329
f 331 3822 3853 330
f 332 3791 3822 331
f 333 3760 3791 332
f 334 3729 3760 333
f 335 3698 3729 334
f 336 3667 3698 335
f 337 3636 3667 336
f 338 3605 3636 337
f 339 3574 3605 338
f 340 3543 3574 339
f 341 3512 3543 340
f 342 3481 3512 341
f 343 3450 3481 342
f 344 3419 3450 343
f 345 3388 3419 344
f 346 3357 3388 345
f 347 3326 3357 346
f 348 3295 3326 347
f 349 3264 3295 348
f 4225 4226 4257 4256
f 4226 4227 4258 4257
f 4227 4228 4259 4258
f 4228 4229 4260 4259
f 4229 4230 4261 4260
f 4230 4231 4262 4261
f 4231 4232 4263 4262
f 4232 4233 4264 4263
f 4233 4234 4265 4264
f 4234 4235 4266 4265
f 4235 4236 4267 4266
f 4236 4237 4268 4267
f 4237 4238 4269 4268
f 4238 4239 4270 4269
f 4239 4240 4271 4270
f 4240 4241 4272 4271
f 4241 4242 4273 4272
f 4242 4243 4274 4273
f 4243 4244 4275 4274
f 4244 4245 4276 4275
f 4245 4246 4277 4276
f 4246 4247 4278 4277
f 4247 4248 4279 4278
f 4248 4249 4280 4279
f 4249 4250 4281 4280
f 4250 4251 4282 4281
f 4251 4252 4283 4282
f 4252 4253 4284 4283
f 4253 4254 4285 4284
f 4254 4255 4286 4285
f 4256 4257 4288 4287
f 4257 4258 4289 4288
f 4258 4259 4290 4289
f 4259 4260 4291 4290
f 4260 4261 4292 4291
f 4261 4262 4293 4292
f 4262 4263 4294 4293
f 4263 4264 4295 4294
f 4264 4265 4296 4295
f 4265 4266 4297 4296
f 4266 4267 4298 4297
f 4267 4268 4299 4298
f 4268 4269 4300 4299
f 4269 4270 4301 4300
f 4270 4271 4302 4301
f 4271 4272 4303 4302
f 4272 4273 4304 4303
f 4273 4274 4305 4304
f 4274 4275 4306 4305
f 4275 4276 4307 4306
f 4276 4277 4308 4307
f 4277 4278 4309 4308
f 4278 4279 4310 4309
f 4279 4280 4311 4310
f 4280 4281 4312 4311
f 4281 4282 4313 4312
f 4282 4283 4314 4313
f 4283 4284 4315 4314
f 4284 4285 4316 4315
f 4285 4286 4317 4316
f 4287 4288 4319 4318
f 4288 4289 4320 4319
f 4289 4290 4321 4320
f 4290 4291 4322 4321
f 4291 4292 4323 4322
f 4292 4293 4324 4323
f 4293 4294 4325 4324
f 4294 4295 4326 4325
f 4295 4296 4327 4326
f 4296 4297 4328 4327
f 4297 4298 4329 4328
f 4298 4299 4330 4329
f 4299 4300 4331 4330
f 4300 4301 4332 4331
f 4301 4302 4333 4332
f 4302 4303 4334 4333
f 4303 4304 4335 4334
f 4304 4305 4336 4335
f 4305 4306 4337 4336
f 4306 4307 4338 4337
f 4307 4308 4339 4338
f 4308 4309 4340 4339
f 4309 4310 4341 4340
f 4310 4311 4342 4341
f 4311 4312 4343 4342
f 4312 4313 4344 4343
f 4313 4314 4345 4344
f 4314 4315 4346 4345
f 4315 4316 4347 4346
f 4316 4317 4348 4347
f 4318 4319 4350 4349
f 4319 4320 4351 4350
f 4320 4321 4352 4351
f 4321 4322 4353 4352
f 4322 4323 4354 4353
f 4323 4324 4355 4354
f 4324 4325 4356 4355
f 4325 4326 4357 4356
f 4326 4327 4358 4357
f 4327 4328 4359 4358
f 4328 4329 4360 4359
f 4329 4330 4361 4360
f 4330 4331 4362 4361
f 4331 4332 4363 4362
f 4332 4333 4364 4363
f 4333 4334 4365 4364
f 4334 4335 4366 4365
f 4335 4336 4367 4366
f 4336 4337 4368 4367
f 4337 4338 4369 4368
f 4338 4339 4370 4369
f 4339 4340 4371 4370
f 4340 4341 4372 4371
f 4341 4342 4373 4372
f 4342 4343 4374 4373
f 4343 4344 4375 4374
f 4344 4345 4376 4375
f 4345 4346 4377 4376
f 4346 4347 4378 4377
f 4347 4348 4379 4378
f 4349 4350 4381 4380
f 4350 4351 4382 4381
f 4351 4352 4383 4382
f 4352 4353 4384 4383
f 4353 4354 4385 4384
f 4354 4355 4386 4385
f 4355 4356 4387 4386
f 4356 4357 4388 4387
f 4357 4358 4389 4388
f 4358 4359 4390 4389
f 4359 4360 4391 4390
f 4360 4361 4392 4391
f 4361 4362 4393 4392
f 4362 4363 4394 4393
f 4363 4364 4395 4394
f 4364 4365 4396 4395
f 4365 4366 4397 4396
f 4366 4367 4398 4397
f 4367 4368 4399 4398
f 4368 4369 4400 4399
f 4369 4370 4401 4400
f 4370 4371 4402 4401
f 4371 4372 4403 4402
f 4372 4373 4404 4403
f 4373 4374 4405 4404
f 4374 4375 4406 4405
f 4375 4376 4407 4406
f 4376 4377 4408 4407
f 4377 4378 4409 4408
f 4378 4379 4410 4409
f 4380 4381 4412 4411
f 4381 4382 4413 4412
f 4382 4383 4414 4413
f 4383 4384 4415 4414
f 4384 4385 4416 4415
f 4385 4386 4417 4416
f 4386 4387 4418 4417
f 4387 4388 4419 4418
f 4388 4389 4420 4419
f 4389 4390 4421 4420
f 4390 4391 4422 4421
f 4391 4392 4423 4422
f 4392 4393 4424 4423
f 4393 4394 4425 4424
f 4394 4395 4426 4425
f 4395 4396 4427 4426
f 4396 4397 4428 4427
f 4397 4398 4429 4428
f 4398 4399 4430 4429
f 4399 4400 4431 4430
f 4400 4401 4432 4431
f 4401 4402 4433 4432
f 4402 4403 4434 4433
f 4403 4404 4435 4434
f 4404 4405 4436 4435
f 4405 4406 4437 4436
f 4406 4407 4438 4437
f 4407 4408 4439 4438
f 4408 4409 4440 4439
f 4409 4410 4441 4440
f 4411 4412 4443 4442
f 4412 4413 4444 4443
f 4413 4414 4445 4444
f 4414 4415 4446 4445
f 4415 4416 4447 4446
f 4416 4417 4448 4447
f 4417 4418 4449 4448
f 4418 4419 4450 4449
f 4419 4420 4451 4450
f 4420 4421 4452 4451
f 4421 4422 4453 4452
f 4422 4423 4454 4453
f 4423 4424 4455 4454
f 4424 4425 4456 4455
f 4425 4426 4457 4456
f 4426 4427 4458 4457
f 4427 4428 4459 4458
f 4428 4429 4460 4459
f 4429 4430 4461 4460
f 4430 4431 4462 4461
f 4431 4432 4463 4462
f 4432 4433 4464 4463
f 4433 4434 4465 4464
f 4434 4435 4466 4465
f 4435 4436 4467 4466
f 4436 4437 4468 4467
f 4437 4438 4469 4468
f 4438 4439 4470 4469
f 4439 4440 4471 4470
f 4440 4441 4472 4471
f 4442 4443 4474 4473
f 4443 4444 4475 4474
f 4444 4445 4476 4475
f 4445 4446 4477 4476
f 4446 4447 4478 4477
f 4447 4448 4479 4478
f 4448 4449 4480 4479
f 4449 4450 4481 4480
f 4450 4451 4482 4481
f 4451 4452 4483 4482
f 4452 4453 4484 4483
f 4453 4454 4485 4484
f 4454 4455 4486 4485
f 4455 4456 4487 4486
f 4456 4457 4488 4487
f 4457 4458 4489 4488
f 4458 4459 4490 4489
f 4459 4460 4491 4490
f 4460 4461 4492 4491
f 4461 4462 4493 4492
f 4462 4463 4494 4493
f 4463 4464 4495 4494
f 4464 4465 4496 4495
f 4465 4466 4497 4496
f 4466 4467 4498 4497
f 4467 4468 4499 4498
f 4468 4469 4500 4499
f 4469 4470 4501 4500
f 4470 4471 4502 4501
f 4471 4472 4503 4502
f 4473 4474 4505 4504
f 4474 4475 4506 4505
f 4475 4476 4507 4506
f 4476 4477 4508 4507
f 4477 4478 4509 4508
f 4478 4479 4510 4509
f 4479 4480 4511 4510
f 4480 4481 4512 4511
f 4481 4482 4513 4512
f 4482 4483 4514 4513
f 4483 4484 4515 4514
f 4484 4485 4516 4515
f 4485 4486 4517 4516
f 4486 4487 4518 4517
f 4487 4488 4519 4518
f 4488 4489 4520 4519
f 4489 4490 4521 4520
f 4490 4491 4522 4521
f 4491 4492 4523 4522
f 4492 4493 4524 4523
f 4493 4494 4525 4524
f 4494 4495 4526 4525
f 4495 4496 4527 4526
f 4496 4497 4528 4527
f 4497 4498 4529 4528
f 4498 4499 4530 4529
f 4499 4500 4531 4530
f 4500 4501 4532 4531
f 4501 4502 4533 4532
f 4502 4503 4534 4533
f 4504 4505 4536 4535
f 4505 4506 4537 4536
f 4506 4507 4538 4537
f 4507 4508 4539 4538
f 4508 4509 4540 4539
f 4509 4510 4541 4540
f 4510 4511 4542 4541
f 4511 4512 4543 4542
f 4512 4513 4544 4543
f 4513 4514 4545 4544
f 4514 4515 4546 4545
f 4515 4516 4547 4546
f 4516 4517 4548 4547
f 4517 4518 4549 4548
f 4518 4519 4550 4549
f 4519 4520 4551 4550
f 4520 4521 4552 4551
f 4521 4522 4553 4552
f 4522 4523 4554 4553
f 4523 4524 4555 4554
f 4524 4525 4556 4555
f 4525 4526 4557 4556
f 4526 4527 4558 4557
f 4527 4528 4559 4558
f 4528 4529 4560 4559
f 4529 4530 4561 4560
f 4530 4531 4562 4561
f 4531 4532 4563 4562
f 4532 4533 4564 4563
f 4533 4534 4565 4564
f 4535 4536 4567 4566
f 4536 4537 4568 4567
f 4537 4538 4569 4568
f 4538 4539 4570 4569
f 4539 4540 4571 4570
f 4540 4541 4572 4571
f 4541 4542 4573 4572
f 4542 4543 4574 4573
f 4543 4544 4575 4574
f 4544 4545 4576 4575
f 4545 4546 4577 4576
f 4546 4547 4578 4577
f 4547 4548 4579 4578
f 4548 4549 4580 4579
f 4549 4550 4581 4580
f 4550 4551 4582 4581
f 4551 4552 4583 4582
f 4552 4553 4584 4583
f 4553 4554 4585 4584
f 4554 4555 4586 4585
f 4555 4556 4587 4586
f 4556 4557 4588 4587
f 4557 4558 4589 4588
f 4558 4559 4590 4589
f 4559 4560 4591 4590
f 4560 4561 4592 4591
f 4561 4562 4593 4592
f 4562 4563 4594 4593
f 4563 4564 4595 4594
f 4564 4565 4596 4595
f 4566 4567 4598 4597
f 4567 4568 4599 4598
f 4568 4569 4600 4599
f 4569 4570 4601 4600
f 4570 4571 4602 4601
f 4571 4572 4603 4602
f 4572 4573 4604 4603
f 4573 4574 4605 4604
f 4574 4575 4606 4605
f 4575 4576 4607 4606
f 4576 4577 4608 4607
f 4577 4578 4609 4608
f 4578 4579 4610 4609
f 4579 4580 4611 4610
f 4580 4581 4612 4611
f 4581 4582 4613 4612
f 4582 4583 4614 4613
f 4583 4584 4615 4614
f 4584 4585 4616 4615
f 4585 4586 4617 4616
f 4586 4587 4618 4617
f 4587 4588 4619 4618
f 4588 4589 4620 4619
f 4589 4590 4621 4620
f 4590 4591 4622 4621
f 4591 4592 4623 4622
f 4592 4593 4624 4623
f 4593 4594 4625 4624
f 4594 4595 4626 4625
f 4595 4596 4627 4626
f 4597 4598 4629 4628
f 4598 4599 4630 4629
f 4599 4600 4631 4630
f 4600 4601 4632 4631
f 4601 4602 4633 4632
f 4602 4603 4634 4633
f 4603 4604 4635 4634
f 4604 4605 4636 4635
f 4605 4606 4637 4636
f 4606 4607 4638 4637
f 4607 4608 4639 4638
f 4608 4609 4640 4639
f 4609 4610 4641 4640
f 4610 4611 4642 4641
f 4611 4612 4643 4642
f 4612 4613 4644 4643
f 4613 4614 4645 4644
f 4614 4615 4646 4645
f 4615 4616 4647 4646
f 4616 4617 4648 4647
f 4617 4618 4649 4648
f 4618 4619 4650 4649
f 4619 4620 4651 4650
f 4620 4621 4652 4651
f 4621 4622 4653 4652
f 4622 4623 4654 4653
f 4623 4624 4655 4654
f 4624 4625 4656 4655
f 4625 4626 4657 4656
f 4626 4627 4658 4657
f 4628 4629 4660 4659
f 4629 4630 4661 4660
f 4630 4631 4662 4661
f 4631 4632 4663 4662
f 4632 4633 4664 4663
f 4633 4634 4665 4664
f 4634 4635 4666 4665
f 4635 4636 4667 4666
f 4636 4637 4668 4667
f 4637 4638 4669 4668
f 4638 4639 4670 4669
f 4639 4640 4671 4670
f 4640 4641 4672 4671
f 4641 4642 4673 4672
f 4642 4643 4674 4673
f 4643 4644 4675 4674
f 4644 4645 4676 4675
f 4645 4646 4677 4676
f 4646 4647 4678 4677
f 4647 4648 4679 4678
f 4648 4649 4680 4679
f 4649 4650 4681 4680
f 4650 4651 4682 4681
f 4651 4652 4683 4682
f 4652 4653 4684 4683
f 4653 4654 4685 4684
f 4654 4655 4686 4685
f 4655 4656 4687 4686
f 4656 4657 4688 4687
f 4657 4658 4689 4688
f 4659 4660 4691 4690
f 4660 4661 4692 4691
f 4661 4662 4693 4692
f 4662 4663 4694 4693
f 4663 4664 4695 4694
f 4664 4665 4696 4695
f 4665 4666 4697 4696
f 4666 4667 4698 4697
f 4667 4668 4699 4698
f 4668 4669 4700 4699
f 4669 4670 4701 4700
f 4670 4671 4702 4701
f 4671 4672 4703 4702
f 4672 4673 4704 4703
f 4673 4674 4705 4704
f 4674 4675 4706 4705
f 4675 4676 4707 4706
f 4676 4677 4708 4707
f 4677 4678 4709 4708
f 4678 4679 4710 4709
f 4679 4680 4711 4710
f 4680 4681 4712 4711
f 4681 4682 4713 4712
f 4682 4683 4714 4713
f 4683 4684 4715 4714
f 4684 4685 4716 4715
f 4685 4686 4717 4716
f 4686 4687 4718 4717
f 4687 4688 4719 4718
f 4688 4689 4720 4719
f 4690 4691 4722 4721
f 4691 4692 4723 4722
f 4692 4693 4724 4723
f 4693 4694 4725 4724
f 4694 4695 4726 4725
f 4695 4696 4727 4726
f 4696 4697 4728 4727
f 4697 4698 4729 4728
f 4698 4699 4730 4729
f 4699 4700 4731 4730
f 4700 4701 4732 4731
f 4701 4702 4733 4732
f 4702 4703 4734 4733
f 4703 4704 4735 4734
f 4704 4705 4736 4735
f 4705 4706 4737 4736
f 4706 4707 4738 4737
f 4707 4708 4739 4738
f 4708 4709 4740 4739
f 4709 4710 4741 4740
f 4710 4711 4742 4741
f 4711 4712 4743 4742
f 4712 4713 4744 4743
f 4713 4714 4745 4744
f 4714 4715 4746 4745
f 4715 4716 4747 4746
f 4716 4717 4748 4747
f 4717 4718 4749 4748
f 4718 4719 4750 4749
f 4719 4720 4751 4750
f 4721 4722 4753 4752
f 4722 4723 4754 4753
f 4723 4724 4755 4754
f 4724 4725 4756 4755
f 4725 4726 4757 4756
f 4726 4727 4758 4757
f 4727 4728 4759 4758
f 4728 4729 4760 4759
f 4729 4730 4761 4760
f 4730 4731 4762 4761
f 4731 4732 4763 4762
f 4732 4733 4764 4763
f 4733 4734 4765 4764
f 4734 4735 4766 4765
f 4735 4736 4767 4766
f 4736 4737 4768 4767
f 4737 4738 4769 4768
f 4738 4739 4770 4769
f 4739 4740 4771 4770
f 4740 4741 4772 4771
f 4741 4742 4773 4772
f 4742 4743 4774 4773
f 4743 4744 4775 4774
f 4744 4745 4776 4775
f 4745 4746 4777 4776
f 4746 4747 4778 4777
f 4747 4748 4779 4778
f 4748 4749 4780 4779
f 4749 4750 4781 4780
f 4750 4751 4782 4781
f 4752 4753 4784 4783
f 4753 4754 4785 4784
f 4754 4755 4786 4785
f 4755 4756 4787 4786
f 4756 4757 4788 4787
f 4757 4758 4789 4788
f 4758 4759 4790 4789
f 4759 4760 4791 4790
f 4760 4761 4792 4791
f 4761 4762 4793 4792
f 4762 4763 4794 4793
f 4763 4764 4795 4794
f 4764 4765 4796 4795
f 4765 4766 4797 4796
f 4766 4767 4798 4797
f 4767 4768 4799 4798
f 4768 4769 4800 4799
f 4769 4770 4801 4800
f 4770 4771 4802 4801
f 4771 4772 4803 4802
f 4772 4773 4804 4803
f 4773 4774 4805 4804
f 4774 4775 4806 4805
f 4775 4776 4807 4806
f 4776 4777 4808 4807
f 4777 4778 4809 4808
f 4778 4779 4810 4809
f 4779 4780 4811 4810
f 4780 4781 4812 4811
f 4781 4782 4813 4812
f 4783 4784 4815 4814
f 4784 4785 4816 4815
f 4785 4786 4817 4816
f 4786 4787 4818 4817
f 4787 4788 4819 4818
f 4788 4789 4820 4819
f 4789 4790 4821 4820
f 4790 4791 4822 4821
f 4791 4792 4823 4822
f 4792 4793 4824 4823
f 4793 4794 4825 4824
f 4794 4795 4826 4825
f 4795 4796 4827 4826
f 4796 4797 4828 4827
f 4797 4798 4829 4828
f 4798 4799 4830 4829
f 4799 4800 4831 4830
f 4800 4801 4832 4831
f 4801 4802 4833 4832
f 4802 4803 4834 4833
f 4803 4804 4835 4834
f 4804 4805 4836 4835
f 4805 4806 4837 4836
f 4806 4807 4838 4837
f 4807 4808 4839 4838
f 4808 4809 4840 4839
f 4809 4810 4841 4840
f 4810 4811 4842 4841
f 4811 4812 4843 4842
f 4812 4813 4844 4843
f 4814 4815 4846 4845
f 4815 4816 4847 4846
f 4816 4817 4848 4847
f 4817 4818 4849 4848
f 4818 4819 4850 4849
f 4819 4820 4851 4850
f 4820 4821 4852 4851
f 4821 4822 4853 4852
f 4822 4823 4854 4853
f 4823 4824 4855 4854
f 4824 4825 4856 4855
f 4825 4826 4857 4856
f 4826 4827 4858 4857
f 4827 4828 4859 4858
f 4828 4829 4860 4859
f 4829 4830 4861 4860
f 4830 4831 4862 4861
f 4831 4832 4863 4862
f 4832 4833 4864 4863
f 4833 4834 4865 4864
f 4834 4835 4866 4865
f 4835 4836 4867 4866
f 4836 4837 4868 4867
f 4837 4838 4869 4868
f 4838 4839 4870 4869
f 4839 4840 4871 4870
f 4840 4841 4872 4871
f 4841 4842 4873 4872
f 4842 4843 4874 4873
f 4843 4844 4875 4874
f 4845 4846 4877 4876
f 4846 4847 4878 4877
f 4847 4848 4879 4878
f 4848 4849 4880 4879
f 4849 4850 4881 4880
f 4850 4851 4882 4881
f 4851 4852 4883 4882
f 4852 4853 4884 4883
f 4853 4854 4885 4884
f 4854 4855 4886 4885
f 4855 4856 4887 4886
f 4856 4857 4888 4887
f 4857 4858 4889 4888
f 4858 4859 4890 4889
f 4859 4860 4891 4890
f 4860 4861 4892 4891
f 4861 4862 4893 4892
f 4862 4863 4894 4893
f 4863 4864 4895 4894
f 4864 4865 4896 4895
f 4865 4866 4897 4896
f 4866 4867 4898 4897
f 4867 4868 4899 4898
f 4868 4869 4900 4899
f 4869 4870 4901 4900
f 4870 4871 4902 4901
f 4871 4872 4903 4902
f 4872 4873 4904 4903
f 4873 4874 4905 4904
f 4874 4875 4906 4905
f 4876 4877 4908 4907
f 4877 4878 4909 4908
f 4878 4879 4910 4909
f 4879 4880 4911 4910
f 4880 4881 4912 4911
f 4881 4882 4913 4912
f 4882 4883 4914 4913
f 4883 4884 4915 4914
f 4884 4885 4916 4915
f 4885 4886 4917 4916
f 4886 4887 4918 4917
f 4887 4888 4919 4918
f 4888 4889 4920 4919
f 4889 4890 4921 4920
f 4890 4891 4922 4921
f 4891 4892 4923 4922
f 4892 4893 4924 4923
f 4893 4894 4925 4924
f 4894 4895 4926 4925
f 4895 4896 4927 4926
f 4896 4897 4928 4927
f 4897 4898 4929 4928
f 4898 4899 4930 4929
f 4899 4900 4931 4930
f 4900 4901 4932 4931
f 4901 4902 4933 4932
f 4902 4903 4934 4933
f 4903 4904 4935 4934
f 4904 4905 4936 4935
f 4905 4906 4937 4936
f 4907 4908 4939 4938
f 4908 4909 4940 4939
f 4909 4910 4941 4940
f 4910 4911 4942 4941
f 4911 4912 4943 4942
f 4912 4913 4944 4943
f 4913 4914 4945 4944
f 4914 4915 4946 4945
f 4915 4916 4947 4946
f 4916 4917 4948 4947
f 4917 4918 4949 4948
f 4918 4919 4950 4949
f 4919 4920 4951 4950
f 4920 4921 4952 4951
f 4921 4922 4953 4952
f 4922 4923 4954 4953
f 4923 4924 4955 4954
f 4924 4925 4956 4955
f 4925 4926 4957 4956
f 4926 4927 4958 4957
f 4927 4928 4959 4958
f 4928 4929 4960 4959
f 4929 4930 4961 4960
f 4930 4931 4962 4961
f 4931 4932 4963 4962
f 4932 4933 4964 4963
f 4933 4934 4965 4964
f 4934 4935 4966 4965
f 4935 4936 4967 4966
f 4936 4937 4968 4967
f 4938 4939 4970 4969
f 4939 4940 4971 4970
f 4940 4941 4972 4971
f 4941 4942 4973 4972
f 4942 4943 4974 4973
f 4943 4944 4975 4974
f 4944 4945 4976 4975
f 4945 4946 4977 4976
f 4946 4947 4978 4977
f 4947 4948 4979 4978
f 4948 4949 4980 4979
f 4949 4950 4981 4980
f 4950 4951 4982 4981
f 4951 4952 4983 4982
f 4952 4953 4984 4983
f 4953 4954 4985 4984
f 4954 4955 4986 4985
f 4955 4956 4987 4986
f 4956 4957 4988 4987
f 4957 4958 4989 4988
f 4958 4959 4990 4989
f 4959 4960 4991 4990
f 4960 4961 4992 4991
f 4961 4962 4993 4992
f 4962 4963 4994 4993
f 4963 4964 4995 4994
f 4964 4965 4996 4995
f 4965 4966 4997 4996
f 4966 4967 4998 4997
f 4967 4968 4999 4998
f 4969 4970 5001 5000
f 4970 4971 5002 5001
f 4971 4972 5003 5002
f 4972 4973 5004 5003
f 4973 4974 5005 5004
f 4974 4975 5006 5005
f 4975 4976 5007 5006
f 4976 4977 5008 5007
f 4977 4978 5009 5008
f 4978 4979 5010 5009
f 4979 4980 5011 5010
f 4980 4981 5012 5011
f 4981 4982 5013 5012
f 4982 4983 5014 5013
f 4983 4984 5015 5014
f 4984 4985 5016 5015
f 4985 4986 5017 5016
f 4986 4987 5018 5017
f 4987 4988 5019 5018
f 4988 4989 5020 5019
f 4989 4990 5021 5020
f 4990 4991 5022 5021
f 4991 4992 5023 5022
f 4992 4993 5024 5023
f 4993 4994 5025 5024
f 4994 4995 5026 5025
f 4995 4996 5027 5026
f 4996 4997 5028 5027
f 4997 4998 5029 5028
f 4998 4999 5030 5029
f 5000 5001 5032 5031
f 5001 5002 5033 5032
f 5002 5003 5034 5033
f 5003 5004 5035 5034
f 5004 5005 5036 5035
f 5005 5006 5037 5036
f 5006 5007 5038 5037
f 5007 5008 5039 5038
f 5008 5009 5040 5039
f 5009 5010 5041 5040
f 5010 5011 5042 5041
f 5011 5012 5043 5042
f 5012 5013 5044 5043
f 5013 5014 5045 5044
f 5014 5015 5046 5045
f 5015 5016 5047 5046
f 5016 5017 5048 5047
f 5017 5018 5049 5048
f 5018 5019 5050 5049
f 5019 5020 5051 5050
f 5020 5021 5052 5051
f 5021 5022 5053 5052
f 5022 5023 5054 5053
f 5023 5024 5055 5054
f 5024 5025 5056 5055
f 5025 5026 5057 5056
f 5026 5027 5058 5057
f 5027 5028 5059 5058
f 5028 5029 5060 5059
f 5029 5030 5061 5060
f 5031 5032 5063 5062
f 5032 5033 5064 5063
f 5033 5034 5065 5064
f 5034 5035 5066 5065
f 5035 5036 5067 5066
f 5036 5037 5068 5067
f 5037 5038 5069 5068
f 5038 5039 5070 5069
f 5039 5040 5071 5070
f 5040 5041 5072 5071
f 5041 5042 5073 5072
f 5042 5043 5074 5073
f 5043 5044 5075 5074
f 5044 5045 5076 5075
f 5045 5046 5077 5076
f 5046 5047 5078 5077
f 5047 5048 5079 5078
f 5048 5049 5080 5079
f 5049 5050 5081 5080
f 5050 5051 5082 5081
f 5051 5052 5083 5082
f 5052 5053 5084 5083
f 5053 5054 5085 5084
f 5054 5055 5086 5085
f 5055 5056 5087 5086
f 5056 5057 5088 5087
f 5057 5058 5089 5088
f 5058 5059 5090 5089
f 5059 5060 5091 5090
f 5060 5061 5092 5091
f 5062 5063 5094 5093
f 5063 5064 5095 5094
f 5064 5065 5096 5095
f 5065 5066 5097 5096
f 5066 5067 5098 5097
f 5067 5068 5099 5098
f 5068 5069 5100 5099
f 5069 5070 5101 5100
f 5070 5071 5102 5101
f 5071 5072 5103 5102
f 5072 5073 5104 5103
f 5073 5074 5105 5104
f 5074 5075 5106 5105
f 5075 5076 5107 5106
f 5076 5077 5108 5107
f 5077 5078 5109 5108
f 5078 5079 5110 5109
f 5079 5080 5111 5110
f 5080 5081 5112 5111
f 5081 5082 5113 5112
f 5082 5083 5114 5113
f 5083 5084 5115 5114
f 5084 5085 5116 5115
f 5085 5086 5117 5116
f 5086 5087 5118 5117
f 5087 5088 5119 5118
f 5088 5089 5120 5119
f 5089 5090 5121 5120
f 5090 5091 5122 5121
f 5091 5092 5123 5122
f 5093 5094 5125 5124
f 5094 5095 5126 5125
f 5095 5096 5127 5126
f 5096 5097 5128 5127
f 5097 5098 5129 5128
f 5098 5099 5130 5129
f 5099 5100 5131 5130
f 5100 5101 5132 5131
f 5101 5102 5133 5132
f 5102 5103 5134 5133
f 5103 5104 5135 5134
f 5104 5105 5136 5135
f 5105 5106 5137 5136
f 5106 5107 5138 5137
f 5107 5108 5139 5138
f 5108 5109 5140 5139
f 5109 5110 5141 5140
f 5110 5111 5142 5141
f 5111 5112 5143 5142
f 5112 5113 5144 5143
f 5113 5114 5145 5144
f 5114 5115 5146 5145
f 5115 5116 5147 5146
f 5116 5117 5148 5147
f 5117 5118 5149 5148
f 5118 5119 5150 5149
f 5119 5120 5151 5150
f 5120 5121 5152 5151
f 5121 5122 5153 5152
f 5122 5123 5154 5153
f 5124 5125 5156 5155
f 5125 5126 5157 5156
f 5126 5127 5158 5157
f 5127 5128 5159 5158
f 5128 5129 5160 5159
f 5129 5130 5161 5160
f 5130 5131 5162 5161
f 5131 5132 5163 5162
f 5132 5133 5164 5163
f 5133 5134 5165 5164
f 5134 5135 5166 5165
f 5135 5136 5167 5166
f 5136 5137 5168 5167
f 5137 5138 5169 5168
f 5138 5139 5170 5169
f 5139 5140 5171 5170
f 5140 5141 5172 5171
f 5141 5142 5173 5172
f 5142 5143 5174 5173
f 5143 5144 5175 5174
f 5144 5145 5176 5175
f 5145 5146 5177 5176
f 5146 5147 5178 5177
f 5147 5148 5179 5178
f 5148 5149 5180 5179
f 5149 5150 5181 5180
f 5150 5151 5182 5181
f 5151 5152 5183 5182
f 5152 5153 5184 5183
f 5153 5154 5185 5184
f 3 163 4225 9
f 163 162 4226 4225
f 162 161 4227 4226
f 161 160 4228 4227
f 160 159 4229 4228
f 159 158 4230 4229
f 158 157 4231 4230
f 157 156 4232 4231
f 156 155 4233 4232
f 155 154 4234 4233
f 154 153 4235 4234
f 153 152 4236 4235
f 152 151 4237 4236
f 151 150 4238 4237
f 150 149 4239 4238
f 149 148 4240 4239
f 148 147 4241 4240
f 147 146 4242 4241
f 146 145 4243 4242
f 145 144 4244 4243
f 144 143 4245 4244
f 143 142 4246 4245
f 142 141 4247 4246
f 141 140 4248 4247
f 140 139 4249 4248
f 139 138 4250 4249
f 138 137 4251 4250
f 137 136 4252 4251
f 136 135 4253 4252
f 135 134 4254 4253
f 134 133 4255 4254
f 133 7 256 4255
f 4255 256 255 4286
f 4286 255 254 4317
f 4317 254 253 4348
f 4348 253 252 4379
f 4379 252 251 4410
f 4410 251 250 4441
f 4441 250 249 4472
f 4472 249 248 4503
f 4503 248 247 4534
f 4534 247 246 4565
f 4565 246 245 4596
f 4596 245 244 4627
f 4627 244 243 4658
f 4658 243 242 4689
f 4689 242 241 4720
f 4720 241 240 4751
f 4751 240 239 4782
f 4782 239 238 4813
f 4813 238 237 4844
f 4844 237 236 4875
f 4875 236 235 4906
f 4906 235 234 4937
f 4937 234 233 4968
f 4968 233 232 4999
f 4999 232 231 5030
f 5030 231 230 5061
f 5061 230 229 5092
f 5092 229 228 5123
f 5123 228 227 5154
f 5154 227 226 5185
f 5185 226 5 349
f 5184 5185 349 348
f 5183 5184 348 347
f 5182 5183 347 346
f 5181 5182 346 345
f 5180 5181 345 344
f 5179 5180 344 343
f 5178 5179 343 342
f 5177 5178 342 341
f 5176 5177 341 340
f 5175 5176 340 339
f 5174 5175 339 338
f 5173 5174 338 337
f 5172 5173 337 336
f 5171 5172 336 335
f 5170 5171 335 334
f 5169 5170 334 333
f 5168 5169 333 332
f 5167 5168 332 331
f 5166 5167 331 330
f 5165 5166 330 329
f 5164 5165 329 328
f 5163 5164 328 327
f 5162 5163 327 326
f 5161 5162 326 325
f 5160 5161 325 324
f 5159 5160 324 323
f 5158 5159 323 322
f 5157 5158 322 321
f 5156 5157 321 320
f 5155 5156 320 319
f 39 5155 319 1
f 38 5124 5155 39
f 37 5093 5124 38
f 36 5062 5093 37
f 35 5031 5062 36
f 34 5000 5031 35
f 33 4969 5000 34
f 32 4938 4969 33
f 31 4907 4938 32
f 30 4876 4907 31
f 29 4845 4876 30
f 28 4814 4845 29
f 27 4783 4814 28
f 26 4752 4783 27
f 25 4721 4752 26
f 24 4690 4721 25
f 23 4659 4690 24
f 22 4628 4659 23
f 21 4597 4628 22
f 20 4566 4597 21
f 19 4535 4566 20
f 18 4504 4535 19
f 17 4473 4504 18
f 16 4442 4473 17
f 15 4411 4442 16
f 14 4380 4411 15
f 13 4349 4380 14
f 12 4318 4349 13
f 11 4287 4318 12
f 10 4256 4287 11
f 9 4225 4256 10
f 5186 5187 5218 5217
f 5187 5188 5219 5218
f 5188 5189 5220 5219
f 5189 5190 5221 5220
f 5190 5191 5222 5221
f 5191 5192 5223 5222
f 5192 5193 5224 5223
f 5193 5194 5225 5224
f 5194 5195 5226 5225
f 5195 5196 5227 5226
f 5196 5197 5228 5227
f 5197 5198 5229 5228
f 5198 5199 5230 5229
f 5199 5200 5231 5230
f 5200 5201 5232 5231
f 5201 5202 5233 5232
f 5202 5203 5234 5233
f 5203 5204 5235 5234
f 5204 5205 5236 5235
f 5205 5206 5237 5236
f 5206 5207 5238 5237
f 5207 5208 5239 5238
f 5208 5209 5240 5239
f 5209 5210 5241 5240
f 5210 5211 5242 5241
f 5211 5212 5243 5242
f 5212 5213 5244 5243
f 5213 5214 5245 5244
f 5214 5215 5246 5245
f 5215 5216 5247 5246
f 5217 5218 5249 5248
f 5218 5219 5250 5249
f 5219 5220 5251 5250
f 5220 5221 5252 5251
f 5221 5222 5253 5252
f 5222 5223 5254 5253
f 5223 5224 5255 5254
f 5224 5225 5256 5255
f 5225 5226 5257 5256
f 5226 5227 5258 5257
f 5227 5228 5259 5258
f 5228 5229 5260 5259
f 5229 5230 5261 5260
f 5230 5231 5262 5261
f 5231 5232 5263 5262
f 5232 5233 5264 5263
f 5233 5234 5265 5264
f 5234 5235 5266 5265
f 5235 5236 5267 5266
f 5236 5237 5268 5267
f 5237 5238 5269 5268
f 5238 5239 5270 5269
f 5239 5240 5271 5270
f 5240 5241 5272 5271
f 5241 5242 5273 5272
f 5242 5243 5274 5273
f 5243 5244 5275 5274
f 5244 5245 5276 5275
f 5245 5246 5277 5276
f 5246 5247 5278 5277
f 5248 5249 5280 5279
f 5249 5250 5281 5280
f 5250 5251 5282 5281
f 5251 5252 5283 5282
f 5252 5253 5284 5283
f 5253 5254 5285 5284
f 5254 5255 5286 5285
f 5255 5256 5287 5286
f 5256 5257 5288 5287
f 5257 5258 5289 5288
f 5258 5259 5290 5289
f 5259 5260 5291 5290
f 5260 5261 5292 5291
f 5261 5262 5293 5292
f 5262 5263 5294 5293
f 5263 5264 5295 5294
f 5264 5265 5296 5295
f 5265 5266 5297 5296
f 5266 5267 5298 5297
f 5267 5268 5299 5298
f 5268 5269 5300 5299
f 5269 5270 5301 5300
f 5270 5271 5302 5301
f 5271 5272 5303 5302
f 5272 5273 5304 5303
f 5273 5274 5305 5304
f 5274 5275 5306 5305
f 5275 5276 5307 5306
f 5276 5277 5308 5307
f 5277 5278 5309 5308
f 5279 5280 5311 5310
f 5280 5281 5312 5311
f 5281 5282 5313 5312
f 5282 5283 5314 5313
f 5283 5284 5315 5314
f 5284 5285 5316 5315
f 5285 5286 5317 5316
f 5286 5287 5318 5317
f 5287 5288 5319 5318
f 5288 5289 5320 5319
f 5289 5290 5321 5320
f 5290 5291 5322 5321
f 5291 5292 5323 5322
f 5292 5293 5324 5323
f 5293 5294 5325 5324
f 5294 5295 5326 5325
f 5295 5296 5327 5326
f 5296 5297 5328 5327
f 5297 5298 5329 5328
f 5298 5299 5330 5329
f 5299 5300 5331 5330
f 5300 5301 5332 5331
f 5301 5302 5333 5332
f 5302 5303 5334 5333
f 5303 5304 5335 5334
f 5304 5305 5336 5335
f 5305 5306 5337 5336
f 5306 5307 5338 5337
f 5307 5308 5339 5338
f 5308 5309 5340 5339
f 5310 5311 5342 5341
f 5311 5312 5343 5342
f 5312 5313 5344 5343
f 5313 5314 5345 5344
f 5314 5315 5346 5345
f 5315 5316 5347 5346
f 5316 5317 5348 5347
f 5317 5318 5349 5348
f 5318 5319 5350 5349
f 5319 5320 5351 5350
f 5320 5321 5352 5351
f 5321 5322 5353 5352
f 5322 5323 5354 5353
f 5323 5324 5355 5354
f 5324 5325 5356 5355
f 5325 5326 5357 5356
f 5326 5327 5358 5357
f 5327 5328 5359 5358
f 5328 5329 5360 5359
f 5329 5330 5361 5360
f 5330 5331 5362 5361
f 5331 5332 5363 5362
f 5332 5333 5364 5363
f 5333 5334 5365 5364
f 5334 5335 5366 5365
f 5335 5336 5367 5366
f 5336 5337 5368 5367
f 5337 5338 5369 5368
f 5338 5339 5370 5369
f 5339 5340 5371 5370
f 5341 5342 5373 5372
f 5342 5343 5374 5373
f 5343 5344 5375 5374
f 5344 5345 5376 5375
f 5345 5346 5377 5376
f 5346 5347 5378 5377
f 5347 5348 5379 5378
f 5348 5349 5380 5379
f 5349 5350 5381 5380
f 5350 5351 5382 5381
f 5351 5352 5383 5382
f 5352 5353 5384 5383
f 5353 5354 5385 5384
f 5354 5355 5386 5385
f 5355 5356 5387 5386
f 5356 5357 5388 5387
f 5357 5358 5389 5388
f 5358 5359 5390 5389
f 5359 5360 5391 5390
f 5360 5361 5392 5391
f 5361 5362 5393 5392
f 5362 5363 5394 5393
f 5363 5364 5395 5394
f 5364 5365 5396 5395
f 5365 5366 5397 5396
f 5366 5367 5398 5397
f 5367 5368 5399 5398
f 5368 5369 5400 5399
f 5369 5370 5401 5400
f 5370 5371 5402 5401
f 5372 5373 5404 5403
f 5373 5374 5405 5404
f 5374 5375 5406 5405
f 5375 5376 5407 5406
f 5376 5377 5408 5407
f 5377 5378 5409 5408
f 5378 5379 5410 5409
f 5379 5380 5411 5410
f 5380 5381 5412 5411
f 5381 5382 5413 5412
f 5382 5383 5414 5413
f 5383 5384 5415 5414
f 5384 5385 5416 5415
f 5385 5386 5417 5416
f 5386 5387 5418 5417
f 5387 5388 5419 5418
f 5388 5389 5420 5419
f 5389 5390 5421 5420
f 5390 5391 5422 5421
f 5391 5392 5423 5422
f 5392 5393 5424 5423
f 5393 5394 5425 5424
f 5394 5395 5426 5425
f 5395 5396 5427 5426
f 5396 5397 5428 5427
f 5397 5398 5429 5428
f 5398 5399 5430 5429
f 5399 5400 5431 5430
f 5400 5401 5432 5431
f 5401 5402 5433 5432
f 5403 5404 5435 5434
f 5404 5405 5436 5435
f 5405 5406 5437 5436
f 5406 5407 5438 5437
f 5407 5408 5439 5438
f 5408 5409 5440 5439
f 5409 5410 5441 5440
f 5410 5411 5442 5441
f 5411 5412 5443 5442
f 5412 5413 5444 5443
f 5413 5414 5445 5444
f 5414 5415 5446 5445
f 5415 5416 5447 5446
f 5416 5417 5448 5447
f 5417 5418 5449 5448
f 5418 5419 5450 5449
f 5419 5420 5451 5450
f 5420 5421 5452 5451
f 5421 5422 5453 5452
f 5422 5423 5454 5453
f 5423 5424 5455 5454
f 5424 5425 5456 5455
f 5425 5426 5457 5456
f 5426 5427 5458 5457
f 5427 5428 5459 5458
f 5428 5429 5460 5459
f 5429 5430 5461 5460
f 5430 5431 5462 5461
f 5431 5432 5463 5462
f 5432 5433 5464 5463
f 5434 5435 5466 5465
f 5435 5436 5467 5466
f 5436 5437 5468 5467
f 5437 5438 5469 5468
f 5438 5439 5470 5469
f 5439 5440 5471 5470
f 5440 5441 5472 5471
f 5441 5442 5473 5472
f 5442 5443 5474 5473
f 5443 5444 5475 5474
f 5444 5445 5476 5475
f 5445 5446 5477 5476
f 5446 5447 5478 5477
f 5447 5448 5479 5478
f 5448 5449 5480 5479
f 5449 5450 5481 5480
f 5450 5451 5482 5481
f 5451 5452 5483 5482
f 5452 5453 5484 5483
f 5453 5454 5485 5484
f 5454 5455 5486 5485
f 5455 5456 5487 5486
f 5456 5457 5488 5487
f 5457 5458 5489 5488
f 5458 5459 5490 5489
f 5459 5460 5491 5490
f 5460 5461 5492 5491
f 5461 5462 5493 5492
f 5462 5463 5494 5493
f 5463 5464 5495 5494
f 5465 5466 5497 5496
f 5466 5467 5498 5497
f 5467 5468 5499 5498
f 5468 5469 5500 5499
f 5469 5470 5501 5500
f 5470 5471 5502 5501
f 5471 5472 5503 5502
f 5472 5473 5504 5503
f 5473 5474 5505 5504
f 5474 5475 5506 5505
f 5475 5476 5507 5506
f 5476 5477 5508 5507
f 5477 5478 5509 5508
f 5478 5479 5510 5509
f 5479 5480 5511 5510
f 5480 5481 5512 5511
f 5481 5482 5513 5512
f 5482 5483 5514 5513
f 5483 5484 5515 5514
f 5484 5485 5516 5515
f 5485 5486 5517 5516
f 5486 5487 5518 5517
f 5487 5488 5519 5518
f 5488 5489 5520 5519
f 5489 5490 5521 5520
f 5490 5491 5522 5521
f 5491 5492 5523 5522
f 5492 5493 5524 5523
f 5493 5494 5525 5524
f 5494 5495 5526 5525
f 5496 5497 5528 5527
f 5497 5498 5529 5528
f 5498 5499 5530 5529
f 5499 5500 5531 5530
f 5500 5501 5532 5531
f 5501 5502 5533 5532
f 5502 5503 5534 5533
f 5503 5504 5535 5534
f 5504 5505 5536 5535
f 5505 5506 5537 5536
f 5506 5507 5538 5537
f 5507 5508 5539 5538
f 5508 5509 5540 5539
f 5509 5510 5541 5540
f 5510 5511 5542 5541
f 5511 5512 5543 5542
f 5512 5513 5544 5543
f 5513 5514 5545 5544
f 5514 5515 5546 5545
f 5515 5516 5547 5546
f 5516 5517 5548 5547
f 5517 5518 5549 5548
f 5518 5519 5550 5549
f 5519 5520 5551 5550
f 5520 5521 5552 5551
f 5521 5522 5553 5552
f 5522 5523 5554 5553
f 5523 5524 5555 5554
f 5524 5525 5556 5555
f 5525 5526 5557 5556
f 5527 5528 5559 5558
f 5528 5529 5560 5559
f 5529 5530 5561 5560
f 5530 5531 5562 5561
f 5531 5532 5563 5562
f 5532 5533 5564 5563
f 5533 5534 5565 5564
f 5534 5535 5566 5565
f 5535 5536 5567 5566
f 5536 5537 5568 5567
f 5537 5538 5569 5568
f 5538 5539 5570 5569
f 5539 5540 5571 5570
f 5540 5541 5572 5571
f 5541 5542 5573 5572
f 5542 5543 5574 5573
f 5543 5544 5575 5574
f 5544 5545 5576 5575
f 5545 5546 5577 5576
f 5546 5547 5578 5577
f 5547 5548 5579 5578
f 5548 5549 5580 5579
f 5549 5550 5581 5580
f 5550 5551 5582 5581
f 5551 5552 5583 5582
f 5552 5553 5584 5583
f 5553 5554 5585 5584
f 5554 5555 5586 5585
f 5555 5556 5587 5586
f 5556 5557 5588 5587
f 5558 5559 5590 5589
f 5559 5560 5591 5590
f 5560 5561 5592 5591
f 5561 5562 5593 5592
f 5562 5563 5594 5593
f 5563 5564 5595 5594
f 5564 5565 5596 5595
f 5565 5566 5597 5596
f 5566 5567 5598 5597
f 5567 5568 5599 5598
f 5568 5569 5600 5599
f 5569 5570 5601 5600
f 5570 5571 5602 5601
f 5571 5572 5603 5602
f 5572 5573 5604 5603
f 5573 5574 5605 5604
f 5574 5575 5606 5605
f 5575 5576 5607 5606
f 5576 5577 5608 5607
f 5577 5578 5609 5608
f 5578 5579 5610 5609
f 5579 5580 5611 5610
f 5580 5581 5612 5611
f 5581 5582 5613 5612
f 5582 5583 5614 5613
f 5583 5584 5615 5614
f 5584 5585 5616 5615
f 5585 5586 5617 5616
f 5586 5587 5618 5617
f 5587 5588 5619 5618
f 5589 5590 5621 5620
f 5590 5591 5622 5621
f 5591 5592 5623 5622
f 5592 5593 5624 5623
f 5593 5594 5625 5624
f 5594 5595 5626 5625
f 5595 5596 5627 5626
f 5596 5597 5628 5627
f 5597 5598 5629 5628
f 5598 5599 5630 5629
f 5599 5600 5631 5630
f 5600 5601 5632 5631
f 5601 5602 5633 5632
f 5602 5603 5634 5633
f 5603 5604 5635 5634
f 5604 5605 5636 5635
f 5605 5606 5637 5636
f 5606 5607 5638 5637
f 5607 5608 5639 5638
f 5608 5609 5640 5639
f 5609 5610 5641 5640
f 5610 5611 5642 5641
f 5611 5612 5643 5642
f 5612 5613 5644 5643
f 5613 5614 5645 5644
f 5614 5615 5646 5645
f 5615 5616 5647 5646
f 5616 5617 5648 5647
f 5617 5618 5649 5648
f 5618 5619 5650 5649
f 5620 5621 5652 5651
f 5621 5622 5653 5652
f 5622 5623 5654 5653
f 5623 5624 5655 5654
f 5624 5625 5656 5655
f 5625 5626 5657 5656
f 5626 5627 5658 5657
f 5627 5628 5659 5658
f 5628 5629 5660 5659
f 5629 5630 5661 5660
f 5630 5631 5662 5661
f 5631 5632 5663 5662
f 5632 5633 5664 5663
f 5633 5634 5665 5664
f 5634 5635 5666 5665
f 5635 5636 5667 5666
f 5636 5637 5668 5667
f 5637 5638 5669 5668
f 5638 5639 5670 5669
f 5639 5640 5671 5670
f 5640 5641 5672 5671
f 5641 5642 5673 5672
f 5642 5643 5674 5673
f 5643 5644 5675 5674
f 5644 5645 5676 5675
f 5645 5646 5677 5676
f 5646 5647 5678 5677
f 5647 5648 5679 5678
f 5648 5649 5680 5679
f 5649 5650 5681 5680
f 5651 5652 5683 5682
f 5652 5653 5684 5683
f 5653 5654 5685 5684
f 5654 5655 5686 5685
f 5655 5656 5687 5686
f 5656 5657 5688 5687
f 5657 5658 5689 5688
f 5658 5659 5690 5689
f 5659 5660 5691 5690
f 5660 5661 5692 5691
f 5661 5662 5693 5692
f 5662 5663 5694 5693
f 5663 5664 5695 5694
f 5664 5665 5696 5695
f 5665 5666 5697 5696
f 5666 5667 5698 5697
f 5667 5668 5699 5698
f 5668 5669 5700 5699
f 5669 5670 5701 5700
f 5670 5671 5702 5701
f 5671 5672 5703 5702
f 5672 5673 5704 5703
f 5673 5674 5705 5704
f 5674 5675 5706 5705
f 5675 5676 5707 5706
f 5676 5677 5708 5707
f 5677 5678 5709 5708
f 5678 5679 5710 5709
f 5679 5680 5711 5710
f 5680 5681 5712 5711
f 5682 5683 5714 5713
f 5683 5684 5715 5714
f 5684 5685 5716 5715
f 5685 5686 5717 5716
f 5686 5687 5718 5717
f 5687 5688 5719 5718
f 5688 5689 5720 5719
f 5689 5690 5721 5720
f 5690 5691 5722 5721
f 5691 5692 5723 5722
f 5692 5693 5724 5723
f 5693 5694 5725 5724
f 5694 5695 5726 5725
f 5695 5696 5727 5726
f 5696 5697 5728 5727
f 5697 5698 5729 5728
f 5698 5699 5730 5729
f 5699 5700 5731 5730
f 5700 5701 5732 5731
f 5701 5702 5733 5732
f 5702 5703 5734 5733
f 5703 5704 5735 5734
f 5704 5705 5736 5735
f 5705 5706 5737 5736
f 5706 5707 5738 5737
f 5707 5708 5739 5738
f 5708 5709 5740 5739
f 5709 5710 5741 5740
f 5710 5711 5742 5741
f 5711 5712 5743 5742
f 5713 5714 5745 5744
f 5714 5715 5746 5745
f 5715 5716 5747 5746
f 5716 5717 5748 5747
f 5717 5718 5749 5748
f 5718 5719 5750 5749
f 5719 5720 5751 5750
f 5720 5721 5752 5751
f 5721 5722 5753 5752
f 5722 5723 5754 5753
f 5723 5724 5755 5754
f 5724 5725 5756 5755
f 5725 5726 5757 5756
f 5726 5727 5758 5757
f 5727 5728 5759 5758
f 5728 5729 5760 5759
f 5729 5730 5761 5760
f 5730 5731 5762 5761
f 5731 5732 5763 5762
f 5732 5733 5764 5763
f 5733 5734 5765 5764
f 5734 5735 5766 5765
f 5735 5736 5767 5766
f 5736 5737 5768 5767
f 5737 5738 5769 5768
f 5738 5739 5770 5769
f 5739 5740 5771 5770
f 5740 5741 5772 5771
f 5741 5742 5773 5772
f 5742 5743 5774 5773
f 5744 5745 5776 5775
f 5745 5746 5777 5776
f 5746 5747 5778 5777
f 5747 5748 5779 5778
f 5748 5749 5780 5779
f 5749 5750 5781 5780
f 5750 5751 5782 5781
f 5751 5752 5783 5782
f 5752 5753 5784 5783
f 5753 5754 5785 5784
f 5754 5755 5786 5785
f 5755 5756 5787 5786
f 5756 5757 5788 5787
f 5757 5758 5789 5788
f 5758 5759 5790 5789
f 5759 5760 5791 5790
f 5760 5761 5792 5791
f 5761 5762 5793 5792
f 5762 5763 5794 5793
f 5763 5764 5795 5794
f 5764 5765 5796 5795
f 5765 5766 5797 5796
f 5766 5767 5798 5797
f 5767 5768 5799 5798
f 5768 5769 5800 5799
f 5769 5770 5801 5800
f 5770 5771 5802 5801
f 5771 5772 5803 5802
f 5772 5773 5804 5803
f 5773 5774 5805 5804
f 5775 5776 5807 5806
f 5776 5777 5808 5807
f 5777 5778 5809 5808
f 5778 5779 5810 5809
f 5779 5780 5811 5810
f 5780 5781 5812 5811
f 5781 5782 5813 5812
f 5782 5783 5814 5813
f 5783 5784 5815 5814
f 5784 5785 5816 5815
f 5785 5786 5817 5816
f 5786 5787 5818 5817
f 5787 5788 5819 5818
f 5788 5789 5820 5819
f 5789 5790 5821 5820
f 5790 5791 5822 5821
f 5791 5792 5823 5822
f 5792 5793 5824 5823
f 5793 5794 5825 5824
f 5794 5795 5826 5825
f 5795 5796 5827 5826
f 5796 5797 5828 5827
f 5797 5798 5829 5828
f 5798 5799 5830 5829
f 5799 5800 5831 5830
f 5800 5801 5832 5831
f 5801 5802 5833 5832
f 5802 5803 5834 5833
f 5803 5804 5835 5834
f 5804 5805 5836 5835
f 5806 5807 5838 5837
f 5807 5808 5839 5838
f 5808 5809 5840 5839
f 5809 5810 5841 5840
f 5810 5811 5842 5841
f 5811 5812 5843 5842
f 5812 5813 5844 5843
f 5813 5814 5845 5844
f 5814 5815 5846 5845
f 5815 5816 5847 5846
f 5816 5817 5848 5847
f 5817 5818 5849 5848
f 5818 5819 5850 5849
f 5819 5820 5851 5850
f 5820 5821 5852 5851
f 5821 5822 5853 5852
f 5822 5823 5854 5853
f 5823 5824 5855 5854
f 5824 5825 5856 5855
f 5825 5826 5857 5856
f 5826 5827 5858 5857
f 5827 5828 5859 5858
f 5828 5829 5860 5859
f 5829 5830 5861 5860
f 5830 5831 5862 5861
f 5831 5832 5863 5862
f 5832 5833 5864 5863
f 5833 5834 5865 5864
f 5834 5835 5866 5865
f 5835 5836 5867 5866
f 5837 5838 5869 5868
f 5838 5839 5870 5869
f 5839 5840 5871 5870
f 5840 5841 5872 5871
f 5841 5842 5873 5872
f 5842 5843 5874 5873
f 5843 5844 5875 5874
f 5844 5845 5876 5875
f 5845 5846 5877 5876
f 5846 5847 5878 5877
f 5847 5848 5879 5878
f 5848 5849 5880 5879
f 5849 5850 5881 5880
f 5850 5851 5882 5881
f 5851 5852 5883 5882
f 5852 5853 5884 5883
f 5853 5854 5885 5884
f 5854 5855 5886 5885
f 5855 5856 5887 5886
f 5856 5857 5888 5887
f 5857 5858 5889 5888
f 5858 5859 5890 5889
f 5859 5860 5891 5890
f 5860 5861 5892 5891
f 5861 5862 5893 5892
f 5862 5863 5894 5893
f 5863 5864 5895 5894
f 5864 5865 5896 5895
f 5865 5866 5897 5896
f 5866 5867 5898 5897
f 5868 5869 5900 5899
f 5869 5870 5901 5900
f 5870 5871 5902 5901
f 5871 5872 5903 5902
f 5872 5873 5904 5903
f 5873 5874 5905 5904
f 5874 5875 5906 5905
f 5875 5876 5907 5906
f 5876 5877 5908 5907
f 5877 5878 5909 5908
f 5878 5879 5910 5909
f 5879 5880 5911 5910
f 5880 5881 5912 5911
f 5881 5882 5913 5912
f 5882 5883 5914 5913
f 5883 5884 5915 5914
f 5884 5885 5916 5915
f 5885 5886 5917 5916
f 5886 5887 5918 5917
f 5887 5888 5919 5918
f 5888 5889 5920 5919
f 5889 5890 5921 5920
f 5890 5891 5922 5921
f 5891 5892 5923 5922
f 5892 5893 5924 5923
f 5893 5894 5925 5924
f 5894 5895 5926 5925
f 5895 5896 5927 5926
f 5896 5897 5928 5927
f 5897 5898 5929 5928
f 5899 5900 5931 5930
f 5900 5901 5932 5931
f 5901 5902 5933 5932
f 5902 5903 5934 5933
f 5903 5904 5935 5934
f 5904 5905 5936 5935
f 5905 5906 5937 5936
f 5906 5907 5938 5937
f 5907 5908 5939 5938
f 5908 5909 5940 5939
f 5909 5910 5941 5940
f 5910 5911 5942 5941
f 5911 5912 5943 5942
f 5912 5913 5944 5943
f 5913 5914 5945 5944
f 5914 5915 5946 5945
f 5915 5916 5947 5946
f 5916 5917 5948 5947
f 5917 5918 5949 5948
f 5918 5919 5950 5949
f 5919 5920 5951 5950
f 5920 5921 5952 5951
f 5921 5922 5953 5952
f 5922 5923 5954 5953
f 5923 5924 5955 5954
f 5924 5925 5956 5955
f 5925 5926 5957 5956
f 5926 5927 5958 5957
f 5927 5928 5959 5958
f 5928 5929 5960 5959
f 5930 5931 5962 5961
f 5931 5932 5963 5962
f 5932 5933 5964 5963
f 5933 5934 5965 5964
f 5934 5935 5966 5965
f 5935 5936 5967 5966
f 5936 5937 5968 5967
f 5937 5938 5969 5968
f 5938 5939 5970 5969
f 5939 5940 5971 5970
f 5940 5941 5972 5971
f 5941 5942 5973 5972
f 5942 5943 5974 5973
f 5943 5944 5975 5974
f 5944 5945 5976 5975
f 5945 5946 5977 5976
f 5946 5947 5978 5977
f 5947 5948 5979 5978
f 5948 5949 5980 5979
f 5949 5950 5981 5980
f 5950 5951 5982 5981
f 5951 5952 5983 5982
f 5952 5953 5984 5983
f 5953 5954 5985 5984
f 5954 5955 5986 5985
f 5955 5956 5987 5986
f 5956 5957 5988 5987
f 5957 5958 5989 5988
f 5958 5959 5990 5989
f 5959 5960 5991 5990
f 5961 5962 5993 5992
f 5962 5963 5994 5993
f 5963 5964 5995 5994
f 5964 5965 5996 5995
f 5965 5966 5997 5996
f 5966 5967 5998 5997
f 5967 5968 5999 5998
f 5968 5969 6000 5999
f 5969 5970 6001 6000
f 5970 5971 6002 6001
f 5971 5972 6003 6002
f 5972 5973 6004 6003
f 5973 5974 6005 6004
f 5974 5975 6006 6005
f 5975 5976 6007 6006
f 5976 5977 6008 6007
f 5977 5978 6009 6008
f 5978 5979 6010 6009
f 5979 5980 6011 6010
f 5980 5981 6012 6011
f 5981 5982 6013 6012
f 5982 5983 6014 6013
f 5983 5984 6015 6014
f 5984 5985 6016 6015
f 5985 5986 6017 6016
f 5986 5987 6018 6017
f 5987 5988 6019 6018
f 5988 5989 6020 6019
f 5989 5990 6021 6020
f 5990 5991 6022 6021
f 5992 5993 6024 6023
f 5993 5994 6025 6024
f 5994 5995 6026 6025
f 5995 5996 6027 6026
f 5996 5997 6028 6027
f 5997 5998 6029 6028
f 5998 5999 6030 6029
f 5999 6000 6031 6030
f 6000 6001 6032 6031
f 6001 6002 6033 6032
f 6002 6003 6034 6033
f 6003 6004 6035 6034
f 6004 6005 6036 6035
f 6005 6006 6037 6036
f 6006 6007 6038 6037
f 6007 6008 6039 6038
f 6008 6009 6040 6039
f 6009 6010 6041 6040
f 6010 6011 6042 6041
f 6011 6012 6043 6042
f 6012 6013 6044 6043
f 6013 6014 6045 6044
f 6014 6015 6046 6045
f 6015 6016 6047 6046
f 6016 6017 6048 6047
f 6017 6018 6049 6048
f 6018 6019 6050 6049
f 6019 6020 6051 6050
f 6020 6021 6052 6051
f 6021 6022 6053 6052
f 6023 6024 6055 6054
f 6024 6025 6056 6055
f 6025 6026 6057 6056
f 6026 6027 6058 6057
f 6027 6028 6059 6058
f 6028 6029 6060 6059
f 6029 6030 6061 6060
f 6030 6031 6062 6061
f 6031 6032 6063 6062
f 6032 6033 6064 6063
f 6033 6034 6065 6064
f 6034 6035 6066 6065
f 6035 6036 6067 6066
f 6036 6037 6068 6067
f 6037 6038 6069 6068
f 6038 6039 6070 6069
f 6039 6040 6071 6070
f 6040 6041 6072 6071
f 6041 6042 6073 6072
f 6042 6043 6074 6073
f 6043 6044 6075 6074
f 6044 6045 6076 6075
f 6045 6046 6077 6076
f 6046 6047 6078 6077
f 6047 6048 6079 6078
f 6048 6049 6080 6079
f 6049 6050 6081 6080
f 6050 6051 6082 6081
f 6051 6052 6083 6082
f 6052 6053 6084 6083
f 6054 6055 6086 6085
f 6055 6056 6087 6086
f 6056 6057 6088 6087
f 6057 6058 6089 6088
f 6058 6059 6090 6089
f 6059 6060 6091 6090
f 6060 6061 6092 6091
f 6061 6062 6093 6092
f 6062 6063 6094 6093
f 6063 6064 6095 6094
f 6064 6065 6096 6095
f 6065 6066 6097 6096
f 6066 6067 6098 6097
f 6067 6068 6099 6098
f 6068 6069 6100 6099
f 6069 6070 6101 6100
f 6070 6071 6102 6101
f 6071 6072 6103 6102
f 6072 6073 6104 6103
f 6073 6074 6105 6104
f 6074 6075 6106 6105
f 6075 6076 6107 6106
f 6076 6077 6108 6107
f 6077 6078 6109 6108
f 6078 6079 6110 6109
f 6079 6080 6111 6110
f 6080 6081 6112 6111
f 6081 6082 6113 6112
f 6082 6083 6114 6113
f 6083 6084 6115 6114
f 6085 6086 6117 6116
f 6086 6087 6118 6117
f 6087 6088 6119 6118
f 6088 6089 6120 6119
f 6089 6090 6121 6120
f 6090 6091 6122 6121
f 6091 6092 6123 6122
f 6092 6093 6124 6123
f 6093 6094 6125 6124
f 6094 6095 6126 6125
f 6095 6096 6127 6126
f 6096 6097 6128 6127
f 6097 6098 6129 6128
f 6098 6099 6130 6129
f 6099 6100 6131 6130
f 6100 6101 6132 6131
f 6101 6102 6133 6132
f 6102 6103 6134 6133
f 6103 6104 6135 6134
f 6104 6105 6136 6135
f 6105 6106 6137 6136
f 6106 6107 6138 6137
f 6107 6108 6139 6138
f 6108 6109 6140 6139
f 6109 6110 6141 6140
f 6110 6111 6142 6141
f 6111 6112 6143 6142
f 6112 6113 6144 6143
f 6113 6114 6145 6144
f 6114 6115 6146 6145
f 8 194 5186 257
f 194 193 5187 5186
f 193 192 5188 5187
f 192 191 5189 5188
f 191 190 5190 5189
f 190 189 5191 5190
f 189 188 5192 5191
f 188 187 5193 5192
f 187 186 5194 5193
f 186 185 5195 5194
f 185 184 5196 5195
f 184 183 5197 5196
f 183 182 5198 5197
f 182 181 5199 5198
f 181 180 5200 5199
f 180 179 5201 5200
f 179 178 5202 5201
f 178 177 5203 5202
f 177 176 5204 5203
f 176 175 5205 5204
f 175 174 5206 5205
f 174 173 5207 5206
f 173 172 5208 5207
f 172 171 5209 5208
f 171 170 5210 5209
f 170 169 5211 5210
f 169 168 5212 5211
f 168 167 5213 5212
f 167 166 5214 5213
f 166 165 5215 5214
f 165 164 5216 5215
f 164 4 101 5216
f 5216 101 100 5247
f 5247 100 99 5278
f 5278 99 98 5309
f 5309 98 97 5340
f 5340 97 96 5371
f 5371 96 95 5402
f 5402 95 94 5433
f 5433 94 93 5464
f 5464 93 92 5495
f 5495 92 91 5526
f 5526 91 90 5557
f 5557 90 89 5588
f 5588 89 88 5619
f 5619 88 87 5650
f 5650 87 86 5681
f 5681 86 85 5712
f 5712 85 84 5743
f 5743 84 83 5774
f 5774 83 82 5805
f 5805 82 81 5836
f 5836 81 80 5867
f 5867 80 79 5898
f 5898 79 78 5929
f 5929 78 77 5960
f 5960 77 76 5991
f 5991 76 75 6022
f 6022 75 74 6053
f 6053 74 73 6084
f 6084 73 72 6115
f 6115 72 71 6146
f 6146 71 2 380
f 6145 6146 380 379
f 6144 6145 379 378
f 6143 6144 378 377
f 6142 6143 377 376
f 6141 6142 376 375
f 6140 6141 375 374
f 6139 6140 374 373
f 6138 6139 373 372
f 6137 6138 372 371
f 6136 6137 371 370
f 6135 6136 370 369
f 6134 6135 369 368
f 6133 6134 368 367
f 6132 6133 367 366
f 6131 6132 366 365
f 6130 6131 365 364
f 6129 6130 364 363
f 6128 6129 363 362
f 6127 6128 362 361
f 6126 6127 361 360
f 6125 6126 360 359
f 6124 6125 359 358
f 6123 6124 358 357
f 6122 6123 357 356
f 6121 6122 356 355
f 6120 6121 355 354
f 6119 6120 354 353
f 6118 6119 353 352
f 6117 6118 352 351
f 6116 6117 351 350
f 287 6116 350 6
f 286 6085 6116 287
f 285 6054 6085 286
f 284 6023 6054 285
f 283 5992 6023 284
f 282 5961 5992 283
f 281 5930 5961 282
f 280 5899 5930 281
f 279 5868 5899 280
f 278 5837 5868 279
f 277 5806 5837 278
f 276 5775 5806 277
f 275 5744 5775 276
f 274 5713 5744 275
f 273 5682 5713 274
f 272 5651 5682 273
f 271 5620 5651 272
f 270 5589 5620 271
f 269 5558 5589 270
f 268 5527 5558 269
f 267 5496 5527 268
f 266 5465 5496 267
f 265 5434 5465 266
f 264 5403 5434 265
f 263 5372 5403 264
f 262 5341 5372 263
f 261 5310 5341 262
f 260 5279 5310 261
f 259 5248 5279 260
f 258 5217 5248 259
f 257 5186 5217 258
